time,x,y,yaw,speed,acceleration,steer,beta,yaw_rate,target_index,lateral_error,heading_error,curvature,normal_accel,target_speed
0.0,621.7453313895926,-342.3074341888842,2.905776985419091,0.0,2.0,0.3534834558541444,0.18243915380119285,0.0,0,0.0,0.0,0.1570062903200875,0.0,5.0
0.1,621.7453313895926,-342.3074341888842,2.905776985419091,0.2,2.0,0.3460582318071131,0.17836796220830817,0.02838778649984837,0,0.0,0.0,0.1570062903200875,0.006280251612803501,5.0
0.2,621.7253643829065,-342.3062858666312,2.908615764069076,0.4,2.0,0.3353303304676832,0.17251374513295759,0.054930982670276025,0,0.003548473312468264,0.002838778649985052,0.1570062903200875,0.025121006451214005,5.0
0.30000000000000004,621.6854374764711,-342.3038688141908,2.914108862336104,0.6000000000000001,2.0,0.32174444857755613,0.1651453769767794,0.07890995125085916,0,0.010526683964200255,0.00833187691701287,0.1570062903200875,0.05652226451523152,5.0
0.4,621.6255540210587,-342.3001309313829,2.92199985746119,0.8,2.0,0.3057877945951833,0.15655301653262274,0.0997851588764689,0,0.020883190833029593,0.016222872042098935,0.1570062903200875,0.10048402580485602,5.0
0.5,621.5457129289756,-342.29509108863095,2.931978373348837,1.0,2.0,0.2879770655521631,0.14703664030854177,0.11720591700842843,0,0.03463659621104538,0.026201387929746023,0.1570062903200875,0.1570062903200875,5.0
0.6,621.4459086631401,-342.28883740803144,2.94369896504968,1.2,2.0,0.26884370231816457,0.136895222666179,0.13100932495741882,0,0.05187387699842651,0.037921979630588964,0.1570062903200875,0.226089058060926,5.0
0.7,621.3261318426968,-342.28152213055967,2.956799897545422,1.4,2.0,0.26489462525413143,0.134812025969457,0.1505325303031484,1,0.132046028534677,-0.10598337819375647,0.14110406301239475,0.2765639635042937,5.0
0.7999999999999999,621.1863066714342,-342.274527741281,2.971853150575737,1.5999999999999999,2.0,0.24281602205882571,0.12322421710103303,0.15732814091068476,1,0.13608148019782978,-0.09093012516344157,0.14110406301239475,0.3612264013117305,5.0
0.8999999999999999,621.0264797339725,-342.26708797907963,2.9875859646668057,1.7999999999999998,2.0,0.22080624458620776,0.11176535861453162,0.16060725766692868,1,0.14124763682724387,-0.07519731107237293,0.14110406301239475,0.4571771641601589,5.0
0.9999999999999999,620.8466402997939,-342.25948680059656,3.0036466904334986,1.9999999999999998,2.0,0.19931937288722107,0.1006594144641527,0.16078322405216214,1,0.14782841849487968,-0.05913658530568,0.14110406301239475,0.5644162520495789,5.0
1.0999999999999999,620.6467793123585,-342.2520312187045,3.0197250128387148,2.1999999999999997,2.0,0.1873306366285004,0.0944943178902255,0.16606260808355766,1,0.15613059815255328,-0.043058262900463884,0.14110406301239475,0.6829436649799905,5.0
1.2,620.4268617300805,-342.24600983970953,3.0363312736470705,2.4,2.0,0.1662430570109686,0.08369981890605296,0.1605160788324503,2,0.0998960658375937,-0.1516538377968093,0.06260091785235233,0.36058128682954943,5.0
1.3,620.186917516029,-342.240835466011,3.0523828815303156,2.6,2.0,0.1466443225256228,0.07371847900199258,0.15319559358431462,2,0.08359965018933956,-0.1356022299135642,0.06260091785235233,0.4231822046819018,5.0
1.4000000000000001,619.926948712826,-342.23680789091026,3.067702440888747,2.8000000000000003,2.0,0.13294447849622845,0.06676725272172353,0.14944755212684951,2,0.06752014254963301,-0.12028267055513275,0.06260091785235233,0.4907911959624424,5.0
1.5000000000000002,619.6469558159141,-342.2348134789811,3.082647196101432,3.0000000000000004,2.0,0.11548231725719933,0.05793431345316455,0.1389645854027822,2,0.0525429767962986,-0.10533791534244763,0.06260091785235233,0.5634082606711712,5.0
1.6000000000000003,619.3469559692759,-342.23451013582223,3.09654365464171,3.2000000000000006,1.9799999999999995,0.09989243989939835,0.05007112842486462,0.1281285342132348,3,0.038327221666319786,-0.09144145680217264,1.3322676295501878e-15,1.364242052659393e-14,5.0
1.7000000000000004,619.0269600047529,-342.23611721049923,3.109356508063034,3.3980000000000006,1.7621999999999995,0.0876156164572563,0.043892042420429066,0.11927782115922539,3,0.025092492554987935,-0.07862860338084943,1.3322676295501878e-15,1.5382900286908814e-14,5.0
1.8000000000000005,618.6871830870941,-342.2400777945815,3.1212842901789566,3.5742200000000004,1.5683579999999997,0.07494634802742726,0.03752586926648248,0.10727538845241122,3,0.013291382734353303,-0.06670082126492627,1.3322676295501878e-15,1.70197837269015e-14,5.0
1.9000000000000006,618.3298140633225,-342.24623140591694,3.1320118290241976,3.7310558000000005,1.3958386199999997,0.06411234326612579,0.03208914637088308,0.09576467954509593,4,0.002865092292606784,-0.05597328241968569,0.0,0.0,5.0
2.0000000000000004,617.9568029915557,-342.25462867729306,3.141588296978707,3.8706396620000003,1.2422963717999997,0.054589281742327384,0.027314990465581012,0.08457067096947277,4,-0.006045364919668093,-0.04639681446517585,0.0,0.0,5.0
2.1000000000000005,617.5698833662236,-342.265198325506,-3.1331399431039317,3.9948692991800003,1.1056437709019997,0.04640533475896029,0.023215165582659552,0.07418657765614338,4,-0.013430803187545394,-0.03793974736822836,0.0,0.0,5.0
2.2000000000000006,617.1705967331734,-342.2778471136975,-3.1257212853383174,4.1054336762702,0.9840229561027797,0.038554425289512514,0.01928437893042996,0.06333266534389136,5,-0.01931286860234466,-0.030521089602614015,-1.3322676295501878e-15,-2.245481889795913e-14,5.0
2.3000000000000007,616.7603070401439,-342.29227709970786,-3.1193880188039285,4.203835971880478,0.8757804309314742,0.0326191378023259,0.016313908433968013,0.05486236247326042,5,-0.023925928564319916,-0.02418782306822509,-1.3322676295501878e-15,-2.354414913493701e-14,5.0
2.400000000000001,616.3402352613832,-342.3084656596699,-3.1139017825566024,4.2914140149736255,0.779444583529012,0.02639698749076407,0.013200793326691457,0.0453187393516007,6,-0.027235958919113915,-0.0187015868208964,-1.3322676295501878e-15,-2.4535352746706775e-14,5.0
2.500000000000001,615.911452599616,-342.32600907572873,-3.1093699086214426,4.3693584733265265,0.693705679340821,0.02225288168951138,0.011127818442922096,0.03889633948609974,6,-0.029596565243692714,-0.01416971288573654,-1.3322676295501878e-15,-2.543471229423264e-14,5.0
2.600000000000001,615.4749272485006,-342.34494455876614,-3.1054802746728325,4.438729041260609,0.6173980546133305,0.017457688509521077,0.008729509379841092,0.030997947740378624,6,-0.030925675919826496,-0.010280078937126458,-1.3322676295501878e-15,-2.6248757170140174e-14,5.0
2.700000000000001,615.0315005382962,-342.3648419881112,-3.1023804798987946,4.500468846721942,0.5494842686058639,0.014676420392027548,0.007338605374987833,0.02642149473782449,7,-0.03161393145648487,-0.007180284163088579,1.3322676295501878e-15,2.6984041455044483e-14,5.0
2.800000000000001,614.5819411857564,-342.38578445566225,-3.099738330425012,4.5554172735825285,0.4890409990592187,0.012387717202761295,0.00619409623097216,0.022573210027451437,7,-0.03154267948858857,-0.004538134689306084,1.3322676295501878e-15,2.7646986748558356e-14,5.0
2.9000000000000012,614.1269252005827,-342.40766409462225,-3.097481009422267,4.6043213734884505,0.4352464891627045,0.008951743164433514,0.0044759612510571305,0.016486956193413775,8,-0.03078832025223572,-0.002280813686563743,1.3322676295501878e-15,2.8243774399733343e-14,5.0
3.0000000000000013,613.6670364401502,-342.43002658848013,-3.0958323138029256,4.647846022404721,0.3873693753548068,0.00754163771802161,0.0037708724773288737,0.014021114486919234,8,-0.029777604579044985,-0.0006321180672221871,1.3322676295501878e-15,2.8780275027151594e-14,5.0
3.1000000000000014,613.2028218589152,-342.453038521224,-3.094430202354234,4.686582959940202,0.3447587440657783,0.005007989955589027,0.002504010677918549,0.00938819320893532,9,-0.028318762254360183,0.000769993381469547,0.0,0.0,5.0
3.2000000000000015,612.7347414772776,-342.4763055521919,-3.0934913830333404,4.721058834346779,0.30683528221854267,0.00421297440903654,0.002106496551650863,0.007955909439921234,9,-0.026784375832009717,0.001708812702363005,0.0,0.0,5.0
3.3000000000000016,612.2632305158006,-342.49999897703333,-3.0926957920893483,4.751742362568634,0.2730834011745027,0.002382162035972609,0.0011910827077443635,0.004527773457193857,10,-0.024983150256038075,0.002504403646355069,0.0,0.0,5.0
3.4000000000000017,611.7886522140119,-342.5237895271252,-3.092243014743629,4.779050702686084,0.24304422704530737,0.0020017134666177037,0.0010008577358822585,0.0038265192539177284,10,-0.02322715434697544,0.0029571809920745373,0.0,0.0,5.0
3.5000000000000018,611.3113528016704,-342.54784211881406,-3.0918603628182373,4.803355125390615,0.21630936207032347,0.000705718523606353,0.0003528593057375682,0.0013559268156673862,11,-0.021335592509483983,0.00333983291746609,-1.3322676295501878e-15,-3.0738372461524606e-14,5.0
3.600000000000002,610.8316196293625,-342.5718897381058,-3.0917247701366706,4.824986061597647,0.19251533224258835,0.0005924801045450345,0.00029624007827000395,0.0011434833821064878,11,-0.019561865328868812,0.0034754255990328,-1.3322676295501878e-15,-3.101584388602184e-14,5.0
3.700000000000002,610.3497279851297,-342.59608370769985,-3.09161042179846,4.844237594821906,0.17133864569590332,-0.0003046072956160433,-0.00015230365134091822,-0.0005902360566415669,12,-0.01774204621130648,0.0035897739372461324,-1.3322676295501878e-15,-3.1263842015353385e-14,5.0
3.800000000000002,609.8659055185761,-342.6202125205363,-3.0916694454041243,4.8613714593914965,0.15249139466935385,-0.0002555505959366695,-0.0001277753000544616,-0.0004969305561677638,12,-0.01607685721165746,0.003530750331581789,-1.3322676295501878e-15,-3.1485390916045576e-14,5.0
3.900000000000002,609.3803709573289,-342.64440992734484,-3.091719138459741,4.876620598858432,0.13571734125572466,-0.0008605586354003732,-0.00043027939736223957,-0.0016786474461553053,13,-0.014422547835011477,0.0034810572759651492,1.3322676295501878e-15,3.1683227328663185e-14,5.0
4.000000000000002,608.893304853539,-342.66851169473,-3.0918870032043566,4.890192332984005,0.12078843371759486,-0.0007215659785991003,-0.0003607830362606451,-0.0014114387196141516,13,-0.012934801518258085,0.0033131925313494293,1.3322676295501878e-15,3.1859822851355195e-14,5.0
4.100000000000001,608.4048808598076,-342.6926324924611,-3.0920281470763182,4.9022711763557645,0.10750170600865908,-0.0011166083836461364,-0.0005583043658485325,-0.0021895674065168713,14,-0.011491018588109622,0.0031720486593851405,1.3322676295501878e-15,3.2017405642108795e-14,5.0
4.200000000000001,607.9152422910159,-342.71664704673526,-3.09224710381697,4.91302134695663,0.09567651834770681,-0.0009358498629308158,-0.0004679250339193447,-0.0018391404772224377,14,-0.010209691715786519,0.002953091918733275,1.3322676295501878e-15,3.2157981285398765e-14,5.0
4.300000000000001,607.4245269053466,-342.7406511677141,-3.0924310178646923,4.922588998791401,0.08515210132945904,-0.0011828625677466305,-0.0005914314907507064,-0.002329099184143505,15,-0.008988725177012668,0.0027691778710110526,0.0,0.0,5.0
4.4,606.9328485266368,-342.764550883601,-3.0926639277831067,4.931104208924347,0.0757853701832187,-0.00099103553427931,-0.0004955178888080558,-0.0019547601976843214,15,-0.007916710987025712,0.002536267952596649,0.0,0.0,5.0
4.5,606.440316355898,-342.7884244669092,-3.092859403802875,4.9386827459426685,0.0674489794630646,-0.0011359384744616416,-0.000567969420451539,-0.0022440165009563824,16,-0.006910396562634716,0.0023407919328284343,-1.3322676295501878e-15,-3.2494789878974226e-14,5.0
4.6,605.9470208316451,-342.8122025745477,-3.0930838054529706,4.945427643888975,0.06002959172212794,-0.000951460733247892,-0.00047573047429097276,-0.001882152439884562,16,-0.0060348562259174765,0.002116390282732805,-1.3322676295501878e-15,-3.2583608585856076e-14,5.0
4.699999999999999,605.4530484572621,-342.8359478720996,-3.093272020696959,4.951430603061187,0.05342633663269432,-0.0010277342363646297,-0.0005138672538738013,-0.002035502347811092,17,-0.005223480152824495,0.001928175038746982,-1.3322676295501878e-15,-3.26627591865825e-14,5.0
4.799999999999999,604.9584711106737,-342.85961004467356,-3.0934755709317403,4.956773236724456,0.04754943960309826,-0.0008606426399739094,-0.00043032139967233885,-0.0017064044250041895,17,-0.004523195701444581,0.0017246248039657353,-1.3322676295501878e-15,-3.2733283977092645e-14,5.0
4.899999999999999,604.4633572720655,-342.8832383332638,-3.093646211374241,4.961528180684766,0.042319001246757186,-0.0008922786311882048,-0.00044613940439381836,-0.001770826523186749,18,-0.0038816390330977772,0.0015539843614651438,1.3322676295501878e-15,3.279611500736624e-14,5.0
4.999999999999998,603.9677640782971,-342.90679688092166,-3.0938232940265595,4.965760080809442,0.03766391110961358,-0.0007470817680254036,-0.00037354093613391155,-0.0014839317008520415,18,-0.003331978748081826,0.0013769017091465052,1.3322676295501878e-15,3.285208529234831e-14,5.0
5.099999999999998,603.4717457109562,-342.93032369672903,-3.0939716871966447,4.969526471920403,0.033520880887556365,-0.0007509514440698429,-0.0003754757749702539,-0.0014927494075484562,19,-0.002833733944370795,0.001228508539058648,1.3322676295501878e-15,3.290193898013569e-14,5.0
5.1999999999999975,602.9753475936461,-342.9537937346977,-3.0941209621373997,4.972878560009159,0.029833583989925395,-0.0006286669590457679,-0.00031433351058077506,-0.0012505138797746851,19,-0.0024098171055278845,0.0010792335983036416,1.3322676295501878e-15,3.294634055252934e-14,5.0
5.299999999999997,602.4786125736301,-342.9772358253842,-3.0942460135253773,4.975861918408151,0.026551889751033467,-0.0006163800454133963,-0.0003081900519789252,-0.0012268088951987186,20,-0.0020294416179614527,0.00095418221032606,0.0,0.0,5.0
5.399999999999997,601.981576763826,-343.0006328782535,-3.0943686944148974,4.978517107383254,0.023631181878420195,-0.0005159537325458611,-0.00025797688344182445,-0.0010274738506228787,20,-0.0017080048622596143,0.0008315013208060051,0.0,0.0,5.0
5.4999999999999964,601.4842740336858,-343.02400637778084,-3.0944714417999597,4.980880225571096,0.021031751871794402,-0.0004952929572003091,-0.0002476464937880115,-0.0009867980089860566,21,-0.001422474755597522,0.0007287539357436756,-1.3322676295501878e-15,-3.3052451204642846e-14,5.0
5.599999999999996,600.9867330932984,-343.047344990706,-3.0945701216008583,4.982983400758275,0.018718259165897068,-0.0004145600621428821,-0.0002072800399772303,-0.000826298392895053,21,-0.0011828409104433087,0.00063007413484506,-1.3322676295501878e-15,-3.308036987301645e-14,5.0
5.699999999999996,600.4889807057166,-343.0706644327854,-3.094652751440148,4.984855226674865,0.016659250657648353,-0.00039057075564415204,-0.00019528538526955344,-0.0007787754938133719,22,-0.0009721633210651552,0.0005474442955581971,-1.3322676295501878e-15,-3.310522740061968e-14,5.0
5.799999999999995,599.991039694077,-343.0939574625673,-3.094730628989529,4.98652115174063,0.014826733085307443,-0.0003268856332728081,-0.00016344282100254272,-0.000652008864320557,22,-0.0007966172062534842,0.0004695667461769304,-1.3322676295501878e-15,-3.312735845207641e-14,5.0
5.899999999999995,599.4929311997802,-343.11723534642397,-3.0947958298759612,4.9880038250491605,0.013195792445923438,-0.00030269129393621874,-0.00015134565043475792,-0.0006039301443129461,22,-0.0006439678658494256,0.000404365859744793,-1.3322676295501878e-15,-3.3147061307354864e-14,5.0
5.999999999999995,598.9946733639835,-343.14049369232873,-3.0948562228903924,4.989323404293753,0.011744255276871842,-0.00025332201012102744,-0.00012666100709253755,-0.0005055621803267818,23,-0.00051776128999929,0.0003439728453136226,1.3322676295501878e-15,3.3164601775004335e-14,5.0
6.099999999999994,598.4962828833737,-343.1637403945447,-3.0949067791084253,4.99049782982144,0.010452387196415548,-0.00023072589894198534,-0.0001153629510063132,-0.00046057484428944066,23,-0.00040933738682998044,0.00029341662728077367,1.3322676295501878e-15,3.318021669345473e-14,5.0
6.199999999999994,597.9977741753049,-343.1869729982315,-3.0949528365928543,4.991543068541082,0.009302624604809573,-0.00019308611258469794,-9.654305719218449e-05,-0.0003855190617558553,24,-0.0003204797387903979,0.00024735914284912397,1.3322676295501878e-15,3.319411706184175e-14,5.0
6.299999999999994,597.4991604239423,-343.21019688686056,-3.0949913884990297,4.992473331001563,0.008279335898280227,-0.00017300830976238804,-8.650415552850191e-05,-0.00034549575116659683,24,-0.0002451992403824377,0.0002088072366737137,1.3322676295501878e-15,3.3206490838060505e-14,5.0
6.399999999999993,597.0004530849722,-343.2334108840374,-3.0950259380741465,4.993301264591391,0.007368608949469647,-0.0001447795297383578,-7.23897652485214e-05,-0.0002891711248345765,25,-0.00018413975344493876,0.00017425766155687583,0.0,0.0,5.0
6.499999999999993,596.5016625678368,-343.25661853806747,-3.09505485518663,4.994038125486338,0.006558061965027751,-0.00012756924577269892,-6.37846231458558e-05,-0.0002548342716753478,25,-0.00013327404397261988,0.00014534054907322513,0.0,0.0,5.0
6.5999999999999925,596.0027979728823,-343.2798194839302,-3.0950803386137977,4.994693931682841,0.005836675148874982,-0.00010675167755556613,-5.337583892984978e-05,-0.0002132767829398509,26,-9.25447036991305e-05,0.00011985712190565323,0.0,0.0,5.0
6.699999999999992,595.5038675183818,-343.3030159552948,-3.095101666292092,4.9952775991977285,0.005194640882498636,-9.240629081142791e-05,-4.620314550434523e-05,-0.0001846380301345711,26,-5.933933763407548e-05,9.852944361155025e-05,0.0,0.0,5.0
6.799999999999992,595.0048784317746,-343.3262080741607,-3.0951201300951054,4.995797063285979,0.004623230385423405,-7.732522081336093e-05,-3.866261046447324e-05,-0.00015452044461541198,27,-3.320089917913609e-05,8.006564059792609e-05,-1.3322676295501878e-15,-3.325071990750069e-14,5.0
6.8999999999999915,594.5058372014456,-343.34939715363936,-3.095135582139567,4.996259386324521,0.00411467504302685,-6.564055527582348e-05,-3.282027767326478e-05,-0.00013118289628590994,27,-1.2516785551867221e-05,6.461359613618711e-05,-1.3322676295501878e-15,-3.325687439495246e-14,5.0
6.999999999999991,594.0067495658067,-343.3725835830038,-3.095148700429196,4.996670853828824,0.003662060788294053,-5.492684807507562e-05,-2.7463424058251812e-05,-0.00010978055241676638,28,3.3679810158282475e-06,5.1495306510052075e-05,-1.3322676295501878e-15,-3.3262352367783256e-14,5.0
7.099999999999991,593.5076206477895,-343.3957680479328,-3.0951596784844377,4.997037059907653,0.003259234101581932,-4.5597520402593445e-05,-2.2798760213147144e-05,-9.114099975613989e-05,28,1.5375921671716142e-05,4.0517251268301635e-05,-1.3322676295501878e-15,-3.3267228143017554e-14,5.0
7.19999999999999,593.0084550022334,-343.4189510606239,-3.0951687925844134,4.997362983317811,0.0029007183504078608,-3.815469239591189e-05,-1.9077346204899052e-05,-7.626913899081454e-05,29,2.422991729531817e-05,3.1403151292686005e-05,1.3322676295501878e-15,3.3271567883510616e-14,5.0
7.29999999999999,592.5092566744107,-343.4421328933689,-3.0951764194983125,4.997653055152852,0.002581639331863084,-3.083879737721461e-05,-1.541939869227339e-05,-6.16486439840051e-05,29,3.0389569528988664e-05,2.3776237393580146e-05,1.3322676295501878e-15,3.327543049060284e-14,5.0
7.39999999999999,592.0100292786217,-343.46531409028637,-3.095182584362711,4.997911219086038,0.0022976590053577443,-2.5804749529570428e-05,-1.2902374766933088e-05,-5.158793887897468e-05,30,3.456602757138461e-05,1.7611372992387686e-05,1.3322676295501878e-15,3.3278868399477036e-14,5.0
7.499999999999989,591.5107760096638,-343.48849466347957,-3.095187743156599,4.998140984986574,0.0020449165147682358,-2.0163552253186052e-05,-1.008177612761776e-05,-4.031211077124155e-05,30,3.691954308119097e-05,1.2452579104316186e-05,1.3322676295501878e-15,3.32819282877351e-14,5.0
7.599999999999989,591.0114997346404,-343.5116751349337,-3.095191774367676,4.998345476638051,0.0018199756981435835,-1.687196566603999e-05,-8.43598283362035e-06,-3.373276530953791e-05,31,3.810450385520253e-05,8.421368027367038e-06,0.0,0.0,5.0
7.699999999999989,590.5122029771602,-343.53485536375166,-3.095195147644207,4.998527474207866,0.0016197783713473692,-1.2592464924345205e-05,-6.296232462422201e-06,-2.5177512757767106e-05,31,3.809719886105692e-05,5.04809149637353e-06,0.0,0.0,5.0
7.799999999999988,590.0128880109107,-343.55803582067995,-3.095197665395483,4.998689452045001,0.0014416027504987384,-1.0536747059061628e-05,-5.268373529677041e-06,-2.1067970553686315e-05,32,3.747331217166872e-05,2.5303402204635006e-06,-1.3322676295501878e-15,-3.3289233020798055e-14,5.0
7.899999999999988,589.5135568297675,-343.5812162848238,-3.0951997721925384,4.998833612320051,0.001283026447943936,-7.342820394859854e-06,-3.6714101974794153e-06,-1.4682214959786773e-05,32,3.6104654343175474e-05,4.2354316498460776e-07,-1.3322676295501878e-15,-3.3291153145756785e-14,5.0
7.999999999999988,589.0142112362871,-343.6043971629001,-3.0952012404140343,4.998961914964846,0.0011418935386697804,-6.144074401812056e-06,-3.0720372009350204e-06,-1.2285597575044176e-05,33,3.448109963451331e-05,-1.044678328288029e-06,-1.3322676295501878e-15,-3.329286210354309e-14,5.0
8.099999999999987,588.514852806204,-343.627578202082,-3.095202468973792,4.999076104318712,0.001016285249416349,-3.8002822769050817e-06,-1.9001411384594014e-06,-7.599160128079705e-06,33,3.242316924977756e-05,-2.2732380857704015e-06,-1.3322676295501878e-15,-3.32943831128634e-14,5.0
8.199999999999987,588.0154829681558,-343.6507597424833,-3.0952032288898046,4.999177732843654,0.0009044938719808827,-3.179857366153224e-06,-1.589928683080631e-06,-6.358668855410221e-06,34,3.0336865219165088e-05,-3.0331540985528704e-06,1.3322676295501878e-15,3.329573684037942e-14,5.0
8.299999999999986,587.5161029677627,-343.6739415295798,-3.09520386475669,4.999268182230852,0.0008049995460632787,-1.4907624172099813e-06,-7.453812086054047e-07,-2.9810884478507458e-06,34,2.8025703963669574e-05,-3.6690209839207455e-06,1.3322676295501878e-15,3.329694168101462e-14,5.0
8.399999999999986,587.0167139369984,-343.6971238403138,-3.0952041628655347,4.999348682185458,0.0007164495959964157,-1.247380103205868e-06,-6.236900516031766e-07,-2.494435230059455e-06,35,2.5818825933319935e-05,-3.967129831305982e-06,1.3322676295501878e-15,3.329801400751383e-14,5.0
8.499999999999986,586.5173168608085,-343.7203064362349,-3.095204412309058,4.9994203271450575,0.0006376401404367904,-5.433686569285591e-08,-2.7168432846427975e-08,-1.0866113234328596e-07,35,2.3523714993492484e-05,-4.216573354476338e-06,1.3322676295501878e-15,3.32989683926204e-14,5.0
8.599999999999985,586.017912635876,-343.7434895377148,-3.095204423175171,4.999484091159101,0.0005674997249884407,-4.5465694039729915e-08,-2.273284701986497e-08,-9.09220056180548e-08,36,2.1402090089531114e-05,-4.227439467818783e-06,0.0,0.0,5.0
8.699999999999985,585.5185020412523,-343.7666729316671,-3.095204432267372,4.9995408411316005,0.0005050747552394875,7.778181218986286e-07,3.8890906094937315e-07,1.5554933869619848e-06,36,1.927722321511116e-05,-4.236531668588839e-06,0.0,0.0,5.0
8.799999999999985,585.0190857870688,-343.78985678981775,-3.095204276718033,4.999591348607124,0.00044951653216340764,6.508283047020155e-07,3.254141523510422e-07,1.30155022464685e-06,37,1.735358859460709e-05,-4.080982329845995e-06,0.0,0.0,5.0
8.899999999999984,584.5196644897053,-343.8130409281555,-3.095204146563011,4.999636300260341,0.0004000697136251397,1.203124588663406e-06,6.015622943319206e-07,2.4060741468876674e-06,37,1.547595798067139e-05,-3.950827307530602e-06,0.0,0.0,5.0
8.999999999999984,584.0202387114322,-343.8362254778616,-3.095203905955596,4.999676307231703,0.0003560620451264818,1.006695855111811e-06,5.033479275560331e-07,2.0132613661567774e-06,38,1.380144728479831e-05,-3.7102198926497465e-06,-1.3322676295501878e-15,-3.33023784243745e-14,5.0
9.099999999999984,583.5208089400671,-343.85941028420524,-3.0952037046294594,4.999711913436216,0.00031689522016238315,1.3639754191718192e-06,6.819877095862267e-07,2.7277936611480577e-06,38,1.2198115078621702e-05,-3.508893755999054e-06,-1.3322676295501878e-15,-3.3302852765290365e-14,5.0
9.199999999999983,583.0213756207216,-343.88259544543183,-3.095203431850093,4.999743602958232,0.0002820367459444917,1.141283837400051e-06,5.706419187002113e-07,2.2824506260808302e-06,39,1.0784743501069207e-05,-3.2361143871284526e-06,-1.3322676295501878e-15,-3.330327493154663e-14,5.0
9.299999999999983,582.521939139576,-343.90578083423804,-3.0952032036050308,4.999771806632827,0.0002510127038901189,1.3610383928498965e-06,6.805191964252634e-07,2.7219525537273575e-06,39,9.45207561545841e-06,-3.007869324722634e-06,-1.3322676295501878e-15,-3.3303650661765196e-14,5.0
9.399999999999983,582.0224998489367,-343.9289665227052,-3.0952029314097755,4.9997969079032165,0.00022340130646183456,1.1388251748614273e-06,5.694125874308983e-07,2.277557835166417e-06,40,8.288453685823243e-06,-2.7356740694983728e-06,1.3322676295501878e-15,3.330398506344232e-14,5.0
9.499999999999982,581.5230580546058,-343.9521524080301,-3.095202703653992,4.999819248033862,0.00019882716275141377,1.2638565468083265e-06,6.319282734044157e-07,2.527621715795194e-06,40,7.205366942937552e-06,-2.5079182859322202e-06,1.3322676295501878e-15,3.330428268234695e-14,5.0
9.599999999999982,581.0236140353956,-343.9753385419287,-3.0952024508918203,4.9998391307501375,0.0001769561748487192,1.057509112064596e-06,5.287545560324459e-07,2.114950175850653e-06,41,6.267405858273326e-06,-2.255156116959256e-06,1.3322676295501878e-15,3.330454756429052e-14,5.0
9.699999999999982,580.5241680335212,-343.99852484274265,-3.095202239396803,4.999856826367623,0.00015749099561510605,1.1191450483229753e-06,5.595725241616628e-07,2.2382260038218443e-06,41,5.404232870556691e-06,-2.0436610994600812e-06,1.3322676295501878e-15,3.330478331010622e-14,5.0
9.799999999999981,580.0247202696071,-344.0217113466411,-3.0952020155742024,4.999872575467184,0.0001401669860976007,9.364237925254186e-07,4.6821189626281196e-07,1.8727998557054674e-06,42,4.662209826568884e-06,-1.8198384990064653e-06,0.0,0.0,5.0
9.89999999999998,579.5252709355489,-344.044897989733,-3.0952018282942166,4.999886592165794,0.00012474861762683533,9.571775122333195e-07,4.785887561167694e-07,1.914311603895559e-06,42,3.9864137461355365e-06,-1.6325585132648257e-06,0.0,0.0,5.0
9.99999999999998,579.0258202059118,-344.06808479654643,-3.0952016368630564,4.999899067027556,0.0001110262696883524,8.009000681584732e-07,4.004500340793008e-07,1.6017678014273565e-06,43,3.4094419539889296e-06,-1.4411273530079427e-06,-1.3322676295501878e-15,-3.330534605500771e-14,5.0
10.09999999999998,578.5263682327576,-344.09127171779573,-3.095201476686276,4.999910169654525,9.881338002255547e-05,7.966223109706936e-07,3.9831115548541005e-07,1.5932159975986348e-06,43,2.8891137722093785e-06,-1.2809505727240378e-06,-1.3322676295501878e-15,-3.330549396889114e-14,5.0
10.19999999999998,578.0269151541996,-344.1144587694658,-3.095201317364676,4.999920050992527,8.794390822028931e-05,6.665582897307367e-07,3.3327914486540535e-07,1.333095263192122e-06,44,2.4478020075889605e-06,-1.1216289701465598e-06,-1.3322676295501878e-15,-3.330562561252363e-14,5.0
10.29999999999998,577.5274610907574,-344.1376459140538,-3.0952011840551497,4.999928845383349,7.82700783163115e-05,6.481457478250214e-07,3.2407287391254476e-07,1.2962730482252682e-06,44,2.053633413035688e-06,-9.88319443617769e-07,-1.3322676295501878e-15,-3.3305742775575366e-14,5.0
10.399999999999979,577.0280061516997,-344.1608331614098,-3.0952010544278448,4.99993667239118,6.966036970199597e-05,5.423232270336419e-07,2.7116161351684085e-07,1.08463271645408e-06,45,1.7215148835398762e-06,-8.586921387276902e-07,1.3322676295501878e-15,3.3305847050864724e-14,5.0
10.499999999999979,576.5285504325623,-344.1840204833799,-3.095200945964573,4.99994363842815,6.199772903459078e-05,5.170513399930621e-07,2.5852566999654833e-07,1.0340910232556823e-06,45,1.4277533228294892e-06,-7.502288670302448e-07,1.3322676295501878e-15,3.330593985600955e-14,5.0
10.599999999999978,576.0290940197926,-344.20720788551677,-3.095200842555471,4.999949838201053,5.5177978841225444e-05,4.326324565213646e-07,2.1631622826069244e-07,8.652562323938422e-07,46,1.1819044740751187e-06,-6.468197675246756e-07,1.3322676295501878e-15,3.330602245269719e-14,5.0
10.699999999999978,575.5296369891319,-344.2303953469719,-3.095200756029848,4.999955355998938,4.9108401168407316e-05,4.0517793997567604e-07,2.0258896998784636e-07,8.103486444456267e-07,46,9.666548645460848e-07,-5.60294144413831e-07,1.3322676295501878e-15,3.3306095963835336e-14,5.0
10.799999999999978,575.0301794089729,-344.2535828703757,-3.095200674994983,4.999960266839055,4.37064770399509e-05,3.390245377080465e-07,1.695122688540281e-07,6.780436872095008e-07,47,7.878038713302104e-07,-4.792592798175122e-07,0.0,0.0,5.0
10.899999999999977,574.5307213393704,-344.2767704405068,-3.0952006071906144,4.999964637486759,3.889876456533159e-05,3.122374576096875e-07,1.5611872880484757e-07,6.244704986188961e-07,47,6.329315944755831e-07,-4.114549110312282e-07,0.0,0.0,5.0
10.999999999999977,574.031262834435,-344.299958058083,-3.0952005447435647,4.999968527363215,3.4619900463184196e-05,2.612584095627482e-07,1.3062920478137632e-07,5.225135301290913e-07,48,5.052643898251739e-07,-3.490078612777836e-07,-1.3322676295501878e-15,-3.33062714403223e-14,5.0
11.099999999999977,573.5318039417874,-344.3231457121575,-3.0952004924922116,4.999971989353262,3.081171141188222e-05,2.3673548652906265e-07,1.18367743264533e-07,4.7346832061249737e-07,48,3.960757549228977e-07,-2.967565082556689e-07,-1.3322676295501878e-15,-3.330631756302067e-14,5.0
11.199999999999976,573.0323447042406,-344.3463334022605,-3.0952004451453794,4.999975070524403,2.7422423156409082e-05,1.980836287399524e-07,9.904181436997717e-08,3.9616528223151255e-07,49,3.0688186533286716e-07,-2.4940967335851383e-07,-1.3322676295501878e-15,-3.3306358612249083e-14,5.0
11.299999999999976,572.5328851595578,-344.3695211206479,-3.095200405528851,4.999977812766719,2.4405956608930525e-05,1.7658681234194656e-07,8.829340617097397e-08,3.5317205749477553e-07,49,2.316982989532257e-07,-2.097931450784074e-07,-1.3322676295501878e-15,-3.3306395146083646e-14,5.0
11.399999999999975,572.0334253416154,-344.3927088661711,-3.0952003702116455,4.99998025336238,2.1721301382182646e-05,1.4775542936581062e-07,7.387771468290572e-08,2.955096916624546e-07,50,1.709486923579277e-07,-1.7447593947395035e-07,1.3322676295501878e-15,3.330642766121325e-14,5.0
11.499999999999975,571.5339652803606,-344.41589663345223,-3.0952003406606763,4.999982425492518,1.9331958230406344e-05,1.2951181122795888e-07,6.475590561397971e-08,2.590227120134005e-07,50,1.2064976312800568e-07,-1.4492497024676254e-07,1.3322676295501878e-15,3.3306456599691946e-14,5.0
11.599999999999975,571.0345050026002,-344.4390844210103,-3.0952003147584053,4.999984358688341,1.7205442825130035e-05,1.0836637233163581e-07,5.418318616581806e-08,2.1673206666639095e-07,51,8.056534880613968e-08,-1.1902270191654907e-07,1.3322676295501878e-15,3.3306482354948565e-14,5.0
11.699999999999974,570.5350445320837,-344.46227222519025,-3.0952002930851985,4.999986079232623,1.5312844114756532e-05,9.327868053593718e-08,4.663934026796868e-08,1.8655684166754947e-07,51,4.814569647820788e-08,-9.734949513173774e-08,1.3322676295501878e-15,3.330650527713532e-14,5.0
11.799999999999974,570.0355838900255,-344.4854600444064,-3.0952002744295144,4.999987610517034,1.3628431262358021e-05,7.804902802291363e-08,3.902451401145687e-08,1.5609766925098618e-07,52,2.279069878099397e-08,-7.869381102310058e-08,0.0,0.0,5.0
11.899999999999974,569.5361230952595,-344.50864787623846,-3.0952002588197476,4.999988973360161,1.212930382337163e-05,6.583977874482013e-08,3.29198893724101e-08,1.3167926709302943e-07,52,2.9560690735508377e-09,-6.308404421062619e-08,0.0,0.0,5.0
11.999999999999973,569.0366621645763,-344.53183571913826,-3.095200245651821,4.9999901862905425,1.079508040326971e-05,5.509008931779034e-08,2.754504465889519e-08,1.1017996238032853e-07,53,-1.212598948324966e-08,-4.991611746163471e-08,0.0,0.0,5.0
12.099999999999973,568.5372011129114,-344.55502357155547,-3.0952002346338245,4.999991265798583,9.60762155894912e-06,4.539730346035716e-08,2.2698651730178593e-08,9.079444831703747e-08,53,-2.3311509458889823e-08,-3.889812116852909e-08,0.0,0.0,5.0
12.199999999999973,568.0377399535548,-344.57821143206144,-3.09520022555438,4.999992226560739,8.550783187288857e-06,3.798526805061369e-08,1.8992634025306852e-08,7.59704179907578e-08,54,-3.1411255580859714e-08,-2.981867641693725e-08,-1.3322676295501878e-15,-3.330658717582022e-14,5.0
12.299999999999972,567.53827869835,-344.6013992997069,-3.095200217957338,4.999993081639057,7.610197037077882e-06,3.04236683459686e-08,1.52118341729843e-08,6.084725249916966e-08,54,-3.6824246641559144e-08,-2.2221634754515662e-08,-1.3322676295501878e-15,-3.330659856773513e-14,5.0
12.399999999999972,567.038817357818,-344.62458717322386,-3.095200211872613,4.999993842658761,6.773075362520587e-06,2.5456381660811042e-08,1.2728190830405523e-08,5.0912700624170655e-08,55,-4.0329152404421954e-08,-1.6136906921815353e-08,-1.3322676295501878e-15,-3.330660870654104e-14,5.0
12.499999999999972,566.5393559413492,-344.6477750520687,-3.095200206781343,4.999994519966298,6.028037072614013e-06,1.9654289413419412e-08,9.827144706709708e-09,3.930853574437148e-08,55,-4.2033537102359464e-08,-1.1045636849615903e-08,-1.3322676295501878e-15,-3.33066177300796e-14,5.0
12.599999999999971,566.0398944572734,-344.67096293514857,-3.0952002028504895,4.999995122770005,5.364952994479922e-06,1.644532773950015e-08,8.222663869750075e-09,3.289062339594201e-08,56,-4.264280382385195e-08,-7.114783429074123e-09,1.3322676295501878e-15,3.3306625761029944e-14,5.0
12.69999999999997,565.5404329130359,-344.6941508221859,-3.095200199561427,4.999995659265305,4.774808164764722e-06,1.20649423808174e-08,6.0324711904087e-09,2.4129863813349204e-08,56,-4.2088878285384546e-08,-3.825721073269506e-09,1.3322676295501878e-15,3.330663290857657e-14,5.0
12.79999999999997,565.0409713152322,-344.7173387122602,-3.095200197148441,4.999996136746121,4.249579266435433e-06,1.0095087875531783e-08,5.047543937765891e-09,2.019016015110861e-08,57,-4.098548706226845e-08,-1.4127374825534389e-09,1.3322676295501878e-15,3.3306639269893705e-14,5.0
12.89999999999997,564.541509669765,-344.74052660526206,-3.095200195129425,4.999996561704048,3.782125547147075e-06,6.841876636263703e-09,3.420938318131851e-09,1.368374386276871e-08,57,-3.916807339576778e-08,6.062785828930828e-10,1.3322676295501878e-15,3.330664493146647e-14,5.0
12.99999999999997,564.0420479818567,-344.7637145004307,-3.0952001937610505,4.999996939916603,3.3660917370781365e-06,5.724800171387434e-09,2.862400085693717e-09,1.1449593335428484e-08,58,-3.7154470257697546e-08,1.97465288565013e-09,0.0,0.0,5.0
13.09999999999997,563.5425862561867,-344.7869023977578,-3.0952001926160913,4.999997276525776,2.9958216463121805e-06,3.3498450507314854e-09,1.6749225253657425e-09,6.699686452176311e-09,58,-3.473596345629493e-08,3.1196121241805486e-09,0.0,0.0,5.0
13.199999999999969,563.043124496891,-344.8100902966247,-3.0952001919461227,4.9999975761079405,2.6662812654620894e-06,2.8029153598845286e-09,1.4014576799422643e-09,5.605828002183344e-09,59,-3.2338703015032284e-08,3.789580649282698e-09,-1.3322676295501878e-15,-3.330665844603324e-14,5.0
13.299999999999969,562.5436627076784,-344.833278197079,-3.09520019138554,4.999997842736067,2.3729903261049404e-06,1.1010445768690059e-09,5.505222884345029e-10,2.20208820364051e-09,59,-2.974321381549183e-08,4.350163340660629e-09,-1.3322676295501878e-15,-3.3306661998231835e-14,5.0
13.399999999999968,562.0442008918251,-344.85646609862476,-3.0952001911653313,4.9999980800351,2.111961389950068e-06,9.21278154962624e-10,4.60639077481312e-10,1.84255560239656e-09,60,-2.729288133690444e-08,4.570374745327399e-09,-1.3322676295501878e-15,-3.3306665159688747e-14,5.0
13.499999999999968,561.5447390522703,-344.8796540013361,-3.0952001909810756,4.999998291231239,1.8796456372704996e-06,-2.73057400572131e-10,-1.365287002860655e-10,-5.461146145074796e-10,60,-2.477740008652307e-08,4.754630467118659e-09,-1.3322676295501878e-15,-3.330666797338552e-14,5.0
13.599999999999968,561.0452771916091,-344.9028419048207,-3.095200191035687,4.999998479195803,1.6728846169655754e-06,-2.2847784706067484e-10,-1.142389235303374e-10,-4.5695555513332217e-10,61,-2.246833496349649e-08,4.700019040626557e-09,1.3322676295501878e-15,3.330667047757575e-14,5.0
13.699999999999967,560.5458153121709,-344.92602980916087,-3.0952001910813824,4.999998646484264,1.4888673095292405e-06,-1.0463238337660614e-09,-5.231619168830307e-10,-2.0926471010458132e-09,61,-2.0175439666147987e-08,4.6543235932006155e-09,1.3322676295501878e-15,3.330667270630513e-14,5.0
13.799999999999967,560.0463534160114,-344.9492177140498,-3.095200191290647,4.9999987953709955,1.3250919050022959e-06,-8.75494374652907e-10,-4.3774718732645347e-10,-1.7509883274474474e-09,62,-1.8109840216416068e-08,4.44505632302139e-09,1.3322676295501878e-15,3.330667468987434e-14,5.0
13.899999999999967,559.5468915049763,-344.97240561956727,-3.095200191465746,4.999998927880186,1.1793317956865224e-06,-1.4188469065267265e-09,-7.094234532633633e-10,-2.8376932045839005e-09,62,-1.6106202760379773e-08,4.269957276648029e-09,1.3322676295501878e-15,3.330667645525099e-14,5.0
13.999999999999966,559.0474295806943,-344.9955935254761,-3.0952001917495156,4.999999045813365,1.0496052980535355e-06,-1.1871856380107052e-09,-5.935928190053526e-10,-2.374370822902743e-09,63,-1.4325961223728145e-08,3.9861878242675175e-09,0.0,0.0,5.0
14.099999999999966,558.5479676446276,-345.018781431848,-3.0952001919869527,4.9999991507738955,9.341487150038575e-07,-1.5341301120031846e-09,-7.670650560015923e-10,-3.0682597028770337e-09,63,-1.2629689075810413e-08,3.748750643239873e-09,0.0,0.0,5.0
14.199999999999966,558.0485056980667,-345.0419693385015,-3.095200192293779,4.999999244188767,8.313923564706727e-07,-1.2836492818062958e-09,-6.418246409031479e-10,-2.567298175533973e-09,64,-1.1138857488072682e-08,3.4419245231731566e-09,-1.4210854715202004e-14,-3.5527126047282193e-13,5.0
14.299999999999965,557.5490437421702,-345.06515724549746,-3.0952001925505086,4.999999327328003,7.3993919693649e-07,-1.4929957426161952e-09,-7.464978713080975e-10,-2.985991083513819e-09,64,-9.73880262891691e-09,3.185194774601996e-09,-1.4210854715202004e-14,-3.552712722876163e-13,5.0
14.399999999999965,557.0495817779603,-345.0883451526985,-3.0952001928491075,4.999999401321922,6.58545885556805e-07,-1.249229546888207e-09,-6.246147734441035e-10,-2.4984587946218765e-09,65,-8.519473399426665e-09,2.886624272946392e-09,-1.554312234475219e-14,-3.885779655655443e-13,5.0
14.499999999999964,556.5501198063548,-345.1115330601544,-3.0952001930989534,4.999999467176511,5.86105838262796e-07,-1.3645295955623368e-09,-6.822647977811684e-10,-2.7290589003033054e-09,65,-7.388492449800221e-09,2.6367783512171172e-09,-1.554312234475219e-14,-3.8857797580140234e-13,5.0
14.599999999999964,556.0506578281638,-345.1347209677621,-3.095200193371859,4.999999525787095,5.216341959268789e-07,-1.14173797216236e-09,-5.7086898608118e-10,-2.2834757277539675e-09,66,-6.411227934720147e-09,2.363875317712427e-09,1.2878587085651816e-14,3.219646160693763e-13,5.0
14.699999999999964,555.5511958441143,-345.157908875561,-3.0952001936002067,4.999999577950514,4.6425443462894127e-07,-1.1947243566294224e-09,-5.973621783147112e-10,-2.3894485115657247e-09,66,-5.514724392419179e-09,2.135527754631994e-09,1.2878587085651816e-14,3.219646227872871e-13,5.0
14.799999999999963,555.0517338548482,-345.1810967834746,-3.0952001938391516,4.999999624375957,4.13186447278946e-07,-9.996658748454813e-10,-4.998329374227406e-10,-1.9993315994915474e-09,67,-4.745642674945823e-09,1.8965544690274783e-09,1.554312234475219e-14,3.885780002351024e-13,5.0
14.899999999999963,554.5522718609412,-345.2042846915328,-3.0952001940390845,4.9999996656946015,3.67735938322511e-07,-1.0129960278230494e-09,-5.064980139115247e-10,-2.0259919201860828e-09,67,-4.0472597391538745e-09,1.6966215099500914e-09,1.554312234475219e-14,3.885780066573094e-13,5.0
14.999999999999963,554.0528098629021,-345.2274725996794,-3.095200194241684,4.9999997024681955,3.2728498498002525e-07,-8.475999035979258e-10,-4.2379995179896295e-10,-1.69519970632068e-09,68,-3.4522165275096064e-09,1.4940195747215057e-09,1.3322676295501878e-15,3.330668677483489e-14,5.0
15.099999999999962,553.5533478611868,-345.2506605079367,-3.0952001944112038,4.999999735196694,2.9128363703279093e-07,-8.371217333085973e-10,-4.1856086665429865e-10,-1.6742433779481534e-09,68,-2.9171022125629165e-09,1.3244996210914906e-09,1.3322676295501878e-15,3.3306687210866056e-14,5.0
15.199999999999962,553.0538858561983,-345.2738484162637,-3.095200194578628,4.999999764325057,2.59242436939644e-07,-7.004488339150311e-10,-3.5022441695751556e-10,-1.4008976017987667e-09,69,-2.4641119257887145e-09,1.1570753244427578e-09,0.0,0.0,5.0
15.299999999999962,552.5544238482979,-345.2970363246763,-3.0952001947187178,4.999999790249301,2.3072576844640482e-07,-6.769710043452138e-10,-3.384855021726069e-10,-1.353941951892371e-09,69,-2.0607090547852813e-09,1.0169856068387162e-09,0.0,0.0,5.0
15.399999999999961,552.0549618378049,-345.32022423314504,-3.095200194854112,4.999999813321878,2.0534593403453985e-07,-5.664451442018613e-10,-2.8322257210093066e-10,-1.1328902461065563e-09,70,-1.7214410649984274e-09,8.815912444504193e-10,-1.3322676295501878e-15,-3.330668825170256e-14,5.0
15.499999999999961,551.5554998250052,-345.34341214168074,-3.095200194967401,4.999999833856472,1.827578810953412e-07,-5.371273082762248e-10,-2.685636541381124e-10,-1.074254580856359e-09,70,-1.4222531867502664e-09,7.683023106608289e-10,-1.3322676295501878e-15,-3.330668852527828e-14,5.0
15.59999999999996,551.0560378101519,-345.36660005026243,-3.0952001950748267,4.99999985213226,1.6265451430186317e-07,-4.4943324405950826e-10,-2.2471662202975413e-10,-8.988664615363453e-10,71,-1.1723681715095774e-09,6.60879351244148e-10,-1.3322676295501878e-15,-3.330668876876069e-14,5.0
15.69999999999996,550.5565757934716,-345.3897879588971,-3.0952001951647135,4.999999868397711,1.447625179729073e-07,-4.1879903460368953e-10,-2.0939951730184477e-10,-8.375980471614144e-10,71,-9.542916977467453e-10,5.709925865460264e-10,-1.3322676295501878e-15,-3.330668898546002e-14,5.0
15.79999999999996,550.0571137751647,-345.41297586756997,-3.095200195248473,4.999999882873963,1.2883864055623918e-07,-3.5042285165740793e-10,-1.7521142582870397e-10,-7.008456868973599e-10,72,-7.734865056395132e-10,4.87232920676206e-10,1.3322676295501878e-15,3.330668917832244e-14,5.0
15.89999999999996,549.5576517554106,-345.4361637762852,-3.0952001953185575,4.999999895757827,1.146663904272316e-07,-3.211756032016913e-10,-1.6058780160084565e-10,-6.423511930113655e-10,72,-6.174972894124053e-10,4.1714853793450857e-10,1.3322676295501878e-15,3.330668934996998e-14,5.0
15.99999999999996,549.0581897343682,-345.45935168503246,-3.095200195382793,4.999999907224466,1.0205308731414676e-07,-2.687342764364545e-10,-1.3436713821822724e-10,-5.374685429001225e-10,73,-4.89231928297966e-10,3.5291058964048716e-10,1.3322676295501878e-15,3.3306689502736305e-14,5.0
16.09999999999996,548.5587277121795,-345.48253959381395,-3.0952001954365396,4.999999917429775,9.082724785614005e-08,-2.4235070238549817e-10,-1.2117535119274908e-10,-4.847013967666155e-10,73,-3.799426606665435e-10,2.9916380483996363e-10,1.3322676295501878e-15,3.330668963869832e-14,5.0
16.19999999999996,548.0592656889704,-345.5057275026225,-3.0952001954850097,4.9999999265124995,8.083625058219468e-08,-2.0278282087373485e-10,-1.0139141043686743e-10,-4.0556563578666864e-10,74,-2.909446057556067e-10,2.5069368803087855e-10,0.0,0.0,5.0
16.29999999999996,547.5598036648535,-345.52891541145885,-3.095200195525566,4.999999934596125,7.194426272505439e-08,-1.798930603799884e-10,-8.99465301899942e-11,-3.5978611605369546e-10,74,-2.1628428215070272e-10,2.1013724094132158e-10,0.0,0.0,5.0
16.399999999999963,547.0603416399283,-345.55210332031817,-3.095200195561545,4.999999941790551,6.40303936982889e-08,-1.5052660936709888e-10,-7.526330468354944e-11,-3.0105321522936934e-10,75,-1.5616533988269815e-10,1.7415846542689906e-10,-1.3322676295501878e-15,-3.3306689963249055e-14,5.0
16.499999999999964,546.560879614284,-345.57529122920016,-3.09520019559165,4.99999994819359,5.698705081158551e-08,-1.312503327410467e-10,-6.562516637052335e-11,-2.6250066276225e-10,75,-1.0674248290820643e-10,1.4405321380195346e-10,-1.3322676295501878e-15,-3.3306690048554674e-14,5.0
16.599999999999966,546.0614175879996,-345.59847913810165,-3.0952001956179003,4.999999953892296,5.07184747533529e-08,-1.0982139211972412e-10,-5.4910696059862055e-11,-2.1964278221400333e-10,76,-6.752699582227711e-11,1.1780576514297536e-10,-1.3322676295501878e-15,-3.330669012447668e-14,5.0
16.699999999999967,545.5619555611455,-345.6216670470218,-3.0952001956398645,4.9999999589641435,4.513944213968557e-08,-9.39884430438381e-11,-4.699422152191904e-11,-1.8797688454491768e-10,76,-3.6104671335968064e-11,9.584155691300111e-11,-1.3322676295501878e-15,-3.330669019204727e-14,5.0
16.79999999999997,545.0624935337845,-345.64485495595846,-3.0952001956586623,4.999999963478087,4.017410386580878e-08,-7.864539450213084e-11,-3.932269725106542e-11,-1.5729078785534958e-10,77,-1.1665863696060097e-11,7.704370474925781e-11,1.3322676295501878e-15,3.3306690252185075e-14,5.0
16.89999999999997,544.5630315059724,-345.6680428649105,-3.0952001956743915,4.999999967495498,3.5754952421029885e-08,-6.591031829682756e-11,-3.295515914841378e-11,-1.3182063573670228e-10,77,7.181463757000017e-12,6.131450902557845e-11,1.3322676295501878e-15,3.3306690305707735e-14,5.0
16.99999999999997,544.0635694777587,-345.6912307738765,-3.0952001956875734,4.999999971070993,3.1821907420237495e-08,-5.515260774465858e-11,-2.757630387232929e-11,-1.1030521485111309e-10,78,2.1372278187666016e-11,4.8129944474339936e-11,1.3322676295501878e-15,3.3306690353342905e-14,5.0
17.099999999999973,543.5641074491876,-345.7144186828552,-3.095200195698604,4.999999974253184,2.83214978580304e-08,-4.5096558152338824e-11,-2.2548279076169412e-11,-9.019311584024052e-11,78,3.1651150450562326e-11,3.709921259087423e-11,1.3322676295501878e-15,3.3306690395738196e-14,5.0
17.199999999999974,543.0646454202986,-345.73760659184563,-3.0952001957076236,4.999999977085333,2.5206133269506382e-08,-3.773589634281652e-11,-1.886794817140826e-11,-7.547179233975084e-11,79,3.893677622077846e-11,2.807976073881946e-11,0.0,0.0,5.0
17.299999999999976,542.5651833911265,-345.76079450084654,-3.095200195715171,4.999999979605946,2.243345891272952e-08,-2.9930210401892465e-11,-1.4965105200946233e-11,-5.98604205596256e-11,79,4.35480262961363e-11,2.0532464617417645e-11,0.0,0.0,5.0
17.399999999999977,542.0657213617026,-345.78398240985734,-3.095200195721157,4.999999981849292,1.9965778363939535e-08,-2.5048501318348544e-11,-1.2524250659174272e-11,-5.0097002454837876e-11,80,4.635543587438312e-11,1.4546586157848651e-11,0.0,0.0,5.0
17.49999999999998,541.5662593320544,-345.80717031887673,-3.0952001957261666,4.99999998384587,1.7769542548506934e-08,-1.9079942327174262e-11,-9.539971163587131e-12,-3.815988453106058e-11,80,4.7340444064847276e-11,9.536815781530095e-12,0.0,0.0,5.0
17.59999999999998,541.0667973022067,-345.8303582279044,-3.0952001957299826,4.999999985622825,1.5814892506682554e-08,-1.5969915465452473e-11,-7.984957732726236e-12,-3.193983083906404e-11,81,4.736224682843487e-11,5.720757201288507e-12,-1.3322676295501878e-15,-3.330669054721225e-14,5.0
17.69999999999998,540.5673352721816,-345.8535461369392,-3.0952001957331765,4.999999987204315,1.407525394014897e-08,-1.1493028761755709e-11,-5.7465143808778546e-12,-2.2986057464686944e-11,81,4.625223121168531e-11,2.5268676040468563e-12,-1.3322676295501878e-15,-3.3306690568281924e-14,5.0
17.799999999999983,540.0678732419984,-345.8767340459808,-3.095200195735475,4.99999998861184,1.2526975723403667e-08,-9.613830207831848e-12,-4.806915103915924e-12,-1.9227660371870164e-11,82,4.46270414285882e-11,2.3092638912203256e-13,-1.3322676295501878e-15,-3.330669058703393e-14,5.0
17.899999999999984,539.5684112116746,-345.8999219550283,-3.095200195737398,4.999999989864538,1.1149008471988965e-08,-6.300457236662324e-12,-3.150228618331162e-12,-1.2600914447781429e-11,82,4.2330416949454275e-11,-1.6919798895287386e-12,-1.3322676295501878e-15,-3.3306690603723217e-14,5.0
17.999999999999986,539.0689491812257,-345.9231098640814,-3.095200195738658,4.999999990979439,9.922617305591075e-09,-5.271572655587194e-12,-2.635786327793597e-12,-1.0543145292153371e-11,83,3.990931315891316e-11,-2.9518609778733662e-12,1.3322676295501878e-15,3.3306690618576685e-14,5.0
18.099999999999987,538.5694871506653,-345.94629777313935,-3.095200195739712,4.9999999919717,8.8311297830046e-09,-2.8632067494112647e-12,-1.4316033747056324e-12,-5.726413489627856e-12,83,3.7088922211214737e-11,-4.006128762057415e-12,1.3322676295501878e-15,3.330669063179626e-14,5.0
18.19999999999999,538.0700251200058,-345.969485682202,-3.0952001957402846,4.999999992854813,7.859705331014766e-09,-2.3990166591057065e-12,-1.1995083295528532e-12,-4.798033311354844e-12,84,3.438088203890077e-11,-4.581224288813246e-12,1.3322676295501878e-15,3.330669064356169e-14,5.0
18.29999999999999,537.570563089258,-345.99267359126856,-3.095200195740764,4.999999993640784,6.995137891152581e-09,-6.890394690796998e-13,-3.445197345398499e-13,-1.3780789364066992e-12,84,3.150128422002574e-11,-5.0608406354513136e-12,1.3322676295501878e-15,3.3306690654032916e-14,5.0
18.39999999999999,537.0711010584319,-346.01586150033893,-3.095200195740902,4.999999994340298,6.225672244397629e-09,-5.745111990877224e-13,-2.872555995438612e-13,-1.1490223968748198e-12,85,2.8787704858812546e-11,-5.198508290504833e-12,0.0,0.0,5.0
18.499999999999993,536.5716390275358,-346.03904940941254,-3.095200195741017,4.999999994962865,5.54084866877247e-09,6.142454967995419e-13,3.0712274839977097e-13,1.2284909923614688e-12,85,2.6068730507589066e-11,-5.313527395855999e-12,0.0,0.0,5.0
18.599999999999994,536.0721769965775,-346.0622373184893,-3.095200195740894,4.99999999551695,4.931355412907124e-09,5.090664733541791e-13,2.5453323667708956e-13,1.01813294579549e-12,86,2.3588327146585597e-11,-5.190514684727532e-12,0.0,0.0,5.0
18.699999999999996,535.5727149655638,-346.0854252275686,-3.095200195740792,4.999999996010085,4.388906571506368e-09,1.3275930066789123e-12,6.637965033394561e-13,2.6551860112390313e-12,86,2.1095996477482615e-11,-5.0888182556718675e-12,0.0,0.0,5.0
18.799999999999997,535.0732529345009,-346.10861313665043,-3.0952001957405266,4.999999996448976,3.906126799790855e-09,1.1120928742207724e-12,5.560464371103862e-13,2.224185746861917e-12,87,1.887546499310111e-11,-4.82325290818153e-12,-1.3322676295501878e-15,-3.3306690691445547e-14,5.0
18.9,534.5737909033943,-346.1318010457344,-3.095200195740304,4.9999999968395885,3.476452636874683e-09,1.6482721624168066e-12,8.241360812084034e-13,3.296544322749926e-12,87,1.6726522944487954e-11,-4.600764214046649e-12,-1.3322676295501878e-15,-3.330669069664956e-14,5.0
19.0,534.0743288722487,-346.1549889548204,-3.0952001957399746,4.999999997187234,3.094042622109328e-09,1.3841559480405969e-12,6.920779740202984e-13,2.768311894523871e-12,88,1.4812814386547246e-11,-4.268585485078802e-12,-1.3322676295501878e-15,-3.330669070128113e-14,5.0
19.1,533.5748668410682,-346.17817686390816,-3.095200195739698,4.999999997496638,2.753698158386442e-09,1.711847038706216e-12,8.559235193531081e-13,3.423694075698283e-12,88,1.304787528022544e-11,-3.991917907342213e-12,-1.3322676295501878e-15,-3.3306690705403216e-14,5.0
19.200000000000003,533.0754048098569,-346.2013647729976,-3.0952001957393556,4.999999997772008,2.450791214414494e-09,1.429032331299487e-12,7.145161656497435e-13,2.858064661325425e-12,89,1.1497678026675673e-11,-3.6495251265478146e-12,1.3322676295501878e-15,3.330669070907188e-14,5.0
19.300000000000004,532.575942778618,-346.22455268208836,-3.0952001957390696,4.9999999980170875,2.1812037509505445e-09,1.6272363575936153e-12,8.136181787968077e-13,3.2544727138965635e-12,89,1.0032228520140407e-11,-3.3635316754043743e-12,1.3322676295501878e-15,3.3306690712336994e-14,5.0
19.400000000000006,532.0764807473547,-346.24774059118045,-3.095200195738744,4.999999998235208,1.941271055017069e-09,1.3654574548849636e-12,6.827287274424818e-13,2.730914908806028e-12,90,8.73610407105263e-12,-3.0406788198433787e-12,1.3322676295501878e-15,3.330669071524295e-14,5.0
19.500000000000007,531.5770187160697,-346.27092850027367,-3.095200195738471,4.9999999984293355,1.72773093609635e-09,1.4668967796534492e-12,7.334483898267246e-13,2.9337935583852973e-12,90,7.570399168654873e-12,-2.7675639557855902e-12,1.3322676295501878e-15,3.3306690717829246e-14,5.0
19.60000000000001,531.0775566847652,-346.2941164093679,-3.0952001957381774,4.999999998602108,1.5376807382949665e-09,1.2331656165317193e-12,6.165828082658596e-13,2.4663312323739056e-12,91,6.5247194582992996e-12,-2.474020988074699e-12,0.0,0.0,5.0
19.70000000000001,530.5780946534435,-346.3173043184631,-3.095200195737931,4.999999998755876,1.3685363065008006e-09,1.2775745375068248e-12,6.387872687534124e-13,2.5551490743778652e-12,91,5.5866526682546436e-12,-2.227551476607914e-12,0.0,0.0,5.0
19.80000000000001,530.0786326221064,-346.3404922275591,-3.0952001957376756,4.999999998892729,1.2179977915138807e-09,1.0700212646628734e-12,5.350106323314367e-13,2.140042528851825e-12,92,4.78806642771612e-12,-1.972200180944128e-12,-1.3322676295501878e-15,-3.3306690724002884e-14,5.0
19.900000000000013,529.5791705907557,-346.36368013665583,-3.0952001957374615,4.999999999014529,1.0840183861660082e-09,1.513643012209388e-12,7.568215061046941e-13,3.0272860238221153e-12,92,4.0954635516232685e-12,-1.7581491817963979e-12,-1.3322676295501878e-15,-3.3306690725625583e-14,5.0
20.000000000000014,529.0797085593928,-346.3868680457533,-3.0952001957371587,4.999999999122931,9.647759924291678e-10,1.2700951402532604e-12,6.350475701266302e-13,2.5401902800609362e-12,93,3.576365440773055e-12,-1.4526158054195548e-12,-1.3322676295501878e-15,-3.3306690727069786e-14,5.0
20.100000000000016,528.5802465280191,-346.41005595485143,-3.0952001957369046,4.999999999219408,8.586507505015107e-10,2.2643875080394027e-12,1.1321937540197013e-12,4.528775015371781e-12,93,3.182856755934438e-12,-1.198596777385319e-12,-1.3322676295501878e-15,-3.3306690728355124e-14,5.0
20.200000000000017,528.0807844966357,-346.43324386395034,-3.0952001957364517,4.999999999305273,7.641996369045501e-10,1.8974295819722925e-12,9.487147909861463e-13,3.794859163417307e-12,94,3.138272736298575e-12,-7.456257833382551e-13,1.3322676295501878e-15,3.3306690729499073e-14,5.0
20.30000000000002,527.5813224652438,-346.4564317730498,-3.095200195736072,4.999999999381693,6.801379015541898e-10,2.5355156571962952e-12,1.2677578285981476e-12,5.0710313137654995e-12,94,3.2639654867772094e-12,-3.659295089164516e-13,1.3322676295501878e-15,3.330669073051719e-14,5.0
20.40000000000002,527.0818604338443,-346.47961968215,-3.095200195735565,4.999999999449707,6.053224588242756e-10,2.1208765738646645e-12,1.0604382869323323e-12,4.241753147262487e-12,95,3.714682749768328e-12,1.3855583347321954e-13,1.3322676295501878e-15,3.330669073142332e-14,5.0
20.50000000000002,526.582398402438,-346.5028075912506,-3.0952001957351407,4.999999999510239,5.387372326026708e-10,2.519621938082335e-12,1.2598109690411676e-12,5.039243875671066e-12,95,4.305104883695066e-12,5.626610288800293e-13,1.3322676295501878e-15,3.330669073222977e-14,5.0
20.600000000000023,526.0829363710257,-346.5259955003518,-3.0952001957346367,4.999999999564112,4.794765473548069e-10,2.103113005452213e-12,1.0515565027261064e-12,4.206226010537737e-12,96,5.2402123439099224e-12,1.0667022820598504e-12,5.833111771380572e-13,1.458277942590885e-11,5.0
20.700000000000024,525.583474339608,-346.54918340945346,-3.095200195734216,4.99999999961206,4.267343811648061e-10,2.3335719322472452e-12,1.1667859661236226e-12,4.667143864132376e-12,96,6.3254818050140216e-12,1.4872547637878597e-12,5.833111771380572e-13,1.4582779426188533e-11,5.0
20.800000000000026,525.0840123081855,-346.57237131855555,-3.0952001957337494,4.999999999654733,3.797936187766027e-10,1.9544599857161565e-12,9.772299928580782e-13,3.908919971162389e-12,97,7.657004045570626e-12,7.87370169064161e-13,2.104982854689297e-12,5.262457135996461e-11,5.0
20.900000000000027,524.5845502767587,-346.595559227658,-3.0952001957333586,4.9999999996927125,3.3801628163132596e-10,2.063378707707958e-12,1.031689353853979e-12,4.126757415162295e-12,97,8.532129863736415e-12,1.1781686737322161e-12,2.104982854689297e-12,5.2624571360764074e-11,5.0
21.00000000000003,524.0850882453282,-346.6187471367608,-3.095200195732946,4.999999999726514,3.008347349009455e-10,1.7277407575146395e-12,8.638703787573198e-13,3.4554815148402735e-12,98,8.499837660970455e-12,-1.4526158054195548e-12,2.459810133359497e-12,6.149525332726018e-11,5.0
21.10000000000003,523.5856262138942,-346.64193504586393,-3.0952001957326005,4.999999999756597,2.6774289452191625e-10,1.761398044994786e-12,8.80699022497393e-13,3.522796089818081e-12,98,8.202521994959966e-12,-1.1071144001562061e-12,2.459810133359497e-12,6.149525332800018e-11,5.0
21.20000000000003,523.0861641824573,-346.6651229549674,-3.0952001957322484,4.9999999997833715,2.3829134221386995e-10,1.4697015534640878e-12,7.348507767320439e-13,2.939403106800824e-12,99,6.254434361911698e-12,-2.631228568361621e-12,9.394707234378075e-13,2.3486768083910025e-11,5.0
21.300000000000033,522.5867021510178,-346.68831086407107,-3.0952001957319544,4.9999999998072004,2.1207950950952183e-10,1.456145146002734e-12,7.280725730013671e-13,2.91229029189317e-12,99,5.3284598955372076e-12,-2.3372415114408795e-12,9.394707234378075e-13,2.3486768084133894e-11,5.0
21.400000000000034,522.0872401195759,-346.711498773175,-3.095200195731663,4.999999999828408,1.887507927733623e-10,1.2191417466353756e-12,6.095708733176878e-13,2.4382834931870735e-12,100,4.518436731541786e-12,-2.048583525038339e-12,1.554312234475219e-14,3.885780585921341e-13,5.0
21.500000000000036,521.5877780881318,-346.73468668227906,-3.0952001957314192,4.999999999847283,1.6798864521661019e-10,1.1887566954330708e-12,5.943783477165354e-13,2.377513390793524e-12,100,3.777714252528597e-12,-1.8047785488306545e-12,1.554312234475219e-14,3.8857805859506783e-13,5.0
21.600000000000037,521.0883160566859,-346.75787459138337,-3.0952001957311817,4.999999999864082,1.4950973792338118e-10,9.933574430956148e-13,4.966787215478074e-13,1.9867148861372237e-12,101,3.1770018473625816e-12,-1.595612530991275e-12,1.2878587085651816e-14,3.2196467712379107e-13,5.0
21.70000000000004,520.5888540252383,-346.78106250048785,-3.095200195730983,4.999999999879033,1.3306395985068776e-10,9.400667379120381e-13,4.700333689560191e-13,1.8801334757785894e-12,101,2.6561010335601765e-12,-1.397104654188297e-12,1.2878587085651816e-14,3.2196467712571654e-13,5.0
21.80000000000004,520.0893919937893,-346.80425040959244,-3.0952001957307953,4.9999999998923395,1.1842660185834575e-10,7.895438688870588e-13,3.947719344435294e-13,1.5790877377401166e-12,102,2.1540062485406186e-12,-1.2065903831626201e-12,-1.554312234475219e-14,-3.88578058602071e-13,5.0
21.90000000000004,519.5899299623388,-346.82743831869715,-3.095200195730637,4.999999999904182,1.0539933370523614e-10,7.43265098596405e-13,3.716325492982025e-13,1.4865301971643227e-12,102,1.7297586973885615e-12,-1.0484946244559978e-12,-1.554312234475219e-14,-3.8857805860391175e-13,5.0
22.000000000000043,519.0904679308873,-346.85062622780197,-3.0952001957304884,4.999999999914722,9.380531906799661e-11,6.273344417079251e-13,3.1366722085396254e-13,1.2546688833944511e-12,103,1.393944746956588e-12,-8.713030297258229e-13,-1.2878587085651816e-14,-3.2196467713031284e-13,5.0
22.100000000000044,518.5910058994345,-346.8738141369069,-3.0952001957303628,4.999999999924103,8.348628455223662e-11,5.763810481559888e-13,2.881905240779944e-13,1.1527620962944793e-12,103,1.1055878434973465e-12,-7.456257833382551e-13,-1.2878587085651816e-14,-3.21964677131521e-13,5.0
22.200000000000045,518.0915438679809,-346.89700204601195,-3.0952001957302473,4.999999999932452,7.430251969253733e-11,4.796163466404548e-13,2.398081733202274e-13,9.592326932679507e-13,104,8.881639998112312e-13,-6.328271240363392e-13,1.3322676295501878e-15,3.3306690737854776e-14,5.0
22.300000000000047,517.5920818365265,-346.92018995511705,-3.0952001957301514,4.999999999939883,6.612896896740495e-11,4.4362174752586975e-13,2.2181087376293485e-13,8.872434950410718e-13,104,6.897434012831383e-13,-5.369038547087257e-13,1.3322676295501878e-15,3.3306690737953775e-14,5.0
22.40000000000005,517.0926198050713,-346.9433778642222,-3.0952001957300626,4.999999999946495,5.885523179927077e-11,3.758397102324821e-13,1.8791985511624104e-13,7.516794204569205e-13,105,5.080931335388339e-13,-4.480860127387132e-13,-1.3322676295501878e-15,-3.330669073804187e-14,5.0
22.50000000000005,516.5931577736155,-346.96656577332743,-3.0952001957299875,4.999999999952381,5.238067757318277e-11,3.33768100877955e-13,1.668840504389775e-13,6.675362017495526e-13,105,3.5996552960604333e-13,-3.730349362740526e-13,-1.3322676295501878e-15,-3.330669073812029e-14,5.0
22.60000000000005,516.0936957421591,-346.9897536824327,-3.095200195729921,4.99999999995762,4.66183536218523e-11,2.837496319787682e-13,1.418748159893841e-13,5.674992639527262e-13,106,2.3912848697710265e-13,-3.0375701953744283e-13,0.0,0.0,5.0
22.700000000000053,515.5942337107022,-347.01294159153804,-3.095200195729864,4.999999999962282,4.1490100244345744e-11,2.4401533425513367e-13,1.2200766712756684e-13,4.880306685065858e-13,106,1.5317608292875207e-13,-2.469136006766348e-13,0.0,0.0,5.0
22.800000000000054,515.0947716792448,-347.0361295006434,-3.095200195729815,4.99999999996643,3.692655070608453e-11,2.0147626257457942e-13,1.0073813128728971e-13,4.0295252514645344e-13,107,1.0245461163488345e-13,-2.007283228522283e-13,1.3322676295501878e-15,3.3306690738307456e-14,5.0
22.900000000000055,514.595309647787,-347.0593174097488,-3.095200195729775,4.9999999999701235,3.2864200250060096e-11,1.7342852300498522e-13,8.671426150249261e-14,3.4685704600789784e-13,107,2.977479374166592e-14,-1.603162047558726e-13,1.3322676295501878e-15,3.330669073835666e-14,5.0
23.000000000000057,514.0958476163288,-347.08250531885426,-3.09520019572974,4.99999999997341,2.9249314081880587e-11,1.4397839645693395e-13,7.198919822846698e-14,2.8795679291233653e-13,108,-5.043600086185318e-15,-1.2567724638756772e-13,1.2878587085651816e-14,3.2196467713787096e-13,5.0
23.10000000000006,513.5963855848703,-347.1056932279597,-3.0952001957297113,4.9999999999763345,2.6032065392200824e-11,1.220076671274405e-13,6.100383356372025e-14,2.4401533425372604e-13,108,-5.257599910990507e-14,-9.681144774731365e-14,1.2878587085651816e-14,3.2196467713824764e-13,5.0
23.20000000000006,513.0969235534114,-347.1288811370652,-3.095200195729687,4.999999999978938,2.3168489349245648e-11,9.956947547180015e-14,4.978473773590007e-14,1.9913895094276146e-13,109,-5.6665501284303144e-14,-9.814371537686384e-14,1.354472090042691e-14,3.386180225078199e-13,5.0
23.30000000000006,512.5974615219524,-347.1520690461707,-3.095200195729667,4.999999999981255,2.061950610254826e-11,7.946859544696308e-14,3.973429772348154e-14,1.5893719089333031e-13,109,-8.665637651894542e-14,-7.815970093361102e-14,1.354472090042691e-14,3.386180225081338e-13,5.0
23.400000000000063,512.0979994904931,-347.1752569552762,-3.095200195729651,4.999999999983317,1.83509207829502e-11,7.105427357609736e-14,3.552713678804868e-14,1.4210854715172057e-13,110,-1.5602981146695116e-13,-6.350475700855895e-14,-1.2878587085651816e-14,-3.219646771391469e-13,5.0
23.500000000000064,511.5985374590336,-347.19844486438177,-3.0952001957296367,4.999999999985152,1.6332446506339694e-11,4.8616081920481095e-14,2.430804096024055e-14,9.723216384067345e-14,110,-1.483570211124885e-13,-4.929390229335695e-14,-1.2878587085651816e-14,-3.2196467713938325e-13,5.0
23.600000000000065,511.0990754275739,-347.22163277348733,-3.095200195729627,4.999999999986786,1.453575038112831e-11,3.8799373071148515e-14,1.9399686535574258e-14,7.759874614209195e-14,111,-1.2492860478746648e-13,-1.2434497875801753e-14,-1.4210854715202004e-14,-3.5527136787817223e-13,5.0
23.700000000000067,510.5996133961141,-347.2448206825929,-3.0952001957296194,4.99999999998824,1.2936407500774294e-11,2.7580277243343576e-14,1.3790138621671788e-14,5.5160554486557406e-14,111,-1.1952938638870592e-13,-4.884981308350689e-15,-1.4210854715202004e-14,-3.5527136787837887e-13,5.0
23.800000000000068,510.1001513646541,-347.26800859169845,-3.095200195729614,4.999999999989534,1.1512923947520905e-11,2.4775503286391018e-14,1.2387751643195507e-14,4.9551006572678316e-14,112,-1.2251788125694496e-13,1.7763568394002505e-15,-6.661338147750939e-16,-1.665334536930763e-14,5.0
23.90000000000007,509.600689333194,-347.291196500804,-3.095200195729609,4.999999999990685,1.0246736792396406e-11,2.8982664221813455e-14,1.4491332110906728e-14,5.796532844351892e-14,112,-1.296358853597468e-13,6.661338147750939e-15,-6.661338147750939e-16,-1.6653345369315296e-14,5.0
24.00000000000007,509.1012273017338,-347.31438440990956,-3.0952001957296034,4.99999999999171,9.119283106429067e-12,2.945012654796951e-14,1.4725063273984755e-14,5.890025309584137e-14,113,-1.4118068693280694e-13,1.2434497875801753e-14,6.661338147750939e-16,1.6653345369322125e-14,5.0
24.100000000000072,508.60176527027346,-347.3375723190152,-3.0952001957295976,4.999999999992622,8.115907945693835e-12,1.2154020480113586e-14,6.077010240056793e-15,2.4308040960191304e-14,113,-1.0206072098561947e-13,1.8207657603852567e-14,6.661338147750939e-16,1.6653345369328202e-14,5.0
24.200000000000074,508.102303238813,-347.3607602281208,-3.0952001957295954,4.999999999993434,7.222933362527329e-12,6.077010240056429e-15,3.0385051200282146e-15,1.2154020480096897e-14,114,-6.998861126067402e-14,1.9095836023552692e-14,0.0,0.0,5.0
24.300000000000075,507.6028412073525,-347.3839481372264,-3.095200195729594,4.999999999994156,6.428635401789507e-12,-3.739698609265296e-15,-1.869849304632648e-15,-7.47939721852185e-15,114,-3.9440672949808686e-14,2.042810365310288e-14,0.0,0.0,5.0
24.400000000000077,507.103379175892,-347.407136046332,-3.095200195729595,4.999999999994799,5.721290108340327e-12,-6.5444725662139575e-15,-3.2722362831069787e-15,-1.30889451324143e-14,115,-1.2008840102883944e-14,2.0872192862952943e-14,-6.661338147750939e-16,-1.66533453693427e-14,5.0
24.500000000000078,506.6039171444313,-347.43032395543764,-3.0952001957295963,4.999999999995371,5.092104515824759e-12,-1.1219095827794882e-14,-5.609547913897441e-15,-2.243819165556899e-14,115,1.1293049828609014e-14,1.9539925233402755e-14,-6.661338147750939e-16,-1.6653345369346513e-14,5.0
24.60000000000008,506.1044551129706,-347.45351186454326,-3.0952001957295985,4.99999999999588,4.5322856578877695e-12,-1.262148280626877e-14,-6.310741403134385e-15,-2.524296561251674e-14,116,3.280589775528364e-14,1.7319479184152442e-14,1.4210854715202004e-14,3.552713678794646e-13,5.0
24.70000000000008,505.60499308150986,-347.4766997736489,-3.095200195729601,4.999999999996333,4.034017564435999e-12,-1.3556407458584521e-14,-6.7782037292922605e-15,-2.7112814917149156e-14,116,5.34711164235091e-14,1.4654943925052066e-14,1.4210854715202004e-14,3.5527136787952897e-13,5.0
24.800000000000082,505.1055310500491,-347.4998876827545,-3.095200195729604,4.999999999996736,3.5904612616377567e-12,-1.4491332110900265e-14,-7.245666055450133e-15,-2.898266422178161e-14,117,7.005116972602643e-14,-1.6431300764452317e-14,1.4210854715202004e-14,3.5527136787958627e-13,5.0
24.900000000000084,504.60606901858824,-347.5230755918601,-3.095200195729607,4.999999999997095,3.195754771923021e-12,-1.4023869784741821e-14,-7.011934892370911e-15,-2.8047739569467345e-14,117,7.123815426446356e-14,-1.9539925233402755e-14,1.4210854715202004e-14,3.5527136787963726e-13,5.0
25.000000000000085,504.10660698712735,-347.5462635009657,-3.0952001957296096,4.9999999999974145,2.8440361177217713e-12,-1.4491332110899543e-14,-7.245666055449771e-15,-2.89826642217841e-14,118,4.2266645912392153e-14,-2.220446049250313e-14,-1.354472090042691e-14,-3.3861802251032257e-13,5.0
25.100000000000087,503.60714495566646,-347.56945141007134,-3.0952001957296127,4.999999999997699,2.5313973139873272e-12,-1.2621482806267077e-14,-6.3107414031335395e-15,-2.5242965612522537e-14,118,4.081804338973427e-14,-2.531308496145357e-14,-1.354472090042691e-14,-3.386180225103611e-13,5.0
25.200000000000088,503.1076829242055,-347.59263931917695,-3.0952001957296154,4.999999999997952,2.252953379411338e-12,-1.3088945132424873e-14,-6.5444725662124366e-15,-2.617789026483902e-14,119,6.303280380287601e-14,-8.881784197001252e-16,-1.4210854715202004e-14,-3.5527136787975903e-13,5.0
25.30000000000009,502.60822089274455,-347.61582722828257,-3.095200195729618,4.9999999999981775,2.004796328947123e-12,-1.0751633501634538e-14,-5.375816750817269e-15,-2.1503267003261238e-14,119,7.249409406107077e-14,-3.552713678800501e-15,-1.4210854715202004e-14,-3.552713678797911e-13,5.0
25.40000000000009,502.10875886128355,-347.6390151373882,-3.0952001957296202,4.999999999998378,1.7839951738096717e-12,-1.1219095827792397e-14,-5.6095479138961984e-15,-2.2438191655577514e-14,120,7.883396626467976e-14,-4.440892098500626e-15,-6.661338147750939e-16,-1.6653345369366544e-14,5.0
25.500000000000092,501.60929682982254,-347.6622030464938,-3.0952001957296225,4.999999999998557,1.587618925213974e-12,1.8698493046320417e-15,9.349246523160208e-16,3.739698609263004e-15,120,8.631984016460592e-14,-6.661338147750939e-15,-6.661338147750939e-16,-1.6653345369367737e-14,5.0
25.600000000000094,501.10983479836153,-347.6853909555994,-3.095200195729622,4.999999999998716,1.4127365943750193e-12,-4.674623261580049e-16,-2.3373116307900245e-16,-9.349246523157696e-16,121,9.465095807820179e-14,-6.217248937900877e-15,0.0,0.0,5.0
25.700000000000095,500.6103727669005,-347.70857886470503,-3.095200195729622,4.999999999998857,1.2573941887694673e-12,-9.34924652316e-16,-4.67462326158e-16,-1.8698493046315723e-15,121,1.0213704881856245e-13,-6.217248937900877e-15,0.0,0.0,5.0
25.800000000000097,500.11091073543946,-347.73176677381065,-3.095200195729622,4.999999999998983,1.1186607196123077e-12,-2.804773956947974e-15,-1.402386978473987e-15,-5.609547913894808e-15,122,1.0519558314714406e-13,-6.217248937900877e-15,0.0,0.0,5.0
25.900000000000098,499.6114487039784,-347.75495468291626,-3.0952001957296225,4.999999999999095,9.955591906418705e-13,-2.3373116307899592e-15,-1.1686558153949796e-15,-4.674623261579073e-15,122,1.1004738786901669e-13,-6.661338147750939e-15,0.0,0.0,5.0
26.0000000000001,499.11198667251733,-347.7781425920219,-3.095200195729623,4.999999999999194,8.86135609334815e-13,-3.7396986092639074e-15,-1.8698493046319537e-15,-7.47939721852661e-15,123,1.1574020821608633e-13,-7.105427357601002e-15,6.661338147750939e-16,1.6653345369371984e-14,5.0
26.1000000000001,498.61252464105627,-347.8013305011275,-3.095200195729624,4.999999999999283,7.884359831678012e-13,-2.804773956947912e-15,-1.402386978473956e-15,-5.60954791389502e-15,123,1.2059103715600372e-13,-7.993605777301127e-15,6.661338147750939e-16,1.6653345369372574e-14,5.0
26.200000000000102,498.1130626095952,-347.8245184102331,-3.0952001957296242,4.999999999999362,7.01483315879159e-13,-4.207160935421844e-15,-2.103580467710922e-15,-8.414321870842616e-15,124,1.2366453347456563e-13,-9.769962616701378e-15,1.4210854715202004e-14,3.5527136787995947e-13,5.0
26.300000000000104,497.6136005781341,-347.8477063193387,-3.095200195729625,4.9999999999994325,6.243006112072181e-13,-2.3373116307899012e-15,-1.1686558153949506e-15,-4.674623261579272e-15,124,1.252158099429579e-13,-1.0658141036401503e-14,1.4210854715202004e-14,3.5527136787996947e-13,5.0
26.400000000000105,497.11413854667296,-347.87089422844434,-3.0952001957296256,4.999999999999495,5.559108728903085e-13,-3.739698609263825e-15,-1.8698493046319123e-15,-7.479397218526893e-15,125,1.2662375488414757e-13,-3.8191672047105385e-14,1.354472090042691e-14,3.3861802251060433e-13,5.0
26.500000000000107,496.61467651521184,-347.89408213754996,-3.0952001957296265,4.999999999999551,4.943601084050897e-13,-1.8698493046319044e-15,-9.349246523159522e-16,-3.739698609263473e-15,125,1.1463052729254741e-13,-3.907985046680551e-14,1.354472090042691e-14,3.3861802251061186e-13,5.0
26.600000000000108,496.1152144837507,-347.9172700466556,-3.095200195729627,4.9999999999996,4.3964831775156204e-13,-3.272236283105821e-15,-1.6361181415529107e-15,-6.544472566211119e-15,126,7.511385177044749e-14,-3.952393967665557e-14,-1.354472090042691e-14,-3.386180225106186e-13,5.0
26.70000000000011,495.6157524522896,-347.9404579557612,-3.0952001957296273,4.999999999999645,3.9079850466805515e-13,-1.4023869784739186e-15,-7.011934892369593e-16,-2.804773956947638e-15,126,6.31196483968921e-14,-3.9968028886505635e-14,-1.354472090042691e-14,-3.3861802251062463e-13,5.0
26.80000000000011,495.1162904208285,-347.9636458648668,-3.095200195729628,4.999999999999684,3.4781066915456906e-13,-2.8047739569478294e-15,-1.4023869784739147e-15,-5.609547913895304e-15,127,7.742688868522807e-14,-1.3322676295501878e-14,-1.4210854715202004e-14,-3.5527136788000516e-13,5.0
26.900000000000112,494.61682838936736,-347.9868337739724,-3.0952001957296282,4.9999999999997184,3.097078149494337e-13,-9.349246523159408e-16,-4.674623261579704e-16,-1.8698493046317762e-15,127,7.897849041427207e-14,-1.3766765505351941e-14,-1.4210854715202004e-14,-3.552713678800101e-13,5.0
27.000000000000114,494.11736635790623,-348.01002168307804,-3.0952001957296282,4.9999999999997495,2.755129457909789e-13,-2.804773956947816e-15,-1.402386978473908e-15,-5.609547913895351e-15,128,8.004718849569104e-14,-1.2434497875801753e-14,-6.661338147750939e-16,-1.665334536937568e-14,5.0
27.100000000000115,493.6179043264451,-348.03320959218365,-3.0952001957296287,4.999999999999777,2.452260616792046e-13,9.349246523159367e-15,4.674623261579683e-15,1.86984930463179e-14,128,8.226058723082019e-14,-1.2878587085651816e-14,-6.661338147750939e-16,-1.6653345369375865e-14,5.0
27.200000000000117,493.118442294984,-348.05639750128927,-3.095200195729627,4.999999999999802,2.1787016635244073e-13,6.544472566211544e-15,3.272236283105772e-15,1.308894513242257e-14,129,8.53195552402708e-14,-1.1102230246251565e-14,0.0,0.0,5.0
27.300000000000118,492.6189802635229,-348.0795854103949,-3.0952001957296256,4.999999999999824,1.9344525981068729e-13,5.609547913895601e-15,2.8047739569478006e-15,1.1219095827790808e-14,129,8.753067715083773e-14,-9.769962616701378e-15,0.0,0.0,5.0
27.40000000000012,492.11951823206175,-348.1027733195005,-3.0952001957296242,4.999999999999844,1.7195134205394427e-13,3.2722362831057623e-15,1.636118141552881e-15,6.5444725662113195e-15,130,8.795568440245205e-14,-8.43769498715119e-15,0.0,0.0,5.0
27.50000000000012,491.62005620060063,-348.1259612286061,-3.095200195729624,4.999999999999861,1.5338841308221164e-13,2.8047739569477927e-15,1.4023869784738964e-15,5.609547913895429e-15,130,9.016745683432248e-14,-7.993605777301127e-15,0.0,0.0,5.0
27.600000000000122,491.1205941691395,-348.14914913771173,-3.0952001957296233,4.999999999999876,1.3677947663381929e-13,9.3492465231593e-16,4.67462326157965e-16,1.8698493046318133e-15,131,9.322805114703181e-14,-7.549516567451064e-15,6.661338147750939e-16,1.665334536937652e-14,5.0
27.700000000000124,490.6211321376784,-348.17233704681735,-3.0952001957296233,4.999999999999889,1.2212453270876722e-13,1.4023869784738934e-15,7.011934892369467e-16,2.8047739569477245e-15,131,9.544101620129197e-14,-7.549516567451064e-15,6.661338147750939e-16,1.665334536937661e-14,5.0
27.800000000000125,490.1216701062172,-348.19552495592296,-3.095200195729623,4.999999999999901,1.084465850453853e-13,4.674623261579641e-16,2.3373116307898204e-16,9.349246523159096e-16,132,9.324377207853285e-14,-8.43769498715119e-15,1.4210854715202004e-14,3.552713678800361e-13,5.0
27.900000000000126,489.62220807475603,-348.2187128650286,-3.095200195729623,4.999999999999912,9.672262990534364e-14,-0.5333813346186587,-0.2870786893047726,-1.1326067233558097,132,9.215891938474385e-14,-8.43769498715119e-15,1.4210854715202004e-14,3.552713678800376e-13,5.0
28.000000000000128,489.13662076118607,-348.0995282984947,3.0747244391143824,4.999999999999922,8.597567102697213e-14,-0.596464359428796,-0.327271795333871,-1.2858433140758594,133,-0.14157584041936255,-0.11326067233561687,1.354472090042691e-14,3.3861802251066214e-13,5.0
28.10000000000013,488.6749571840492,-347.9075211591868,2.9461401077067966,4.999999999999931,7.620570841027076e-14,-0.6108652381980153,-0.33676726103229854,-1.3217507005445128,133,-0.3547864182549784,-0.24184500374320272,1.354472090042691e-14,3.3861802251066335e-13,5.0
28.20000000000013,488.24411580441364,-347.653797479579,2.8139650376523453,4.999999999999939,6.741274205523951e-14,-0.6108652381980153,-0.33676726103229854,-1.321750700544515,134,-0.6282177286482861,-0.374020073797654,-1.4210854715202004e-14,-3.552713678800414e-13,5.0
28.300000000000132,487.8504707855518,-347.34550606042296,2.6817899675978936,4.999999999999946,5.959677196187841e-14,-0.6004202665007194,-0.32986763308089534,-1.2956712033843838,134,-0.9544330554702246,-0.5061951438521053,-1.4210854715202004e-14,-3.552713678800424e-13,5.0
28.400000000000134,487.49843105189024,-346.9904454657022,2.552222847259455,4.999999999999952,5.2757798130187444e-14,-0.599503686677167,-0.32926534173708716,-1.293391692743803,135,-1.3254377580237393,-0.6357622641905154,-1.4210854715202004e-14,-3.552713678800433e-13,5.0
28.500000000000135,487.1949783166663,-346.59305845347717,2.422883677985075,4.999999999999957,4.6895820560166616e-14,-0.5450931151920898,-0.2943780937003613,-1.1605790106313094,135,-1.7364700757125544,-0.7651014334648956,-1.4210854715202004e-14,-3.5527136788004403e-13,5.0
28.600000000000136,486.9303563353568,-346.16882360459294,2.306825776921944,4.999999999999962,4.201083925181593e-14,-0.5319463339629058,-0.2861891320880008,-1.1291936668316696,145,-1.5290853692856636,0.8746465075178673,0.0,0.0,5.0
28.700000000000138,486.7129454636531,-345.718565331082,2.193906410238777,4.999999999999966,3.712585794346524e-14,-0.4749928939573768,-0.251679378903725,-0.9961231227678501,145,-1.2515461033207163,0.7617271408347002,0.0,0.0,5.0
28.80000000000014,486.5314709904641,-345.2526608177096,2.094294097961992,4.99999999999997,3.321787289678469e-14,-0.45166206855130026,-0.23795782435300228,-0.9428739575266447,146,-1.0074366381762274,0.6621148285579153,0.0,0.0,5.0
28.90000000000014,486.3906332021954,-344.7729059663578,2.0000067022093275,4.999999999999973,2.930988785010413e-14,-0.3958927719502327,-0.20601515867787104,-0.818243828383592,146,-0.8016603214226562,0.5678274328052508,0.0,0.0,5.0
29.000000000000142,486.2799598483747,-344.2853083774035,1.9181823193709684,4.999999999999976,2.6378899065093722e-14,-0.3664700989673443,-0.18959885038440336,-0.7538597966798046,146,-0.6246754436964085,0.4860030499668917,0.0,0.0,5.0
29.100000000000144,486.2013932360123,-343.79151967013905,1.8427963397029878,4.999999999999979,2.3447910280083308e-14,-0.3160429307335743,-0.16206772914683087,-0.6454367328213504,147,-0.4786338915894322,0.41061707029891115,0.0,0.0,5.0
29.200000000000145,486.1465377392037,-343.29453790541334,1.778252666420853,4.999999999999981,2.0516921495072894e-14,-0.28505540896019066,-0.1454827283077886,-0.5798803014726891,147,-0.3556348225642704,0.3460733970167762,0.0,0.0,5.0
29.300000000000146,486.1155707650538,-342.7954977802611,1.720264636273584,4.999999999999983,1.856292897173262e-14,-0.24282811153321038,-0.12323053581498035,-0.4916755235452172,148,-0.25601072718183876,0.28808536686950736,0.0,0.0,5.0
29.400000000000148,486.10245338338916,-342.2956698755796,1.6710970839190624,4.999999999999985,1.6608936448392344e-14,-0.2137404215696123,-0.10810485896569426,-0.43157767135843056,148,-0.1739561612079307,0.23891781451498573,0.0,0.0,5.0
29.50000000000015,486.1063553947016,-341.79568510150375,1.6279393167832195,4.999999999999987,1.4654943925052066e-14,-0.18058957966202627,-0.0910370148918184,-0.3636452740035587,149,-0.10873606348918351,0.19576004737914277,0.0,0.0,5.0
29.60000000000015,486.1232991625378,-341.295972275241,1.5915747893828636,4.9999999999999885,1.2700951401711791e-14,-0.155282238203211,-0.0781119847474837,-0.3121303033201648,149,-0.056470202148667145,0.15939551997878687,0.0,0.0,5.0
29.700000000000152,486.151950220957,-340.7967938333473,1.5603617590508472,4.999999999999989,1.1723955140041654e-14,-0.13054893728102226,-0.06555377594207705,-0.2620273413963136,150,-0.01587317319949043,0.12818248964677048,0.0,0.0,5.0
29.800000000000153,486.189907838851,-340.298236695956,1.5341590249112158,4.99999999999999,1.0746958878371517e-14,-0.10961404588695073,-0.05497214842083657,-0.21977786216592768,150,0.015420716659116852,0.10197975550713911,0.0,0.0,5.0
29.900000000000155,486.23564852311495,-339.80033330190946,1.512181238694623,4.999999999999991,9.769962616701378e-15,-0.09189931224493829,-0.04604687804482517,-0.18412242982264254,151,0.03891586504023958,0.08000196929054626,0.0,0.0,5.0
30.000000000000156,486.2878840184613,-339.3030693347593,1.4937689957123588,4.999999999999992,8.79296635503124e-15,-0.07516838780126993,-0.03763735933836886,-0.15051389588098324,151,0.05589014847930192,0.06158972630828208,0.0,0.0,5.0
30.100000000000158,486.34509081204243,-338.80635273269314,1.4787176061242604,4.999999999999993,7.815970093361103e-15,-0.06292862156953427,-0.03149549140295821,-0.12596113834088696,152,0.06786518684265418,0.046538336720183704,0.0,0.0,5.0
30.20000000000016,486.40672078388553,-338.3101655234962,1.4661214922901717,4.999999999999994,6.838973831690965e-15,-0.04988882491975616,-0.024959943126761207,-0.0998294061542013,152,0.07538632583752229,0.03394222288609505,0.0,0.0,5.0
30.30000000000016,486.4713567805848,-337.8143609370605,1.4561385516747516,4.999999999999995,5.861977570020827e-15,-0.04173520081481789,-0.020876691303027,-0.08350069946520225,153,0.07987740532558685,0.023959282270674898,0.0,0.0,5.0
30.400000000000162,486.5389167282094,-337.31894630922136,1.4477884817282314,4.999999999999996,4.884981308350689e-15,-0.03177325050987916,-0.015890635810797492,-0.06355986822289732,153,0.08141869836841256,0.015609212324154687,0.0,0.0,5.0
30.500000000000163,486.6081428723857,-336.8237617567942,1.4414324949059416,4.9999999999999964,3.907985046680551e-15,-0.02657140621506172,-0.013288048579731206,-0.053150630132442936,154,0.08127798662696259,0.009253225501864915,0.0,0.0,5.0
30.600000000000165,486.67922715006597,-336.3288405252162,1.4361174318926972,4.9999999999999964,3.907985046680551e-15,-0.019093053349139417,-0.00954739678775927,-0.03818900697247415,154,0.07926058056185185,0.003938162488620556,0.0,0.0,5.0
30.700000000000166,486.75109054886417,-335.8340318228744,1.43229853119545,4.9999999999999964,3.907985046680551e-15,-0.015964849603446282,-0.007982933467104098,-0.031931394716022965,155,0.07645597811941153,0.00011926179137322634,0.0,0.0,5.0
30.800000000000168,486.8240692793279,-335.3393863893567,1.4291053917238477,4.9999999999999964,3.907985046680551e-15,-0.010444175600133327,-0.0052222302113341225,-0.020888825899442628,155,0.07252418280379058,-0.0030738776802290424,0.0,0.0,5.0
30.90000000000017,486.8972619055608,-334.8447725607337,1.4270165091339033,4.9999999999999964,3.907985046680551e-15,-0.008732503272942177,-0.004366334876948766,-0.017465284012080223,156,0.06837617643978634,-0.005162760270173372,0.0,0.0,5.0
31.00000000000017,486.97106432855054,-334.35024935363333,1.4252699807326954,4.9999999999999964,3.907985046680551e-15,-0.004726291001238177,-0.0023631586975764087,-0.009452625992238272,156,0.06361170097227987,-0.006909288671381297,0.0,0.0,5.0
31.100000000000172,487.0447398308287,-333.8557072215919,1.4243247181334715,4.9999999999999964,3.907985046680551e-15,-0.00395163504653747,-0.0019758252366037375,-0.007903295804152465,157,0.05897554372327382,-0.007854551270605192,0.0,0.0,5.0
31.200000000000173,487.118691241091,-333.3612062722296,1.4235343885530563,4.9999999999999964,3.907985046680551e-15,-0.0010977558020287452,-0.0005488780663731937,-0.0021955121552534947,157,0.05406043463357887,-0.008644880851020442,0.0,0.0,5.0
31.300000000000175,487.1923278283865,-332.86665834430806,1.4233148373375308,4.9999999999999964,3.907985046680551e-15,-0.000917825862902703,-0.00045891302809893017,-0.001835652047963974,158,0.049463619933320074,-0.008864432066545858,0.0,0.0,5.0
31.400000000000176,487.26602850163897,-332.37211996282275,1.4231312721327345,4.9999999999999964,3.907985046680551e-15,0.0010730100303071696,0.000536505169579962,0.002146020575368871,158,0.04480201492152593,-0.0090479972713422,0.0,0.0,5.0
31.500000000000178,487.3393276581822,-331.87752191020826,1.4233458741902714,4.9999999999999964,3.907985046680551e-15,0.0008971364727176906,0.0004485683266168315,0.0017942732462953104,159,0.04054632025541759,-0.008833395213805328,0.0,0.0,5.0
31.60000000000018,487.41256416576914,-331.38291457710807,1.423525301514901,4.9999999999999964,3.907985046680551e-15,0.002251824610924701,0.0011259137327590044,0.00450365397950256,159,0.036353955936461305,-0.008653967889175718,0.0,0.0,5.0
31.70000000000018,487.4853768804525,-330.88824467850856,1.4239756669128512,4.9999999999999964,3.907985046680551e-15,0.0018827376252664974,0.0009413696468517227,0.003765478031260278,160,0.03258996441038041,-0.008203602491225537,0.0,0.0,5.0
31.800000000000182,487.55805809876347,-330.39355544221485,1.4243522147159773,4.9999999999999964,3.907985046680551e-15,0.0027763497237449294,0.0013881775369314563,0.005552708364346459,160,0.02895887990562265,-0.00782705468809941,0.0,0.0,5.0
31.900000000000183,487.6303319872855,-329.8988065311115,1.424907485552412,4.9999999999999964,3.907985046680551e-15,0.0023212918548906752,0.0011606474909523759,0.004642588921468737,161,0.025739463575868236,-0.007271783851664715,0.0,0.0,5.0
32.000000000000185,487.70244372252967,-329.4040339594788,1.4253717444445588,4.9999999999999964,3.907985046680551e-15,0.0028868347141739487,0.0014434203643864253,0.0057736794526712515,161,0.022683914414315734,-0.006807524959517863,0.0,0.0,5.0
32.100000000000186,487.7741858268592,-328.90920765614965,1.425949112389826,4.9999999999999964,3.907985046680551e-15,0.0024136683823441835,0.001206835948866819,0.00482734262366746,162,0.020001874978824094,-0.00623015701425067,0.0,0.0,5.0
32.20000000000019,487.84575929837195,-328.4143569330264,1.4264318466521928,4.9999999999999964,3.907985046680551e-15,0.002750648965814779,0.0013753270843625462,0.005501306603140346,162,0.017490225009205364,-0.0057474227518838905,0.0,0.0,5.0
32.30000000000019,487.91701049537147,-327.9194597043757,1.4269819773125068,4.9999999999999964,3.907985046680551e-15,0.0022998038747595985,0.0011499034578677796,0.004599612817809847,163,0.015304184139878545,-0.005197292091569938,0.0,0.0,5.0
32.40000000000019,487.9881009920065,-327.4245393660502,1.4274419385942878,4.9999999999999964,3.907985046680551e-15,0.0024814976780790305,0.001240750749122787,0.004963001723098473,163,0.013280495348153967,-0.004737330809788887,0.0,0.0,5.0
32.50000000000019,488.05891887150585,-326.9295799455487,1.4279382387665978,4.9999999999999964,3.907985046680551e-15,0.0020747672252813057,0.0010373847290375405,0.0041495381718840065,164,0.011532208880286124,-0.0042410306374789375,0.0,0.0,5.0
32.60000000000019,488.1295917574506,-326.4345998013083,1.4283531925837862,4.9999999999999964,3.907985046680551e-15,0.0021542313688479196,0.001077116934071543,0.004308466903185896,164,0.009930388666089258,-0.0038260768202904583,0.0,0.0,5.0
32.700000000000195,488.20003957554485,-325.93958757426157,1.428784039274105,4.9999999999999964,3.907985046680551e-15,0.001801140982877894,0.0009005712218267126,0.0036022844003809,165,0.008555910454076438,-0.0033952301299717824,0.0,0.0,5.0
32.800000000000196,488.27036150926904,-325.44455744827195,1.429144267714143,4.9999999999999964,3.907985046680551e-15,0.0018160857453159858,0.0009080436213779682,0.003632173986364417,165,0.007308582293767171,-0.0030350016899336474,0.0,0.0,5.0
32.9000000000002,488.34050141525046,-324.94950149831385,1.4295074851127796,4.9999999999999964,3.907985046680551e-15,0.0015184188368512436,0.0007592098560333789,0.0030368391323946807,166,0.0062451040613754095,-0.002671784291297108,0.0,0.0,5.0
33.0000000000002,488.41053518772765,-324.4544305228845,1.4298111690260191,4.9999999999999964,3.907985046680551e-15,0.0014950828571365573,0.0007475418463082583,0.002990167106739408,166,0.005288817426758144,-0.0023681003780575693,0.0,0.0,5.0
33.1000000000002,488.4804243886227,-323.9593391175882,1.4301101857366931,4.9999999999999964,3.907985046680551e-15,0.0012500298716776985,0.0006250151799970729,0.0025000605572160174,167,0.004478538515564458,-0.0020690836673835644,0.0,0.0,5.0
33.2000000000002,488.5502262097256,-323.46423538525454,1.4303601917924147,4.9999999999999964,3.907985046680551e-15,0.0012062118537118512,0.0006031061462278005,0.0024124244386631803,167,0.0037565045228178037,-0.001819077611662001,0.0,0.0,5.0
33.3000000000002,488.6199150973268,-322.9691157442132,1.430601434236281,4.9999999999999964,3.907985046680551e-15,0.0010085063684318399,0.0005042533124330521,0.0020170131642540763,168,0.003148518939960371,-0.0015778351677957492,0.0,0.0,5.0
33.400000000000205,488.6895334843291,-322.47398618521754,1.4308031355527064,4.9999999999999964,3.907985046680551e-15,0.0009558998778196511,0.00047795004809089156,0.0019118001195761554,168,0.0026117281154112784,-0.0013761338513702537,0.0,0.0,5.0
33.500000000000206,488.75906502550083,-321.9788444229087,1.430994315564664,4.9999999999999964,3.907985046680551e-15,0.0007992219550437602,0.00039961104133534104,0.0015984441227990425,169,0.0021626362741418853,-0.001184953839412639,0.0,0.0,5.0
33.60000000000021,488.8285406939358,-321.48369481774324,1.431154159976944,4.9999999999999964,3.907985046680551e-15,0.0007451861726206385,0.00037259313803578815,0.0014903725176594962,169,0.0017699649154898217,-0.0010251094271327421,0.0,0.0,5.0
33.70000000000021,488.89795059276463,-320.98853598873524,1.4313031972287098,4.9999999999999964,3.907985046680551e-15,0.00062304548306948,0.0003115227717669093,0.001246091066912853,170,0.0014437067940853022,-0.0008760721753668932,0.0,0.0,5.0
33.80000000000021,488.96731693374494,-320.49337105587045,1.4314278063354011,4.9999999999999964,3.907985046680551e-15,0.0005719276780255326,0.00028596386239755183,0.001143855434000347,170,0.0011614321072806952,-0.000751463068675573,0.0,0.0,5.0
33.90000000000021,489.03663422820074,-319.99819925468495,1.4315421918788012,4.9999999999999964,3.907985046680551e-15,0.0004781851179866397,0.00023909257266110695,0.0009563702815325681,171,0.0009286825125512238,-0.0006370775252755312,0.0,0.0,5.0
34.00000000000021,489.105918091344,-319.5030227747226,1.4316378289069545,4.9999999999999964,3.907985046680551e-15,0.00043229272240617674,0.0002161463713012846,0.0008645854784730065,171,0.0007296900415031601,-0.0005414404971222364,0.0,0.0,5.0
34.100000000000215,489.1751659595165,-319.00784125976713,1.4317242874548017,4.9999999999999964,3.907985046680551e-15,0.0003614372022657128,0.00018071860703498384,0.000722874424205183,172,0.0005670429814685993,-0.0004549819492749574,0.0,0.0,5.0
34.200000000000216,489.24438855809814,-318.51265621168346,1.4317965748972223,4.9999999999999964,3.907985046680551e-15,0.00032174026797309705,0.000160870138149739,0.0006434805498234951,172,0.0004299113120735387,-0.000382694506854353,0.0,0.0,5.0
34.30000000000022,489.313585189589,-318.01746753431865,1.4318609229522048,4.9999999999999964,3.907985046680551e-15,0.0002690049914532324,0.0001345024981598903,0.0005380099910173781,173,0.0003189991286109226,-0.00031834645187189814,0.0,0.0,5.0
34.40000000000022,489.3827630135585,-317.52227622919423,1.4319147239513066,4.9999999999999964,3.907985046680551e-15,0.00023563434145756418,0.00011781717236418879,0.0004712686883664837,173,0.0002270771522570117,-0.0002645454527701041,0.0,0.0,5.0
34.50000000000022,489.4519224581216,-317.02708235682934,1.4319618508201433,4.9999999999999964,3.907985046680551e-15,0.00019701237184930234,9.850618688050286e-05,0.0003940247468847767,174,0.00015371301231732575,-0.0002174185839334264,0.0,0.0,5.0
34.60000000000022,489.521068128403,-316.531886560925,1.4320012532948319,4.9999999999999964,3.907985046680551e-15,0.00016960530346278276,8.480265234124879e-05,0.00033921060895842335,174,9.425681392110502e-05,-0.00017801610924483846,0.0,0.0,5.0
34.70000000000022,489.5902010726544,-316.0366889882137,1.4320351743557278,4.9999999999999964,3.907985046680551e-15,0.00014180591292817783,7.090295682053434e-05,0.0002836118270445069,175,4.765008554993323e-05,-0.0001440950483488912,0.0,0.0,5.0
34.800000000000225,489.6593241023604,-315.54149003146574,1.4320635355384324,4.9999999999999964,3.907985046680551e-15,0.00011973994934122655,5.986997488521204e-05,0.00023947989939778218,175,1.1054039832272822e-05,-0.00011573386564434074,0.0,0.0,5.0
34.900000000000226,489.7284385511491,-315.0462898770144,1.4320874835283721,4.9999999999999964,3.907985046680551e-15,0.00010011380792543296,5.005690408814374e-05,0.00020022761626895666,176,-1.6877905510182672e-05,-9.17858757045753e-05,0.0,0.0,5.0
35.00000000000023,489.7975460003168,-314.5510887456854,1.432107506289999,4.9999999999999964,3.907985046680551e-15,8.265963106156635e-05,4.1329815601380856e-05,0.00016531926235845818,176,-3.774239133930851e-05,-7.176311407763869e-05,0.0,0.0,5.0
35.10000000000023,489.8666478558499,-314.0558868337728,1.4321240382162348,4.9999999999999964,3.907985046680551e-15,6.911119019521755e-05,3.455559513887123e-05,0.00013822238052797655,177,-5.295904055879069e-05,-5.523118784189762e-05,0.0,0.0,5.0
35.20000000000023,489.93574487934524,-313.5606842476082,1.4321378604542876,4.9999999999999964,3.907985046680551e-15,5.5528325464202925e-05,2.7764162753503434e-05,0.00011105665099974569,177,-6.329683693553911e-05,-4.140894978910126e-05,0.0,0.0,5.0
35.30000000000023,490.0048384211657,-313.06548117564813,1.4321489661193876,4.9999999999999964,3.907985046680551e-15,4.642687863835434e-05,2.321343933168605e-05,9.285375731840489e-05,178,-7.011923046489586e-05,-3.0303284689114918e-05,0.0,0.0,5.0
35.40000000000023,490.07392871695737,-312.57027765079454,1.4321582514951194,4.9999999999999964,3.907985046680551e-15,3.6019703911767045e-05,1.8009851961725106e-05,7.203940784300598e-05,178,-7.366415312856645e-05,-2.101790895725486e-05,0.0,0.0,5.0
35.500000000000234,490.1430169914325,-312.0750738439331,1.4321654554359038,4.9999999999999964,3.907985046680551e-15,3.0115844610257593e-05,1.5057922308543046e-05,6.023168923189597e-05,179,-7.516818161704304e-05,-1.3813968172904367e-05,0.0,0.0,5.0
35.600000000000236,490.2121031602949,-311.5798697433121,1.432171478604827,4.9999999999999964,3.907985046680551e-15,2.2262815739491595e-05,1.113140787112507e-05,4.4525631483580736e-05,179,-7.454620452437832e-05,-7.790799249729474e-06,0.0,0.0,5.0
35.70000000000024,490.2811882908852,-311.0846654978423,1.4321759311679754,4.9999999999999964,3.907985046680551e-15,1.8613798181782085e-05,9.306899091697191e-06,3.7227596366251305e-05,180,-7.287590018895118e-05,-3.3382361013245543e-06,0.0,0.0,5.0
35.80000000000024,490.35027212005167,-310.58946107081476,1.432179653927612,4.9999999999999964,3.907985046680551e-15,1.2779188638676964e-05,6.389594319599349e-06,2.555837727822347e-05,180,-6.98915687136134e-05,3.8452353523510396e-07,0.0,0.0,5.0
35.90000000000024,490.41935555035326,-310.0942565881434,1.4321822097653398,4.9999999999999964,3.907985046680551e-15,1.0684598074944056e-05,5.342299037624499e-06,2.1369196150396335e-05,181,-6.650450977039105e-05,2.9403612631373477e-06,0.0,0.0,5.0
36.00000000000024,490.4884382336178,-309.5990520012574,1.4321843466849549,4.9999999999999964,3.907985046680551e-15,6.419331321114608e-06,3.2096656605903696e-06,1.2838662642339427e-05,181,-6.236317960352927e-05,5.077280878174051e-06,0.0,0.0,5.0
36.10000000000024,490.5575209147598,-309.1038474140753,1.432185630551219,4.9999999999999964,3.907985046680551e-15,5.367161960173328e-06,2.68358098010599e-06,1.0734323920411069e-05,182,-5.821970634584464e-05,6.361147142364132e-06,0.0,0.0,5.0
36.200000000000244,490.6266032206448,-308.6086427745437,1.4321867039836111,4.9999999999999964,3.907985046680551e-15,2.3032897720033917e-06,1.1516448860032233e-06,4.606579544011872e-06,182,-5.3697342284088345e-05,7.434579534448815e-06,0.0,0.0,5.0
36.300000000000246,490.695685753583,-308.11343816668665,1.4321871646415656,4.9999999999999964,3.907985046680551e-15,1.9257658784557257e-06,9.628829392287554e-07,3.8515317569144245e-06,183,-4.940423006354923e-05,7.895237488897422e-06,0.0,0.0,5.0
36.40000000000025,490.76476815187704,-307.6182335400464,1.4321875497947414,4.9999999999999964,3.907985046680551e-15,-2.3233901516156148e-07,-1.1616950758078231e-07,-4.646780303231279e-07,183,-4.497516984298261e-05,8.280390664694437e-06,0.0,0.0,5.0
36.50000000000025,490.83385089379317,-307.12302896134247,1.4321875033269384,4.9999999999999964,3.907985046680551e-15,-1.9425717105067774e-07,-9.712858552533979e-08,-3.885143421013583e-07,184,-4.089305924539523e-05,8.233922861755616e-06,1.887379141862766e-15,4.7184478546569084e-14,5.0
36.60000000000025,490.90293364929124,-306.62782438453326,1.4321874644755042,4.9999999999999964,3.907985046680551e-15,-1.6799949740102883e-06,-8.399974870057368e-07,-3.35998994802255e-06,184,-3.6824662111509254e-05,8.195071427463674e-06,1.887379141862766e-15,4.7184478546569084e-14,5.0
36.70000000000025,490.9720167919008,-306.13261986172756,1.4321871284765093,4.9999999999999964,3.907985046680551e-15,-1.4046330769844024e-06,-7.023165384925475e-07,-2.8092661539699576e-06,185,-3.314712514866647e-05,7.859072428839653e-06,0.0,0.0,5.0
36.80000000000025,491.0411000327183,-305.6374153526223,1.432186847549894,4.9999999999999964,3.907985046680551e-15,-2.3993143511679473e-06,-1.1996571755857e-06,-4.798628702341647e-06,185,-2.9568747194147482e-05,7.578145813535997e-06,0.0,0.0,5.0
36.900000000000254,491.1101836589373,-305.1422108972825,1.4321863676870237,4.9999999999999964,3.907985046680551e-15,-2.0060514166728704e-06,-1.0030257083374444e-06,-4.012102833349102e-06,186,-2.6379502887908385e-05,7.098282946982337e-06,-3.885780586188048e-15,-9.714451465470106e-14,5.0
37.000000000000256,491.1792674254137,-304.6470064615093,1.4321859664767402,4.9999999999999964,3.907985046680551e-15,-2.648357817249126e-06,-1.324178908626885e-06,-5.296715634505988e-06,186,-2.3331874268089914e-05,6.697072663541803e-06,-3.885780586188048e-15,-9.714451465470106e-14,5.0
37.10000000000026,491.24835154960766,-304.15180207563986,1.4321854368051767,4.9999999999999964,3.907985046680551e-15,-2.2142750748702896e-06,-1.107137537436502e-06,-4.428550149745101e-06,187,-2.0645427374607617e-05,6.167401104040238e-06,0.0,0.0,5.0
37.20000000000026,491.3174358286175,-303.6565977113682,1.4321849939501619,4.9999999999999964,3.907985046680551e-15,-2.608677919519379e-06,-1.3043389597619086e-06,-5.217355839046151e-06,187,-1.8115295571524692e-05,5.724546089158622e-06,0.0,0.0,5.0
37.30000000000026,491.386520424586,-303.1613933913145,1.432184472214578,4.9999999999999964,3.907985046680551e-15,-2.1810989645904944e-06,-1.090549482296544e-06,-4.3621979291853096e-06,188,-1.5905191998967158e-05,5.202810501314659e-06,3.885780586188048e-15,9.714451465470106e-14,5.0
37.40000000000026,491.4556051730508,-302.66618909253515,1.432184035994785,4.9999999999999964,3.907985046680551e-15,-2.405068489620167e-06,-1.2025342448118225e-06,-4.810136979246127e-06,188,-1.3849061466952861e-05,4.766590708360496e-06,3.885780586188048e-15,9.714451465470106e-14,5.0
37.50000000000026,491.5246901929888,-302.17098483162846,1.432183554981087,4.9999999999999964,3.907985046680551e-15,-2.0108624192633047e-06,-1.0054312096326688e-06,-4.021724838529995e-06,189,-1.2067033231108124e-05,4.285577006601926e-06,0.0,0.0,5.0
37.600000000000264,491.59377535352064,-301.67578059033576,1.4321831528086033,4.9999999999999964,3.907985046680551e-15,-2.1209310057885043e-06,-1.0604655028954448e-06,-4.241862011580981e-06,189,-1.0426960341210212e-05,3.883404522841971e-06,0.0,0.0,5.0
37.700000000000266,491.6628607404632,-301.1805763806293,1.4321827286224023,4.9999999999999964,3.907985046680551e-15,-1.7732968754194446e-06,-8.866484377104194e-07,-3.5465937508412105e-06,190,-9.015490857813835e-06,3.4592183255632847e-06,-6.048495038157853e-13,-1.512123759539461e-11,5.0
37.80000000000027,491.73194625138956,-300.68537218821973,1.4321823739630273,4.9999999999999964,3.907985046680551e-15,-1.8099890867937927e-06,-9.049945433976375e-07,-3.6199781735900533e-06,190,-7.729205891100766e-06,3.1045589505840354e-06,-6.048495038157853e-13,-1.512123759539461e-11,5.0
37.90000000000027,491.8010319470298,-300.19016802157944,1.43218201196521,4.9999999999999964,3.907985046680551e-15,-1.5133203296322573e-06,-7.566601648165619e-07,-3.0266406592659567e-06,191,-6.62942376400584e-06,2.7425623392307585e-06,-9.067968598230891e-12,-2.2669921495577197e-10,5.0
38.00000000000027,491.87011774847707,-299.69496386970025,1.432181709301144,4.9999999999999964,3.907985046680551e-15,-1.5051126396660106e-06,-7.525563198334314e-07,-3.0102252793334395e-06,191,-5.636472669406922e-06,2.439898273198793e-06,-9.067968598230891e-12,-2.2669921495577197e-10,5.0
38.10000000000027,491.9392036977726,-299.19975973844737,1.432181408278616,4.9999999999999964,3.907985046680551e-15,-1.2584150757691703e-06,-6.292075378848343e-07,-2.5168301515391695e-06,192,-4.7928018422106755e-06,2.138892675196402e-06,-1.63149493914716e-11,-4.0787373478678944e-10,5.0
38.20000000000027,492.0082897350529,-298.70455561946926,1.4321811565956009,4.9999999999999964,3.907985046680551e-15,-1.224856436393099e-06,-6.124282181967792e-07,-2.449712872786962e-06,192,-4.03795929535683e-06,1.8872096601008082e-06,-1.63149493914716e-11,-4.0787373478678944e-10,5.0
38.300000000000274,492.07737588865854,-298.2093515167197,1.4321809116243136,4.9999999999999964,3.907985046680551e-15,-1.0240946453422676e-06,-5.120473226712681e-07,-2.0481892906849816e-06,193,-3.4005541331930816e-06,1.6422540727312196e-06,-7.835843085501892e-12,-1.9589607713754702e-10,5.0
38.400000000000276,492.1464621138659,-297.7141474239594,1.4321807068053845,4.9999999999999964,3.907985046680551e-15,-9.782262148849847e-07,-4.891131074426093e-07,-1.9564524297703586e-06,193,-2.8354507641409343e-06,1.4374351435808563e-06,-7.835843085501892e-12,-1.9589607713754702e-10,5.0
38.50000000000028,492.21554842914327,-297.21894334376475,1.4321805111601416,4.9999999999999964,3.907985046680551e-15,-8.178886980543883e-07,-4.089443490272625e-07,-1.6357773961090034e-06,194,-2.3612897639517516e-06,1.24178987248591e-06,1.9984014443252818e-15,4.9960036108131975e-14,5.0
38.60000000000028,492.2846348016051,-296.72373927154797,1.432180347582402,4.9999999999999964,3.907985046680551e-15,-7.680914477545266e-07,-3.8404572387732e-07,-1.536182895509241e-06,194,-1.9448669926411255e-06,1.0782121329100391e-06,1.9984014443252818e-15,4.9960036108131975e-14,5.0
38.70000000000028,492.35372124274136,-296.22853520891204,1.4321801939641123,4.9999999999999964,3.907985046680551e-15,-6.421963592484372e-07,-3.210981796242517e-07,-1.284392718496984e-06,195,-1.597783786227644e-06,9.245938674684595e-07,-1.2101430968414206e-14,-3.025357742103547e-13,5.0
38.80000000000028,492.42280772877814,-295.73333115254025,1.4321800655248405,4.9999999999999964,3.907985046680551e-15,-5.935805729979574e-07,-2.967902864990048e-07,-1.187161145996001e-06,195,-1.2960359236369179e-06,7.961545955836868e-07,-1.2101430968414206e-14,-3.025357742103547e-13,5.0
38.90000000000028,492.4918942663812,-295.2381271033625,1.432179946808726,4.9999999999999964,3.907985046680551e-15,-4.962889297182256e-07,-2.481444648591281e-07,-9.925778594365016e-07,196,-1.0463537445711685e-06,6.774384810892542e-07,1.2101430968414206e-14,3.025357742103547e-13,5.0
39.000000000000284,492.5609808386834,-294.7429230590257,1.43217984755094,4.9999999999999964,3.907985046680551e-15,-4.5172279320608734e-07,-2.2586139660305516e-07,-9.034455864122124e-07,196,-8.317067479446383e-07,5.781806950988511e-07,1.2101430968414206e-14,3.025357742103547e-13,5.0
39.100000000000286,492.63006744910376,-294.2477190200068,1.4321797572063812,4.9999999999999964,3.907985046680551e-15,-3.7768254745882044e-07,-1.8884127372941694e-07,-7.553650949176627e-07,197,-6.555471080450792e-07,4.878361121729569e-07,0.0,0.0,5.0
39.20000000000029,492.6991540859306,-293.7525149846719,1.4321796816698718,4.9999999999999964,3.907985046680551e-15,-3.3854124696566826e-07,-1.6927062348283897e-07,-6.770824939313522e-07,197,-5.060496987147056e-07,4.122996026811876e-07,0.0,0.0,5.0
39.30000000000029,492.768240750472,-293.2573109532035,1.4321796139616223,4.9999999999999964,3.907985046680551e-15,-2.8305217398008264e-07,-1.4152608699004418e-07,-5.661043479601744e-07,198,-3.845352214912334e-07,3.4459137743247936e-07,-1.2101430968414206e-14,-3.025357742103547e-13,5.0
39.40000000000029,492.83732743480357,-292.7621069244961,1.4321795573511875,4.9999999999999964,3.907985046680551e-15,-2.49753814121177e-07,-1.2487690706059043e-07,-4.995076282423601e-07,198,-2.830026070294034e-07,2.879809426481472e-07,-1.2101430968414206e-14,-3.025357742103547e-13,5.0
39.50000000000029,492.9064141389241,-292.26690289854946,1.4321795074004247,4.9999999999999964,3.907985046680551e-15,-2.0881756814922071e-07,-1.044087840746115e-07,-4.17635136298445e-07,199,-2.0145057504430963e-07,2.3803017978885066e-07,1.2101430968414206e-14,3.025357742103547e-13,5.0
39.60000000000029,492.97550085764453,-291.7716988746397,1.4321794656369111,4.9999999999999964,3.907985046680551e-15,-1.81198781826936e-07,-9.059939091346875e-08,-3.6239756365387425e-07,199,-1.34639858331842e-07,1.962666662524981e-07,1.2101430968414206e-14,3.025357742103547e-13,5.0
39.700000000000294,493.044587590208,-291.2764948526612,1.4321794293971548,4.9999999999999964,3.907985046680551e-15,-1.5149914352270023e-07,-7.574957176135055e-08,-3.029982870454017e-07,200,-8.180625134593389e-08,1.600268857426812e-07,-1.9984014443252818e-15,-4.9960036108131975e-14,5.0
39.800000000000296,493.1136743333638,-290.78129083216044,1.4321793990973262,4.9999999999999964,3.907985046680551e-15,-1.2907214501878746e-07,-6.4536072509394e-08,-2.5814429003757566e-07,200,-3.9667592877101754e-08,1.2972705709657362e-07,-1.9984014443252818e-15,-4.9960036108131975e-14,5.0
39.9000000000003,493.18276108597126,-290.2860868129783,1.4321793732828971,4.9999999999999964,3.907985046680551e-15,-1.0791639488460427e-07,-5.395819744230229e-08,-2.1583278976920894e-07,201,-7.07211145548059e-09,1.0391265625742108e-07,-1.2101430968414206e-14,-3.025357742103547e-13,5.0
40.0000000000003,493.2518478461239,-289.79088279484876,1.4321793516996182,4.9999999999999964,3.907985046680551e-15,-9.004001427489265e-08,-4.502000713744641e-08,-1.8008002854978545e-07,201,1.7905146094954194e-08,8.232937731555978e-08,-1.2101430968414206e-14,-3.025357742103547e-13,5.0
40.1000000000003,493.32093461253845,-289.29567877759285,1.4321793336916153,4.9999999999999964,3.907985046680551e-15,-7.52818808461153e-08,-3.764094042305771e-08,-1.505637616922307e-07,202,3.65598564078945e-08,6.432137045209174e-08,1.5987211554602254e-14,3.996802888650558e-13,5.0
40.2000000000003,493.3900213842165,-288.80047476107126,1.4321793186352392,4.9999999999999964,3.907985046680551e-15,-6.127075034468903e-08,-3.063537517234454e-08,-1.225415006893781e-07,202,4.990008879712793e-08,4.926499430624176e-08,1.5987211554602254e-14,3.996802888650558e-13,5.0
40.3000000000003,493.45910815988134,-288.3052707451059,1.432179306381089,4.9999999999999964,3.907985046680551e-15,-5.122807978988483e-08,-2.5614039894942434e-08,-1.0245615957976964e-07,203,5.921485217788569e-08,3.7010816189564366e-08,-1.9984014443252818e-15,-4.9960036108131975e-14,5.0
40.400000000000304,493.5281949391279,-287.8100667296402,1.4321792961354731,4.9999999999999964,3.907985046680551e-15,-4.041878481032019e-08,-2.02093924051601e-08,-8.083756962064035e-08,203,6.491323632090706e-08,2.6765200278333623e-08,-1.9984014443252818e-15,-4.9960036108131975e-14,5.0
40.500000000000306,493.5972817207717,-287.31486271450893,1.4321792880517161,4.9999999999999964,3.907985046680551e-15,-3.379389025924769e-08,-1.6896945129623852e-08,-6.758778051849536e-08,204,6.819115203927917e-08,1.8681475255633018e-08,-1.3988810110276972e-14,-3.497202527569238e-13,5.0
40.60000000000031,493.6663685047783,-286.8196586997073,1.4321792812929381,4.9999999999999964,3.907985046680551e-15,-2.5581704474051858e-08,-1.2790852237025932e-08,-5.116340894810369e-08,204,6.90834455474576e-08,1.1922697273902827e-08,-1.3988810110276972e-14,-3.497202527569238e-13,5.0
40.70000000000031,493.7354552900985,-286.324454685089,1.4321792761765972,4.9999999999999964,3.907985046680551e-15,-2.1388697830403957e-08,-1.069434891520198e-08,-4.2777395660807887e-08,205,6.864938665966658e-08,6.806352370603008e-09,1.5987211554602254e-14,3.996802888650558e-13,5.0
40.80000000000031,493.8045420769142,-285.8292506706793,1.4321792718988577,4.9999999999999964,3.907985046680551e-15,-1.5244614225944018e-08,-7.622307112972009e-09,-3.048922845188802e-08,205,6.670537968517243e-08,2.528612874641567e-09,1.5987211554602254e-14,3.996802888650558e-13,5.0
40.90000000000031,493.8736288643269,-285.3340466563529,1.4321792688499349,4.9999999999999964,3.907985046680551e-15,-1.2745920108832375e-08,-6.372960054416187e-09,-2.5491840217664733e-08,206,6.415848039821592e-08,-5.203379949136888e-10,-1.9984014443252818e-15,-4.9960036108131975e-14,5.0
41.00000000000031,493.9427156526308,-284.8388426421508,1.4321792663007509,4.9999999999999964,3.907985046680551e-15,-8.22128517310567e-09,-4.110642586552835e-09,-1.644257034621133e-08,206,6.07118330817058e-08,-3.0695219699339304e-09,-1.9984014443252818e-15,-4.9960036108131975e-14,5.0
41.100000000000314,494.0118024410767,-284.3436386279685,1.432179264656494,4.9999999999999964,3.907985046680551e-15,-6.873765182777599e-09,-3.4368825913887994e-09,-1.3747530365555188e-08,207,5.712175673265596e-08,-4.7137469483260475e-09,-1.5987211554602254e-14,-3.996802888650558e-13,5.0
41.200000000000315,494.08088923000327,-283.8484346138533,1.432179263281741,4.9999999999999964,3.907985046680551e-15,-3.597416867319825e-09,-1.7987084336599124e-09,-7.194833734639645e-09,207,5.304642597403486e-08,-6.088499926448776e-09,-1.5987211554602254e-14,-3.996802888650558e-13,5.0
41.30000000000032,494.14997601879935,-283.3532305997199,1.4321792625622576,4.9999999999999964,3.907985046680551e-15,-3.007777185210241e-09,-1.5038885926051205e-09,-6.015554370420478e-09,208,4.910284893445971e-08,-6.807983288226183e-09,1.5987211554602254e-14,3.996802888650558e-13,5.0
41.40000000000032,494.2190628078057,-282.85802658561585,1.432179261960702,4.9999999999999964,3.907985046680551e-15,-6.790077272374844e-10,-3.395038636187422e-10,-1.358015454474968e-09,208,4.49469361035737e-08,-7.409538760327905e-09,1.5987211554602254e-14,3.996802888650558e-13,5.0
41.50000000000032,494.28814959653334,-282.36282257147286,1.4321792618249005,4.9999999999999964,3.907985046680551e-15,-5.677178025932433e-10,-2.8385890129662164e-10,-1.1354356051864857e-09,209,4.1072407846315384e-08,-7.545372326944744e-09,1.9984014443252818e-15,4.9960036108131975e-14,5.0
41.60000000000032,494.3572363853007,-281.86761855733545,1.432179261711357,4.9999999999999964,3.907985046680551e-15,1.0527630229561466e-09,5.263815114780733e-10,2.105526045912292e-09,209,3.715776702994944e-08,-7.658915945896183e-09,1.9984014443252818e-15,4.9960036108131975e-14,5.0
41.70000000000032,494.42632317372306,-281.3724145431499,1.4321792619219096,4.9999999999999964,3.907985046680551e-15,8.802065509209908e-10,4.401032754604954e-10,1.7604131018419803e-09,210,3.35915024442246e-08,-7.448335281878826e-09,-1.5987211554602254e-14,-3.996802888650558e-13,5.0
41.800000000000324,494.49540996208384,-280.87721052895574,1.432179262097951,4.9999999999999964,3.907985046680551e-15,1.9795353660350365e-09,9.897676830175183e-10,3.9590707320700706e-09,210,3.008741503857104e-08,-7.272293878202163e-09,-1.5987211554602254e-14,-3.996802888650558e-13,5.0
41.900000000000325,494.56449675008525,-280.38200651471146,1.432179262493858,4.9999999999999964,3.907985046680551e-15,1.655072803953916e-09,8.275364019769581e-10,3.3101456079078297e-09,211,2.694620399902592e-08,-6.876382796505709e-09,1.3988810110276972e-14,3.497202527569238e-13,5.0
42.00000000000033,494.633583537971,-279.88680250045104,1.4321792628248726,4.9999999999999964,3.907985046680551e-15,2.3774093804718185e-09,1.1887046902359093e-09,4.754818760943634e-09,211,2.3921760523848423e-08,-6.545368247401484e-09,1.3988810110276972e-14,3.497202527569238e-13,5.0
42.10000000000033,494.70267032551396,-279.3915984861428,1.4321792633003545,4.9999999999999964,3.907985046680551e-15,1.9877426020953916e-09,9.938713010476958e-10,3.975485204190781e-09,212,2.1243374930673964e-08,-6.06991834573023e-09,1.9984014443252818e-15,4.9960036108131975e-14,5.0
42.20000000000033,494.77175711291795,-278.8963944718152,1.432179263697903,4.9999999999999964,3.907985046680551e-15,2.4424261443743354e-09,1.2212130721871677e-09,4.8848522887486674e-09,212,1.870532628095445e-08,-5.6723699071170586e-09,1.9984014443252818e-15,4.9960036108131975e-14,5.0
42.30000000000033,494.8408439000125,-278.4011904574444,1.4321792641863882,4.9999999999999964,3.907985046680551e-15,2.0420995888433656e-09,1.0210497944216828e-09,4.084199177686729e-09,213,1.6479727863588645e-08,-5.183856677248855e-09,-1.5987211554602254e-14,-3.996802888650558e-13,5.0
42.40000000000033,494.90993068696423,-277.9059864430537,1.4321792645948082,4.9999999999999964,3.907985046680551e-15,2.310765380211946e-09,1.155382690105973e-09,4.621530760423889e-09,213,1.4398319730934972e-08,-4.775436712733949e-09,-1.5987211554602254e-14,-3.996802888650558e-13,5.0
42.500000000000334,494.9790174736472,-277.41078242862545,1.4321792650569611,4.9999999999999964,3.907985046680551e-15,1.9320203916238734e-09,9.660101958119367e-10,3.864040783247744e-09,214,1.2588305021640767e-08,-4.313279733381137e-09,1.3988810110276972e-14,3.497202527569238e-13,5.0
42.600000000000335,495.0481042601951,-276.9155784141784,1.4321792654433652,4.9999999999999964,3.907985046680551e-15,2.074683349094717e-09,1.0373416745473585e-09,4.149366698189431e-09,214,1.0914680999285498e-08,-3.926875713489153e-09,1.3988810110276972e-14,3.497202527569238e-13,5.0
42.70000000000034,495.1171910465163,-276.4203743996997,1.432179265858302,4.9999999999999964,3.907985046680551e-15,1.7346337232101855e-09,8.673168616050927e-10,3.4692674464203684e-09,215,9.469867081474126e-09,-3.511970936287412e-09,1.9984014443252818e-15,4.9960036108131975e-14,5.0
42.80000000000034,495.18627783271626,-275.9251703852041,1.4321792662052286,4.9999999999999964,3.907985046680551e-15,1.7946977237670587e-09,8.973488618835293e-10,3.589395447534115e-09,215,8.147535777991433e-09,-3.1650442267050494e-09,1.9984014443252818e-15,4.9960036108131975e-14,5.0
42.90000000000034,495.2553646187295,-275.42996637068245,1.4321792665641682,4.9999999999999964,3.907985046680551e-15,1.5005344335493556e-09,7.502672167746778e-10,3.001068867098709e-09,216,7.013686513512862e-09,-2.806076704331417e-09,-1.5987211554602254e-14,-3.996802888650558e-13,5.0
43.00000000000034,495.32445140463784,-274.93476235614617,1.432179266864275,4.9999999999999964,3.907985046680551e-15,1.5087426045343633e-09,7.543713022671817e-10,3.0174852090687246e-09,216,5.985802499497428e-09,-2.505969876054337e-09,-1.5987211554602254e-14,-3.996802888650558e-13,5.0
43.10000000000034,495.39353819039553,-274.43955834158885,1.4321792671660236,4.9999999999999964,3.907985046680551e-15,1.2614475545995834e-09,6.307237772997917e-10,2.522895109199165e-09,217,5.110046559508863e-09,-2.2042172531655524e-09,1.2101430968414206e-14,3.025357742103547e-13,5.0
43.200000000000344,495.46262497606506,-273.94435432701925,1.4321792674183131,4.9999999999999964,3.907985046680551e-15,1.239156146114415e-09,6.195780730572075e-10,2.478312292228828e-09,217,4.323275779039015e-09,-1.9519277305590776e-09,1.2101430968414206e-14,3.025357742103547e-13,5.0
43.300000000000345,495.53171176161516,-273.449150312433,1.4321792676661445,4.9999999999999964,3.907985046680551e-15,1.036052880914141e-09,5.180264404570705e-10,2.072105761828281e-09,218,3.6570628955678863e-09,-1.7041246191951132e-09,1.9984014443252818e-15,4.9960036108131975e-14,5.0
43.40000000000035,495.6007985470928,-272.95394629783664,1.432179267873355,4.9999999999999964,3.907985046680551e-15,9.976975970528804e-10,4.988487985264402e-10,1.9953951941057596e-09,218,3.0640400286441327e-09,-1.4969141481913084e-09,1.9984014443252818e-15,4.9960036108131975e-14,5.0
43.50000000000035,495.6698853324773,-272.45874228322725,1.4321792680728944,4.9999999999999964,3.907985046680551e-15,8.341633816437363e-10,4.1708169082186815e-10,1.6683267632874716e-09,219,2.5650303114160833e-09,-1.297350449291912e-09,-1.2101430968414206e-14,-3.025357742103547e-13,5.0
43.60000000000035,495.7389721178035,-271.96353826860974,1.4321792682397272,4.9999999999999964,3.907985046680551e-15,7.891841566208173e-10,3.945920783104086e-10,1.5783683132416335e-09,219,2.124919677715109e-09,-1.1305176794706995e-09,-1.2101430968414206e-14,-3.025357742103547e-13,5.0
43.70000000000035,495.8080589030582,-271.4683342539823,1.432179268397564,4.9999999999999964,3.907985046680551e-15,6.598331238119741e-10,3.2991656190598705e-10,1.3196662476239474e-09,220,1.756974640429454e-09,-9.726808247734198e-10,1.2101430968414206e-14,3.025357742103547e-13,5.0
43.80000000000035,495.8771456882668,-270.9731302393484,1.4321792685295307,4.9999999999999964,3.907985046680551e-15,6.141650930514613e-10,3.0708254652573066e-10,1.2283301861029218e-09,220,1.4356069596987986e-09,-8.407141649513505e-10,1.2101430968414206e-14,3.025357742103547e-13,5.0
43.900000000000354,495.9462324734214,-270.47792622470695,1.4321792686523638,4.9999999999999964,3.907985046680551e-15,5.135043267794e-10,2.567521633897e-10,1.0270086535587993e-09,221,1.1687449619213197e-09,-7.179052907702044e-10,0.0,0.0,5.0
44.000000000000355,496.01531925854005,-269.9827222100605,1.4321792687550647,4.9999999999999964,3.907985046680551e-15,4.705950249367084e-10,2.352975124683542e-10,9.41190049873416e-10,221,9.38164691766108e-10,-6.152043319218592e-10,0.0,0.0,5.0
44.10000000000036,496.08440604361846,-269.4875181954084,1.4321792688491837,4.9999999999999964,3.907985046680551e-15,3.9345953395970943e-10,1.9672976697985474e-10,7.869190679194184e-10,222,7.482192140167987e-10,-5.210611941919296e-10,-1.2101430968414206e-14,-3.025357742103547e-13,5.0
44.20000000000036,496.15349282866936,-268.99231418075254,1.4321792689278756,4.9999999999999964,3.907985046680551e-15,3.5509887428169796e-10,1.7754943714084898e-10,7.101977485633954e-10,222,5.860622820375028e-10,-4.423692523403133e-10,-1.2101430968414206e-14,-3.025357742103547e-13,5.0
44.30000000000036,496.2225796136908,-268.4971101660925,1.4321792689988955,4.9999999999999964,3.907985046680551e-15,2.968979448257272e-10,1.484489724128636e-10,5.93795889651454e-10,223,4.536654593656486e-10,-3.713493956780667e-10,-1.9984014443252818e-15,-4.9960036108131975e-14,5.0
44.40000000000036,496.2916663986915,-268.0019061514296,1.432179269058275,4.9999999999999964,3.907985046680551e-15,2.6384742344170705e-10,1.3192371172085352e-10,5.276948468834138e-10,223,3.421937455616586e-10,-3.1196978333980496e-10,-1.9984014443252818e-15,-4.9960036108131975e-14,5.0
44.50000000000036,496.36075318367097,-267.5067021367637,1.4321792691110447,4.9999999999999964,3.907985046680551e-15,2.205978090255725e-10,1.1029890451278625e-10,4.411956180511447e-10,224,2.5216150174867114e-10,-2.5919622004266785e-10,-1.9984014443252818e-15,-4.9960036108131975e-14,5.0
44.600000000000364,496.429839968635,-267.01149812209565,1.4321792691551642,4.9999999999999964,3.907985046680551e-15,1.928875772555809e-10,9.644378862779045e-11,3.8577515451116155e-10,224,1.7771098481667025e-10,-2.150766231778789e-10,-1.9984014443252818e-15,-4.9960036108131975e-14,5.0
44.700000000000365,496.49892675358404,-266.51629410742555,1.4321792691937418,4.9999999999999964,3.907985046680551e-15,1.6126959417007184e-10,8.063479708503592e-11,3.2253918834014347e-10,225,1.1843411321099673e-10,-1.764990376074138e-10,1.5987211554602254e-14,3.996802888650558e-13,5.0
44.80000000000037,496.5680135385218,-266.02109009275387,1.4321792692259958,4.9999999999999964,3.907985046680551e-15,1.3855256123693648e-10,6.927628061846824e-11,2.7710512247387275e-10,225,7.049602568365287e-11,-1.442450603406087e-10,1.5987211554602254e-14,3.996802888650558e-13,5.0
44.90000000000037,496.63710032344926,-265.5258860780807,1.4321792692537063,4.9999999999999964,3.907985046680551e-15,1.1584347516334583e-10,5.7921737581672915e-11,2.316869503266915e-10,226,3.2982857764429774e-11,-1.1656653420288876e-10,1.9984014443252818e-15,4.9960036108131975e-14,5.0
45.00000000000037,496.70618710836857,-265.03068206340646,1.432179269276875,4.9999999999999964,3.907985046680551e-15,9.759678445525906e-11,4.8798392227629524e-11,1.95193568910518e-10,226,3.6791472646235945e-12,-9.339773399119622e-11,1.9984014443252818e-15,4.9960036108131975e-14,5.0
45.10000000000037,496.77527389328094,-264.53547804873125,1.4321792692963944,4.9999999999999964,3.907985046680551e-15,8.160045738529672e-11,4.080022869264836e-11,1.6320091477059333e-10,227,-1.8628938669440487e-11,-7.385048128583094e-11,-1.5987211554602254e-14,-3.996802888650558e-13,5.0
45.20000000000037,496.8443606781876,-264.04027403405524,1.4321792693127144,4.9999999999999964,3.907985046680551e-15,6.720308520195769e-11,3.360154260097884e-11,1.344061704039153e-10,227,-3.517698632382604e-11,-5.753042486844606e-11,-1.5987211554602254e-14,-3.996802888650558e-13,5.0
45.300000000000374,496.91344746308977,-263.54507001937856,1.432179269326155,4.9999999999999964,3.907985046680551e-15,5.618499817441455e-11,2.8092499087207272e-11,1.1236999634882902e-10,228,-4.7095098654192924e-11,-4.408584608484034e-11,1.3988810110276972e-14,3.497202527569238e-13,5.0
45.400000000000375,496.982534247988,-263.04986600470136,1.432179269337392,4.9999999999999964,3.907985046680551e-15,4.498273099036518e-11,2.249136549518259e-11,8.996546198073029e-11,228,-5.5087788497498735e-11,-3.284883476339928e-11,1.3988810110276972e-14,3.497202527569238e-13,5.0
45.50000000000038,497.0516210328834,-262.55466199002376,1.4321792693463886,4.9999999999999964,3.907985046680551e-15,3.7609915182201816e-11,1.8804957591100908e-11,7.521983036440358e-11,229,-6.029245158689633e-11,-2.3884227928760993e-11,1.9984014443252818e-15,4.9960036108131975e-14,5.0
45.60000000000038,497.12070781777624,-262.0594579753458,1.4321792693539106,4.9999999999999964,3.907985046680551e-15,2.9056523269326528e-11,1.4528261634663264e-11,5.811304653865302e-11,229,-6.285068299138885e-11,-1.6362244892320632e-11,1.9984014443252818e-15,4.9960036108131975e-14,5.0
45.70000000000038,497.1897946026674,-261.56425396066766,1.432179269359722,4.9999999999999964,3.907985046680551e-15,2.4289342467167643e-11,1.2144671233583822e-11,4.8578684934335255e-11,230,-6.375113111023456e-11,-1.0522915872002159e-11,-1.5987211554602254e-14,-3.996802888650558e-13,5.0
45.80000000000038,497.2588813875569,-261.0690499459892,1.4321792693645798,4.9999999999999964,3.907985046680551e-15,1.7847711612710944e-11,8.923855806355472e-12,3.569542322542186e-11,230,-6.295940158107527e-11,-5.665024005452324e-12,-1.5987211554602254e-14,-3.996802888650558e-13,5.0
45.90000000000038,497.3279681724456,-260.57384593131064,1.4321792693681494,4.9999999999999964,3.907985046680551e-15,1.4917657752352846e-11,7.458828876176423e-12,2.983531550470567e-11,231,-6.127564948499309e-11,-2.09143813378887e-12,1.3988810110276972e-14,3.497202527569238e-13,5.0
46.000000000000384,497.39705495733324,-260.07864191663197,1.432179269371133,4.9999999999999964,3.907985046680551e-15,1.0127103833886063e-11,5.0635519169430315e-12,2.0254207667772113e-11,231,-5.85926654417257e-11,8.921752225887758e-13,1.3988810110276972e-14,3.497202527569238e-13,5.0
46.100000000000385,497.4661417422206,-259.58343790195323,1.4321792693731585,4.9999999999999964,3.907985046680551e-15,8.468080038351461e-12,4.2340400191757304e-12,1.6936160076702912e-11,232,-5.564590281614823e-11,2.885691685605707e-12,1.9984014443252818e-15,4.9960036108131975e-14,5.0
46.20000000000039,497.53522852710734,-259.08823388727444,1.432179269374852,4.9999999999999964,3.907985046680551e-15,4.978006311256125e-12,2.4890031556280624e-12,9.956012622512243e-12,232,-5.2062416877607376e-11,4.579225887368921e-12,1.9984014443252818e-15,4.9960036108131975e-14,5.0
46.30000000000039,497.6043153119941,-258.59302987259565,1.4321792693758477,4.9999999999999964,3.907985046680551e-15,4.163453207925878e-12,2.081726603962939e-12,8.326906415851751e-12,233,-4.854150588429196e-11,5.602851516073315e-12,-1.5987211554602254e-14,-3.996802888650558e-13,5.0
46.40000000000039,497.67340209688064,-258.0978258579168,1.4321792693766804,4.9999999999999964,3.907985046680551e-15,1.6681393108946832e-12,8.340696554473416e-13,3.336278621789364e-12,233,-4.471098491443115e-11,6.435518784542182e-12,-1.5987211554602254e-14,-3.996802888650558e-13,5.0
46.50000000000039,497.7424888817673,-257.602621843238,1.4321792693770141,4.9999999999999964,3.907985046680551e-15,1.3907004203199334e-12,6.953502101599667e-13,2.781400840639865e-12,234,-4.1025387947923875e-11,6.773248628633155e-12,1.3100631690576847e-14,3.275157922644207e-13,5.0
46.60000000000039,497.81157566665394,-257.10741782855916,1.4321792693772923,4.9999999999999964,3.907985046680551e-15,-3.725674739478948e-13,-1.8628373697394741e-13,-7.45134947895789e-13,234,-3.7305471212167873e-11,7.051470518604219e-12,1.3100631690576847e-14,3.275157922644207e-13,5.0
46.700000000000394,497.88066245154084,-256.6122138138804,1.4321792693772177,4.9999999999999964,3.907985046680551e-15,-3.1109617805812294e-13,-1.5554808902906147e-13,-6.221923561162455e-13,235,-3.3900613219395304e-11,6.9466654650796045e-12,1.9984014443252818e-15,4.9960036108131975e-14,5.0
46.800000000000395,497.94974923642775,-256.1170097992016,1.4321792693771556,4.9999999999999964,3.907985046680551e-15,-1.5169152483825829e-12,-7.584576241912915e-13,-3.0338304967651637e-12,235,-3.048514218839671e-11,6.884492975700596e-12,1.9984014443252818e-15,4.9960036108131975e-14,5.0
46.9000000000004,498.018836021315,-255.62180578452285,1.4321792693768522,4.9999999999999964,3.907985046680551e-15,-1.2698614090081007e-12,-6.349307045040503e-13,-2.5397228180161997e-12,236,-2.741928212257605e-11,6.607381308754157e-12,-1.4099832412739488e-14,-3.524958103184867e-13,5.0
47.0000000000004,498.08792280620236,-255.12660176984411,1.4321792693765982,4.9999999999999964,3.907985046680551e-15,-2.067585868596661e-12,-1.0337929342983305e-12,-4.135171737193319e-12,236,-2.444894287023658e-11,6.353362280719921e-12,-1.4099832412739488e-14,-3.524958103184867e-13,5.0
47.1000000000004,498.15700959109,-254.63139775516544,1.4321792693761848,4.9999999999999964,3.907985046680551e-15,-1.7331165742306397e-12,-8.665582871153197e-13,-3.466233148461277e-12,237,-2.173988940257221e-11,5.941913627793838e-12,1.3100631690576847e-14,3.275157922644207e-13,5.0
47.2000000000004,498.2260963759778,-254.13619374048676,1.4321792693758382,4.9999999999999964,3.907985046680551e-15,-2.2524672185921343e-12,-1.1262336092960672e-12,-4.5049344371842654e-12,237,-1.9226800707095038e-11,5.595301999505864e-12,1.3100631690576847e-14,3.275157922644207e-13,5.0
47.3000000000004,498.2951831608659,-253.64098972580814,1.4321792693753876,4.9999999999999964,3.907985046680551e-15,-1.8808346692965554e-12,-9.404173346482777e-13,-3.761669338593108e-12,238,-1.702692327409938e-11,5.1165738312874964e-12,0.0,0.0,5.0
47.400000000000404,498.36426994575413,-253.14578571112955,1.4321792693750115,4.9999999999999964,3.907985046680551e-15,-2.1935669654962313e-12,-1.0967834827481157e-12,-4.3871339309924594e-12,238,-1.493380419326229e-11,4.740430270544493e-12,0.0,0.0,5.0
47.500000000000405,498.43335673064263,-252.65058169645098,1.4321792693745727,4.9999999999999964,3.907985046680551e-15,-1.8310499315607325e-12,-9.155249657803662e-13,-3.6620998631214625e-12,239,-1.313022260363006e-11,4.3298697960381105e-12,-1.4099832412739488e-14,-3.524958103184867e-13,5.0
47.600000000000406,498.50244351553124,-252.15537768177242,1.4321792693742066,4.9999999999999964,3.907985046680551e-15,-2.007283228522284e-12,-1.003641614261142e-12,-4.014566457044565e-12,239,-1.1421016909984871e-11,3.963718242516734e-12,-1.4099832412739488e-14,-3.524958103184867e-13,5.0
47.70000000000041,498.5715303004201,-251.66017366709391,1.4321792693738051,4.9999999999999964,3.907985046680551e-15,-1.6774885574178424e-12,-8.387442787089211e-13,-3.3549771148356824e-12,240,-9.914690596302123e-12,3.5622615968122773e-12,1.4099832412739488e-14,3.524958103184867e-13,5.0
47.80000000000041,498.64061708530903,-251.1649696524154,1.4321792693734696,4.9999999999999964,3.907985046680551e-15,-1.7721496784648295e-12,-8.860748392324146e-13,-3.5442993569296565e-12,240,-8.551125085798361e-12,3.226752198770555e-12,1.4099832412739488e-14,3.524958103184867e-13,5.0
47.90000000000041,498.70970387019815,-250.66976563773693,1.4321792693731152,4.9999999999999964,3.907985046680551e-15,-1.4860627348561575e-12,-7.430313674280787e-13,-2.972125469712313e-12,241,-7.388182080014793e-12,2.844169344484726e-12,0.0,0.0,5.0
48.00000000000041,498.7787906550874,-250.17456162305848,1.432179269372818,4.9999999999999964,3.907985046680551e-15,-1.5085009265117396e-12,-7.542504632558698e-13,-3.0170018530234772e-12,241,-6.328056134652371e-12,2.546851618490109e-12,0.0,0.0,5.0
48.10000000000041,498.8478774399768,-249.67935760838003,1.4321792693725162,4.9999999999999964,3.907985046680551e-15,-1.2602784313218624e-12,-6.301392156609312e-13,-2.520556862643723e-12,242,-5.437036237898596e-12,2.2732926652224705e-12,-1.3100631690576847e-14,-3.275157922644207e-13,5.0
48.200000000000415,498.91696422486626,-249.1841535937016,1.4321792693722641,4.9999999999999964,3.907985046680551e-15,-1.2502279913094663e-12,-6.251139956547331e-13,-2.500455982618931e-12,242,-4.591937941000879e-12,2.02127203863256e-12,-1.3100631690576847e-14,-3.275157922644207e-13,5.0
48.300000000000416,498.9860510097559,-248.6889495790232,1.4321792693720141,4.9999999999999964,3.907985046680551e-15,-1.0408048691906998e-12,-5.204024345953499e-13,-2.0816097383813984e-12,243,-3.8893367693138e-12,1.7692514120426495e-12,1.4099832412739488e-14,3.524958103184867e-13,5.0
48.40000000000042,499.0551377946456,-248.1937455643448,1.432179269371806,4.9999999999999964,3.907985046680551e-15,-1.0174317528828018e-12,-5.087158764414009e-13,-2.0348635057656024e-12,243,-3.2743460720574546e-12,1.5611956172278951e-12,1.4099832412739488e-14,3.524958103184867e-13,5.0
48.50000000000042,499.1242245795354,-247.6985415496664,1.4321792693716027,4.9999999999999964,3.907985046680551e-15,-8.458730791828301e-13,-4.2293653959141504e-13,-1.691746158365659e-12,244,-2.7979302902325642e-12,1.3316014957354128e-12,-9.992007221626409e-16,-2.4980018054065987e-14,5.0
48.60000000000042,499.19331136442526,-247.203337534988,1.4321792693714335,4.9999999999999964,3.907985046680551e-15,-7.988931154039551e-13,-3.9944655770197754e-13,-1.5977862308079092e-12,244,-2.3649415759052772e-12,1.1624035067825389e-12,-9.992007221626409e-16,-2.4980018054065987e-14,5.0
48.70000000000042,499.2623981493152,-246.70813352030964,1.4321792693712736,4.9999999999999964,3.907985046680551e-15,-6.659000836120152e-13,-3.329500418060076e-13,-1.3318001672240296e-12,245,-1.9923836885871182e-12,1.0307310560619953e-12,-1.4099832412739488e-14,-3.524958103184867e-13,5.0
48.80000000000042,499.33148493420515,-246.21292950563128,1.4321792693711404,4.9999999999999964,3.907985046680551e-15,-6.198550444854561e-13,-3.0992752224272803e-13,-1.2397100889709113e-12,245,-1.6618234566223578e-12,8.975042931069765e-13,-1.4099832412739488e-14,-3.524958103184867e-13,5.0
48.900000000000425,499.4005717190952,-245.71772549095292,1.4321792693710165,4.9999999999999964,3.907985046680551e-15,-5.144422899368359e-13,-2.5722114496841795e-13,-1.0288845798736712e-12,246,-1.3613225130493234e-12,7.736034035588091e-13,1.4099832412739488e-14,3.524958103184867e-13,5.0
49.000000000000426,499.4696585039852,-245.22252147627455,1.4321792693709137,4.9999999999999964,3.907985046680551e-15,-4.903679801397009e-13,-2.4518399006985044e-13,-9.807359602794011e-13,246,-1.0870609967739142e-12,6.707967514785196e-13,1.4099832412739488e-14,3.524958103184867e-13,5.0
49.10000000000043,499.5387452888753,-244.72731746159621,1.4321792693708155,4.9999999999999964,3.907985046680551e-15,-4.1019819120361064e-13,-2.0509909560180532e-13,-8.203963824072208e-13,247,-8.968919357199567e-13,5.444533712761768e-13,0.0,0.0,5.0
49.20000000000043,499.60783207376545,-244.23211344691788,1.4321792693707336,4.9999999999999964,3.907985046680551e-15,-3.653218078924464e-13,-1.8266090394622318e-13,-7.306436157848923e-13,247,-7.532516277386492e-13,4.625189120588402e-13,0.0,0.0,5.0
49.30000000000043,499.6769188586556,-243.73690943223954,1.4321792693706605,4.9999999999999964,3.907985046680551e-15,-3.0618782363346434e-13,-1.5309391181673217e-13,-6.123756472669283e-13,248,-6.137382269066904e-13,4.176659018639839e-13,-1.4099832412739488e-14,-3.524958103184867e-13,5.0
49.40000000000043,499.74600564354574,-243.2417054175612,1.4321792693705993,4.9999999999999964,3.907985046680551e-15,-2.779063529009077e-13,-1.3895317645045385e-13,-5.55812705801815e-13,248,-4.560032906830713e-13,3.5638159090467525e-13,-1.4099832412739488e-14,-3.524958103184867e-13,5.0
49.50000000000043,499.81509242843595,-242.74650140288287,1.4321792693705437,4.9999999999999964,3.907985046680551e-15,-2.3092638912203266e-13,-1.1546319456101633e-13,-4.61852778244065e-13,249,-3.2439155528418695e-13,3.008704396734174e-13,1.4988010832439613e-14,3.747002708109898e-13,5.0
49.600000000000435,499.88417921332615,-242.25129738820453,1.4321792693704976,4.9999999999999964,3.907985046680551e-15,-2.14798938869583e-13,-1.073994694347915e-13,-4.295978777391657e-13,249,-2.2295360002644316e-13,2.546851618490109e-13,1.4988010832439613e-14,3.747002708109898e-13,5.0
49.700000000000436,499.95326599821635,-241.7560933735262,1.4321792693704547,4.9999999999999964,3.907985046680551e-15,-1.8534881232163146e-13,-9.267440616081575e-14,-3.706976246432627e-13,250,-1.491654022522937e-13,1.8185453143360064e-13,0.0,0.0,5.0
49.80000000000044,500.0223527831066,-241.26088935884786,1.4321792693704176,4.9999999999999964,3.907985046680551e-15,-1.5332764297981116e-13,-7.666382148990558e-14,-3.066552859596221e-13,250,-1.1900203045200897e-13,1.4477308241112041e-13,0.0,0.0,5.0
49.90000000000044,500.0914395679969,-240.76568534416955,1.432179269370387,4.9999999999999964,3.907985046680551e-15,-1.2668229038880738e-13,-6.334114519440369e-14,-2.533645807776146e-13,251,-9.527274802412222e-14,1.4410694859634532e-13,-1.4988010832439613e-14,-3.747002708109898e-13,5.0
50.00000000000044,500.16052635288713,-240.27048132949125,1.4321792693703617,4.9999999999999964,3.907985046680551e-15,-1.0424409873322526e-13,-5.2122049366612636e-14,-2.0848819746645037e-13,251,-5.4060922405341216e-14,1.1879386363489175e-13,-1.4988010832439613e-14,-3.747002708109898e-13,5.0
50.10000000000044,500.2296131377774,-239.77527731481294,1.4321792693703408,4.9999999999999964,3.907985046680551e-15,-8.881784197001256e-14,-4.440892098500628e-14,-1.77635683940025e-13,252,1.7324683354580372e-14,9.792167077193881e-14,1.4988010832439613e-14,3.747002708109898e-13,5.0
50.20000000000044,500.29869992266765,-239.28007330013463,1.432179269370323,4.9999999999999964,3.907985046680551e-15,-8.414321870843295e-14,-4.2071609354216474e-14,-1.682864374168658e-13,252,5.853650897336138e-14,8.01581023779363e-14,1.4988010832439613e-14,3.747002708109898e-13,5.0
50.300000000000445,500.3677867075579,-238.78486928545632,1.4321792693703062,4.9999999999999964,3.907985046680551e-15,-7.479397218527373e-14,-3.739698609263687e-14,-1.4958794437054737e-13,253,7.210031183202403e-14,3.3306690738754696e-14,0.0,0.0,5.0
50.400000000000446,500.4368734924482,-238.28966527077802,1.4321792693702913,4.9999999999999964,3.907985046680551e-15,-5.071966238813875e-14,-2.5359831194069376e-14,-1.0143932477627744e-13,253,4.203581926986999e-14,1.84297022087776e-14,0.0,0.0,5.0
50.50000000000045,500.50596027733854,-237.7944612560997,1.432179269370281,4.9999999999999964,3.907985046680551e-15,-3.6695792603399925e-14,-1.8347896301699963e-14,-7.33915852067998e-14,254,9.46985545535739e-15,3.8191672047105385e-14,-1.5987211554602254e-14,-3.996802888650558e-13,5.0
50.60000000000045,500.57504706222886,-237.2992572414214,1.4321792693702737,4.9999999999999964,3.907985046680551e-15,-2.0802073514029256e-14,-1.0401036757014628e-14,-4.160414702805849e-14,254,-5.613565168260948e-15,3.086420008457935e-14,-1.5987211554602254e-14,-3.996802888650558e-13,5.0
50.70000000000045,500.6441338471192,-236.8040532267431,1.4321792693702695,4.9999999999999964,3.907985046680551e-15,-1.2154020480106982e-14,-6.077010240053491e-15,-2.4308040960213947e-14,255,9.310260895567524e-15,2.864375403532904e-14,1.4099832412739488e-14,3.524958103184867e-13,5.0
50.80000000000045,500.7132206320095,-236.30884921206479,1.432179269370267,4.9999999999999964,3.907985046680551e-15,-1.3088945132422903e-14,-6.5444725662114505e-15,-2.6177890264845786e-14,255,-4.773959005888173e-15,2.6201263381153694e-14,1.4099832412739488e-14,3.524958103184867e-13,5.0
50.90000000000045,500.7823074168998,-235.81364519738648,1.4321792693702644,4.9999999999999964,3.907985046680551e-15,-6.077010240053491e-15,-3.0385051200267454e-15,-1.2154020480106974e-14,256,-4.4565046097844174e-14,-6.661338147750939e-15,1.9984014443252818e-15,4.9960036108131975e-14,5.0
51.000000000000455,500.85139420179013,-235.31844118270817,1.4321792693702633,4.9999999999999964,3.907985046680551e-15,1.4023869784738826e-15,7.011934892369413e-16,2.804773956947763e-15,256,-7.374656441072602e-14,-7.771561172376096e-15,1.9984014443252818e-15,4.9960036108131975e-14,5.0
51.100000000000456,500.92048098668045,-234.82323716802986,1.4321792693702635,4.9999999999999964,3.907985046680551e-15,6.544472566211451e-15,3.2722362831057252e-15,1.3088945132422893e-14,257,-1.0689539531316683e-13,1.865174681370263e-14,-1.4099832412739488e-14,-3.524958103184867e-13,5.0
51.20000000000046,500.98956777157076,-234.32803315335156,1.4321792693702649,4.9999999999999964,3.907985046680551e-15,-2.337311630789804e-16,-1.168655815394902e-16,-4.674623261579605e-16,257,-1.229710777650439e-13,1.9984014443252818e-14,-1.4099832412739488e-14,-3.524958103184867e-13,5.0
51.30000000000046,501.0586545564611,-233.83282913867325,1.4321792693702649,4.9999999999999964,3.907985046680551e-15,5.142085587737569e-15,2.5710427938687845e-15,1.0284171175475132e-14,258,-1.1098240382256819e-13,2.19824158875781e-14,1.3100631690576847e-14,3.275157922644207e-13,5.0
51.40000000000046,501.1277413413514,-233.33762512399494,1.432179269370266,4.9999999999999964,3.907985046680551e-15,1.0751633501633099e-14,5.3758167508165496e-15,2.1503267003266183e-14,258,-1.2606582444618653e-13,2.3092638912203256e-14,1.3100631690576847e-14,3.275157922644207e-13,5.0
51.50000000000046,501.1968281262417,-232.84242110931663,1.4321792693702682,4.9999999999999964,3.907985046680551e-15,1.4958794437054746e-14,7.479397218527373e-15,2.9917588874109474e-14,259,-1.6501557065229377e-13,-2.886579864025407e-15,9.992007221626409e-16,2.4980018054065987e-14,5.0
51.60000000000046,501.265914911132,-232.34721709463832,1.432179269370271,4.9999999999999964,3.907985046680551e-15,5.3758167508165496e-15,2.6879083754082748e-15,1.0751633501633091e-14,259,-1.3790357744625226e-13,0.0,9.992007221626409e-16,2.4980018054065987e-14,5.0
51.700000000000465,501.33500169602223,-231.85201307996002,1.4321792693702722,4.9999999999999964,3.907985046680551e-15,-9.349246523159216e-16,-4.674623261579608e-16,-1.869849304631842e-15,260,-1.1474848848891384e-13,2.731148640577885e-14,-1.4099832412739488e-14,-3.524958103184867e-13,5.0
51.800000000000466,501.4040884809125,-231.3568090652817,1.432179269370272,4.9999999999999964,3.907985046680551e-15,-1.6828643741686588e-14,-8.414321870843294e-15,-3.365728748337315e-14,260,-7.453065942186754e-14,2.708944180085382e-14,-1.4099832412739488e-14,-3.524958103184867e-13,5.0
51.90000000000047,501.4731752658028,-230.8616050506034,1.4321792693702686,4.9999999999999964,3.907985046680551e-15,-8.881784197001255e-15,-4.440892098500628e-15,-1.7763568394002498e-14,261,-6.25367813089639e-14,2.5757174171303632e-14,-1.9984014443252818e-15,-4.9960036108131975e-14,5.0
52.00000000000047,501.5422620506931,-230.3664010359251,1.4321792693702668,4.9999999999999964,3.907985046680551e-15,0.0,0.0,0.0,261,-7.762540610301016e-14,2.398081733190338e-14,-1.9984014443252818e-15,-4.9960036108131975e-14,5.0
52.10000000000047,501.61134883558344,-229.8711970212468,1.4321792693702668,4.9999999999999964,3.907985046680551e-15,5.60954791389553e-15,2.804773956947765e-15,1.1219095827791053e-14,262,-1.1899682628158104e-13,2.5979218776228663e-14,9.992007221626409e-16,2.4980018054065987e-14,5.0
52.20000000000047,501.68043562047376,-229.37599300656848,1.432179269370268,4.9999999999999964,3.907985046680551e-15,1.0050440012396157e-14,5.0252200061980786e-15,2.0100880024792302e-14,262,-1.3308104618303673e-13,2.708944180085382e-14,9.992007221626409e-16,2.4980018054065987e-14,5.0
52.30000000000047,501.749522405364,-228.88078899189017,1.43217926937027,4.9999999999999964,3.907985046680551e-15,3.0385051200267454e-15,1.5192525600133727e-15,6.077010240053487e-15,263,-6.237718674917403e-14,2.5091040356528538e-14,1.5987211554602254e-14,3.996802888650558e-13,5.0
52.400000000000475,501.81860919025434,-228.38558497721186,1.4321792693702706,4.9999999999999964,3.907985046680551e-15,-3.2722362831057256e-15,-1.6361181415528626e-15,-6.5444725662114465e-15,263,-7.845807337147903e-14,2.5757174171303632e-14,1.5987211554602254e-14,3.996802888650558e-13,5.0
52.500000000000476,501.88769597514465,-227.89038096253356,1.43217926937027,4.9999999999999964,3.907985046680551e-15,3.0385051200267454e-15,1.5192525600133727e-15,6.077010240053487e-15,264,-1.2428426343635834e-13,-2.886579864025407e-15,-1.9984014443252818e-15,-4.9960036108131975e-14,5.0
52.60000000000048,501.95678276003497,-227.39517694785525,1.4321792693702706,4.9999999999999964,3.907985046680551e-15,8.180590707764315e-15,4.0902953538821575e-15,1.636118141552862e-14,264,-1.5434181710460848e-13,-2.220446049250313e-15,-1.9984014443252818e-15,-4.9960036108131975e-14,5.0
52.70000000000048,502.02586954492523,-226.89997293317694,1.4321792693702722,4.9999999999999964,3.907985046680551e-15,1.6361181415528628e-15,8.180590707764313e-16,3.2722362831057233e-15,265,-1.2684991945732804e-13,3.1308289294429414e-14,-1.4988010832439613e-14,-3.747002708109898e-13,5.0
52.80000000000048,502.0949563298155,-226.40476891849863,1.4321792693702724,4.9999999999999964,3.907985046680551e-15,-3.7396986092636866e-15,-1.8698493046318433e-15,-7.479397218527368e-15,265,-8.464062783986037e-14,3.1530333899354446e-14,-1.4988010832439613e-14,-3.747002708109898e-13,5.0
52.90000000000048,502.1640431147058,-225.90956490382032,1.4321792693702717,4.9999999999999964,3.907985046680551e-15,2.804773956947765e-15,1.4023869784738826e-15,5.609547913895526e-15,266,-7.039160920818688e-14,2.886579864025407e-14,1.5987211554602254e-14,3.996802888650558e-13,5.0
53.00000000000048,502.23312989959607,-225.41436088914202,1.4321792693702724,4.9999999999999964,3.907985046680551e-15,-1.4257600947817804e-14,-7.128800473908902e-15,-2.851520189563559e-14,266,-2.9178048865929895e-14,2.9531932455029164e-14,1.5987211554602254e-14,3.996802888650558e-13,5.0
53.100000000000485,502.3022166844864,-224.9191568744637,1.4321792693702695,4.9999999999999964,3.907985046680551e-15,-6.544472566211451e-15,-3.2722362831057252e-15,-1.3088945132422893e-14,267,-7.191469642009451e-14,-3.3306690738754696e-15,0.0,0.0,5.0
53.200000000000486,502.3713034693767,-224.4239528597854,1.4321792693702682,4.9999999999999964,3.907985046680551e-15,7.011934892369413e-16,3.5059674461847064e-16,1.4023869784738816e-15,267,-1.0197398481182063e-13,-4.6629367034256575e-15,0.0,0.0,5.0
53.30000000000049,502.440390254267,-223.9287488451071,1.4321792693702684,4.9999999999999964,3.907985046680551e-15,6.3107414031324714e-15,3.1553707015662357e-15,1.2621482806264935e-14,268,-1.3454515279676116e-13,2.55351295663786e-14,-1.4988010832439613e-14,-3.747002708109898e-13,5.0
53.40000000000049,502.50947703915733,-223.4335448304288,1.4321792693702697,4.9999999999999964,3.907985046680551e-15,1.0517902338554118e-14,5.258951169277059e-15,2.1035804677108224e-14,268,-1.4963030814385547e-13,2.6867397195928788e-14,-1.4988010832439613e-14,-3.747002708109898e-13,5.0
53.50000000000049,502.5785638240476,-222.93834081575048,1.4321792693702717,4.9999999999999964,3.907985046680551e-15,3.7396986092636866e-15,1.8698493046318433e-15,7.479397218527368e-15,269,-7.824643710740986e-14,2.886579864025407e-14,1.4988010832439613e-14,3.747002708109898e-13,5.0
53.60000000000049,502.64765060893785,-222.44313680107217,1.4321792693702724,4.9999999999999964,3.907985046680551e-15,-1.2855213969343922e-14,-6.427606984671961e-15,-2.5710427938687828e-14,269,-3.703287676515288e-14,2.9531932455029164e-14,1.4988010832439613e-14,3.747002708109898e-13,5.0
53.70000000000049,502.71673739382817,-221.94793278639386,1.4321792693702697,4.9999999999999964,3.907985046680551e-15,-5.142085587737569e-15,-2.5710427938687845e-15,-1.0284171175475132e-14,270,-7.97695243193175e-14,-3.1086244689504383e-15,0.0,0.0,5.0
53.800000000000495,502.7858241787185,-221.45272877171556,1.4321792693702686,4.9999999999999964,3.907985046680551e-15,1.8698493046318433e-15,9.349246523159216e-16,3.739698609263684e-15,270,-1.0982881271104361e-13,-4.218847493575595e-15,0.0,0.0,5.0
53.900000000000496,502.8549109636088,-220.95752475703725,1.432179269370269,4.9999999999999964,3.907985046680551e-15,7.245666055448392e-15,3.622833027724196e-15,1.4491332110896775e-14,271,-1.4239824597250816e-13,2.6201263381153694e-14,-1.5987211554602254e-14,-3.996802888650558e-13,5.0
54.0000000000005,502.92399774849906,-220.46232074235894,1.4321792693702706,4.9999999999999964,3.907985046680551e-15,4.674623261579608e-16,2.337311630789804e-16,9.34924652315921e-16,271,-1.0118988980067911e-13,2.7755575615628914e-14,-1.5987211554602254e-14,-3.996802888650558e-13,5.0
54.1000000000005,502.9930845333894,-219.96711672768063,1.4321792693702706,4.9999999999999964,3.907985046680551e-15,6.544472566211451e-15,3.2722362831057252e-15,1.3088945132422893e-14,272,-8.626085956642271e-14,2.9753977059954195e-14,1.4099832412739488e-14,3.524958103184867e-13,5.0
54.2000000000005,503.06217131827964,-219.47191271300233,1.432179269370272,4.9999999999999964,3.907985046680551e-15,-1.0751633501633099e-14,-5.3758167508165496e-15,-2.1503267003266183e-14,272,-4.404115960809918e-14,3.108624468950438e-14,1.4099832412739488e-14,3.524958103184867e-13,5.0
54.3000000000005,503.13125810316996,-218.97670869832402,1.4321792693702697,4.9999999999999964,3.907985046680551e-15,-3.5059674461847063e-15,-1.752983723092353e-15,-7.011934892369408e-15,273,-8.383745087048311e-14,-1.3322676295501878e-15,1.9984014443252818e-15,4.9960036108131975e-14,5.0
54.4000000000005,503.2003448880603,-218.4815046836457,1.432179269370269,4.9999999999999964,3.907985046680551e-15,2.804773956947765e-15,1.4023869784738826e-15,5.609547913895526e-15,273,-1.1301376501293703e-13,-1.9984014443252818e-15,1.9984014443252818e-15,4.9960036108131975e-14,5.0
54.500000000000504,503.2694316729506,-217.9863006689674,1.4321792693702697,4.9999999999999964,3.907985046680551e-15,8.180590707764315e-15,4.0902953538821575e-15,1.636118141552862e-14,274,-1.461660653623298e-13,2.4868995751603507e-14,-1.4099832412739488e-14,-3.524958103184867e-13,5.0
54.600000000000506,503.33851845784085,-217.4910966542891,1.4321792693702713,4.9999999999999964,3.907985046680551e-15,4.674623261579608e-16,2.337311630789804e-16,9.34924652315921e-16,274,-1.0594997101875947e-13,2.6423307986078726e-14,-1.4099832412739488e-14,-3.524958103184867e-13,5.0
54.70000000000051,503.40760524273117,-216.9958926396108,1.4321792693702713,4.9999999999999964,3.907985046680551e-15,6.544472566211451e-15,3.2722362831057252e-15,1.3088945132422893e-14,275,-9.395435818237985e-14,2.842170943040401e-14,1.3100631690576847e-14,3.275157922644207e-13,5.0
54.80000000000051,503.4766920276214,-216.50068862493248,1.4321792693702726,4.9999999999999964,3.907985046680551e-15,-1.0751633501633099e-14,-5.3758167508165496e-15,-2.1503267003266183e-14,275,-5.2735593669694936e-14,2.9753977059954195e-14,1.3100631690576847e-14,3.275157922644207e-13,5.0
54.90000000000051,503.54577881251174,-216.00548461025417,1.4321792693702704,4.9999999999999964,3.907985046680551e-15,-3.2722362831057256e-15,-1.6361181415528626e-15,-6.5444725662114465e-15,276,-9.169054404623012e-14,-6.661338147750939e-16,9.992007221626409e-16,2.4980018054065987e-14,5.0
55.00000000000051,503.61486559740206,-215.51028059557586,1.4321792693702697,4.9999999999999964,3.907985046680551e-15,3.5059674461847063e-15,1.752983723092353e-15,7.011934892369408e-15,276,-1.2086859291216e-13,-1.3322676295501878e-15,9.992007221626409e-16,2.4980018054065987e-14,5.0
55.10000000000051,503.6839523822924,-215.01507658089756,1.4321792693702704,4.9999999999999964,3.907985046680551e-15,9.115515360080236e-15,4.557757680040118e-15,1.823103072016046e-14,277,-1.5402089326155277e-13,2.55351295663786e-14,-1.4099832412739488e-14,-3.524958103184867e-13,5.0
55.200000000000514,503.75303916718264,-214.51987256621925,1.4321792693702722,4.9999999999999964,3.907985046680551e-15,9.349246523159216e-16,4.674623261579608e-16,1.869849304631842e-15,277,-1.1379786002407855e-13,2.731148640577885e-14,-1.4099832412739488e-14,-3.524958103184867e-13,5.0
55.300000000000516,503.8221259520729,-214.02466855154094,1.4321792693702724,4.9999999999999964,3.907985046680551e-15,-4.6746232615796084e-15,-2.3373116307898042e-15,-9.34924652315921e-15,278,-4.5510470392251534e-14,2.9531932455029164e-14,1.2101430968414206e-14,3.025357742103547e-13,5.0
55.40000000000052,503.8912127369632,-213.52946453686263,1.4321792693702715,4.9999999999999964,3.907985046680551e-15,-8.180590707764315e-15,-4.0902953538821575e-15,-1.636118141552862e-14,278,-6.059042156891792e-14,2.864375403532904e-14,1.2101430968414206e-14,3.025357742103547e-13,5.0
55.50000000000052,503.9602995218535,-213.03426052218433,1.43217926937027,4.9999999999999964,3.907985046680551e-15,-1.1686558153949021e-15,-5.8432790769745105e-16,-2.3373116307898026e-15,279,-9.970496650524296e-14,8.881784197001252e-16,0.0,0.0,5.0
55.60000000000052,504.02938630674385,-212.53905650750602,1.4321792693702697,4.9999999999999964,3.907985046680551e-15,5.142085587737569e-15,2.5710427938687845e-15,1.0284171175475132e-14,279,-1.2788381464901022e-13,6.661338147750939e-16,0.0,0.0,5.0
55.70000000000052,504.0984730916341,-212.0438524928277,1.4321792693702708,4.9999999999999964,3.907985046680551e-15,-1.4023869784738826e-15,-7.011934892369413e-16,-2.804773956947763e-15,280,-1.0180918608160283e-13,2.7977620220553945e-14,-1.2101430968414206e-14,-3.025357742103547e-13,5.0
55.80000000000052,504.1675598765244,-211.5486484781494,1.4321792693702706,4.9999999999999964,3.907985046680551e-15,4.207160935421647e-15,2.1035804677108235e-15,8.414321870843288e-15,280,-1.1689260670522117e-13,2.7755575615628914e-14,-1.2101430968414206e-14,-3.025357742103547e-13,5.0
55.900000000000524,504.2366466614147,-211.0534444634711,1.4321792693702715,4.9999999999999964,3.907985046680551e-15,-2.1035804677108235e-15,-1.0517902338554118e-15,-4.207160935421644e-15,281,-4.927828978207316e-14,2.6645352591003757e-14,1.4099832412739488e-14,3.524958103184867e-13,5.0
56.000000000000526,504.305733446305,-210.5582404487928,1.432179269370271,4.9999999999999964,3.907985046680551e-15,-6.3107414031324714e-15,-3.1553707015662357e-15,-1.2621482806264935e-14,281,-6.535050278699828e-14,2.6201263381153694e-14,1.4099832412739488e-14,3.524958103184867e-13,5.0
56.10000000000053,504.3748202311953,-210.06303643411448,1.4321792693702697,4.9999999999999964,3.907985046680551e-15,7.011934892369413e-16,3.5059674461847064e-16,1.4023869784738816e-15,282,-1.0740019984467608e-13,-1.3322676295501878e-15,-9.992007221626409e-16,-2.4980018054065987e-14,5.0
56.20000000000053,504.44390701608563,-209.56783241943617,1.43217926937027,4.9999999999999964,3.907985046680551e-15,6.3107414031324714e-15,3.1553707015662357e-15,1.2621482806264935e-14,282,-1.3657824871060598e-13,-1.1102230246251565e-15,-9.992007221626409e-16,-2.4980018054065987e-14,5.0
56.30000000000053,504.5129938009759,-209.07262840475786,1.4321792693702713,4.9999999999999964,3.907985046680551e-15,-2.337311630789804e-16,-1.168655815394902e-16,-4.674623261579605e-16,283,-1.0966227925734984e-13,2.842170943040401e-14,-1.3100631690576847e-14,-3.275157922644207e-13,5.0
56.40000000000053,504.5820805858662,-208.57742439007956,1.4321792693702713,4.9999999999999964,3.907985046680551e-15,4.908354424658588e-15,2.454177212329294e-15,9.81670884931717e-15,283,-1.2474743460444415e-13,2.842170943040401e-14,-1.3100631690576847e-14,-3.275157922644207e-13,5.0
56.50000000000053,504.65116737075647,-208.08222037540125,1.4321792693702722,4.9999999999999964,3.907985046680551e-15,-1.1686558153949021e-15,-5.8432790769745105e-16,-2.3373116307898026e-15,284,-5.713311768129614e-14,2.731148640577885e-14,1.4099832412739488e-14,3.524958103184867e-13,5.0
56.600000000000534,504.7202541556468,-207.58701636072294,1.432179269370272,4.9999999999999964,3.907985046680551e-15,-6.3107414031324714e-15,-3.1553707015662357e-15,-1.2621482806264935e-14,284,-7.320533068622126e-14,2.708944180085382e-14,1.4099832412739488e-14,3.524958103184867e-13,5.0
56.700000000000536,504.7893409405371,-207.09181234604463,1.4321792693702706,4.9999999999999964,3.907985046680551e-15,4.674623261579608e-16,2.337311630789804e-16,9.34924652315921e-16,285,-1.1525329302042309e-13,-4.440892098500626e-16,-9.992007221626409e-16,-2.4980018054065987e-14,5.0
56.80000000000054,504.8584277254274,-206.59660833136633,1.4321792693702706,4.9999999999999964,3.907985046680551e-15,6.3107414031324714e-15,3.1553707015662357e-15,1.2621482806264935e-14,285,-1.4443307660982896e-13,-4.440892098500626e-16,-9.992007221626409e-16,-2.4980018054065987e-14,5.0
56.90000000000054,504.9275145103177,-206.10140431668802,1.432179269370272,4.9999999999999964,3.907985046680551e-15,0.0,0.0,0.0,286,-1.1751710715657282e-13,2.90878432451791e-14,-1.3100631690576847e-14,-3.275157922644207e-13,5.0
57.00000000000054,504.99660129520794,-205.6062003020097,1.432179269370272,4.9999999999999964,3.907985046680551e-15,-4.908354424658588e-15,-2.454177212329294e-15,-9.81670884931717e-15,286,-7.630007736736388e-14,2.90878432451791e-14,-1.3100631690576847e-14,-3.275157922644207e-13,5.0
57.10000000000054,505.06568808009825,-205.1109962873314,1.432179269370271,4.9999999999999964,3.907985046680551e-15,1.6361181415528628e-15,8.180590707764313e-16,3.2722362831057233e-15,287,-6.498794558051912e-14,2.6201263381153694e-14,1.4099832412739488e-14,3.524958103184867e-13,5.0
57.20000000000054,505.1347748649885,-204.6157922726531,1.4321792693702713,4.9999999999999964,3.907985046680551e-15,-1.4725063273975766e-14,-7.362531636987883e-15,-2.945012654795151e-14,287,-2.4764912343044898e-14,2.6423307986078726e-14,1.4099832412739488e-14,3.524958103184867e-13,5.0
57.300000000000544,505.20386164987883,-204.1205882579748,1.4321792693702684,4.9999999999999964,3.907985046680551e-15,-7.245666055448392e-15,-3.622833027724196e-15,-1.4491332110896775e-14,288,-6.680940523029477e-14,-2.6645352591003757e-15,-1.9984014443252818e-15,-4.9960036108131975e-14,5.0
57.400000000000546,505.27294843476915,-203.62538424329648,1.4321792693702668,4.9999999999999964,3.907985046680551e-15,1.1686558153949021e-15,5.8432790769745105e-16,2.3373116307898026e-15,288,-9.59926582666526e-14,-4.218847493575595e-15,-1.9984014443252818e-15,-4.9960036108131975e-14,5.0
57.50000000000055,505.34203521965946,-203.13018022861817,1.432179269370267,4.9999999999999964,3.907985046680551e-15,6.778203729290432e-15,3.3891018646452156e-15,1.3556407458580854e-14,289,-1.2553152961558567e-13,2.6201263381153694e-14,-1.4099832412739488e-14,-3.524958103184867e-13,5.0
57.60000000000055,505.4111220045498,-202.63497621393986,1.4321792693702684,4.9999999999999964,3.907985046680551e-15,1.098536466471208e-14,5.49268233235604e-15,2.1970729329424144e-14,289,-1.3961748424051734e-13,2.7533531010703882e-14,-1.4099832412739488e-14,-3.524958103184867e-13,5.0
57.70000000000055,505.48020878944004,-202.13977219926156,1.4321792693702706,4.9999999999999964,3.907985046680551e-15,3.7396986092636866e-15,1.8698493046318433e-15,7.479397218527368e-15,290,-6.90732193664445e-14,2.7755575615628914e-14,1.5987211554602254e-14,3.996802888650558e-13,5.0
57.80000000000055,505.5492955743303,-201.64456818458325,1.4321792693702713,4.9999999999999964,3.907985046680551e-15,-1.3322676295501883e-14,-6.661338147750942e-15,-2.6645352591003748e-14,290,-2.7859659024187522e-14,2.842170943040401e-14,1.5987211554602254e-14,3.996802888650558e-13,5.0
57.90000000000055,505.6183823592206,-201.14936416990494,1.4321792693702686,4.9999999999999964,3.907985046680551e-15,-5.84327907697451e-15,-2.921639538487255e-15,-1.1686558153949012e-14,291,-7.059630657835214e-14,-4.218847493575595e-15,0.0,0.0,5.0
58.000000000000554,505.68746914411093,-200.65416015522663,1.4321792693702675,4.9999999999999964,3.907985046680551e-15,1.1686558153949021e-15,5.8432790769745105e-16,2.3373116307898026e-15,291,-1.0066253386398216e-13,-5.329070518200751e-15,0.0,0.0,5.0
58.100000000000556,505.75655592900125,-200.15895614054833,1.4321792693702677,4.9999999999999964,3.907985046680551e-15,6.778203729290432e-15,3.3891018646452156e-15,1.3556407458580854e-14,292,-1.332250282315428e-13,2.4868995751603507e-14,-1.4988010832439613e-14,-3.747002708109898e-13,5.0
58.20000000000056,505.82564271389157,-199.66375212587002,1.432179269370269,4.9999999999999964,3.907985046680551e-15,2.337311630789804e-16,1.168655815394902e-16,4.674623261579605e-16,292,-1.483119183021131e-13,2.6201263381153694e-14,-1.4988010832439613e-14,-3.747002708109898e-13,5.0
58.30000000000056,505.8947294987819,-199.1685481111917,1.432179269370269,4.9999999999999964,3.907985046680551e-15,6.3107414031324714e-15,3.1553707015662357e-15,1.2621482806264935e-14,293,-1.332250282315428e-13,2.6201263381153694e-14,1.4988010832439613e-14,3.747002708109898e-13,5.0
58.40000000000056,505.96381628367214,-198.6733440965134,1.4321792693702704,4.9999999999999964,3.907985046680551e-15,-2.337311630789804e-16,-1.168655815394902e-16,-4.674623261579605e-16,293,-9.200973316580985e-14,2.7533531010703882e-14,1.4988010832439613e-14,3.747002708109898e-13,5.0
58.50000000000056,506.03290306856246,-198.1781400818351,1.4321792693702704,4.9999999999999964,3.907985046680551e-15,5.60954791389553e-15,2.804773956947765e-15,1.1219095827791053e-14,294,-1.3474811544345044e-13,-2.4424906541753444e-15,0.0,0.0,5.0
58.60000000000056,506.1019898534527,-197.6829360671568,1.4321792693702715,4.9999999999999964,3.907985046680551e-15,-1.4023869784738826e-15,-7.011934892369413e-16,-2.804773956947763e-15,294,-1.0851736176320514e-13,-1.3322676295501878e-15,0.0,0.0,5.0
58.700000000000564,506.17107663834304,-197.18773205247848,1.4321792693702713,4.9999999999999964,3.907985046680551e-15,4.6746232615796084e-15,2.3373116307898042e-15,9.34924652315921e-15,295,-1.410798561307658e-13,2.842170943040401e-14,-1.5987211554602254e-14,-3.996802888650558e-13,5.0
58.800000000000566,506.2401634232333,-196.69252803780017,1.4321792693702722,4.9999999999999964,3.907985046680551e-15,-1.2154020480106982e-14,-6.077010240053491e-15,-2.4308040960213947e-14,295,-9.986456106503283e-14,2.930988785010413e-14,-1.5987211554602254e-14,-3.996802888650558e-13,5.0
58.90000000000057,506.3092502081236,-196.19732402312187,1.4321792693702697,4.9999999999999964,3.907985046680551e-15,-4.440892098500628e-15,-2.220446049250314e-15,-8.881784197001249e-15,296,-8.494073500120436e-14,2.886579864025407e-14,0.0,0.0,5.0
59.00000000000057,506.37833699301393,-195.70212000844356,1.4321792693702688,4.9999999999999964,3.907985046680551e-15,2.804773956947765e-15,1.4023869784738826e-15,5.609547913895526e-15,296,-9.902495490266006e-14,2.7977620220553945e-14,0.0,0.0,5.0
59.10000000000057,506.44742377790425,-195.20691599376525,1.4321792693702695,4.9999999999999964,3.907985046680551e-15,8.180590707764315e-15,4.0902953538821575e-15,1.636118141552862e-14,297,-1.410798561307658e-13,2.6645352591003757e-14,1.9984014443252818e-15,4.9960036108131975e-14,5.0
59.20000000000057,506.5165105627945,-194.71171197908694,1.432179269370271,4.9999999999999964,3.907985046680551e-15,4.674623261579608e-16,2.337311630789804e-16,9.34924652315921e-16,297,-9.986456106503283e-14,2.8199664825478976e-14,1.9984014443252818e-15,4.9960036108131975e-14,5.0
59.30000000000057,506.5855973476848,-194.21650796440863,1.432179269370271,4.9999999999999964,3.907985046680551e-15,6.544472566211451e-15,3.2722362831057252e-15,1.3088945132422893e-14,298,-8.85506945547121e-14,2.6201263381153694e-14,1.4099832412739488e-14,3.524958103184867e-13,5.0
59.400000000000574,506.6546841325751,-193.72130394973033,1.4321792693702724,4.9999999999999964,3.907985046680551e-15,-1.145282699087004e-14,-5.726413495435019e-15,-2.2905653981740063e-14,298,-4.8329396040713846e-14,2.7533531010703882e-14,1.4099832412739488e-14,3.524958103184867e-13,5.0
59.500000000000576,506.7237709174654,-193.22609993505202,1.4321792693702702,4.9999999999999964,3.907985046680551e-15,-4.207160935421647e-15,-2.1035804677108235e-15,-8.414321870843288e-15,299,-9.037215420448774e-14,-8.881784197001252e-16,-9.992007221626409e-16,-2.4980018054065987e-14,5.0
59.60000000000058,506.7928577023557,-192.7308959203737,1.4321792693702693,4.9999999999999964,3.907985046680551e-15,3.7396986092636866e-15,1.8698493046318433e-15,7.479397218527368e-15,299,-1.1955714196432154e-13,-1.7763568394002505e-15,-9.992007221626409e-16,-2.4980018054065987e-14,5.0
59.70000000000058,506.86194448724603,-192.2356919056954,1.43217926937027,4.9999999999999964,3.907985046680551e-15,9.349246523159217e-15,4.6746232615796084e-15,1.869849304631842e-14,300,-1.4893468402998877e-13,2.708944180085382e-14,-1.3100631690576847e-14,-3.275157922644207e-13,5.0
59.80000000000058,506.9310312721363,-191.7404878910171,1.4321792693702717,4.9999999999999964,3.907985046680551e-15,1.1686558153949021e-15,5.8432790769745105e-16,2.3373116307898026e-15,300,-1.0771938896425581e-13,2.886579864025407e-14,-1.3100631690576847e-14,-3.275157922644207e-13,5.0
59.90000000000058,507.00011805702655,-191.2452838763388,1.432179269370272,4.9999999999999964,3.907985046680551e-15,-4.440892098500628e-15,-2.220446049250314e-15,-8.881784197001249e-15,301,-4.0105072041107803e-14,2.708944180085382e-14,1.4099832412739488e-14,3.524958103184867e-13,5.0
60.00000000000058,507.06920484191687,-190.75007986166048,1.432179269370271,4.9999999999999964,3.907985046680551e-15,-8.648053033922275e-15,-4.3240265169611374e-15,-1.7296106067844537e-14,301,-5.618422393993683e-14,2.6201263381153694e-14,1.4099832412739488e-14,3.524958103184867e-13,5.0
60.100000000000584,507.1382916268072,-190.25487584698217,1.4321792693702693,4.9999999999999964,3.907985046680551e-15,-1.6361181415528628e-15,-8.180590707764313e-16,-3.2722362831057233e-15,302,-9.822698210371072e-14,-1.7763568394002505e-15,-1.9984014443252818e-15,-4.9960036108131975e-14,5.0
60.200000000000585,507.2073784116975,-189.75967183230387,1.432179269370269,4.9999999999999964,3.907985046680551e-15,4.6746232615796084e-15,2.3373116307898042e-15,9.34924652315921e-15,302,-1.2741196986354453e-13,-1.9984014443252818e-15,-1.9984014443252818e-15,-4.9960036108131975e-14,5.0
60.30000000000059,507.2764651965878,-189.26446781762556,1.43217926937027,4.9999999999999964,3.907985046680551e-15,1.0050440012396157e-14,5.0252200061980786e-15,2.0100880024792302e-14,303,-1.5694910648900162e-13,2.90878432451791e-14,-1.3100631690576847e-14,-3.275157922644207e-13,5.0
60.40000000000059,507.3455519814781,-188.76926380294725,1.432179269370272,4.9999999999999964,3.907985046680551e-15,2.5710427938687845e-15,1.2855213969343922e-15,5.142085587737566e-15,303,-1.1473461070110602e-13,3.108624468950438e-14,-1.3100631690576847e-14,-3.275157922644207e-13,5.0
60.50000000000059,507.41463876636834,-188.27405978826894,1.4321792693702724,4.9999999999999964,3.907985046680551e-15,-3.2722362831057256e-15,-1.6361181415528626e-15,-6.5444725662114465e-15,304,-4.4032485990719294e-14,2.7533531010703882e-14,1.5987211554602254e-14,3.996802888650558e-13,5.0
60.60000000000059,507.48372555125866,-187.77885577359064,1.4321792693702717,4.9999999999999964,3.907985046680551e-15,0.00016895414383524457,8.44770725204824e-05,0.0003379082896800227,304,-6.011163788954832e-14,2.6867397195928788e-14,1.5987211554602254e-14,3.996802888650558e-13,5.0
60.70000000000059,507.55277050251703,-187.28364592442998,1.4322130601992398,4.9999999999999964,3.907985046680551e-15,0.0004619952445967567,0.00023099763462438937,0.0009239905302802153,305,4.223853611879172e-05,3.379082896692864e-05,-1.9984014443252818e-15,-4.9960036108131975e-14,5.0
60.800000000000594,507.6217261606767,-186.78842363372834,1.4323054592522677,4.9999999999999964,3.907985046680551e-15,0.00038601475887643127,0.00019300738662809757,0.0007720295417191348,305,0.0001746327663726191,0.0001261898819948648,-1.9984014443252818e-15,-4.9960036108131975e-14,5.0
60.900000000000595,507.6906548742813,-186.29319759196477,1.4323826622064397,4.9999999999999964,3.907985046680551e-15,0.0005804506663611256,0.00029022535762646064,0.0011609014142085737,306,0.00033423139795335857,0.00020339283619885684,-1.4988010832439613e-14,-3.747002708109898e-13,5.0
61.0000000000006,507.7594972090534,-185.7979595351243,1.4324987523478605,4.9999999999999964,3.907985046680551e-15,0.0004849888277780366,0.0002424944281485493,0.0009699777030878415,306,0.0005810404848524478,0.00031948297761963396,-1.4988010832439613e-14,-3.747002708109898e-13,5.0
61.1000000000006,507.8283056895814,-185.30271677343322,1.4325957501181692,4.9999999999999964,3.907985046680551e-15,0.0006091334753067274,0.00030456676590525034,0.0012182670447864058,307,0.0008620291729929102,0.00041648074792632883,1.5987211554602254e-14,3.996802888650558e-13,5.0
61.2000000000006,507.89703539091954,-184.80746307263536,1.4327175768226479,4.9999999999999964,3.907985046680551e-15,0.0005089544227920782,0.0002544772278756411,0.0010179089005161613,307,0.001222552898695474,0.000538307452405018,1.5987211554602254e-14,3.996802888650558e-13,5.0
61.3000000000006,507.96572956398376,-184.31220444263784,1.4328193677126995,4.9999999999999964,3.907985046680551e-15,0.0005839820311393698,0.00029199104046447695,0.0011679641452613761,308,0.0016189451972637558,0.0006400983424266204,0.0002642918732798094,0.006607296831995226,5.0
61.4000000000006,508.03435474452544,-183.81693624802443,1.4329361641272256,4.9999999999999964,3.907985046680551e-15,0.0004879394228180312,0.00024396972593039134,0.0009758788940406464,308,0.002084989821242486,0.0007568947569527307,0.0002642918732798094,0.006607296831995226,5.0
61.500000000000604,508.10294586278525,-183.3216633348787,1.4330337520166296,4.9999999999999964,3.907985046680551e-15,0.0005294485926694555,0.00026472431488633053,0.0010588972471775847,309,0.002627854346153251,0.00032589889982714837,0.00086754920553056,0.02168873013826397,5.0
61.600000000000605,508.1714783687409,-182.8263823079582,1.4331396417413473,4.9999999999999964,3.907985046680551e-15,0.00044237463442011685,0.0002211873280313895,0.0008847493049113361,310,0.0025653212725065683,-0.0007747260399866285,0.0006775382008215036,0.016938455020537566,5.0
61.70000000000061,508.23997999243534,-182.3310970088111,1.4332281166718384,4.9999999999999964,3.907985046680551e-15,0.0004616739783822983,0.000230837001491464,0.0009233479977656446,310,0.0022885519306369076,-0.0006862511094956059,0.0006775382008215036,0.016938455020537566,5.0
61.80000000000061,508.30843301612623,-181.83580499035372,1.433320451471615,4.9999999999999964,3.907985046680551e-15,0.00038574633546759106,0.000192873174908689,0.0007714926948514928,311,0.0019333065271734638,-0.0007424780468305858,7.428086855576499e-05,0.0018570217138941221,5.0
61.90000000000061,508.3768591102069,-181.34050925077094,1.4333976007411,4.9999999999999964,3.907985046680551e-15,0.000390891151975375,0.0001954455834535081,0.0007817823288368177,311,0.0016585041050216354,-0.0006653287773454863,7.428086855576499e-05,0.0018570217138941221,5.0
62.00000000000061,508.4452457182627,-180.84520805771905,1.4334757789739836,4.9999999999999964,3.907985046680551e-15,0.00032660456184722795,0.0001633022852784997,0.0006532091382107411,312,0.0014235625166750497,-0.0005871505444619007,-1.3988810110276972e-14,-3.497202527569238e-13,5.0
62.10000000000061,508.51360952508793,-180.34990371701895,1.4335410998878046,4.9999999999999964,3.907985046680551e-15,0.00032321865555560465,0.00016160933199864616,0.0006464373251806882,312,0.0012116383934300257,-0.0005218296306408465,-1.3988810110276972e-14,-3.497202527569238e-13,5.0
62.200000000000614,508.5819418165697,-179.85459502747187,1.4336057436203227,4.9999999999999964,3.907985046680551e-15,0.00027006159054131305,0.00013503079773271567,0.0005401231892894896,313,0.0010315282480551462,-0.00045718589809484733,-8.881784197001252e-16,-2.22044604925031e-14,5.0
62.300000000000615,508.65025525397857,-179.35928373720142,1.4336597559392517,4.9999999999999964,3.907985046680551e-15,0.0002619786613477152,0.0001309893329213994,0.000523957330187236,313,0.0008704507006707454,-0.00040317357916586083,-8.881784197001252e-16,-2.22044604925031e-14,5.0
62.40000000000062,508.7185439401739,-178.86396903386856,1.4337121516722704,4.9999999999999964,3.907985046680551e-15,0.0002188932234656004,0.00010944661304381311,0.00043778645130124357,314,0.000734358579250971,-0.0003507778461733224,1.3100631690576847e-14,3.275157922644207e-13,5.0
62.50000000000062,508.7868173443857,-178.36865222385973,1.4337559303174006,4.9999999999999964,3.907985046680551e-15,0.00020865007115141145,0.00010432503671114949,0.00041730014608763516,314,0.0006136929638305005,-0.0003069992010431566,1.3100631690576847e-14,3.275157922644207e-13,5.0
62.60000000000062,508.8550716010505,-177.8733327749713,1.4337976603320093,4.9999999999999964,3.907985046680551e-15,0.00017433513918830318,8.716757025646694e-05,0.00034867028058432393,315,0.0005123558823481068,-0.00026526918643443587,-1.3100631690576847e-14,-3.275157922644207e-13,5.0
62.70000000000062,508.9233136864337,-177.3780116490514,1.4338325273600676,4.9999999999999964,3.907985046680551e-15,0.00016354546580821944,8.177273345090598e-05,0.0003270909334390929,315,0.0004233050747134495,-0.00023040215837610845,-1.3100631690576847e-14,-3.275157922644207e-13,5.0
62.80000000000062,508.99154117358825,-176.88268851210282,1.4338652364534115,4.9999999999999964,3.907985046680551e-15,0.00013664851048687793,6.832425556239051e-05,0.00027329702203692755,316,0.0003489903625708661,-0.00019769306500605488,-1.3100631690576847e-14,-3.275157922644207e-13,5.0
62.900000000000624,509.0597591205017,-176.38736406114273,1.4338925661556152,4.9999999999999964,3.907985046680551e-15,0.00012628212883064366,6.314106466705224e-05,0.00025256425850038856,316,0.00028430595801210573,-0.00017036336280229492,-1.3100631690576847e-14,-3.275157922644207e-13,5.0
63.000000000000625,509.1279660976899,-175.8920380995146,1.4339178225814653,4.9999999999999964,3.907985046680551e-15,0.00010551356272230067,5.275678150798712e-05,0.00021102712593405715,317,0.00023069480902722372,-0.00014510693695224397,1.3988810110276972e-14,3.497202527569238e-13,5.0
63.10000000000063,509.19616570831215,-175.39671112355734,1.4339389252940586,4.9999999999999964,3.907985046680551e-15,9.610182439122349e-05,4.805091230655603e-05,0.0001922036491522611,317,0.00018451973139403666,-0.0001240042243588757,1.3988810110276972e-14,3.497202527569238e-13,5.0
63.20000000000063,509.2643571971264,-174.90138302940832,1.4339581456589738,4.9999999999999964,3.907985046680551e-15,8.029676054697286e-05,4.01483803382013e-05,0.00016059352130966183,318,0.00014654307539362088,-0.00010478385947165769,1.3100631690576847e-14,3.275157922644207e-13,5.0
63.30000000000063,509.33254307989563,-174.40605416351116,1.4339742050111048,4.9999999999999964,3.907985046680551e-15,7.208128345148608e-05,3.604064177255723e-05,0.00014416256705901935,318,0.00011422533586458172,-8.872450734065396e-05,1.3100631690576847e-14,3.275157922644207e-13,5.0
63.40000000000063,509.4007230426808,-173.91072448271805,1.4339886212678108,4.9999999999999964,3.907985046680551e-15,6.02266771523102e-05,3.0113338603462273e-05,0.00012045335439564423,319,8.788340307826562e-05,-7.430825063292623e-05,-1.4988010832439613e-14,-3.747002708109898e-13,5.0
63.50000000000063,509.46889880063287,-173.41539422316626,1.4340006666032503,4.9999999999999964,3.907985046680551e-15,5.3265124334444324e-05,2.6632562186112464e-05,0.00010653024873185625,319,6.578594707213475e-05,-6.226291519340066e-05,-1.4988010832439613e-14,-3.747002708109898e-13,5.0
63.600000000000634,509.5370703162972,-172.92006337973731,1.4340113196281234,4.9999999999999964,3.907985046680551e-15,4.450505445707913e-05,2.2252527239558456e-05,8.901010895088784e-05,320,4.79707705884902e-05,-5.1609890292070304e-05,8.881784197001252e-16,2.22044604925031e-14,5.0
63.700000000000635,509.6052387247548,-172.42473210867888,1.4340202206390185,4.9999999999999964,3.907985046680551e-15,3.8744852328481916e-05,1.9372426171511252e-05,7.74897046811981e-05,320,3.3292089059444585e-05,-4.2708879397057586e-05,8.881784197001252e-16,2.22044604925031e-14,5.0
63.80000000000064,509.6734041508663,-171.9294004271936,1.4340279696094866,4.9999999999999964,3.907985046680551e-15,3.237281024039097e-05,1.6186405124436314e-05,6.4745620494918e-05,321,2.1623862422427004e-05,-3.49599089588537e-05,1.4988010832439613e-14,3.747002708109898e-13,5.0
63.90000000000064,509.74156731680364,-171.43406843467807,1.434034444171536,4.9999999999999964,3.907985046680551e-15,2.7701292949782404e-05,1.3850646477548317e-05,5.5402585908421826e-05,321,1.2237110502917592e-05,-2.8485346909468134e-05,1.4988010832439613e-14,3.747002708109898e-13,5.0
64.00000000000064,509.80972843265863,-170.93873616005285,1.4340399844301268,4.9999999999999964,3.907985046680551e-15,2.3145492774621492e-05,1.1572746388860667e-05,4.629098555440935e-05,322,4.919760277385249e-06,-2.294508831868214e-05,-1.3988810110276972e-14,-3.497202527569238e-13,5.0
64.10000000000063,509.8778879325618,-170.44340366306426,1.4340446135286822,4.9999999999999964,3.907985046680551e-15,1.9422991278213754e-05,9.711495640022797e-06,3.884598255948055e-05,322,-7.664106692548134e-07,-1.831598976331783e-05,-1.3988810110276972e-14,-3.497202527569238e-13,5.0
64.20000000000063,509.94604606145975,-169.94807097742245,1.4340484981269381,4.9999999999999964,3.907985046680551e-15,1.6228654201800084e-05,8.114327101434308e-06,3.245730840538104e-05,323,-5.06865769017012e-06,-1.443139147938588e-05,-1.4988010832439613e-14,-3.747002708109898e-13,5.0
64.30000000000062,510.0142030573188,-169.452738135875,1.4340517438577787,4.9999999999999964,3.907985046680551e-15,1.3309464285096957e-05,6.6547321428431865e-06,2.6618928571176255e-05,323,-8.227189852480499e-06,-1.1185660638846073e-05,-1.4988010832439613e-14,-3.747002708109898e-13,5.0
64.40000000000062,510.08235916844603,-168.95740517259068,1.4340544057506357,4.9999999999999964,3.907985046680551e-15,1.1120567912877373e-05,5.560283956610592e-06,2.224113582632775e-05,324,-1.049265411218886e-05,-8.523767779822222e-06,1.3100631690576847e-14,3.275157922644207e-13,5.0
64.50000000000061,510.15051450316616,-168.46207210247604,1.4340566298642183,4.9999999999999964,3.907985046680551e-15,8.865478650043668e-06,4.432739325108934e-06,1.773095730037766e-05,324,-1.1974396040649593e-05,-6.299654197183813e-06,1.3100631690576847e-14,3.275157922644207e-13,5.0
64.6000000000006,510.21866929471935,-167.96673895762467,1.4340584029599484,4.9999999999999964,3.907985046680551e-15,7.4074474526532184e-06,3.7037237263774155e-06,1.481489490547578e-05,325,-1.290785344539025e-05,-4.526558495365762e-06,1.4988010832439613e-14,3.747002708109898e-13,5.0
64.7000000000006,510.286823569105,-167.47140574161452,1.434059884449439,4.9999999999999964,3.907985046680551e-15,5.69053529061123e-06,2.845267645328649e-06,1.1381070581299233e-05,325,-1.3319270831174679e-05,-3.0450690047256757e-06,1.4988010832439613e-14,3.747002708109898e-13,5.0
64.8000000000006,510.3549775348815,-166.97607248314208,1.4340610225564971,4.9999999999999964,3.907985046680551e-15,4.754660499183808e-06,2.37733024960534e-06,9.509320998412397e-06,326,-1.3419171524569479e-05,-1.906961948350272e-06,-1.3100631690576847e-14,-3.275157922644207e-13,5.0
64.90000000000059,510.4231311687007,-166.480739178995,1.4340619734885969,4.9999999999999964,3.907985046680551e-15,3.4663045909421705e-06,1.7331522954762913e-06,6.93260918190169e-06,326,-1.3183987369637384e-05,-9.56029848619977e-07,-1.3100631690576847e-14,-3.275157922644207e-13,5.0
65.00000000000058,510.49128465057436,-165.98540585394156,1.434062666749515,4.9999999999999964,3.907985046680551e-15,2.896230443062998e-06,1.4481152215345358e-06,5.792460886136115e-06,327,-1.2795426137461596e-05,-2.6276890241483386e-07,0.0,0.0,5.0
65.10000000000058,510.55943793024113,-165.49007250106627,1.4340632459956038,4.9999999999999964,3.907985046680551e-15,1.9437382071101705e-06,9.718691035560032e-07,3.887476414223398e-06,327,-1.2202752995280064e-05,3.164771862351756e-07,0.0,0.0,5.0
65.20000000000057,510.62759115888855,-164.9947391411712,1.4340636347432452,4.9999999999999964,3.907985046680551e-15,1.6240678233805807e-06,8.120339116908258e-07,3.248135646762944e-06,328,-1.1558579831923849e-05,7.052247996686134e-07,1.3100631690576847e-14,3.275157922644207e-13,5.0
65.30000000000057,510.695744274148,-164.49940576567505,1.4340639595568099,4.9999999999999964,3.907985046680551e-15,9.308767784665545e-07,4.6543838923337806e-07,1.8617535569334436e-06,328,-1.0799950482115461e-05,1.0300383643802036e-06,1.3100631690576847e-14,3.275157922644207e-13,5.0
65.40000000000056,510.7638974001968,-164.00407239166339,1.4340641457321657,4.9999999999999964,3.907985046680551e-15,7.77783254877447e-07,3.8889162743878224e-07,1.555566509755089e-06,329,-1.0052212142713096e-05,1.2162137219551283e-06,-1.4988010832439613e-14,-3.747002708109898e-13,5.0
65.50000000000055,510.8320504719429,-163.5087390101802,1.4340643012888166,4.9999999999999964,3.907985046680551e-15,2.8189510281605475e-07,1.4094755140803018e-07,5.637902056321184e-07,329,-9.24965949014589e-06,1.3717703728488573e-06,-1.4988010832439613e-14,-3.747002708109898e-13,5.0
65.60000000000055,510.90020358945156,-163.0134056349935,1.4340643576678371,4.9999999999999964,3.907985046680551e-15,2.355341669070835e-07,1.1776708345354338e-07,4.710683338141722e-07,330,-8.493300482224214e-06,1.4281494216117352e-06,-1.3100631690576847e-14,-3.275157922644207e-13,5.0
65.70000000000054,510.96835669051586,-162.5180722575442,1.4340644047746705,4.9999999999999964,3.907985046680551e-15,-1.1238770779517306e-07,-5.6193853897586715e-08,-2.2477541559034657e-07,330,-7.720342213378417e-06,1.4752562549347203e-06,-1.3100631690576847e-14,-3.275157922644207e-13,5.0
65.80000000000054,511.03650985441527,-162.0227388887404,1.4340643822971288,4.9999999999999964,3.907985046680551e-15,-9.390423526486708e-08,-4.6952117632433646e-08,-1.8780847052973437e-07,331,-7.010811041006926e-06,1.452778711330538e-06,1.4988010832439613e-14,3.747002708109898e-13,5.0
65.90000000000053,511.1046630248708,-161.5274055208387,1.4340643635162817,4.9999999999999964,3.907985046680551e-15,-3.3250125600214887e-07,-1.66250628001079e-07,-6.650025120043127e-07,331,-6.307897729596057e-06,1.4339978642308182e-06,1.4988010832439613e-14,3.747002708109898e-13,5.0
66.00000000000053,511.1728162637216,-161.03207216234753,1.4340642970160304,4.9999999999999964,3.907985046680551e-15,-2.7781755679592553e-07,-1.3890877839796544e-07,-5.556351135918596e-07,332,-5.674024088114099e-06,1.3674975849475857e-06,1.3100631690576847e-14,3.275157922644207e-13,5.0
66.10000000000052,511.2409695219689,-160.53673880652514,1.434064241452519,4.9999999999999964,3.907985046680551e-15,-4.369046946450392e-07,-2.1845234732253002e-07,-8.738093892901126e-07,332,-5.05972971150126e-06,1.311934073600085e-06,1.3100631690576847e-14,3.275157922644207e-13,5.0
66.20000000000051,511.30912284713924,-160.04140545991072,1.4340641540715802,4.9999999999999964,3.907985046680551e-15,-3.650506325295563e-07,-1.825253162647842e-07,-7.301012650591323e-07,333,-4.5129888669344365e-06,1.224553136447426e-06,-1.4988010832439613e-14,-3.747002708109898e-13,5.0
66.30000000000051,511.3772761977964,-159.54607211680306,1.4340640810614536,4.9999999999999964,3.907985046680551e-15,-4.6730091281907613e-07,-2.3365045640955082e-07,-9.346018256381942e-07,333,-3.991974937618548e-06,1.151543009836331e-06,-1.4988010832439613e-14,-3.747002708109898e-13,5.0
66.4000000000005,511.4454296099419,-159.05073878215566,1.434063987601271,4.9999999999999964,3.907985046680551e-15,-3.904478312595865e-07,-1.952239156298007e-07,-7.808956625191973e-07,334,-3.533028661004134e-06,1.0580828555539767e-06,8.881784197001252e-16,2.22044604925031e-14,5.0
66.5000000000005,511.51358304934746,-158.555405451259,1.434063909511705,4.9999999999999964,3.907985046680551e-15,-4.5285453141800473e-07,-2.2642726570901396e-07,-9.057090628360476e-07,334,-3.101599220130258e-06,9.799932894072327e-07,8.881784197001252e-16,2.22044604925031e-14,5.0
66.60000000000049,511.5817365428894,-158.060072127811,1.4340638189407986,4.9999999999999964,3.907985046680551e-15,-3.783773257288242e-07,-1.8918866286441889e-07,-7.567546514576705e-07,335,-2.7248162307799695e-06,8.894223531008549e-07,1.4988010832439613e-14,3.747002708109898e-13,5.0
66.70000000000049,511.6498900628486,-157.5647388079978,1.4340637432653334,4.9999999999999964,3.907985046680551e-15,-4.1348822284251433e-07,-2.0674411142126598e-07,-8.269764456850577e-07,335,-2.374699385312984e-06,8.13746887873279e-07,1.4988010832439613e-14,3.747002708109898e-13,5.0
66.80000000000048,511.7180436289882,-157.06940549453861,1.4340636605676889,4.9999999999999964,3.907985046680551e-15,-3.454852679963676e-07,-1.7274263399818896e-07,-6.90970535992752e-07,336,-2.071198036031341e-06,7.310492433632021e-07,0.0,0.0,5.0
66.90000000000047,511.7861972192486,-156.57407218439823,1.4340635914706352,4.9999999999999964,3.907985046680551e-15,-3.6241999179507034e-07,-1.8120999589754113e-07,-7.248399835901601e-07,336,-1.7920447290681318e-06,6.619521897288649e-07,0.0,0.0,5.0
67.00000000000047,511.85435084792925,-156.07873887954415,1.4340635189866369,4.9999999999999964,3.907985046680551e-15,-3.0281580447832166e-07,-1.514079022391643e-07,-6.056316089566545e-07,337,-1.5516736028529932e-06,5.894681913698463e-07,-1.4988010832439613e-14,-3.747002708109898e-13,5.0
67.10000000000046,511.9225044977517,-155.583405577599,1.434063458423476,4.9999999999999964,3.907985046680551e-15,-3.0808853176234984e-07,-1.5404426588117857e-07,-6.161770635247114e-07,337,-1.3326434618321503e-06,5.289050304391196e-07,-1.4988010832439613e-14,-3.747002708109898e-13,5.0
67.20000000000046,511.9906581788789,-155.08807227996112,1.4340633968057697,4.9999999999999964,3.907985046680551e-15,-2.5741978911048074e-07,-1.2870989455524252e-07,-5.148395782209683e-07,338,-1.1452130946887351e-06,4.672873541444744e-07,-1.4988010832439613e-14,-3.747002708109898e-13,5.0
67.30000000000045,512.0588118779785,-154.59273898479609,1.434063345321812,4.9999999999999964,3.907985046680551e-15,-2.5559321700054247e-07,-1.2779660850027333e-07,-5.111864340010915e-07,338,-9.75924412449647e-07,4.1580339638080943e-07,-1.4988010832439613e-14,-3.747002708109898e-13,5.0
67.40000000000045,512.1269656021275,-154.09740569307763,1.4340632942031686,4.9999999999999964,3.907985046680551e-15,-2.1355793344250159e-07,-1.0677896672125202e-07,-4.27115866885007e-07,339,-8.319209749002576e-07,3.6468475306250525e-07,2.90878432451791e-14,7.271960811294765e-13,5.0
67.50000000000044,512.1951193411865,-153.6020724034107,1.4340632514915819,4.9999999999999964,3.907985046680551e-15,-2.0775456466281668e-07,-1.0387728233140946e-07,-4.155091293256368e-07,339,-7.029680986342379e-07,3.219731663506309e-07,2.90878432451791e-14,7.271960811294765e-13,5.0
67.60000000000043,512.2632730999646,-153.10673911645694,1.434063209940669,4.9999999999999964,3.907985046680551e-15,-1.7358689596846697e-07,-8.679344798423413e-08,-3.471737919369359e-07,340,-5.939202625780682e-07,2.804221952423802e-07,9.992007221626409e-16,2.4980018054065987e-14,5.0
67.70000000000043,512.3314268708622,-152.6114058311707,1.4340631752232897,4.9999999999999964,3.907985046680551e-15,-1.658833066230885e-07,-8.294165331154482e-08,-3.3176661324617865e-07,340,-4.971059453517945e-07,2.457048160486863e-07,9.992007221626409e-16,2.4980018054065987e-14,5.0
67.80000000000042,512.3995806570484,-152.1160725479881,1.4340631420466283,4.9999999999999964,3.907985046680551e-15,-1.3860186004758298e-07,-6.930093002379184e-08,-2.772037200951669e-07,341,-4.157243966920743e-07,2.1252821080786077e-07,-2.90878432451791e-14,-7.271960811294765e-13,5.0
67.90000000000042,512.4677344529115,-151.62073926613692,1.4340631143262563,4.9999999999999964,3.907985046680551e-15,-1.303280552484025e-07,-6.516402762420153e-08,-2.606561104968058e-07,341,-3.4411077629720177e-07,1.848078388100305e-07,-2.90878432451791e-14,-7.271960811294765e-13,5.0
68.00000000000041,512.5358882604562,-151.12540598589305,1.4340630882606453,4.9999999999999964,3.907985046680551e-15,-1.0889408789887153e-07,-5.444704394943593e-08,-2.1778817579774348e-07,342,-2.8428882114725496e-07,1.5874222980549746e-07,-9.992007221626409e-16,-2.4980018054065987e-14,5.0
68.1000000000004,512.6040420756036,-150.63007270669524,1.4340630664818277,4.9999999999999964,3.907985046680551e-15,-1.008575104135073e-07,-5.042875520675378e-08,-2.017150208270149e-07,342,-2.3214124151432758e-07,1.3696341216729024e-07,-9.992007221626409e-16,-2.4980018054065987e-14,5.0
68.2000000000004,512.6721958995483,-150.1347394287079,1.4340630463103257,4.9999999999999964,3.907985046680551e-15,-8.427032919431223e-08,-4.2135164597156195e-08,-1.685406583886246e-07,343,-1.8887391574351486e-07,1.1679191014302148e-07,9.992007221626409e-16,2.4980018054065987e-14,5.0
68.3000000000004,512.7403497293766,-149.63940615153004,1.4340630294562597,4.9999999999999964,3.907985046680551e-15,-7.692132825435505e-08,-3.846066412717758e-08,-1.5384265650871015e-07,343,-1.5154548535512014e-07,9.993784422235308e-08,9.992007221626409e-16,2.4980018054065987e-14,5.0
68.40000000000039,512.8085035657332,-149.14407287525043,1.434063014071994,4.9999999999999964,3.907985046680551e-15,-6.427071646816032e-08,-3.21353582340802e-08,-1.2854143293632067e-07,344,-1.2080685816290293e-07,8.455357658476714e-08,2.90878432451791e-14,7.271960811294765e-13,5.0
68.50000000000038,512.876657406577,-148.64873959958823,1.4340630012178508,4.9999999999999964,3.907985046680551e-15,-5.782237449081818e-08,-2.8911187245409115e-08,-1.1564474898163636e-07,344,-9.459778194109703e-08,7.16994332794485e-08,2.90878432451791e-14,7.271960811294765e-13,5.0
68.60000000000038,512.9448112521908,-148.15340632458236,1.4340629896533759,4.9999999999999964,3.907985046680551e-15,-4.831282181334314e-08,-2.4156410906671584e-08,-9.662564362668627e-08,345,-7.320365699031717e-08,6.013490216894013e-08,0.0,0.0,5.0
68.70000000000037,513.0129651011777,-147.6580730500406,1.4340629799908116,4.9999999999999964,3.907985046680551e-15,-4.282654792201641e-08,-2.1413273961008214e-08,-8.56530958440328e-08,345,-5.521437793087891e-08,5.0472337864704286e-08,0.0,0.0,5.0
68.80000000000037,513.081118953592,-147.1627397759704,1.434062971425502,4.9999999999999964,3.907985046680551e-15,-3.578322901145575e-08,-1.789161450572788e-08,-7.156645802291146e-08,346,-4.068482691022002e-08,4.1907084469272604e-08,-2.90878432451791e-14,-7.271960811294765e-13,5.0
68.90000000000036,513.1492728085045,-146.66740650224398,1.4340629642688563,4.9999999999999964,3.907985046680551e-15,-3.122863184420279e-08,-1.5614315922101402e-08,-6.245726368840556e-08,346,-2.867704783360292e-08,3.475043874878736e-08,-2.90878432451791e-14,-7.271960811294765e-13,5.0
69.00000000000036,513.2174266658341,-146.17207322885008,1.4340629580231299,4.9999999999999964,3.907985046680551e-15,-2.60927130194719e-08,-1.3046356509735953e-08,-5.218542603894377e-08,347,-1.9108962943242824e-08,2.8504714366661688e-08,2.708944180085382e-14,6.772360450213445e-13,5.0
69.10000000000035,513.2855805249853,-145.67673995570684,1.4340629528045872,4.9999999999999964,3.907985046680551e-15,-2.2388415332168164e-08,-1.1194207666084084e-08,-4.4776830664336295e-08,347,-1.1379813834311303e-08,2.3286171657588284e-08,2.708944180085382e-14,6.772360450213445e-13,5.0
69.20000000000034,513.353734385804,-145.18140668279304,1.434062948326904,4.9999999999999964,3.907985046680551e-15,-1.870638170680351e-08,-9.353190853401757e-09,-3.7412763413607e-08,348,-5.333868534351804e-09,1.8808432367123373e-08,9.992007221626409e-16,2.4980018054065987e-14,5.0
69.30000000000034,513.4218882479288,-144.68607341005892,1.4340629445856277,4.9999999999999964,3.907985046680551e-15,-1.574708807794423e-08,-7.873544038972115e-09,-3.149417615588844e-08,348,-6.062415638941054e-10,1.506715596732988e-08,9.992007221626409e-16,2.4980018054065987e-14,5.0
69.40000000000033,513.4900421111738,-144.19074013747897,1.43406294143621,4.9999999999999964,3.907985046680551e-15,-1.3157294668979762e-08,-6.57864733448988e-09,-2.6314589337959508e-08,349,2.990548482462163e-09,1.1917792530624638e-08,-2.708944180085382e-14,-6.772360450213445e-13,5.0
69.50000000000033,513.5581959753374,-143.6954068650254,1.4340629388047512,4.9999999999999964,3.907985046680551e-15,-1.0831173385084691e-08,-5.415586692542346e-09,-2.166234677016937e-08,349,5.660131169316074e-09,9.28633370200771e-09,-2.708944180085382e-14,-6.772360450213445e-13,5.0
69.60000000000032,513.6263498402284,-143.2000735926719,1.4340629366385165,4.9999999999999964,3.907985046680551e-15,-9.049858406522046e-09,-4.524929203261023e-09,-1.8099716813044078e-08,350,7.595550039624088e-09,7.120098954871423e-09,2.808864252301646e-14,7.022160630754105e-13,5.0
69.70000000000032,513.6945037057512,-142.70474032040536,1.4340629348285447,4.9999999999999964,3.907985046680551e-15,-7.248919826969615e-09,-3.6244599134848076e-09,-1.449783965393922e-08,350,8.89308773149855e-09,5.310127226820782e-09,2.808864252301646e-14,7.022160630754105e-13,5.0
69.80000000000031,513.7626575717245,-142.2094070482008,1.4340629333787607,4.9999999999999964,3.907985046680551e-15,-6.056756733579208e-09,-3.0283783667896043e-09,-1.2113513467158407e-08,351,9.735904540897344e-09,3.86028697896279e-09,-9.992007221626409e-16,-2.4980018054065987e-14,5.0
69.9000000000003,513.8308114381207,-141.71407377605442,1.4340629321674094,4.9999999999999964,3.907985046680551e-15,-4.6825955978210696e-09,-2.3412977989105348e-09,-9.365191195642133e-09,351,1.0151843470029842e-08,2.6489357374259725e-09,-9.992007221626409e-16,-2.4980018054065987e-14,5.0
70.0000000000003,513.8989653047765,-141.21874050394376,1.4340629312308903,4.9999999999999964,3.907985046680551e-15,-3.9124909160423895e-09,-1.9562454580211947e-09,-7.824981832084774e-09,352,1.030566717727388e-08,1.7124748286079239e-09,-2.90878432451791e-14,-7.271960811294765e-13,5.0
70.10000000000029,513.9671191717056,-140.72340723187068,1.434062930448392,4.9999999999999964,3.907985046680551e-15,-2.8790780286152253e-09,-1.4395390143076126e-09,-5.758156057230446e-09,352,1.0183767024107837e-08,9.29976540220423e-10,-2.90878432451791e-14,-7.271960811294765e-13,5.0
70.20000000000029,514.0352730387663,-140.22807395981573,1.4340629298725764,4.9999999999999964,3.907985046680551e-15,-2.405577725321445e-09,-1.2027888626607224e-09,-4.811155450642886e-09,353,9.929032852851183e-09,3.5416092281082e-10,2.90878432451791e-14,7.271960811294765e-13,5.0
70.30000000000028,514.1034269059949,-139.7327406877839,1.4340629293914608,4.9999999999999964,3.907985046680551e-15,-1.6398001085648461e-09,-8.199000542824231e-10,-3.27960021712969e-09,353,9.50474253469391e-09,-1.2695466899970143e-10,2.90878432451791e-14,7.271960811294765e-13,5.0
70.40000000000028,514.1715807732721,-139.23740741575872,1.4340629290635007,4.9999999999999964,3.907985046680551e-15,-1.3701203914108292e-09,-6.850601957054146e-10,-2.7402407828216568e-09,354,9.031288002170346e-09,-4.5497294820506795e-10,9.992007221626409e-16,2.4980018054065987e-14,5.0
70.50000000000027,514.2397346406451,-138.74207414374672,1.4340629287894766,4.9999999999999964,3.907985046680551e-15,-8.114306887226747e-10,-4.057153443613373e-10,-1.6228613774453483e-09,354,8.46122977238295e-09,-7.289970849200245e-10,9.992007221626409e-16,2.4980018054065987e-14,5.0
70.60000000000026,514.3078885080154,-138.24674087173435,1.4340629286271904,4.9999999999999964,3.907985046680551e-15,-6.779919316027432e-10,-3.389959658013716e-10,-1.3559838632054855e-09,355,7.89391694372421e-09,-8.912270921257459e-10,-2.808864252301646e-14,-7.022160630754105e-13,5.0
70.70000000000026,514.376042375433,-137.7514075997285,1.434062928491592,4.9999999999999964,3.907985046680551e-15,-2.7725658026754815e-10,-1.3862829013377408e-10,-5.545131605350959e-10,355,7.278784200370758e-09,-1.026825513505969e-09,-2.808864252301646e-14,-7.022160630754105e-13,5.0
70.80000000000025,514.4441962428186,-137.25607432771824,1.4340629284361406,4.9999999999999964,3.907985046680551e-15,-2.3165002080292518e-10,-1.1582501040146258e-10,-4.6330004160585004e-10,356,6.696072703260558e-09,-1.082276934738502e-09,-9.992007221626409e-16,-2.4980018054065987e-14,5.0
70.90000000000025,514.5123501102204,-136.7607410557102,1.4340629283898105,4.9999999999999964,3.907985046680551e-15,5.040693009193907e-11,2.520346504596954e-11,1.0081386018387808e-10,356,6.097005872396366e-09,-1.1286069856453196e-09,-9.992007221626409e-16,-2.4980018054065987e-14,5.0
71.00000000000024,514.5805039775752,-136.26540778369574,1.434062928399892,4.9999999999999964,3.907985046680551e-15,4.211110992077682e-11,2.105555496038841e-11,8.422221984155359e-11,357,5.545276404728128e-09,-1.118523496046464e-09,-9.992007221626409e-16,-2.4980018054065987e-14,5.0
71.10000000000024,514.648657844927,-135.77007451168083,1.4340629284083142,4.9999999999999964,3.907985046680551e-15,2.3625171994162415e-10,1.1812585997081208e-10,4.72503439883248e-10,357,4.9965908147098226e-09,-1.1101013441816576e-09,-9.992007221626409e-16,-2.4980018054065987e-14,5.0
71.20000000000023,514.7168117122267,-135.27474123965874,1.4340629284555646,4.9999999999999964,3.907985046680551e-15,1.9740186093928832e-10,9.870093046964416e-11,3.948037218785764e-10,358,4.500638875470919e-09,-1.0628509183874257e-09,2.90878432451791e-14,7.271960811294765e-13,5.0
71.30000000000022,514.7849655795126,-134.77940796763477,1.434062928495045,4.9999999999999964,3.907985046680551e-15,3.274533860438792e-10,1.637266930219396e-10,6.54906772087758e-10,358,4.018512050896206e-09,-1.0233704994533355e-09,2.90878432451791e-14,7.271960811294765e-13,5.0
71.40000000000022,514.8531194467466,-134.28407469560366,1.4340629285605357,4.9999999999999964,3.907985046680551e-15,2.7359471413558974e-10,1.3679735706779487e-10,5.471894282711791e-10,359,3.5886649901728518e-09,-9.579379511848174e-10,9.992007221626409e-16,2.4980018054065987e-14,5.0
71.50000000000021,514.9212733139616,-133.78874142356995,1.4340629286152546,4.9999999999999964,3.907985046680551e-15,3.577197018133025e-10,1.7885985090665126e-10,7.154394036266045e-10,359,3.178116360358363e-09,-9.032190551039321e-10,9.992007221626409e-16,2.4980018054065987e-14,5.0
71.60000000000021,514.9894271811287,-133.2934081515296,1.4340629286867985,4.9999999999999964,3.907985046680551e-15,2.988991510440094e-10,1.494495755220047e-10,5.977983020880184e-10,360,2.8158778503373227e-09,-8.316189958890163e-10,-2.808864252301646e-14,-7.022160630754105e-13,5.0
71.7000000000002,515.0575810482749,-132.7980748794864,1.4340629287465783,4.9999999999999964,3.907985046680551e-15,3.507194534790871e-10,1.7535972673954355e-10,7.014389069581737e-10,360,2.4747898383359335e-09,-7.718392591726797e-10,-2.808864252301646e-14,-7.022160630754105e-13,5.0
71.8000000000002,515.1257349153786,-132.30274160743735,1.4340629288167221,4.9999999999999964,3.907985046680551e-15,2.9304886003214256e-10,1.4652443001607128e-10,5.860977200642847e-10,361,2.1765618335445325e-09,-7.016953684768623e-10,2.708944180085382e-14,6.772360450213445e-13,5.0
71.90000000000019,515.193888782462,-131.8074083353855,1.434062928875332,4.9999999999999964,3.907985046680551e-15,3.2263618677282145e-10,1.6131809338641072e-10,6.452723735456425e-10,361,1.8989335798247353e-09,-6.430855847838757e-10,2.708944180085382e-14,6.772360450213445e-13,5.0
72.00000000000018,515.2620426495089,-131.31207506332865,1.4340629289398592,4.9999999999999964,3.907985046680551e-15,2.6957944648505594e-10,1.3478972324252797e-10,5.391588929701116e-10,362,1.6579788618409363e-09,-5.786124912532387e-10,-9.992007221626409e-16,-2.4980018054065987e-14,5.0
72.10000000000018,515.330196516537,-130.8167417912692,1.4340629289937752,4.9999999999999964,3.907985046680551e-15,2.8431526139253337e-10,1.4215763069626668e-10,5.686305227850663e-10,362,1.4360940214785956e-09,-5.246965084637623e-10,-9.992007221626409e-16,-2.4980018054065987e-14,5.0
72.20000000000017,515.3983503835346,-130.3214085192056,1.4340629290506381,4.9999999999999964,3.907985046680551e-15,2.375510314771802e-10,1.187755157385901e-10,4.751020629543601e-10,363,1.2448436378931227e-09,-4.677773723926748e-10,-2.708944180085382e-14,-6.772360450213445e-13,5.0
72.30000000000017,515.4665042505158,-129.8260752471397,1.4340629290981484,4.9999999999999964,3.907985046680551e-15,2.426900785597977e-10,1.2134503927989885e-10,4.853801571195951e-10,363,1.0703807354350836e-09,-4.2026715441068063e-10,-2.708944180085382e-14,-6.772360450213445e-13,5.0
72.40000000000016,515.5346581174721,-129.33074197507037,1.4340629291466864,4.9999999999999964,3.907985046680551e-15,2.027727693356802e-10,1.013863846678401e-10,4.0554553867136016e-10,364,9.2099371531984e-10,-3.717310903539328e-10,2.90878432451791e-14,7.271960811294765e-13,5.0
72.50000000000016,515.6028119844143,-128.8354087029991,1.4340629291872409,4.9999999999999964,3.907985046680551e-15,2.0201103947520582e-10,1.0100551973760291e-10,4.040220789504114e-10,364,7.85780024381566e-10,-3.3117664166582017e-10,2.90878432451791e-14,7.271960811294765e-13,5.0
72.60000000000015,515.6709658513366,-128.3400754309251,1.434062929227643,4.9999999999999964,3.907985046680551e-15,1.6879760747051964e-10,8.439880373525982e-11,3.3759521494103907e-10,365,6.705994926026193e-10,-2.9083069286173213e-10,-5.551115123125783e-16,-1.3877787807814438e-14,5.0
72.70000000000014,515.7391197182471,-127.84474215884948,1.4340629292614024,4.9999999999999964,3.907985046680551e-15,1.6469398944034197e-10,8.234699472017099e-11,3.2938797888068374e-10,365,5.673749664536487e-10,-2.570712531735353e-10,-5.551115123125783e-16,-1.3877787807814438e-14,5.0
72.80000000000014,515.807273585142,-127.3494088867717,1.4340629292943412,4.9999999999999964,3.907985046680551e-15,1.3761342942368513e-10,6.880671471184256e-11,2.7522685884737005e-10,366,4.799790911946822e-10,-2.2407520283707072e-10,-2.864375403532904e-14,-7.16093850883225e-13,5.0
72.90000000000013,515.8754274520271,-126.85407561469259,1.4340629293218639,4.9999999999999964,3.907985046680551e-15,1.3181993508444644e-10,6.590996754222322e-11,2.636398701688927e-10,366,4.023733360392079e-10,-1.9655255201200816e-10,-2.864375403532904e-14,-7.16093850883225e-13,5.0
73.00000000000013,515.9435813189001,-126.3587423426118,1.4340629293482279,4.9999999999999964,3.907985046680551e-15,1.101416034400341e-10,5.507080172001706e-11,2.2028320688006805e-10,367,3.371043444388988e-10,-1.7018852993544442e-10,2.8199664825478976e-14,7.049916206369734e-13,5.0
73.10000000000012,516.0117351857654,-125.86340907052995,1.4340629293702563,4.9999999999999964,3.907985046680551e-15,1.0381286473734455e-10,5.190643236867228e-11,2.0762572947468896e-10,367,2.7958194093180566e-10,-1.4816015081464684e-10,2.8199664825478976e-14,7.049916206369734e-13,5.0
73.20000000000012,516.0798890526213,-125.36807579844682,1.4340629293910188,4.9999999999999964,3.907985046680551e-15,8.673669969395731e-11,4.3368349846978655e-11,1.7347339938791452e-10,368,2.3141984162311502e-10,-1.2745404731617782e-10,0.0,0.0,5.0
73.30000000000011,516.1480429194712,-124.87274252636286,1.434062929408366,4.9999999999999964,3.907985046680551e-15,8.052739761560112e-11,4.026369880780056e-11,1.6105479523120214e-10,368,1.8936233830979532e-10,-1.1010681255640975e-10,0.0,0.0,5.0
73.4000000000001,516.2161967863141,-124.37740925427792,1.4340629294244716,4.9999999999999964,3.907985046680551e-15,6.728792961415535e-11,3.3643964807077675e-11,1.3457585922831062e-10,369,1.5441237871671731e-10,-9.39448518977315e-11,-2.7644553313166398e-14,-6.911138328291589e-13,5.0
73.5000000000001,516.2843506531522,-123.88207598219235,1.4340629294379292,4.9999999999999964,3.907985046680551e-15,6.152809256240004e-11,3.076404628120002e-11,1.230561851248e-10,369,1.2431503743082217e-10,-8.04871724824352e-11,-2.7644553313166398e-14,-6.911138328291589e-13,5.0
73.6000000000001,516.352504519985,-123.38674271010605,1.434062929450235,4.9999999999999964,3.907985046680551e-15,5.1400053803861664e-11,2.5700026901930832e-11,1.0280010760772326e-10,370,9.955273411188514e-11,-6.818257070051459e-11,0.0,0.0,5.0
73.70000000000009,516.4206583868144,-122.89140943801925,1.434062929460515,4.9999999999999964,3.907985046680551e-15,4.6361277390205e-11,2.31806386951025e-11,9.272255478040994e-11,370,7.829360076927472e-11,-5.7902571626300414e-11,0.0,0.0,5.0
73.80000000000008,516.4888122536398,-122.39607616593193,1.4340629294697873,4.9999999999999964,3.907985046680551e-15,3.8736031925916344e-11,1.9368015962958172e-11,7.747206385183264e-11,371,6.08790552691918e-11,-4.8629100746211407e-11,-9.992007221626409e-16,-2.4980018054065987e-14,5.0
73.90000000000008,516.5569661204626,-121.90074289384424,1.4340629294775344,4.9999999999999964,3.907985046680551e-15,3.442041973082605e-11,1.7210209865413026e-11,6.884083946165205e-11,371,4.627481037244863e-11,-4.0881964480377064e-11,-9.992007221626409e-16,-2.4980018054065987e-14,5.0
74.00000000000007,516.6251199872826,-121.40540962175616,1.4340629294844185,4.9999999999999964,3.907985046680551e-15,2.8762255735010092e-11,1.4381127867505046e-11,5.7524511470020146e-11,372,3.448299285002676e-11,-3.399702741546662e-11,2.8199664825478976e-14,7.049916206369734e-13,5.0
74.10000000000007,516.6932738541005,-120.9100763496678,1.434062929490171,4.9999999999999964,3.907985046680551e-15,2.5144798524036713e-11,1.2572399262018356e-11,5.028959704807339e-11,372,2.470051940761664e-11,-2.8244517835673832e-11,2.8199664825478976e-14,7.049916206369734e-13,5.0
74.20000000000006,516.7614277209166,-120.41474307757917,1.4340629294951999,4.9999999999999964,3.907985046680551e-15,2.1008458131027996e-11,1.0504229065513998e-11,4.2016916262055966e-11,373,1.682131517410923e-11,-2.327293913140238e-11,9.992007221626409e-16,2.4980018054065987e-14,5.0
74.30000000000005,516.8295815877311,-119.91940980549035,1.4340629294994016,4.9999999999999964,3.907985046680551e-15,1.80828451627684e-11,9.0414225813842e-12,3.616569032553677e-11,373,1.0452881615830023e-11,-1.9071189072406014e-11,9.992007221626409e-16,2.4980018054065987e-14,5.0
74.40000000000005,516.8977354545443,-119.42407653340133,1.4340629295030183,4.9999999999999964,3.907985046680551e-15,1.5104175220489872e-11,7.552087610244936e-12,3.0208350440979726e-11,374,5.4524024184487985e-12,-1.539923744076077e-11,-2.8199664825478976e-14,-7.049916206369734e-13,5.0
74.50000000000004,516.9658893213565,-118.92874326131218,1.4340629295060392,4.9999999999999964,3.907985046680551e-15,1.276616239621083e-11,6.383081198105415e-12,2.5532324792421645e-11,374,1.5213039161743325e-12,-1.237832059075572e-11,-2.8199664825478976e-14,-7.049916206369734e-13,5.0
74.60000000000004,517.0340431881677,-118.4334099892229,1.4340629295085925,4.9999999999999964,3.907985046680551e-15,1.0669593863392377e-11,5.334796931696189e-12,2.1339187726784742e-11,375,-1.4350846899713332e-12,-9.82391945569816e-12,2.7644553313166398e-14,6.911138328291589e-13,5.0
74.70000000000003,517.1021970549782,-117.93807671713351,1.4340629295107263,4.9999999999999964,3.907985046680551e-15,8.796004860151269e-12,4.3980024300756346e-12,1.7592009720302525e-11,375,-3.6452368901152e-12,-7.69007080236861e-12,2.7644553313166398e-14,6.911138328291589e-13,5.0
74.80000000000003,517.1703509217881,-117.44274344504404,1.4340629295124856,4.9999999999999964,3.907985046680551e-15,7.347105380224671e-12,3.6735526901123355e-12,1.4694210760449332e-11,376,-5.328047031349925e-12,-5.987210727198544e-12,5.551115123125783e-16,1.3877787807814438e-14,5.0
74.90000000000002,517.2385047885975,-116.9474101729545,1.434062929513955,4.9999999999999964,3.907985046680551e-15,5.9325643812706805e-12,2.9662821906353403e-12,1.1865128762541353e-11,376,-6.531462870551508e-12,-4.517719531804687e-12,5.551115123125783e-16,1.3877787807814438e-14,5.0
75.00000000000001,517.3066586554065,-116.45207690086491,1.4340629295151417,4.9999999999999964,3.907985046680551e-15,4.950426034012805e-12,2.4752130170064025e-12,9.900852068025603e-12,377,-7.285373693211028e-12,-3.275824056458987e-12,-2.8199664825478976e-14,-7.049916206369734e-13,5.0
75.10000000000001,517.3748125222152,-115.95674362877527,1.4340629295161318,4.9999999999999964,3.907985046680551e-15,3.8553955349877816e-12,1.9276977674938908e-12,7.710791069975558e-12,377,-7.65920660228403e-12,-2.2857271630982723e-12,-2.8199664825478976e-14,-7.049916206369734e-13,5.0
75.2,517.4429663890236,-115.4614103566856,1.434062929516903,4.9999999999999964,3.907985046680551e-15,3.2140372234990597e-12,1.60701861174953e-12,6.428074446998115e-12,378,-7.747656682877135e-12,-1.5134560271690134e-12,2.7644553313166398e-14,6.911138328291589e-13,5.0
75.3,517.5111202558318,-114.96607708459591,1.4340629295175458,4.9999999999999964,3.907985046680551e-15,2.3672292196639138e-12,1.1836146098319569e-12,4.734458439327824e-12,378,-7.662682988129887e-12,-8.706368959110478e-13,2.7644553313166398e-14,6.911138328291589e-13,5.0
75.39999999999999,517.5792741226398,-114.4707438125062,1.4340629295180192,4.9999999999999964,3.907985046680551e-15,1.96918504894041e-12,9.84592524470205e-13,3.938370097880817e-12,379,-7.510554678180625e-12,-4.5363712786183896e-13,0.0,0.0,5.0
75.49999999999999,517.6474279894478,-113.97541054041646,1.434062929518413,4.9999999999999964,3.907985046680551e-15,1.3687296909905093e-12,6.843648454952547e-13,2.7374593819810166e-12,379,-7.222715481258746e-12,-5.972999872483342e-14,0.0,0.0,5.0
75.59999999999998,517.7155818562558,-113.48007726832672,1.4340629295186869,4.9999999999999964,3.907985046680551e-15,1.1487886665331887e-12,5.743943332665944e-13,2.297577333066376e-12,380,-6.943778885215579e-12,2.7045032879868813e-13,-2.8199664825478976e-14,-7.049916206369734e-13,5.0
75.69999999999997,517.7837357230636,-112.98474399623697,1.4340629295189167,4.9999999999999964,3.907985046680551e-15,6.888057375937553e-13,3.4440286879687764e-13,1.3776114751875096e-12,380,-6.513185824008616e-12,5.002664948960955e-13,-2.8199664825478976e-14,-7.049916206369734e-13,5.0
75.79999999999997,517.8518895898715,-112.48941072414722,1.4340629295190543,4.9999999999999964,3.907985046680551e-15,5.738100053588969e-13,2.8690500267944846e-13,1.147620010717793e-12,381,-6.025343418647466e-12,6.379341499496149e-13,2.864375403532904e-14,7.16093850883225e-13,5.0
75.89999999999996,517.9200434566793,-111.99407745205747,1.4340629295191691,4.9999999999999964,3.907985046680551e-15,2.729979984762491e-13,1.3649899923812455e-13,5.459959969524978e-13,381,-5.594746887993551e-12,7.527312106958561e-13,2.864375403532904e-14,7.16093850883225e-13,5.0
75.99999999999996,517.9881973234872,-111.49874417996772,1.4340629295192238,4.9999999999999964,3.907985046680551e-15,2.3092638912203266e-13,1.1546319456101633e-13,4.61852778244065e-13,382,-5.2133575234591945e-12,7.500666754367558e-13,0.0,0.0,5.0
76.09999999999995,518.056351190295,-111.00341090787796,1.43406292951927,4.9999999999999964,3.907985046680551e-15,1.6594912578607608e-14,8.297456289303804e-15,3.318982515721519e-14,382,-4.8114012773936565e-12,7.962519532611623e-13,0.0,0.0,5.0
76.19999999999995,518.1245050571029,-110.50807763578821,1.4340629295192733,4.9999999999999964,3.907985046680551e-15,1.3790138621659845e-14,6.895069310829922e-15,2.758027724331967e-14,383,-4.417587823324354e-12,8.568701304056958e-13,-2.864375403532904e-14,-7.16093850883225e-13,5.0
76.29999999999994,518.1926589239107,-110.01274436369846,1.434062929519276,4.9999999999999964,3.907985046680551e-15,-1.6080704019833851e-13,-8.040352009916926e-14,-3.2161408039667683e-13,383,-3.986991292670439e-12,8.595346656647962e-13,-2.864375403532904e-14,-7.16093850883225e-13,5.0
76.39999999999993,518.2608127907185,-109.51741109160872,1.4340629295192437,4.9999999999999964,3.907985046680551e-15,-1.4234227831509907e-13,-7.117113915754954e-14,-2.8468455663019795e-13,384,-3.501084838708479e-12,8.273381979506667e-13,0.0,0.0,5.0
76.49999999999993,518.3289666575264,-109.02207781951898,1.4340629295192153,4.9999999999999964,3.907985046680551e-15,-2.4635264588524535e-13,-1.2317632294262267e-13,-4.927052917704904e-13,384,-3.0724242594537543e-12,7.989164885202626e-13,0.0,0.0,5.0
76.59999999999992,518.3971205243344,-108.52674454742925,1.434062929519166,4.9999999999999964,3.907985046680551e-15,-2.0124253141100212e-13,-1.0062126570550106e-13,-4.02485062822004e-13,385,-2.8137110696935252e-12,7.496225862269057e-13,0.0,0.0,5.0
76.69999999999992,518.4652743911423,-108.03141127533951,1.4340629295191258,4.9999999999999964,3.907985046680551e-15,-2.5967532218074723e-13,-1.2983766109037361e-13,-5.193506443614941e-13,385,-2.4976756773931186e-12,7.09432512735475e-13,0.0,0.0,5.0
76.79999999999991,518.5334282579503,-107.53607800324978,1.4340629295190739,4.9999999999999964,3.907985046680551e-15,-2.2181087376195242e-13,-1.1090543688097621e-13,-4.4362174752390454e-13,386,-2.1263338312316193e-12,6.574740751830177e-13,2.8199664825478976e-14,7.049916206369734e-13,5.0
76.8999999999999,518.6015821247582,-107.04074473116006,1.4340629295190295,4.9999999999999964,3.907985046680551e-15,-2.8585321244559306e-13,-1.4292660622279653e-13,-5.717064248911857e-13,386,-1.8122309208834508e-12,6.130651541980114e-13,2.8199664825478976e-14,7.049916206369734e-13,5.0
76.9999999999999,518.6697359915663,-106.54541145907034,1.4340629295189724,4.9999999999999964,3.907985046680551e-15,-2.3209504493742757e-13,-1.1604752246871379e-13,-4.641900898748548e-13,387,-1.6600991414872368e-12,4.996003610813204e-13,0.0,0.0,5.0
77.0999999999999,518.7378898583744,-106.05007818698061,1.434062929518926,4.9999999999999964,3.907985046680551e-15,-2.4167802262366576e-13,-1.2083901131183288e-13,-4.833560452473312e-13,387,-1.4868245523658175e-12,4.531930386519889e-13,0.0,0.0,5.0
77.19999999999989,518.8060437251825,-105.55474491489089,1.4340629295188776,4.9999999999999964,3.907985046680551e-15,-2.0334611187871296e-13,-1.0167305593935648e-13,-4.0669222375742566e-13,388,-1.320516612723921e-12,4.6118664442929e-13,-2.7644553313166398e-14,-6.911138328291589e-13,5.0
77.29999999999988,518.8741975919905,-105.05941164280118,1.434062929518837,4.9999999999999964,3.907985046680551e-15,-2.1199416491263522e-13,-1.0599708245631762e-13,-4.2398832982527014e-13,388,-1.1209852490701167e-12,4.205524817280093e-13,-2.7644553313166398e-14,-6.911138328291589e-13,5.0
77.39999999999988,518.9423514587986,-104.56407837071147,1.4340629295187945,4.9999999999999964,3.907985046680551e-15,-1.8581627464778944e-13,-9.290813732389471e-14,-3.7163254929557863e-13,389,-8.65984367548478e-13,3.7703173916270316e-13,2.8199664825478976e-14,7.049916206369734e-13,5.0
77.49999999999987,519.0105053256068,-104.06874509862176,1.4340629295187575,4.9999999999999964,3.907985046680551e-15,-1.921270160509219e-13,-9.606350802546096e-14,-3.8425403210184357e-13,389,-7.796333023613045e-13,3.3995029014022293e-13,2.8199664825478976e-14,7.049916206369734e-13,5.0
77.59999999999987,519.078659192415,-103.57341182653205,1.434062929518719,4.9999999999999964,3.907985046680551e-15,-1.5332764297981116e-13,-7.666382148990558e-14,-3.066552859596221e-13,390,-7.416602054721722e-13,2.462474668618597e-13,-5.551115123125783e-16,-1.3877787807814438e-14,5.0
77.69999999999986,519.1468130592232,-103.07807855444234,1.4340629295186884,4.9999999999999964,3.907985046680551e-15,-1.4164108482586214e-13,-7.082054241293107e-14,-2.832821696517241e-13,390,-6.829467547042611e-13,2.156053113822054e-13,-5.551115123125783e-16,-1.3877787807814438e-14,5.0
77.79999999999986,519.2149669260314,-102.58274528235263,1.43406292951866,4.9999999999999964,3.907985046680551e-15,-1.1546319456101633e-13,-5.773159728050817e-14,-2.309263891220325e-13,391,-6.312034228628249e-13,2.4358293160275934e-13,-2.8199664825478976e-14,-7.049916206369734e-13,5.0
77.89999999999985,519.2831207928396,-102.08741201026292,1.434062929518637,4.9999999999999964,3.907985046680551e-15,-1.3018825783499208e-13,-6.509412891749604e-14,-2.60376515669984e-13,391,-5.442937767163869e-13,2.204902926905561e-13,-2.8199664825478976e-14,-7.049916206369734e-13,5.0
77.99999999999984,519.3512746596477,-101.59207873817323,1.434062929518611,4.9999999999999964,3.907985046680551e-15,-1.1032110897327876e-13,-5.516055448663938e-14,-2.2064221794655736e-13,392,-4.0401709755499837e-13,1.9451107391432743e-13,2.8199664825478976e-14,7.049916206369734e-13,5.0
78.09999999999984,519.4194285264559,-101.09674546608353,1.434062929518589,4.9999999999999964,3.907985046680551e-15,-1.0097186245011954e-13,-5.048593122505977e-14,-2.0194372490023896e-13,392,-3.1904340280775045e-13,1.7252865802674933e-13,2.8199664825478976e-14,7.049916206369734e-13,5.0
78.19999999999983,519.4875823932641,-100.60141219399384,1.4340629295185687,4.9999999999999964,3.907985046680551e-15,-8.928530429617052e-14,-4.464265214808526e-14,-1.7857060859234092e-13,393,-2.8147276176504477e-13,9.592326932761353e-14,5.551115123125783e-16,1.3877787807814438e-14,5.0
78.29999999999983,519.5557362600723,-100.10607892190414,1.434062929518551,4.9999999999999964,3.907985046680551e-15,-8.203963824072213e-14,-4.1019819120361064e-14,-1.6407927648144416e-13,393,-2.2469526239632387e-13,7.815970093361102e-14,5.551115123125783e-16,1.3877787807814438e-14,5.0
78.39999999999982,519.6238901268805,-99.61074564981445,1.4340629295185345,4.9999999999999964,3.907985046680551e-15,-7.643009032682659e-14,-3.8215045163413296e-14,-1.5286018065365308e-13,394,-1.7667117768738194e-13,1.170175067954915e-13,-2.8199664825478976e-14,-7.049916206369734e-13,5.0
78.49999999999982,519.6920439936887,-99.11541237772475,1.4340629295185192,4.9999999999999964,3.907985046680551e-15,-9.06876912746444e-14,-4.53438456373222e-14,-1.8137538254928866e-13,394,-9.225953334635051e-14,1.0169642905566434e-13,-2.8199664825478976e-14,-7.049916206369734e-13,5.0
78.59999999999981,519.7601978604969,-98.62007910563506,1.434062929518501,4.9999999999999964,3.907985046680551e-15,-8.718172382845969e-14,-4.3590861914229845e-14,-1.7436344765691925e-13,395,4.842654055536855e-14,8.459899447643693e-14,-5.551115123125783e-16,-1.3877787807814438e-14,5.0
78.6999999999998,519.8283517273052,-98.12474583354536,1.4340629295184835,4.9999999999999964,3.907985046680551e-15,-5.329070518200753e-14,-2.6645352591003766e-14,-1.0658141036401499e-13,395,2.0768109454394335e-14,6.705747068735946e-14,-5.551115123125783e-16,-1.3877787807814438e-14,5.0
78.7999999999998,519.8965055941135,-97.62941256145567,1.4340629295184728,4.9999999999999964,3.907985046680551e-15,-3.482594329876808e-14,-1.741297164938404e-14,-6.965188659753611e-14,396,-6.226616444671151e-14,5.639932965095795e-14,0.0,0.0,5.0
78.89999999999979,519.9646594609218,-97.13407928936597,1.434062929518466,4.9999999999999964,3.907985046680551e-15,-1.4023869784738825e-14,-7.011934892369412e-15,-2.804773956947763e-14,396,-8.992112610073377e-14,4.951594689828198e-14,0.0,0.0,5.0
78.99999999999979,520.0328133277301,-96.63874601727628,1.434062929518463,4.9999999999999964,3.907985046680551e-15,-1.4023869784738826e-15,-7.011934892369413e-16,-2.804773956947763e-15,397,-6.226616444671151e-14,4.6629367034256575e-14,2.8199664825478976e-14,7.049916206369734e-13,5.0
79.09999999999978,520.1009671945384,-96.14341274518658,1.4340629295184628,4.9999999999999964,3.907985046680551e-15,-1.098536466471208e-14,-5.49268233235604e-15,-2.1970729329424144e-14,397,-8.992112610073377e-14,4.6407322429331543e-14,2.8199664825478976e-14,7.049916206369734e-13,5.0
79.19999999999978,520.1691210613467,-95.64807947309689,1.4340629295184606,4.9999999999999964,3.907985046680551e-15,7.011934892369413e-16,3.5059674461847064e-16,1.4023869784738816e-15,398,-1.6497220256539435e-13,-1.2212453270876722e-14,5.551115123125783e-16,1.3877787807814438e-14,5.0
79.29999999999977,520.237274928155,-95.15274620100719,1.4340629295184608,4.9999999999999964,3.907985046680551e-15,1.2154020480106982e-14,6.077010240053491e-15,2.4308040960213947e-14,398,-2.2082335959794364e-13,-1.199040866595169e-14,5.551115123125783e-16,1.3877787807814438e-14,5.0
79.39999999999976,520.3054287949633,-94.6574129289175,1.4340629295184633,4.9999999999999964,3.907985046680551e-15,2.1035804677108237e-14,1.0517902338554118e-14,4.207160935421645e-14,399,-2.85420992396368e-13,4.574118861455645e-14,-2.8199664825478976e-14,-7.049916206369734e-13,5.0
79.49999999999976,520.3735826617715,-94.1620796568278,1.4340629295184675,4.9999999999999964,3.907985046680551e-15,4.6746232615796084e-15,2.3373116307898042e-15,9.34924652315921e-15,399,-2.010058786083846e-13,4.9960036108132044e-14,-2.8199664825478976e-14,-7.049916206369734e-13,5.0
79.59999999999975,520.4417365285798,-93.6667463847381,1.4340629295184684,4.9999999999999964,3.907985046680551e-15,1.5192525600133727e-14,7.596262800066863e-15,3.0385051200267435e-14,400,-1.7295540000183962e-13,5.1958437552457326e-14,2.7644553313166398e-14,6.911138328291589e-13,5.0
79.69999999999975,520.509890395388,-93.17141311264841,1.4340629295184715,4.9999999999999964,3.907985046680551e-15,-2.0568342350950276e-14,-1.0284171175475138e-14,-4.1136684701900526e-14,400,-8.797823580763975e-14,5.5067062021407764e-14,2.7644553313166398e-14,6.911138328291589e-13,5.0
79.79999999999974,520.5780442621963,-92.67607984055871,1.4340629295184673,4.9999999999999964,3.907985046680551e-15,-6.778203729290432e-15,-3.3891018646452156e-15,-1.3556407458580854e-14,401,-1.6303625116620424e-13,-5.551115123125783e-15,0.0,0.0,5.0
79.89999999999974,520.6461981290046,-92.18074656846902,1.434062929518466,4.9999999999999964,3.907985046680551e-15,6.3107414031324714e-15,3.1553707015662357e-15,1.2621482806264935e-14,401,-2.1888740819875352e-13,-6.8833827526759706e-15,0.0,0.0,5.0
79.99999999999973,520.7143519958129,-91.68541329637932,1.4340629295184673,4.9999999999999964,3.907985046680551e-15,1.636118141552863e-14,8.180590707764315e-15,3.272236283105724e-14,402,-2.8364463555696773e-13,5.084821452783217e-14,-2.8199664825478976e-14,-7.049916206369734e-13,5.0
80.09999999999972,520.7825058626211,-91.19008002428963,1.4340629295184706,4.9999999999999964,3.907985046680551e-15,1.1686558153949021e-15,5.8432790769745105e-16,2.3373116307898026e-15,402,-1.9866747136276786e-13,5.417888360170764e-14,-2.8199664825478976e-14,-7.049916206369734e-13,5.0
80.19999999999972,520.8506597294294,-90.69474675219993,1.4340629295184708,4.9999999999999964,3.907985046680551e-15,1.2154020480106982e-14,6.077010240053491e-15,2.4308040960213947e-14,403,-1.6908002775650743e-13,5.440092820663267e-14,2.8199664825478976e-14,7.049916206369734e-13,5.0
80.29999999999971,520.9188135962376,-90.19941348011024,1.4340629295184733,4.9999999999999964,3.907985046680551e-15,-2.26719228186611e-14,-1.133596140933055e-14,-4.5343845637322165e-14,403,-8.410633300925952e-14,5.684341886080802e-14,2.8199664825478976e-14,7.049916206369734e-13,5.0
80.39999999999971,520.9869674630459,-89.70408020802054,1.4340629295184688,4.9999999999999964,3.907985046680551e-15,-8.881784197001255e-15,-4.440892098500628e-15,-1.7763568394002498e-14,404,-1.6110029976701412e-13,-3.9968028886505635e-15,0.0,0.0,5.0
80.4999999999997,521.0551213298542,-89.20874693593085,1.434062929518467,4.9999999999999964,3.907985046680551e-15,4.440892098500628e-15,2.220446049250314e-15,8.881784197001249e-15,404,-2.169514567995634e-13,-5.773159728050814e-15,0.0,0.0,5.0
80.5999999999997,521.1232751966625,-88.71341366384115,1.434062929518468,4.9999999999999964,3.907985046680551e-15,1.4725063273975766e-14,7.362531636987883e-15,2.945012654795151e-14,405,-2.7976926331163554e-13,5.1514348342607263e-14,-2.7644553313166398e-14,-6.911138328291589e-13,5.0
80.69999999999969,521.1914290634707,-88.21808039175146,1.4340629295184708,4.9999999999999964,3.907985046680551e-15,4.674623261579608e-16,2.337311630789804e-16,9.34924652315921e-16,405,-1.9479556856438762e-13,5.440092820663267e-14,-2.7644553313166398e-14,-6.911138328291589e-13,5.0
80.79999999999968,521.259582930279,-87.72274711966176,1.4340629295184708,4.9999999999999964,3.907985046680551e-15,1.168655815394902e-14,5.84327907697451e-15,2.3373116307898025e-14,406,-1.6698448179752745e-13,5.3290705182007514e-14,2.8199664825478976e-14,7.049916206369734e-13,5.0
80.89999999999968,521.3277367970871,-87.22741384757207,1.4340629295184733,4.9999999999999964,3.907985046680551e-15,-2.313938514481906e-14,-1.156969257240953e-14,-4.627877028963809e-14,406,-8.257283745649602e-14,5.573319583618286e-14,2.8199664825478976e-14,7.049916206369734e-13,5.0
80.99999999999967,521.3958906638954,-86.73208057548237,1.4340629295184686,4.9999999999999964,3.907985046680551e-15,-8.881784197001255e-15,-4.440892098500628e-15,-1.7763568394002498e-14,407,-1.5916087892087205e-13,-4.218847493575595e-15,-5.551115123125783e-16,-1.3877787807814438e-14,5.0
81.09999999999967,521.4640445307037,-86.23674730339268,1.4340629295184668,4.9999999999999964,3.907985046680551e-15,4.440892098500628e-15,2.220446049250314e-15,8.881784197001249e-15,407,-2.1501550540037329e-13,-5.995204332975845e-15,-5.551115123125783e-16,-1.3877787807814438e-14,5.0
81.19999999999966,521.532198397512,-85.74141403130298,1.4340629295184677,4.9999999999999964,3.907985046680551e-15,1.4725063273975766e-14,7.362531636987883e-15,2.945012654795151e-14,408,-2.778333119124454e-13,5.129230373768223e-14,-2.8199664825478976e-14,-7.049916206369734e-13,5.0
81.29999999999966,521.6003522643202,-85.24608075921329,1.4340629295184706,4.9999999999999964,3.907985046680551e-15,-2.0568342350950276e-14,-1.0284171175475138e-14,-4.1136684701900526e-14,408,-1.928596171651975e-13,5.417888360170764e-14,-2.8199664825478976e-14,-7.049916206369734e-13,5.0
81.39999999999965,521.6685061311285,-84.75074748712359,1.4340629295184664,4.9999999999999964,3.907985046680551e-15,-7.0119348923694126e-15,-3.505967446184706e-15,-1.4023869784738816e-14,409,-1.652081249581272e-13,4.9960036108132044e-14,2.8199664825478976e-14,7.049916206369734e-13,5.0
81.49999999999964,521.7366599979368,-84.2554142150339,1.434062929518465,4.9999999999999964,3.907985046680551e-15,5.84327907697451e-15,2.921639538487255e-15,1.1686558153949012e-14,409,-1.928596171651975e-13,4.8627768478581856e-14,2.8199664825478976e-14,7.049916206369734e-13,5.0
81.59999999999964,521.8048138647451,-83.7600809429442,1.4340629295184661,4.9999999999999964,3.907985046680551e-15,1.589371908937067e-14,7.946859544685334e-15,3.178743817874132e-14,410,-2.6791416307681004e-13,-6.661338147750939e-15,5.551115123125783e-16,1.3877787807814438e-14,5.0
81.69999999999963,521.8729677315533,-83.2647476708545,1.4340629295184693,4.9999999999999964,3.907985046680551e-15,1.4023869784738826e-15,7.011934892369413e-16,2.804773956947763e-15,410,-2.1113666370808915e-13,-3.552713678800501e-15,5.551115123125783e-16,1.3877787807814438e-14,5.0
81.79999999999963,521.9411215983616,-82.76941439876481,1.4340629295184695,4.9999999999999964,3.907985046680551e-15,1.2387751643185962e-14,6.19387582159298e-15,2.477550328637191e-14,411,-2.757342965065135e-13,5.1958437552457326e-14,-2.8199664825478976e-14,-7.049916206369734e-13,5.0
81.89999999999962,522.0092754651698,-82.27408112667511,1.434062929518472,4.9999999999999964,3.907985046680551e-15,-2.26719228186611e-14,-1.133596140933055e-14,-4.5343845637322165e-14,411,-1.913191827185301e-13,5.440092820663267e-14,-2.8199664825478976e-14,-7.049916206369734e-13,5.0
81.99999999999962,522.0774293319781,-81.77874785458542,1.4340629295184675,4.9999999999999964,3.907985046680551e-15,-8.881784197001255e-15,-4.440892098500628e-15,-1.7763568394002498e-14,412,-1.6326870411198513e-13,5.10702591327572e-14,-5.551115123125783e-16,-1.3877787807814438e-14,5.0
82.09999999999961,522.1455831987864,-81.28341458249572,1.4340629295184657,4.9999999999999964,3.907985046680551e-15,4.908354424658588e-15,2.454177212329294e-15,9.81670884931717e-15,412,-1.909236657660074e-13,4.929390229335695e-14,-5.551115123125783e-16,-1.3877787807814438e-14,5.0
82.1999999999996,522.2137370655947,-80.78808131040603,1.4340629295184666,4.9999999999999964,3.907985046680551e-15,1.4958794437054746e-14,7.479397218527373e-15,2.9917588874109474e-14,413,-2.7395793966711324e-13,5.0182080713057076e-14,0.0,0.0,5.0
82.2999999999996,522.2818909324029,-80.29274803831633,1.4340629295184695,4.9999999999999964,3.907985046680551e-15,9.349246523159216e-16,4.674623261579608e-16,1.869849304631842e-15,413,-1.8898077547291336e-13,5.306866057708248e-14,0.0,0.0,5.0
82.3999999999996,522.3500447992112,-79.79741476622664,1.4340629295184697,4.9999999999999964,3.907985046680551e-15,1.168655815394902e-14,5.84327907697451e-15,2.3373116307898025e-14,414,-1.6133275271279501e-13,5.3290705182007514e-14,2.8199664825478976e-14,7.049916206369734e-13,5.0
82.49999999999959,522.4181986660194,-79.30208149413694,1.4340629295184721,4.9999999999999964,3.907985046680551e-15,-2.337311630789804e-14,-1.168655815394902e-14,-4.674623261579605e-14,414,-7.635558851859514e-14,5.573319583618286e-14,2.8199664825478976e-14,7.049916206369734e-13,5.0
82.59999999999958,522.4863525328277,-78.80674822204725,1.4340629295184675,4.9999999999999964,3.907985046680551e-15,-9.349246523159217e-15,-4.6746232615796084e-15,-1.869849304631842e-14,415,-1.5141360387715963e-13,-5.329070518200751e-15,0.0,0.0,5.0
82.69999999999958,522.554506399636,-78.31141494995755,1.4340629295184657,4.9999999999999964,3.907985046680551e-15,4.440892098500628e-15,2.220446049250314e-15,8.881784197001249e-15,415,-2.072647609097089e-13,-7.105427357601002e-15,0.0,0.0,5.0
82.79999999999957,522.6226602664443,-77.81608167786786,1.4340629295184666,4.9999999999999964,3.907985046680551e-15,1.4725063273975766e-14,7.362531636987883e-15,2.945012654795151e-14,416,-2.720219882679231e-13,5.0182080713057076e-14,-2.8199664825478976e-14,-7.049916206369734e-13,5.0
82.89999999999957,522.6908141332525,-77.32074840577816,1.4340629295184695,4.9999999999999964,3.907985046680551e-15,0.0,0.0,0.0,416,-1.8704482407372325e-13,5.306866057708248e-14,-2.8199664825478976e-14,-7.049916206369734e-13,5.0
82.99999999999956,522.7589680000608,-76.82541513368847,1.4340629295184695,4.9999999999999964,3.907985046680551e-15,1.121909582779106e-14,5.60954791389553e-15,2.2438191655582105e-14,417,-1.5745738046746283e-13,5.306866057708248e-14,2.864375403532904e-14,7.16093850883225e-13,5.0
83.09999999999955,522.827121866869,-76.33008186159877,1.4340629295184717,4.9999999999999964,3.907985046680551e-15,-2.313938514481906e-14,-1.156969257240953e-14,-4.627877028963809e-14,417,-7.248368572021491e-14,5.5289106626332796e-14,2.864375403532904e-14,7.16093850883225e-13,5.0
83.19999999999955,522.8952757336773,-75.83474858950908,1.434062929518467,4.9999999999999964,3.907985046680551e-15,-9.349246523159217e-15,-4.6746232615796084e-15,-1.869849304631842e-14,418,-1.4935275238769918e-13,-6.661338147750939e-15,0.0,0.0,5.0
83.29999999999954,522.9634296004856,-75.33941531741938,1.4340629295184653,4.9999999999999964,3.907985046680551e-15,4.440892098500628e-15,2.220446049250314e-15,8.881784197001249e-15,418,-2.0564799863009853e-13,-8.43769498715119e-15,0.0,0.0,5.0
83.39999999999954,523.0315834672939,-74.84408204532969,1.4340629295184661,4.9999999999999964,3.907985046680551e-15,1.4725063273975766e-14,7.362531636987883e-15,2.945012654795151e-14,419,-2.7008256742178105e-13,4.973799150320701e-14,-2.864375403532904e-14,-7.16093850883225e-13,5.0
83.49999999999953,523.0997373341022,-74.34874877323999,1.434062929518469,4.9999999999999964,3.907985046680551e-15,2.337311630789804e-16,1.168655815394902e-16,4.674623261579605e-16,419,-2.9773405962885136e-13,5.262457136723242e-14,-2.864375403532904e-14,-7.16093850883225e-13,5.0
83.59999999999953,523.1678912009105,-73.8534155011503,1.434062929518469,4.9999999999999964,3.907985046680551e-15,1.121909582779106e-14,5.60954791389553e-15,2.2438191655582105e-14,420,-2.6814661602259093e-13,5.262457136723242e-14,2.8199664825478976e-14,7.049916206369734e-13,5.0
83.69999999999952,523.2360450677187,-73.3580822290606,1.4340629295184713,4.9999999999999964,3.907985046680551e-15,-2.1035804677108235e-15,-1.0517902338554118e-15,-4.207160935421644e-15,420,-1.8317292127534301e-13,5.484501741648273e-14,2.8199664825478976e-14,7.049916206369734e-13,5.0
83.79999999999951,523.304198934527,-72.8627489569709,1.4340629295184708,4.9999999999999964,3.907985046680551e-15,9.349246523159217e-15,4.6746232615796084e-15,1.869849304631842e-14,421,-2.6016341858614567e-13,-1.9984014443252818e-15,0.0,0.0,5.0
83.89999999999951,523.3723528013352,-72.36741568488121,1.4340629295184726,4.9999999999999964,3.907985046680551e-15,-3.973429772342667e-15,-1.9867148861713336e-15,-7.94685954468533e-15,421,-2.0339285811132868e-13,-2.220446049250313e-16,0.0,0.0,5.0
83.9999999999995,523.4405066681435,-71.87208241279151,1.4340629295184717,4.9999999999999964,3.907985046680551e-15,8.180590707764315e-15,4.0902953538821575e-15,1.636118141552862e-14,422,-2.662106646234008e-13,5.5289106626332796e-14,-2.7644553313166398e-14,-6.911138328291589e-13,5.0
84.0999999999995,523.5086605349517,-71.37674914070182,1.4340629295184733,4.9999999999999964,3.907985046680551e-15,-2.5710427938687844e-14,-1.2855213969343922e-14,-5.1420855877375656e-14,422,-1.812369698761529e-13,5.684341886080802e-14,-2.7644553313166398e-14,-6.911138328291589e-13,5.0
84.19999999999949,523.57681440176,-70.88141586861212,1.4340629295184681,4.9999999999999964,3.907985046680551e-15,-1.121909582779106e-14,-5.60954791389553e-15,-2.2438191655582105e-14,423,-1.5342588310929273e-13,5.062616992290714e-14,0.0,0.0,5.0
84.29999999999949,523.6449682685683,-70.38608259652243,1.434062929518466,4.9999999999999964,3.907985046680551e-15,2.804773956947765e-15,1.4023869784738826e-15,5.609547913895526e-15,423,-1.8163942572257952e-13,4.8405723873656825e-14,0.0,0.0,5.0
84.39999999999948,523.7131221353766,-69.89074932443273,1.4340629295184666,4.9999999999999964,3.907985046680551e-15,1.3088945132422903e-14,6.5444725662114505e-15,2.6177890264845786e-14,424,-2.662106646234008e-13,5.0182080713057076e-14,-5.551115123125783e-16,-1.3877787807814438e-14,5.0
84.49999999999947,523.7812760021849,-69.39541605234304,1.4340629295184693,4.9999999999999964,3.907985046680551e-15,2.0334611187871295e-14,1.0167305593935648e-14,4.0669222375742565e-14,424,-2.938621568304711e-13,5.284661597215745e-14,-5.551115123125783e-16,-1.3877787807814438e-14,5.0
84.59999999999947,523.8494298689931,-68.90008278025334,1.4340629295184733,4.9999999999999964,3.907985046680551e-15,6.077010240053491e-15,3.0385051200267454e-15,1.2154020480106974e-14,425,-1.5164605682294052e-13,5.684341886080802e-14,2.8199664825478976e-14,7.049916206369734e-13,5.0
84.69999999999946,523.9175837358013,-68.40474950816365,1.4340629295184744,4.9999999999999964,3.907985046680551e-15,-2.7112814917161728e-14,-1.3556407458580862e-14,-5.422562983432342e-14,425,-6.667583152264456e-14,5.795364188543317e-14,2.8199664825478976e-14,7.049916206369734e-13,5.0
84.79999999999946,523.9857376026096,-67.90941623607395,1.434062929518469,4.9999999999999964,3.907985046680551e-15,-1.2621482806264943e-14,-6.3107414031324714e-15,-2.524296561252987e-14,426,-1.436663288334472e-13,-3.774758283725532e-15,0.0,0.0,5.0
84.89999999999945,524.0538914694179,-67.41408296398426,1.4340629295184666,4.9999999999999964,3.907985046680551e-15,1.6361181415528628e-15,8.180590707764313e-16,3.2722362831057233e-15,426,-1.9951401641904454e-13,-6.217248937900877e-15,0.0,0.0,5.0
84.99999999999945,524.1220453362262,-66.91874969189456,1.4340629295184668,4.9999999999999964,3.907985046680551e-15,1.2387751643185962e-14,6.19387582159298e-15,2.477550328637191e-14,427,-2.6233529237806863e-13,5.040412531798211e-14,-2.8199664825478976e-14,-7.049916206369734e-13,5.0
85.09999999999944,524.1901992030345,-66.42341641980487,1.4340629295184693,4.9999999999999964,3.907985046680551e-15,1.9867148861713334e-14,9.933574430856667e-15,3.973429772342664e-14,427,-2.899902540320909e-13,5.284661597215745e-14,-2.8199664825478976e-14,-7.049916206369734e-13,5.0
85.19999999999943,524.2583530698427,-65.92808314771517,1.4340629295184733,4.9999999999999964,3.907985046680551e-15,5.60954791389553e-15,2.804773956947765e-15,1.1219095827791053e-14,428,-1.497101054237504e-13,5.684341886080802e-14,2.8199664825478976e-14,7.049916206369734e-13,5.0
85.29999999999943,524.3265069366508,-65.43274987562548,1.4340629295184744,4.9999999999999964,3.907985046680551e-15,-2.781400840639867e-14,-1.3907004203199336e-14,-5.56280168127973e-14,428,-6.473988012345444e-14,5.795364188543317e-14,2.8199664825478976e-14,7.049916206369734e-13,5.0
85.39999999999942,524.3946608034591,-64.93741660353578,1.4340629295184688,4.9999999999999964,3.907985046680551e-15,-1.3088945132422903e-14,-6.5444725662114505e-15,-2.6177890264845786e-14,429,-1.3979095658811502e-13,-3.9968028886505635e-15,5.551115123125783e-16,1.3877787807814438e-14,5.0
85.49999999999942,524.4628146702674,-64.44208333144609,1.4340629295184661,4.9999999999999964,3.907985046680551e-15,1.8698493046318433e-15,9.349246523159216e-16,3.739698609263684e-15,429,-1.956421136206643e-13,-6.661338147750939e-15,5.551115123125783e-16,1.3877787807814438e-14,5.0
85.59999999999941,524.5309685370758,-63.94675005935639,1.4340629295184666,4.9999999999999964,3.907985046680551e-15,1.2154020480106982e-14,6.077010240053491e-15,2.4308040960213947e-14,430,-2.6023974641908865e-13,4.907185768843192e-14,-2.8199664825478976e-14,-7.049916206369734e-13,5.0
85.6999999999994,524.599122403884,-63.451416787266695,1.434062929518469,4.9999999999999964,3.907985046680551e-15,1.9867148861713334e-14,9.933574430856667e-15,3.973429772342664e-14,430,-2.884498195854235e-13,5.1514348342607263e-14,-2.8199664825478976e-14,-7.049916206369734e-13,5.0
85.7999999999994,524.6672762706922,-62.956083515177,1.434062929518473,4.9999999999999964,3.907985046680551e-15,5.3758167508165496e-15,2.6879083754082748e-15,1.0751633501633091e-14,431,-1.477741540245603e-13,5.6621374255882984e-14,2.7644553313166398e-14,6.911138328291589e-13,5.0
85.8999999999994,524.7354301375004,-62.460750243087304,1.4340629295184741,4.9999999999999964,3.907985046680551e-15,-2.804773956947765e-14,-1.4023869784738824e-14,-5.609547913895526e-14,431,-6.279698983036042e-14,5.773159728050814e-14,2.7644553313166398e-14,6.911138328291589e-13,5.0
85.99999999999939,524.8035840043087,-61.96541697099761,1.4340629295184686,4.9999999999999964,3.907985046680551e-15,-1.3322676295501883e-14,-6.661338147750942e-15,-2.6645352591003748e-14,432,-1.378550051889249e-13,-4.218847493575595e-15,0.0,0.0,5.0
86.09999999999938,524.871737871117,-61.470083698907914,1.434062929518466,4.9999999999999964,3.907985046680551e-15,1.6361181415528628e-15,8.180590707764313e-16,3.2722362831057233e-15,432,-1.937061622214742e-13,-6.8833827526759706e-15,0.0,0.0,5.0
86.19999999999938,524.9398917379253,-60.97475042681822,1.4340629295184661,4.9999999999999964,3.907985046680551e-15,1.2387751643185962e-14,6.19387582159298e-15,2.477550328637191e-14,433,-2.5845992013273644e-13,4.973799150320701e-14,-2.8199664825478976e-14,-7.049916206369734e-13,5.0
86.29999999999937,525.0080456047336,-60.47941715472852,1.4340629295184686,4.9999999999999964,3.907985046680551e-15,1.9867148861713334e-14,9.933574430856667e-15,3.973429772342664e-14,433,-2.8611141233980675e-13,5.218048215738236e-14,-2.8199664825478976e-14,-7.049916206369734e-13,5.0
86.39999999999937,525.0761994715418,-59.98408388263883,1.4340629295184726,4.9999999999999964,3.907985046680551e-15,5.60954791389553e-15,2.804773956947765e-15,1.1219095827791053e-14,434,-1.438987817792281e-13,5.617728504603292e-14,2.864375403532904e-14,7.16093850883225e-13,5.0
86.49999999999936,525.14435333835,-59.48875061054913,1.4340629295184737,4.9999999999999964,3.907985046680551e-15,-2.828147073255663e-14,-1.4140735366278316e-14,-5.6562941465113224e-14,434,-5.892508703198018e-14,5.728750807065808e-14,2.864375403532904e-14,7.16093850883225e-13,5.0
86.59999999999935,525.2125072051583,-58.99341733845944,1.4340629295184681,4.9999999999999964,3.907985046680551e-15,-1.3556407458580864e-14,-6.778203729290431e-15,-2.711281491716171e-14,435,-1.3579415369946446e-13,-5.551115123125783e-15,0.0,0.0,5.0
86.69999999999935,525.2806610719666,-58.49808406636974,1.4340629295184655,4.9999999999999964,3.907985046680551e-15,1.4023869784738826e-15,7.011934892369413e-16,2.804773956947763e-15,435,-1.920893999418638e-13,-8.215650382226158e-15,0.0,0.0,5.0
86.79999999999934,525.3488149387749,-58.00275079428005,1.4340629295184657,4.9999999999999964,3.907985046680551e-15,1.1920289317028001e-14,5.960144658514001e-15,2.3840578634055986e-14,436,-2.5652396873354633e-13,4.929390229335695e-14,-2.864375403532904e-14,-7.16093850883225e-13,5.0
86.89999999999934,525.4169688055832,-57.50741752219035,1.4340629295184681,4.9999999999999964,3.907985046680551e-15,-1.4023869784738826e-15,-7.011934892369413e-16,-2.804773956947763e-15,436,-2.8417546094061663e-13,5.1736392947532295e-14,-2.864375403532904e-14,-7.16093850883225e-13,5.0
86.99999999999933,525.4851226723915,-57.012084250100656,1.434062929518468,4.9999999999999964,3.907985046680551e-15,9.582977686238197e-15,4.791488843119099e-15,1.9165955372476382e-14,437,-2.545880173343562e-13,5.1514348342607263e-14,2.864375403532904e-14,7.16093850883225e-13,5.0
87.09999999999933,525.5532765391998,-56.51675097801096,1.43406292951847,4.9999999999999964,3.907985046680551e-15,1.776356839400251e-14,8.881784197001255e-15,3.5527136788004997e-14,437,-2.822395095414265e-13,5.3512749786932545e-14,2.864375403532904e-14,7.16093850883225e-13,5.0
87.19999999999932,525.621430406008,-56.021417705921266,1.4340629295184735,4.9999999999999964,3.907985046680551e-15,3.7396986092636866e-15,1.8698493046318433e-15,7.479397218527368e-15,438,-2.464799198076406e-13,-2.220446049250313e-16,-4.440892098500626e-16,-1.110223024625155e-14,5.0
87.29999999999932,525.6895842728162,-55.52608443383157,1.4340629295184741,4.9999999999999964,3.907985046680551e-15,0.011530430625509314,0.0057654069416647365,0.02306150000577168,438,-1.9015344854267369e-13,4.440892098500626e-16,-4.440892098500626e-16,-1.110223024625155e-14,5.0
87.39999999999931,525.7548812248489,-55.030366461537604,1.4363690795190514,4.9999999999999964,3.907985046680551e-15,0.009634698649564078,0.004817461122901444,0.019269769956153208,439,0.002882687500504074,0.0023061500006358315,-2.90878432451791e-14,-7.271960811294765e-13,5.0
87.4999999999993,525.8195048306383,-54.5345602599076,1.4382960565146667,4.9999999999999964,3.907985046680551e-15,0.024866757899717186,0.012435301309547552,0.04973992327864208,439,0.00644446293793053,0.004233126996251224,-2.90878432451791e-14,-7.271960811294765e-13,5.0
87.5999999999993,525.8793931850339,-54.03815983181776,1.443270048842531,4.9999999999999964,3.907985046680551e-15,0.020781416089911384,0.010391830017727475,0.04156657193155869,440,0.014778291171481737,0.009207119324115443,9.992007221626409e-16,2.4980018054065987e-14,5.0
87.69999999999929,525.937826572456,-53.54158603142713,1.447426706035687,4.9999999999999964,3.907985046680551e-15,0.030880465530806884,0.01544391460675736,0.06177320272461863,440,0.024577138493995197,0.013363776517271386,9.992007221626409e-16,2.4980018054065987e-14,5.0
87.79999999999929,525.9916847270189,-53.04449519547551,1.4536040263081487,4.9999999999999964,3.907985046680551e-15,0.02580967569387526,0.01290698730998642,0.05162651579910921,441,0.03897899188731942,0.01954109678973115,9.992007221626409e-16,2.4980018054065987e-14,5.0
87.89999999999928,526.0437329227151,-52.54721158894422,1.4587666778880597,4.9999999999999964,3.907985046680551e-15,0.032247576521386975,0.016127981157483418,0.06450912794775594,441,0.05520018709711968,0.024703748369642176,9.992007221626409e-16,2.4980018054065987e-14,5.0
87.99999999999928,526.0916102887081,-52.04950910972037,1.4652175906828353,4.9999999999999964,3.907985046680551e-15,0.026953180733458378,0.013479038409282062,0.053914521030601716,442,0.07561037934278815,0.031154661164417785,0.015461561111972055,0.3865390277993008,5.0
88.09999999999927,526.137595063309,-51.551628199758056,1.4706090427858955,4.9999999999999964,3.907985046680551e-15,0.030832006296759397,0.015419667680968177,0.061676226569569545,442,0.09791982005192887,0.03654611326747803,0.015461561111972055,0.3865390277993008,5.0
88.19999999999926,526.1799281312195,-51.05342351154117,1.4767766654428525,4.9999999999999964,3.907985046680551e-15,0.025769686424584208,0.012886982698636026,0.051546504008439645,443,0.12827657840512224,0.011790613700490837,0.04094080384351195,1.0235200960877973,5.0
88.29999999999926,526.2204499804587,-50.555068236928534,1.4819313158436964,4.9999999999999964,3.907985046680551e-15,0.027902127062969836,0.013953779385870115,0.05581330628650939,443,0.1406141242882027,0.01694526410133479,0.04094080384351195,1.0235200960877973,5.0
88.39999999999925,526.2578705745024,-50.05647050414044,1.4875126464723474,4.9999999999999964,3.907985046680551e-15,0.02332004570020811,0.01166160831726604,0.04664537601067602,444,0.1320370844244834,-0.028431890733094045,0.03546541053012098,0.8866352632530232,5.0
88.49999999999925,526.2936510015851,-49.557752386324594,1.492177184073415,4.9999999999999964,3.907985046680551e-15,0.0242960396158434,0.012149812809067531,0.048598055558111634,444,0.12365233625385443,-0.02376735313202638,0.03546541053012098,0.8866352632530232,5.0
88.59999999999924,526.3268611992036,-49.05885652266752,1.4970369896292262,4.9999999999999964,3.907985046680551e-15,0.02030532106174594,0.010153707139624971,0.04061413067906409,445,0.10048707797006967,-0.03887988317337743,0.009986167798552659,0.2496541949638161,5.0
88.69999999999924,526.3586425745722,-48.55986760076676,1.5010984026971326,4.9999999999999964,3.907985046680551e-15,0.020545574575757498,0.010273871491164065,0.04109476301370033,445,0.0861259652587141,-0.03481847010547101,0.009986167798552659,0.2496541949638161,5.0
88.79999999999923,526.3883371173555,-48.060750145523116,1.5052078789985026,4.9999999999999964,3.907985046680551e-15,0.017170244122614548,0.008585754868537562,0.034342597542023526,446,0.07385489812969812,-0.030708993804044127,-2.842170943040401e-14,-7.105427357600992e-13,5.0
88.89999999999922,526.4168230313894,-47.561562252338945,1.508642138752705,4.9999999999999964,3.907985046680551e-15,0.025639176232127386,0.012821695257032122,0.05128537581718756,446,0.06279418096881756,-0.02727473404984182,-2.842170943040401e-14,-7.105427357600992e-13,5.0
88.99999999999922,526.4414792739799,-47.06217055266691,1.5137706763344236,4.9999999999999964,3.907985046680551e-15,0.02142879553360707,0.010715627902874905,0.04286169133716936,447,0.05556791316149575,-0.022146196468123103,0.0,0.0,5.0
89.09999999999921,526.4646260097031,-46.56270661140052,1.5180568454681407,4.9999999999999964,3.907985046680551e-15,0.03637715464467875,0.01819459653764593,0.07277437075033756,447,0.049852753335850215,-0.01786002733440606,0.0,0.0,5.0
89.1999999999992,526.4818950169605,-46.0630049189996,1.5253342825431744,4.9999999999999964,3.907985046680551e-15,0.0304093028800063,0.01520816728574405,0.060830324188793444,448,0.05002003793434403,-0.01058259025937236,0.0,0.0,5.0
89.2999999999992,526.497019647942,-45.56323372581449,1.5314173149620538,4.9999999999999964,3.907985046680551e-15,0.04010466269601596,0.020060397553123905,0.08023620852334426,448,0.05233281820014303,-0.00449955784049294,0.0,0.0,5.0
89.3999999999992,526.5066783542699,-45.06332702512718,1.5394409358143881,4.9999999999999964,3.907985046680551e-15,0.03352832173135759,0.016768873540994166,0.067072350657904,449,0.06011292406884827,0.003524063011841383,2.842170943040401e-14,7.105427357600992e-13,5.0
89.49999999999919,526.5139713543655,-44.56338021580682,1.5461481708801785,4.9999999999999964,3.907985046680551e-15,0.03951825731584954,0.019766846092230648,0.07906223549332682,449,0.07025869596817817,0.01023129807763179,2.842170943040401e-14,7.105427357600992e-13,5.0
89.59999999999918,526.5164119995844,-44.06338617259139,1.5540543944295113,4.9999999999999964,3.907985046680551e-15,0.03303820811951316,0.016523613036393714,0.06609144456092603,450,0.08525551857186214,0.018137521626907738,0.011615487426604565,0.29038718566511373,5.0
89.69999999999918,526.5165211592481,-43.56338618450722,1.5606635388856038,4.9999999999999964,3.907985046680551e-15,0.036472028775625685,0.018242080832125734,0.07296427640828919,450,0.10258261597123158,0.024746666083000246,0.011615487426604565,0.29038718566511373,5.0
89.79999999999917,526.5124665572259,-43.063402624575055,1.5679599665264328,4.9999999999999964,3.907985046680551e-15,0.03049012803230742,0.015248607975226482,0.060992068190376315,451,0.12709441505196423,0.0088121188706769,0.03603628683608817,0.900907170902203,5.0
89.89999999999917,526.5062605927279,-42.56344114005385,1.5740591733454703,4.9999999999999964,3.907985046680551e-15,0.032208531746178375,0.016108443555635166,0.06443098769175608,451,0.1391236177417036,0.014911325689714428,0.03603628683608817,0.900907170902203,5.0
89.99999999999916,526.4965755534148,-42.063534948840434,1.580502272114646,4.9999999999999964,3.907985046680551e-15,0.026924220968574514,0.013464550643487389,0.05385657522609143,452,0.13747685391907644,-0.027487174360133926,0.037197083862917424,0.9299270965729343,5.0
90.09999999999916,526.4849913420377,-41.56366916080652,1.5858879296372552,4.9999999999999964,3.907985046680551e-15,0.02753190655699414,0.013768562441289886,0.05507250968033372,452,0.13046577183549954,-0.022101516837524704,0.037197083862917424,0.9299270965729343,5.0
90.19999999999915,526.4705632624704,-41.0638773736391,1.5913951806052886,4.9999999999999964,3.907985046680551e-15,0.02301345345912574,0.011508250476698465,0.046031985813038676,453,0.10380327352314207,-0.0421468347763021,0.012776284453377085,0.3194071113344267,5.0
90.29999999999914,526.4545124683619,-40.56413506803702,1.5959983791865924,4.9999999999999964,3.907985046680551e-15,0.02293692626962157,0.011469971730252985,0.045878880932719045,453,0.08848637802239381,-0.03754363619499834,0.012776284453377085,0.3194071113344267,5.0
90.39999999999914,526.4361805658502,-40.0644712396981,1.6005862672798643,4.9999999999999964,3.907985046680551e-15,0.019171593675088146,0.009586677733402006,0.038346123564461175,454,0.07545102289111184,-0.03295574810166979,-2.8310687127941492e-14,-7.077671781985363e-13,5.0
90.49999999999913,526.4164973441931,-39.56485881913072,1.6044208796363104,4.9999999999999964,3.907985046680551e-15,0.018704759128448763,0.009353197660395336,0.03741224515109786,454,0.06376755119159294,-0.02912113574522368,-2.8310687127941492e-14,-7.077671781985363e-13,5.0
90.59999999999913,526.395015083635,-39.06532051981693,1.6081621041514202,4.9999999999999964,3.907985046680551e-15,0.015633559205203193,0.007817257252992716,0.03126871054043208,455,0.05388422586540841,-0.02537991123011385,2.8310687127941492e-14,7.077671781985363e-13,5.0
90.69999999999912,526.3724312523343,-38.56583080964886,1.6112889752054635,4.9999999999999964,3.907985046680551e-15,0.014973268958031584,0.007487054126121815,0.029947936709169773,455,0.04510335029865471,-0.02225304017607055,2.8310687127941492e-14,7.077671781985363e-13,5.0
90.79999999999912,526.3484506043202,-38.06640621221615,1.6142837688763805,4.9999999999999964,3.907985046680551e-15,0.012514399004812592,0.0062574444972872964,0.02502961464675791,456,0.03772062556170718,-0.01925824650521024,2.8310687127941492e-14,7.077671781985363e-13,5.0
90.89999999999911,526.3235884177946,-37.56702472309069,1.6167867303410564,4.9999999999999964,3.907985046680551e-15,0.011787762874010734,0.005894086184818666,0.0235762082314857,456,0.03122040767347378,-0.016755285040534362,2.8310687127941492e-14,7.077671781985363e-13,5.0
90.9999999999991,526.2976578107842,-37.067697572196536,1.619144351164205,4.9999999999999964,3.907985046680551e-15,0.009851817101963648,0.0049260280789598385,0.019704032626750134,457,0.0257899150156479,-0.014397664217385753,-2.8310687127941492e-14,-7.077671781985363e-13,5.0
91.0999999999991,526.2710333826391,-36.56840693556698,1.62111475442688,4.9999999999999964,3.907985046680551e-15,0.009136849604740534,0.0045685201496936815,0.018274017031305424,457,0.02105416775599079,-0.012427260954710695,-2.8310687127941492e-14,-7.077671781985363e-13,5.0
91.1999999999991,526.243603685936,-36.06915989076974,1.6229421561300106,4.9999999999999964,3.907985046680551e-15,0.007636176037024548,0.003818143678632364,0.01527253760672787,458,0.017124837799560446,-0.010599859251523513,-2.8310687127941492e-14,-7.077671781985363e-13,5.0
91.29999999999909,526.2156363035816,-35.56994267800135,1.6244694098906833,4.9999999999999964,3.907985046680551e-15,0.006977140280448713,0.0034886125970639576,0.013954422083024358,458,0.013734006004956431,-0.00907260549085076,-2.8310687127941492e-14,-7.077671781985363e-13,5.0
91.39999999999908,526.1870710176528,-35.07075932046646,1.6258648520989858,4.9999999999999964,3.907985046680551e-15,0.005831139838474233,0.0029155947033897064,0.011662362290516539,459,0.01094202406767348,-0.007677163282548305,2.8310687127941492e-14,7.077671781985363e-13,5.0
91.49999999999908,526.1580952009001,-34.57159962453387,1.6270310883280374,4.9999999999999964,3.907985046680551e-15,0.005249751173806626,0.002624893672346816,0.010499562632262928,459,0.008561248774480546,-0.006510927053496651,2.8310687127941492e-14,7.077671781985363e-13,5.0
91.59999999999907,526.1286823634259,-34.072465489263884,1.6280810445912637,4.9999999999999964,3.907985046680551e-15,0.004387454464564536,0.0021937377895119344,0.008774944119828572,460,0.006618236974180881,-0.0054609707903270355,2.8310687127941492e-14,7.077671781985363e-13,5.0
91.69999999999906,526.09896066721,-33.573349650230455,1.6289585390032466,4.9999999999999964,3.907985046680551e-15,0.0038909101947803494,0.001945462460567811,0.0077818449334499185,460,0.004984623380157913,-0.004583476378344109,2.8310687127941492e-14,7.077671781985363e-13,5.0
91.79999999999906,526.0689249236879,-33.07425261145836,1.6297367234965916,4.9999999999999964,3.907985046680551e-15,0.0032518003572125373,0.0016259044767683094,0.006503615041617101,461,0.003665617951131133,-0.003805291884999118,-2.8310687127941492e-14,-7.077671781985363e-13,5.0
91.89999999999905,526.0386602841998,-32.575169400363606,1.6303870850007534,4.9999999999999964,3.907985046680551e-15,0.0028384184355300926,0.0014192120762778673,0.005676846399428767,461,0.0025759251096503268,-0.003154930380837362,-2.8310687127941492e-14,-7.077671781985363e-13,5.0
91.99999999999905,526.0081742198967,-32.07609966587422,1.6309547696406963,4.9999999999999964,3.907985046680551e-15,0.0023721840492988496,0.0011860936932629829,0.004744373660639838,462,0.0017080663931443203,-0.002587245740837796,-2.8310687127941492e-14,-7.077671781985363e-13,5.0
92.09999999999904,525.97752118541,-31.577040158924643,1.6314292070067602,4.9999999999999964,3.907985046680551e-15,0.002035270850163882,0.0010176364789278173,0.00407054521314593,462,0.001007490598537053,-0.0021128083747739,-2.8310687127941492e-14,-7.077671781985363e-13,5.0
92.19999999999904,525.9467154500569,-31.077990054557002,1.6318362615280748,4.9999999999999964,3.907985046680551e-15,0.0017009587643230977,0.0008504799973266409,0.003401919579195921,463,0.00045990476008562955,-0.0017057538534592798,2.8310687127941492e-14,7.077671781985363e-13,5.0
92.29999999999903,525.9157899944496,-30.578947354785246,1.6321764534859944,4.9999999999999964,3.907985046680551e-15,0.0014313873917331502,0.0007156940624575744,0.0028627760054360523,463,3.226788419736365e-05,-0.001365561895539713,2.8310687127941492e-14,7.077671781985363e-13,5.0
92.39999999999903,525.8847620331192,-30.079911017816006,1.632462731086538,4.9999999999999964,3.907985046680551e-15,0.0011962681825143614,0.0005981343052483362,0.0023925370783324735,464,-0.00029266600951893557,-0.0010792842950526627,2.8310687127941492e-14,7.077671781985363e-13,5.0
92.49999999999902,525.8536498758962,-29.58087992292017,1.6327019847943713,4.9999999999999964,3.907985046680551e-15,0.0009841346434761294,0.0004920674408824767,0.00196826968410026,464,-0.0005332409950838529,-0.0008400305872193758,2.8310687127941492e-14,7.077671781985363e-13,5.0
92.59999999999901,525.8224712545731,-29.08185297618043,1.6328988117627814,4.9999999999999964,3.907985046680551e-15,0.0008224808160045013,0.0004112404775506945,0.0016449618638371326,465,-0.0007072225647793019,-0.0006432036188093182,-2.8310687127941492e-14,-7.077671781985363e-13,5.0
92.69999999999901,525.7912347463315,-28.582829649518363,1.6330633079491652,4.9999999999999964,3.907985046680551e-15,0.0006581137846771735,0.00032905692796835704,0.001316227688120242,465,-0.0008232041343510244,-0.00047870743242550695,-2.8310687127941492e-14,-7.077671781985363e-13,5.0
92.799999999999,525.75995716227,-28.083808895706188,1.6331949307179772,4.9999999999999964,3.907985046680551e-15,0.0005500120333509974,0.0002750060374737403,0.0011000241360294642,466,-0.0008980293863443773,-0.00034708466355692913,-2.8310687127941492e-14,-7.077671781985363e-13,5.0
92.899999999999,525.7286408683253,-27.584790569656356,1.63330493313158,4.9999999999999964,3.907985046680551e-15,0.000424539918254169,0.00021226996869165842,0.00084907986839025,466,-0.0009340686992986846,-0.0002370822499540015,-2.8310687127941492e-14,-7.077671781985363e-13,5.0
92.99999999999899,525.6973009876434,-27.085773724370704,1.6333898411184191,4.9999999999999964,3.907985046680551e-15,0.00035480498301531223,0.00017740249709080434,0.0007096099846411179,467,-0.0009464748398392191,-0.00015217426311497917,2.8310687127941492e-14,7.077671781985363e-13,5.0
93.09999999999899,525.6659361359407,-26.586758447973608,1.6334608021168833,4.9999999999999964,3.907985046680551e-15,0.0002604283702565991,0.00013021418733617668,0.0005208567478727882,467,-0.0009338607228010498,-8.121326465082568e-05,2.8310687127941492e-14,7.077671781985363e-13,5.0
93.19999999999898,525.634559421312,-26.087743917344376,1.6335128877916705,4.9999999999999964,3.907985046680551e-15,0.00021765039552881305,0.00010882519905321506,0.00043530079535365426,468,-0.0009093602614990166,-2.9127589920241448e-05,2.8310687127941492e-14,7.077671781985363e-13,5.0
93.29999999999897,525.6031673886056,-25.588730350111426,1.6335564178712059,4.9999999999999964,3.907985046680551e-15,0.00014772562544732333,7.386281312663614e-05,0.00029545125223789465,468,-0.0008695114570064014,1.4402489615150671e-05,2.8310687127941492e-14,7.077671781985363e-13,5.0
93.39999999999897,525.571771080505,-25.08971705185411,1.6335859629964296,4.9999999999999964,3.907985046680551e-15,0.000123460206913269,6.173010369186357e-05,0.0002469204146106348,469,-0.0008253788057331103,4.3947614838835136e-05,-2.8310687127941492e-14,-7.077671781985363e-13,5.0
93.49999999999896,525.540366083382,-24.59070430035801,1.6336106550378906,4.9999999999999964,3.907985046680551e-15,7.24681368944389e-05,3.6234068494791435e-05,0.00014493627394745098,469,-0.0007725399465145985,6.863965629988478e-05,-2.8310687127941492e-14,-7.077671781985363e-13,5.0
93.59999999999896,525.5089614874622,-24.09169152361265,1.6336251486652853,4.9999999999999964,3.907985046680551e-15,6.056451693240265e-05,3.0282258493970616e-05,0.00012112903395736952,470,-0.0007201030842698209,8.313328375120221e-05,-2.8310687127941492e-14,-7.077671781985363e-13,5.0
93.69999999999895,525.4775526290675,-23.59267901513782,1.633637261568681,4.9999999999999964,3.907985046680551e-15,2.401512800651702e-05,1.200756400498978e-05,4.803025601880491e-05,470,-0.0006633953132575941,9.524618714684685e-05,-2.8310687127941492e-14,-7.077671781985363e-13,5.0
93.79999999999895,525.4461468454842,-23.093666313137636,1.6336420645942829,4.9999999999999964,3.907985046680551e-15,2.0070401789246906e-05,1.003520089563405e-05,4.014080358186244e-05,471,-0.0006097684376787284,0.000100049212748754,2.8310687127941492e-14,7.077671781985363e-13,5.0
93.89999999999894,525.4147396493646,-22.594653700038627,1.633646078674641,4.9999999999999964,3.907985046680551e-15,-5.623085440698479e-06,-2.811542720371464e-06,-1.1246170881471032e-05,471,-0.000554726230996623,0.00010406329310685969,2.8310687127941492e-14,7.077671781985363e-13,5.0
93.99999999999893,525.3833368608565,-22.0956408095499,1.6336449540575528,4.9999999999999964,3.907985046680551e-15,-4.699437134590967e-06,-2.3497185673084566e-06,-9.398874269225171e-06,472,-0.0005041003558981611,0.00010293867596211648,2.8310687127941492e-14,7.077671781985363e-13,5.0
94.09999999999893,525.3519344030907,-21.596627898247732,1.6336440141701258,4.9999999999999964,3.907985046680551e-15,-2.2355397799104202e-05,-1.1177698900948654e-05,-4.4710795602863556e-05,472,-0.00045380587731431304,0.00010199878853511812,2.8310687127941492e-14,7.077671781985363e-13,5.0
94.19999999999892,525.3205368196185,-21.097614680234315,1.6336395430905655,4.9999999999999964,3.907985046680551e-15,-1.8683298963484923e-05,-9.341649482557675e-06,-3.7366597929687196e-05,473,-0.0004083953325707294,9.752770897475393e-05,0.0,0.0,5.0
94.29999999999892,525.2891405510612,-20.598601379489054,1.6336358064307726,4.9999999999999964,3.907985046680551e-15,-3.0482434555303305e-05,-1.5241217281192106e-05,-6.096486912240809e-05,473,-0.000364302302838581,9.3791049181835e-05,0.0,0.0,5.0
94.39999999999891,525.2577490911112,-20.09958777622537,1.6336297099438604,4.9999999999999964,3.907985046680551e-15,-2.5475388224862986e-05,-1.2737694114498169e-05,-5.0950776456614856e-05,474,-0.0003250273869773194,8.769456226964678e-05,-2.8310687127941492e-14,-7.077671781985363e-13,5.0
94.4999999999989,525.2263594240992,-19.60057406017653,1.6336246148662148,4.9999999999999964,3.907985046680551e-15,-3.308009490100721e-05,-1.654004745502852e-05,-6.616018981709743e-05,474,-0.0002875489529466993,8.259948462407962e-05,-2.8310687127941492e-14,-7.077671781985363e-13,5.0
94.5999999999989,525.1949741970285,-19.101560064860045,1.633617998847233,4.9999999999999964,3.907985046680551e-15,-2.764635675436772e-05,-1.3823178379825196e-05,-5.529271351753986e-05,475,-0.00025451923439824987,7.598346569892556e-05,-2.8310687127941492e-14,-7.077671781985363e-13,5.0
94.6999999999989,525.1635909156884,-18.60254594717165,1.6336124695758814,4.9999999999999964,3.907985046680551e-15,-3.230532065067025e-05,-1.615266032954949e-05,-6.461064131538835e-05,475,-0.00022343909071217277,7.045419434725808e-05,-2.8310687127941492e-14,-7.077671781985363e-13,5.0
94.79999999999889,525.1322115559781,-18.103531582865198,1.6336060085117499,4.9999999999999964,3.907985046680551e-15,-2.6998846965890737e-05,-1.3499423485405427e-05,-5.3997693939981634e-05,476,-0.00019628832365394065,6.399313021576702e-05,2.8310687127941492e-14,7.077671781985363e-13,5.0
94.89999999999888,525.1008340964286,-17.60451709907518,1.6336006087423558,4.9999999999999964,3.907985046680551e-15,-2.9635912773917292e-05,-1.4817956390212254e-05,-5.92718255586799e-05,476,-0.0001710414703353022,5.859336082170152e-05,2.8310687127941492e-14,7.077671781985363e-13,5.0
94.99999999999888,525.0694599894099,-17.10550240449317,1.6335946815598,4.9999999999999964,3.907985046680551e-15,-2.4767916166796855e-05,-1.2383958085297662e-05,-4.9535832339924454e-05,477,-0.00014915376817583367,5.266617820920416e-05,2.8310687127941492e-14,7.077671781985363e-13,5.0
95.09999999999887,525.0380876255417,-16.606487600318665,1.6335897279765659,4.9999999999999964,3.907985046680551e-15,-2.6055759633714374e-05,-1.3027879819068351e-05,-5.211151927479926e-05,477,-0.00012901265816087776,4.7712594975157785e-05,2.8310687127941492e-14,7.077671781985363e-13,5.0
95.19999999999887,525.0067180549119,-16.107472620545014,1.6335845168246383,4.9999999999999964,3.907985046680551e-15,-2.1775839167784595e-05,-1.0887919585183027e-05,-4.3551678339871596e-05,478,-0.00011167030060049276,4.250144304762671e-05,-2.8310687127941492e-14,-7.077671781985363e-13,5.0
95.29999999999886,524.9753500168528,-15.608457544431753,1.6335801616568044,4.9999999999999964,3.907985046680551e-15,-2.219579531173568e-05,-1.1097897657234695e-05,-4.439159062802751e-05,478,-9.58635388407375e-05,3.814627521370184e-05,-2.8310687127941492e-14,-7.077671781985363e-13,5.0
95.39999999999885,524.9439842568706,-15.10944232512402,1.6335757224977416,4.9999999999999964,3.907985046680551e-15,-1.854991279547631e-05,-9.274956398536032e-06,-3.7099825593612184e-05,479,-8.233935005792087e-05,3.3707116207537524e-05,-2.8310687127941492e-14,-7.077671781985363e-13,5.0
95.49999999999885,524.9126198024211,-14.610427023758335,1.6335720125151822,4.9999999999999964,3.907985046680551e-15,-1.8439692660056317e-05,-9.219846330811898e-06,-3.6879385322725066e-05,479,-7.012327011119562e-05,2.999713364815193e-05,-2.8310687127941492e-14,-7.077671781985363e-13,5.0
95.59999999999884,524.8812571718091,-14.111411607762902,1.63356832457665,4.9999999999999964,3.907985046680551e-15,-1.5410787756184194e-05,-7.70539387854959e-06,-3.0821575513893346e-05,480,-5.9734626424419804e-05,2.6309195115814532e-05,2.8310687127941492e-14,7.077671781985363e-13,5.0
95.69999999999884,524.8498956258003,-13.612396123602407,1.6335652424190985,4.9999999999999964,3.907985046680551e-15,-1.5001918086036804e-05,-7.500959043440439e-06,-3.000383617348038e-05,480,-5.043272582691202e-05,2.322703756441058e-05,2.8310687127941492e-14,7.077671781985363e-13,5.0
95.79999999999883,524.8185355158198,-13.113380549194144,1.6335622420354812,4.9999999999999964,3.907985046680551e-15,-1.2537702211387112e-05,-6.268851105939913e-06,-2.5075404423595395e-05,481,-4.256968666854419e-05,2.022665389045386e-05,2.8310687127941492e-14,7.077671781985363e-13,5.0
95.89999999999883,524.7871762882364,-12.614364919333342,1.6335597344950388,4.9999999999999964,3.907985046680551e-15,-1.1984453598036293e-05,-5.992226799233309e-06,-2.3968907196789775e-05,481,-3.559078527835477e-05,1.771911344805588e-05,2.8310687127941492e-14,7.077671781985363e-13,5.0
95.99999999999882,524.7558181739151,-12.115349219513975,1.633557337604319,4.9999999999999964,3.907985046680551e-15,-1.0015886610600309e-05,-5.007943305425752e-06,-2.0031773221619262e-05,482,-2.972734195859795e-05,1.532222272837558e-05,-2.8310687127941492e-14,-7.077671781985363e-13,5.0
96.09999999999881,524.7244607645071,-11.616333475398406,1.6335553344269969,4.9999999999999964,3.907985046680551e-15,-9.417295988700426e-06,-4.7086479944546106e-06,-1.883459197774883e-05,482,-2.457020222795467e-05,1.3319045406134933e-05,-2.8310687127941492e-14,-7.077671781985363e-13,5.0
96.19999999999881,524.6931042053629,-11.117317677854237,1.6335534509677991,4.9999999999999964,3.907985046680551e-15,-7.870410456220005e-06,-3.935205228170942e-06,-1.574082091264313e-05,483,-2.0265003487308746e-05,1.1435586265040598e-05,-2.8310687127941492e-14,-7.077671781985363e-13,5.0
96.2999999999988,524.6617482001346,-10.618301845504078,1.6335518768857078,4.9999999999999964,3.907985046680551e-15,-7.286800107215305e-06,-3.6434000536560162e-06,-1.4573600214591812e-05,483,-1.6514812984161353e-05,9.861504173702684e-06,-2.8310687127941492e-14,-7.077671781985363e-13,5.0
96.3999999999988,524.6303928347828,-10.119285972947248,1.6335504195256862,4.9999999999999964,3.907985046680551e-15,-6.089869936877286e-06,-3.0449349684668745e-06,-1.2179739873848668e-05,484,-1.3405760849447002e-05,8.404144152152071e-06,2.8310687127941492e-14,7.077671781985363e-13,5.0
96.49999999999879,524.5990378980332,-9.620270073459638,1.6335492015516988,4.9999999999999964,3.907985046680551e-15,-5.5550518294423215e-06,-2.7775259147425886e-06,-1.111010365895606e-05,484,-1.0726156242226587e-05,7.186170164708017e-06,2.8310687127941492e-14,7.077671781985363e-13,5.0
96.59999999999879,524.5676834356307,-9.12125414416735,1.6335480905413329,4.9999999999999964,3.907985046680551e-15,-4.6425787134635265e-06,-2.321289356744271e-06,-9.285157426968739e-06,485,-8.521834197390034e-06,6.07515974215822e-06,2.842170943040401e-14,7.105427357600992e-13,5.0
96.69999999999878,524.5363292999707,-8.622238194345089,1.6335471620255901,4.9999999999999964,3.907985046680551e-15,-4.172726793766553e-06,-2.0863633968923588e-06,-8.345453587563374e-06,485,-6.644899033524804e-06,5.146643999420775e-06,2.842170943040401e-14,7.105427357600992e-13,5.0
96.79999999999878,524.504975510423,-8.12322222277604,1.6335463274802313,4.9999999999999964,3.907985046680551e-15,-3.4873144764690424e-06,-1.7436572382398224e-06,-6.974628952955752e-06,486,-5.114758690761764e-06,4.312098640379958e-06,-2.8310687127941492e-14,-7.077671781985363e-13,5.0
96.89999999999877,524.473621966311,-7.624206235786027,1.633545630017336,4.9999999999999964,3.907985046680551e-15,-3.0873026172835165e-06,-1.5436513086454367e-06,-6.1746052345792895e-06,486,-3.83053799989444e-06,3.6146357451638522e-06,-2.8310687127941492e-14,-7.077671781985363e-13,5.0
96.99999999999876,524.442268670438,-7.125190233199038,1.6335450125568127,4.9999999999999964,3.907985046680551e-15,-2.5801821271272662e-06,-1.2900910635657801e-06,-5.1603642542616865e-06,487,-2.795045778065247e-06,2.997175278629527e-06,-2.853273173286652e-14,-7.133182933216621e-13,5.0
97.09999999999876,524.4109155561571,-6.626174219202608,1.6335444965203874,4.9999999999999964,3.907985046680551e-15,-2.248021946599873e-06,-1.1240109733013564e-06,-4.496043893204476e-06,487,-1.94150369528176e-06,2.4811388532608447e-06,-2.853273173286652e-14,-7.133182933216621e-13,5.0
97.19999999999875,524.3795626165099,-6.127158194233988,1.633544046915998,4.9999999999999964,3.907985046680551e-15,-1.8787617438363302e-06,-9.39380871918994e-07,-3.7575234876754213e-06,488,-1.262939688879798e-06,2.031534464208562e-06,2.8310687127941492e-14,7.077671781985363e-13,5.0
97.29999999999875,524.3482098090892,-5.628142160957662,1.6335436711636493,4.9999999999999964,3.907985046680551e-15,-1.608638110200987e-06,-8.043190551010139e-07,-3.2172762204037063e-06,488,-7.168628986878312e-07,1.6557821154172814e-06,2.8310687127941492e-14,7.077671781985363e-13,5.0
97.39999999999874,524.3168571217769,-5.129126120135027,1.6335433494360272,4.9999999999999964,3.907985046680551e-15,-1.3444031263669835e-06,-6.722015631837955e-07,-2.688806252734978e-06,489,-2.9113142780909373e-07,1.3340544364748297e-06,2.853273173286652e-14,7.133182933216621e-13,5.0
97.49999999999874,524.2855045290831,-4.6301100733676135,1.6335430805554019,4.9999999999999964,3.907985046680551e-15,-1.1286904370190902e-06,-5.643452185097248e-07,-2.2573808740387776e-06,489,3.9795011088500365e-08,1.0651738111544518e-06,2.853273173286652e-14,7.133182933216621e-13,5.0
97.59999999999873,524.2541520167431,-4.131094021551679,1.6335428548173145,4.9999999999999964,3.907985046680551e-15,-9.432916772831229e-07,-4.716458386416663e-07,-1.8865833545665941e-06,490,2.902092670299325e-07,8.394357235985694e-07,-2.8310687127941492e-14,-7.077671781985363e-13,5.0
97.69999999999872,524.2227995707915,-3.6320779655646502,1.6335426661589791,4.9999999999999964,3.907985046680551e-15,-7.738431121624289e-07,-3.869215560812724e-07,-1.5476862243250498e-06,490,4.7410416776152986e-07,6.507773882002965e-07,-2.8310687127941492e-14,-7.077671781985363e-13,5.0
97.79999999999872,524.1914471767046,-3.1330619063190377,1.6335425113903568,4.9999999999999964,3.907985046680551e-15,-6.467315990344923e-07,-3.2336579951728e-07,-1.2934631980690966e-06,491,6.060320652066103e-07,4.960088226813042e-07,-2.853273173286652e-14,-7.133182933216621e-13,5.0
97.89999999999871,524.1600948281344,-2.634045844213685,1.633542382044037,4.9999999999999964,3.907985046680551e-15,-5.156595485114086e-07,-2.5782977425572147e-07,-1.0313190970228738e-06,491,6.923535645249335e-07,3.6666250280426027e-07,-2.853273173286652e-14,-7.133182933216621e-13,5.0
97.9999999999987,524.1287425114066,-2.135029780107731,1.6335422789121272,4.9999999999999964,3.907985046680551e-15,-4.3095728973730163e-07,-2.154786448686608e-07,-8.619145794746361e-07,492,7.467700163400065e-07,2.6353059334738305e-07,2.8310687127941492e-14,7.077671781985363e-13,5.0
98.0999999999987,524.0973902250093,-1.63601371409616,1.6335421927206693,4.9999999999999964,3.907985046680551e-15,-3.310664404609161e-07,-1.6553322023046259e-07,-6.62132880921847e-07,492,7.707959820170418e-07,1.773391353765419e-07,2.8310687127941492e-14,7.077671781985363e-13,5.0
98.1999999999987,524.0660379566995,-1.136997646948193,1.633542126507381,4.9999999999999964,3.907985046680551e-15,-2.7668544835384555e-07,-1.3834272417692542e-07,-5.533708967076996e-07,493,7.766988854860171e-07,1.1112579034744385e-07,2.853273173286652e-14,7.133182933216621e-13,5.0
98.29999999999869,524.0346857078625,-0.6379815785767735,1.6335420711702915,4.9999999999999964,3.907985046680551e-15,-2.0167519630905925e-07,-1.0083759815453064e-07,-4.033503926181216e-07,493,7.630904510017023e-07,5.578870077016518e-08,2.853273173286652e-14,7.133182933216621e-13,5.0
98.39999999999868,524.0033334679241,-0.1389655096462819,1.6335420308352522,4.9999999999999964,3.907985046680551e-15,-1.6854801203847552e-07,-8.427400601923835e-08,-3.370960240769528e-07,494,7.405659751356236e-07,1.545366123956171e-08,-2.8310687127941492e-14,-7.077671781985363e-13,5.0
98.49999999999868,523.971981239848,0.3600505600294977,1.6335419971256497,4.9999999999999964,3.907985046680551e-15,-1.130678626749589e-07,-5.653393133747962e-08,-2.2613572534991825e-07,494,7.061557975446275e-07,-1.8255941203193515e-08,-2.8310687127941492e-14,-7.077671781985363e-13,5.0
98.59999999999867,523.9406290147508,0.8590666298924353,1.6335419745120772,4.9999999999999964,3.907985046680551e-15,-9.449531917183333e-08,-4.724765958591677e-08,-1.8899063834366687e-07,495,6.687608033063147e-07,-4.086945692982624e-08,-2.853273173286652e-14,-7.133182933216621e-13,5.0
98.69999999999867,523.9092767963041,1.3580827001732134,1.6335419556130133,4.9999999999999964,3.907985046680551e-15,-5.411162769326277e-08,-2.7055813846631405e-08,-1.0822325538652554e-07,495,6.247022784899858e-07,-5.976852079925266e-08,-2.853273173286652e-14,-7.133182933216621e-13,5.0
98.79999999999866,523.8779245772123,1.85709877041346,1.6335419447906878,4.9999999999999964,3.907985046680551e-15,-4.5223243395678526e-08,-2.2611621697839276e-08,-9.044648679135703e-08,496,5.812901417859631e-07,-7.059084605742783e-08,2.8310687127941492e-14,7.077671781985363e-13,5.0
98.89999999999866,523.8465723613033,2.3561148408536754,1.6335419357460392,4.9999999999999964,3.907985046680551e-15,-1.633673710930034e-08,-8.16836855465017e-09,-3.267347421860066e-08,496,5.346888959367746e-07,-7.963549464307107e-08,2.8310687127941492e-14,7.077671781985363e-13,5.0
98.99999999999865,523.8152201427002,2.8551309111246326,1.6335419324786917,4.9999999999999964,3.907985046680551e-15,-1.365327079464638e-08,-6.826635397323191e-09,-2.7306541589292746e-08,497,4.907869488252406e-07,-8.29028989901559e-08,2.853273173286652e-14,7.133182933216621e-13,5.0
99.09999999999864,523.7838679250582,3.354146981455962,1.6335419297480376,4.9999999999999964,3.907985046680551e-15,6.605679745886944e-09,3.3028398729434724e-09,1.321135949177388e-08,497,4.4592213396463243e-07,-8.563355313739862e-08,2.853273173286652e-14,7.133182933216621e-13,5.0
99.19999999999864,523.7525157037239,3.8531630515553217,1.6335419310691734,4.9999999999999964,3.907985046680551e-15,5.5206246591709686e-09,2.7603123295854843e-09,1.104124931834193e-08,498,4.047568063934512e-07,-8.431241749207175e-08,1.1102230246251565e-16,2.7755575615628874e-15,5.0
99.29999999999863,523.7211634820012,4.35217912163027,1.6335419321732985,4.9999999999999964,3.907985046680551e-15,1.9402912960530515e-08,9.70145648026526e-09,3.880582592106101e-08,498,3.6398071281279476e-07,-8.320829247843164e-08,1.1102230246251565e-16,2.7755575615628874e-15,5.0
99.39999999999863,523.6898112562637,4.851195191452981,1.633541936053881,4.9999999999999964,3.907985046680551e-15,1.6215794087620934e-08,8.107897043810467e-09,3.243158817524185e-08,499,3.272272719925112e-07,-7.932770995644489e-08,-2.853273173286652e-14,-7.133182933216621e-13,5.0
99.49999999999862,523.658459029385,5.35021126120399,1.6335419392970398,4.9999999999999964,3.907985046680551e-15,0.001161793552261475,0.0005808969721492302,0.002323587757917838,499,2.916173836471636e-07,-7.608455110386103e-08,-2.853273173286652e-14,-7.133182933216621e-13,5.0
99.59999999999862,523.6268169333158,5.849209034501977,1.6337742980728316,4.9999999999999964,3.907985046680551e-15,0.0009709578243563214,0.00048547902660060283,0.001941916030120747,500,0.00029070204485435406,0.00023228269129771384,-2.853273173286652e-14,-7.133182933216621e-13,5.0
99.69999999999861,523.5951065043741,6.348202470026272,1.6339684896758437,4.9999999999999964,3.907985046680551e-15,0.0022085908795573847,0.0011042967864337478,0.004417186247962816,500,0.000649582873034453,0.0004264742943098643,-2.853273173286652e-14,-7.133182933216621e-13,5.0
99.7999999999986,523.5629903996222,6.847169959764392,1.63441020830064,4.9999999999999964,3.907985046680551e-15,0.0018458105861009187,0.0009229060791395699,0.0036916237924979997,501,0.001414968114521781,0.0008681929191061144,2.853273173286652e-14,7.133182933216621e-13,5.0
99.8999999999986,523.5307444007925,7.346129071876268,1.6347793706798899,4.9999999999999964,3.907985046680551e-15,0.0026613260475786917,0.0013306653799507405,0.005322659949023272,501,0.0023105171347794183,0.0012373552983560021,2.853273173286652e-14,7.133182933216621e-13,5.0
99.9999999999986,523.4981107595821,7.845062980787406,1.6353116366747922,4.9999999999999964,3.907985046680551e-15,0.0022241815081782113,0.0011120921294644262,0.004448367600938611,502,0.0035945260625556987,0.00176962129320124,2.853273173286652e-14,7.133182933216621e-13,5.0
100.09999999999859,523.4653206080327,8.34398662821391,1.635756473434886,4.9999999999999964,3.907985046680551e-15,0.0027397898162686662,0.0013698974789004622,0.0054795882017514876,502,0.005035380779683782,0.0022144580532950098,2.853273173286652e-14,7.133182933216621e-13,5.0
100.19999999999858,523.4321798998424,8.842887112740275,1.636304432255061,4.9999999999999964,3.907985046680551e-15,0.0022897573852621324,0.0011448801932795979,0.004579519772683477,503,0.0068275547082376434,0.0027624168734701193,0.0015504345421387677,0.03876086355346914,5.0
100.29999999999858,523.3988780776949,9.341776868740194,1.6367623842323293,4.9999999999999964,3.907985046680551e-15,0.002596674886667628,0.0012983396319191163,0.005193357068614798,503,0.008781198270552865,0.0032203688507383976,0.0015504345421387677,0.03876086355346914,5.0
100.39999999999857,523.3652712348988,9.84064617037869,1.637281719939191,4.9999999999999964,3.907985046680551e-15,0.002170149960361463,0.0010850762577361845,0.004340304179239144,504,0.011409891033976454,0.0006388354733224411,0.0037089722422878335,0.09272430605719571,5.0
100.49999999999856,523.3315117035885,10.339505162525473,1.637715750357115,4.9999999999999964,3.907985046680551e-15,0.0023354170516151763,0.0011677101180307807,0.004670839410638169,504,0.012271846472550158,0.001072865891246444,0.0037089722422878335,0.09272430605719571,5.0
100.59999999999856,523.2974944341744,10.838346645745952,1.6381828342981788,4.9999999999999964,3.907985046680551e-15,0.0019518053249353892,0.0009759035919046195,0.0039036137479927075,505,0.010805260900660281,-0.002777125567987815,0.0027666245774905507,0.06916561443726367,5.0
100.69999999999855,523.2633398462569,11.337178745880044,1.638573195672978,4.9999999999999964,3.907985046680551e-15,0.002023887500397473,0.0010119447864607115,0.004047778455000147,505,0.009904650399598994,-0.0023867641931885064,0.0027666245774905507,0.06916561443726367,5.0
100.79999999999855,523.2289725581618,11.83599623706192,1.6389779735184782,4.9999999999999964,3.907985046680551e-15,0.0016914466006051757,0.0008457239052048356,0.0033828952175506124,506,0.008145832033108848,-0.0031981601023713946,0.0006080868773414849,0.015202171933537102,5.0
100.89999999999854,523.1944862746592,12.334805515494248,1.6393162630402331,4.9999999999999964,3.907985046680551e-15,0.0017047470244960657,0.0008523741315324497,0.0034094961132729333,506,0.006969615019399914,-0.0028598705806164304,0.0006080868773414849,0.015202171933537102,5.0
100.99999999999854,523.1598279340649,12.833602868561849,1.6396572126515605,4.9999999999999964,3.907985046680551e-15,0.0014247273114230063,0.0007123640172091564,0.0028494558278379495,507,0.005965867468958351,-0.0025189209692890735,-2.842170943040401e-14,-7.105427357600992e-13,5.0
101.09999999999853,523.1250693660817,13.33239324733008,1.6399421582343443,4.9999999999999964,3.907985046680551e-15,0.0014031604160537328,0.0007015805533551899,0.0028063219832016547,507,0.005062589484235727,-0.0022339753865052714,-2.842170943040401e-14,-7.105427357600992e-13,5.0
101.19999999999852,523.0901740499793,13.831174077870024,1.6402227904326645,4.9999999999999964,3.907985046680551e-15,0.0011726787126477487,0.000586339557903803,0.002345358097228501,508,0.004296392367634871,-0.0019533431881282315,-1.1102230246251565e-16,-2.7755575615628874e-15,5.0
101.29999999999852,523.055196240393,14.329949130209803,1.6404573262423874,4.9999999999999964,3.907985046680551e-15,0.0011324557299169158,0.000566228046499094,0.0022649120649692084,508,0.003612890765455047,-0.0017188073784053515,-1.1102230246251565e-16,-2.7755575615628874e-15,5.0
101.39999999999851,523.0201114821211,14.828716670991078,1.6406838174488843,4.9999999999999964,3.907985046680551e-15,0.0009464395561452341,0.0004732198840440385,0.0018928794655285075,509,0.003036601227047093,-0.0014923161719651024,2.842170943040401e-14,7.105427357600992e-13,5.0
101.49999999999851,522.9849601471524,15.327479524108583,1.640873105395437,4.9999999999999964,3.907985046680551e-15,0.0008982072945024538,0.00044910373783279477,0.0017964148909434422,509,0.002527053171274978,-0.0013030282254122838,2.842170943040401e-14,7.105427357600992e-13,5.0
101.5999999999985,522.9497264311051,15.826236564413277,1.6410527468845315,4.9999999999999964,3.907985046680551e-15,0.000750668479852242,0.00037533429280163673,0.0015013371359561922,510,0.0021000909793109186,-0.001123386736318066,-2.8199664825478976e-14,-7.049916206369734e-13,5.0
101.6999999999985,522.914439910828,16.324989871657184,1.6412028805981271,4.9999999999999964,3.907985046680551e-15,0.000701127426868259,0.0003505637565166333,0.0014022549973448564,510,0.0017260647924124788,-0.0009732530227224423,-2.8199664825478976e-14,-7.049916206369734e-13,5.0
101.79999999999849,522.8790908655291,16.82373875135162,1.6413431060978616,4.9999999999999964,3.907985046680551e-15,0.0005859607521857596,0.00029298040124158524,0.0011719215882005337,511,0.0014147201795271071,-0.0008330275229313511,-2.842170943040401e-14,-7.105427357600992e-13,5.0
101.89999999999849,522.843700602674,17.322484708021992,1.6414602982566817,4.9999999999999964,3.907985046680551e-15,0.0005390711326384444,0.0002695355859008266,0.001078142330548901,511,0.001144696631794652,-0.0007158353641112392,-2.842170943040401e-14,-7.105427357600992e-13,5.0
101.99999999999848,522.8082635838659,17.82122734475761,1.6415681124897366,4.9999999999999964,3.907985046680551e-15,0.00045052368481709716,0.00022526185383898778,0.000901047407735657,512,0.0009215467500534643,-0.00060802113105618,2.8199664825478976e-14,7.049916206369734e-13,5.0
102.09999999999847,522.7727948747724,18.31996772880049,1.64165821723051,4.9999999999999964,3.907985046680551e-15,0.00040839056178096036,0.0002041952894045483,0.0008167811519421468,512,0.0007301671161088798,-0.0005179163902826467,2.8199664825478976e-14,7.049916206369734e-13,5.0
102.19999999999847,522.7372917336369,18.81870566295981,1.6417398953457043,4.9999999999999964,3.907985046680551e-15,0.0003413086035982338,0.0001706543067690636,0.0006826172237629561,513,0.0005733065682844672,-0.0004362382751450511,2.8310687127941492e-14,7.077671781985363e-13,5.0
102.29999999999846,522.7017645847285,19.31744188752189,1.6418081570680807,4.9999999999999964,3.907985046680551e-15,0.0003048207130059724,0.00015241036004331375,0.0006096414378130361,513,0.000440514585608915,-0.00036797655276865626,2.8310687127941492e-14,7.077671781985363e-13,5.0
102.39999999999846,522.666212490188,19.816176334471145,1.641869121211862,4.9999999999999964,3.907985046680551e-15,0.00025475106401815395,0.00012737553407568466,0.0005095021349249999,514,0.00033273149000003985,-0.0003070124089874504,-2.8310687127941492e-14,-7.077671781985363e-13,5.0
102.49999999999845,522.6306424764819,20.314909503735983,1.6419200714253543,4.9999999999999964,3.907985046680551e-15,0.00022403346487462756,0.00011201673384287157,0.0004480669344344474,514,0.00024291305304852823,-0.0002560621954950104,-2.8310687127941492e-14,-7.077671781985363e-13,5.0
102.59999999999845,522.59505471218,20.81364140669788,1.6419648781187979,4.9999999999999964,3.907985046680551e-15,0.00018723387406156602,9.36169378512541e-05,0.00037446775085803543,515,0.00017089032255824047,-0.00021125550199485588,-2.8199664825478976e-14,-7.049916206369734e-13,5.0
102.69999999999844,522.5594537779283,21.312372369723445,1.6420023248938838,4.9999999999999964,3.907985046680551e-15,0.00016196192447003315,8.098096276608294e-05,0.0003239238507102873,515,0.00011207104059003312,-0.00017380872690897498,-2.8199664825478976e-14,-7.049916206369734e-13,5.0
102.79999999999843,522.5238404697734,21.811102449307846,1.642034717278955,4.9999999999999964,3.907985046680551e-15,0.0001353581636605764,6.76790821402894e-05,0.00027071632835449,516,6.565715858024464e-05,-0.00014141634183806318,2.842170943040401e-14,7.105427357600992e-13,5.0
102.89999999999843,522.4882176406162,22.30983184892535,1.6420617889117903,4.9999999999999964,3.907985046680551e-15,0.0001149698032965043,5.748490183821181e-05,0.0002299396072262073,516,2.878852876053023e-05,-0.00011434470900262284,2.842170943040401e-14,7.105427357600992e-13,5.0
102.99999999999842,522.4525863941823,22.808560647249212,1.642084782872513,4.9999999999999964,3.907985046680551e-15,9.608493758277324e-05,4.804246890227242e-05,0.0001921698755351657,517,3.586252183343519e-07,-9.135074833666046e-05,2.8310687127941492e-14,7.077671781985363e-13,5.0
103.09999999999842,522.4169483892144,23.307288962669457,1.6421039998600664,4.9999999999999964,3.907985046680551e-15,7.991963138679783e-05,3.995981575720622e-05,0.00015983926298628656,517,-2.1295514456898257e-05,-7.213376078318845e-05,2.8310687127941492e-14,7.077671781985363e-13,5.0
103.19999999999841,522.381304831241,23.80601688125332,1.642119983786365,4.9999999999999964,3.907985046680551e-15,6.679208419078974e-05,3.3396042132641326e-05,0.00013358416850573426,518,-3.7382487000471934e-05,-5.614983448465338e-05,-2.8310687127941492e-14,-7.077671781985363e-13,5.0
103.2999999999984,522.345656575176,24.3047444640473,1.6421333422032156,4.9999999999999964,3.907985046680551e-15,5.4177849307856716e-05,2.7088924673806476e-05,0.00010835569868197376,518,-4.8759383190735e-05,-4.279141763396943e-05,-2.8310687127941492e-14,-7.077671781985363e-13,5.0
103.3999999999984,522.3100048024344,24.803471795462354,1.6421441777730839,4.9999999999999964,3.907985046680551e-15,4.527863062448776e-05,2.2639315323847404e-05,9.055726128765387e-05,519,-5.6610629594468914e-05,-3.195584770909754e-05,-2.842170943040401e-14,-7.105427357600992e-13,5.0
103.4999999999984,522.2743498448405,25.302198899196426,1.6421532334992126,4.9999999999999964,3.907985046680551e-15,3.558309024291602e-05,1.7791545127089732e-05,7.11661805046044e-05,519,-6.126889579219016e-05,-2.2900121580349264e-05,-2.842170943040401e-14,-7.105427357600992e-13,5.0
103.59999999999839,522.2386927886251,25.80092585289159,1.642160350117263,4.9999999999999964,3.907985046680551e-15,2.973823471067475e-05,1.4869117358624798e-05,5.947646943230754e-05,520,-6.382318398868644e-05,-1.5783503529709364e-05,2.8199664825478976e-14,7.049916206369734e-13,5.0
103.69999999999838,522.2030336406544,26.299652657029892,1.6421662977642062,4.9999999999999964,3.907985046680551e-15,2.239538285854912e-05,1.119769143067862e-05,4.4790765721778413e-05,520,-6.428037708201481e-05,-9.835856586537517e-06,2.8199664825478976e-14,7.049916206369734e-13,5.0
103.79999999999838,522.1673733574714,26.7983793799988,1.6421707768407783,4.9999999999999964,3.907985046680551e-15,1.871673167503791e-05,9.358365838338551e-06,3.743346335280778e-05,521,-6.35994596999874e-05,-5.356780071075207e-06,2.8310687127941492e-14,7.077671781985363e-13,5.0
103.89999999999837,522.1317117577742,27.2971060088317,1.6421745201871136,4.9999999999999964,3.907985046680551e-15,1.3237827451807816e-05,6.618913726193883e-06,2.6475654904582197e-05,521,-6.159866682269727e-05,-1.6134337357254225e-06,2.8310687127941492e-14,7.077671781985363e-13,5.0
103.99999999999837,522.0960496574081,27.79583260186388,1.642177167752604,4.9999999999999964,3.907985046680551e-15,1.1063390424412696e-05,5.531695212375616e-06,2.2126780849389605e-05,522,-5.909592689279895e-05,1.034131754673595e-06,-2.8310687127941492e-14,-7.077671781985363e-13,5.0
104.09999999999836,522.0603867788556,28.294559139250197,1.642179380430689,4.9999999999999964,3.907985046680551e-15,7.037936515277639e-06,3.5189682576823956e-06,1.4075873030700519e-05,522,-5.5813013388032046e-05,3.2468098396520872e-06,-2.8310687127941492e-14,-7.077671781985363e-13,5.0
104.19999999999835,522.0247238005821,28.79328566950567,1.6421807880179922,4.9999999999999964,3.907985046680551e-15,5.881889596336069e-06,2.9409447981934714e-06,1.176377919275692e-05,523,-5.24301243377389e-05,4.654397199432836e-06,-2.8199664825478976e-14,-7.049916206369734e-13,5.0
104.29999999999835,521.9890604085832,29.292012170176257,1.6421819643959115,4.9999999999999964,3.907985046680551e-15,2.972815748177258e-06,1.486407874091913e-06,5.9456314963654585e-06,523,-4.8632453370441725e-05,5.830775118731424e-06,-2.8199664825478976e-14,-7.049916206369734e-13,5.0
104.39999999999834,521.9533971553095,29.790738680766918,1.642182558959061,4.9999999999999964,3.907985046680551e-15,2.484502942085491e-06,1.2422514710446626e-06,4.969005884177369e-06,524,-4.4973861864104625e-05,6.425338268112313e-06,2.842170943040401e-14,7.105427357600992e-13,5.0
104.49999999999834,521.9177337272787,30.289465178860905,1.6421830558596495,4.9999999999999964,3.907985046680551e-15,4.2033375657302655e-07,2.1016687828652257e-07,8.406675131460836e-07,524,-4.114006698330633e-05,6.922238856565954e-06,2.842170943040401e-14,7.105427357600992e-13,5.0
104.59999999999833,521.8820705661583,30.788191696041316,1.6421831399264009,4.9999999999999964,3.907985046680551e-15,3.5128999802634565e-07,1.7564499901317825e-07,7.02579996052709e-07,525,-3.757386408190927e-05,7.006305551282566e-06,2.8310687127941492e-14,7.077671781985363e-13,5.0
104.69999999999833,521.8464073803286,31.2869182114548,1.6421832101844005,4.9999999999999964,3.907985046680551e-15,-1.0828905288257082e-06,-5.414452644130128e-07,-2.1657810576519446e-06,525,-3.398288885494288e-05,7.0765635509228986e-06,2.8310687127941492e-14,7.077671781985363e-13,5.0
104.79999999999832,521.8107445170913,31.785644749936278,1.6421829936062948,4.9999999999999964,3.907985046680551e-15,-9.050156359993218e-07,-4.5250781799975356e-07,-1.8100312719989513e-06,526,-3.071532972192051e-05,6.859985445251127e-06,-2.842170943040401e-14,-7.105427357600992e-13,5.0
104.89999999999831,521.7750817175117,32.28437129296978,1.6421828126031677,4.9999999999999964,3.907985046680551e-15,-1.87667303030672e-06,-9.383365151541862e-07,-3.7533460606161914e-06,526,-2.7511590885147263e-05,6.678982318097937e-06,-2.842170943040401e-14,-7.105427357600992e-13,5.0
104.99999999999831,521.7394192504989,32.78309785978426,1.6421824372685616,4.9999999999999964,3.907985046680551e-15,-1.568411928283513e-06,-7.842059641422387e-07,-3.1368238565686313e-06,527,-2.464126791454531e-05,6.303647768879372e-06,-2.842170943040401e-14,-7.105427357600992e-13,5.0
105.0999999999983,521.7037568938065,33.28182443448742,1.642182123586176,4.9999999999999964,3.907985046680551e-15,-2.206086172214962e-06,-1.1030430861088229e-06,-4.412172344434394e-06,527,-2.188154699630379e-05,5.989965383257356e-06,-2.842170943040401e-14,-7.105427357600992e-13,5.0
105.1999999999983,521.6680948525683,33.780551031747606,1.6421816823689415,4.9999999999999964,3.907985046680551e-15,-1.8437158859249025e-06,-9.218579429632347e-07,-3.6874317718524144e-06,528,-1.9438085794800178e-05,5.548748148731519e-06,2.853273173286652e-14,7.133182933216621e-13,5.0
105.29999999999829,521.632432941015,34.27927763828106,1.6421813136257644,4.9999999999999964,3.907985046680551e-15,-2.2446228090203035e-06,-1.1223114045115654e-06,-4.489245618045316e-06,528,-1.7124640681730197e-05,5.1800049716277385e-06,2.853273173286652e-14,7.133182933216621e-13,5.0
105.39999999999829,521.5967713133354,34.77800426511307,1.6421808647012026,4.9999999999999964,3.907985046680551e-15,-1.8759225071543257e-06,-9.37961253577988e-07,-3.7518450143113996e-06,529,-1.5095793900386095e-05,4.731080352815553e-06,2.8310687127941492e-14,7.077671781985363e-13,5.0
105.49999999999828,521.5611098176059,35.27673090138021,1.6421804895167011,4.9999999999999964,3.907985046680551e-15,-2.112498570921233e-06,-1.0562492854617948e-06,-4.224997141846392e-06,529,-1.3199234341513405e-05,4.35589585134899e-06,2.8310687127941492e-14,7.077671781985363e-13,5.0
105.59999999999827,521.5254485679844,35.77545755524527,1.642180067016987,4.9999999999999964,3.907985046680551e-15,-1.76550091505099e-06,-8.827504575261828e-07,-3.5310018301042704e-06,530,-1.1549411107109747e-05,3.933396137689726e-06,-2.853273173286652e-14,-7.133182933216621e-13,5.0
105.69999999999827,521.4897874425463,36.27418421798999,1.642179713916804,4.9999999999999964,3.907985046680551e-15,-1.8908879556837851e-06,-9.454439778427376e-07,-3.7817759113703845e-06,530,-1.0024088308881879e-05,3.58029595459719e-06,-2.853273173286652e-14,-7.133182933216621e-13,5.0
105.79999999999826,521.4541265244757,36.77291089556234,1.6421793357392127,4.9999999999999964,3.907985046680551e-15,-1.580291907155458e-06,-7.901459535782223e-07,-3.160583814312558e-06,531,-8.706662310052973e-06,3.2021184199759745e-06,0.0,0.0,5.0
105.89999999999826,521.4184657175609,37.271637581082764,1.6421790196808312,4.9999999999999964,3.907985046680551e-15,-1.6328321445791562e-06,-8.164160722901222e-07,-3.2656642891601242e-06,531,-7.5006760706548825e-06,2.8860600385094415e-06,0.0,0.0,5.0
105.99999999999825,521.3828050813746,37.770364278810874,1.6421786931144022,4.9999999999999964,3.907985046680551e-15,-1.364624176464445e-06,-6.823120882325401e-07,-2.729248352929947e-06,532,-6.465854127182813e-06,2.5594935528783225e-06,2.853273173286652e-14,7.133182933216621e-13,5.0
106.09999999999825,521.3471445411744,38.26909098340231,1.6421784201895668,4.9999999999999964,3.907985046680551e-15,-1.371474444887111e-06,-6.85737222443878e-07,-2.742948889775295e-06,532,-5.52726341916665e-06,2.2865687174800087e-06,2.853273173286652e-14,7.133182933216621e-13,5.0
106.19999999999824,521.3114841387974,38.76781769784851,1.6421781458946778,4.9999999999999964,3.907985046680551e-15,-1.146196926844101e-06,-5.730984634222387e-07,-2.2923938536888274e-06,533,-4.726847763153116e-06,2.0122738280115016e-06,-2.8310687127941492e-14,-7.077671781985363e-13,5.0
106.29999999999824,521.2758238170425,39.266544418059425,1.6421779166552923,4.9999999999999964,3.907985046680551e-15,-1.1261855041497781e-06,-5.630927520750676e-07,-2.2523710083001496e-06,533,-4.007260042761945e-06,1.7830344425373568e-06,-2.8310687127941492e-14,-7.077671781985363e-13,5.0
106.39999999999823,521.2401636046253,39.765271146088274,1.6421776914181916,4.9999999999999964,3.907985046680551e-15,-9.411989935959687e-07,-4.7059949679808854e-07,-1.8823979871922837e-06,534,-3.3972891651593007e-06,1.5577973988545324e-06,-2.853273173286652e-14,-7.133182933216621e-13,5.0
106.49999999999822,521.2045034584111,40.263997878850795,1.642177503178393,4.9999999999999964,3.907985046680551e-15,-9.070485957647619e-07,-4.5352429788247415e-07,-1.8140971915298333e-06,534,-2.853690242735074e-06,1.369557600217064e-06,-2.853273173286652e-14,-7.133182933216621e-13,5.0
106.59999999999822,521.1688433975612,40.76272461771706,1.6421773217686737,4.9999999999999964,3.907985046680551e-15,-7.580573672874363e-07,-3.7902868364377263e-07,-1.516114734575053e-06,535,-2.395673634402254e-06,1.188147880970547e-06,2.8310687127941492e-14,7.077671781985363e-13,5.0
106.69999999999821,521.1331833900322,41.26145136039589,1.6421771701572003,4.9999999999999964,3.907985046680551e-15,-7.180891317826141e-07,-3.5904456589135337e-07,-1.4361782635653815e-06,535,-1.9911139882491935e-06,1.0365364075948236e-06,2.8310687127941492e-14,7.077671781985363e-13,5.0
106.7999999999982,521.0975234481492,41.760178107768546,1.642177026539374,4.9999999999999964,3.907985046680551e-15,-6.001362833584862e-07,-3.000681416792701e-07,-1.2002725667170616e-06,536,-1.6523680083091463e-06,8.929185246753235e-07,2.8310687127941492e-14,7.077671781985363e-13,5.0
106.8999999999982,521.0618635484792,42.258904858159504,1.6421769065121175,4.9999999999999964,3.907985046680551e-15,-5.595566597205495e-07,-2.7977832986029664e-07,-1.1191133194411711e-06,536,-1.3559427782527944e-06,7.728912680970978e-07,2.8310687127941492e-14,7.077671781985363e-13,5.0
106.9999999999982,521.026203698551,42.75763161210709,1.6421767946007855,4.9999999999999964,3.907985046680551e-15,-4.6764424800392e-07,-2.3382212400197278e-07,-9.35288496007882e-07,537,-1.109386338403115e-06,6.609799361179114e-07,-2.8310687127941492e-14,-7.077671781985363e-13,5.0
107.09999999999819,520.9905438815163,43.25635836840662,1.642176701071936,4.9999999999999964,3.907985046680551e-15,-4.2950249695982955e-07,-2.147512484799247e-07,-8.590049939196916e-07,537,-8.958074003001526e-07,5.674510865638638e-07,-2.8310687127941492e-14,-7.077671781985363e-13,5.0
107.19999999999818,520.9548841016158,43.75508512736131,1.6421766151714365,4.9999999999999964,3.907985046680551e-15,-3.589526932999684e-07,-1.7947634664998997e-07,-7.179053865999555e-07,538,-7.194574297274964e-07,4.81550643804951e-07,-2.8310687127941492e-14,-7.077671781985363e-13,5.0
107.29999999999818,520.9192243469637,44.2538118881213,1.642176543380898,4.9999999999999964,3.907985046680551e-15,-3.2484240280138456e-07,-1.6242120140069657e-07,-6.49684805602783e-07,538,-5.684203074132754e-07,4.097601051800126e-07,-2.8310687127941492e-14,-7.077671781985363e-13,5.0
107.39999999999817,520.8835646196096,44.75253865083314,1.6421764784124173,4.9999999999999964,3.907985046680551e-15,-2.714839880387516e-07,-1.3574199401937832e-07,-5.429679760775113e-07,539,-4.447509047468545e-07,3.447916245846727e-07,2.864375403532904e-14,7.16093850883225e-13,5.0
107.49999999999817,520.8479049113514,45.25126541491036,1.6421764241156198,4.9999999999999964,3.907985046680551e-15,-2.4204833389068957e-07,-1.2102416694534656e-07,-4.840966677813846e-07,539,-3.402261179660804e-07,2.904948270820995e-07,2.864375403532904e-14,7.16093850883225e-13,5.0
107.59999999999816,520.8122452228323,45.749992180398955,1.642176375705953,4.9999999999999964,3.907985046680551e-15,-2.0228962177862635e-07,-1.0114481088931422e-07,-4.045792435572559e-07,540,-2.5549082314189897e-07,2.4208510307488496e-07,2.8310687127941492e-14,7.077671781985363e-13,5.0
107.69999999999816,520.776585548542,46.24871894690493,1.6421763352480288,4.9999999999999964,3.907985046680551e-15,-1.775786341365446e-07,-8.8789317068273e-08,-3.551572682730913e-07,540,-1.8502070590203923e-07,2.0162717873084546e-07,2.8310687127941492e-14,7.077671781985363e-13,5.0
107.79999999999815,520.7409258882672,46.74744571441303,1.642176299732302,4.9999999999999964,3.907985046680551e-15,-1.48409677295994e-07,-7.420483864799741e-08,-2.968193545919891e-07,541,-1.2860185372859378e-07,1.6611145259304294e-07,-2.864375403532904e-14,-7.16093850883225e-13,5.0
107.89999999999814,520.7052662384312,47.24617248266753,1.6421762700503666,4.9999999999999964,3.907985046680551e-15,0.061040308873279214,0.030548609843855497,0.12217543459606094,541,-8.26485473913452e-08,1.3642951723902286e-07,-2.864375403532904e-14,-7.16093850883225e-13,5.0
107.99999999999814,520.6543901643472,47.74357737315997,1.6543938135099727,4.9999999999999964,3.907985046680551e-15,0.051232058864066274,0.025632849217806595,0.1025201693180164,542,0.0152719148589367,0.012217679889179989,-2.8310687127941492e-14,-7.077671781985363e-13,5.0
108.09999999999813,520.599883536295,48.24059752114029,1.6646458304417744,4.9999999999999964,3.907985046680551e-15,0.43904311047878014,0.23062814532516046,0.9143563300524239,542,0.034192660816463084,0.022469696820981655,-2.8310687127941492e-14,-7.077671781985363e-13,5.0
108.19999999999813,520.4404766683017,48.7145062153384,1.7560814634470168,4.9999999999999964,3.907985046680551e-15,0.5189244412678582,0.2781637393983859,1.0983617416133664,543,0.15939481335094619,0.11390532982622403,2.8310687127941492e-14,7.077671781985363e-13,5.0
108.29999999999812,520.216958751044,49.16176424004539,1.8659176376083535,4.9999999999999964,3.907985046680551e-15,0.5616568789352139,0.30482422388938035,1.2005020282542427,543,0.35044546376449087,0.22374150398756076,2.8310687127941492e-14,7.077671781985363e-13,5.0
108.39999999999812,519.9346599908399,49.574447423598194,1.9859678404337777,4.9999999999999964,3.907985046680551e-15,0.5774325609965526,0.31491240494908224,1.2389327399275658,544,0.6025931245269849,0.34379170681292837,2.8310687127941492e-14,7.077671781985363e-13,5.0
108.49999999999811,519.6011939075204,49.94700664207966,2.1098611144265345,4.9999999999999964,3.907985046680551e-15,0.521531009423679,0.2797634797074341,1.1045133268914749,544,0.9086394224307235,0.4676849808056851,2.8310687127941492e-14,7.077671781985363e-13,5.0
108.5999999999981,519.2360209339588,50.288545365184596,2.220312447115682,4.9999999999999964,3.907985046680551e-15,0.5261351230883363,0.28259731676609895,1.1154035160242075,545,1.2485242275078663,0.5781363134948327,0.09028297652903017,2.257074413225751,5.0
108.6999999999981,518.8345801168641,50.586614602729014,2.331852798718103,4.9999999999999964,3.907985046680551e-15,0.46910521269758687,0.24819523490914364,0.9826195918794666,545,1.6276847308987445,0.6896766650972534,0.09028297652903017,2.257074413225751,5.0
108.7999999999981,518.4113633069528,50.85286172817549,2.4301147579060496,4.9999999999999964,3.907985046680551e-15,0.46272180297681376,0.24443424913633632,0.9680297198815401,549,1.554888198858416,-0.7799772642262113,1.7763568394002505e-15,4.44089209850062e-14,5.0
108.89999999999809,517.9649116659447,51.077985987732525,2.526917729894204,4.9999999999999964,3.907985046680551e-15,0.4066331149001401,0.21207919864355437,0.8419718733571186,549,1.299734147315644,-0.683174292238057,1.7763568394002505e-15,4.44089209850062e-14,5.0
108.99999999999808,517.5048881313268,51.27388991213849,2.6111149172299157,4.9999999999999964,3.907985046680551e-15,0.39160103553632414,0.20360300693736566,0.8087968812265637,550,1.0728029651416429,-0.5989771049023496,1.7763568394002505e-15,4.44089209850062e-14,5.0
109.09999999999808,517.0313629093874,51.434432318334785,2.6919946053525723,4.9999999999999964,3.907985046680551e-15,0.33932910371869673,0.1746920968641164,0.6952197158238657,550,0.8802262386367463,-0.5180974167796926,1.7763568394002505e-15,4.44089209850062e-14,5.0
109.19999999999807,516.5501375433932,51.570160528828275,2.7615165769349588,4.9999999999999964,3.907985046680551e-15,0.31910356874637047,0.1637187926436126,0.6519535602937652,551,0.7118784718448053,-0.4485754451973065,0.0,0.0,5.0
109.29999999999806,516.0617945827232,51.67749716173649,2.826711932964335,4.9999999999999964,3.907985046680551e-15,0.2732379807674899,0.139217197234618,0.5550717125944664,551,0.5713685301648747,-0.38338008916792976,0.0,0.0,5.0
109.39999999999806,515.5694891840621,51.764877905892035,2.8822191042237817,4.9999999999999964,3.907985046680551e-15,0.24436595733523936,0.12403453850575492,0.49486698714403476,551,0.45049646510625513,-0.3278729179084827,0.0,0.0,5.0
109.49999999999805,515.0740613607187,51.83234102068179,2.9317058029381853,4.9999999999999964,3.907985046680551e-15,0.2217180578160519,0.1122383508739991,0.4480113858945481,552,0.3492816024002523,-0.27838621919407913,0.0,0.0,5.0
109.59999999999805,514.5764432745186,51.881087715816896,2.97650694152764,4.9999999999999964,3.907985046680551e-15,0.18745082623649328,0.09455601874491748,0.3776607200159887,552,0.2665893519438942,-0.2335850806046249,0.0,0.0,5.0
109.69999999999804,514.0776863684926,51.91632333261647,3.014273013529239,4.9999999999999964,3.907985046680551e-15,0.16669886556164457,0.08393251513207217,0.33533601493145665,553,0.19729854667271984,-0.19581900860302603,0.0,0.0,5.0
109.79999999999804,513.5781569053248,51.938010089573574,3.0478066150223846,4.9999999999999964,3.907985046680551e-15,0.14024408809301156,0.0704685427449524,0.28164093970785176,553,0.1414719486369319,-0.1622854071098807,0.0,0.0,5.0
109.89999999999803,513.0782928255692,51.949667781025745,3.07597070899317,4.9999999999999964,3.907985046680551e-15,0.12231538789499717,0.0613872977578634,0.2453949988119657,554,0.09562799319298335,-0.13412131313909548,1.1102230246251565e-15,2.7755575615628876e-14,5.0
109.99999999999802,512.5782973086209,51.95178509811707,3.1005102088743666,4.9999999999999964,3.907985046680551e-15,0.10260149409771835,0.051436114649034165,0.20565374847274515,554,0.05929304203676462,-0.10958181325789873,1.1102230246251565e-15,2.7755575615628876e-14,5.0
110.09999999999802,512.0783241080018,51.946608355641246,3.121075583721641,4.9999999999999964,3.907985046680551e-15,0.08772288525925533,0.04394598698491338,0.1757273729513858,555,0.03023657213713623,-0.08901643841062601,1.7278661623709723e-06,4.319665405927425e-05,5.0
110.19999999999801,511.57846133026396,51.93489496875881,3.1386483210167797,4.9999999999999964,3.907985046680551e-15,0.07346180406600245,0.036780524790958044,0.14708893010644872,555,0.0077089751213114815,-0.07144370111548781,1.7278661623709723e-06,4.319665405927425e-05,5.0
110.29999999999801,511.0787475249333,51.91798010068565,-3.129828093152162,4.9999999999999964,3.907985046680551e-15,0.06146703759190587,0.030762575554472017,0.12303089531326077,556,-0.009619004257579793,-0.05673826383716518,1.814082976636655e-05,0.0004535207441591631,5.0
110.399999999998,510.57919959611803,51.89672294150687,-3.1175250036208357,4.9999999999999964,3.907985046680551e-15,0.05142816809838941,0.02573109781236722,0.10291303410079856,557,-0.022605728648061485,-0.04446800023304931,2.3789730057455216e-05,0.0005947432514363795,5.0
110.499999999998,510.0798194468242,51.871833857729825,-3.107233700210756,4.9999999999999964,3.907985046680551e-15,0.04197171757446309,0.02099510516268579,0.08397425110296008,557,-0.031973631701963906,-0.03417669682296953,2.3789730057455216e-05,0.0005947432514363795,5.0
110.59999999999799,509.58058526919893,51.844170960361204,-3.09883627510046,4.9999999999999964,3.907985046680551e-15,0.035100638736058024,0.017555726772425666,0.07021929998716746,558,-0.03857758824208856,-0.02579402524557839,7.376766453237593e-06,0.00018441916133093956,5.0
110.69999999999798,509.08149438108074,51.81403318676388,-3.0918143451017435,4.9999999999999964,3.907985046680551e-15,0.027782369687102598,0.01389386587358024,0.055573675468215566,558,-0.04269669088468314,-0.018772095246861742,7.376766453237593e-06,0.00018441916133093956,5.0
110.79999999999798,508.5825075751553,51.782218606579434,-3.086256977554922,4.9999999999999964,3.907985046680551e-15,0.023228937053695258,0.011616035482158756,0.04646309701691403,559,-0.0451357958973449,-0.013214727700042062,8.881784197001252e-16,2.22044604925031e-14,5.0
110.89999999999797,508.08362778953057,51.74876775464687,-3.0816106678532305,4.9999999999999964,3.907985046680551e-15,0.017658594053656433,0.008829985381458764,0.035319482552979224,559,-0.045935141665790435,-0.008568417998350508,8.881784197001252e-16,2.22044604925031e-14,5.0
110.99999999999797,507.5848110943413,51.71438891521804,-3.0780787195979324,4.9999999999999964,3.907985046680551e-15,0.014762865404156583,0.007381834905403468,0.029527071457572742,560,-0.0458043579757332,-0.005036469743052496,-2.6645352591003757e-15,-6.661338147750929e-14,5.0
111.09999999999796,507.0860671206333,51.67897071805986,-3.0751260124521753,4.9999999999999964,3.907985046680551e-15,0.010589515748917566,0.005294906314303049,0.021179526291905906,560,-0.04463167646966096,-0.002083762597295369,-2.6645352591003757e-15,-6.661338147750929e-14,5.0
111.19999999999796,506.58735399815936,51.64312073239318,-3.0730080598229845,4.9999999999999964,3.907985046680551e-15,0.008852603072229055,0.0044263882585563845,0.017705495217055417,561,-0.0430261073704482,3.419003190074932e-05,-8.881784197001252e-16,-2.22044604925031e-14,5.0
111.29999999999795,506.0886860571525,51.606647665453636,-3.071237510301279,4.9999999999999964,3.907985046680551e-15,0.005775206221977934,0.002887627188751359,0.011550492702902834,561,-0.040795825621137226,0.0018047395536062716,-8.881784197001252e-16,-2.22044604925031e-14,5.0
111.39999999999795,505.59002658357696,51.57005901402484,-3.0700824610309887,4.9999999999999964,3.907985046680551e-15,0.004827860613997017,0.002413944373196066,0.009655768115212663,562,-0.038449650859779694,0.002959788823893028,2.6645352591003757e-15,6.661338147750929e-14,5.0
111.49999999999794,505.09139215603307,51.53313060127804,-3.0691168842194676,4.9999999999999964,3.907985046680551e-15,0.0025961884755355317,0.001298096425123395,0.005192384242251698,562,-0.03576279719266631,0.003925365635414124,2.6645352591003757e-15,6.661338147750929e-14,5.0
111.59999999999793,504.5927521848446,51.49627711931005,-3.0685976457952426,4.9999999999999964,3.907985046680551e-15,0.0021703057597701075,0.0010851541577156815,0.004340615778973682,563,-0.0331510780390419,0.004444604059637314,8.881784197001252e-16,2.22044604925031e-14,5.0
111.69999999999793,504.09412352512635,51.459270907566385,-3.0681635842173454,4.9999999999999964,3.907985046680551e-15,0.0005812173520428488,0.000290608700564318,0.0011624347858953394,563,-0.030386213021193785,0.004878665637534585,8.881784197001252e-16,2.22044604925031e-14,5.0
111.79999999999792,503.59548155766373,51.42244444581684,-3.068047340738756,4.9999999999999964,3.907985046680551e-15,0.0004858729570566934,0.00024293649286600486,0.0009717459619055788,564,-0.027801587362980197,0.004994909116124102,-8.881784197001252e-16,-2.22044604925031e-14,5.0
111.89999999999792,503.0968421166107,51.38558379164048,-3.067950166142565,4.9999999999999964,3.907985046680551e-15,-0.0006223877987361755,-0.00031119392950461913,-0.001244775697927451,564,-0.0251826765335051,0.005092083712314732,-8.881784197001252e-16,-2.22044604925031e-14,5.0
111.99999999999791,502.59818588392767,51.34895099750235,-3.068074643712358,4.9999999999999964,3.907985046680551e-15,-0.0005202897730812729,-0.000260144904146037,-0.001040579604847212,565,-0.022792240748455095,0.004967606142523895,-2.6645352591003757e-15,-6.661338147750929e-14,5.0
112.0999999999979,502.0995269626962,51.31235481906428,-3.0681787016728426,4.9999999999999964,3.907985046680551e-15,-0.0012743561478735553,-0.0006371783326285669,-0.002548713158052937,565,-0.02043851882244444,0.004863548182039157,-2.6645352591003757e-15,-6.661338147750929e-14,5.0
112.1999999999979,501.6008504930661,51.27599854536507,-3.068433572988648,4.9999999999999964,3.907985046680551e-15,-0.0010653080234107957,-0.0005326541628301947,-0.002130616550570857,566,-0.018325340188754598,0.004608676866237449,0.0,0.0,5.0
112.2999999999979,501.1021685630102,51.23971724666047,-3.068646634643705,4.9999999999999964,3.907985046680551e-15,-0.0015627702919288437,-0.0007813856230493738,-0.0031255421741404796,566,-0.01628733448028545,0.00439561521118037,0.0,0.0,5.0
112.39999999999789,500.6034699316736,51.203666239698244,-3.0689591888611187,4.9999999999999964,3.907985046680551e-15,-0.0013064104047619137,-0.0006532054810887357,-0.0026128217385496004,567,-0.014480223620506008,0.004083060993762988,2.6645352591003757e-15,6.661338147750929e-14,5.0
112.49999999999788,500.1047646619423,51.16770718044733,-3.0692204710349738,4.9999999999999964,3.907985046680551e-15,-0.0016213442043437063,-0.0008106726349372,-0.003242690184571445,567,-0.012765299226540273,0.0038217788199079727,2.6645352591003757e-15,6.661338147750929e-14,5.0
112.59999999999788,499.6060443781038,51.13195695683947,-3.069544740053431,4.9999999999999964,3.907985046680551e-15,-0.0013553758391643567,-0.0006776882308178962,-0.0027107527157809188,568,-0.011259748409138504,0.003497509801448917,8.881784197001252e-16,2.22044604925031e-14,5.0
112.69999999999787,499.10731726492156,51.096302131402226,-3.069815815325009,4.9999999999999964,3.907985046680551e-15,-0.0015431616717168722,-0.000771581295209319,-0.0030863248746029965,568,-0.009849839492284313,0.003226434529870925,8.881784197001252e-16,2.22044604925031e-14,5.0
112.79999999999787,498.60857717207307,51.06082932794019,-3.070124447812469,4.9999999999999964,3.907985046680551e-15,-0.0012900184674311552,-0.0006450095020633388,-0.0025800378293547007,569,-0.008622414107760833,0.0029178020424107665,-8.881784197001252e-16,-2.22044604925031e-14,5.0
112.89999999999786,498.109830629287,51.02544732603313,-3.0703824515954046,4.9999999999999964,3.907985046680551e-15,-0.0013914165363100113,-0.0006957086048849236,-0.002782834195052869,569,-0.007486018815947477,0.0026597982594753766,-8.881784197001252e-16,-2.22044604925031e-14,5.0
112.99999999999785,497.61107318773963,50.990219290306555,-3.07066073501491,4.9999999999999964,3.907985046680551e-15,-0.0011631657888373076,-0.0005815830911325411,-0.0023263322333874842,570,-0.006503974620055929,0.0023815148399717323,-2.6645352591003757e-15,-6.661338147750929e-14,5.0
113.09999999999785,497.112309969952,50.95507313003135,-3.0708933682382487,4.9999999999999964,3.907985046680551e-15,-0.0012076788215730691,-0.000603839630959769,-0.0024153583770568136,570,-0.005604009231579967,0.0021488816166330693,-2.6645352591003757e-15,-6.661338147750929e-14,5.0
113.19999999999784,496.61353780996996,50.920054100534934,-3.0711349040759544,4.9999999999999964,3.907985046680551e-15,-0.0010095686710265798,-0.0005047844641360186,-0.0020191377707955444,571,-0.004831488546098421,0.0019073457789309245,8.881784197001252e-16,2.22044604925031e-14,5.0
113.29999999999784,496.11476066551586,50.8851061367857,-3.071336817853034,4.9999999999999964,3.907985046680551e-15,-0.001018161253564487,-0.0005090807587171833,-0.0020363229469120606,571,-0.00413020811862639,0.0017054320018514701,8.881784197001252e-16,2.22044604925031e-14,5.0
113.39999999999783,495.61597632504436,50.85026102664948,-3.071540450147725,4.9999999999999964,3.907985046680551e-15,-0.0008511398800901175,-0.00042557001711994837,-0.0017022800170965143,572,-0.0035320326397480922,0.001501799707154916,2.6645352591003757e-15,6.661338147750929e-14,5.0
113.49999999999783,495.11718780252266,50.81547583151414,-3.0717106781494348,4.9999999999999964,3.907985046680551e-15,-0.0008383984072137101,-0.00041919927727189407,-0.0016767970599775323,572,-0.0029939178986120273,0.0013315717054451781,2.6645352591003757e-15,6.661338147750929e-14,5.0
113.59999999999782,494.6183935868902,50.780772366966964,-3.0718783578554327,4.9999999999999964,3.907985046680551e-15,-0.0007008656672102533,-0.000350432876639395,-0.00140173147786806,573,-0.0025377317478202004,0.0011638919994472197,-8.881784197001252e-16,-2.22044604925031e-14,5.0
113.69999999999781,494.1195959410634,50.74611823997404,-3.0720185310032195,4.9999999999999964,3.907985046680551e-15,-0.0006766861099901598,-0.00033834309372725166,-0.001353372349087552,573,-0.0021310022312733615,0.0010237188516604157,-8.881784197001252e-16,-2.22044604925031e-14,5.0
113.79999999999781,493.6207938607109,50.71152800094606,-3.072153868238128,4.9999999999999964,3.907985046680551e-15,-0.0005656809836723831,-0.0002828405144630774,-0.001131362042767716,574,-0.001788314379128437,0.0008883816167535308,-8.881784197001252e-16,-2.22044604925031e-14,5.0
113.8999999999978,493.12198902044815,50.67697758372059,-3.0722670044424047,4.9999999999999964,3.907985046680551e-15,-0.0005365674308993141,-0.0002682837347596879,-0.0010731349261653951,574,-0.001485543846482723,0.000775245412476977,-8.881784197001252e-16,-2.22044604925031e-14,5.0
113.9999999999978,492.62318077664884,50.64247633855705,-3.0723743179350214,4.9999999999999964,3.907985046680551e-15,-0.00044854767361106367,-0.00022427384808622694,-0.0008970953848244429,575,-0.0012320630184849577,0.000667931919860365,-1.7763568394002505e-15,-4.44089209850062e-14,5.0
114.09999999999779,492.12437034979575,50.608006669823126,-3.072464027473504,4.9999999999999964,3.907985046680551e-15,-0.000418596429002202,-0.00020929822366956512,-0.0008371928885659499,575,-0.0010102339898717845,0.0005782223813777243,-1.7763568394002505e-15,-4.44089209850062e-14,5.0
114.19999999999779,491.62555734828237,50.573574279241,-3.0725477467623605,4.9999999999999964,3.907985046680551e-15,-0.0003499288976183818,-0.00017496445416530047,-0.0006998578130904615,576,-0.0008257719151973687,0.0004945030925247451,8.881784197001252e-16,2.22044604925031e-14,5.0
114.29999999999778,491.1267426469158,50.53916652283999,-3.0726177325436694,4.9999999999999964,3.907985046680551e-15,-0.00032156303249203464,-0.00016078152040233153,-0.0006431260788384495,576,-0.0006660025987330447,0.000424517311215844,8.881784197001252e-16,2.22044604925031e-14,5.0
114.39999999999777,490.627926026275,50.504786601773276,-3.072682045151553,4.9999999999999964,3.907985046680551e-15,-0.0002688130806523362,-0.00013440654275423817,-0.000537626169398239,577,-0.0005341347048542317,0.0003602047033268718,2.6645352591003757e-15,6.661338147750929e-14,5.0
114.49999999999777,490.1291081017005,50.47042560465181,-3.0727358077684928,4.9999999999999964,3.907985046680551e-15,-0.0002433221543919406,-0.00012166107899672673,-0.00048664431478640235,577,-0.00042123562552745866,0.00030644208638719306,2.6645352591003757e-15,6.661338147750929e-14,5.0
114.59999999999776,489.63028876815537,50.43608506765046,-3.0727844721999715,4.9999999999999964,3.907985046680551e-15,-0.00020340701711087921,-0.00010170350960742039,-0.00040681403772836077,578,-0.00032884512236121526,0.00025777765490841986,-8.881784197001252e-16,-2.22044604925031e-14,5.0
114.69999999999776,489.13146844900666,50.40175885020108,-3.0728251536037443,4.9999999999999964,3.907985046680551e-15,-0.0001813370161675491,-9.066850882914027e-05,-0.00036267403481965037,578,-0.0002508080500284067,0.00021709625113564002,-8.881784197001252e-16,-2.22044604925031e-14,5.0
114.79999999999775,488.6326471124283,50.36744742099498,-3.0728614210072265,4.9999999999999964,3.907985046680551e-15,-0.00015159006552580034,-7.579503319833407e-05,-0.0003031801325030468,579,-0.00018759417903794866,0.00018082884765524554,-8.881784197001252e-16,-2.22044604925031e-14,5.0
114.89999999999775,488.1338250419078,50.33314666354442,-3.0728917390204766,4.9999999999999964,3.907985046680551e-15,-0.0001330199208323126,-6.650996071036808e-05,-0.000266039842645331,579,-0.0001350772719091453,0.00015051083440509316,-8.881784197001252e-16,-2.22044604925031e-14,5.0
114.99999999999774,487.6350022500519,50.298856397796506,-3.072918343004741,4.9999999999999964,3.907985046680551e-15,-0.00011119901976580495,-5.5599510054777556e-05,-0.00022239804010452667,580,-9.307683511537799e-05,0.00012390685014063152,-8.881784197001252e-16,-2.22044604925031e-14,5.0
115.09999999999773,487.136178920122,50.26457396034506,-3.0729405828087515,4.9999999999999964,3.907985046680551e-15,-9.593253233872788e-05,-4.796626627972294e-05,-0.00019186506504531895,580,-5.8923165095613184e-05,0.00010166704613023825,-8.881784197001252e-16,-2.22044604925031e-14,5.0
115.19999999999773,486.6373550894968,50.23029880899029,-3.072959769315256,4.9999999999999964,3.907985046680551e-15,-8.019553366233162e-05,-4.009776689563624e-05,-0.00016039106753956456,581,-3.2072775182174704e-05,8.248053962756074e-05,8.881784197001252e-16,2.22044604925031e-14,5.0
115.29999999999772,486.13853087097715,50.19602930332938,-3.07297580842201,4.9999999999999964,3.907985046680551e-15,-6.789119846151007e-05,-3.394559926987067e-05,-0.00013578239705340552,581,-1.0881388821461918e-05,6.644143287370952e-05,8.881784197001252e-16,2.22044604925031e-14,5.0
115.39999999999772,485.63970631366135,50.16176472951483,-3.0729893866617153,4.9999999999999964,3.907985046680551e-15,-5.675416621661962e-05,-2.8377083131160707e-05,-0.00011350833250940883,582,5.3665279788131515e-06,5.2863193164665034e-05,8.881784197001252e-16,2.22044604925031e-14,5.0
115.49999999999771,485.1408814819118,50.12750415114819,-3.0730007374949664,4.9999999999999964,3.907985046680551e-15,-4.7010170180694554e-05,-2.3505085103333576e-05,-9.402034040467671e-05,582,1.760958299650006e-05,4.151235991356472e-05,8.881784197001252e-16,2.22044604925031e-14,5.0
115.5999999999977,484.64205642820406,50.09324680458616,-3.073010139529007,4.9999999999999964,3.907985046680551e-15,-3.9298511019017076e-05,-1.9649255517094985e-05,-7.859702206332226e-05,583,2.6613220399600464e-05,3.2110325874690204e-05,-8.881784197001252e-16,-2.22044604925031e-14,5.0
115.6999999999977,484.14323118450574,50.05899222461039,-3.0730179992312134,4.9999999999999964,3.907985046680551e-15,-3.17059769620295e-05,-1.585298848499888e-05,-6.341195393733939e-05,583,3.284375557588426e-05,2.425062366828712e-05,-8.881784197001252e-16,-2.22044604925031e-14,5.0
115.7999999999977,483.6444058016203,50.02473967157895,-3.073024340426607,4.9999999999999964,3.907985046680551e-15,-2.6504853734352587e-05,-1.3252426869503774e-05,-5.300970747646341e-05,584,3.704257317022671e-05,1.790942827462061e-05,8.881784197001252e-16,2.22044604925031e-14,5.0
115.89999999999769,483.14558029061203,49.99048898447082,-3.073029641397355,4.9999999999999964,3.907985046680551e-15,-2.0679071288010186e-05,-1.0339535645110453e-05,-4.135814257970488e-05,584,3.9371073870621276e-05,1.2608457526930295e-05,8.881784197001252e-16,2.22044604925031e-14,5.0
115.99999999999768,482.64675469781184,49.95623948859778,-3.073033777211613,4.9999999999999964,3.907985046680551e-15,-1.7286827667412542e-05,-8.643413834352008e-06,-3.4573655336977524e-05,585,4.0505534806343016e-05,8.472643266976831e-06,-8.881784197001252e-16,-2.22044604925031e-14,5.0
116.09999999999768,482.1479290214549,49.92199120970587,-3.073037234577147,4.9999999999999964,3.907985046680551e-15,-1.2883616541702034e-05,-6.441808271118333e-06,-2.5767233084295103e-05,585,4.042014952146747e-05,5.01527773311139e-06,-8.881784197001252e-16,-2.22044604925031e-14,5.0
116.19999999999767,481.64910330209074,49.88774355721931,-3.0730398113004553,4.9999999999999964,3.907985046680551e-15,-1.07701577002793e-05,-5.385078850295812e-06,-2.154031540107913e-05,586,3.970688425063845e-05,2.438554428163542e-06,-8.881784197001252e-16,-2.22044604925031e-14,5.0
116.29999999999767,481.15027753067096,49.85349666294483,-3.0730419653319956,4.9999999999999964,3.907985046680551e-15,-7.49251592865248e-06,-3.746257964378816e-06,-1.4985031857480204e-05,586,3.8233622041909665e-05,2.845228879166939e-07,-8.881784197001252e-16,-2.22044604925031e-14,5.0
116.39999999999766,480.6514517416069,49.819250025670705,-3.073043463835181,4.9999999999999964,3.907985046680551e-15,-6.263425945730408e-06,-3.1317129728959187e-06,-1.2526851891563188e-05,587,3.650275450455421e-05,-1.2139802993971216e-06,8.881784197001252e-16,2.22044604925031e-14,5.0
116.49999999999766,480.1526259222704,49.78500382933774,-3.0730447165203705,4.9999999999999964,3.907985046680551e-15,-3.862109465891594e-06,-1.931054732952998e-06,-7.724218931807187e-06,587,3.432990786629217e-05,-2.4666654887539607e-06,8.881784197001252e-16,2.22044604925031e-14,5.0
116.59999999999765,479.65380010115217,49.750757658957156,-3.0730454889422636,4.9999999999999964,3.907985046680551e-15,-3.2285599218482993e-06,-1.6142799609283565e-06,-6.457119843710616e-06,588,3.2131047755154345e-05,-3.2390873818677335e-06,8.881784197001252e-16,2.22044604925031e-14,5.0
116.69999999999764,479.1549742644298,49.716511715865124,-3.073046134654248,4.9999999999999964,3.907985046680551e-15,-1.4991180685107753e-06,-7.495590342558088e-07,-2.998236137022952e-06,588,2.9704364086065305e-05,-3.884799366193903e-06,8.881784197001252e-16,2.22044604925031e-14,5.0
116.79999999999764,478.6561484352077,49.682265663525776,-3.0730464344778614,4.9999999999999964,3.907985046680551e-15,-1.2531992056941527e-06,-6.265996028473224e-07,-2.5063984113891237e-06,589,2.7387184892042893e-05,-4.1846229814623825e-06,8.881784197001252e-16,2.22044604925031e-14,5.0
116.89999999999763,478.15732259992865,49.64801969941085,-3.0730466851177027,4.9999999999999964,3.907985046680551e-15,-3.116861061644876e-08,-1.5584305308224388e-08,-6.23372212328975e-08,589,2.498157360042788e-05,-4.435262822788388e-06,8.881784197001252e-16,2.22044604925031e-14,5.0
116.99999999999763,477.65849677699106,49.613773555531345,-3.0730466913514247,4.9999999999999964,3.907985046680551e-15,-2.6055638114921985e-08,-1.3027819057460996e-08,-5.211127622984394e-08,590,2.275615002931327e-05,-4.441496544771439e-06,-2.6645352591003757e-15,-6.661338147750929e-14,5.0
117.09999999999762,477.1596709539275,49.57952741348613,-3.0730466965625522,4.9999999999999964,3.907985046680551e-15,8.185771410412164e-07,4.092885705206767e-07,1.6371542820826604e-06,590,2.052888784972312e-05,-4.446707672300931e-06,-2.6645352591003757e-15,-6.661338147750929e-14,5.0
117.19999999999762,476.66084514514824,49.54528106337805,-3.073046532847124,4.9999999999999964,3.907985046680551e-15,6.842958158008582e-07,3.421479079004692e-07,1.3685916316018492e-06,591,1.851017830518508e-05,-4.282992238646699e-06,-8.881784197001252e-16,-2.22044604925031e-14,5.0
117.29999999999761,476.1620193396763,49.511034665095984,-3.073046395987961,4.9999999999999964,3.907985046680551e-15,1.2526714178222677e-06,6.263357089113795e-07,2.5053428356453527e-06,591,1.653975613566394e-05,-4.146133075533243e-06,-8.881784197001252e-16,-2.22044604925031e-14,5.0
117.3999999999976,475.6631935486238,49.47678805678483,-3.0730461454536773,4.9999999999999964,3.907985046680551e-15,1.0471802438043405e-06,5.235901219023138e-07,2.0943604876091583e-06,592,1.4779857454754255e-05,-3.895598795544686e-06,1.7763568394002505e-15,4.44089209850062e-14,5.0
117.4999999999976,475.16436776263254,49.44254137475286,-3.0730459360176283,4.9999999999999964,3.907985046680551e-15,1.4167812873752224e-06,7.083906436879667e-07,2.833562574751628e-06,592,1.3093853120874771e-05,-3.6861627465967217e-06,1.7763568394002505e-15,4.44089209850062e-14,5.0
117.59999999999759,474.66554199014263,49.40829449606552,-3.0730456526613708,4.9999999999999964,3.907985046680551e-15,1.1843691431091163e-06,5.921845715547658e-07,2.3687382862189233e-06,593,1.1604967067918928e-05,-3.4028064890279097e-06,-8.881784197001252e-16,-2.22044604925031e-14,5.0
117.69999999999759,474.1667162233771,49.37404753399937,-3.073045415787542,4.9999999999999964,3.907985046680551e-15,1.4136655542066874e-06,7.068327771036968e-07,2.82733110841455e-06,593,1.0199656112486188e-05,-3.165932660476045e-06,-8.881784197001252e-16,-2.22044604925031e-14,5.0
117.79999999999758,473.6678904686501,49.33980039658497,-3.0730451330544315,4.9999999999999964,3.907985046680551e-15,1.1817645234312895e-06,5.908822617158511e-07,2.363529046863265e-06,594,8.970106171179992e-06,-2.8831995479983163e-06,8.881784197001252e-16,2.22044604925031e-14,5.0
117.89999999999758,473.169064719635,49.30555317597512,-3.0730448967015267,4.9999999999999964,3.907985046680551e-15,1.3142091602093195e-06,6.571045801049435e-07,2.628418320419583e-06,594,7.823947525686936e-06,-2.6468466431950333e-06,8.881784197001252e-16,2.22044604925031e-14,5.0
117.99999999999757,472.6702389809823,49.271305804432956,-3.073044633859695,4.9999999999999964,3.907985046680551e-15,1.098623189613853e-06,5.493115948070922e-07,2.197246379228257e-06,595,6.829076494427842e-06,-2.3840048148926485e-06,8.881784197001252e-16,2.22044604925031e-14,5.0
118.09999999999756,472.1714132476396,49.237058355548434,-3.073044414135057,4.9999999999999964,3.907985046680551e-15,1.1659963030177292e-06,5.829981515090627e-07,2.331992606036117e-06,595,5.911729888841144e-06,-2.164280176852884e-06,8.881784197001252e-16,2.22044604925031e-14,5.0
118.19999999999756,471.67258752297556,49.202810780255895,-3.073044180935796,4.9999999999999964,3.907985046680551e-15,9.747235201425503e-07,4.873617600713909e-07,1.949447040285485e-06,596,5.121088871214499e-06,-1.931080914285843e-06,-8.881784197001252e-16,-2.22044604925031e-14,5.0
118.29999999999755,471.1737618030227,49.16856313634346,-3.073043985991092,4.9999999999999964,3.907985046680551e-15,9.998701997349518e-07,4.999350998676009e-07,1.999740399470319e-06,596,4.399229290005802e-06,-1.736136210350736e-06,-8.881784197001252e-16,-2.22044604925031e-14,5.0
118.39999999999755,470.6749360901769,49.13431538891568,-3.073043786017052,4.9999999999999964,3.907985046680551e-15,8.358491339998735e-07,4.1792456700000976e-07,1.671698267999989e-06,597,3.7811287375306285e-06,-1.5361621703569028e-06,8.881784197001252e-16,2.22044604925031e-14,5.0
118.49999999999754,470.1761103813711,49.10006758264468,-3.073043618847225,4.9999999999999964,3.907985046680551e-15,8.348771559462755e-07,4.174385779732105e-07,1.6697543118927925e-06,597,3.222009931542341e-06,-1.3689923434867524e-06,8.881784197001252e-16,2.22044604925031e-14,5.0
118.59999999999754,469.67728467827385,49.06581969322749,-3.073043451871794,4.9999999999999964,3.907985046680551e-15,6.979219382534411e-07,3.489609691267631e-07,1.395843876507023e-06,598,2.746233044378585e-06,-1.2020169140036785e-06,-8.881784197001252e-16,-2.22044604925031e-14,5.0
118.69999999999753,469.17845897854994,49.03157175467705,-3.0730433122874063,4.9999999999999964,3.907985046680551e-15,6.819362155663588e-07,3.40968107783219e-07,1.3638724311328487e-06,598,2.3197050725565216e-06,-1.0624325263997036e-06,-8.881784197001252e-16,-2.22044604925031e-14,5.0
118.79999999999752,468.67963328333275,48.997323750485386,-3.073043175900163,4.9999999999999964,3.907985046680551e-15,5.700697911385979e-07,2.850348955693221e-07,1.1401395822772721e-06,599,1.9589728590093183e-06,-9.260452795700758e-07,-8.881784197001252e-16,-2.22044604925031e-14,5.0
118.89999999999752,468.180807590871,48.96307570616118,-3.073043061886205,4.9999999999999964,3.907985046680551e-15,5.465194561231654e-07,2.732597280616031e-07,1.0930389122463981e-06,599,1.6384676675591792e-06,-8.120313212955921e-07,-8.881784197001252e-16,-2.22044604925031e-14,5.0
118.99999999999751,467.6819819019107,48.92882761083764,-3.0730429525823135,4.9999999999999964,3.907985046680551e-15,4.568671153673229e-07,2.2843355768367338e-07,9.137342307346848e-07,600,1.3690818714785433e-06,-7.027274318005539e-07,8.881784197001252e-16,2.22044604925031e-14,5.0
119.09999999999751,467.18315621515865,48.89457948335095,-3.0730428612088905,4.9999999999999964,3.907985046680551e-15,4.305758631510797e-07,2.1528793157554984e-07,8.611517263021922e-07,600,1.1319349302214843e-06,-6.113540087504532e-07,8.881784197001252e-16,2.22044604925031e-14,5.0
119.1999999999975,466.6843305310858,48.86033131684223,-3.0730427750937177,4.9999999999999964,3.907985046680551e-15,3.5994318169302704e-07,1.7997159084651934e-07,7.19886363386073e-07,601,9.339018927330758e-07,-5.252388359799909e-07,0.0,0.0,5.0
119.2999999999975,466.18550484875266,48.826083124993744,-3.0730427031050813,4.9999999999999964,3.907985046680551e-15,3.338855484489016e-07,1.6694277422445543e-07,6.677710968978182e-07,601,7.612682706541196e-07,-4.5325019959463475e-07,0.0,0.0,5.0
119.39999999999749,465.6866791684388,48.79183490373459,-3.0730426363279717,4.9999999999999964,3.907985046680551e-15,2.791141764496762e-07,1.3955708822484083e-07,5.58228352899361e-07,602,6.181145592318651e-07,-3.864730899749702e-07,8.881784197001252e-16,2.22044604925031e-14,5.0
119.49999999999748,465.18785348947404,48.75758666282598,-3.0730425805051365,4.9999999999999964,3.907985046680551e-15,2.549915216987725e-07,1.274957608493883e-07,5.099830433975515e-07,602,4.946565606324393e-07,-3.306502547317791e-07,8.881784197001252e-16,2.22044604925031e-14,5.0
119.59999999999748,464.689027812008,48.723338400088004,-3.073042529506832,4.9999999999999964,3.907985046680551e-15,2.1316211112021438e-07,1.0658105556010839e-07,4.263242222404325e-07,603,3.930793118292475e-07,-2.7965195226187234e-07,-8.881784197001252e-16,-2.22044604925031e-14,5.0
119.69999999999747,464.1902021355723,48.68909012234356,-3.07304248687441,4.9999999999999964,3.907985046680551e-15,1.9182312720700505e-07,9.591156360350341e-08,3.836462544140128e-07,603,3.065438628699346e-07,-2.3701953022481348e-07,-8.881784197001252e-16,-2.22044604925031e-14,5.0
119.79999999999747,463.69137646023125,48.65484182865518,-3.073042448509785,4.9999999999999964,3.907985046680551e-15,1.6035600870548068e-07,8.017800435274086e-08,3.2071201741096284e-07,604,2.359898828418333e-07,-1.9865490141768305e-07,-8.881784197001252e-16,-2.22044604925031e-14,5.0
119.89999999999746,463.1925507856653,48.62059352367785,-3.0730424164385832,4.9999999999999964,3.907985046680551e-15,1.4209843126728065e-07,7.104921563364068e-08,2.8419686253456224e-07,604,1.7675143286835504e-07,-1.6658369972333276e-07,-8.881784197001252e-16,-2.22044604925031e-14,5.0
119.99999999999746,462.69372511188504,48.58634520725625,-3.073042388018897,4.9999999999999964,3.907985046680551e-15,1.1878826998069619e-07,5.939413499034831e-08,2.375765399613929e-07,605,1.2898419100154657e-07,-1.3816401533972567e-07,1.7763568394002505e-15,4.44089209850062e-14,5.0
120.09999999999745,462.194899438679,48.552096882472036,-3.073042364261243,4.9999999999999964,3.907985046680551e-15,1.035711451105733e-07,5.178557255528678e-08,2.0714229022114694e-07,605,8.959925397108992e-08,-1.1440636127346693e-07,1.7763568394002505e-15,4.44089209850062e-14,5.0
120.19999999999744,461.696073766026,48.51784854963224,-3.073042343547014,4.9999999999999964,3.907985046680551e-15,8.658108989990088e-08,4.329054494995052e-08,1.7316217979980193e-07,606,5.828885726345823e-08,-9.369213405108212e-08,8.881784197001252e-16,2.22044604925031e-14,5.0
120.29999999999744,461.19724809379153,48.4836002106972,-3.073042326230796,4.9999999999999964,3.907985046680551e-15,7.417073318100903e-08,3.708536659050456e-08,1.483414663620181e-07,606,3.308806114515894e-08,-7.637591625808682e-08,8.881784197001252e-16,2.22044604925031e-14,5.0
120.39999999999743,460.69842242193755,48.44935186621968,-3.0730423113966494,4.9999999999999964,3.907985046680551e-15,6.200359103340688e-08,3.100179551670347e-08,1.2400718206681378e-07,607,1.344278726007897e-08,-6.154176945827317e-08,-8.881784197001252e-16,-2.22044604925031e-14,5.0
120.49999999999743,460.1995967503833,48.41510351737715,-3.073042298995931,4.9999999999999964,3.907985046680551e-15,5.207117777896842e-08,2.6035588889484227e-08,1.0414235555793683e-07,607,-1.8271954331516849e-09,-4.914105122821866e-08,-8.881784197001252e-16,-2.22044604925031e-14,5.0
120.59999999999742,459.70077107908367,48.380855164826094,-3.0730422885816955,4.9999999999999964,3.907985046680551e-15,4.352929899572411e-08,2.1764649497862065e-08,8.70585979914482e-08,608,-1.3379929663347168e-08,-3.8726813755829426e-08,-2.6645352591003757e-15,-6.661338147750929e-14,5.0
120.69999999999742,459.2019454079944,48.346606809210606,-3.073042279875836,4.9999999999999964,3.907985046680551e-15,3.571378888529196e-08,1.7856894442645983e-08,7.142757777058388e-08,608,-2.1861011976348488e-08,-3.0020954167042646e-08,-2.6645352591003757e-15,-6.661338147750929e-14,5.0
120.79999999999741,458.70311973706947,48.3123584512017,-3.073042272733078,4.9999999999999964,3.907985046680551e-15,2.985521537593022e-08,1.4927607687965113e-08,5.97104307518604e-08,609,-2.7943042984514277e-08,-2.287819267365876e-08,0.0,0.0,5.0
120.8999999999974,458.20429406628887,48.27811009109101,-3.0730422667620347,4.9999999999999964,3.907985046680551e-15,2.380190500835062e-08,1.1900952504175312e-08,4.7603810016701206e-08,609,-3.191833306340208e-08,-1.6907149458234016e-08,0.0,0.0,5.0
120.9999999999974,457.7054683956091,48.24386172951158,-3.0730422620016538,4.9999999999999964,3.907985046680551e-15,1.989738432496923e-08,9.948692162484616e-09,3.979476864993844e-08,610,-3.4421431087394705e-08,-1.2146772032650688e-08,2.6645352591003757e-15,6.661338147750929e-14,5.0
121.0999999999974,457.2066427250255,48.209613366531386,-3.073042258022177,4.9999999999999964,3.907985046680551e-15,1.527973864393804e-08,7.63986932196902e-09,3.055947728787606e-08,610,-3.5520468816274686e-08,-8.167295284522424e-09,2.6645352591003757e-15,6.661338147750929e-14,5.0
121.19999999999739,456.7078170544991,48.175365002717825,-3.073042254966229,4.9999999999999964,3.907985046680551e-15,1.2773213597938596e-08,6.386606798969298e-09,2.5546427195877176e-08,611,-3.578418353474e-08,-5.1113491217336104e-09,8.881784197001252e-16,2.22044604925031e-14,5.0
121.29999999999738,456.20899138403445,48.141116638005045,-3.0730422524115864,4.9999999999999964,3.907985046680551e-15,9.303507204393965e-09,4.651753602196983e-09,1.8607014408787918e-08,611,-3.5146558618331936e-08,-2.556706402145892e-09,8.881784197001252e-16,2.22044604925031e-14,5.0
121.39999999999738,455.71016571359786,48.10686827288333,-3.073042250550885,4.9999999999999964,3.907985046680551e-15,7.777339006727412e-09,3.888669503363706e-09,1.5554678013454813e-08,612,-3.409903814519111e-08,-6.960050313864485e-10,-8.881784197001252e-16,-2.22044604925031e-14,5.0
121.49999999999737,455.2113400431989,48.0726199072141,-3.0730422489954172,4.9999999999999964,3.907985046680551e-15,5.210142025415928e-09,2.605071012707964e-09,1.042028405083185e-08,612,-3.250270415658396e-08,8.594627232128005e-10,-8.881784197001252e-16,-2.22044604925031e-14,5.0
121.59999999999737,454.71251437280927,48.03837154140925,-3.073042247953389,4.9999999999999964,3.907985046680551e-15,4.3554577488473464e-09,2.1777288744236732e-09,8.710915497694686e-09,613,-3.0770438295447955e-08,1.901492741041011e-09,-2.6645352591003757e-15,-6.661338147750929e-14,5.0
121.69999999999736,454.21368870244066,48.00412317529778,-3.0730422470822973,4.9999999999999964,3.907985046680551e-15,2.4867158624661716e-09,1.2433579312330858e-09,4.97343172493234e-09,613,-2.8730828206119385e-08,2.772584384302945e-09,-2.6645352591003757e-15,-6.661338147750929e-14,5.0
121.79999999999735,453.7148630320699,47.96987480921787,-3.0730422465849543,4.9999999999999964,3.907985046680551e-15,2.0787890707053624e-09,1.0393945353526812e-09,4.157578141410722e-09,614,-2.672285146203962e-08,3.2699309926442766e-09,8.881784197001252e-16,2.22044604925031e-14,5.0
121.89999999999735,453.21603736170914,47.93562644299162,-3.0730422461691966,4.9999999999999964,3.907985046680551e-15,7.424269386403565e-10,3.7121346932017826e-10,1.484853877280712e-09,614,-2.4568190790802413e-08,3.6856886431735347e-09,8.881784197001252e-16,2.22044604925031e-14,5.0
121.99999999999734,452.71721169133974,47.901378076891284,-3.0730422460207114,4.9999999999999964,3.907985046680551e-15,6.206380438817706e-10,3.103190219408853e-10,1.2412760877635404e-09,615,-2.2539741406646385e-08,3.834168538219274e-09,2.6645352591003757e-15,6.661338147750929e-14,5.0
122.09999999999734,452.21838602097336,47.86712971074726,-3.0730422458965836,4.9999999999999964,3.907985046680551e-15,-3.160092071060431e-10,-1.5800460355302155e-10,-6.320184142120858e-10,615,-2.046749975059825e-08,3.9582963573536745e-09,2.6645352591003757e-15,6.661338147750929e-14,5.0
122.19999999999733,451.7195603505952,47.832881344774925,-3.0730422459597855,4.9999999999999964,3.907985046680551e-15,-2.6416950498442987e-10,-1.3208475249221494e-10,-5.283390099688594e-10,616,-1.8567362441816726e-08,3.895094469186233e-09,-2.6645352591003757e-15,-6.661338147750929e-14,5.0
122.29999999999733,451.22073468021574,47.79863297882119,-3.073042246012619,4.9999999999999964,3.907985046680551e-15,-9.053207306626642e-10,-4.526603653313321e-10,-1.8106414613253271e-09,616,-1.6685859836190753e-08,3.8422607318011615e-09,-2.6645352591003757e-15,-6.661338147750929e-14,5.0
122.39999999999732,450.7219090098235,47.76438461305372,-3.0730422461936833,4.9999999999999964,3.907985046680551e-15,-7.568088845669323e-10,-3.784044422834661e-10,-1.5136177691338635e-09,617,-1.4991060187478922e-08,3.661202008231612e-09,-8.881784197001252e-16,-2.22044604925031e-14,5.0
122.49999999999731,450.2230833394276,47.73013624733953,-3.073042246345045,4.9999999999999964,3.907985046680551e-15,-1.183047110568001e-09,-5.915235552840005e-10,-2.3660942211360005e-09,617,-1.3349662826567243e-08,3.509840418303156e-09,-8.881784197001252e-16,-2.22044604925031e-14,5.0
122.59999999999731,449.7242576690192,47.69588788180715,-3.0730422465816543,4.9999999999999964,3.907985046680551e-15,-9.889763861649143e-10,-4.944881930824571e-10,-1.9779527723298273e-09,618,-1.1890508799794475e-08,3.2732274668489936e-09,1.7763568394002505e-15,4.44089209850062e-14,5.0
122.6999999999973,449.22543199860604,47.661639516344394,-3.0730422467794494,4.9999999999999964,3.907985046680551e-15,-1.2616817532249885e-09,-6.308408766124942e-10,-2.5233635064499753e-09,618,-1.0501138986152014e-08,3.075432353227825e-09,1.7763568394002505e-15,4.44089209850062e-14,5.0
122.7999999999973,448.72660632818145,47.62739115104832,-3.0730422470317857,4.9999999999999964,3.907985046680551e-15,-1.0547118733938991e-09,-5.273559366969496e-10,-2.109423746787797e-09,619,-9.27885048136734e-09,2.823095979209711e-09,8.881784197001252e-16,2.22044604925031e-14,5.0
122.89999999999729,448.22778065775174,47.593142785826494,-3.073042247242728,4.9999999999999964,3.907985046680551e-15,-1.219926615865581e-09,-6.099633079327905e-10,-2.4398532317311605e-09,619,-8.130978671611055e-09,2.6121536045309313e-09,8.881784197001252e-16,2.22044604925031e-14,5.0
122.99999999999729,447.72895498731197,47.5588944207511,-3.0730422474867134,4.9999999999999964,3.907985046680551e-15,-1.0198064614996842e-09,-5.099032307498421e-10,-2.039612922999367e-09,620,-7.129884554285537e-09,2.3681665517472084e-09,8.881784197001252e-16,2.22044604925031e-14,5.0
123.09999999999728,447.2301293168673,47.5246460557475,-3.0730422476906747,4.9999999999999964,3.907985046680551e-15,-1.1115422033095748e-09,-5.557711016547874e-10,-2.223084406619148e-09,620,-6.200754090746052e-09,2.1642052594472716e-09,8.881784197001252e-16,2.22044604925031e-14,5.0
123.19999999999727,446.73130364641406,47.49039769086853,-3.073042247912983,4.9999999999999964,3.907985046680551e-15,-9.292015110567697e-10,-4.6460075552838486e-10,-1.8584030221135382e-09,621,-5.3965470330277765e-09,1.9418968655315894e-09,-8.881784197001252e-16,-2.22044604925031e-14,5.0
123.29999999999727,446.23247797595633,47.45614932605496,-3.0730422480988233,4.9999999999999964,3.907985046680551e-15,-9.721767250874496e-10,-4.860883625437248e-10,-1.944353450174898e-09,621,-4.657900423005179e-09,1.7560566334395844e-09,-8.881784197001252e-16,-2.22044604925031e-14,5.0
123.39999999999726,445.7336523054915,47.42190096134482,-3.0730422482932584,4.9999999999999964,3.907985046680551e-15,-8.126982128200519e-10,-4.0634910641002597e-10,-1.6253964256401028e-09,622,-4.022912374751497e-09,1.5616232751369807e-09,-8.881784197001252e-16,-2.22044604925031e-14,5.0
123.49999999999726,445.2348266350227,47.387652596691886,-3.073042248455798,4.9999999999999964,3.907985046680551e-15,-8.245483827881562e-10,-4.122741913940781e-10,-1.6490967655763114e-09,622,-3.4452753566727168e-09,1.3990835157073889e-09,-8.881784197001252e-16,-2.22044604925031e-14,5.0
123.59999999999725,444.7360009645482,47.35340423212299,-3.073042248620708,4.9999999999999964,3.907985046680551e-15,-6.892876912520241e-10,-3.4464384562601207e-10,-1.3785753825040475e-09,623,-2.9518740733008864e-09,1.2341736521648272e-09,-8.881784197001252e-16,-2.22044604925031e-14,5.0
123.69999999999725,444.23717529407037,47.31915586760262,-3.073042248758566,4.9999999999999964,3.907985046680551e-15,-6.823463431709046e-10,-3.411731715854523e-10,-1.3646926863418084e-09,623,-2.507107545873799e-09,1.096315926929492e-09,-8.881784197001252e-16,-2.22044604925031e-14,5.0
123.79999999999724,443.7383496235879,47.284907503149284,-3.073042248895035,4.9999999999999964,3.907985046680551e-15,-5.704124891723808e-10,-2.852062445861904e-10,-1.1408249783447608e-09,624,-2.129535698822127e-09,9.598486450101973e-10,8.881784197001252e-16,2.22044604925031e-14,5.0
123.89999999999723,443.2395239531027,47.250659138736104,-3.0730422490091174,4.9999999999999964,3.907985046680551e-15,-5.531028266970777e-10,-2.7655141334853886e-10,-1.1062056533941546e-09,624,-1.7922112717505545e-09,8.457661238026049e-10,8.881784197001252e-16,2.22044604925031e-14,5.0
123.99999999999723,442.7406982826139,47.21641077437552,-3.073042249119738,4.9999999999999964,3.907985046680551e-15,-4.623702590391222e-10,-2.311851295195611e-10,-9.247405180782437e-10,625,-1.5076090957230615e-09,7.351421693613247e-10,8.881784197001252e-16,2.22044604925031e-14,5.0
124.09999999999722,442.24187261212285,47.18216241004748,-3.073042249212212,4.9999999999999964,3.907985046680551e-15,-4.4026723787139527e-10,-2.201336189356976e-10,-8.805344757427899e-10,625,-1.255631848495753e-09,6.426681409266166e-10,8.881784197001252e-16,2.22044604925031e-14,5.0
124.19999999999722,441.743046941629,47.14791404576006,-3.0730422493002654,4.9999999999999964,3.907985046680551e-15,-3.6804477594231653e-10,-1.8402238797115826e-10,-7.360895518846325e-10,626,-1.0443669783144482e-09,5.546163528435955e-10,-2.6645352591003757e-15,-6.661338147750929e-14,5.0
124.29999999999721,441.24422127113337,47.113665681498546,-3.0730422493738745,4.9999999999999964,3.907985046680551e-15,-3.4470391453492336e-10,-1.7235195726746168e-10,-6.894078290698463e-10,626,-8.590689999643519e-10,4.81007234043318e-10,-2.6645352591003757e-15,-6.661338147750929e-14,5.0
124.3999999999972,440.7453956006356,47.07941731726793,-3.0730422494428153,4.9999999999999964,3.907985046680551e-15,-2.8815733425122565e-10,-1.4407866712561282e-10,-5.763146685024509e-10,627,-7.04741223711558e-10,4.1206993373066325e-10,0.0,0.0,5.0
124.4999999999972,440.2465699301365,47.045168953057605,-3.073042249500447,4.9999999999999964,3.907985046680551e-15,-2.6571072827377265e-10,-1.3285536413688633e-10,-5.31421456547545e-10,627,-5.707462592818846e-10,3.544382565223714e-10,0.0,0.0,5.0
124.5999999999972,439.7477442596358,47.01092058887043,-3.073042249553589,4.9999999999999964,3.907985046680551e-15,-2.2212267113349977e-10,-1.1106133556674988e-10,-4.442453422669992e-10,628,-4.599555094436658e-10,3.0129276851198483e-10,2.6645352591003757e-15,6.661338147750929e-14,5.0
124.69999999999719,439.248918589134,46.97667222469888,-3.0730422495980134,4.9999999999999964,3.907985046680551e-15,-2.017478581855789e-10,-1.0087392909278945e-10,-4.0349571637115753e-10,628,-3.648356512730988e-10,2.568683044046338e-10,2.6645352591003757e-15,6.661338147750929e-14,5.0
124.79999999999718,438.750092918631,46.942423860544416,-3.073042249638363,4.9999999999999964,3.907985046680551e-15,-1.6865292788057375e-10,-8.432646394028687e-11,-3.373058557611473e-10,629,-2.8684268675582825e-10,2.1651702653002758e-10,8.881784197001252e-16,2.22044604925031e-14,5.0
124.89999999999718,438.25126724812725,46.908175496401824,-3.0730422496720937,4.9999999999999964,3.907985046680551e-15,-1.5087814039074343e-10,-7.543907019537172e-11,-3.0175628078148666e-10,629,-2.2074660502302557e-10,1.8278623059586607e-10,8.881784197001252e-16,2.22044604925031e-14,5.0
124.99999999999717,437.7524415776226,46.873927132271625,-3.073042249702269,4.9999999999999964,3.907985046680551e-15,-1.261283475323102e-10,-6.30641737661551e-11,-2.5225669506462026e-10,630,-1.670706836764957e-10,1.5261081287576417e-10,-8.881784197001252e-16,-2.22044604925031e-14,5.0
125.09999999999717,437.25361590711736,46.83967876815031,-3.0730422497274947,4.9999999999999964,3.907985046680551e-15,-1.1108167017793776e-10,-5.554083508896887e-11,-2.2216334035587536e-10,630,-1.2229952467412986e-10,1.2738521348865106e-10,-8.881784197001252e-16,-2.22044604925031e-14,5.0
125.19999999999716,436.7547902366115,46.805430404037814,-3.073042249749711,4.9999999999999964,3.907985046680551e-15,-9.285998870430045e-11,-4.6429994352150224e-11,-1.8571997740860076e-10,631,-8.637776171410705e-11,1.0517053894432138e-10,0.0,0.0,5.0
125.29999999999715,436.2559645661052,46.771182039931865,-3.073042249768283,4.9999999999999964,3.907985046680551e-15,-8.043156783873874e-11,-4.021578391936937e-11,-1.6086313567747737e-10,631,-5.7008738008068605e-11,8.659872818839176e-11,0.0,0.0,5.0
125.39999999999715,435.7571388955985,46.73693367583208,-3.0730422497843692,4.9999999999999964,3.907985046680551e-15,-6.72374436829303e-11,-3.361872184146515e-11,-1.3447488736586052e-10,632,-3.381350754949608e-11,7.051070838315354e-11,8.881784197001252e-16,2.22044604925031e-14,5.0
125.49999999999714,435.2583132250914,46.70268531173702,-3.0730422497978167,4.9999999999999964,3.907985046680551e-15,-5.717765442401098e-11,-2.858882721200549e-11,-1.1435530884802188e-10,632,-1.5366923011850275e-11,5.7063243019683796e-11,8.881784197001252e-16,2.22044604925031e-14,5.0
125.59999999999714,434.75948755458404,46.668436947646164,-3.0730422498092524,4.9999999999999964,3.907985046680551e-15,-4.779802284965149e-11,-2.3899011424825746e-11,-9.559604569930292e-11,633,-1.135327075407755e-12,4.5627501776834833e-11,-2.6645352591003757e-15,-6.661338147750929e-14,5.0
125.69999999999713,434.26066188407646,46.634188583558675,-3.073042249818812,4.9999999999999964,3.907985046680551e-15,-3.979834006211031e-11,-1.9899170031055155e-11,-7.959668012422057e-11,633,9.726709021551372e-12,3.6068037445602386e-11,-2.6645352591003757e-15,-6.661338147750929e-14,5.0
125.79999999999713,433.7618362135687,46.59994021947396,-3.0730422498267718,4.9999999999999964,3.907985046680551e-15,-3.326976121498823e-11,-1.6634880607494116e-11,-6.653952242997642e-11,634,1.7816853027652346e-11,2.8113511518768064e-11,-8.881784197001252e-16,-2.22044604925031e-14,5.0
125.89999999999712,433.2630105430608,46.565691855391584,-3.0730422498334256,4.9999999999999964,3.907985046680551e-15,-2.701651767797319e-11,-1.3508258838986594e-11,-5.403303535594634e-11,634,2.3554300870864964e-11,2.1459722887584576e-11,-8.881784197001252e-16,-2.22044604925031e-14,5.0
125.99999999999712,432.76418487255273,46.53144349131097,-3.073042249838829,4.9999999999999964,3.907985046680551e-15,-2.2585442288321876e-11,-1.1292721144160938e-11,-4.517088457664372e-11,635,2.753295421514812e-11,1.6052936757660063e-11,1.7763568394002505e-15,4.44089209850062e-14,5.0
126.09999999999711,432.2653592020446,46.49719512723194,-3.073042249843346,4.9999999999999964,3.907985046680551e-15,-1.7769645404242563e-11,-8.884822702121282e-12,-3.55392908084851e-11,635,2.991425857024055e-11,1.1535661315065227e-11,1.7763568394002505e-15,4.44089209850062e-14,5.0
126.1999999999971,431.76653353153637,46.462946763153965,-3.0730422498469,4.9999999999999964,3.907985046680551e-15,-1.485501780064768e-11,-7.42750890032384e-12,-2.971003560129534e-11,636,3.1238567288482955e-11,7.981615368635175e-12,-1.7763568394002505e-15,-4.44089209850062e-14,5.0
126.2999999999971,431.26770786102804,46.428698399077035,-3.073042249849871,4.9999999999999964,3.907985046680551e-15,-1.1203202108701689e-11,-5.6016010543508445e-12,-2.2406404217403362e-11,636,3.151700775361199e-11,5.0106585547382565e-12,-1.7763568394002505e-15,-4.44089209850062e-14,5.0
126.39999999999709,430.7688821905197,46.39445003500068,-3.0730422498521115,4.9999999999999964,3.907985046680551e-15,-9.365607704574745e-12,-4.6828038522873725e-12,-1.8731215409149477e-11,637,3.122405112243598e-11,2.773781204723491e-12,8.881784197001252e-16,2.22044604925031e-14,5.0
126.49999999999709,430.27005652001134,46.36020167092499,-3.0730422498539847,4.9999999999999964,3.907985046680551e-15,-6.637497569116886e-12,-3.318748784558443e-12,-1.3274995138233764e-11,637,3.026693479180054e-11,9.00612917575927e-13,8.881784197001252e-16,2.22044604925031e-14,5.0
126.59999999999708,429.77123084950296,46.32595330684954,-3.073042249855312,4.9999999999999964,3.907985046680551e-15,-5.549712736147311e-12,-2.7748563680736553e-12,-1.1099425472294613e-11,638,2.9061794637463834e-11,-4.3209880118411093e-13,2.6645352591003757e-15,6.661338147750929e-14,5.0
126.69999999999708,429.2724051789945,46.29170494277449,-3.073042249856422,4.9999999999999964,3.907985046680551e-15,-3.543364432277343e-12,-1.7716822161386714e-12,-7.086728864554681e-12,638,2.746013139098835e-11,-1.5418777365994174e-12,2.6645352591003757e-15,6.661338147750929e-14,5.0
126.79999999999707,428.7735795084861,46.25745657869949,-3.0730422498571306,4.9999999999999964,3.907985046680551e-15,-2.9613738362106816e-12,-1.480686918105341e-12,-5.922747672421359e-12,639,2.579568416510858e-11,-2.2506441155201173e-12,-8.881784197001252e-16,-2.22044604925031e-14,5.0
126.89999999999706,428.27475383797764,46.2232082146247,-3.073042249857723,4.9999999999999964,3.907985046680551e-15,-1.5117731627948454e-12,-7.558865813974227e-13,-3.0235463255896888e-12,639,2.3931738535321045e-11,-2.843059121460101e-12,-8.881784197001252e-16,-2.22044604925031e-14,5.0
126.99999999999706,427.7759281674692,46.18895985054984,-3.0730422498580254,4.9999999999999964,3.907985046680551e-15,-1.2635506676049682e-12,-6.317753338024841e-13,-2.5271013352099347e-12,640,2.2136328360622404e-11,-3.1437075165285933e-12,0.0,0.0,5.0
127.09999999999705,427.27710249696077,46.15471148647507,-3.073042249858278,4.9999999999999964,3.907985046680551e-15,-2.337311630789804e-13,-1.168655815394902e-13,-4.674623261579605e-13,640,2.0252008403609523e-11,-3.396394276933279e-12,0.0,0.0,5.0
127.19999999999705,426.7782768264523,46.120463122400174,-3.0730422498583247,4.9999999999999964,3.907985046680551e-15,-1.9539925233402763e-13,-9.769962616701381e-14,-3.90798504668055e-13,641,1.8491488722183202e-11,-3.4448000008069357e-12,-8.881784197001252e-16,-2.22044604925031e-14,5.0
127.29999999999704,426.2794511559439,46.08621475832529,-3.073042249858364,4.9999999999999964,3.907985046680551e-15,5.202855690138104e-13,2.601427845069052e-13,1.0405711380276202e-12,641,1.671969854233346e-11,-3.4838798512737412e-12,-8.881784197001252e-16,-2.22044604925031e-14,5.0
127.39999999999704,425.78062548543545,46.05196639425025,-3.07304224985826,4.9999999999999964,3.907985046680551e-15,4.3614235030537746e-13,2.1807117515268876e-13,8.722847006107543e-13,642,1.5104531340959237e-11,-3.376410262490026e-12,-8.881784197001252e-16,-2.22044604925031e-14,5.0
127.49999999999703,425.281799814927,46.017718030175175,-3.073042249858173,4.9999999999999964,3.907985046680551e-15,9.19498395552709e-13,4.597491977763545e-13,1.838996791105417e-12,642,1.3525916497947321e-11,-3.2893687773594138e-12,-8.881784197001252e-16,-2.22044604925031e-14,5.0
127.59999999999702,424.7829741444186,45.983469666099936,-3.073042249857989,4.9999999999999964,3.907985046680551e-15,7.689755265298456e-13,3.844877632649228e-13,1.5379510530596901e-12,643,1.2111855789143089e-11,-3.107292201320888e-12,8.881784197001252e-16,2.22044604925031e-14,5.0
127.69999999999702,424.28414847391014,45.94922130202464,-3.0730422498578354,4.9999999999999964,3.907985046680551e-15,1.0873173706434168e-12,5.436586853217084e-13,2.174634741286832e-12,643,1.0752104068201263e-11,-2.9536373347127665e-12,8.881784197001252e-16,2.22044604925031e-14,5.0
127.79999999999701,423.78532280340175,45.914972937949194,-3.0730422498576178,4.9999999999999964,3.907985046680551e-15,9.092142243772338e-13,4.546071121886169e-13,1.8184284487544664e-12,644,9.541140447155705e-12,-2.7360336218862358e-12,0.0,0.0,5.0
127.89999999999701,423.2864971328934,45.88072457387368,-3.073042249857436,4.9999999999999964,3.907985046680551e-15,1.1074182506682092e-12,5.537091253341046e-13,2.2148365013364168e-12,644,8.405030144098546e-12,-2.55440113505756e-12,0.0,0.0,5.0
127.999999999997,422.787671462385,45.84647620979803,-3.0730422498572145,4.9999999999999964,3.907985046680551e-15,9.260428681189204e-13,4.630214340594602e-13,1.8520857362378395e-12,645,7.406731478143413e-12,-2.332800619342379e-12,8.881784197001252e-16,2.22044604925031e-14,5.0
128.099999999997,422.2888457918766,45.81222784572231,-3.0730422498570293,4.9999999999999964,3.907985046680551e-15,1.0457132236153585e-12,5.228566118076792e-13,2.0914264472307157e-12,645,6.469106500484045e-12,-2.147615418834903e-12,8.881784197001252e-16,2.22044604925031e-14,5.0
128.199999999997,421.79002012136823,45.77797948164647,-3.07304224985682,4.9999999999999964,3.907985046680551e-15,8.736870875892288e-13,4.368435437946144e-13,1.7473741751784564e-12,646,5.655283533134714e-12,-1.9402257578349236e-12,-8.881784197001252e-16,-2.22044604925031e-14,5.0
128.299999999997,421.29119445085985,45.74373111757057,-3.0730422498566456,4.9999999999999964,3.907985046680551e-15,9.353921146420796e-13,4.676960573210398e-13,1.870784229284158e-12,646,4.9010760727608016e-12,-1.765698698363849e-12,-8.881784197001252e-16,-2.22044604925031e-14,5.0
128.399999999997,420.79236878035147,45.70948275349456,-3.0730422498564587,4.9999999999999964,3.907985046680551e-15,7.815970093361105e-13,3.9079850466805525e-13,1.56319401867222e-12,647,4.2538715605555666e-12,-1.575184427338172e-12,-8.881784197001252e-16,-2.22044604925031e-14,5.0
128.499999999997,420.2935431098431,45.675234389418506,-3.0730422498563024,4.9999999999999964,3.907985046680551e-15,8.073074372747983e-13,4.036537186373992e-13,1.6146148745495956e-12,647,3.657393832234845e-12,-1.41886502547095e-12,-8.881784197001252e-16,-2.22044604925031e-14,5.0
128.59999999999698,419.79471743933476,45.640986025342364,-3.0730422498561407,4.9999999999999964,3.907985046680551e-15,6.745481366459375e-13,3.3727406832296873e-13,1.3490962732918741e-12,648,3.1513923415271705e-12,-1.2589929099249275e-12,8.881784197001252e-16,2.22044604925031e-14,5.0
128.69999999999698,419.29589176882644,45.60673766126617,-3.0730422498560057,4.9999999999999964,3.907985046680551e-15,6.778203729290432e-13,3.389101864645216e-13,1.3556407458580856e-12,648,2.6926065543886324e-12,-1.1239897901305085e-12,8.881784197001252e-16,2.22044604925031e-14,5.0
128.79999999999697,418.7970660983181,45.57248929718991,-3.0730422498558703,4.9999999999999964,3.907985046680551e-15,5.656294146511326e-13,2.828147073255663e-13,1.1312588293022644e-12,649,2.3007429295063275e-12,-9.885425811262394e-13,8.881784197001252e-16,2.22044604925031e-14,5.0
128.89999999999696,418.2982404278098,45.53824093311361,-3.073042249855757,4.9999999999999964,3.907985046680551e-15,5.548777811494995e-13,2.7743889057474973e-13,1.1097555622989981e-12,649,1.9482887525512638e-12,-8.752998326144734e-13,8.881784197001252e-16,2.22044604925031e-14,5.0
128.99999999999696,417.79941475730146,45.50399256903726,-3.073042249855646,4.9999999999999964,3.907985046680551e-15,4.627877028963812e-13,2.313938514481906e-13,9.255754057927617e-13,650,1.6558377932684998e-12,-7.66053886991358e-13,8.881784197001252e-16,2.22044604925031e-14,5.0
129.09999999999695,417.30058908679314,45.469744204960875,-3.0730422498555536,4.9999999999999964,3.907985046680551e-15,4.4782890845932646e-13,2.2391445422966325e-13,8.956578169186523e-13,650,1.3875602056234726e-12,-6.73683331342545e-13,8.881784197001252e-16,2.22044604925031e-14,5.0
129.19999999999695,416.8017634162848,45.43549584088445,-3.073042249855464,4.9999999999999964,3.907985046680551e-15,3.744373232525266e-13,1.8721866162626328e-13,7.488746465050527e-13,651,1.15573262765567e-12,-5.839773109528323e-13,-2.6645352591003757e-15,-6.661338147750929e-14,5.0
129.29999999999694,416.3029377457765,45.401247476807995,-3.073042249855389,4.9999999999999964,3.907985046680551e-15,3.534015185754184e-13,1.767007592877092e-13,7.068030371508363e-13,651,9.583375759625312e-13,-5.089262344881718e-13,-2.6645352591003757e-15,-6.661338147750929e-14,5.0
129.39999999999694,415.80411207526816,45.36699911273151,-3.0730422498553183,4.9999999999999964,3.907985046680551e-15,2.959036524579892e-13,1.479518262289946e-13,5.91807304915978e-13,652,7.937001750280004e-13,-4.3298697960381105e-13,-8.881784197001252e-16,-2.22044604925031e-14,5.0
129.49999999999693,415.30528640475984,45.33275074865501,-3.073042249855259,4.9999999999999964,3.907985046680551e-15,2.753353101070389e-13,1.3766765505351946e-13,5.506706202140774e-13,652,6.485922909860165e-13,-3.739231146937527e-13,-8.881784197001252e-16,-2.22044604925031e-14,5.0
129.59999999999692,414.8064607342515,45.29850238457848,-3.073042249855204,4.9999999999999964,3.907985046680551e-15,2.299914644697167e-13,1.1499573223485836e-13,4.599829289394331e-13,653,5.317534607085506e-13,-3.2240876635114546e-13,1.7763568394002505e-15,4.44089209850062e-14,5.0
129.69999999999692,414.3076350637432,45.26425402050193,-3.073042249855158,4.9999999999999964,3.907985046680551e-15,2.122278960757142e-13,1.061139480378571e-13,4.244557921514281e-13,653,4.274046394581177e-13,-2.7622348852673895e-13,1.7763568394002505e-15,4.44089209850062e-14,5.0
129.7999999999969,413.80880939323487,45.23000565642536,-3.0730422498551153,4.9999999999999964,3.907985046680551e-15,1.767007592877092e-13,8.83503796438546e-14,3.5340151857541815e-13,654,3.403579501570775e-13,-2.3359092438113294e-13,8.881784197001252e-16,2.22044604925031e-14,5.0
129.8999999999969,413.30998372272654,45.19575729234879,-3.07304224985508,4.9999999999999964,3.907985046680551e-15,1.5940465321986464e-13,7.970232660993232e-14,3.188093064397291e-13,654,2.643649188449615e-13,-1.9806378759312793e-13,8.881784197001252e-16,2.22044604925031e-14,5.0
129.9999999999969,412.8111580522182,45.1615089282722,-3.073042249855048,4.9999999999999964,3.907985046680551e-15,1.3369422528117678e-13,6.684711264058839e-14,2.6738845056235337e-13,655,2.0584142029766994e-13,-1.6786572132332367e-13,8.881784197001252e-16,2.22044604925031e-14,5.0
130.0999999999969,412.3123323817099,45.127260564195595,-3.073042249855021,4.9999999999999964,3.907985046680551e-15,1.1780050619180612e-13,5.890025309590306e-14,2.356010123836121e-13,655,1.5731166369548077e-13,-1.412203687323199e-13,8.881784197001252e-16,2.22044604925031e-14,5.0
130.1999999999969,411.81350671120157,45.093012200118984,-3.0730422498549976,4.9999999999999964,3.907985046680551e-15,9.816708849317177e-14,4.908354424658589e-14,1.9633417698634342e-13,656,1.0979411824152407e-13,-1.176836406102666e-13,-2.6645352591003757e-15,-6.661338147750929e-14,5.0
130.29999999999688,411.31468104069324,45.05876383604237,-3.073042249854978,4.9999999999999964,3.907985046680551e-15,8.694799266538072e-14,4.347399633269036e-14,1.738959853307613e-13,656,7.544312397023134e-14,-9.814371537686384e-14,-2.6645352591003757e-15,-6.661338147750929e-14,5.0
130.39999999999688,410.8158553701849,45.02451547196574,-3.0730422498549608,4.9999999999999964,3.907985046680551e-15,7.292412288064189e-14,3.6462061440320945e-14,1.4584824576128368e-13,657,5.2577733833381046e-14,-7.549516567451064e-14,0.0,0.0,5.0
130.49999999999687,410.3170296996766,44.99026710788911,-3.073042249854946,4.9999999999999964,3.907985046680551e-15,6.123756472669287e-14,3.0618782363346434e-14,1.2247512945338566e-13,657,3.506570034339518e-14,-6.084022174945858e-14,0.0,0.0,5.0
130.59999999999687,409.81820402916827,44.95601874381248,-3.0730422498549337,4.9999999999999964,3.907985046680551e-15,5.142085587737569e-14,2.5710427938687844e-14,1.0284171175475131e-13,658,1.764040302720815e-14,-5.3734794391857577e-14,2.6645352591003757e-15,6.661338147750929e-14,5.0
130.69999999999686,409.31937835865995,44.92177037973584,-3.0730422498549235,4.9999999999999964,3.907985046680551e-15,4.394145865884832e-14,2.197072932942416e-14,8.788291731769658e-14,658,4.5553838479150954e-15,-4.3520742565306136e-14,2.6645352591003757e-15,6.661338147750929e-14,5.0
130.79999999999686,408.8205526881516,44.8875220156592,-3.0730422498549146,4.9999999999999964,3.907985046680551e-15,3.739698609263687e-14,1.8698493046318434e-14,7.479397218527368e-14,659,-1.4608106391200693e-14,-3.4638958368304884e-14,-2.6645352591003757e-15,-6.661338147750929e-14,5.0
130.89999999999685,408.3217270176433,44.853273651582555,-3.073042249854907,4.9999999999999964,3.907985046680551e-15,3.0385051200267454e-14,1.5192525600133727e-14,6.077010240053487e-14,659,-2.0605045447652515e-14,-2.708944180085382e-14,-2.6645352591003757e-15,-6.661338147750929e-14,5.0
130.99999999999685,407.822901347135,44.81902528750591,-3.073042249854901,4.9999999999999964,3.907985046680551e-15,2.5242965612529886e-14,1.2621482806264943e-14,5.048593122505974e-14,660,-2.2203593130765142e-14,-1.554312234475219e-14,-8.881784197001252e-16,-2.22044604925031e-14,5.0
131.09999999999684,407.32407567662665,44.78477692342926,-3.073042249854896,4.9999999999999964,3.907985046680551e-15,2.1035804677108237e-14,1.0517902338554118e-14,4.207160935421645e-14,660,-2.55351295663786e-14,-1.0658141036401503e-14,-8.881784197001252e-16,-2.22044604925031e-14,5.0
131.19999999999683,406.8252500061183,44.75052855935262,-3.073042249854892,4.9999999999999964,3.907985046680551e-15,1.8698493046318434e-14,9.349246523159217e-15,3.739698609263684e-14,661,-2.8955136899266876e-14,-1.021405182655144e-14,1.7763568394002505e-15,4.44089209850062e-14,5.0
131.29999999999683,406.32642433561,44.716280195275964,-3.0730422498548884,4.9999999999999964,3.907985046680551e-15,1.3088945132422903e-14,6.5444725662114505e-15,2.6177890264845786e-14,661,-2.6971480604487397e-14,-6.661338147750939e-15,1.7763568394002505e-15,4.44089209850062e-14,5.0
131.39999999999682,405.8275986651017,44.68203183119931,-3.0730422498548857,4.9999999999999964,3.907985046680551e-15,1.0751633501633099e-14,5.3758167508165496e-15,2.1503267003266183e-14,662,-2.8955136899266876e-14,-3.9968028886505635e-15,0.0,0.0,5.0
131.49999999999682,405.32877299459335,44.64778346712266,-3.0730422498548835,4.9999999999999964,3.907985046680551e-15,7.479397218527373e-15,3.7396986092636866e-15,1.4958794437054737e-14,662,-2.6971480604487397e-14,-1.7763568394002505e-15,0.0,0.0,5.0
131.5999999999968,404.829947324085,44.613535103046004,-3.073042249854882,4.9999999999999964,3.907985046680551e-15,6.077010240053491e-15,3.0385051200267454e-15,1.2154020480106974e-14,663,-2.1866189414687653e-14,-4.440892098500626e-16,8.881784197001252e-16,2.22044604925031e-14,5.0
131.6999999999968,404.3311216535767,44.57928673896935,-3.073042249854881,4.9999999999999964,3.907985046680551e-15,4.6746232615796084e-15,2.3373116307898042e-15,9.34924652315921e-15,663,-1.9883400481646163e-14,8.881784197001252e-16,8.881784197001252e-16,2.22044604925031e-14,5.0
131.7999999999968,403.8322959830684,44.5450383748927,-3.07304224985488,4.9999999999999964,3.907985046680551e-15,3.7396986092636866e-15,1.8698493046318433e-15,7.479397218527368e-15,664,-2.1696186514041926e-14,0.0,8.881784197001252e-16,2.22044604925031e-14,5.0
131.8999999999968,403.33347031256005,44.510790010816045,-3.073042249854879,4.9999999999999964,3.907985046680551e-15,1.4023869784738826e-15,7.011934892369413e-16,2.804773956947763e-15,664,-2.0605045447652515e-14,8.881784197001252e-16,8.881784197001252e-16,2.22044604925031e-14,5.0
131.9999999999968,402.8346446420517,44.47654164673939,-3.0730422498548786,4.9999999999999964,3.907985046680551e-15,9.349246523159216e-16,4.674623261579608e-16,1.869849304631842e-15,665,-1.8501693233030636e-14,1.3322676295501878e-15,-8.881784197001252e-16,-2.22044604925031e-14,5.0
132.09999999999678,402.3358189715434,44.44229328266274,-3.0730422498548786,4.9999999999999964,3.907985046680551e-15,-4.674623261579608e-16,-2.337311630789804e-16,-9.34924652315921e-16,665,-1.7406215357951282e-14,1.3322676295501878e-15,-8.881784197001252e-16,-2.22044604925031e-14,5.0
132.19999999999678,401.8369933010351,44.408044918586086,-3.0730422498548786,4.9999999999999964,3.907985046680551e-15,-4.674623261579608e-16,-2.337311630789804e-16,-9.34924652315921e-16,666,-1.8670828771938375e-14,3.1086244689504383e-15,-1.7763568394002505e-15,-4.44089209850062e-14,5.0
132.29999999999677,401.33816763052675,44.37379655450943,-3.0730422498548786,4.9999999999999964,3.907985046680551e-15,-4.674623261579608e-16,-2.337311630789804e-16,-9.34924652315921e-16,666,-1.6688039838896884e-14,3.1086244689504383e-15,-1.7763568394002505e-15,-4.44089209850062e-14,5.0
132.39999999999677,400.83934196001843,44.33954819043278,-3.0730422498548786,4.9999999999999964,3.907985046680551e-15,-4.674623261579608e-16,-2.337311630789804e-16,-9.34924652315921e-16,667,-1.175188418800488e-14,4.884981308350689e-15,8.881784197001252e-16,2.22044604925031e-14,5.0
132.49999999999676,400.3405162895101,44.305299826356126,-3.0730422498548786,4.9999999999999964,3.907985046680551e-15,-9.349246523159216e-16,-4.674623261579608e-16,-1.869849304631842e-15,667,-8.878314750049299e-15,4.884981308350689e-15,8.881784197001252e-16,2.22044604925031e-14,5.0
132.59999999999675,399.8416906190018,44.27105146227947,-3.0730422498548786,4.9999999999999964,3.907985046680551e-15,-9.349246523159216e-16,-4.674623261579608e-16,-1.869849304631842e-15,668,-8.217385105702135e-15,1.3322676295501878e-15,8.881784197001252e-16,2.22044604925031e-14,5.0
132.69999999999675,399.34286494849346,44.23680309820282,-3.0730422498548786,4.9999999999999964,3.907985046680551e-15,-9.349246523159216e-16,-4.674623261579608e-16,-1.869849304631842e-15,668,-7.126244039312724e-15,1.3322676295501878e-15,8.881784197001252e-16,2.22044604925031e-14,5.0
132.79999999999674,398.84403927798513,44.20255473412617,-3.0730422498548786,4.9999999999999964,3.907985046680551e-15,-9.349246523159216e-16,-4.674623261579608e-16,-1.869849304631842e-15,669,-8.387388006347862e-15,3.1086244689504383e-15,-2.6645352591003757e-15,-6.661338147750929e-14,5.0
132.89999999999674,398.3452136074768,44.168306370049514,-3.0730422498548786,4.9999999999999964,3.907985046680551e-15,-2.3373116307898042e-15,-1.1686558153949021e-15,-4.674623261579605e-15,669,-6.404599073306372e-15,3.1086244689504383e-15,-2.6645352591003757e-15,-6.661338147750929e-14,5.0
132.99999999999673,397.8463879369685,44.13405800597286,-3.073042249854879,4.9999999999999964,3.907985046680551e-15,-1.8698493046318433e-15,-9.349246523159216e-16,-3.739698609263684e-15,670,-1.635844237846129e-15,6.217248937900877e-15,0.0,0.0,5.0
133.09999999999673,397.34756226646016,44.09980964189621,-3.0730422498548795,4.9999999999999964,3.907985046680551e-15,-1.4023869784738826e-15,-7.011934892369413e-16,-2.804773956947763e-15,670,2.1198320876436583e-15,5.773159728050814e-15,0.0,0.0,5.0
133.19999999999672,396.84873659595183,44.065561277819555,-3.07304224985488,4.9999999999999964,3.907985046680551e-15,-9.349246523159216e-16,-4.674623261579608e-16,-1.869849304631842e-15,671,5.790506962810582e-15,1.7763568394002505e-15,2.6645352591003757e-15,6.661338147750929e-14,5.0
133.29999999999671,396.3499109254435,44.0313129137429,-3.07304224985488,4.9999999999999964,3.907985046680551e-15,-1.4023869784738826e-15,-7.011934892369413e-16,-2.804773956947763e-15,671,7.771561172376096e-15,1.7763568394002505e-15,2.6645352591003757e-15,6.661338147750929e-14,5.0
133.3999999999967,395.8510852549352,43.99706454966625,-3.0730422498548804,4.9999999999999964,3.907985046680551e-15,-1.4023869784738826e-15,-7.011934892369413e-16,-2.804773956947763e-15,672,5.959642501718321e-15,-4.440892098500626e-16,8.881784197001252e-16,2.22044604925031e-14,5.0
133.4999999999967,395.35225958442686,43.962816185589595,-3.073042249854881,4.9999999999999964,3.907985046680551e-15,-1.8698493046318433e-15,-9.349246523159216e-16,-3.739698609263684e-15,672,7.049916206369744e-15,-8.881784197001252e-16,8.881784197001252e-16,2.22044604925031e-14,5.0
133.5999999999967,394.85343391391854,43.92856782151294,-3.0730422498548813,4.9999999999999964,3.907985046680551e-15,-1.8698493046318433e-15,-9.349246523159216e-16,-3.739698609263684e-15,673,9.1550031444676e-15,-1.3322676295501878e-15,-8.881784197001252e-16,-2.22044604925031e-14,5.0
133.6999999999967,394.3546082434102,43.89431945743629,-3.0730422498548817,4.9999999999999964,3.907985046680551e-15,-9.349246523159216e-16,-4.674623261579608e-16,-1.869849304631842e-15,673,1.0248746296070976e-14,-1.7763568394002505e-15,-8.881784197001252e-16,-2.22044604925031e-14,5.0
133.7999999999967,393.8557825729019,43.860071093359636,-3.0730422498548817,4.9999999999999964,3.907985046680551e-15,-1.4023869784738826e-15,-7.011934892369413e-16,-2.804773956947763e-15,674,8.985000243821872e-15,0.0,-8.881784197001252e-16,-2.22044604925031e-14,5.0
133.89999999999668,393.35695690239356,43.82582272928298,-3.073042249854882,4.9999999999999964,3.907985046680551e-15,-1.8698493046318433e-15,-9.349246523159216e-16,-3.739698609263684e-15,674,1.0966921815125374e-14,-4.440892098500626e-16,-8.881784197001252e-16,-2.22044604925031e-14,5.0
133.99999999999667,392.85813123188524,43.79157436520633,-3.0730422498548826,4.9999999999999964,3.907985046680551e-15,-1.8698493046318433e-15,-9.349246523159216e-16,-3.739698609263684e-15,675,1.6073947728401095e-14,-8.881784197001252e-16,8.881784197001252e-16,2.22044604925031e-14,5.0
134.09999999999667,392.3593055613769,43.75732600112968,-3.073042249854883,4.9999999999999964,3.907985046680551e-15,-2.3373116307898042e-15,-1.1686558153949021e-15,-4.674623261579605e-15,675,1.8058471384918562e-14,-1.3322676295501878e-15,8.881784197001252e-16,2.22044604925031e-14,5.0
134.19999999999666,391.8604798908686,43.72307763705303,-3.0730422498548835,4.9999999999999964,3.907985046680551e-15,-9.349246523159216e-16,-4.674623261579608e-16,-1.869849304631842e-15,676,9.1550031444676e-15,-3.552713678800501e-15,-8.881784197001252e-16,-2.22044604925031e-14,5.0
134.29999999999666,391.36165422036026,43.688829272976385,-3.0730422498548835,4.9999999999999964,3.907985046680551e-15,1.8698493046318433e-15,9.349246523159216e-16,3.739698609263684e-15,676,3.157196726277789e-15,-3.552713678800501e-15,-8.881784197001252e-16,-2.22044604925031e-14,5.0
134.39999999999665,390.86282854985194,43.65458090889973,-3.073042249854883,4.9999999999999964,3.907985046680551e-15,9.349246523159216e-16,4.674623261579608e-16,1.869849304631842e-15,677,4.9231452248221785e-15,4.440892098500626e-16,-8.881784197001252e-16,-2.22044604925031e-14,5.0
134.49999999999665,390.3640028793436,43.62033254482308,-3.073042249854883,4.9999999999999964,3.907985046680551e-15,0.0,0.0,0.0,677,7.792377854087817e-15,4.440892098500626e-16,-8.881784197001252e-16,-2.22044604925031e-14,5.0
134.59999999999664,389.8651772088353,43.586084180746425,-3.073042249854883,4.9999999999999964,3.907985046680551e-15,-4.674623261579608e-16,-2.337311630789804e-16,-9.34924652315921e-16,678,1.2180360886571151e-14,-1.3322676295501878e-15,8.881784197001252e-16,2.22044604925031e-14,5.0
134.69999999999663,389.36635153832697,43.55183581666977,-3.073042249854883,4.9999999999999964,3.907985046680551e-15,-1.4023869784738826e-15,-7.011934892369413e-16,-2.804773956947763e-15,678,1.4165751904826607e-14,-1.3322676295501878e-15,8.881784197001252e-16,2.22044604925031e-14,5.0
134.79999999999663,388.86752586781864,43.517587452593126,-3.0730422498548835,4.9999999999999964,3.907985046680551e-15,0.0,0.0,0.0,679,5.091413401991929e-15,-1.7763568394002505e-15,-1.7763568394002505e-15,-4.44089209850062e-14,5.0
134.89999999999662,388.3687001973103,43.48333908851647,-3.0730422498548835,4.9999999999999964,3.907985046680551e-15,9.349246523159216e-16,4.674623261579608e-16,1.869849304631842e-15,679,7.074202335033419e-15,-1.7763568394002505e-15,-1.7763568394002505e-15,-4.44089209850062e-14,5.0
134.99999999999662,387.869874526802,43.44909072443982,-3.0730422498548835,4.9999999999999964,3.907985046680551e-15,4.674623261579608e-16,2.337311630789804e-16,9.34924652315921e-16,680,1.1842957170493662e-14,1.7763568394002505e-15,8.881784197001252e-16,2.22044604925031e-14,5.0
135.0999999999966,387.37104885629367,43.41484236036317,-3.0730422498548835,4.9999999999999964,3.907985046680551e-15,9.349246523159216e-16,4.674623261579608e-16,1.869849304631842e-15,680,1.559863349598345e-14,1.7763568394002505e-15,8.881784197001252e-16,2.22044604925031e-14,5.0
135.1999999999966,386.87222318578534,43.380593996286514,-3.0730422498548835,4.9999999999999964,3.907985046680551e-15,4.674623261579608e-16,2.337311630789804e-16,9.34924652315921e-16,681,1.94393112717961e-14,-3.552713678800501e-15,2.6645352591003757e-15,6.661338147750929e-14,5.0
135.2999999999966,386.373397515277,43.34634563220986,-3.0730422498548835,4.9999999999999964,3.907985046680551e-15,0.0,0.0,0.0,681,2.053218706166149e-14,-3.552713678800501e-15,2.6645352591003757e-15,6.661338147750929e-14,5.0
135.3999999999966,385.8745718447687,43.31209726813321,-3.0730422498548835,4.9999999999999964,3.907985046680551e-15,-9.349246523159216e-16,-4.674623261579608e-16,-1.869849304631842e-15,682,1.5545724429966157e-14,-3.552713678800501e-15,-2.6645352591003757e-15,-6.661338147750929e-14,5.0
135.4999999999966,385.37574617426037,43.27784890405656,-3.0730422498548835,4.9999999999999964,3.907985046680551e-15,0.0,0.0,0.0,682,9.5513874587283e-15,-3.552713678800501e-15,-2.6645352591003757e-15,-6.661338147750929e-14,5.0
135.59999999999658,384.87692050375205,43.24360053997991,-3.0730422498548835,4.9999999999999964,3.907985046680551e-15,-9.349246523159216e-16,-4.674623261579608e-16,-1.869849304631842e-15,683,1.503831781324294e-14,1.7763568394002505e-15,0.0,0.0,5.0
135.69999999999658,384.3780948332437,43.20935217590326,-3.0730422498548835,4.9999999999999964,3.907985046680551e-15,9.349246523159216e-16,4.674623261579608e-16,1.869849304631842e-15,683,1.170244456893954e-14,1.7763568394002505e-15,0.0,0.0,5.0
135.79999999999657,383.8792691627354,43.17510381182661,-3.0730422498548835,4.9999999999999964,3.907985046680551e-15,4.674623261579608e-16,2.337311630789804e-16,9.34924652315921e-16,684,1.5545724429966157e-14,-3.552713678800501e-15,4.440892098500626e-15,1.110223024625155e-13,5.0
135.89999999999657,383.3804434922271,43.140855447749956,-3.0730422498548835,4.9999999999999964,3.907985046680551e-15,0.0,0.0,0.0,684,1.6639467581569534e-14,-3.552713678800501e-15,4.440892098500626e-15,1.110223024625155e-13,5.0
135.99999999999656,382.88161782171875,43.1066070836733,-3.0730422498548835,4.9999999999999964,3.907985046680551e-15,-9.349246523159216e-16,-4.674623261579608e-16,-1.869849304631842e-15,685,1.1989541304213702e-14,-7.105427357601002e-15,-8.881784197001252e-16,-2.22044604925031e-14,5.0
136.09999999999656,382.3827921512104,43.07235871959666,-3.0730422498548835,4.9999999999999964,3.907985046680551e-15,4.674623261579608e-16,2.337311630789804e-16,9.34924652315921e-16,685,4.215378046623641e-15,-7.105427357601002e-15,-8.881784197001252e-16,-2.22044604925031e-14,5.0
136.19999999999655,381.8839664807021,43.038110355520004,-3.0730422498548835,4.9999999999999964,3.907985046680551e-15,0.0,0.0,0.0,686,4.393187202911264e-15,-1.7763568394002505e-15,-4.440892098500626e-15,-1.110223024625155e-13,5.0
136.29999999999654,381.3851408101938,43.00386199144335,-3.0730422498548835,4.9999999999999964,3.907985046680551e-15,4.674623261579608e-16,2.337311630789804e-16,9.34924652315921e-16,686,6.376843497690743e-15,-1.7763568394002505e-15,-4.440892098500626e-15,-1.110223024625155e-13,5.0
136.39999999999654,380.88631513968545,42.9696136273667,-3.0730422498548835,4.9999999999999964,3.907985046680551e-15,0.0,0.0,0.0,687,1.1144730971412997e-14,1.7763568394002505e-15,0.0,0.0,5.0
136.49999999999653,380.3874894691771,42.935365263290045,-3.0730422498548835,4.9999999999999964,3.907985046680551e-15,0.0,0.0,0.0,687,1.4901274658640773e-14,1.7763568394002505e-15,0.0,0.0,5.0
136.59999999999653,379.8886637986688,42.90111689921339,-3.0730422498548835,4.9999999999999964,3.907985046680551e-15,-4.674623261579608e-16,-2.337311630789804e-16,-9.34924652315921e-16,688,1.8571082172069708e-14,-1.7763568394002505e-15,1.7763568394002505e-15,4.44089209850062e-14,5.0
136.69999999999652,379.3898381281605,42.866868535136746,-3.0730422498548835,4.9999999999999964,3.907985046680551e-15,0.0,0.0,0.0,688,1.3464923620531977e-14,-1.7763568394002505e-15,1.7763568394002505e-15,4.44089209850062e-14,5.0
136.79999999999652,378.89101245765215,42.83262017106009,-3.0730422498548835,4.9999999999999964,3.907985046680551e-15,-4.674623261579608e-16,-2.337311630789804e-16,-9.34924652315921e-16,689,1.1482134687490486e-14,-1.7763568394002505e-15,-8.881784197001252e-16,-2.22044604925031e-14,5.0
136.8999999999965,378.3921867871438,42.79837180698345,-3.0730422498548835,4.9999999999999964,3.907985046680551e-15,1.4023869784738826e-15,7.011934892369413e-16,2.804773956947763e-15,689,6.376843497690743e-15,-1.7763568394002505e-15,-8.881784197001252e-16,-2.22044604925031e-14,5.0
136.9999999999965,377.8933611166355,42.764123442906794,-3.073042249854883,4.9999999999999964,3.907985046680551e-15,4.674623261579608e-16,2.337311630789804e-16,9.34924652315921e-16,690,1.1312999148582747e-14,4.440892098500626e-16,8.881784197001252e-16,2.22044604925031e-14,5.0
137.0999999999965,377.3945354461272,42.72987507883014,-3.073042249854883,4.9999999999999964,3.907985046680551e-15,-4.674623261579608e-16,-2.337311630789804e-16,-9.34924652315921e-16,690,1.4186568586538328e-14,4.440892098500626e-16,8.881784197001252e-16,2.22044604925031e-14,5.0
137.1999999999965,376.89570977561885,42.69562671475349,-3.073042249854883,4.9999999999999964,3.907985046680551e-15,-9.349246523159216e-16,-4.674623261579608e-16,-1.869849304631842e-15,691,1.4846630869147504e-14,-3.1086244689504383e-15,1.7763568394002505e-15,4.44089209850062e-14,5.0
137.2999999999965,376.39688410511053,42.661378350676834,-3.073042249854883,4.9999999999999964,3.907985046680551e-15,-4.674623261579608e-16,-2.337311630789804e-16,-9.34924652315921e-16,691,1.5938639297274904e-14,-3.1086244689504383e-15,1.7763568394002505e-15,4.44089209850062e-14,5.0
137.39999999999648,375.8980584346022,42.62712998660018,-3.073042249854883,4.9999999999999964,3.907985046680551e-15,-9.349246523159216e-16,-4.674623261579608e-16,-1.869849304631842e-15,692,1.4846630869147504e-14,-3.1086244689504383e-15,-1.7763568394002505e-15,-4.44089209850062e-14,5.0
137.49999999999648,375.3992327640939,42.59288162252353,-3.073042249854883,4.9999999999999964,3.907985046680551e-15,-1.8698493046318433e-15,-9.349246523159216e-16,-3.739698609263684e-15,692,1.5938639297274904e-14,-3.1086244689504383e-15,-1.7763568394002505e-15,-4.44089209850062e-14,5.0
137.59999999999647,374.90040709358556,42.55863325844688,-3.0730422498548835,4.9999999999999964,3.907985046680551e-15,-4.674623261579608e-16,-2.337311630789804e-16,-9.34924652315921e-16,693,1.0614772949502083e-14,0.0,-8.881784197001252e-16,-2.22044604925031e-14,5.0
137.69999999999646,374.40158142307723,42.524384894370236,-3.0730422498548835,4.9999999999999964,3.907985046680551e-15,1.4023869784738826e-15,7.011934892369413e-16,2.804773956947763e-15,693,6.3976601794024646e-15,0.0,-8.881784197001252e-16,-2.22044604925031e-14,5.0
137.79999999999646,373.9027557525689,42.49013653029358,-3.073042249854883,4.9999999999999964,3.907985046680551e-15,4.674623261579608e-16,2.337311630789804e-16,9.34924652315921e-16,694,1.0783908488409821e-14,-1.3322676295501878e-15,8.881784197001252e-16,2.22044604925031e-14,5.0
137.89999999999645,373.4039300820606,42.45588816621693,-3.073042249854883,4.9999999999999964,3.907985046680551e-15,0.0,0.0,0.0,694,1.27675647831893e-14,-1.3322676295501878e-15,8.881784197001252e-16,2.22044604925031e-14,5.0
137.99999999999645,372.90510441155226,42.42163980214028,-3.073042249854883,4.9999999999999964,3.907985046680551e-15,-4.674623261579608e-16,-2.337311630789804e-16,-9.34924652315921e-16,695,1.0783908488409821e-14,-1.3322676295501878e-15,0.0,0.0,5.0
138.09999999999644,372.40627874104393,42.387391438063624,-3.073042249854883,4.9999999999999964,3.907985046680551e-15,-9.349246523159216e-16,-4.674623261579608e-16,-1.869849304631842e-15,695,1.27675647831893e-14,-1.3322676295501878e-15,0.0,0.0,5.0
138.19999999999644,371.9074530705356,42.35314307398697,-3.073042249854883,4.9999999999999964,3.907985046680551e-15,-1.8698493046318433e-15,-9.349246523159216e-16,-3.739698609263684e-15,696,1.7871988611251055e-14,-1.3322676295501878e-15,0.0,0.0,5.0
138.29999999999643,371.4086274000273,42.318894709910325,-3.0730422498548835,4.9999999999999964,3.907985046680551e-15,1.4023869784738826e-15,7.011934892369413e-16,2.804773956947763e-15,696,1.27675647831893e-14,-1.7763568394002505e-15,0.0,0.0,5.0
138.39999999999642,370.90980172951896,42.28464634583367,-3.073042249854883,4.9999999999999964,3.907985046680551e-15,4.674623261579608e-16,2.337311630789804e-16,9.34924652315921e-16,697,1.0783908488409821e-14,-1.3322676295501878e-15,0.0,0.0,5.0
138.49999999999642,370.41097605901064,42.25039798175702,-3.073042249854883,4.9999999999999964,3.907985046680551e-15,-4.674623261579608e-16,-2.337311630789804e-16,-9.34924652315921e-16,697,1.27675647831893e-14,-1.3322676295501878e-15,0.0,0.0,5.0
138.5999999999964,369.9121503885023,42.216149617680365,-3.073042249854883,4.9999999999999964,3.907985046680551e-15,-9.349246523159216e-16,-4.674623261579608e-16,-1.869849304631842e-15,698,1.7871988611251055e-14,-1.3322676295501878e-15,8.881784197001252e-16,2.22044604925031e-14,5.0
138.6999999999964,369.413324717994,42.18190125360371,-3.073042249854883,4.9999999999999964,3.907985046680551e-15,-1.8698493046318433e-15,-9.349246523159216e-16,-3.739698609263684e-15,698,1.9855644906030534e-14,-1.3322676295501878e-15,8.881784197001252e-16,2.22044604925031e-14,5.0
138.7999999999964,368.91449904748566,42.147652889527066,-3.0730422498548835,4.9999999999999964,3.907985046680551e-15,-4.674623261579608e-16,-2.337311630789804e-16,-9.34924652315921e-16,699,1.095304402731756e-14,-3.552713678800501e-15,-8.881784197001252e-16,-2.22044604925031e-14,5.0
138.8999999999964,368.41567337697734,42.11340452545042,-3.0730422498548835,4.9999999999999964,3.907985046680551e-15,0.040814323267127486,0.020415663782204746,0.08165698242374698,699,4.957839694341715e-15,-3.552713678800501e-15,-8.881784197001252e-16,-2.22044604925031e-14,5.0
138.9999999999964,367.91765081247627,42.06898014872113,-3.064876551612509,4.9999999999999964,3.907985046680551e-15,0.03423584675857446,0.017122940799805194,0.06848841634003988,700,0.010207122802968234,0.008165698242374564,0.0,0.0,5.0
139.09999999999638,367.4198506389895,42.02212945740782,-3.058027709978505,4.9999999999999964,3.907985046680551e-15,-0.43342984452352373,-0.22738759689641322,-0.9017325575330649,700,0.02285009466125884,0.015014539876378574,0.0,0.0,5.0
139.19999999999638,366.92501297012893,42.09379312656197,3.1349843414477747,4.9999999999999964,3.907985046680551e-15,-0.520105063195527,-0.27888791736565793,-1.1011468193299518,701,-0.08254002225650178,-0.07515871587693113,1.7763568394002505e-15,4.44089209850062e-14,5.0
139.29999999999637,366.44525196218683,42.23460994110625,3.0248696595147795,4.9999999999999964,3.907985046680551e-15,-0.5680610164672902,-0.3089028247608714,-1.216054304908102,701,-0.2558881654638586,-0.1852733978099268,1.7763568394002505e-15,4.44089209850062e-14,5.0
139.39999999999637,365.9898617039591,42.44105536418773,2.903264229023969,4.9999999999999964,3.907985046680551e-15,-0.5875930723295983,-0.321484408144208,-1.2639010652619358,702,-0.4930414613693411,-0.30687882830073754,-2.6645352591003757e-15,-6.661338147750929e-14,5.0
139.49999999999636,365.56618444553226,42.70656916927504,2.7768741224977758,4.9999999999999964,3.907985046680551e-15,-0.532756625206866,-0.2866913041488817,-1.1311205125177373,702,-0.7869521710683245,-0.4332689348269305,-2.6645352591003757e-15,-6.661338147750929e-14,5.0
139.59999999999636,365.16856954825846,43.00972324473168,2.663762071246002,4.9999999999999964,3.907985046680551e-15,-0.5402679569065059,-0.2913622595775978,-1.1490293450805573,703,-1.1166295605105634,-0.5463809860786988,0.05944062085567614,1.4860155213919013,5.0
139.69999999999635,364.8093333848231,43.357501016994725,2.5488591367379465,4.9999999999999964,3.907985046680551e-15,-0.4839739682757147,-0.25702283063435843,-1.0168092407340235,703,-1.4881970232142323,-0.6612839205867544,0.05944062085567614,1.4860155213919013,5.0
139.79999999999634,364.47925029599713,43.733060805139154,2.4471782126645443,4.9999999999999964,3.907985046680551e-15,-0.4792612751189952,-0.2542145582963769,-1.005941151190317,708,-1.5599145198330646,0.810513106437935,-1.432187701766452e-14,-3.580469254416125e-13,5.0
139.89999999999634,364.18785142813385,44.139369431441885,2.3465840975455126,4.9999999999999964,3.907985046680551e-15,-0.42321673676635396,-0.22152209524638136,-0.8788591143263548,708,-1.2958912737043675,0.7099189913189032,-1.432187701766452e-14,-3.580469254416125e-13,5.0
139.99999999999633,363.9246919003965,44.56451301067255,2.258698186112877,4.9999999999999964,3.907985046680551e-15,-0.40848987637080686,-0.21313158544451727,-0.846086640210436,709,-1.0612858673216168,0.6220330798862679,1.4099832412739488e-14,3.524958103184867e-13,5.0
140.09999999999633,363.6961248297262,45.00921189104576,2.1740895220918333,4.9999999999999964,3.907985046680551e-15,-0.3555222184485979,-0.18355981074271321,-0.7301229160911328,709,-0.8624850546407467,0.5374244158652242,1.4099832412739488e-14,3.524958103184867e-13,5.0
140.19999999999632,363.4923663322487,45.46581070259229,2.10107723048272,4.9999999999999964,3.907985046680551e-15,-0.33441516525528314,-0.1720158273656,-0.6846750908979917,710,-0.6892222834401729,0.4644121242560826,1.432187701766452e-14,3.580469254416125e-13,5.0
140.29999999999632,363.31704133506634,45.93406399447929,2.032609721392921,4.9999999999999964,3.907985046680551e-15,-0.28738132000092786,-0.14671962756549395,-0.5847751874530175,710,-0.54509846407822,0.3959446151662833,1.432187701766452e-14,3.580469254416125e-13,5.0
140.3999999999963,363.1620885234561,46.40944765656086,1.9741322026476191,4.9999999999999964,3.907985046680551e-15,-0.26370725988440213,-0.1341863178465377,-0.5351359512503681,711,-0.4217719811341034,0.3374670964209814,-1.4210854715202004e-14,-3.552713678800496e-13,5.0
140.4999999999963,363.0291326689121,46.89144635027535,1.9206186075225824,4.9999999999999964,3.907985046680551e-15,-0.22442431901394974,-0.11364304222102896,-0.45359435353474886,711,-0.3208301624998499,0.28395350129594465,-1.4210854715202004e-14,-3.552713678800496e-13,5.0
140.5999999999963,362.91213784405704,47.37756589417082,1.8752591721691074,4.9999999999999964,3.907985046680551e-15,-0.20117881950438668,-0.10161757121464257,-0.40577110172912884,712,-0.23608600017794007,0.23859406594249832,-1.432187701766452e-14,-3.580469254416125e-13,5.0
140.6999999999963,362.8114093035723,47.86731456556444,1.8346820619961945,4.9999999999999964,3.907985046680551e-15,-0.1700723639868507,-0.08565556168542732,-0.3422034376285107,712,-0.1678117211286412,0.19801695576958545,-1.432187701766452e-14,-3.580469254416125e-13,5.0
140.7999999999963,362.72276527290967,48.35939406709634,1.8004617182333436,4.9999999999999964,3.907985046680551e-15,-0.14907566802758007,-0.07495426813322245,-0.29953641555288835,713,-0.11174916381177932,0.16379661200673445,1.432187701766452e-14,3.580469254416125e-13,5.0
140.89999999999628,362.6457179332356,48.85342211027723,1.7705080766780548,4.9999999999999964,3.907985046680551e-15,-0.12549993395684692,-0.06299802434490491,-0.2518254481347838,713,-0.06738640458863099,0.13384297045144566,1.432187701766452e-14,3.580469254416125e-13,5.0
140.99999999999628,362.577573810507,49.348756722976105,1.7453255318645764,4.9999999999999964,3.907985046680551e-15,-0.10755885902968391,-0.05393542265336341,-0.21563710599148161,714,-0.03199355503679786,0.10866042563793865,1.432187701766452e-14,3.580469254416125e-13,5.0
141.09999999999627,362.51742296127645,49.84512541189277,1.7237618212654282,4.9999999999999964,3.907985046680551e-15,-0.09032853534340957,-0.04525658244707547,-0.18096454102101822,714,-0.004644709154493786,0.08709671503879046,1.432187701766452e-14,3.580469254416125e-13,5.0
141.19999999999627,362.4636725743532,50.34222791229444,1.7056653671633264,4.9999999999999964,3.907985046680551e-15,-0.07558117661934291,-0.037844635284898114,-0.15134240925508455,715,0.016269253909063967,0.06900026093668865,-1.432187701766452e-14,-3.580469254416125e-13,5.0
141.29999999999626,362.4152364494985,50.83987632413663,1.690531126237818,4.9999999999999964,3.907985046680551e-15,-0.06338867702823171,-0.03172620846842562,-0.1268835455529716,715,0.0318445466968704,0.05386602001118024,-1.432187701766452e-14,-3.580469254416125e-13,5.0
141.39999999999625,362.3712889379828,51.33794119564594,1.6778427716825208,4.9999999999999964,3.907985046680551e-15,-0.05161020219209111,-0.025822296244810784,-0.10327770664572851,716,0.042913548132170076,0.04117766545591173,-1.432187701766452e-14,-3.580469254416125e-13,5.0
141.49999999999625,362.33072150436146,51.83629276164065,1.667515001017948,4.9999999999999964,3.907985046680551e-15,-0.04325454277694821,-0.02163739203713497,-0.08654281489093442,716,0.05059093102444371,0.030849894791338928,-1.432187701766452e-14,-3.580469254416125e-13,5.0
141.59999999999624,362.2932161240054,52.3348841238245,1.6588607195288545,4.9999999999999964,3.907985046680551e-15,-0.034061212670488374,-0.01703554735172886,-0.06813889353204507,717,0.05519711724625639,0.0221956133022454,1.4210854715202004e-14,3.552713678800496e-13,5.0
141.69999999999624,362.2577315560661,52.833623379787134,1.65204683017565,4.9999999999999964,3.907985046680551e-15,-0.02853696275369738,-0.014271386882203942,-0.05708360975600948,717,0.05777713877210466,0.015381723949040804,1.4210854715202004e-14,3.552713678800496e-13,5.0
141.79999999999623,362.2242670323548,53.332502248504554,1.646338469200049,4.9999999999999964,3.907985046680551e-15,-0.02150285541485239,-0.010752670643005722,-0.043009853761491836,718,0.058332307191457995,0.00967336297341137,1.4210854715202004e-14,3.552713678800496e-13,5.0
141.89999999999623,362.1918949554831,53.83145319663374,1.6420374838238998,4.9999999999999964,3.907985046680551e-15,-0.01801254580951993,-0.009007003489397097,-0.03602752682411594,718,0.05779265346144828,0.005372377597262279,1.4210854715202004e-14,3.552713678800496e-13,5.0
141.99999999999622,362.16079796136296,54.33048523664389,1.6384347311414882,4.9999999999999964,3.907985046680551e-15,-0.012729367659429851,-0.006364941668411452,-0.025459594767602286,719,0.05597534451660973,0.0017696249148506649,-1.4099832412739488e-14,-3.524958103184867e-13,5.0
142.09999999999621,362.13018039703957,54.82954692096247,1.635888771664728,4.9999999999999964,3.907985046680551e-15,-0.010662435813807783,-0.005331369434469464,-0.021325376713901837,719,0.05367769422640302,-0.0007763345619096196,-1.4099832412739488e-14,-3.524958103184867e-13,5.0
142.1999999999962,362.1003176419692,55.32865434012152,1.6337562339933378,4.9999999999999964,3.907985046680551e-15,-0.006766529490741597,-0.003383303472287467,-0.01353318807062913,720,0.05062386121503405,-0.00290887223327152,-1.4099832412739488e-14,-3.524958103184867e-13,5.0
142.2999999999962,362.07054695860506,55.82776725962174,1.632402915186275,4.9999999999999964,3.907985046680551e-15,-0.005667667496680688,-0.0028338565059472616,-0.011335410851813508,720,0.047477794121940343,-0.004262191040334429,-1.4099832412739488e-14,-3.524958103184867e-13,5.0
142.3999999999962,362.0411775076381,56.32690394966756,1.6312693741010935,4.9999999999999964,3.907985046680551e-15,-0.002849291170362778,-0.0014246484766693688,-0.005698591979011189,721,0.04392980012487855,-0.005395732125515806,1.4210854715202004e-14,3.552713678800496e-13,5.0
142.4999999999962,362.0116704623028,56.82603252456143,1.6306995149031924,4.9999999999999964,3.907985046680551e-15,-0.0023865564027889985,-0.0011932799005211023,-0.004773118469330192,721,0.04051963626272326,-0.005965591323416897,1.4210854715202004e-14,3.552713678800496e-13,5.0
142.5999999999962,361.9823323689963,57.32517105871917,1.6302222030562594,4.9999999999999964,3.907985046680551e-15,-0.00038999795189012613,-0.00019499898335982151,-0.0007799959284961128,722,0.036940231224702136,-0.006442903170378322,1.4099832412739488e-14,3.524958103184867e-13,5.0
142.69999999999618,361.95273424394486,57.82429424090313,1.6301442034634097,4.9999999999999964,3.907985046680551e-15,-0.0003266604495634321,-0.00016333022913883776,-0.0006533209136506026,722,0.033621304520900015,-0.006520902763228031,1.4099832412739488e-14,3.524958103184867e-13,5.0
142.79999999999617,361.92315924372076,58.32341879385734,1.6300788713720447,4.9999999999999964,3.907985046680551e-15,0.001054117815907015,0.000527059054365818,0.0021082361198550103,723,0.030279212911695608,-0.006586234854592865,-1.432187701766452e-14,-3.580469254416125e-13,5.0
142.89999999999617,361.89327226790283,58.82252476324306,1.6302896949840302,4.9999999999999964,3.907985046680551e-15,0.0008829245112467534,0.00044146234165949713,0.001765849309280552,723,0.02724964354938239,-0.006375411242607321,-1.432187701766452e-14,-3.580469254416125e-13,5.0
142.99999999999616,361.86332279082643,59.32162698606204,1.6304662799149583,4.9999999999999964,3.907985046680551e-15,0.00181055093453951,0.0009052762091650379,0.003621104342062503,724,0.02428268651095179,-0.006198826311650807,-1.4210854715202004e-14,-3.552713678800496e-13,5.0
143.09999999999616,361.8330536954494,59.820709926929645,1.6308283903491645,4.9999999999999964,3.907985046680551e-15,0.0015165105693345387,0.0007582557206272123,0.0030330225918685596,724,0.021635923820859968,-0.005836715877444609,-1.4210854715202004e-14,-3.552713678800496e-13,5.0
143.19999999999615,361.8026772530507,60.31978634567451,1.6311316926083514,4.9999999999999964,3.907985046680551e-15,0.0021169820901050557,0.0010584922309907084,0.00423396813333565,725,0.019096704657218043,-0.005533413618257654,1.4210854715202004e-14,3.552713678800496e-13,5.0
143.29999999999615,361.7719996042351,60.81884434016327,1.631555089421685,4.9999999999999964,3.907985046680551e-15,0.0017731767716793131,0.0008865890827332224,0.003546355866336465,725,0.01685925143109242,-0.005110016804924067,1.4210854715202004e-14,3.552713678800496e-13,5.0
143.39999999999614,361.7411964464668,61.317894603635295,1.6319097250083188,4.9999999999999964,3.907985046680551e-15,0.0021423979631110686,0.001071200210722703,0.004284800023444197,726,0.014747543847921847,-0.004755381218318755,1.432187701766452e-14,3.580469254416125e-13,5.0
143.49999999999613,361.7101241819752,61.81692818404784,1.6323382050106632,4.9999999999999964,3.907985046680551e-15,0.0017944651477146492,0.0008972332961537176,0.0035889327030831832,726,0.012905457511283074,-0.004326901215974344,1.432187701766452e-14,3.580469254416125e-13,5.0
143.59999999999613,361.6789249079138,62.31595383999956,1.6326970982809714,4.9999999999999964,3.907985046680551e-15,0.002004166797433886,0.0010020844049811802,0.00400833694908058,727,0.011190626913177633,-0.003968007945666319,-1.4099832412739488e-14,-3.524958103184867e-13,5.0
143.69999999999612,361.64749421687264,62.814964973803875,1.6330979319758794,4.9999999999999964,3.907985046680551e-15,0.001678683025122116,0.0008393421038726807,0.0033573680212824306,727,0.009707667317013509,-0.003567174250758365,-1.4099832412739488e-14,-3.524958103184867e-13,5.0
143.79999999999612,361.6159447164671,63.31396861008738,1.6334336687780076,4.9999999999999964,3.907985046680551e-15,0.0017815562980482294,0.0008907788558444083,0.003563114952163373,728,0.00834375293506659,-0.0032314374486017705,-1.4210854715202004e-14,-3.552713678800496e-13,5.0
143.8999999999961,361.58420201741967,63.81295999383782,1.6337899802732239,4.9999999999999964,3.907985046680551e-15,0.001492224992216979,0.0007461129114575027,0.0029844513689303662,728,0.007173424707311981,-0.00287512595338546,-1.4210854715202004e-14,-3.552713678800496e-13,5.0
143.9999999999961,361.5523537097777,64.31194464821142,1.634088425410117,4.9999999999999964,3.907985046680551e-15,0.0015262367443421294,0.0007631188165730404,0.0030524749700238394,729,0.006108918990501089,-0.002576680816492427,-3.321187769245171e-11,-8.302969423112916e-10,5.0
144.0999999999961,361.5203479984938,64.81091923117654,1.6343936729071193,4.9999999999999964,3.907985046680551e-15,0.001278370037755459,0.0006391852800216621,0.002556740945990553,729,0.005202138487618515,-0.0022714333194899794,-3.321187769245171e-11,-8.302969423112916e-10,5.0
144.1999999999961,361.4882518166786,65.30988800285759,1.6346493470017185,4.9999999999999964,3.907985046680551e-15,0.0012702984960538393,0.0006351495042554821,0.00254059784620275,730,0.004386014802290814,-0.0020157591584670786,-7.133693635807958e-11,-1.7834234089519871e-09,5.0
144.2999999999961,361.4560300762181,65.80884868211167,1.6349034067863388,4.9999999999999964,3.907985046680551e-15,0.0010639969737083134,0.0005319986374216826,0.002127994449308323,730,0.0036957101944946795,-0.0017616993738467368,-7.133693635807958e-11,-1.7834234089519871e-09,5.0
144.39999999999608,361.42373303850866,66.30780449313625,1.6351162062312696,4.9999999999999964,3.907985046680551e-15,0.0010322662109459608,0.0005161332429674608,0.0020645328802068076,731,0.003080860015527563,-0.0015488998526658193,-4.303846168340897e-11,-1.0759615420852228e-09,5.0
144.49999999999608,361.3913377400373,66.80675393409891,1.6353226595192902,4.9999999999999964,3.907985046680551e-15,0.0008646219707206177,0.00043231106615612935,0.0017292442107606164,731,0.0025644768024855177,-0.0013424465646452166,-4.303846168340897e-11,-1.0759615420852228e-09,5.0
144.59999999999607,361.35888125508524,67.30569939863842,1.6354955839403662,4.9999999999999964,3.907985046680551e-15,0.0008215303515980467,0.0004107652451066338,0.0016430609342214452,732,0.0021094091217677656,-0.00116952213374244,-4.913403017781093e-12,-1.2283507544452714e-10,5.0
144.69999999999607,361.3263492408395,67.80463994424392,1.6356598900337884,4.9999999999999964,3.907985046680551e-15,0.0006881104130947342,0.00034405524727455783,0.0013762209619467638,732,0.0017300307138500646,-0.0010052160403202226,-4.913403017781093e-12,-1.2283507544452714e-10,5.0
144.79999999999606,361.29376853209953,68.30357731247564,1.635797512129983,4.9999999999999964,3.907985046680551e-15,0.0006415510352360917,0.0003207755506248661,0.0012831021804949124,733,0.0013994503414212454,-0.0008675939441256109,1.4432899320127035e-14,3.6082248300317537e-13,5.0
144.89999999999606,361.2611307738768,68.80251095208936,1.6359258223480326,4.9999999999999964,3.907985046680551e-15,0.0005373604525168769,0.0002686802456542139,0.0010747209696863361,733,0.0011260411582968742,-0.0007392837260760121,1.4432899320127035e-14,3.6082248300317537e-13,5.0
144.99999999999605,361.2284549895649,69.3014421027701,1.6360332944450013,4.9999999999999964,3.907985046680551e-15,0.0004921262700638674,0.00024606314993033554,0.0009842525897890725,734,0.0008907394267946844,-0.0006318116291361697,1.4210854715202004e-14,3.552713678800496e-13,5.0
145.09999999999604,361.1957368685673,69.80037047895087,1.6361317197039802,4.9999999999999964,3.907985046680551e-15,0.0004122028809201948,0.0002061014492148343,0.0008244057910228448,734,0.0006978651920021405,-0.0005333863701573183,1.4210854715202004e-14,3.552713678800496e-13,5.0
145.19999999999604,361.16298957849745,70.29929694146121,1.6362141602830824,4.9999999999999964,3.907985046680551e-15,0.00037095952125163514,0.00018547976700683007,0.0007419190637733111,735,0.0005342227343986018,-0.0004509457910546466,-1.4432899320127035e-14,-3.6082248300317537e-13,5.0
145.29999999999603,361.13021144540664,70.79822137861686,1.6362883521894598,4.9999999999999964,3.907985046680551e-15,0.0003107141175462183,0.00015535706252277855,0.0006214282475913341,735,0.0004014897239231754,-0.0003767538846772833,-1.4432899320127035e-14,-3.6082248300317537e-13,5.0
145.39999999999603,361.0974113251459,71.29714437078187,1.636350495014219,4.9999999999999964,3.907985046680551e-15,0.0002747119087517392,0.00013735595696731748,0.0005494238261416377,736,0.00029079131377241635,-0.0003146110598897245,-1.4210854715202004e-14,-3.552713678800496e-13,5.0
145.49999999999602,361.06458918159854,71.7960659146071,1.636405437396833,4.9999999999999964,3.907985046680551e-15,0.00023009752333505348,0.00011504876319033721,0.0004601950517461415,736,0.00020216376276568134,-0.00025966867727555965,-1.4210854715202004e-14,-3.552713678800496e-13,5.0
145.59999999999602,361.0317507556698,72.29498638700979,1.6364514569020077,4.9999999999999964,3.907985046680551e-15,0.00019968252882429966,9.984126540739533e-05,0.000399365060966084,737,0.00012985380600158414,-0.00021364917210098255,0.0,0.0,5.0
145.699999999996,360.9988969570154,72.79390584735782,1.6364913934081042,4.9999999999999964,3.907985046680551e-15,0.00016725323328983918,8.36266172297549e-05,0.00033450646852912916,737,7.294985278174203e-05,-0.00017371266600441082,0.0,0.0,5.0
145.799999999996,360.9660313230737,73.29282452821234,1.6365248440549571,4.9999999999999964,3.907985046680551e-15,0.00014222607207901386,7.11130363991301e-05,0.00028445214535677147,738,2.7906828449299897e-05,-0.00014026201915151582,0.0,0.0,5.0
145.899999999996,360.93315524324584,73.79174252084755,1.6365532892694927,4.9999999999999964,3.907985046680551e-15,0.00011912794998318261,5.956397520291638e-05,0.00023825590067078195,738,-6.667662886693584e-06,-0.00011181680461591625,0.0,0.0,5.0
145.999999999996,360.90027073362774,74.29065995793226,1.6365771148595598,4.9999999999999964,3.907985046680551e-15,9.898935540046811e-05,4.949467782148231e-05,0.00019797871120509695,739,-3.279407755588104e-05,-8.799121454883263e-05,0.0,0.0,5.0
146.099999999996,360.8673793607585,74.78957694260083,1.6365969127306803,4.9999999999999964,3.907985046680551e-15,8.29130607285764e-05,4.1456530435537214e-05,0.0001658261216946494,739,-5.2042345923344197e-05,-6.81933434283355e-05,0.0,0.0,5.0
146.19999999999598,360.8344821207656,75.28849354044144,1.6366134953428497,4.9999999999999964,3.907985046680551e-15,6.702669188674507e-05,3.3513345981012864e-05,0.00013405338389895782,740,-6.541075239602234e-05,-5.1610731258922016e-05,2.220446049250313e-16,5.551115123125775e-15,5.0
146.29999999999598,360.8015805704201,75.7874098540501,1.6366269006812397,4.9999999999999964,3.907985046680551e-15,5.6141270402548493e-05,2.8070635223392798e-05,0.00011228254087882542,740,-7.445944505965387e-05,-3.820539286891744e-05,2.220446049250313e-16,5.551115123125775e-15,5.0
146.39999999999597,360.76867504739073,76.28632590566015,1.6366381289353276,4.9999999999999964,3.907985046680551e-15,4.3837253426486035e-05,2.19186267237733e-05,8.767450688807297e-05,741,-7.952682386188833e-05,-2.697713878152541e-05,0.0,0.0,5.0
146.49999999999596,360.7357669917414,76.78524179022726,1.6366468963860163,4.9999999999999964,3.907985046680551e-15,3.671789591569008e-05,1.835894796403294e-05,7.343579185200644e-05,741,-8.205607986459806e-05,-1.8209688092740706e-05,0.0,0.0,5.0
146.59999999999596,360.7028563378524,77.28415750340996,1.6366542399652015,4.9999999999999964,3.907985046680551e-15,2.735484437600704e-05,1.3677422190562183e-05,5.470968876054292e-05,742,-8.19814499061905e-05,-1.0866108907103822e-05,-2.220446049250313e-16,-5.551115123125775e-15,5.0
146.69999999999595,360.66994435582325,77.78307312898097,1.6366597109340777,4.9999999999999964,3.907985046680551e-15,2.2912300615884924e-05,1.1456150309446007e-05,4.582460123678163e-05,742,-8.057579328627548e-05,-5.395140030950429e-06,-2.220446049250313e-16,-5.551115123125775e-15,5.0
146.79999999999595,360.6370307524697,78.28198864759538,1.6366642933942013,4.9999999999999964,3.907985046680551e-15,1.5910999355398885e-05,7.955499678202946e-06,3.1821998712476094e-05,743,-7.754528817432299e-05,-8.126799073693292e-07,0.0,0.0,5.0
146.89999999999594,360.60411660938456,78.78090413060325,1.6366674755940724,4.9999999999999964,3.907985046680551e-15,1.3326984981798775e-05,6.663492491195261e-06,2.665396996458378e-05,743,-7.397387828193998e-05,2.369519963796307e-06,0.0,0.0,5.0
146.99999999999594,360.57120152325314,79.27981955139614,1.636670140991069,4.9999999999999964,3.907985046680551e-15,8.185351856634781e-06,4.092675928385943e-06,1.637070371349806e-05,744,-6.945737208262706e-05,5.0349169602448285e-06,0.0,0.0,5.0
147.09999999999593,360.53828638993406,79.77873496907593,1.6366717780614402,4.9999999999999964,3.907985046680551e-15,6.856015695127889e-06,3.428007847604228e-06,1.3712031390390048e-05,744,-6.48935756487317e-05,6.671987331507978e-06,0.0,0.0,5.0
147.19999999999592,360.5053707714685,80.27765035474872,1.6366731492645792,4.9999999999999964,3.907985046680551e-15,3.1522140469642386e-06,1.5761070234860345e-06,6.304428093941524e-06,745,-5.9843578075702286e-05,8.043190470541361e-06,0.0,0.0,5.0
147.29999999999592,360.4724553928304,80.77656575624391,1.6366737797073885,4.9999999999999964,3.907985046680551e-15,2.6402809956984538e-06,1.3201404978515274e-06,5.280561991404572e-06,745,-5.50339293144686e-05,8.67363327983206e-06,0.0,0.0,5.0
147.3999999999959,360.4395398273603,81.27548114541304,1.6366743077635877,4.9999999999999964,3.907985046680551e-15,2.8786178119551214e-08,1.4393089059775609e-08,5.7572356239102395e-08,746,-5.0037042411899685e-05,9.201689479043651e-06,0.0,0.0,5.0
147.4999999999959,360.40662464989236,81.77439656018016,1.6366743135208233,4.9999999999999964,3.907985046680551e-15,2.4111182524228825e-08,1.2055591262114414e-08,4.822236504845762e-08,746,-4.542900114083877e-05,9.207446714620815e-06,0.0,0.0,5.0
147.5999999999959,360.37370947071827,82.27331197483473,1.6366743183430599,4.9999999999999964,3.907985046680551e-15,-1.7719998530469054e-06,-8.859999265241482e-07,-3.5439997060961267e-06,747,-4.081925000493786e-05,9.21226895123084e-06,2.220446049250313e-16,5.551115123125775e-15,5.0
147.6999999999959,360.340794737192,82.77222741889003,1.6366739639430892,4.9999999999999964,3.907985046680551e-15,-1.4842194932718177e-06,-7.421097466363176e-07,-2.968438986544996e-06,747,-3.665611550068056e-05,8.857868980527428e-06,2.220446049250313e-16,5.551115123125775e-15,5.0
147.7999999999959,360.30788010869236,83.27114286987418,1.6366736670991906,4.9999999999999964,3.907985046680551e-15,-2.6826035727199354e-06,-1.341301786362381e-06,-5.365207145447911e-06,748,-3.259823587767677e-05,8.561025081510465e-06,0.0,0.0,5.0
147.89999999999588,360.2749659272389,83.77005835035084,1.636673130578476,4.9999999999999964,3.907985046680551e-15,-2.2469372722612293e-06,-1.1234686361320328e-06,-4.4938745445271826e-06,748,-2.898837424120549e-05,8.024504366987983e-06,0.0,0.0,5.0
147.99999999999588,360.2420519047836,84.26897384131681,1.6366726811910217,4.9999999999999964,3.907985046680551e-15,-3.015589937513414e-06,-1.507794968760135e-06,-6.03117987503825e-06,749,-2.5537856374276136e-05,7.575116913072222e-06,-2.220446049250313e-16,-5.551115123125775e-15,5.0
148.09999999999587,360.209138298281,84.76788935972347,1.6366720780730342,4.9999999999999964,3.907985046680551e-15,-2.5258452284046177e-06,-1.262922614204323e-06,-5.051690456815946e-06,749,-2.2504195405622686e-05,6.97199892552014e-06,-2.220446049250313e-16,-5.551115123125775e-15,5.0
148.19999999999587,360.1762248705127,85.26680488992126,1.6366715729039885,4.9999999999999964,3.907985046680551e-15,-2.992175673769487e-06,-1.4960878368880923e-06,-5.984351347550132e-06,750,-1.9649657242340468e-05,6.466829879814284e-06,2.220446049250313e-16,5.551115123125775e-15,5.0
148.29999999999586,360.1433118111109,85.76572044442003,1.6366709744688537,4.9999999999999964,3.907985046680551e-15,-2.506233543263438e-06,-1.2531167716336868e-06,-5.012467086533432e-06,750,-1.7164286214726467e-05,5.868394745034422e-06,2.220446049250313e-16,5.551115123125775e-15,5.0
148.39999999999586,360.11039892905563,86.26463601061818,1.636670473222145,4.9999999999999964,3.907985046680551e-15,-2.7651867107078986e-06,-1.3825933553565922e-06,-5.530373421424604e-06,751,-1.4856647245421045e-05,5.367148036006242e-06,0.0,0.0,5.0
148.49999999999585,360.07748636167804,86.76355159757514,1.636669920184803,4.9999999999999964,3.907985046680551e-15,-2.316108556399828e-06,-1.1580542782014671e-06,-4.63221711280483e-06,751,-1.2864369910408312e-05,4.814110693862617e-06,0.0,0.0,5.0
148.59999999999584,360.0445739581933,87.2624671953438,1.6366694569630917,4.9999999999999964,3.907985046680551e-15,-2.4371590259300244e-06,-1.218579512966822e-06,-4.874318051866077e-06,752,-1.1036341679340061e-05,4.350888983095658e-06,-4.440892098500626e-16,-1.110223024625155e-14,5.0
148.69999999999584,360.01166181601417,87.76138281035017,1.6366689695312866,4.9999999999999964,3.907985046680551e-15,-2.041353970301578e-06,-1.0206769851518523e-06,-4.082707940606698e-06,752,-9.470186954583897e-06,3.863457177954999e-06,-4.440892098500626e-16,-1.110223024625155e-14,5.0
148.79999999999583,359.9787498182857,88.26029843488554,1.6366685612604925,4.9999999999999964,3.907985046680551e-15,-2.074350986882468e-06,-1.0371754934423498e-06,-4.148701973768652e-06,753,-8.048796855689155e-06,3.4551863843379493e-06,0.0,0.0,5.0
148.89999999999583,359.9458380324812,88.75921407340087,1.6366681463902952,4.9999999999999964,3.907985046680551e-15,-1.7374675144210298e-06,-8.687337572111704e-07,-3.474935028844243e-06,753,-6.839791395072542e-06,3.0403161870307116e-06,0.0,0.0,5.0
148.99999999999582,359.9129263696238,89.25812972002659,1.6366677988967924,4.9999999999999964,3.907985046680551e-15,-1.7174014769345358e-06,-8.587007384679011e-07,-3.4348029538711803e-06,754,-5.754000179679364e-06,2.6928226837252822e-06,4.440892098500626e-16,1.110223024625155e-14,5.0
149.09999999999582,359.88001487513066,89.75704537775866,1.636667455416497,4.9999999999999964,3.907985046680551e-15,-1.438488133987735e-06,-7.192440669942396e-07,-2.8769762679767083e-06,754,-4.836939183829048e-06,2.3493423884080045e-06,4.440892098500626e-16,1.110223024625155e-14,5.0
149.1999999999958,359.8471034824281,90.25596104220544,1.6366671677188702,4.9999999999999964,3.907985046680551e-15,-1.3892957381001409e-06,-6.946478690504056e-07,-2.7785914762013973e-06,755,-4.021890009354295e-06,2.0616447611310207e-06,0.0,0.0,5.0
149.2999999999958,359.814192220991,90.75487671531124,1.6366668898597225,4.9999999999999964,3.907985046680551e-15,-1.1636681662700196e-06,-5.818340831352066e-07,-2.327336332540694e-06,755,-3.338391561323595e-06,1.7837856134406138e-06,0.0,0.0,5.0
149.3999999999958,359.7812810418976,91.25379239384888,1.6366666571260893,4.9999999999999964,-0.016789854784515425,-1.1012124608673946e-06,-5.506062304338643e-07,-2.2024249217353444e-06,756,-2.7374157937874732e-06,1.5510519806305467e-06,-2.220446049250313e-16,-5.551115123125775e-15,5.0
149.4999999999958,359.74836996333863,91.75270807901832,1.636666436883597,4.998321014521545,-0.061413162517483064,-9.224849678305847e-07,-4.6124248391539044e-07,-1.8443504001154639e-06,756,-2.237192930322311e-06,1.3308094883868193e-06,-2.220446049250313e-16,-5.547387652395416e-15,5.0
149.5999999999958,359.7154700014998,92.25145623405558,1.6366662524485571,4.992179698269796,-0.09855201448177892,0.006729361424578402,0.0033647188045274994,0.013437799369412794,757,-1.8025554541327427e-06,1.1463744484796479e-06,2.220446049250313e-16,5.533764144653366e-15,5.0
149.69999999999578,359.6809344289652,92.74947819705308,1.6380100323854985,4.982324496821618,-0.1291000360550556,0.005643474697687327,0.0028217598162643726,0.0112471235198142,757,0.0016784946532156344,0.0013449263113898269,2.220446049250313e-16,5.511936993858054e-15,5.0
149.79999999999578,359.6460690060777,93.24648923938832,1.63913474473748,4.969414493216112,-0.15332878346314793,0.4111220095158079,0.2146255217903921,0.8467149088318475,758,0.0037544668827317607,0.00246963866337091,0.0,0.0,5.0
149.89999999999577,359.5073214919671,93.72366837910631,1.7238062356206647,4.954081614869797,-0.19138673828950106,0.5013729113780069,0.2674765017494031,1.0474851344525526,758,0.11079261420411868,0.08714112954655562,0.0,0.0,5.0
149.99999999999577,359.3050936308385,94.17592178003466,1.82855474906592,4.934942941040847,-0.23459778537108297,0.5518516051220889,0.2986227609453277,1.1615047523458286,759,0.2828140883724442,0.19188964299181133,-4.440892098500626e-16,-1.0815198439630475e-14,5.0
150.09999999999576,359.0444710698237,94.59498323018654,1.9447052243005027,4.911483162503739,-0.28192789319105044,0.5734521009725579,0.31235386985405583,1.2074368931538293,759,0.5152883624583701,0.3080401182263941,-4.440892098500626e-16,-1.0712616063360926e-14,5.0
150.19999999999575,358.7332547339672,94.97494515045176,2.0654489136158856,4.883290373184634,-0.33208126759127893,0.5186438117130518,0.27799170457525585,1.0720776049241305,759,0.8008202719241957,0.4287838075417769,-4.440892098500626e-16,-1.0589984386672012e-14,5.0
150.29999999999575,358.39238584585615,95.3246216435226,2.1726566741082984,4.850082246425506,-0.3815589726033379,0.5294653241604812,0.28465359640579896,1.0896194937294879,760,1.1179338521068374,0.5359915680341902,0.00875407665720962,0.20592475214611253,5.0
150.39999999999574,358.0165661335161,95.6312036419954,2.281618623481247,4.811926349165172,-0.43191003098619657,0.47417314856430437,0.2511933938622043,0.9568422268708624,760,1.4727589930000529,0.6449535174071388,0.00875407665720962,0.2026974514211456,5.0
150.49999999999574,357.62182170807324,95.90638211222827,2.3773028461683334,4.768735346066553,-0.560767057334219,0.47466987838934194,0.25148784513803485,0.9493418126799691,764,1.6512675934781724,-0.8035279397050292,0.0,0.0,4.258947112126354
150.59999999999573,357.2062868762796,96.14034615129087,2.4722370274363303,4.712658640333131,-0.5199930337308154,0.42059685355223875,0.22002370283368158,0.8228405836221996,764,1.4011830133332535,-0.7085937584370328,0.0,0.0,4.258947112126354
150.69999999999573,356.7818000439796,96.34504701549758,2.5545210857985503,4.660659336960049,-0.680407365950388,0.4117298544535327,0.2149708686244368,0.7953656302677082,765,1.1799879140364906,-0.6263097000748115,-4.440892098500626e-16,-9.646392775760797e-15,4.04210718609606
150.79999999999572,356.3476290324131,96.51449608533055,2.6340576488253213,4.59261860036501,-0.605562555695845,0.3609366243406733,0.18654197205206877,0.6814048908967933,765,0.9936375836094883,-0.5467731370480404,-4.440892098500626e-16,-9.366794277285113e-15,4.04210718609606
150.8999999999957,355.91182508548616,96.65939734801333,2.702198137915001,4.532062344795426,-0.6425008494310878,0.3152721772354659,0.16165232690229,0.5835454853807535,765,0.8317521085809716,-0.4786326479583618,-4.440892098500626e-16,-9.121409892781702e-15,4.04210718609606
150.9999999999957,355.475987097516,96.78365972853642,2.7605526864530763,4.467812259852317,-0.7203423119441464,0.30732167504729724,0.15737618017770044,0.560182717297266,766,0.6904882942546456,-0.42027809942028593,0.0010699614723412854,0.021357871572595562,3.8129556126303656
151.0999999999957,355.0403345867583,96.8827574266095,2.816570958182803,4.395778028657903,-0.7189024927524325,0.26685841884883,0.13584754225099216,0.4762565028785073,766,0.5743770686128098,-0.3642598276905593,0.0010699614723412854,0.0206747205259098,3.8129556126303656
151.1999999999957,354.6085989095915,96.9654190853976,2.8641966084706536,4.32388777938266,-0.8302425648921563,0.25386817031437936,0.1290126234978103,0.4450319457446254,767,0.47539791596070025,-0.3187741003473912,0.0040508950824791334,0.07573555685819208,3.5691218112988814
151.2999999999957,354.1809614944171,97.02934323130434,2.908699803045116,4.240863522893444,-0.7830943930223656,0.2195251389402044,0.11110104241505281,0.37615652631176555,767,0.39383873022615556,-0.27427090577292823,0.0040508950824791334,0.0728550378400648,3.5691218112988814
151.39999999999569,353.7600165444292,97.08086587950659,2.9463154556762925,4.162554083591208,-0.9407134363594123,0.20514688681951512,0.10366409297725536,0.34458796911686224,768,0.32528032596266016,-0.24261712036202798,0.0048918569881646334,0.08476050404668742,3.3073600505371967
151.49999999999568,353.34550672237447,97.11894700880141,2.980774252587979,4.068482739955266,-0.8372349583598766,0.177047046558454,0.08922269772938052,0.29001565945905017,768,0.26762632561541655,-0.20815832345034124,0.0048918569881646334,0.08097271622078198,3.3073600505371967
151.59999999999567,352.9397007439181,97.14805071822494,3.0097758185338837,3.9847592441192785,-0.8666716595975222,0.15320088790122244,0.0770525555021894,0.24538572485014107,768,0.21935157290948526,-0.17915675750443683,0.0048918569881646334,0.07767440330902509,3.3073600505371967
151.69999999999567,352.541822209995,97.16986205883462,3.034314391018898,3.898092078159526,-0.9625828185642469,0.14250383946052633,0.07161549735515876,0.2231401886692699,769,0.17568202799209184,-0.15844003177547616,0.0019109233780267854,0.02903671357476764,3.0230167885556654
151.79999999999566,352.15226086198027,97.18376078651168,3.0566284098858247,3.8018337963031015,-0.9181428193695429,0.12338181350689292,0.06192658404925573,0.18822730471669907,769,0.14187953241002177,-0.13612601290854975,0.0019109233780267854,0.027620372260895518,3.0230167885556654
151.89999999999566,351.7721783659657,97.19251854709681,3.0754511403574947,3.710019514366147,-1.1011317178915772,0.10727305931431937,0.053791280228143654,0.15957637773623998,770,0.11369602038060533,-0.11730328243687893,3.1199416348215436e-06,4.294364041396629e-05,2.7089906799192587
151.99999999999565,351.40120470830965,97.19710039116319,3.0914087781311186,3.5999063425769893,-0.9800072289235038,0.09438195182523053,0.04729630408438432,0.13615903551780964,770,0.09014878178287401,-0.10134564466325546,3.1199416348215436e-06,4.043233973366151e-05,2.7089906799192587
152.09999999999565,351.04121557486417,97.19813988836911,3.1050246816828997,3.501905619684639,-0.9824526029772966,0.08293230238739867,0.0415375725714504,0.11633506681318286,770,0.0707009975180963,-0.08772974111147391,3.1199416348215436e-06,3.826091431163716e-05,2.7089906799192587
152.19999999999564,350.69102933720285,97.196399588283,3.116658188364218,3.4036603593869095,-1.1552539237271047,0.07332033330649668,0.03670950302015675,0.09993489549350701,771,0.05453289390541528,-0.07610247431342554,0.0005834196196883301,0.006758860193661584,2.353429519634996
152.29999999999563,350.3506868971248,97.1923918579603,3.1266516779135687,3.288134967014199,-1.028175992117123,0.06535407578031971,0.0327119673520625,0.08603374530778828,771,0.04112833193061272,-0.06610898476407456,0.0005834196196883301,0.0063078346576287865,2.353429519634996
152.39999999999563,350.0219253200472,97.18654882360515,3.1352550524443474,3.1853173678024866,-1.0512062565199725,0.05863924509099848,0.02934484855394562,0.07476739290746151,771,0.030148983110757015,-0.05750561023329581,0.0005834196196883301,0.00591951941059497,2.353429519634996
152.49999999999562,349.7034778842972,97.17922093165255,-3.140453515444493,3.0801967421504894,-1.2613071776564242,0.053060470953904273,0.02654892202336676,0.06541303752232652,772,0.021599044011848093,-0.05118947029865728,0.0011574794061182114,0.010981715468925948,1.933553853371922
152.59999999999562,349.3955762708969,97.17069355403258,-3.13391221169226,2.954066024384847,-1.1225633881142176,0.048550061968578216,0.024289344137948643,0.05739621693375824,772,0.014010038366512904,-0.04464816654642467,0.0011574794061182114,0.010100751070827252,1.933553853371922
152.6999999999956,349.1003206183034,97.16125107682538,-3.1281725899988846,2.841809685573425,-1.1240503553797399,0.044852947076333465,0.02243775853435988,0.051006791448570885,772,0.0079963232583549,-0.038908544853049065,0.0011574794061182114,0.009347667435774212,1.933553853371922
152.7999999999956,348.81632232775814,97.15106314977561,-3.1230719108540277,2.729404650035451,-1.4707632825187147,0.04195914324012021,0.020988809685182883,0.045826198992908414,773,0.0027143651563460852,-0.03496222516432157,0.0005771797280542668,0.00429978681313087,1.3923471204729831
152.8999999999956,348.543594865723,97.14028219952904,-3.118489290954737,2.5823283217835793,-1.3089793214416559,0.03997982562872852,0.01999790390871936,0.04131016934930766,773,-0.0010994212483925302,-0.030379605265030918,0.0005771797280542668,0.0038488765890500095,1.3923471204729831
152.9999999999956,348.28560185845623,97.12915548319816,-3.114358274019806,2.451430389639414,-1.20255611421245,0.038773696770830875,0.019394137669656693,0.0380323184677839,773,-0.003780269235018132,-0.02624858833010002,0.0005771797280542668,0.0034685678988889746,1.3923471204729831
153.0999999999956,348.04072526849046,97.11772896845372,-3.110555042173028,2.331174778218169,-2.564292256039986,0.03856211037445528,0.01928822576020285,0.035969149929171995,773,-0.005460576942486488,-0.0224453564833218,0.0005771797280542668,0.003136611573285569,1.3923471204729831
153.19999999999558,347.80790293550757,97.10600208777682,-3.1069581271801106,2.0747455526141705,-2.2822201078755877,0.040475970933732425,0.020246277857123553,0.03360240417291024,774,-0.006196558071182138,-0.01884844149038356,-3.410605131648481e-13,-1.4681185489595053e-12,0.3723311750168228
153.29999999999558,347.6007407484167,97.09462143223175,-3.1035978867628193,1.8465235418266117,-2.031175896009273,0.04508230015474693,0.02255260913502014,0.033312314904440116,774,-0.005906542687114739,-0.015488201073092345,-3.410605131648481e-13,-1.162896702630824e-12,0.3723311750168228
153.39999999999557,347.4164267572016,97.083448046552,-3.1002666552723754,1.6434059522256843,-1.8077465474482528,0.05857636746162745,0.02931332863193756,0.03853344000325415,774,-0.004602093957573505,-0.012156969582648447,-3.410605131648481e-13,-9.211304781538757e-13,0.3723311750168228
153.49999999999557,347.25249601426964,97.0718487896838,-3.09641331127205,1.462631297480859,-1.6088944272289452,0.23699450905092895,0.12018475032624139,0.1402904771431382,775,-0.0017827460124248485,-0.00830362558229547,-3.5749964422551343e-13,-7.64795525567556e-13,0.0
153.59999999999556,347.10822813492194,97.0477722012164,-3.0823842635577363,1.3017418547579647,-1.4319160402337612,-0.12609620468045882,-0.06329972166942129,-0.0658759045692345,775,0.014547219554291889,0.00572542213201821,-3.5749964422551343e-13,-6.057945358020612e-13,0.0
153.69999999999555,346.9780550389371,97.04830478549398,-3.08897185401466,1.1585502507345886,-1.2744052758080475,-0.037568055460144495,-0.018790657819877994,-0.017414912185595568,775,0.0070566718864749425,-0.0008621683249052658,-3.5749964422551343e-13,-4.798498518088127e-13,0.0
153.79999999999555,346.8622663043331,97.04438614113987,-3.0907133452332194,1.0311097231537838,-1.1342206954691623,-0.021601758171252386,-0.010802139252266066,-0.008910379362335926,775,0.004779939785708804,-0.0026036595434648646,-3.5749964422551343e-13,-3.8008906761776046e-13,0.0
153.89999999999554,346.7592381282988,97.04025485140528,-3.091604383169453,0.9176876536068675,-1.0094564189675543,-0.015406579749570801,-0.007703747020332378,-0.005655650879606041,775,0.003397696239839064,-0.0034946974796983277,-3.5749964422551343e-13,-3.0106855046002806e-13,0.0
153.99999999999554,346.6675513911157,97.03637560914204,-3.0921699482574136,0.8167420117101121,-0.8984162128811234,-0.012230005926229135,-0.006115231631568418,-0.003995628364305468,775,0.002370050293106732,-0.004060262567659123,-3.5749964422551343e-13,-2.384763988193882e-13,0.0
154.09999999999553,346.5859537694791,97.03283961138064,-3.0925695110938443,0.7269003904219997,-0.7995904294641998,-0.010341286381012898,-0.005170781434197185,-0.0030069010353595514,775,0.0015389892744730113,-0.0044598254040897345,-3.5749964422551343e-13,-1.8889715550483738e-13,0.0
154.19999999999553,346.51333361178445,97.02965300309582,-3.09287020119738,0.6469413474755797,-0.7116354822231378,-0.00911004250310529,-0.0045551157620902245,-0.0023575060305273364,775,0.0008389509087708691,-0.004760515507625573,-3.5749964422551343e-13,-1.4962543687538168e-13,0.0
154.29999999999552,346.4487025679386,97.02679656438119,-3.0931059518004327,0.575777799253266,-0.6333555791785926,-0.008255573725167178,-0.004127857195591846,-0.001901377425697006,775,0.0002362929207752676,-0.00499626611067816,-3.5749964422551343e-13,-1.1851830854898985e-13,0.0
154.39999999999552,346.391181426828,97.02424331812182,-3.0932960895430024,0.5124422413354067,-0.5636864654689474,-0.007635200818010347,-0.003817656047802653,-0.0015650587757628776,775,-0.0002890465538412032,-0.005186403853247867,-3.5749964422551343e-13,-9.387835220165485e-14,0.0
154.4999999999955,346.33998788443927,97.02196478246356,-3.0934525954205787,0.45607359478851195,-0.5016809542673631,-0.00716922369765162,-0.003584657909680091,-0.0013078914541417958,775,-0.0007504463829529837,-0.005342909730824186,-3.5749964422551343e-13,-7.43610427789308e-14,0.0
