time,horizon_index,x,y,v,yaw
0.0,0,-6.836429648271634e-08,0.0,-8.811992523465637e-08,0.0
0.0,1,-1.453840524400321e-07,0.0,0.199999849782376,0.0
0.0,2,0.019999771723777888,0.0,0.40000000353658516,0.0
0.0,3,0.059999705125459456,0.0,0.6000004977169484,0.0
0.0,4,0.11999968991094732,0.0,0.8000010059225291,0.0
0.0,5,0.1999997290817362,0.0,1.0000010266422033,0.0
0.0,6,0.2999997761671247,0.0,1.2000000747204222,0.0
0.0,7,0.41999973696548426,0.0,1.3999986314449318,0.0
0.0,8,0.5599995661485812,0.0,1.5853637904275613,0.0
0.1,0,-5.656537535832445e-08,0.0,0.1999999244418681,0.0
0.1,1,0.019999879435673943,0.0,0.39999965021975303,0.0
0.1,2,0.05999978827815086,0.0,0.5999995448169027,0.0
0.1,3,0.1199996873106199,0.0,0.7999997295325265,0.0
0.1,4,0.19999960639728598,0.0,0.9999998775565071,0.0
0.1,5,0.29999954318501576,0.0,1.199999597859482,0.0
0.1,6,0.419999456799609,0.0,1.3999985595829196,0.0
0.1,7,0.5599992739515243,0.0,1.599997262869162,0.0
0.1,8,0.7199989719904039,0.0,1.780484520380199,0.0
0.2,0,0.01999995488844876,0.0,0.39999973321643684,0.0
0.2,1,0.059999883189968545,0.0,0.5999993453923356,0.0
0.2,2,0.11999977290641795,0.0,0.7999990803454415,0.0
0.2,3,0.19999963667248705,0.0,0.9999990555619663,0.0
0.2,4,0.2999994991778325,0.0,1.1999989559647375,0.0
0.2,5,0.4199993539809965,0.0,1.3999984893588846,0.0
0.2,6,0.5599991659056576,0.0,1.5999974582418028,0.0
0.2,7,0.7199988805836646,0.0,1.799996333070644,0.0
0.2,8,0.8999984912029985,0.0,1.9756056715825763,0.0
0.30000000000000004,0,0.05999994512225618,0.0,0.5999994165180521,0.0
0.30000000000000004,1,0.11999985239772434,0.0,0.7999990163033863,0.0
0.30000000000000004,2,0.19999971979302486,0.0,0.9999987097996245,0.0
0.30000000000000004,3,0.2999995569386231,0.0,1.1999985706523508,0.0
0.30000000000000004,4,0.4199993810618498,0.0,1.3999983312863702,0.0
0.30000000000000004,5,0.5599991829289219,0.0,1.599997724702383,0.0
0.30000000000000004,6,0.7199989269942223,0.0,1.799996762520674,0.0
0.30000000000000004,7,0.89999857932226,0.0,1.9999958157503477,0.0
0.30000000000000004,8,1.0999981434668245,0.0,2.1707272338832,0.0
0.4,0,0.11999989984582106,0.0,0.7999990753713901,0.0
0.4,1,0.1999997811454684,0.0,0.9999989102230282,0.0
0.4,2,0.29999964603816454,0.0,1.1999988157532195,0.0
0.4,3,0.419999501786707,0.0,1.3999986520590237,0.0
0.4,4,0.5599993418535709,0.0,1.5999981360008033,0.0
0.4,5,0.7199991316568717,0.0,1.7999972257712507,0.0
0.4,6,0.8999988327655288,0.0,1.99999647882877,0.0
0.4,7,1.0999984627938222,0.0,2.1981647191242253,0.0
0.4,8,1.3198149218830033,0.0,2.3631697692367952,0.0
0.5,0,0.19999981929240557,0.0,0.9999989539775874,0.0
0.5,1,0.29999969676208316,0.0,1.1999988416869942,0.0
0.5,2,0.41999956307074154,0.0,1.3999986973051248,0.0
0.5,3,0.5599994151291747,0.0,1.5999985113330917,0.0
0.5,4,0.7199992490353715,0.0,1.799997999189363,0.0
0.5,5,0.8999990326225008,0.0,1.9999972695803423,0.0
0.5,6,1.099998744835472,0.0,2.199996717436571,0.0
0.5,7,1.3199984043163657,0.0,2.3885372531992757,0.0
0.5,8,1.5588521208310802,0.0,2.544202571162371,0.0
0.6,0,0.2999997199899136,0.0,1.199998868294732,0.0
0.6,1,0.4199995916606536,0.0,1.3999987944986643,0.0
0.6,2,0.5599994560040168,0.0,1.599998583183595,0.0
0.6,3,0.7199992993539184,0.0,1.799998368593204,0.0
0.6,4,0.8999991215936313,0.0,1.9999977759627054,0.0
0.6,5,1.0999988853009306,0.0,2.199997054344295,0.0
0.6,6,1.3199985781788945,0.0,2.3999965503966765,0.0
0.6,7,1.5599982227716054,0.0,2.5825433129353774,0.0
0.6,8,1.8182525465643729,0.0,2.7305529649550033,0.0
0.7,0,0.4199996154714281,0.0,1.3999988238381849,0.0
0.7,1,0.5599994891325175,0.0,1.5999988481871141,0.0
0.7,2,0.719999365255406,0.0,1.7999986274344577,0.0
0.7,3,0.8999992193618469,0.0,1.9999985351287475,0.0
0.7,4,1.0999990644126636,0.0,2.1999979834268384,0.0
0.7,5,1.319998854682341,0.0,2.399997529200731,0.0
0.7,6,1.5599986002854158,0.0,2.599997169599571,0.0
0.7,7,1.8199983111487976,0.0,2.7726133582390853,0.0
0.7,8,2.0972596425924745,0.0,2.911142930482078,0.0
0.7999999999999999,0,0.5599995028301804,0.0,1.5999988302689547,0.0
0.7999999999999999,1,0.7199993807830123,0.0,1.7999990093647038,0.0
0.7999999999999999,2,0.8999992766623179,0.0,1.9999986895015354,0.0
0.7999999999999999,3,1.099999140598801,0.0,2.1999987608319227,0.0
0.7999999999999999,4,1.3199990118286413,0.0,2.399998155610043,0.0
0.7999999999999999,5,1.5599988228471267,0.0,2.5999981151088365,0.0
0.7999999999999999,6,1.8199986303649656,0.0,2.797595028964413,0.0
0.7999999999999999,7,2.099758130038171,0.0,2.9593171400756924,0.0
0.7999999999999999,8,2.395689841781313,0.0,3.087978734520817,0.0
0.8999999999999999,0,0.719999389574941,0.0,1.7999988343299291,0.0
0.8999999999999999,1,0.8999992709682884,0.0,1.9999989228005197,0.0
0.8999999999999999,2,1.0999991612152482,0.0,2.1999988231393908,0.0
0.8999999999999999,3,1.319999041517733,0.0,2.3999987597726093,0.0
0.8999999999999999,4,1.559998915555608,0.0,2.5999985592365444,0.0
0.8999999999999999,5,1.8199987696821358,0.0,2.799998495324215,0.0
0.8999999999999999,6,2.099998617648245,0.0,2.981014290018119,0.0
0.8999999999999999,7,2.3981000453937815,0.0,3.126899071437707,0.0
0.8999999999999999,8,2.7107899516582687,0.0,3.243747763875634,0.0
0.9999999999999999,0,0.899999273825126,0.0,1.9999988350914037,0.0
0.9999999999999999,1,1.099999155837698,0.0,2.1999988995265096,0.0
0.9999999999999999,2,1.319999044296985,0.0,2.3999987962257956,0.0
0.9999999999999999,3,1.5599989224459603,0.0,2.599998734591563,0.0
0.9999999999999999,4,1.8199987944994578,0.0,2.7999986197368587,0.0
0.9999999999999999,5,2.0999986551934997,0.0,2.9999985657294297,0.0
0.9999999999999999,6,2.3999985106696857,0.0,3.1741080832717863,0.0
0.9999999999999999,7,2.717409318128177,0.0,3.311059300790747,0.0
0.9999999999999999,8,3.0485152476041217,0.0,3.41905844029753,0.0
1.0999999999999999,0,1.0999991589937164,0.0,2.1999988370159076,0.0
1.0999999999999999,1,1.319999042660386,0.0,2.3999988392984912,0.0
1.0999999999999999,2,1.559998926555511,0.0,2.5999988361801285,0.0
1.0999999999999999,3,1.8199988101392046,0.0,2.7999988391628,0.0
1.0999999999999999,4,2.0999986940226614,0.0,2.9999988365953145,0.0
1.0999999999999999,5,2.3999985776517496,0.0,3.182632893459478,0.0
1.0999999999999999,6,2.7182618669709266,0.0,3.334173008028749,0.0
1.0999999999999999,7,3.051679167752064,0.0,3.4536778991951187,0.0
1.0999999999999999,8,3.397046957656207,0.0,3.5496881412555363,0.0
1.2,0,1.3199990426981858,0.0,2.3999988370115704,0.0
1.2,1,1.559998926363386,0.0,2.5999988401603584,0.0
1.2,2,1.8199988103436486,0.0,2.7999988334433183,0.0
1.2,3,2.0999986936524624,0.0,2.9999988397518695,0.0
1.2,4,2.3999985775938137,0.0,3.1999988354605424,0.0
1.2,5,2.7199984611083714,0.0,3.3751037424848005,0.0
1.2,6,3.057508835328958,0.0,3.5166846079427763,0.0
1.2,7,3.409177296100411,0.0,3.626232451793364,0.0
1.2,8,3.771800541263513,0.0,3.713176949937719,0.0
1.3,0,1.5599989267803878,0.0,2.5999988374343346,0.0
1.3,1,1.8199988108638163,0.0,2.79999884819932,0.0
1.3,2,2.099998696022303,0.0,2.9999988523750245,0.0
1.3,3,2.3999985815888323,0.0,3.188908197912303,0.0
1.3,4,2.718889401688318,0.0,3.3548306381558812,0.0
1.3,5,3.0543724657807205,0.0,3.495087561906158,0.0
1.3,6,3.403881222207462,0.0,3.610750596576666,0.0
1.3,7,3.764956282052326,0.0,3.704049251111856,0.0
1.3,8,4.135361207293848,0.0,3.7811693466753784,0.0
1.4000000000000001,0,1.8199988103240987,0.0,2.799998837257154,0.0
1.4000000000000001,1,2.0999986942284963,0.0,2.9999988632504673,0.0
1.4000000000000001,2,2.3999985807317823,0.0,3.199998846164813,0.0
1.4000000000000001,3,2.719998465516915,0.0,3.3818686323035942,0.0
1.4000000000000001,4,3.058185328899735,0.0,3.537585147210377,0.0
1.4000000000000001,5,3.4119438437533636,0.0,3.6666457209205174,0.0
1.4000000000000001,6,3.7786084159561444,0.0,3.7714757748718086,0.0
1.4000000000000001,7,4.155755993530416,0.0,3.8551018663953154,0.0
1.4000000000000001,8,4.541266180230764,0.0,3.9238194307231757,0.0
1.5000000000000002,0,2.0999986977236946,0.0,2.999998837315563,0.0
1.5000000000000002,1,2.3999985818696006,0.0,3.1943315561953307,0.0
1.5000000000000002,2,2.719431737806987,0.0,3.3719428845873156,0.0
1.5000000000000002,3,3.0566260267568515,0.0,3.5282942569521025,0.0
1.5000000000000002,4,3.4094554528174923,0.0,3.6633573465257836,0.0
1.5000000000000002,5,3.775791188046157,0.0,3.7774614572837586,0.0
1.5000000000000002,6,4.153537334342719,0.0,3.871665489218703,0.0
1.5000000000000002,7,4.540703883593478,0.0,3.948151626829919,0.0
1.5000000000000002,8,4.935519046658476,0.0,4.011116776259043,0.0
1.6000000000000003,0,2.3999985821840313,0.0,3.1943315570429736,0.0
1.6000000000000003,1,2.719431738410197,0.0,3.388423426660989,0.0
1.6000000000000003,2,3.058274081473236,0.0,3.5618522365586713,0.0
1.6000000000000003,3,3.4144593057255483,0.0,3.709656464658814,0.0
1.6000000000000003,4,3.785424952781086,0.0,3.8329944833661336,0.0
1.6000000000000003,5,4.168724401490632,0.0,3.9350133965387974,0.0
1.6000000000000003,6,4.562225741631201,0.0,4.018150252085072,0.0
1.6000000000000003,7,4.964040767134904,0.0,4.085195766595939,0.0
1.6000000000000003,8,5.372560344161947,0.0,4.140213194030095,0.0
1.7000000000000004,0,2.719431738116673,0.0,3.38842342617988,0.0
1.7000000000000004,1,3.0582740811177764,0.0,3.506459398608602,0.0
1.7000000000000004,2,3.408920021319222,0.0,3.6183300351238077,0.0
1.7000000000000004,3,3.7707530254100887,0.0,3.721479782536365,0.0
1.7000000000000004,4,4.142901004257667,0.0,3.8151404007179375,0.0
1.7000000000000004,5,4.5244150447348215,0.0,3.8991757589632168,0.0
1.7000000000000004,6,4.914332621208526,0.0,3.972564896402253,0.0
1.7000000000000004,7,5.311589111368453,0.0,4.035104150927177,0.0
1.7000000000000004,8,5.715099526644661,0.0,4.089145149485571,0.0
1.8000000000000005,0,3.0582740814951057,0.0,3.5064593985743655,0.0
1.8000000000000005,1,3.408920021812427,0.0,3.665193397371816,0.0
1.8000000000000005,2,3.7754393619358497,0.0,3.8092274847633316,0.0
1.8000000000000005,3,4.156362111043132,0.0,3.934091274442324,0.0
1.8000000000000005,4,4.549771239184193,0.0,4.039506892279359,0.0
1.8000000000000005,5,4.953721929054918,0.0,4.126928808270556,0.0
1.8000000000000005,6,5.366414810301049,0.0,4.1983335500214825,0.0
1.8000000000000005,7,5.786248165866665,0.0,4.255110792201377,0.0
1.8000000000000005,8,6.2117592455533375,0.0,4.300975037389527,0.0
1.9000000000000006,0,3.4089200221175977,0.0,3.6651933973286357,0.0
1.9000000000000006,1,3.775439362374567,0.0,3.81543731433522,0.0
1.9000000000000006,2,4.1569830942204495,0.0,3.9502910708922916,0.0
1.9000000000000006,3,4.552012201950249,0.0,4.065525434524043,0.0
1.9000000000000006,4,4.958564746102681,0.0,4.161367089062087,0.0
1.9000000000000006,5,5.374701455652637,0.0,4.239788408096153,0.0
1.9000000000000006,6,5.798680296881536,0.0,4.303190226025581,0.0
1.9000000000000006,7,6.228999320047487,0.0,4.353197047484463,0.0
1.9000000000000006,8,6.664319025262306,0.0,4.39336630072904,0.0
2.0000000000000004,0,3.7754393626811824,0.0,3.8154373142979487,0.0
2.0000000000000004,1,4.156983094790489,0.0,3.970222584406358,0.0
2.0000000000000004,2,4.554005353888927,0.0,4.105149352010605,0.0
2.0000000000000004,3,4.964520289541932,0.0,4.216771054639819,0.0
2.0000000000000004,4,5.3861973956571525,0.0,4.3060987604959635,0.0
2.0000000000000004,5,5.816807272404597,0.0,4.375908786942925,0.0
2.0000000000000004,6,6.254398151718855,0.0,4.429701160251133,0.0
2.0000000000000004,7,6.697368268092761,0.0,4.471273413849646,0.0
2.0000000000000004,8,7.144495609864769,0.0,4.504448332372113,0.0
2.1000000000000005,0,4.156983094379162,0.0,3.97022258436542,0.0
2.1000000000000005,1,4.554005353330425,0.0,4.04710514455209,0.0
2.1000000000000005,2,4.958715868377149,0.0,4.119670857832599,0.0
2.1000000000000005,3,5.370682954589885,0.0,4.18695672683596,0.0
2.1000000000000005,4,5.789378627928361,0.0,4.2478007963510445,0.0
2.1000000000000005,5,6.214158708295136,0.0,4.301368450014364,0.0
2.1000000000000005,6,6.6442955540087745,0.0,4.347386257729576,0.0
2.1000000000000005,7,7.079034180355457,0.0,4.3864031030879715,0.0
2.1000000000000005,8,7.517674490866755,0.0,4.420401488587553,0.0
2.2000000000000006,0,4.554005353612858,0.0,4.04710514451688,0.0
2.2000000000000006,1,4.9587158686231385,0.0,4.1246909901407935,0.0
2.2000000000000006,2,5.371184968246551,0.0,4.196561161039431,0.0
2.2000000000000006,3,5.790841084786816,0.0,4.261702030214309,0.0
2.2000000000000006,4,6.217011288465523,0.0,4.319344138706039,0.0
2.2000000000000006,5,6.648945703068527,0.0,4.36914691979545,0.0
2.2000000000000006,6,7.085860395760449,0.0,4.411298981489445,0.0
2.2000000000000006,7,7.526990294483116,0.0,4.446702088162524,0.0
2.2000000000000006,8,7.971660503501823,0.0,4.477466967350782,0.0
2.3000000000000007,0,4.9587158688668875,0.0,4.124690990109104,0.0
2.3000000000000007,1,5.371184968477467,0.0,4.231107494413798,0.0
2.3000000000000007,2,5.794295718545956,0.0,4.3268342486273506,0.0
2.3000000000000007,3,6.226979143854744,0.0,4.409763580129372,0.0
2.3000000000000007,4,6.667955502535883,0.0,4.479333378509825,0.0
2.3000000000000007,5,7.115888841141806,0.0,4.535746895005703,0.0
2.3000000000000007,6,7.569463531408789,0.0,4.579768454374742,0.0
2.3000000000000007,7,8.02744037755096,0.0,4.612954262600981,0.0
2.3000000000000007,8,8.488735804328556,0.0,4.638582601707151,0.0
2.400000000000001,0,5.371184968706293,0.0,4.231107494385723,0.0
2.400000000000001,1,5.794295718821353,0.0,4.334791950904734,0.0
2.400000000000001,2,6.227774914644428,0.0,4.425361710899423,0.0
2.400000000000001,3,6.670311086400012,0.0,4.500773281634373,0.0
2.400000000000001,4,7.120388415019959,0.0,4.562571540654192,0.0
2.400000000000001,5,7.576645569751361,0.0,4.611875375356628,0.0
2.400000000000001,6,8.03783310801648,0.0,4.649846506331247,0.0
2.400000000000001,7,8.502817759339342,0.0,4.6781385486189215,0.0
2.400000000000001,8,8.970631614713332,0.0,4.699789824194477,0.0
2.500000000000001,0,5.794295718958469,0.0,4.334791950879947,0.0
2.500000000000001,1,6.227774914755366,0.0,4.429682276142261,0.0
2.500000000000001,2,6.670743143115185,0.0,4.511725140582449,0.0
2.500000000000001,3,7.121915657843801,0.0,4.579147520000019,0.0
2.500000000000001,4,7.579830410301718,0.0,4.633723951056266,0.0
2.500000000000001,5,8.043202806073591,0.0,4.6767475513738,0.0
2.500000000000001,6,8.510877561940376,0.0,4.709484147876193,0.0
2.500000000000001,7,8.981825977417614,0.0,4.733579423769837,0.0
2.500000000000001,8,9.455183920306592,0.0,4.751831279759804,0.0
2.600000000000001,0,6.227774914356408,0.0,4.429682276116833,0.0
2.600000000000001,1,6.670743142505538,0.0,4.444792126614628,0.0
2.600000000000001,2,7.1152223558724,0.0,4.462304159060176,0.0
2.600000000000001,3,7.561452772506168,0.0,4.482821829166525,0.0
2.600000000000001,4,8.009734956081022,0.0,4.50638018769436,0.0
2.600000000000001,5,8.460372975297643,0.0,4.532479927058679,0.0
2.600000000000001,6,8.91362096864147,0.0,4.558978672070699,0.0
2.600000000000001,7,9.369518836500893,0.0,4.583769342346008,0.0
2.600000000000001,8,9.82789577123394,0.0,4.606014319533239,0.0
2.700000000000001,0,6.670743142795,0.0,4.444792126582144,0.0
2.700000000000001,1,7.115222356015162,0.0,4.465823031008306,0.0
2.700000000000001,2,7.561804659831438,0.0,4.487702843855414,0.0
2.700000000000001,3,8.01057494494875,0.0,4.510824002318316,0.0
2.700000000000001,4,8.461657345840337,0.0,4.5354765647591435,0.0
2.700000000000001,5,8.915205002764008,0.0,4.561550381975171,0.0
2.700000000000001,6,9.371360041599688,0.0,4.587301944093063,0.0
2.700000000000001,7,9.830090236661416,0.0,4.610980706223355,0.0
2.700000000000001,8,10.291188307782214,0.0,4.632019597391714,0.0
2.800000000000001,0,7.115222356281043,0.0,4.465823030976695,0.0
2.800000000000001,1,7.56180465996446,0.0,4.491345189347318,0.0
2.800000000000001,2,8.01093917962438,0.0,4.516383299298482,0.0
2.800000000000001,3,8.462577510289854,0.0,4.541166477436157,0.0
2.800000000000001,4,8.916694158694686,0.0,4.566224373487264,0.0
2.800000000000001,5,9.37331659649169,0.0,4.591799097979295,0.0
2.800000000000001,6,9.832496506927956,0.0,4.616502536974394,0.0
2.800000000000001,7,10.29414676127787,0.0,4.638894162370374,0.0
2.800000000000001,8,10.758036178013377,0.0,4.658624365957563,0.0
2.9000000000000012,0,7.5618046602078515,0.0,4.491345189316666,0.0
2.9000000000000012,1,8.01093917974812,0.0,4.520123657785236,0.0
2.9000000000000012,2,8.462951546261172,0.0,4.547285485569118,0.0
2.9000000000000012,3,8.917680095557376,0.0,4.57293787831094,0.0
2.9000000000000012,4,9.374973884051048,0.0,4.59783375725339,0.0
2.9000000000000012,5,9.834757260225143,0.0,4.622531907831391,0.0
2.9000000000000012,6,10.297010451646766,0.0,4.645958627069708,0.0
2.9000000000000012,7,10.761606315006244,0.0,4.666940648693087,0.0
2.9000000000000012,8,11.22830038037402,0.0,4.685299180042028,0.0
3.0000000000000013,0,8.01093917997385,0.0,4.520123657756617,0.0
3.0000000000000013,1,8.462951546386527,0.0,4.560761825715526,0.0
3.0000000000000013,2,8.919027729716955,0.0,4.596413304205932,0.0
3.0000000000000013,3,9.378669060917623,0.0,4.626368751869684,0.0
3.0000000000000013,4,9.841305936858134,0.0,4.651607570056388,0.0
3.0000000000000013,5,10.306466694526971,0.0,4.673665329498606,0.0
3.0000000000000013,6,10.7738332279027,0.0,4.693825235361251,0.0
3.0000000000000013,7,11.243215752004009,0.0,4.711804266539938,0.0
3.0000000000000013,8,11.71439617912446,0.0,4.727603689919528,0.0
3.1000000000000014,0,8.462951546581932,0.0,4.5607618256876785,0.0
3.1000000000000014,1,8.919027729808123,0.0,4.600758959796318,0.0
3.1000000000000014,2,9.379103626554894,0.0,4.635253904156558,0.0
3.1000000000000014,3,9.84262901775377,0.0,4.663545769803539,0.0
3.1000000000000014,4,10.308983595488733,0.0,4.68679027055783,0.0
3.1000000000000014,5,10.777662623208036,0.0,4.706732969177548,0.0
3.1000000000000014,6,11.248335920551726,0.0,4.72484734053104,0.0
3.1000000000000014,7,11.720820655169994,0.0,4.740986591702075,0.0
3.1000000000000014,8,12.194919314806642,0.0,4.755176797391284,0.0
3.2000000000000015,0,8.919027729987173,0.0,4.600758959769575,0.0
3.2000000000000015,1,9.37910362664292,0.0,4.651169201789038,0.0
3.2000000000000015,2,9.84422054760287,0.0,4.693414693080195,0.0
3.2000000000000015,3,10.313562017712432,0.0,4.726116199482329,0.0
3.2000000000000015,4,10.786173638453771,0.0,4.750475613032114,0.0
3.2000000000000015,5,11.261221200511137,0.0,4.768632417087344,0.0
3.2000000000000015,6,11.73808444286161,0.0,4.782934123122429,0.0
3.2000000000000015,7,12.21637785553052,0.0,4.79535129005637,0.0
3.2000000000000015,8,12.695912984925478,0.0,4.806399876644194,0.0
3.3000000000000016,0,9.379103626802227,0.0,4.651169201763896,0.0
3.3000000000000016,1,9.844220547675388,0.0,4.710936955482659,0.0
3.3000000000000016,2,10.315314244014132,0.0,4.760479751891113,0.0
3.3000000000000016,3,10.791362220013827,0.0,4.79790343632019,0.0
3.3000000000000016,4,11.27115256445583,0.0,4.824417363701196,0.0
3.3000000000000016,5,11.753594301619504,0.0,4.842334663242392,0.0
3.3000000000000016,6,12.23782776868007,0.0,4.8543014749088735,0.0
3.3000000000000016,7,12.723257916753573,0.0,4.86294151336903,0.0
3.3000000000000016,8,13.209552068295682,0.0,4.870499056232038,0.0
3.4000000000000017,0,9.844220547819553,0.0,4.7109369554604275,0.0
3.4000000000000017,1,10.315314244077506,0.0,4.793629277467528,0.0
3.4000000000000017,2,10.794677172621885,0.0,4.862716330646267,0.0
3.4000000000000017,3,11.280948806502586,0.0,4.91542133503023,0.0
3.4000000000000017,4,11.772490940824888,0.0,4.952893382793009,0.0
3.4000000000000017,5,12.267780279919677,0.0,4.977584866404986,0.0
3.4000000000000017,6,12.765538767350321,0.0,4.992304618516617,0.0
3.4000000000000017,7,13.264769229915501,0.0,4.99996380284553,0.0
3.4000000000000017,8,13.764765610720296,0.0,5.003700873218541,0.0
3.5000000000000018,0,10.3153142442099,0.0,4.793629277448089,0.0
3.5000000000000018,1,10.794677172678465,0.0,4.864213133445562,0.0
3.5000000000000018,2,11.281098486825242,0.0,4.922531115197785,0.0
3.5000000000000018,3,11.773351599162496,0.0,4.966199297388677,0.0
3.5000000000000018,4,12.269971529720817,0.0,4.996393226890617,0.0
3.5000000000000018,5,12.769610853225203,0.0,5.015446938174829,0.0
3.5000000000000018,6,13.271155547832645,0.0,5.025980884618586,0.0
3.5000000000000018,7,13.773753637007877,0.0,5.0306468890154346,0.0
3.5000000000000018,8,14.276818326429554,0.0,5.032175503661819,0.0
3.600000000000002,0,10.794677172804398,0.0,4.8642131334253875,0.0
3.600000000000002,1,11.281098486879081,0.0,4.9238271158331965,0.0
3.600000000000002,2,11.773481199267806,0.0,4.972458740495089,0.0
3.600000000000002,3,12.270727074135692,0.0,5.008081470704941,0.0
3.600000000000002,4,12.77153522202566,0.0,5.0318739205407255,0.0
3.600000000000002,5,13.274722614894873,0.0,5.04603705575621,0.0
3.600000000000002,6,13.77932632126028,0.0,5.052996737670695,0.0
3.600000000000002,7,14.284625995740585,0.0,5.055151916513544,0.0
3.600000000000002,8,14.790141187911988,0.0,5.054858054609666,0.0
3.700000000000002,0,11.281098487001259,0.0,4.923827115812317,0.0
3.700000000000002,1,11.773481199320042,0.0,4.97357084900117,0.0
3.700000000000002,2,12.270838285027573,0.0,5.013550063651957,0.0
3.700000000000002,3,12.77219329221162,0.0,5.042061112879163,0.0
3.700000000000002,4,13.276399404318923,0.0,5.06026658420334,0.0
3.700000000000002,5,13.782426063554178,0.0,5.070224486466147,0.0
3.700000000000002,6,14.289448512990404,0.0,5.074164087974001,0.0
3.700000000000002,7,14.796864922500925,0.0,5.074240708297709,0.0
3.700000000000002,8,15.304288993850664,0.0,5.0724673351218215,0.0
3.800000000000002,0,11.773481199440656,0.0,4.9735708489799135,0.0
3.800000000000002,1,12.270838285079105,0.0,5.014494940921168,0.0
3.800000000000002,2,12.772287779979667,0.0,5.046799728530242,0.0
3.800000000000002,3,13.276967753651691,0.0,5.069071285850605,0.0
3.800000000000002,4,13.783874883055956,0.0,5.082440876769988,0.0
3.800000000000002,5,14.29211897154766,0.0,5.088817747648523,0.0
3.800000000000002,6,14.801000747101964,0.0,5.090236034168687,0.0
3.800000000000002,7,15.310024351231846,0.0,5.088618780524044,0.0
3.800000000000002,8,15.81888622980415,0.0,5.085668442675367,0.0
3.900000000000002,0,12.270838285200082,-1.0481435558466695e-13,5.014494940900681,-1.0388739621245541e-13
3.900000000000002,1,12.772287780031432,-3.530858319945187e-13,5.0475494521650734,-0.00032010715667286704
3.900000000000002,2,13.2770427032515,-0.00016157571448313868,5.073058825514252,-0.0003518667874694304
3.900000000000002,3,13.784348561936504,-0.0003400799354174679,5.089869019233143,9.900870548758995e-05
3.900000000000002,4,14.293335466957718,-0.0002896859605304458,5.099068201875976,0.001211032133698149
3.900000000000002,5,14.803241914531151,0.0003278273676962783,5.102414155742702,0.0031551115554424693
3.900000000000002,6,15.313480793143828,0.0019376934404212412,5.101749598872602,0.006046202705565206
3.900000000000002,7,15.823646440866007,0.005022296376137806,5.098777291162197,0.009852313151361574
3.900000000000002,8,16.333499452133346,0.010045691132863212,5.094918182778284,0.014284023585983454
4.000000000000002,0,12.772287620509838,-0.00040013396774373866,5.04754945214523,-0.00032010717339175856
4.000000000000002,1,13.27704254060399,-0.0005617096437635421,5.073631084071378,-0.00020779022779649346
4.000000000000002,2,13.784405655680903,-0.0006671358655035106,5.0931685981311166,0.0006220367229538208
4.000000000000002,3,14.293722444730498,-0.00035032479080944457,5.105239932542512,0.0026841736680389893
4.000000000000002,4,14.804244607324852,0.0010200066051199244,5.110881135623975,0.006397780481667882
4.000000000000002,5,15.315322266712418,0.004289815900779763,5.111698114692165,0.012041863471795424
4.000000000000002,6,15.826455082217123,0.010445113514011143,5.109347154688394,0.01960004433197185
4.000000000000002,7,16.337291832979474,0.0204588339983525,5.105322559552863,0.028547763441773573
4.000000000000002,8,16.847616340603714,0.03503143604208721,5.100790499537581,0.037682027895624345
4.100000000000001,0,13.277042566146271,-0.0004213135907722201,5.0736310840520105,-0.00020779032848536826
4.100000000000001,1,13.78440566433644,-0.0005267387370992476,5.093561569258632,0.001060339135078382
4.100000000000001,2,14.293761576114616,1.3345668582180054e-05,5.107878099852808,0.0037598179489060435
4.100000000000001,3,14.804545831209127,0.001933797701669641,5.115865203546759,0.008817454523637209
4.100000000000001,4,15.316112471445903,0.00644462411779282,5.118499681659072,0.016805473078675824
4.100000000000001,5,15.827890202088502,0.01504611974046139,5.117236228524195,0.027815329531352784
4.100000000000001,6,16.33941613053934,0.029278107340978927,5.113550040611955,0.04116330742349155
4.100000000000001,7,16.8503385193099,0.050321336494528926,5.1087386708918405,0.05508151068167268
4.100000000000001,8,17.360438345792616,0.07844695977624268,5.103739498607657,0.06830595828448843
4.200000000000001,0,13.784403517578152,0.0010584206586019267,5.093561569239635,0.0010603368068587103
4.200000000000001,1,14.293759388898728,0.001598509637028327,5.108097625513905,0.004337275747679923
4.200000000000001,2,14.804564406838734,0.0038140101341299602,5.117880998232719,0.010088959758930684
4.200000000000001,3,15.316326524216429,0.008977302192214813,5.122379123522858,0.01964067600877
4.200000000000001,4,15.828465641230062,0.019037352560101146,5.122503504160492,0.03342647152409792
4.200000000000001,5,16.34042997935761,0.03615696845417743,5.119559115629492,0.050790982766997166
4.200000000000001,6,16.851726241844126,0.06214874137644826,5.114846948750866,0.06959466229213321
4.200000000000001,7,17.361973802292955,0.09771694929580149,5.109480626878695,0.08765460001190423
4.200000000000001,8,17.870961504303924,0.14244697219550806,5.104192649740291,0.10405595252398224
4.300000000000001,0,14.293738576032426,0.005694551720104025,5.10809762549515,0.004337186290351057
4.300000000000001,1,14.804543534851545,0.007910021868489582,5.117932576906956,0.010617883308519697
4.300000000000001,2,15.316307999349206,0.013344055694058408,5.123809398904134,0.020686939773908355
4.300000000000001,3,15.828579345355578,0.02394285412308379,5.125356039622103,0.03606867017044037
4.300000000000001,4,16.34078160783062,0.04242535857562811,5.123413801132047,0.05650785127015148
4.300000000000001,5,16.852305513412027,0.07136147628405332,5.119141905100469,0.07978473919071533
4.300000000000001,6,17.362592113780252,0.1121615447612828,5.113675370164695,0.10311855873882037
4.300000000000001,7,17.87124464073196,0.1648002724627827,5.10795580791603,0.12434453141250937
4.300000000000001,8,18.378098024379547,0.22815210558388663,5.102532709105336,0.14303989060932643
4.4,0,14.80444916708957,0.01575966904751066,5.1179325768883785,0.010617172405803496
4.4,1,15.316213579993917,0.021193364202621967,5.1236889039397,0.02092630078424119
4.4,2,15.828470320098715,0.03191454164837554,5.126218623388105,0.036406077650907566
4.4,3,16.340752511554896,0.050572950347719046,5.125289838499968,0.058308405339701115
4.4,4,16.852410542422952,0.0804408768954294,5.121671820382028,0.08486249791438127
4.4,5,17.36273504849796,0.12385288103559554,5.116383010730726,0.11306719840107853
4.4,6,17.871107385245956,0.18157987824140664,5.110399627978413,0.1399248167022181
4.4,7,18.37715409325667,0.2528548385330852,5.104501929994978,0.16346963755682214
4.4,8,18.88080075153041,0.3359277936117985,5.099076176628867,0.1837665857129993
4.5,0,15.315914660734427,0.03407327921370463,5.12368890392114,0.020923062568763213
4.5,1,15.828171404908835,0.04479282337943606,5.125910149734855,0.03605000418269942
4.5,2,16.34042938174451,0.06326771546178205,5.125579556854019,0.05741082307599032
4.5,3,16.85214287674863,0.09267794747716175,5.122589483933668,0.08518478423529369
4.5,4,17.362544487229307,0.1362620397162509,5.117636330656045,0.11683491320728893
4.5,5,17.870819674440583,0.1959184072924689,5.111601372809027,0.14896184395369846
4.5,6,18.37631993074269,0.27178120199879974,5.105307835974086,0.17852180782578697
4.5,7,18.8787380933966,0.3624396570276148,5.099383973770268,0.20377971939686568
4.5,8,19.378126326960277,0.46563802720492825,5.094070285570464,0.22521988482215585
4.6,0,15.827427600317113,0.06367722106135262,5.12591014971607,0.03603972322963245
4.6,1,16.339685759628182,0.08214686047986144,5.125065583240298,0.05609247338133948
4.6,2,16.85138626363311,0.11087954815879258,5.122295807980597,0.08254074528675152
4.6,3,17.361871952807682,0.15311141683854002,5.11760395501061,0.11515519483112362
4.6,4,17.87024308764469,0.2119133138997458,5.111611834944036,0.15094185289335627
4.6,5,18.37559267934946,0.28877667231208004,5.105066047902099,0.18622611577284942
4.6,6,18.877273182358437,0.38329835526047307,5.0986417754637205,0.21794117995645013
4.6,7,19.375077040268863,0.4935418641676834,5.092823547256042,0.2445460665286603
4.6,8,19.869207573226937,0.6168479602093248,5.087721398237644,0.26686940252580654
4.699999999999999,0,16.33817229004935,0.10714458159475992,5.125065583221192,0.05606854069198213
4.699999999999999,1,16.84987348146985,0.1358650228609677,5.121576697738554,0.0798884852368609
4.699999999999999,2,17.360397684921224,0.17673702335196256,5.116745658192505,0.11040219462368867
4.699999999999999,3,17.8689571423792,0.23311238750089686,5.110673205721222,0.14702719029335387
4.699999999999999,4,18.374510655951354,0.3079829026599359,5.103904709982077,0.18631541594940657
4.699999999999999,5,18.876068236313536,0.40252755875032964,5.09705475792653,0.22429647917837953
4.699999999999999,6,19.373006295880813,0.5158968669459016,5.090655669376016,0.25785035570974285
4.699999999999999,7,19.865242668454336,0.6457103033330066,5.085056355103026,0.28559215211619704
4.699999999999999,8,20.353151609958136,0.7889698274422206,5.080250437080883,0.3086477513766044
4.799999999999999,0,16.847346353777326,0.16549478332389805,5.121576697719183,0.07984839473545821
4.799999999999999,1,17.357872192782096,0.20634630877205196,5.115842123430252,0.10674159516672149
4.799999999999999,2,17.866544745880233,0.26084999958130384,5.109304236870589,0.14064852966136623
4.799999999999999,3,18.372429930632357,0.33247498208080395,5.102148325949976,0.18067602877400346
4.799999999999999,4,18.874339809016426,0.4241579819904596,5.0948421731438085,0.22295167631125307
4.799999999999999,5,19.37121393128891,0.5368098124509344,5.087872013024715,0.2632238518769633
4.799999999999999,6,19.862476675125706,0.6691937652100521,5.081633480652206,0.2983185701572798
4.799999999999999,7,20.34819561011476,0.8185500526183694,5.0763486409559695,0.32698890267821906
4.799999999999999,8,20.828932956770082,0.9815990449211742,5.071908508438255,0.3506223091476398
4.899999999999999,0,17.354100385612504,0.23969606913700806,5.1158421234105695,0.10668387835845933
4.899999999999999,1,17.862776073789163,0.29417038678327034,5.108236633303528,0.13615549650127654
4.899999999999999,2,18.36887216201044,0.36350716091831137,5.100321797609466,0.1729438996487183
4.899999999999999,3,18.871295972185806,0.45127513809180514,5.0923547873321535,0.21588080455055605
4.899999999999999,4,19.368711206890865,0.5603574998248878,5.084725543283103,0.2607070982173335
4.899999999999999,5,19.86000149106713,0.6914234504378776,5.077796641873343,0.3029157445506998
4.899999999999999,6,20.344662372611285,0.8428965083534754,5.07183413378859,0.33928712145458595
4.899999999999999,7,20.822932386485675,1.0116948480856807,5.066942538114098,0.3687005637519305
4.899999999999999,8,21.29557502741891,1.1943094356602688,5.062923649090908,0.3927747158103892
4.999999999999998,0,17.857549688655173,0.3305652414267043,5.108236633283549,0.1360794398613508
4.999999999999998,1,18.36365102892126,0.3998635032855806,5.099110231151977,0.16773634367838675
4.999999999999998,2,18.86640559124968,0.48499362969829496,5.090123171793479,0.20698353000534878
4.999999999999998,3,19.364553259724914,0.5896001969646096,5.081592429096457,0.2524091760319537
4.999999999999998,4,19.856610812535468,0.7165067255436612,5.0738307819803925,0.299406868356783
4.999999999999998,5,20.341421249530676,0.8661612218767452,5.0670828079853845,0.3432428218991873
4.999999999999998,6,20.81857235991912,1.0366901493841727,5.061492861187636,0.3806620238739633
4.999999999999998,7,21.288490906601368,1.2247424618591087,5.057057581038212,0.4106601898274518
4.999999999999998,8,21.7521510044433,1.4266277021785272,5.0535023814680855,0.43505985261939834
5.099999999999998,0,18.356787097067105,0.43874484184550444,5.09911023113173,0.16764188697933244
5.099999999999998,1,18.859549666712077,0.5238274531525273,5.088787177485097,0.2011545203232759
5.099999999999998,2,19.358167681322506,0.6255018120433598,5.0790068952518865,0.24249801186832806
5.099999999999998,3,19.85120787382145,0.7474632261960789,5.070134798740982,0.2900458015329691
5.099999999999998,4,20.33704383964899,0.8924671964852416,5.062408081871178,0.33888304782704914
5.099999999999998,5,20.814492995091868,1.0607588242436847,5.055959817267352,0.38407764266972444
5.099999999999998,6,21.28325349930062,1.2502077283724295,5.050821167362419,0.42234887334015636
5.099999999999998,7,21.743953370877648,1.4572429290112647,5.046890758242132,0.45279928245218515
5.099999999999998,8,22.197782899205425,1.678036551354684,5.04382980851047,0.4774303107884406
5.1999999999999975,0,18.850895218523576,0.5647068070945658,5.088787177464553,0.20104214873171827
5.1999999999999975,1,19.34952461208232,0.666325102375916,5.0775650462086155,0.23612770144717768
5.1999999999999975,2,19.84319151017349,0.7851094658547854,5.067244387273577,0.2792518788804169
5.1999999999999975,3,20.330286509069225,0.9247813533119709,5.058228510611697,0.3285999411285686
5.1999999999999975,4,20.809045386782266,1.0880196626849712,5.050681411615491,0.3789860127404392
5.1999999999999975,5,21.278274026283864,1.2748840850383294,5.044631819968929,0.42530663966665033
5.1999999999999975,6,21.737795752518984,1.4830256252317047,5.040006641530553,0.46426375490220273
5.1999999999999975,7,22.188448729079596,1.7086992506029641,5.0366163898136485,0.4950571213100843
5.1999999999999975,8,22.631641563311646,1.9479797659910745,5.034069525850147,0.5198441422598379
5.299999999999997,0,19.33895751195053,0.7087649481143078,5.077565046187814,0.23599832109229085
5.299999999999997,1,19.83263972020665,0.8274854008859718,5.065713971937646,0.2724118893455391
5.299999999999997,2,20.320531243313532,0.96378109825214,5.055079414638238,0.3170405960053514
5.299999999999997,3,20.800845872269917,1.121376338943973,5.046092923519945,0.36790604937388516
5.299999999999997,4,21.271687993178055,1.3028653823013192,5.038848374829106,0.4195867413641325
5.299999999999997,5,21.73186454689133,1.5081395234177717,5.033277803041599,0.4668328877660058
5.299999999999997,6,22.18133540401038,1.734667345022175,5.029213033560266,0.5063359004476562
5.299999999999997,7,22.621153942810054,1.978572143432772,5.02638624574611,0.5373831124331132
5.299999999999997,8,23.052946298522453,2.2358676489406637,5.024363757931886,0.5622668755071444
5.399999999999997,0,19.820067915964778,0.8710900786803245,5.065713971916573,0.2722667035462847
5.399999999999997,1,20.30797915864611,1.0073148942654984,5.053476223829199,0.3097957020650839
5.399999999999997,2,20.78927022037606,1.1613772790655197,5.042727966237003,0.3556873344738398
5.399999999999997,3,21.261979346103992,1.3369826981936042,5.033920263572012,0.4078221330396131
5.399999999999997,4,21.724086572707563,1.5366335667179132,5.027080515029496,0.4605760246242529
5.399999999999997,5,22.174410780151057,1.7600692639880506,5.022052011032346,0.508575721604052
5.399999999999997,6,22.613056483279586,2.0046098749734704,5.018580734327804,0.5485075043858824
5.399999999999997,7,23.041293973266974,2.2662857981523916,5.016330044954639,0.5797367222365684
5.399999999999997,8,23.460963698723255,2.541082180816388,5.014833853960154,0.604671544424199
5.4999999999999964,0,20.29333887734319,1.051725563697076,5.053476223807884,0.309636100435051
5.4999999999999964,1,20.77465445045129,1.2057110798479498,5.0410661838054445,0.34809617280096883
5.4999999999999964,2,21.248526761180347,1.3776663332499166,5.03037857499039,0.395039935200152
5.4999999999999964,3,21.712821338783137,1.57125806784273,5.02187620448778,0.44822748913035637
5.4999999999999964,4,22.165401195483746,1.7888905474731314,5.015524066646904,0.5018626905403416
5.4999999999999964,5,22.605106240515184,2.0301670039875925,5.0110847907141345,0.5504692992943467
5.4999999999999964,6,23.032190732386532,2.292290446813948,5.008227654437043,0.5907325698889634
5.4999999999999964,7,23.448140713653892,2.571233489474138,5.006556328907454,0.6220865782362656
5.4999999999999964,8,23.8550058070458,2.862981585315681,5.005581137740199,0.6470380242991443
5.599999999999996,0,20.757907733956586,1.2506024044465964,5.041066183783908,0.34792363843692053
5.599999999999996,1,21.231809629056457,1.422475837996191,5.028670750935683,0.387155366295852
5.599999999999996,2,21.697457990526875,1.6123363091652148,5.018193067816773,0.434968141109292
5.599999999999996,3,22.152549713475526,1.8237937938085034,5.0101008607252435,0.4890203575360357
5.599999999999996,4,22.59483814972436,2.0591489625143984,5.004301093993806,0.5433715670213981
5.599999999999996,5,23.02319158318617,2.3178837582424947,5.00048379592236,0.5924608523944739
5.599999999999996,6,23.438016488707945,2.5971128616231707,4.998250437018487,0.6329754531743703
5.599999999999996,7,23.841011166419612,2.8927825834490504,4.997153647112135,0.6644093024989215
5.599999999999996,8,24.234427812860105,3.200904173550957,4.99668805092678,0.6893521389420405
5.699999999999996,0,21.212941499894416,1.4675534482839037,5.028670750913932,0.38697140198151125
5.699999999999996,1,21.678624700540176,1.657328189716897,5.0164501517539515,0.42683750231067674
5.699999999999996,2,22.135261984869718,1.865006345594667,5.006307693048696,0.4753610856297812
5.699999999999996,3,22.580386666308897,2.094124895862007,4.998710124455531,0.5301156616328084
5.699999999999996,4,23.011649676708394,2.3468762563116075,4.99351094019805,0.5850414432029811
5.699999999999996,5,23.42795341142861,2.6226348603743803,4.990335471814426,0.6345088986414171
5.699999999999996,6,23.82985682413487,2.918453043264108,4.988725924714522,0.6752093603956827
5.699999999999996,7,24.21926515483032,3.230278775860638,4.9881919772242735,0.7066882962872278
5.699999999999996,8,24.59862552393489,3.5541714423102175,4.988219515629348,0.7316047194127947
5.799999999999995,0,21.65764017679105,1.702326493685733,5.016450151732009,0.42664357457398205
5.799999999999995,1,22.114317644670656,1.9099160218669486,5.004539109354113,0.4670264293447861
5.799999999999995,2,22.561178547194785,2.1352370342521287,4.994834559376844,0.5161250071889207
5.799999999999995,3,22.995598400398713,2.381739032583364,4.987797270058285,0.5714428932543352
5.799999999999995,4,23.4151327339598,2.65150219066952,4.983231905703103,0.6268231309984504
5.799999999999995,5,23.81872237590059,2.943806012124459,4.9807067382165915,0.6765815319281239
5.799999999999995,6,24.207077235341643,3.255663707075313,4.979712802866082,0.7174149056166077
5.799999999999995,7,24.5823028160758,3.5830495317262248,4.979724305093203,0.748912570684924
5.799999999999995,8,24.947032813534623,3.9220904649544064,4.980224445119617,0.7737906937585706
5.899999999999995,0,22.09123877008556,1.954596154977214,5.004539109331984,0.46682392830611036
5.899999999999995,1,22.538145208457244,2.179826599044521,4.9930483094399225,0.50762336126784
5.899999999999995,2,22.97448891243772,2.422539589958208,4.983863315190913,0.5571811639176485
5.899999999999995,3,23.39749391880394,2.686084305177645,4.977434751018116,0.6129441616115521
5.899999999999995,4,23.804627102499637,2.9724252536998703,4.973523081091539,0.6686776718215585
5.899999999999995,5,24.194870852392818,3.2807583250191628,4.97164679901811,0.7186548429206534
5.899999999999995,6,24.569083128959175,3.6080781412313203,4.971253349158461,0.759578781732781
5.899999999999995,7,24.92956207327269,3.9504067677555272,4.9717882985379465,0.7910756693589434
5.899999999999995,8,25.279119195425423,4.303955652010652,4.97273733977409,0.8159082471689345
5.999999999999995,0,22.513008221363968,2.2239744165367155,4.99304830941763,0.5074135738984351
5.999999999999995,1,22.949402752197116,2.4665957846782787,4.982066095765468,0.5485448258187267
5.999999999999995,2,23.374514670779014,2.7263837617749314,4.973462998243983,0.5984639308037616
5.999999999999995,3,23.785423227817304,3.0065758597042387,4.967676119681727,0.654572413592994
5.999999999999995,4,24.179513111125537,3.3090179616122963,4.964426267235197,0.710574709985997
5.999999999999995,5,24.555810435523316,3.632832384316107,4.963189014152782,0.7607114965026522
5.999999999999995,6,24.915317295370325,3.9750131602071614,4.963375230021362,0.8016925700203985
5.999999999999995,7,25.26051623538136,4.331648859408857,4.964408018634973,0.8331747066536787
5.999999999999995,8,25.59438763463622,4.699049979101624,4.965779915104816,0.8579580728303621
6.099999999999994,0,22.92225548018262,2.510019860850497,4.982066095743029,0.5483289201959323
6.099999999999994,1,23.34742339907087,2.7697159662972277,4.97166032771655,0.5897207948457639
6.099999999999994,2,23.760616170269245,3.0462044983962966,4.963683990409434,0.639919067861241
6.099999999999994,3,24.158775203646783,3.342601324786959,4.9585580080774765,0.6962898275340066
6.099999999999994,4,24.539209204812234,3.660631114880419,4.9559679251114455,0.7524910417714472
6.099999999999994,5,24.90098943751248,3.9993514168598145,4.955352780715752,0.8027394769674581
6.099999999999994,6,25.245257517747874,4.355771325282802,4.956093294172188,0.843751698940931
6.099999999999994,7,25.57467183050204,4.726062074796365,4.9575956221607616,0.8752095308066897
6.099999999999994,8,25.892372662633903,5.106645787712578,4.959362718239635,0.8999427224458784
6.199999999999994,0,23.31832293455969,2.8122456014247463,4.971660327693992,0.5894998131107637
6.199999999999994,1,23.73157671820511,3.0886427342782086,4.961880336976071,0.6310929785823607
6.199999999999994,2,24.13219062607304,3.3814074370318505,4.954560019295036,0.6815021515490217
6.199999999999994,3,24.516975332713912,3.6935251733054915,4.950102116675362,0.7380663787599197
6.199999999999994,4,24.88316953759824,4.026597112341584,4.948161107099846,0.7944093406947937
6.199999999999994,5,25.229890534941468,4.379623674619132,4.948145379434715,0.844731001660605
6.199999999999994,6,25.558414420318325,4.749642545298208,4.94941132319885,0.8857545527701141
6.199999999999994,7,25.87156674043309,5.132921545404782,4.95135301800065,0.9171820130698458
6.199999999999994,8,26.172638833324914,5.526005263222041,4.953486697992243,0.9418660577083786
6.299999999999994,0,23.700587402915353,3.130125989666732,4.961880336953367,0.6308678365148987
6.299999999999994,1,24.101267141671755,3.4228004031965686,4.952758926706977,0.6726132733362833
6.299999999999994,2,24.488670124735762,3.7313733228875203,4.946110156537238,0.7231771631086311
6.299999999999994,3,24.859483491616174,4.058692128793012,4.942317166841958,0.779878571821309
6.299999999999994,4,25.21088172522721,4.406232450672949,4.941007330699879,0.8363170532299837
6.299999999999994,5,25.5420286640966,4.772944160337342,4.94156375172258,0.8866815965125316
6.299999999999994,6,25.854329622618483,5.155905176961486,4.943323707768075,0.9277017235939485
6.299999999999994,7,26.15076867308047,5.551491882487136,4.945673448630988,0.9590954572467738
6.299999999999994,8,26.434779530805407,5.956380687579532,4.9481447015637725,0.9837327986286389
6.399999999999993,0,24.06845886582653,3.46310219363961,4.952758926684094,0.6723847647213848
6.399999999999993,1,24.455932282001864,3.7715864918042965,4.944314364365304,0.7142423555426827
6.399999999999993,2,24.82951967176517,4.095461489253903,4.938340770985124,0.7649152274428854
6.399999999999993,3,25.185791890202772,4.437429754254282,4.935200781363056,0.8217083313439562
6.399999999999993,4,25.52186485150719,4.798839546686985,4.934498364115377,0.8782054546101087
6.399999999999993,5,25.836949228430093,5.178595824916826,4.9355961807282736,0.9285893219058069
6.399999999999993,6,26.132574235235793,5.573826741428301,4.937817025831877,0.969595395509418
6.399999999999993,7,26.41187398417062,5.981027540807354,4.940542975158668,1.0009541199804448
6.399999999999993,8,26.678416120410628,6.397014553332422,4.943322877914553,1.0255481610047392
6.499999999999993,0,24.421379087234392,3.810586766004905,4.944314364342235,0.7140111597900437
6.499999999999993,1,24.795041281790013,4.13437529311603,4.9365523273549545,0.7559484164397432
6.499999999999993,2,25.154235392347857,4.47301253877217,4.931247403204928,0.8066934953177282
6.499999999999993,3,25.495423262445517,4.829050366144855,4.928741265470524,0.8635420410138248
6.499999999999993,4,25.815667786339525,5.203708019453311,4.928617900875526,0.9200688512620767
6.499999999999993,5,26.114226650575887,5.595850361110709,4.930223857099714,0.9704541342383955
6.499999999999993,6,26.392747707298085,6.0026643653904745,4.932871506063702,1.0114388470736193
6.499999999999993,7,26.654506840345675,6.42077302055873,4.935941850857478,1.0427628296655893
6.499999999999993,8,26.903197420575328,6.847139613162196,4.939001973946002,1.0673175731672861
6.5999999999999925,0,24.75882024469537,4.171967329173166,4.936552327331727,0.7557151082039246
6.5999999999999925,1,25.118093293390036,4.5105206719091235,4.929467768734466,0.7977060315824909
6.5999999999999925,2,25.462342960208186,4.863350367279965,4.924816535470265,0.8484941605543208
6.5999999999999925,3,25.78792935626098,5.232852412347299,4.922919268141163,0.9053697185353702
6.5999999999999925,4,26.091867843424776,5.620115561419808,4.923343107519424,0.9619039146968821
6.5999999999999925,5,26.373463276446415,6.023968707533137,4.925422316549456,1.0122773670459184
6.5999999999999925,6,26.634477016548814,6.4416650427937725,4.928462365689688,1.053236056793739
6.5999999999999925,7,26.87831870152374,6.8699629854317505,4.931845773695677,1.0845266907797646
6.5999999999999925,8,27.108799463485624,7.305978925990055,4.935158514867217,1.1090464611612538
6.699999999999992,0,25.080283659142253,4.5466095088929634,4.929467768711096,0.7974710914045919
6.699999999999992,1,25.4246161562873,4.8993582251567895,4.923046677742125,0.8394951586787844
6.699999999999992,2,25.753396299657894,5.265783665298004,4.919027238447033,0.8903036028328923
6.699999999999992,3,26.062889745805357,5.648121442900555,4.917709309928461,0.9471843134564747
6.699999999999992,4,26.350069781918762,6.047328515098229,4.918646034323093,1.0037091310820558
6.699999999999992,5,26.614288619951182,6.462201363185034,4.9211627417709565,1.05406131528906
6.699999999999992,6,26.857416178691103,6.890065799338919,4.9245610169140255,1.0949913963791782
6.699999999999992,7,27.08298809069555,7.327822361315155,4.928227013036697,1.126250860394431
6.699999999999992,8,27.294925506674,7.772745947958371,4.931765864525074,1.1507400914524073
6.799999999999992,0,25.385298687939525,4.933859244699076,4.923046677718608,0.8392589839148387
6.799999999999992,1,25.7141653134612,5.300206933532738,4.917267716805305,0.8813002562692314
6.799999999999992,2,26.026976581258474,5.6796070210321306,4.913852682023343,0.9321116459451593
6.799999999999992,3,26.319910968041235,6.074130788353113,4.91308116920406,0.9889811144703173
6.799999999999992,4,26.58990513845422,6.484602256653636,4.9144948840998275,1.0454843509957956
6.799999999999992,5,26.83635892325079,6.909788597402484,4.917413125822762,1.0958089070541195
6.799999999999992,6,27.0612460431158,7.347093827456694,4.921136140313985,1.1367093972385427
6.799999999999992,7,27.2682206133666,7.793566466916192,4.925055409563897,1.167940384329742
6.799999999999992,8,27.461306254835048,8.246644704771718,4.928795165101443,1.1924034608081764
6.8999999999999915,0,25.673421821674356,5.3330445983404555,4.917267716781671,0.8810631717808207
6.8999999999999915,1,25.986322986318047,5.712370420996024,4.912103722823286,0.923109514872209
6.8999999999999915,2,26.282691512174935,6.104101734714142,4.909261503128192,0.973910920889282
6.8999999999999915,3,26.558625969161227,6.510142044828395,4.909001123425753,1.0307572530600575
6.8999999999999915,4,26.811031863316963,6.931181471555597,4.910855138288973,1.0872304247455924
6.8999999999999915,5,27.03935699844001,7.365960624689494,4.914139297829461,1.13752344814446
6.8999999999999915,6,27.245674336381594,7.811966645444641,4.918154626957824,1.17839457699219
6.8999999999999915,7,27.433749185909875,8.266401215306903,4.922299250591887,1.2096000815801056
6.8999999999999915,8,27.607700250549023,8.72687007132622,4.926216158486845,1.2340412239657481
6.999999999999991,0,25.94423600552399,5.743477170944704,4.912103722799539,0.9228717831273128
6.999999999999991,1,26.240697610538984,6.1351379261515415,4.907523065808815,0.9649141915381179
6.999999999999991,2,26.52017490783166,6.538536438759685,4.905219027926641,1.0156963231052347
6.999999999999991,3,26.778693835080702,6.955405448653193,4.905433045950533,1.0725112910061991
6.999999999999991,4,27.013134226376227,7.38630039151221,4.907690542923346,1.128948909898182
6.999999999999991,5,27.222992311322084,7.829937799205089,4.911305814810176,1.179208426599503
6.999999999999991,6,27.41043591212324,8.2838923215342,4.915582393650424,1.2200513143372187
6.999999999999991,7,27.579334431496225,8.745523414413652,4.91992602535249,1.251234467040415
6.999999999999991,8,27.733894393710905,9.212608175423131,4.923997893896191,1.275657650873713
7.099999999999991,0,26.197350190227198,6.164453227484574,4.90752306578497,0.9646760219073327
7.099999999999991,1,26.476923522124068,6.5677850748317965,4.903490862440332,1.0067080383736364
7.099999999999991,2,26.739086521284733,6.982167602754411,4.901688349510488,1.0574645533604006
7.099999999999991,3,26.97979977290305,7.40916020771768,4.9023393620304,1.1142428801958983
7.099999999999991,4,27.195922953774915,7.849183047010812,4.904963959701181,1.1706418391250586
7.099999999999991,5,27.387001265690262,8.300930870303183,4.908876725713794,1.2208673658651343
7.099999999999991,6,27.555293165716648,8.762069792179158,4.913385077713185,1.261683762255915
7.099999999999991,7,27.704765203410634,9.230121184943687,4.917903066658942,1.2928477040357007
7.099999999999991,8,27.8397045517794,9.703036934678206,4.922109327972553,1.3172566065317504
7.19999999999999,0,26.43239910544451,6.595254614098671,4.90349086241641,1.0064695955102922
7.19999999999999,1,26.694660873528818,7.009574529089928,4.899970045746295,1.048486815511037
7.19999999999999,2,26.939112100105458,7.434239987498865,4.898631265179555,1.0992137322523516
7.19999999999999,3,27.161655306218616,7.870634842256628,4.899681870042857,1.1559524842420028
7.19999999999999,4,27.35913555458927,8.319043576401057,4.902638089367976,1.2123115379767402
7.19999999999999,5,27.531147646539875,8.778141328772431,4.906816215400635,1.2625037170122329
7.19999999999999,6,27.68003657339671,9.245689293975662,4.911528619141821,1.3032957911700027
7.19999999999999,7,27.809859197933932,9.719374506224138,4.916198086639037,1.3344435795848875
7.19999999999999,8,27.924976226080332,10.197326729444068,4.920519824807485,1.3588415476555604
7.29999999999999,0,26.649043239268813,7.035149540754939,4.899970045722302,1.0482482267795963
7.29999999999999,1,26.89359575352709,7.459756574184382,4.896922295070957,1.0902478791789125
7.29999999999999,2,27.119963636841522,7.8939870987604595,4.8960090797002795,1.1409430789317656
7.29999999999999,3,27.32399864558883,8.339047574828452,4.897422435794372,1.197641152547991
7.29999999999999,4,27.50253679695767,8.795086620798571,4.900676076021558,1.253960483663235
7.29999999999999,5,27.655223182262155,9.260761863397164,4.905089137447144,1.304120781966338
7.29999999999999,6,27.784485318078666,9.733932920354537,4.909979738939731,1.3448909551284087
7.29999999999999,7,27.894463622145423,10.212455893860326,4.914779615065044,1.3760254966383612
7.29999999999999,8,27.989585242996338,10.694641209550069,4.919199564066053,1.4004155314972293
7.39999999999999,0,26.846969001409782,7.48339328918905,4.896922295046881,1.0900092411482005
7.39999999999999,1,27.073440480728397,7.917569692589478,4.894308832727084,1.1319898359265221
7.39999999999999,2,27.28137977764562,8.360631679275834,4.8937832826159395,1.1826526453984503
7.39999999999999,3,27.46659519593785,8.813606798072602,4.89552356897929,1.239310338575348
7.39999999999999,4,27.625919294948986,9.276507824206831,4.899042001871644,1.2955911972754857
7.39999999999999,5,27.759048188597085,9.747976939128895,4.903661445343483,1.3457216611186777
7.39999999999999,6,27.868487967447262,10.225975307447333,4.908706322972723,1.3864724754313378
7.39999999999999,7,27.958455885648146,10.708531207887233,4.913617349268968,1.417596478681777
7.39999999999999,8,28.033438442698138,11.19413822879364,4.918119865811784,1.4419812331212474
7.499999999999989,0,27.02588904366661,7.939228894374661,4.894308832702972,1.1317512199784703
7.499999999999989,1,27.233934039000463,8.38224116281863,4.8920910954025185,1.1737122546077288
7.499999999999989,2,27.423126353876135,8.833386267028223,4.891916108846591,1.2243430985327333
7.499999999999989,3,27.589238164282254,9.293511639351959,4.893948891660125,1.2809617551374521
7.499999999999989,4,27.72910417020469,9.76249445008299,4.897701282497188,1.3372061631006034
7.499999999999989,5,27.842472260530375,10.238963501408689,4.9025005319839385,1.3873092199140649
7.499999999999989,6,27.931923173613377,10.720984448184467,4.907677720909637,1.4280432372219019
7.499999999999989,7,28.0017442890744,11.206760586048006,4.912682424788734,1.4591591830809876
7.499999999999989,8,28.05647434193118,11.69497089824478,4.917253440749519,1.4835409682611425
7.599999999999989,0,27.18554270928916,8.40188783721516,4.892091095378348,1.1734737117322944
7.599999999999989,1,27.37484262292738,8.852987710998637,4.890231289532183,1.215415428386902
7.599999999999989,2,27.54499700291131,9.311453838884589,4.890370992535518,1.2660155428487552
7.599999999999989,3,27.691749233834372,9.777952633546604,4.892663509034317,1.3225972605308955
7.599999999999989,4,27.81194175575533,10.252226118970622,4.8966209728213395,1.378807769750185
7.599999999999989,5,27.90537498208887,10.732891805853196,4.901575487384475,1.4288860700532882
7.599999999999989,6,27.974700367542123,11.218122629572843,4.906864969765683,1.4696057955213133
7.599999999999989,7,28.02426868610305,11.706299493828551,4.911947615803107,1.5007159203592892
7.599999999999989,8,28.058663751125717,12.196288747401379,4.916574574499298,1.5250967195642369
7.699999999999989,0,27.325696582301287,8.870590776796533,4.8902312895079945,1.2151769932437777
7.699999999999989,1,27.49596026246868,9.329016234685222,4.888692840555794,1.2571001797405026
7.699999999999989,2,27.646813846692513,9.794028551232536,4.889112924450249,1.3076713777621571
7.699999999999989,3,27.773979273671742,10.266112508916471,4.89163429284104,1.3642187702062754
7.699999999999989,4,27.87431231309194,10.74487566661802,4.895769993935387,1.4203982687367236
7.699999999999989,5,27.94766662788208,11.228926368432727,4.900857284365419,1.4704545618159612
7.699999999999989,6,27.996760425345236,11.716547485052475,4.906240951313141,1.5111623879580738
7.699999999999989,7,28.026001099473692,12.20629988075337,4.911387474139561,1.5422686772613505
7.699999999999989,8,28.040010329651974,12.697238980921483,4.916059254236801,1.5666501645835393
7.799999999999988,0,27.446145108472034,9.344548342438664,4.888692840531562,1.25686187407117
7.799999999999988,1,27.597109497837987,9.809524611305752,4.887440746322612,1.298767702156046
7.799999999999988,2,27.72842819931874,10.280296583182254,4.8881087232937706,1.349312183930395
7.799999999999988,3,27.83580905661049,10.757167085924879,4.890830087599237,1.4058281894725986
7.799999999999988,4,27.916126737345945,11.239610118008454,4.8951192906050105,1.461979746909131
7.799999999999988,5,27.969288834083436,11.726227028247056,4.900318901562249,1.5120167847240296
7.799999999999988,6,27.998076287271736,12.215413151678858,4.9057804922151345,1.5527149520668515
7.799999999999988,7,28.006946275019974,12.705911431057684,4.910978415223662,1.5838191419878829
7.799999999999988,8,28.000551066329912,13.19696781792996,4.91568524562719,1.6082027043131142
7.899999999999988,0,27.546711261060114,9.822961998892158,4.887440746298356,1.2985295376275785
7.899999999999988,1,27.678142078017693,10.293702597752151,4.886441844951555,1.3404194329443053
7.899999999999988,2,27.78972127811812,10.769437083045334,4.8873272310938045,1.390939633932792
7.899999999999988,3,27.877149961458326,11.250286285038413,4.890221849516998,1.4474273634220336
7.899999999999988,4,27.937327229145726,11.735591769769776,4.894641928840391,1.5035541098074074
7.899999999999988,5,27.970215220225466,12.22395011287276,4.899935392624734,1.5535745743451934
7.899999999999988,6,27.97865351374126,12.713871520468327,4.905460415218748,1.5942651455299068
7.899999999999988,7,27.967142161008244,13.204282896061262,4.910698758824564,1.6253687304011724
7.899999999999988,8,27.94035667528862,13.694621900640186,4.915432127480401,1.6497554914035755
7.999999999999988,0,27.62724722647811,10.305024992282629,4.8864418449272895,1.340181413501689
7.999999999999988,1,27.73893965905403,10.78073282290898,4.885665007263443,1.3820569522615327
7.999999999999988,2,27.830604895843376,11.260623215018757,4.88673944246334,1.4325554232039055
7.999999999999988,3,27.89794463931315,11.74463523662234,4.889782727415252,1.489018040862912
7.999999999999988,4,27.937887915264785,12.231979371334234,4.894313142345393,1.5451230735361603
7.999999999999988,5,27.95045194662235,12.721249694857082,4.899683909869168,1.5951295235018734
7.999999999999988,6,27.938530765986894,13.21107356743691,4.905259549147387,1.6358143681254247
7.999999999999988,7,27.90666030302049,13.700563495261033,4.910528731869668,1.6669186123243156
7.999999999999988,8,27.85953189993383,14.189349759143568,4.9152812909958445,1.6913094574553194
8.099999999999987,0,27.687635087411717,10.789923379707073,4.88566500723915,1.3818190760585134
8.099999999999987,1,27.779414481162785,11.269791871158343,4.885081263529797,1.4236819040714255
8.099999999999987,2,27.851022114845414,11.753023300137908,4.886318577015837,1.4741612177129673
8.099999999999987,3,27.89816762691793,12.239375483977526,4.889488094412418,1.5306018495651337
8.099999999999987,4,27.917815403488937,12.727929393836016,4.894110336021157,1.5866881632019914
8.099999999999987,5,27.910038195383628,13.217278927130536,4.8995436899976035,1.6366829965240544
8.099999999999987,6,27.877780201784695,13.70617075254002,4.905158704791711,1.6773637844528042
8.099999999999987,7,27.825606147251293,14.193904373230634,4.910450439983025,1.7084697373048205
8.099999999999987,8,27.758215720122084,14.680303319618854,4.915215909871813,1.7328653389844602
8.199999999999987,0,27.727787483526747,11.276837141632162,4.885081263505497,1.4234441650429737
8.199999999999987,1,27.799510006595703,11.760051452027305,4.884663873773844,1.4652959353550536
8.199999999999987,2,27.850947847178848,12.245802043478788,4.886040103610895,1.5157586153960174
8.199999999999987,3,27.877825893215665,12.733666269173394,4.8893155384520455,1.572180280563177
8.199999999999987,4,27.877149260166078,13.222597374926945,4.894013054013035,1.6282507163260616
8.199999999999987,5,27.849046565823187,13.711191444781521,4.899496008815079,1.678236145480825
8.199999999999987,6,27.796507779332025,14.198316473773728,4.905140623134887,1.7189143467415715
8.199999999999987,7,27.724119247393368,14.683460099775061,4.91044781376533,1.7500228594010785
8.199999999999987,8,27.63658145966167,15.166639443821314,4.915220886946807,1.7744237018033944
8.299999999999986,0,27.747648232565574,11.764941373322689,4.884663873749549,1.4650583244867488
8.299999999999986,1,27.799201503068748,12.250679649013618,4.884388350254714,1.5069006503967204
8.299999999999986,2,27.830389387515726,12.738121838158357,4.88588172443694,1.5573491187980468
8.299999999999986,3,27.83695930812855,13.226665890498115,4.889244819054333,1.6137546796369309
8.299999999999986,4,27.81596240163767,13.715139327347234,4.89400291908418,1.6698118899441252
8.299999999999986,5,27.7675833775861,14.202142820679557,4.899524111185231,1.7197899275614126
8.299999999999986,6,27.694853464598623,14.686667564042242,4.905189901683466,1.7604668172340778
8.299999999999986,7,27.602373372276976,15.168390201364653,4.9105065351996,1.7915785606927104
8.299999999999986,8,27.49483679297976,15.647521488471282,4.915282782436677,1.8159849636668337
8.399999999999986,0,27.747192897284986,12.253407549327655,4.884388350230422,1.506663156739708
8.399999999999986,1,27.778496560275673,12.740842239124987,4.884232440099168,1.5484975774364
8.399999999999986,2,27.789386868452116,13.229144135789824,4.885823326231695,1.5989341167755322
8.399999999999986,3,27.775641025194044,13.71753311996141,4.889257796955226,1.6553262444082923
8.399999999999986,4,27.734361393185065,14.204713199106259,4.894063549391747,1.7113726703529932
8.399999999999986,5,27.665788877023623,14.689292062760703,4.89961312178086,1.7613451229634134
8.399999999999986,6,27.5729913394277,15.170385818952779,4.905292904022425,1.8020217897727404
8.399999999999986,7,27.460576513120312,15.64786071260048,4.910613948946377,1.833137273321878
8.399999999999986,8,27.3332236512327,16.122120874017554,4.915389728242222,1.8575494151129204
8.499999999999986,0,27.72642928623744,12.741404853470652,4.8842324400748645,1.5482601889097725
8.499999999999986,1,27.737435529547987,13.229704073694236,4.884176075343438,1.5900881453858835
8.499999999999986,2,27.728013630254136,13.718030872595946,4.885846905224886,1.6405148734493964
8.499999999999986,3,27.693977772013216,14.205428669255923,4.889338342585111,1.6968960257598418
8.499999999999986,4,27.632486651253785,14.690480373426457,4.894180458050142,1.7529338846649487
8.499999999999986,5,27.54383734424726,15.171803141327544,4.89974994152468,1.8029023527949246
8.499999999999986,6,27.431129609321783,15.648639544408928,4.905437657085342,1.8435797103314904
8.499999999999986,7,27.29897079066172,16.12104573729193,4.910758962698229,1.874699299952521
8.499999999999986,8,27.15201802931218,16.589618653163114,4.915531332238627,1.8991172384863746
8.599999999999985,0,27.68539787879978,13.228101565732345,4.884176075319126,1.5898508494023056
8.599999999999985,1,27.676091879049416,13.716430510493995,4.884201296933869,1.631673668660632
8.599999999999985,2,27.646376499298302,14.203945940281164,4.885936471675571,1.6820925228909145
8.599999999999985,3,27.59211004451088,14.689516692828791,4.889472228644541,1.7384649325082744
8.599999999999985,4,27.51051254656116,15.171607197109502,4.894340940199577,1.7944962134979583
8.599999999999985,5,27.401937099911855,15.648846535404553,4.8999231339833695,1.8444620966156215
8.599999999999985,6,27.26951051123477,16.120605113682522,4.905613740034264,1.8851408963145813
8.599999999999985,7,27.11783226360363,16.587129009613086,4.910931940200497,1.9162648325933764
8.599999999999985,8,26.951529696143776,17.04920707047296,4.915698575925399,1.9406885251708978
8.699999999999985,0,27.624172167071578,13.712666496785367,4.884201296909572,1.6314364526060805
8.699999999999985,1,27.594572458992214,14.20018888698437,4.8842921585267955,1.6732553384875093
8.699999999999985,2,27.544615971409375,14.686056690935377,4.886077939184753,1.7236680682743317
8.699999999999985,3,27.47021220277647,15.168966317168444,4.889647011369787,1.7800337384565057
8.699999999999985,4,27.368647407259626,15.647266526639426,4.894533951667955,1.8360602042669447
8.699999999999985,5,27.240330412129204,16.119600787978708,4.900122805385129,1.8860247093371403
8.699999999999985,6,27.088410122828375,16.585468524513008,4.905812168087396,1.926705554511026
8.699999999999985,7,26.917470640726908,17.045305446714956,4.911124590021536,1.9578339697750113
8.699999999999985,8,26.732101811405812,17.500091105310542,4.915883708320518,1.982263291086932
8.799999999999985,0,27.542858909274617,14.194270460670252,4.88429215850249,1.6730181900809307
8.799999999999985,1,27.49301767322312,14.680150024617497,4.884434615239249,1.714834219313311
8.799999999999985,2,27.422906297994295,15.16353546562577,4.8862590033021736,1.7652423844435146
8.799999999999985,3,27.328492467764963,15.64295318601666,4.889851904453099,1.8216030911083743
8.799999999999985,4,27.20713342264091,16.116639282094226,4.894749982723765,1.8776262846537577
8.799999999999985,5,27.05929330502439,16.58325406080282,4.900340481378806,1.9275904372785702
8.799999999999985,6,26.888138075563976,17.042426947675516,4.90602527411629,1.9682737976424765
8.799999999999985,7,26.698228899759556,17.494782685075794,4.911329852670908,1.9994067321030786
8.799999999999985,8,26.494110452346852,17.941489991246783,4.916080138525015,2.0238414905300233
8.899999999999984,0,27.441598291077984,14.672087776110374,4.884434615214953,1.7145971268682585
8.899999999999984,1,27.37160155515325,15.155489754426373,4.88461640184364,1.756411249167198
8.899999999999984,2,27.28145547432118,15.63556113687055,4.8864690133227455,1.8068162230229905
8.899999999999984,3,27.16719281940455,16.110661011923828,4.890077648998199,1.8631735214656437
8.899999999999984,4,27.02624644894448,16.57891599975419,4.894980929873462,1.9191947759273837
8.899999999999984,5,26.859135271338666,17.039005680312627,4.90056898314711,1.9691594332345514
8.899999999999984,6,26.66903717471214,17.49069025934973,4.906246590363493,2.0098456594816105
8.899999999999984,7,26.460482816627092,17.934782593752924,4.911541788223095,2.0409830762342738
8.899999999999984,8,26.2379640547687,18.37263870594041,4.916282328968601,2.065423028438361
8.999999999999984,0,27.320563992847074,15.145297787195071,4.884616401819349,1.756174201774051
8.999999999999984,1,27.230531747405074,15.62539045459059,4.884826904278226,1.7979872430247432
8.999999999999984,2,27.12050513051491,16.10132065583483,4.8866988405867655,1.848390219358454
8.999999999999984,3,26.986588797701916,16.57128312533777,4.890316382351433,1.9047454544402087
8.999999999999984,4,26.826295719701758,17.033298375140472,4.89521996815764,1.9607659058627016
8.999999999999984,5,26.640198892179143,17.486067667081535,4.900802305025291,2.0107317704624967
8.999999999999984,6,26.431482929899836,17.929482550488245,4.906470732204407,2.051421108547947
8.999999999999984,7,26.204640409101742,18.364542758538466,4.911755466205195,2.082562907338664
8.999999999999984,8,25.964102772497448,18.792789426286173,4.91648569097123,2.107007771186226
9.099999999999984,0,27.179963162169066,15.613086394557243,4.884826904253938,1.7977502306689002
9.099999999999984,1,27.070049385728122,16.089042591250784,4.885057027767312,1.8395628983872727
9.099999999999984,2,26.940330326848006,16.56001059580442,4.88694074606409,1.8899649007034172
9.099999999999984,3,26.786989209275674,17.02402401322022,4.890561508158619,1.9463192195102177
9.099999999999984,4,26.607623463724735,17.47900078906371,4.895461425950613,2.002339821070234
9.099999999999984,5,26.402859367540398,17.923666242087577,4.901035495363587,2.052307455535466
9.099999999999984,6,26.175883000197246,18.358043607210877,4.906693285494914,2.0930000604115104
9.099999999999984,7,25.93114129912228,18.78331793180736,4.911966859150598,2.124146090124686
9.099999999999984,8,25.67299775980421,19.201212944362254,4.916686483920358,2.1485955560049694
9.199999999999983,0,27.020036292158366,16.07464758869057,4.885057027743027,1.8393259120164511
9.199999999999983,1,26.8904288887137,16.545646254498465,4.885299064312743,1.881138802431442
9.199999999999983,2,26.741239255719666,17.010838684245545,4.887188249515329,1.9315406951797356
9.199999999999983,3,26.568735742406684,17.468100839994715,4.890807569553463,1.9878950613284434
9.199999999999983,4,26.370604434359322,17.91525181009051,4.895700663863524,2.043916598601646
9.199999999999983,5,26.14752396159929,18.3510433038812,4.901264542002064,2.093886440038795
9.199999999999983,6,25.90267655800137,18.77563035702756,4.906910698706205,2.1345823886521313
9.199999999999983,7,25.6404559982018,19.19038144357162,4.9121727409043245,2.165732458511385
9.199999999999983,8,25.365150381286213,19.59720004037466,4.9168817190666445,2.190186199134957
9.299999999999983,0,26.84105700699851,16.529184977650786,4.885299064288466,1.880901833982927
9.299999999999983,1,26.69197765562859,16.99441268216564,4.885546561834092,1.9227154402036641
9.299999999999983,2,26.523572853353553,17.453025316521966,4.887436002084956,1.973117941133781
9.299999999999983,3,26.332202494189957,17.902744944423603,4.891050126987888,2.029473150058654
9.299999999999983,4,26.11564535398893,18.341295667628057,4.895933958993604,2.0854962567395434
9.299999999999983,5,25.874631367031235,18.76745787150609,4.901486263401925,2.1354686311145663
9.299999999999983,6,25.612333576115542,19.181518276409758,4.907120180750903,2.176167934536149
9.299999999999983,7,25.333085120391925,19.585026569913175,4.912370590489529,2.207321824038513
9.299999999999983,8,25.04109135369113,19.98006280939183,4.917069068681727,2.2317795028125316
9.399999999999983,0,26.643331756952595,16.975913302033476,4.885546561809834,1.9224784826005163
9.399999999999983,1,26.475035675310707,17.434565764752186,4.885794196798077,1.964293203435319
9.399999999999983,2,26.287704324727752,17.885805045093093,4.8876796637895215,2.0146968965889895
9.399999999999983,3,26.07779541372839,18.32720330677524,4.89128564186416,2.071053591271314
9.399999999999983,4,25.8431842780159,18.756393690572978,4.896158395447688,2.1270787649154217
9.399999999999983,5,25.584650992738297,19.17218748873278,4.9016982061929255,2.1770539008778593
9.399999999999983,6,25.305354042479483,19.57500275588319,4.907319605144195,2.2177565154815744
9.399999999999983,7,25.009558527253077,19.966567855559447,4.912558502103799,2.2489139831078324
9.399999999999983,8,24.70137982408383,20.349135939189164,4.917246781096125,2.2733752611941602
9.499999999999982,0,26.427199425684165,17.414059930792348,4.88579419677381,1.9640562505590196
9.499999999999982,1,26.23997504953975,17.865343525539185,4.886037651788321,2.0058723996401016
9.499999999999982,2,26.0340385855955,18.30842803874366,4.88791578701859,2.0562777485618864
9.499999999999982,3,25.805951665542338,18.740739981361614,4.891511366822007,2.112636435276556
9.499999999999982,4,25.553689882683173,19.159825707161858,4.896371761795238,2.1686640527287064
9.499999999999982,5,25.27808217943004,19.56452958580889,4.901898549651721,2.2186420947447605
9.499999999999982,6,24.982267106983826,19.955400419401258,4.907507420921475,2.259347932390101
9.499999999999982,7,24.670434409199938,20.334342387887745,4.91273510160827,2.2905087231507215
9.499999999999982,8,24.346602388626348,20.703777936980067,4.917413601943023,2.3149732653179704
9.599999999999982,0,26.193030853197868,17.842866332130136,4.8860376517640685,2.005635446285927
9.599999999999982,1,25.987199434637994,18.285999570622074,4.886273499122842,2.0474532612271075
9.599999999999982,2,25.763011625685238,18.720161507081457,4.888141706864248,2.097860622064484
9.599999999999982,3,25.517138917501818,19.14263749019483,4.891725243268974,2.1542216858108163
9.599999999999982,4,25.24766068114942,19.55089140229108,4.896572455871766,2.210252018063216
9.599999999999982,5,24.955453347479313,19.94380279550949,4.902086017416631,2.260233038723958
9.599999999999982,6,24.643630164728464,20.322050395278204,4.9076825705441145,2.3009419759284517
9.599999999999982,7,24.316298307472458,20.687711020101816,4.912899469697972,2.332105827816486
9.599999999999982,8,23.977372056085862,21.043372303203476,4.917568701770573,2.356573307198964
9.699999999999982,0,25.941228278044356,18.261589514348273,4.8862734990985945,2.0472163030471515
9.699999999999982,1,25.717143405280197,18.695804504251342,4.886499091325481,2.089035954423202
9.699999999999982,2,25.475089797296953,19.120291086178938,4.8883554388332335,2.139445588661757
9.699999999999982,3,25.211854557634346,19.532198174120516,4.891925806514506,2.1958093080247747
9.699999999999982,4,24.925624172208593,19.928911629141453,4.896759397154467,2.251842534315694
9.699999999999982,5,24.617321081399208,20.309348220785267,4.902259796568102,2.301826545732471
9.699999999999982,6,24.290027879965244,20.674315536415918,4.907844414866373,2.3425384318440257
9.699999999999982,7,23.94776208082997,21.026059541716222,4.9130510717959,2.3737050812744025
9.699999999999982,8,23.594327160008287,21.367328650870327,4.917711610049365,2.398175183150379
9.799999999999981,0,25.67222470266187,18.66950343216394,4.886499091301237,2.088798987861291
9.799999999999981,1,25.430271744623038,19.0940473054769,4.886712458998279,2.1306205878490925
9.799999999999981,2,25.170769033560155,19.508122181820013,4.888555584273074,2.1810326744917696
9.799999999999981,3,24.89062484414165,19.908745498337154,4.892112098676673,2.237399235746196
9.799999999999981,4,24.588135925970363,20.293229672447204,4.896931946765685,2.2934354567657405
9.799999999999981,5,24.26426915516995,20.660530651756172,4.902419464058056,2.34342242100237
9.799999999999981,6,23.922071154817317,21.011583587949936,4.90799266510556,2.384137085400387
9.799999999999981,7,23.56546282089731,21.348799794818383,4.913189694593602,2.415306271719823
9.799999999999981,8,23.198130223310987,21.675083769247845,4.917842155490304,2.43977869641886
9.89999999999998,0,25.386483185859333,19.06590035458472,4.88671245897403,2.130383610070896
9.89999999999998,1,25.127078664914542,19.480036662651134,4.886912216419288,2.172207220635377
9.89999999999998,2,24.850574000599785,19.88298126734042,4.888741243655082,2.2226218676873457
9.89999999999998,3,24.55400399288353,20.27162530969818,4.89228358937058,2.2789913780117548
9.89999999999998,4,24.23577861070044,20.643212461190252,4.897089835022838,2.3350306281274915
9.89999999999998,5,23.896907502497392,20.996739730187294,4.902564920351949,2.3850204666490535
9.89999999999998,6,23.540396046699765,21.33326830077454,4.908127321651367,2.42573772501747
9.89999999999998,7,23.1700617199102,21.655370734857378,4.91331538906447,2.4569091941712715
9.89999999999998,8,22.78946677886016,21.966102630889296,4.917960412498495,2.481383659216169
9.99999999999998,0,25.084496066499426,19.450092190968668,4.886912216395055,2.171970229456346
9.99999999999998,1,24.808086962728602,19.853102262851237,4.887097475003573,2.213795869999382
9.99999999999998,2,24.515057187784898,20.24421713352081,4.888911937700886,2.2642131251637774
9.99999999999998,3,24.202573206472053,20.620207043622592,4.892440104056606,2.3205856248779586
9.99999999999998,4,23.869160964873423,20.97825172888235,4.897233096343015,2.376627883330924
9.99999999999998,5,23.515871135917223,21.317391059914435,4.902696330052612,2.4266204854732587
9.99999999999998,6,23.145662638187687,21.638810489686648,4.908248619466805,2.4673401451988926
9.99999999999998,7,22.762242894425484,21.945239434939296,4.913428419699974,2.498513652640953
9.99999999999998,8,22.369044149416784,22.23987934119944,4.91806665351853,2.522989894224443
10.09999999999998,0,24.76678412243291,19.821411772382675,4.8870974749793445,2.21355886381271
10.09999999999998,1,24.473847112905673,20.212596033732112,4.887267764609309,2.2553865182324824
10.09999999999998,2,24.164797940125926,20.59120208840349,4.889067536211254,2.3058063787583105
10.09999999999998,3,23.83693964897754,20.953884878810122,4.892581759821566,2.3621818525344915
10.09999999999998,4,23.488916718326465,21.297765119922822,4.897362011223034,2.418227053586965
10.09999999999998,5,23.121819018483333,21.621927261965507,4.902814069200732,2.4682222840698778
10.09999999999998,6,22.73855386289776,21.92767903511949,4.908356979768428,2.5089441488265947
10.09999999999998,7,22.342712168382686,22.217902032795358,4.913529219661202,2.540119461757029
10.09999999999998,8,21.937590190161828,22.495938029872523,4.9181613069732,2.564597235647045
10.19999999999998,0,24.43389566867617,20.17921408580655,4.887267764585086,2.2551494959386282
10.19999999999998,1,24.124936305176853,20.557893335716656,4.8874229625445516,2.296979119070466
10.19999999999998,2,23.800401436748196,20.923333105260497,4.889208194354305,2.347401540723256
10.19999999999998,3,23.45773537008433,21.27207883827299,4.89270890828444,2.4037799277522693
10.19999999999998,4,23.09570346622614,21.60119724079304,4.89747705494964,2.4598279697931393
10.19999999999998,5,22.715432891597924,21.909818973353858,4.902918678892004,2.509825675314814
10.19999999999998,6,22.319774290771754,22.199371827626383,4.908452967626843,2.5505495488982968
10.19999999999998,7,21.912195818733597,22.472884619739748,4.913618351496291,2.5817264479101656
10.19999999999998,8,21.495851996851947,22.733833683653344,4.91824492045947,2.6062055298706923
10.29999999999998,0,24.08640559872835,20.522877459112124,4.887422962520315,2.2967420800095493
10.29999999999998,1,23.761957427318645,20.88839410277359,4.887563230028632,2.3385736034382933
10.29999999999998,2,23.42249761921358,21.240032917245188,4.8893342960907376,2.388998508587771
10.29999999999998,3,23.065616182365197,21.57423583546125,4.892822085256034,2.445379711705692
10.29999999999998,4,22.69020149938396,21.888020655074286,4.897578852646092,2.5014304653387773
10.29999999999998,5,22.297416062365436,22.18056578870695,4.9030108248122435,2.551430480299685
10.29999999999998,6,21.89004887598125,22.453416654424764,4.908537255095675,2.592156169779858
10.29999999999998,7,21.47143928669834,22.709744071050274,4.91369647304566,2.62333444999227
10.29999999999998,8,21.044594582511728,22.95315291995925,4.918318128839604,2.647814635799536
10.399999999999979,0,23.724914372802363,20.85180469507907,4.8875632300044085,2.3383365473261097
10.399999999999979,1,23.385537998537842,21.20352393032644,4.887688955783602,2.3801698845753223
10.399999999999979,2,23.031740073298273,21.540751057515976,4.889446404354226,2.430597169413217
10.399999999999979,3,22.661260495168186,21.85983066447912,4.892921966737993,2.4869810632133156
10.399999999999979,4,22.27311259428127,22.157736821461015,4.897668140227683,2.543034378368712
10.399999999999979,5,21.868492153684112,22.433697144045155,4.903091262265809,2.593036529780866
10.399999999999979,6,21.450121670516324,22.689372027431197,4.9086105894569485,2.6337638480393233
10.399999999999979,7,21.021205857563906,22.92806881729723,4.913764308140159,2.664943319789437
10.399999999999979,8,20.584599525442222,23.15351470096725,4.9183816268504446,2.689424424915887
10.499999999999979,0,23.350046956604267,21.16542415299346,4.887688955759385,2.3799328114438865
10.499999999999979,1,22.996329056629264,21.50273510908422,4.887800706372431,2.4217678625587746
10.499999999999979,2,22.628804867666716,21.8249648438324,4.88954521756342,2.4721974034742966
10.499999999999979,3,22.24536810844051,22.12836693356835,4.893009330817689,2.5285838414438695
10.499999999999979,4,21.845158765998228,22.40987697408824,4.897745730820426,2.5846395535634614
10.499999999999979,5,21.42940382013194,22.668773142142925,4.903160806260693,2.634643665205752
10.499999999999979,6,21.000754506377433,22.90682795230962,4.908673766162394,2.6753724329245663
10.499999999999979,7,20.562275311814048,23.12747955621463,4.91382262169061,2.7065529220857103
10.499999999999979,8,20.116663591214675,23.33457098782007,4.918436145848448,2.731034781116899
10.599999999999978,0,22.96245171414554,21.463190776614216,4.887800706348214,2.421530772701435
10.599999999999978,1,22.595004002289205,21.785507603789675,4.887899182858851,2.463367428251452
10.599999999999978,2,22.214389352718186,22.09218030679752,4.889631532014024,2.513799087403223
10.599999999999978,3,21.81865896965152,22.379377941178877,4.893085024998211,2.5701879081359627
10.599999999999978,4,21.407080987087383,22.644002944609674,4.897812486186547,2.62624584349211
10.599999999999978,5,20.98091143256277,22.885385318998736,4.903220306208298,2.6762517393752896
10.599999999999978,6,20.54272564916424,23.105406638127175,4.908727606048222,2.716981786541373
10.599999999999978,7,20.095442550270086,23.30762990476168,4.913872198767144,2.7481631345289697
10.599999999999978,8,19.64159733122706,23.49600733464328,4.918482434308828,2.772645600371334
10.699999999999978,0,22.562799257922126,21.74458706749438,4.8878991828346265,2.463130322173077
10.699999999999978,1,22.18225740381174,22.051349976049103,4.887985183337073,2.504968466706609
10.699999999999978,2,21.789210922726767,22.34193306106048,4.889706209685617,2.5554020968377316
10.699999999999978,3,21.381871896826393,22.61242749406086,4.893149938498485,2.6117931293801107
10.699999999999978,4,20.95963787529132,22.85970792555367,4.8978692927030725,2.6678531095915634
10.699999999999978,5,20.52379173420082,23.08315735101017,4.903270624802363,2.717860616797345
10.699999999999978,6,20.076828425743994,23.28476314726612,4.908772936409042,2.758591783783622
10.699999999999978,7,19.621516195829734,23.468206991063184,4.9139138272756036,2.7897738473048426
10.699999999999978,8,19.160223660325414,23.637543422095128,4.918521241706173,2.814256790235437
10.799999999999978,0,22.15178125964446,22.00912400280604,4.887985183312864,2.5047313450787323
10.799999999999978,1,21.75880376524618,22.29980025054315,4.888059570865002,2.546570860066817
10.799999999999978,2,21.354005744250706,22.57378911890232,4.889770150992877,2.597006308615302
10.799999999999978,3,20.935763270565925,22.82711066690077,4.893204979060313,2.653399377010583
10.799999999999978,4,20.503604352880462,23.05661717455429,4.897917041446389,2.70946122282258
10.799999999999978,5,20.058836470913455,23.26174570250574,4.903312620650791,2.7594701737808336
10.799999999999978,6,19.60386982859048,23.444585985282554,4.908810575527729,2.8002023120618365
10.799999999999978,7,19.141317174315382,23.60893198594961,4.913948283849788,2.831384962659371
10.799999999999978,8,18.673376415933518,23.758933530195854,4.918553305415378,2.8558682692621167
10.899999999999977,0,21.730109224559413,22.2563418969538,4.888059570840779,2.546333723687734
10.899999999999977,1,21.325376260954545,22.53042672402701,4.888123246330769,2.588174489996612
10.899999999999977,2,20.909527453654906,22.787345645716865,4.889824272015542,2.63861160255677
10.899999999999977,3,20.481105697805823,23.02305450309296,4.893251053810308,2.6950065296531815
10.899999999999977,4,20.03977028027775,23.234388659108642,4.897956611950205,2.7510700640496726
10.899999999999977,5,19.586850998248714,23.420840213327118,4.90334713425117,2.801080298316145
10.899999999999977,6,19.12466909930761,23.58459763043629,4.908841320275446,2.8418132708716977
10.899999999999977,7,18.65567727688348,23.72956057384576,4.913976322595749,2.872996394306352
10.899999999999977,8,18.1818989010899,23.859966950207294,4.918579340288633,2.897479966333191
10.999999999999977,0,21.29851323227546,22.485811206365923,4.888123246306566,2.5879373397564045
10.999999999999977,1,20.88272543938498,22.742828716612536,4.888177125787186,2.6297792396902184
10.999999999999977,2,20.456545826476027,22.98223165696391,4.889869485753271,2.6802178628822344
10.999999999999977,3,20.018686649965094,23.19991865629136,4.893289053740757,2.736614473472867
10.999999999999977,4,19.56893906654686,23.39271364155369,4.897988859223726,2.7926795241883475
10.999999999999977,5,19.108652867748198,23.560164626189383,4.9033749769207855,2.842690889782765
10.999999999999977,6,18.640056293791126,23.704555002644877,4.908865936416432,2.8834245712390816
10.999999999999977,7,18.16543770640105,23.82988336278165,4.913998666344225,2.914608066750703
10.999999999999977,8,17.68664241376002,23.9404683353571,4.918600030583482,2.939091819940373
11.099999999999977,0,20.857740646879364,22.69713327693794,4.8881771257629705,2.6295420765401625
11.099999999999977,1,20.431617898763747,22.93663726489224,4.888222121799897,2.671384995495413
11.099999999999977,2,19.99584542125725,23.15810865622521,4.889906686967677,2.7218249793005818
11.099999999999977,3,19.549307078043967,23.357395972426232,4.8933198413931835,2.778223102662232
11.099999999999977,4,19.091926259245007,23.5313172039885,4.898014603637874,2.834289504159029
11.099999999999977,5,18.62507039498516,23.67947705357473,4.90339692231411,2.8843018585203324
11.099999999999977,6,18.150870831436137,23.80424987164023,4.9088851512741005,2.9250361350735927
11.099999999999977,7,17.671447610163256,23.90972623332555,4.914016000088574,2.956219914554663
11.099999999999977,8,17.188464764772373,24.00029799022888,4.918616023937323,2.9807037774365672
11.199999999999976,0,20.40855479902946,22.889941033671107,4.888222121775689,2.67114782042189
11.199999999999976,1,19.97283493731453,23.111515756517868,4.888259128372677,2.7129916481948193
11.199999999999976,2,19.52822420039626,23.314671214035478,4.889936740195807,2.7634328478129584
11.199999999999976,3,19.07378000715928,23.495213011905676,4.893344241352734,2.819832319709488
11.199999999999976,4,18.60955811608165,23.649958712896847,4.898034623313206,2.875899914683719
11.199999999999976,5,18.13694121173137,23.778570383942093,4.903413700186249,2.9259131252955797
11.199999999999976,6,17.657960030764336,23.883509204133187,4.908899648439823,2.9666478944585375
11.199999999999976,7,17.174562601304565,23.9689506262664,4.914028966309521,2.997831881570108
11.199999999999976,8,16.68822878671658,24.039352098670584,4.918627927106652,3.0223157942759835
11.299999999999976,0,19.95173364261739,23.063899612100837,4.8882591283484675,2.7127544621971573
11.299999999999976,1,19.507171180532534,23.26716050588815,4.888289009033944,2.7545990939839617
11.299999999999976,2,19.054492130480668,23.4516474871938,4.889960470542766,2.8050413712677047
11.299999999999976,3,18.59292911294819,23.61313051174905,4.893363033186777,2.8614420354808985
11.299999999999976,4,18.12267016077967,23.748432223251218,4.8980496486687475,2.917510675957096
11.299999999999976,5,17.64511080462318,23.857272627060954,4.903425992086273,2.9675246206928523
11.299999999999976,6,17.162177633823337,23.942195449819636,4.908910064230525,3.0082597909007776
11.299999999999976,7,16.67564327124506,24.007453768905606,4.91403816191163,3.0394439201559456
11.299999999999976,8,16.18680083613963,24.057562890109907,4.918636303211832,3.0639278332578046
11.399999999999975,0,19.48806838851323,23.21870693115313,4.888289009009734,2.7543618980560245
11.399999999999975,1,19.03543318797464,23.403301270635147,4.888312587693359,2.7962072351839966
11.399999999999975,2,18.575469764529643,23.568799678290585,4.88997865688814,2.8466504597021594
11.399999999999975,3,18.107587282226653,23.710943787426693,4.893376946488585,2.9030521691499644
11.399999999999975,4,17.63210572550181,23.826566821905473,4.898060358818432,2.959121717220571
11.399999999999975,5,17.150431042674512,23.915447198306133,4.903434428691078,3.0091362844527794
11.399999999999975,6,16.66438232169788,23.9802067660933,4.908916985626687,3.0498717745608825
11.399999999999975,7,16.175553695508924,24.02516883985414,4.914044136520692,3.0810559903970436
11.399999999999975,8,15.685049291380166,24.05489874420697,4.918641670251355,3.105539863785955
11.499999999999975,0,19.018362117846756,23.35409420710417,4.8883125876691444,2.7959700302990216
11.499999999999975,1,18.558438041976125,23.51970170862981,4.888330641903269,2.837815980724649
11.499999999999975,2,18.09198680852038,23.66592443521303,4.889992027167796,2.8882600305038895
11.499999999999975,3,17.618595160258817,23.788483074207306,4.893386657714565,2.944662648002108
11.499999999999975,4,17.138714482184927,23.884226910111998,4.898067379528959,3.0007329762639765
11.499999999999975,5,16.653758695972595,23.952993141781963,4.903439588516432,3.0507480647794867
11.499999999999975,6,16.16543622346825,23.997477181367856,4.908920949447232,3.0914838034799077
11.499999999999975,7,15.675159935255332,24.022065072273822,4.91404739191487,3.1226680593372675
11.499999999999975,8,15.183843048388596,24.03136423382445,4.9186445006718404,3.1471518611542826
11.599999999999975,0,18.543428377227055,23.469826408351093,4.8883306418790555,2.837578767823257
11.599999999999975,1,18.077011920664173,23.616159775257113,4.888343898187825,2.8794252464308023
11.599999999999975,2,17.604880674547516,23.74285319042071,4.89000125542154,2.9298700084213953
11.599999999999975,3,17.126799686972113,23.845613807843414,4.893392788531857,2.9862734071409065
11.599999999999975,4,16.643350965111296,23.92131242503184,4.898071282480401,3.042344398876676
11.599999999999975,5,16.155953947887085,23.969845292182143,4.903441997768461,3.0923599176341154
11.599999999999975,6,15.666203420952735,23.99397669695324,4.908922442543059,3.1330958428169007
11.599999999999975,7,15.17532853686801,23.998147795550917,4.914048382386418,3.16428010023749
11.599999999999975,8,14.684050016891405,23.987000106349804,4.91864522180297,3.1887638058649683
11.699999999999974,0,18.064089758266483,23.565702650732305,4.888343898163619,2.8791880264115894
11.699999999999974,1,17.591988657612006,23.692508060740586,4.8883530291302435,2.9210349551431842
11.699999999999974,2,17.114995022945482,23.79945243981285,4.890006960324205,2.971480325451232
11.699999999999974,3,16.63305262444264,23.882236844458824,4.893395905419732,3.027884389118552
11.699999999999974,4,16.146873087042632,23.93775900014262,4.898072585596559,3.0839559382663957
11.699999999999974,5,15.65787890312468,23.96597437533259,4.90344213112297,3.1339718060288466
11.699999999999974,6,15.167548451576927,23.96971132747968,4.908921902813585,3.1747078641077895
11.699999999999974,7,14.676925031959508,23.953458415445013,4.914047515851955,3.2058920918662435
11.699999999999974,8,14.186535619270211,23.92188320346729,4.918644216986425,3.230375682985362
11.799999999999974,0,17.581176463747134,23.64155653316711,4.8883530291060335,2.920797728855695
11.799999999999974,1,17.1042082904583,23.74861406732807,4.888358651937201,2.9626450367011063
11.799999999999974,2,16.62317829569281,23.83562396104323,4.890009704946596,3.0130909206257805
11.799999999999974,3,16.138209077970373,23.898288619538803,4.893396520296237,3.0694955435104587
11.799999999999974,4,15.650140651243163,23.93353806449239,4.898071754238399,3.125567554461431
11.799999999999974,5,15.160396093966757,23.941387047414338,4.903440413244917,3.175583699333342
11.799999999999974,6,14.670334811721004,23.924723079918408,4.908919720874517,3.216319844554404
11.799999999999974,7,14.180812440156231,23.888074332818228,4.914045155552033,3.247504017829184
11.799999999999974,8,13.692161294536845,23.8361263195453,4.918641827249502,3.2719874815471868
11.899999999999974,0,17.095524862752907,23.697256413420735,4.888358651913009,2.9624078049409324
11.899999999999974,1,16.614515600808772,23.7843804261882,4.888361328226884,3.0042554278127023
11.899999999999974,2,16.13028224341511,23.851304971178774,4.89000999751837,3.0547017397234373
11.899999999999974,3,15.643126013066894,23.893741245968588,4.893395091965655,3.111106826451536
11.899999999999974,4,15.154013861724808,23.9086568807961,4.89806920307737,3.167179213709497
11.899999999999974,5,14.664366987036585,23.89612587291801,4.90343722088245,3.217195572603063
11.899999999999974,6,14.175423462906924,23.85908987130926,4.90891624222514,3.25793176635007
11.899999999999974,7,13.687849777041771,23.802108801118628,4.914041622199312,3.2891158659415236
11.899999999999974,8,13.201783009797069,23.729877998880028,4.918638353391559,3.3135991939904663
11.999999999999973,0,16.60797603707985,23.732705623834956,4.888361328202677,3.004018191318273
11.999999999999973,1,16.123758647732952,23.79974505390536,4.888361564813666,3.0458660718350266
11.999999999999973,2,15.637160448305055,23.846468223641132,4.890008292991292,3.096312734919998
11.999999999999973,3,15.148660770683401,23.868602551113813,4.893392028207767,3.152718200148639
11.999999999999973,4,14.659351834055096,23.86315852242644,4.898065298488488,3.208790887883689
11.999999999999973,5,14.170650492951665,23.830269241442835,4.903432885391407,3.258807405936642
11.999999999999973,6,13.683671343196488,23.772925385373473,4.908911769784204,3.29954361604642
11.999999999999973,7,13.198890569644332,23.69571072286457,4.914037196454412,3.3307276276461097
11.999999999999973,8,12.716249781602087,23.60332227211586,4.918634058370205,3.355210815653298
12.099999999999973,0,16.11937432123613,23.7478426269097,4.888361564789461,3.0456288312859994
12.099999999999973,1,15.632787297172413,23.79468124850927,4.888359815288628,3.087476918484291
12.099999999999973,2,15.1446668452843,23.821122044422097,4.8900049952253895,3.137923864397958
12.099999999999973,3,14.655669583015985,23.82291605299341,4.893387688352162,3.194329632381943
12.099999999999973,4,14.16701110907899,23.797121789412323,4.898060361324264,3.250402553904448
12.099999999999973,5,13.680101481227405,23.743931223520843,4.9034276955659815,3.300419183867949
12.099999999999973,6,13.19592988618093,23.66637886826333,4.908906566681402,3.341155383964524
12.099999999999973,7,12.714781381861798,23.569064385457768,4.914032121625052,3.3723392974786006
12.099999999999973,8,12.236402209592404,23.45667833224873,4.918629169889584,3.3968223443076746
12.199999999999973,0,15.630565838344612,23.74264111066664,4.88835981526443,3.087239674501106
12.199999999999973,1,15.142451749582415,23.769197725025485,4.888356482218539,3.1290879234936524
12.199999999999973,2,14.653654243740686,23.7753103076203,4.890000459642911,3.179535091927778
12.199999999999973,3,14.165006092234526,23.756760875656852,4.89338238620185,3.2359410960054316
12.199999999999973,4,13.677844171915126,23.710661063626493,4.898054669950143,3.2920141931841074
12.199999999999973,5,13.19356930280642,23.63726136572012,4.9034219006691915,3.3420308947964847
12.199999999999973,6,12.713043549948747,23.539634863779817,4.908900859208217,3.382767063652092
12.199999999999973,7,12.236360352221356,23.42238913673603,4.914026606500155,3.413950872580017
12.199999999999973,8,11.763071024838439,23.290200150707435,4.918623883108362,3.4384337797406688
12.299999999999972,0,15.142397034267455,23.717110023779874,4.88835648219433,3.128850676638282
12.299999999999972,1,14.653601068137398,23.723338590592476,4.888351919809329,3.1706990482340665
12.299999999999972,2,14.164972852183396,23.709112350409484,4.889994996216654,3.221146386433504
12.299999999999972,3,13.677519874491251,23.670251603946262,4.893376393190399,3.277552568455235
12.299999999999972,4,13.192697978595344,23.603926103416335,4.898048463439903,3.3336257910993927
12.299999999999972,5,12.711896322594164,23.51044442536022,4.9034157135734056,3.3836425304588698
12.299999999999972,6,12.235848358421876,23.392912888473063,4.908894839847621,3.424378651387394
12.299999999999972,7,11.764455746370182,23.255939000766407,4.914020828244711,3.4555623522561967
12.299999999999972,8,11.297075655277773,23.104176034101613,4.918618363398245,3.4800451233796537
12.399999999999972,0,14.655713212279721,23.671293550515664,4.888351919785127,-3.112723519312558
12.399999999999972,1,14.1670817098399,23.657183259252893,4.888346436900784,-3.0708750590128933
12.399999999999972,2,13.679468808168561,23.62264282761687,4.889988872678263,-3.020427596771336
12.399999999999972,3,13.19405497157344,23.563538077896958,4.893369941674232,-2.9640212870515033
12.399999999999972,4,12.712412492723386,23.477101778011217,4.898041944846247,-2.9079479818285305
12.399999999999972,5,12.235916464385399,23.363700045255847,4.9034093139364625,-2.857931232881362
12.399999999999972,6,11.765170457450452,23.226467047128438,4.90888867031563,-2.817195172594209
12.399999999999972,7,11.299884526689715,23.070002234470557,4.914014935294297,-2.7860115807409365
12.399999999999972,8,10.839222810640477,22.898928122319937,4.918612749096175,-2.761528940364033
12.499999999999972,0,14.171357070627703,23.605271025590717,4.888346436876578,-3.071112310152809
12.499999999999972,1,13.683736061881183,23.57084630659819,4.888340300178534,-3.0292637901754853
12.499999999999972,2,13.197982715855108,23.516051506165816,4.889982317849931,-2.9788162431257517
12.499999999999972,3,12.715448432570744,23.43680512711026,4.893363228278172,-2.9224098486787167
12.499999999999972,4,12.237819234530855,23.33040774212397,4.898035284475967,-2.8663364971008027
12.499999999999972,5,11.766453770564887,23.197282368993807,4.903402851351869,-2.8163197615822657
12.499999999999972,6,11.301824688050761,23.04058558923375,4.908882484560218,-2.7755837712094253
12.499999999999972,7,10.843450941415377,22.864900825770984,4.914009050199649,-2.7444002872694666
12.499999999999972,8,10.390305089237486,22.674811828762003,4.9186071542042065,-2.7199177710926254
12.599999999999971,0,13.690167245315301,23.519156789126196,4.888340300154326,-3.029501042834605
12.599999999999971,1,13.204400985608633,23.464477264519765,4.888333737507322,-2.9876524877545467
12.599999999999971,2,12.721348193556064,23.389522999715545,4.889975525019036,-2.937204889192019
12.599999999999971,3,12.242528867929826,23.29027224551527,4.893356417226615,-2.880798446347696
12.599999999999971,4,11.769739844708358,23.164098051250612,4.898028623112786,-2.824725078610048
12.599999999999971,5,11.304320978960739,23.011479597338386,4.903396448423933,-2.774708374967619
12.599999999999971,6,10.846613179161533,22.83559040711591,4.908876391674102,-2.7339724608300413
12.599999999999971,7,10.395945135629287,22.640989934041137,4.914003272381585,-2.7027890820494394
12.599999999999971,8,9.951099608968658,22.43221522358265,4.918601671000271,-2.678306682619474
12.69999999999997,0,13.212976860469247,23.413099981949774,4.888333737483121,-2.9878897415840497
12.69999999999997,1,12.729906370460874,23.338260356398344,4.888326941305415,-2.946041171943426
12.69999999999997,2,12.250390433653765,23.24327644391414,4.889968655289552,-2.8955935497733614
12.69999999999997,3,11.776115018269078,23.124193207024128,4.89334964360568,-2.839187088848786
12.69999999999997,4,11.308984665384674,22.978460718264767,4.898022075141874,-2.783113729735684
12.69999999999997,5,10.850318119219516,22.806613486455703,4.9033902037289225,-2.7330970723922077
12.69999999999997,6,10.400323962278554,22.6118364765341,4.908870478687323,-2.6923612383066287
12.69999999999997,7,9.9581417864723,22.398657273744938,4.91399768076583,-2.6611779606383053
12.69999999999997,8,9.52236666487837,22.17155836093423,4.918596372531738,-2.636695669894284
12.79999999999997,0,12.740612088637505,23.287284281580845,4.88832694128121,-2.946278426640221
12.79999999999997,1,12.261073700232105,23.192414173150556,4.888320071894283,-2.9044298593567266
12.79999999999997,2,11.785924777244563,23.077565112771005,4.889961840857068,-2.853982236631343
12.79999999999997,3,11.317014340319746,22.93885562267753,4.893343016513482,-2.797575782543253
12.79999999999997,4,10.856351340616245,22.773817211996942,4.8980157315413875,-2.7415024520219804
12.79999999999997,5,10.405231131056105,22.58303878874331,4.903384194633041,-2.691485851886303
12.79999999999997,6,9.963729610306753,22.369711240613228,4.90886481321459,-2.650750099571553
12.79999999999997,7,9.530798764895579,22.138322442247308,4.9139923362752445,-2.619566917988563
12.79999999999997,8,9.104848415556255,21.89329255128604,4.9185913149712395,-2.5950847275149256
12.89999999999997,0,12.27389072337588,23.1419275793146,4.88832007187008,-2.9046671146600893
12.89999999999997,1,11.798714634025444,23.027191290636768,4.888313260770781,-2.862818563420162
12.89999999999997,2,11.32875530587355,22.892675976744,4.889955188165372,-2.8123709588574983
12.89999999999997,3,10.866021612349588,22.734580439970046,4.893336622065085,-2.7559645317118813
12.89999999999997,4,10.412623438734276,22.55052189858511,4.898009662714051,-2.699891245497229
12.89999999999997,5,9.969830506711297,22.341142637149684,4.9033784799453635,-2.64987471043879
12.89999999999997,6,9.537585902942507,22.10963393810124,4.908859445938735,-2.609139039881547
12.89999999999997,7,9.114655826239723,21.860436192878836,4.913987284163052,-2.5779559486481505
12.89999999999997,8,8.699267600641843,21.597899580004025,4.9185865398196675,-2.5534738498862612
12.99999999999997,0,11.813620766476237,22.97728159891149,4.8883132607465765,-2.863055819108172
12.99999999999997,1,11.343629604248502,22.842877829026882,4.888306613759928,-2.8212072947413374
12.99999999999997,2,10.879673452708435,22.688929203231748,4.889948780912631,-2.7707597232205288
12.99999999999997,3,10.423917561409848,22.511721385141662,4.893330526228061,-2.7143533388735053
12.99999999999997,4,9.978569098875807,22.308961426480316,4.89800392114056,-2.658280108958798
12.99999999999997,5,9.544869959923261,22.081343873966226,4.9033731023914555,-2.608263644244936
12.99999999999997,6,9.122630520866853,21.832054877032576,4.9088544129188065,-2.5675280540262824
12.99999999999997,7,8.710433331891391,21.565479654436363,4.913982556177228,-2.536345046930133
12.99999999999997,8,8.30632629164819,21.285890873471494,4.918582075947693,-2.5118630313524566
13.09999999999997,0,11.36059903218079,22.793631457488523,4.88830661373572,-2.8214445506273296
13.09999999999997,1,10.896606433992549,22.63979295481473,4.888300214016725,-2.7795960614588218
13.09999999999997,2,10.439456635485746,22.46667760025734,4.889942682883824,-2.7291485344877815
13.09999999999997,3,9.991467514724853,22.270664349319297,4.893324777471621,-2.6727422050736513
13.09999999999997,4,9.55493970399857,22.049554056090518,4.897998543842524,-2.6166690402255535
13.09999999999997,5,9.131085123687239,21.80409232517436,4.903368090898649,-2.5666526489210924
13.09999999999997,6,8.719581770992578,21.537454654979406,4.90884973771579,-2.5259171365057034
13.09999999999997,7,8.318831004223995,21.2539634983998,4.913978172550273,-2.4947342070545018
13.09999999999997,8,7.926704678270644,20.957806614128835,4.918577941470693,-2.4702522663054696
13.199999999999969,0,10.915609770716518,22.591295169301674,4.888300213992518,-2.7798333173879906
13.199999999999969,1,10.458418976120342,22.41828832626598,4.88829412485363,-2.7379848695678017
13.199999999999969,2,10.00886691354098,22.226306004226043,4.889936940593252,-2.687537395720569
13.199999999999969,3,9.569420077516874,22.011826719489783,4.893319409218748,-2.6311311301442095
13.199999999999969,4,9.142468582647188,21.772748935143156,4.897993554648421,-2.575058036359664
13.199999999999969,5,8.729192279039651,21.509868021527744,4.90336346268929,-2.525041719688991
13.199999999999969,6,8.329137344964295,21.226343327169644,4.908845433333942,-2.484306281678988
13.199999999999969,7,7.940526716979649,20.92642705524166,4.9139741438132685,-2.453123423264902
13.199999999999969,8,7.5610598922918815,20.614214805905704,4.918574145456468,-2.428641549272305
13.299999999999969,0,10.47942331346539,22.3706230932052,4.888294124829432,-2.7382221254137793
13.299999999999969,1,10.02982577636537,22.17874748318277,4.8882883923779845,-2.6963737232209715
13.299999999999969,2,9.588649671207087,21.968230612738328,4.889931585727629,-2.645926308542988
13.299999999999969,3,9.15850583952658,21.735656655384645,4.8933144420965515,-2.5895201129349
13.299999999999969,4,8.741869741700544,21.47902532094605,4.897988966260662,-2.5334470938595413
13.299999999999969,5,8.339887117059735,21.199180367647706,4.903359225181827,-2.4834308515321055
13.299999999999969,6,7.95197311306208,20.89925952384703,4.908841503978772,-2.4426954838879524
13.299999999999969,7,7.576175323195502,20.583437381301284,4.913970472435768,-2.4115126899230868
13.299999999999969,8,7.210024871134918,20.255710291612054,4.918570689467529,-2.387030874983629
13.399999999999968,0,10.052794742064634,22.13199732466839,4.888288392353788,-2.6966109788826964
13.399999999999968,1,9.611568762718097,21.921585181964208,4.888283047929626,-2.6547626250044427
13.399999999999968,2,9.179532329833155,21.692898263536975,4.889926637384857,-2.6043152733848434
13.399999999999968,3,8.759436112451311,21.442632313454588,4.893309885983482,-2.547909151518108
13.399999999999968,4,8.353836632286663,21.168891750823327,4.897984782125615,-2.4918362088262374
13.399999999999968,5,7.963843536232665,20.87256726050596,4.903355377703383,-2.441820039326747
13.399999999999968,6,7.58874195560462,20.55676951834379,4.908837946636127,-2.401084737557545
13.399999999999968,7,7.226407522717539,20.22558827778769,4.913967154296369,-2.369902001583534
13.399999999999968,8,6.874207263050757,19.882913723944633,4.918567568942865,-2.345420238425959
13.499999999999968,0,9.636462583702574,21.875831033328964,4.888283047905416,-2.6549998804030484
13.499999999999968,1,9.204371963341348,21.647246677040705,4.888278110314509,-2.6131515761883617
13.499999999999968,2,8.78222309063673,21.4007856607644,4.889922104108958,-2.562704289699154
13.499999999999968,3,8.372901700479709,21.133261019208316,4.8933057418571,-2.5062982433683474
13.499999999999968,4,7.9790409510022995,20.842885162098227,4.8979809981114855,-2.4502253771052183
13.499999999999968,5,7.6017124772639315,20.530594158762774,4.903351913019737,-2.4002092779502577
13.499999999999968,6,7.240072633888473,20.1994662474271,4.908834752478731,-2.3594740372759784
13.499999999999968,7,6.891828771280831,19.8534992635646,4.9139641799901845,-2.3282913530507576
13.499999999999968,8,6.554188375858258,19.49647049185223,4.918564774425225,-2.3038096348796557
13.599999999999968,0,9.231147534843362,21.602567747157053,4.8882781102902975,-2.6133888312644453
13.599999999999968,1,8.808940255219039,21.35620694985535,4.888273587834165,-2.5715405769530975
13.599999999999968,2,8.39740971055964,21.09239854980274,4.889917985723898,-2.5210933561556397
13.599999999999968,3,7.999571706052532,20.80807838928594,4.893302003447559,-2.464687385518359
13.599999999999968,4,7.6181314785205405,20.50156996308931,4.89797760400125,-2.4086145944059636
13.599999999999968,5,7.254120797375498,20.17385310452032,4.903348818690709,-2.358598562368896
13.599999999999968,6,6.906568702635868,19.827968285571437,4.908831908108529,-2.3178633778570177
13.599999999999968,7,6.573018233065946,19.467814503458577,4.9139615359817554,-2.286680739421519
13.599999999999968,8,6.2505221710798935,19.097049604087253,4.918562292642258,-2.2621990599447317
13.699999999999967,0,8.837551215574303,21.31268058440215,4.8882735878099615,-2.5717778316639572
13.699999999999967,1,8.42595814569804,21.048969886662924,4.888269480114504,-2.5299296265912976
13.699999999999967,2,8.025758313247849,20.768270842064197,4.889914274973043,-2.4794824708110443
13.699999999999967,3,7.640092372925017,20.46764740473033,4.893298658705207,-2.4230765746932628
13.699999999999967,4,7.27173295761036,20.145537056677316,4.897974584809942,-2.3670038564013325
13.699999999999967,5,6.921670186050084,19.80296169914066,4.903346078260501,-2.3169878877076515
13.699999999999967,6,6.588807465854394,19.442918774894096,4.908829396644219,-2.2762527543867277
13.699999999999967,7,6.270527778567796,19.069201693913428,4.913959205612343,-2.2450701561141706
13.699999999999967,8,5.963734305239318,18.685342531851028,4.918560107450099,-2.220588509556375
13.799999999999967,0,8.456354956725875,21.00667143458863,4.888269480090296,-2.5301668809086024
13.799999999999967,1,8.056088589033887,20.72606740650999,4.8882657797402205,-2.4883187236873208
13.799999999999967,2,7.667912237221682,20.428963691191697,4.889910958972269,-2.43787163125802
13.799999999999967,3,7.2950859685466405,20.112557437011098,4.8932956910918115,-2.381465807424834
13.799999999999967,4,6.940445012527583,19.775402818089155,4.897971921936263,-2.3253931588088657
13.799999999999967,5,6.604936124120888,19.418562034862926,4.903343672293438,-2.2753772493041797
13.799999999999967,6,6.287338977938693,19.044984312574787,4.908827198664417,-2.2346421622566863
13.799999999999967,7,5.984881029535593,18.658350907894743,4.913957169971691,-2.2034595988868753
13.799999999999967,8,5.694321220005024,18.262062012516118,4.9185582006490485,-2.1789779799917346
13.899999999999967,0,8.088218621865693,20.685070089920504,4.888265779716005,-2.488555977594854
13.899999999999967,1,7.699971839997084,20.38805854085286,4.888262473703321,-2.4467078662749198
13.899999999999967,2,7.324490923243684,20.075064522221,4.889908020487001,-2.3962608347538987
13.899999999999967,3,6.965149707710835,19.743423228444122,4.893293080706551,-2.339855080147533
13.899999999999967,4,6.624841111668658,19.391808028631175,4.89796959416034,-2.283782497456024
13.899999999999967,5,6.304466888031291,19.021319584038253,4.903341579266542,-2.2337666427489693
13.899999999999967,6,6.002685091766956,18.634853797659762,4.908825293017474,-2.1930315971857404
13.899999999999967,7,5.716572452661373,18.235973401023827,4.913955408644959,-2.161849063846616
13.899999999999967,8,5.442749282779158,17.8279408164822,4.918556552681606,-2.1373674678696055
13.999999999999966,0,7.733779466212502,20.348433328546925,4.888262473679122,-2.4469451197665792
13.999999999999966,1,7.358224346536912,20.03552846635921,4.888259544675719,-2.405097051974739
13.999999999999966,2,6.996088842826921,19.707186015342362,4.889905439044188,-2.354650078330989
13.999999999999966,3,6.650854719357598,19.360883828734757,4.8932908052583475,-2.298244389278153
13.999999999999966,4,6.325467575305007,18.99541676718603,4.897967578499033,-2.242171868331276
13.999999999999966,5,6.020782601011488,18.6119220478789,4.903339776330372,-2.1921560639135986
13.999999999999966,6,5.735338555463802,18.213237239225798,4.908823657508881,-2.1514210552320674
13.999999999999966,7,5.466066503609383,17.802800380992515,4.913953900345094,-2.12023854745052
13.999999999999966,8,5.209453979242094,17.383730479288996,4.91855514322258,-2.095756970144305
14.099999999999966,0,7.393651034458213,19.997343951229738,4.888259544651518,-2.4053343050527207
14.099999999999966,1,7.0314376834364225,19.669087492527403,4.88825697211708,-2.3634862781129904
14.099999999999966,2,6.6832744697585715,19.325965045985747,4.889903191891115,-2.3130393588899825
14.099999999999966,3,6.352745058339909,18.9656014894551,4.893288840896684,-2.2566337312807883
14.099999999999966,4,6.0428426301389795,18.586915261366826,4.89796585093093,-2.200561267622797
14.099999999999966,5,5.754374332838402,18.191078166694584,4.903338239949756,-2.1505455089688486
14.099999999999966,6,5.485762159416504,17.78086452795258,4.908822269477648,-2.10981053279711
14.099999999999966,7,5.233796822890879,17.359581742378133,4.913952623441675,-2.07862804650091
14.099999999999966,8,4.994839159272159,16.93020000117494,4.918553951671841,-2.0541464840949244
14.199999999999966,0,7.068422099421362,19.632409773040877,4.888256972092879,-2.3637235307862263
14.199999999999966,1,6.720177528823336,19.289370005840922,4.888254733229885,-2.3218755418228882
14.199999999999966,2,6.3865892964403566,18.932061583034233,4.889901254813363,-2.2714286732780264
14.199999999999966,3,6.071336763887217,18.55826051834429,4.893287162913202,-2.2150231027187437
14.199999999999966,4,5.777455512341472,18.167010700297297,4.897964387003161,-2.1589506917464574
14.199999999999966,5,5.5057032497601615,17.7595164936601,4.903336946436093,-2.108934974394283
14.199999999999966,6,5.254387935043489,17.338484173218237,4.908821106272363,-2.0682000266229106
14.199999999999966,7,5.020165484997301,16.90708476904186,4.913951556396187,-2.037017558135379
14.199999999999966,8,4.799276337565388,16.468134516328924,4.918552957559069,-2.0125360073110543
14.299999999999965,0,6.758655643387924,19.25426257180115,4.888254733205664,-2.3221127941055766
14.299999999999965,1,6.424982685329611,18.897033372256722,4.888252803773965,-2.2802648401302394
14.299999999999965,2,6.106546896771214,18.52615754704876,4.88989960282443,-2.229818018353027
14.299999999999965,3,5.807116966419278,18.139566095395274,4.893285746326514,-2.1734125002949796
14.299999999999965,4,5.529765620646932,17.736430011057397,4.897963162331697,-2.117340137364625
14.299999999999965,5,5.275199816079343,17.317984134225505,4.903335872382382,-2.0673244569806926
14.299999999999965,6,5.0416164067232225,16.886862007897122,4.9088201456379235,-2.0265895337840605
14.299999999999965,7,4.825542302111298,16.446092806352517,4.913950678114175,-1.995407079812944
14.299999999999965,8,4.623104050184014,15.998333934137804,4.918552140870485,-1.9709255376758217
14.399999999999965,0,6.464887883922787,18.863556995052207,4.888252803749774,-2.280502092040658
14.399999999999965,1,6.1463641476155075,18.492756799903958,4.888251158752953,-2.238654170024865
14.399999999999965,2,5.843632037216622,18.10895563046155,4.88989821073905,-2.1882073910357036
14.399999999999965,3,5.560543044278807,17.710243052762554,4.893284566361741,-2.131801920882582
14.399999999999965,4,5.300201720993908,17.29591860090207,4.8979621530065724,-2.075729601397239
14.399999999999965,5,5.0632630487977455,16.867245453344033,4.903334995011768,-2.0257139538267985
14.399999999999965,6,4.847815898197805,16.42677986309792,4.908819366022762,-1.9849790516755015
14.399999999999965,7,4.650264183618532,15.977403905533256,4.913949968223642,-1.9537966092973247
14.399999999999965,8,4.466627268163146,15.52161155478346,4.918551482306372,-1.9293150733471218
14.499999999999964,0,6.187627345858816,18.460969427431273,4.88825115872873,-2.2388914215842237
14.499999999999964,1,5.884804217894006,18.077240163943078,4.888249772984725,-2.1970435285190746
14.499999999999964,2,5.598299837625492,17.681178081766188,4.889897053642331,-2.1465967883506707
14.499999999999964,3,5.3320418318645775,17.271034620592523,4.893283598836577,-2.0901913615464958
14.499999999999964,4,5.089161204108653,16.846239067422726,4.897961335912875,-2.0341190810263075
14.499999999999964,5,4.870259826632523,16.408080752751374,4.903334292449779,-1.9841034623311988
14.499999999999964,6,4.673321894669728,15.959034215134775,4.908818746816319,-1.9433685779970609
14.499999999999964,7,4.494634552544797,15.501829442479119,4.9139494072887615,-1.912186144638096
14.499999999999964,8,4.330116869204645,15.038792661588925,4.918550963477978,-1.8877046127376278
14.599999999999964,0,5.927353981091645,18.04719682039,4.888249772960517,-2.1972807797506837
14.599999999999964,1,5.640755671008288,17.651202795605165,4.888248621568244,-2.1554329126949012
14.599999999999964,2,5.370974983268544,17.24356545579819,4.889896107266365,-2.1049862074581425
14.599999999999964,3,5.122008880556138,16.822701140940026,4.893282820464874,-2.0485808195579644
14.599999999999964,4,4.897009397336317,16.388169878880483,4.8979606889780545,-1.9925085736951118
14.599999999999964,5,4.696524254617371,15.941284920584533,4.9033337439302525,-1.9424929801807396
14.599999999999964,6,4.518436461711653,15.484434807074434,4.908818268526032,-1.9017581107356942
14.599999999999964,7,4.358922819942345,15.020192713438746,4.913948976967568,-1.8705756841504806
14.599999999999964,8,4.213809168384466,14.550713092554467,4.918550567051984,-1.846094154494178
14.699999999999964,0,5.684518337723649,17.62295548627069,4.888248621544044,-2.1556701636232942
14.699999999999964,1,5.414640970527557,17.215382237498133,4.88824768025767,-2.1138223197410992
14.699999999999964,2,5.162050989481779,16.796875332262953,4.889895348284847,-2.063375645677218
14.699999999999964,3,4.930807773728266,16.36601875199373,4.893282209087637,-2.006970292402648
14.699999999999964,4,4.724078931928229,15.922504026994067,4.897960191354592,-1.9508980771030495
14.699999999999964,5,4.5423570854043405,15.46766605567896,4.903333329943218,-1.9008825053361125
14.699999999999964,6,4.383427722008962,15.003803247248499,4.908817912901572,-1.8601476481461352
14.699999999999964,7,4.243363918147106,14.533327509995933,4.9139486601210525,-1.8289652263944043
14.699999999999964,8,4.117905508695574,14.058217793562376,4.918550276849501,-1.8044836974770535
14.799999999999963,0,5.459540780015676,17.188979858815834,4.888247680233468,-2.114059570391418
14.799999999999963,1,5.2068515372376325,16.770532967326876,4.888246925755212,-2.0722117469814445
14.799999999999963,2,4.971889520206366,16.341881004725273,4.889894754536389,-2.0217651005021127
14.799999999999963,3,4.758769497058028,15.90177804488683,4.8932817438414915,-1.9653597777835274
14.799999999999963,4,4.570669166896184,15.45004765451558,4.897959823547708,-1.9092875891970253
14.799999999999963,5,4.408025198281834,14.988044068927783,4.903333032333816,-1.8592720360154147
14.799999999999963,6,4.2685293908527076,14.517971587160629,4.908817663014791,-1.8185371887305517
14.799999999999963,7,4.148157893724726,14.042076675822386,4.913948440881409,-1.7873547701532415
14.799999999999963,8,4.042571912143443,13.562159355760306,4.9185500779069855,-1.762873240739438
14.899999999999963,0,5.2528107605152705,16.746021222251144,4.888246925730996,-2.0724489973789018
14.899999999999963,1,5.017747071310241,16.31742509223369,4.888246335932694,-2.0306011918953897
14.899999999999963,2,4.800819761621338,15.879370142328868,4.889894305185885,-1.9801545696123524
14.899999999999963,3,4.606191865229706,15.430782695418692,4.8932814052733296,-1.923749273619598
14.899999999999963,4,4.43704567044457,14.971618659972208,4.8979595674957395,-1.8676771081602692
14.899999999999963,5,4.293761136822349,14.503249264128355,4.9033328343592455,-1.817661570676449
14.899999999999963,6,4.173940371196947,14.027780881255577,4.908817503301764,-1.776926731217824
14.899999999999963,7,4.073469560818021,13.547290647706344,4.913948304685421,-1.7457443144127651
14.899999999999963,8,3.9879387920042,13.063396539661916,4.9185499565045845,-1.7212627835074643
14.999999999999963,0,5.064686145638303,16.29484641113755,4.888246335908487,-2.0308384420648014
14.999999999999963,1,4.847654929340258,15.856843016017326,4.888245889991511,-1.9889906521321004
14.999999999999963,2,4.649137851967755,15.410143426563215,4.8898939808328965,-1.9385440508778042
14.999999999999963,3,4.473339006043241,14.953848073059248,4.893281175409126,-1.8821387780409982
14.999999999999963,4,4.323439759889811,14.488045281993534,4.897959406610856,-1.826066632399119
14.999999999999963,5,4.1997627059704286,14.014120900777884,4.903332720710836,-1.7760511079981516
14.999999999999963,6,4.09982440898973,13.534079731049012,4.908817419573687,-1.7353162745427688
14.999999999999963,7,4.019428215502572,13.049825983388565,4.913948238279465,-1.7041338583405305
14.999999999999963,8,3.9541007267485573,12.562792788525954,4.918549900168099,-1.6796523251610063
15.099999999999962,0,4.895492595887264,15.836236483241654,4.888245889967303,-1.9892279020975348
15.099999999999962,1,4.696869557343726,15.389584081538755,4.888245568569717,-1.947380125518977
15.099999999999962,2,4.51710636856464,14.93501316544021,4.889893763575065,-1.8969335423595304
15.099999999999962,3,4.360440902830732,14.471799829647386,4.893281037784641,-1.840528289381494
15.099999999999962,4,4.230048100873257,14.000164665679614,4.897959325786953,-1.7844561605285099
15.099999999999962,5,4.126192629276333,13.521505741311497,4.903332677507439,-1.734440646861767
15.099999999999962,6,4.046309809380785,13.037722816144218,4.908817399002096,-1.6937058178257682
15.099999999999962,7,3.986127411649675,12.550543878760362,4.913948229700939,-1.6625234012660384
15.099999999999962,8,3.9411162960261352,12.061214733593552,4.918549897649072,-1.6380418652154634
15.199999999999962,0,4.745523001792826,15.370985367722533,4.888245568545507,-1.9476173753035
15.199999999999962,1,4.565651980710553,14.916457190666067,4.888245353804402,-1.9057696100655201
15.199999999999962,2,4.404953872915538,14.454801887483248,4.8898936370338655,-1.8553230423071894
15.199999999999962,3,4.267692995982672,13.985472470231608,4.893280977444265,-1.7989178061688524
15.199999999999962,4,4.1570323665695135,13.508821413497431,4.897959311380487,-1.742845691356576
15.199999999999962,5,4.073178266875349,13.02625658530373,4.903332692265444,-1.6928301863320687
15.199999999999962,6,4.013489214302267,12.539569414685007,4.9088174300835,-1.6520953603530257
15.199999999999962,7,3.9736247986883453,12.05030867699709,4.913948268241041,-1.6209129426618434
15.199999999999962,8,3.9490079789964203,11.559530693777646,4.918549938887566,-1.5964314033046374
15.299999999999962,0,4.61503697656709,14.899898490977229,4.888245353780201,-1.9060068596909623
15.299999999999962,1,4.454229352005473,14.438281404151166,4.888245229356661,-1.8641591039633003
15.299999999999962,2,4.312874514702489,13.970340917967572,4.889893586349562,-1.8137125491536816
15.299999999999962,3,4.195255844281535,13.495707908532435,4.893280980914458,-1.7573073271136992
15.299999999999962,4,4.104518957486429,13.014866123220273,4.897959351170021,-1.701235223868858
15.299999999999962,5,4.040811394705942,12.529230793177222,4.903332753850625,-1.6512197256389562
15.299999999999962,6,4.001419441811151,12.040481915812268,4.90881750258793,-1.6104849015576903
15.299999999999962,7,3.981942021549477,11.549986372213592,4.913948344393116,-1.57930248212574
15.299999999999962,8,3.977762115183503,11.058609172407337,4.918550014961619,-1.5548209391647738
15.399999999999961,0,4.504260406357339,14.423791382526934,4.888245229332449,-1.864396353450136
15.399999999999961,1,4.362794557409144,13.955884523866303,4.888245180405708,-1.8225486055828448
15.399999999999961,2,4.241027695360591,13.482468939881656,4.889893598150826,-1.7721020615076526
15.399999999999961,3,4.143254846635308,13.003354009532895,4.893281036156454,-1.7156968510973187
15.399999999999961,4,4.072598782346832,12.519153915446859,4.897959434298783,-1.6596247572123888
15.399999999999961,5,4.029148045352544,12.03128880198006,4.903332852415696,-1.6096092641596642
15.399999999999961,6,4.010121387473845,11.541324326705091,4.90881760749536,-1.5688744410019857
15.399999999999961,7,4.011064682966727,11.050443110237875,4.913948449790038,-1.5376920193641581
15.399999999999961,8,4.02732892792266,10.559317353634732,4.918550118026659,-1.5132104726198707
15.499999999999961,0,4.413385058887428,13.94348826336161,4.888245180381503,-1.8227858549500715
15.499999999999961,1,4.291505882487918,13.470101659860008,4.8882451936181095,-1.780938113468
15.499999999999961,2,4.1895377918215395,12.992030542106665,4.889893660504781,-1.730491578144366
15.499999999999961,3,4.111780024697419,12.50926312172627,4.893281132503571,-1.6740863771588086
15.499999999999961,4,4.061327100434899,12.022542953255723,4.897959551204806,-1.618014290680017
15.499999999999961,5,4.038208410791052,11.533292635807488,4.903332979327786,-1.5679988014017954
15.499999999999961,6,4.039579987965175,11.04296077679686,4.9088177369233215,-1.5272639783604973
15.499999999999961,7,4.060942368199849,10.552543689103599,4.913948577133816,-1.4960815541767971
15.499999999999961,8,4.097622610357805,10.062519601112351,4.918550241247814,-1.4716000035682058
15.59999999999996,0,4.3425682511715396,13.4598206191916,4.888245193593905,-1.7811753627331197
15.59999999999996,1,4.240486737876843,12.98177378471848,4.888245257097269,-1.7393276263284116
15.59999999999996,2,4.158493940909038,12.4998747573328,4.889893762851569,-1.6888810979954851
15.59999999999996,3,4.100885866752874,12.014290601567764,4.893281260586459,-1.6324759044819723
15.59999999999996,4,4.070723425682422,11.525892956563073,4.89795969354177,-1.5764038236951925
15.59999999999996,5,4.067976807206609,11.036104413451863,4.903333127088347,-1.5263883369873013
15.59999999999996,6,4.089744246945149,10.546254021760685,4.908817884048493,-1.4856535134046711
15.59999999999996,7,4.131488732137328,10.057150061861893,4.913948720120024,-1.4544710864425692
15.59999999999996,8,4.188521473839918,9.56907596154388,4.91855037872755,-1.429989531970158
15.69999999999996,0,4.291932576881054,12.973625761081298,4.888245257073061,-1.739564875507378
15.69999999999996,1,4.209825445355051,12.491746277740388,4.888245360317695,-1.6977171430305271
15.69999999999996,2,4.147949884762606,12.00685359224971,4.889893895927759,-1.6472706201380136
15.69999999999996,3,4.1105912331431425,11.519293332690273,4.893281412250344,-1.5908654323821394
15.69999999999996,4,4.100771492662423,11.030063713761777,4.897959854093996,-1.5347933557973206
15.69999999999996,5,4.118401701945318,10.540584855869891,4.903333289248938,-1.4847778706374988
15.69999999999996,6,4.160527323168605,10.05206394985898,4.908818043024899,-1.4440430459885398
15.69999999999996,7,4.222581648626678,9.565119844308711,4.91394887335945,-1.412860616106793
15.69999999999996,8,4.2998681584681275,9.079840675702979,4.918550525430897,-1.3883790578372153
15.79999999999996,0,4.261565693841074,12.48574537596195,4.888245360293488,-1.6979543921377835
15.79999999999996,1,4.19957508468728,12.000867461451094,4.88824549404818,-1.6561066625876326
15.79999999999996,2,4.157923877559666,11.513820552560599,4.889894051681821,-1.6056601437828735
15.79999999999996,3,4.140879323394861,11.025128242453142,4.89328158046683,-1.5492549602932362
15.79999999999996,4,4.151419284549508,10.535913593222972,4.897960026687937,-1.4931828866279098
15.79999999999996,5,4.189395802552845,10.047591796055386,4.903333460324671,-1.4431674021592007
15.79999999999996,6,4.25180668067431,9.561246093247,4.908818208900772,-1.4024325760357281
15.79999999999996,7,4.334063421772592,9.077304830214736,4.913949032298712,-1.3712501431696702
15.79999999999996,8,4.43146990540718,8.595660699500772,4.918550677109883,-1.346768581222186
15.89999999999996,0,4.251520172027377,11.997024069538126,4.888245494023975,-1.6563439116361525
15.89999999999996,1,4.209753401498665,11.509987132994919,4.888245650267153,-1.6144961841492238
15.89999999999996,2,4.18839865369856,11.021629165378982,4.889894223184738,-1.5640496682633107
15.89999999999996,3,4.191697705109662,10.532650818397038,4.893281759243031,-1.507644487755239
15.89999999999996,4,4.222579122998263,10.044298057242074,4.897960206102459,-1.4515724159175574
15.89999999999996,5,4.2808362077450495,9.55797869390167,4.903333635707403,-1.4015569314319811
15.89999999999996,6,4.363424300792252,9.074650146811418,4.908818377535551,-1.3608221035277097
15.89999999999996,7,4.465741058835418,8.594549516631485,4.913949193141452,-1.3296396676759854
15.89999999999996,8,4.583098890507916,8.11737423766499,4.91855083022863,-1.3051581022105438
15.99999999999996,0,4.261813402329157,11.508307904115675,4.888245650242939,-1.6147334331505385
15.99999999999996,1,4.240342776343547,11.019955092953197,4.888245822073179,-1.572885706990022
15.99999999999996,2,4.239321457498035,10.531131501570908,4.889894404538157,-1.5224391930233652
15.99999999999996,3,4.2629584045649604,10.042713627177758,4.893281943529994,-1.466034014402164
15.99999999999996,4,4.314127819783379,9.556068181005742,4.897960387979616,-1.4099619434738555
15.99999999999996,5,4.392564620048059,9.07259315862822,4.903333811580216,-1.3599464583965957
15.99999999999996,6,4.495186955600497,8.593118497111012,4.908818545518711,-1.3192116284932562
15.99999999999996,7,4.617386604255646,8.117689641829076,4.913949352771381,-1.2880291897059668
15.99999999999996,8,4.754492618651032,7.645809292571395,4.918550981890404,-1.2635476209128225
16.09999999999996,0,4.292427566236644,11.020442933886994,4.888245822048965,-1.573122955954311
16.09999999999996,1,4.291290255022199,10.53161967413936,4.8882460035930695,-1.5312752304989197
16.09999999999996,2,4.310604134361497,10.043176700604956,4.889894590782017,-1.480828717606614
16.09999999999996,3,4.3545380588679015,9.556164838547076,4.893282129132039,-1.4244235399506824
16.09999999999996,4,4.425906889937663,9.072069179147551,4.897960568737277,-1.3683514691702237
16.09999999999996,5,4.524387619737967,8.592275481332718,4.903333984834282,-1.318335983044495
16.09999999999996,6,4.646866542356344,8.117484763969124,4.908818710091058,-1.2776011509990672
16.09999999999996,7,4.7887375342241665,7.647550738399148,4.91394950867796,-1.2464187093672479
16.09999999999996,8,4.945354378129329,7.181782230741484,4.918551129767177,-1.2219371374580135
16.19999999999996,0,4.3433096665065385,10.534273740213909,4.8882460035688595,-1.5315124794350976
16.19999999999996,1,4.362507640092794,10.045826272922344,4.888246189889571,-1.4896647541680461
16.19999999999996,2,4.402123283247434,9.558609500467927,4.889894777803557,-1.4392182416453276
16.19999999999996,3,4.466278129397958,9.073846756939357,4.893282312618607,-1.382813064189481
16.19999999999996,4,4.557722826017377,8.593138942446135,4.897960745485022,-1.3267409929357414
16.19999999999996,5,4.676076999604156,8.117857180211544,4.903334152989348,-1.2767255054084694
16.19999999999996,6,4.8182004783207715,7.6485723572445865,4.908818869069989,-1.2359906711415105
16.19999999999996,7,4.979497211112989,7.184946704029194,4.9139496588858895,-1.2048082267878923
16.19999999999996,8,5.15535375427957,6.726096369489104,4.918551272032962,-1.1803266519878994
16.29999999999996,0,4.414371618751781,10.050641969448218,4.88824618986537,-1.48990200308383
16.29999999999996,1,4.453871643419308,9.563415885624828,4.888246376870374,-1.4480542775820964
16.29999999999996,2,4.513720470180781,9.078268775194541,4.889894962248736,-1.3976077648501417
16.29999999999996,3,4.59798517616697,8.596594363209249,4.893282491239425,-1.3412025869693764
16.29999999999996,4,4.709347433018294,8.12010658720192,4.897960915943817,-1.285130514745917
16.29999999999996,5,4.8473701599546954,7.650159560969515,4.903334314118229,-1.2351150255543295
16.29999999999996,6,5.00889215529063,7.18719305128148,4.908819020778518,-1.1943801890394021
16.29999999999996,7,5.189335396977729,6.730678392424225,4.913949801888404,-1.1631977421103554
16.29999999999996,8,5.384127201472774,6.2795405861641225,4.9185514073007734,-1.1387161646522155
16.399999999999963,0,4.505490403796438,9.570384875824255,4.888246376846167,-1.4482915264841028
16.399999999999963,1,4.565224099490104,9.085223652532925,4.888246561199658,-1.4064438004080713
16.399999999999963,2,4.645202502433999,8.602986082545854,4.889895141437352,-1.355997287000274
16.399999999999963,3,4.749431192619886,8.125233869047321,4.893282662843985,-1.2995921081941804
16.399999999999963,4,4.880518223360662,7.653791019805643,4.897961078370331,-1.243520034614371
16.399999999999963,5,5.037970563177894,7.189992294912635,4.9033344667760295,-1.1935045435735607
16.399999999999963,6,5.218611453049599,6.734145579506926,4.908819163979189,-1.1527697048277408
16.399999999999963,7,5.41788882524075,6.285532226815725,4.913949936585172,-1.1215872554863273
16.399999999999963,8,5.631278672470598,5.842887952400905,4.918551534564008,-1.097105675604575
16.499999999999964,0,4.616508280530882,9.094333871950013,4.888246561175459,-1.4066810493019137
16.499999999999964,1,4.696372239136445,8.612077412041454,4.888246740213331,-1.3648333223855609
16.499999999999964,2,4.7963417629015765,8.133584224353363,4.889895313282524,-1.314386807934487
16.499999999999964,3,4.9203540002946635,7.660581286578646,4.893282825805844,-1.2579816278124463
16.499999999999964,4,5.070938871257199,7.194999518985629,4.897961231486294,-1.2019095525854848
16.499999999999964,5,5.247548247071011,6.738152017187016,4.903334609934412,-1.1518940595769587
16.499999999999964,6,5.446995310846944,6.290214251610896,4.908819297812784,-1.1111592186523753
16.499999999999964,7,5.66476182956333,5.850278838459087,4.913950062224915,-1.0799767670724223
16.499999999999964,8,5.896380304056462,5.416894395736653,4.918551653142366,-1.0554951849991339
16.599999999999966,0,4.747233058897087,8.623313089408152,4.888246740189119,-1.365070571275938
16.599999999999966,1,4.847089023175236,8.144796267439462,4.888246911838582,-1.3232228433175781
16.599999999999966,2,4.96687660408698,7.67087582202274,4.889895476215084,-1.2727763275426436
16.599999999999966,3,5.110457702655999,7.203441015621923,4.8932829789521115,-1.2163711458099256
16.599999999999966,4,5.280279725675531,6.744526338189297,4.897961374413073,-1.1602990687278405
16.599999999999966,5,5.475740396045424,6.2954209475913405,4.9033347429210306,-1.1102835736890952
16.599999999999966,6,5.693648355912831,5.856167595702521,4.908819421742079,-1.0695487306654528
16.599999999999966,7,5.929527028816331,5.425671732476632,4.913950178352746,-1.038366277026547
16.599999999999966,8,6.1789731577527585,5.002297390916339,4.918551762632221,-1.01388469298782
16.699999999999967,0,4.89743843252997,8.15813795196172,4.88824691181437,-1.3234600922083724
16.699999999999967,1,5.017113535396625,7.684189168819802,4.888247074518483,-1.2816123630620408
16.699999999999967,2,5.156511801018137,7.215661909665353,4.88989562911336,-1.2311658457580306
16.699999999999967,3,5.319413197315285,6.75460445105648,4.893283121498506,-1.1747606622028415
16.699999999999967,4,5.508178381004955,6.303151330519603,4.897961506611827,-1.1186885831285107
16.699999999999967,5,5.722151969217459,5.8625655363514095,4.903334865364247,-1.0686730860435878
16.699999999999967,6,5.958143587920256,5.432757027794064,4.90881953550057,-1.0279382410216324
16.699999999999967,7,6.21172606696174,5.012445983356155,4.913950284762333,-0.9967557855049615
16.699999999999967,8,6.478568014340158,4.599814683149944,4.918551862861616,-0.9722741997181604
16.79999999999997,0,5.06686437047698,7.699613763836143,4.888247074494268,-1.2818496119563871
16.79999999999997,1,5.20615143421414,7.231053512568813,4.888247227141809,-1.2400018815238871
16.79999999999997,2,5.364919062305352,6.768730547293909,4.889895771238326,-1.1895553625503275
16.79999999999997,3,5.5468587457479614,6.3148486127087065,4.893283252989743,-1.1331501770318857
16.79999999999997,4,5.754240304437708,5.871638598607364,4.8979616278288205,-1.077078095888091
16.79999999999997,5,5.986356384295683,5.440335137201391,4.903334977143036,-1.0270625967791198
16.79999999999997,6,6.240023118206983,5.020715550915881,4.908819639046275,-0.9863277498749552
16.79999999999997,7,6.510870406562898,4.611316962363132,4.913950381452777,-0.9551452926599018
16.79999999999997,8,6.794646220802349,4.2101430455318205,4.918551953849731,-0.9306637053315688
16.89999999999997,0,5.255217567316039,7.248534315523187,4.888247227117586,-1.2402391304242821
16.89999999999997,1,5.413875462193613,6.786173760862175,4.888247368978455,-1.1983913986479022
16.89999999999997,2,5.5917375984549285,6.330855456484324,4.889895902174516,-1.1479448779193144
16.89999999999997,3,5.792400599520133,5.8849348001307025,4.893283373245663,-1.0915396903569285
16.89999999999997,4,6.018039518976756,5.450735171757266,4.897961738046364,-1.0354676071164381
16.89999999999997,5,6.267896256079013,5.029460710069134,4.903335078342014,-0.9854521060361104
16.89999999999997,6,6.538798962476145,4.620756486114558,4.908819732520237,-0.9447172573763252
16.89999999999997,7,6.826442174548032,4.222979099069484,4.913950468590054,-0.9135347986377249
16.89999999999997,8,7.126660588228593,3.8339570727730123,4.918552035770642,-0.8890532099620707
16.99999999999997,0,5.4621719508907205,6.8056805095214035,4.888247368954246,-1.1986286475562666
16.99999999999997,1,5.639926012576909,6.350320083557397,4.888247499620409,-1.1567809144121732
16.99999999999997,2,5.836574746452927,5.902794680865947,4.889896021776366,-1.1063343918892228
16.99999999999997,3,6.055613681938562,5.4656072746000355,4.893283482312652,-1.049929202252406
16.99999999999997,4,6.299119340886122,5.04116971265768,4.897961837438736,-0.993857116929057
16.99999999999997,5,6.566284188285726,4.63065355561124,4.903335169211385,-0.9438416139539757
16.99999999999997,6,6.853953885601974,4.233572237530652,4.9088198162098,-0.9031067636715079
16.99999999999997,7,7.157895058761942,3.848104679142453,4.913950546472854,-0.8719243035775076
16.99999999999997,8,7.4740363391187365,3.4719080133342337,4.918552108921293,-0.8474427137353929
17.099999999999973,0,5.68736924678168,6.371819008393356,4.888247499596204,-1.1570181633299317
17.099999999999973,1,5.88391175181777,5.924247024834971,4.888247618928268,-1.1151704288222228
17.099999999999973,2,6.099006649535822,5.4852892737597685,4.889896130120071,-1.0647239045037329
17.099999999999973,3,6.336042323942227,5.057591970622686,4.893283580420309,-1.0083187128032927
17.099999999999973,4,6.596993170305404,4.643651255893232,4.897961926333217,-0.9522466254440466
17.099999999999973,5,6.8810036173410625,4.244604083788564,4.903335250131606,-0.9022311206689344
17.099999999999973,6,7.184942297076758,3.859833093693703,4.908819890516222,-0.8614962688995951
17.099999999999973,7,7.50465525375262,3.487342680474478,4.913950615502554,-0.8303138076100238
17.099999999999973,8,7.836172102449849,3.124622641980812,4.918552173693328,-0.8058322167683643
17.199999999999974,0,5.930419598535596,5.947700907480191,4.888247618904057,-1.1154076777503645
17.199999999999974,1,6.145410297050573,5.5086921968964475,4.888247726983204,-1.0735599419057504
17.199999999999974,2,6.378578990969848,5.079062015236302,4.889896227460612,-1.0231134158215567
17.199999999999974,3,6.6332010529601035,4.661595239169502,4.893283667943107,-0.9667082221016664
17.199999999999974,4,6.91114533365859,4.258867980443654,4.8979620051756765,-0.9106361327795853
17.199999999999974,5,7.211509706661549,3.8719806186134864,4.903335321582304,-0.860620626312257
17.199999999999974,6,7.531191195547932,3.5001860671091976,4.90881995592632,-0.8198857731918653
17.199999999999974,7,7.866122454154578,3.141317649668352,4.913950676156981,-0.7887033108570557
17.199999999999974,8,8.212440954781036,2.7927021747107954,4.918552230548542,-0.7642217191685783
17.299999999999976,0,6.19090224257625,5.534060434572121,4.888247726958985,-1.073797190844912
17.299999999999976,1,6.42396894731748,5.104375002981295,4.888247824044187,-1.0319494537080207
17.299999999999976,2,6.674807780567204,4.684816160814368,4.889896314193869,-0.9815029259126401
17.299999999999976,3,6.94657543336818,4.278302624821771,4.8932837453668,-0.9250977302438139
17.299999999999976,4,7.241031976397522,3.887486018293674,4.897962074500755,-0.8690256390519098
17.299999999999976,5,7.557230289886851,3.5134282411377598,4.903335384115567,-0.8190101310089613
17.299999999999976,6,7.892101160809197,3.155253774145807,4.9088200129882065,-0.7782752766710127
17.299999999999976,7,8.24167089394844,2.8106286208220683,4.913950728968013,-0.747092813431002
17.299999999999976,8,8.602191505593611,2.4767212279340622,4.918552279997911,-0.7226112210342868
17.399999999999977,0,6.468366236627549,5.131613678785588,4.888247824019988,-1.0321867026585232
17.399999999999977,1,6.719105467286646,4.7119953919129145,4.888247910510172,-0.990338964287762
17.399999999999977,2,6.987180192576134,4.303234223966553,4.889896390823349,-0.9398924348548234
17.399999999999977,3,7.275622957089366,3.908377678942465,4.893283813259174,-0.8834872373277662
17.399999999999977,4,7.586082004533462,3.5301483012160038,4.897962134905928,-0.8274151443736586
17.399999999999977,5,7.917566861425267,3.169567672683456,4.903335438332752,-0.7773996348768238
17.399999999999977,6,8.267047391527642,2.825633357161573,4.9088200622902285,-0.7366647794506362
17.399999999999977,7,8.630650429797129,2.4958480784847143,4.913950774502136,-0.7054823154347012
17.399999999999977,8,9.004749024987206,2.177226823703786,4.918552322583448,-0.6810007224544619
17.49999999999998,0,6.762331240386446,4.741057350847873,4.888247910485957,-0.9905762132496689
17.49999999999998,1,7.030308922103625,4.3322326463298015,4.888247986886912,-0.9487284737136471
17.49999999999998,2,7.315155453493325,3.9349767945388434,4.889896457931332,-0.8982819427310496
17.49999999999998,3,7.619773982793789,3.5524608109273377,4.893283872244938,-0.8418767434513088
17.49999999999998,4,7.945698073326008,3.1874734477232813,4.897962187029572,-0.7858046488526407
17.49999999999998,5,8.291895612597454,2.8409942002496953,4.903335484865014,-0.7357891380257378
17.49999999999998,6,8.655380786909756,2.511895450734325,4.908820104443427,-0.6950542816350183
17.49999999999998,7,9.032387666582622,2.197520966577918,4.9139508133443766,-0.6638718169614752
17.49999999999998,8,9.419416611779216,1.8947374427216659,4.918552358863216,-0.6393902235090219
17.59999999999998,0,7.072288347092858,4.363067576934996,4.8882479868627,-0.9489657226868256
17.59999999999998,1,7.357040561929418,3.965744206699332,4.888248053758319,-0.9071179820612564
17.59999999999998,2,7.65816577826061,3.5806813951294525,4.889896516154123,-0.8566714496269711
17.59999999999998,3,7.9784327220724105,3.2111681795241047,4.893283922984272,-0.800266248710341
17.59999999999998,4,8.319257621416941,2.8600546921153853,4.8979622315322215,-0.7441941525908763
17.59999999999998,5,8.679568511583911,2.5282766459550237,4.903335524356817,-0.6941786405572905
17.59999999999998,6,9.056429070433325,2.2145831937855522,4.9088201400667515,-0.6534437833190667
17.59999999999998,7,9.446187123194536,1.9161637449982583,4.913950846084685,-0.6222613180952992
17.59999999999998,8,9.845476399985214,1.629742126755969,4.918552389398631,-0.5977797242691465
17.69999999999998,0,7.397700964555753,3.998298728150699,4.888248053734108,-0.907355231045391
17.69999999999998,1,7.698734754632932,3.6131645331495457,4.888248111761715,-0.8655074894104613
17.69999999999998,2,8.01561735322436,3.240961377406237,4.889896566160992,-0.8150609556289683
17.69999999999998,3,8.350978270876187,2.8850906261384797,4.893283966154904,-0.7586557531975815
17.69999999999998,4,8.706113948618242,2.548458857475561,4.897962269081194,-0.7025836556839357
17.69999999999998,5,9.079914425306269,2.2319563822988675,4.9033355574524276,-0.6525681425645904
17.69999999999998,6,9.469497953699525,1.9342112893072503,4.908820169774978,-0.6118332845884575
17.69999999999998,7,9.87133243655206,1.652263495533123,4.9139508733069555,-0.5806508189111299
17.69999999999998,8,10.28219080159154,1.3826996320256106,4.918552414744283,-0.5561692247977077
17.799999999999983,0,7.738005744109693,3.6473822876724746,4.888248111737504,-0.8657447384051221
17.799999999999983,1,8.054799965022571,3.2751040070888457,4.88824816156691,-0.8238969958432767
17.799999999999983,2,8.386891364155364,2.916404860272771,4.889896608636488,-0.7734504608225493
17.799999999999983,3,8.736765684434548,2.5747926519731053,4.893284002437142,-0.7170452570015929
17.799999999999983,4,9.105597335487861,2.253225374392664,4.897962300337743,-0.6609731582205252
17.799999999999983,5,9.492240281299813,1.952546394946308,4.903335584784855,-0.6109576441322631
17.799999999999983,6,9.89387233839004,1.6712651133190437,4.908820194168898,-0.5702227855199007
17.799999999999983,7,10.30708760177469,1.406277078637428,4.91395089558009,-0.5390403194753096
17.799999999999983,8,10.7288037834685,1.154037635015549,4.91855243543964,-0.514558725149751
17.899999999999984,0,8.0926135558923,3.310925757525401,4.888248161542688,-0.8241342448479213
17.899999999999984,1,8.42461977892074,2.9521478745146474,4.888248203858575,-0.782286501442028
17.899999999999984,2,8.771345067548761,2.60757371172087,4.889896644265839,-0.7318399652910264
17.899999999999984,3,9.13512709379187,2.2808114407697078,4.893284032501753,-0.6754347602060196
17.899999999999984,4,9.517016202754853,1.9748653471078508,4.897962325946985,-0.6193626602822331
17.899999999999984,5,9.915832267565627,1.6905303946581487,4.903335606967161,-0.5693471453365835
17.899999999999984,6,10.328817554248335,1.4261998745976823,4.908820213827718,-0.5286122861814944
17.899999999999984,7,10.752698246354804,1.1786303425305182,4.913950913451123,-0.4974298198460365
17.899999999999984,8,11.184542176213657,0.9441519920979556,4.9185524520027,-0.47294822537300807
17.999999999999986,0,8.460910508754104,2.9895116068758547,4.888248203834369,-0.7825237504560529
17.999999999999986,1,8.807553970308163,2.6448552328397215,4.88824823932177,-0.7406760062879001
17.999999999999986,2,9.168312903349108,2.315002576131521,4.889896673723097,-0.6902294691145142
17.999999999999986,3,9.545372862028618,2.003655928845598,4.893284057000248,-0.6338242628890947
17.999999999999986,4,9.939658308586328,1.713860668701755,4.897962346529784,-0.5777521619434824
17.999999999999986,5,10.349957068324969,1.4463619799031697,4.903335624585674,-0.5277366462457427
17.999999999999986,6,10.77358063094178,1.1994398266330335,4.908820229303136,-0.4870017866331853
17.999999999999986,7,11.207392936126144,0.9697173859819751,4.913950927439895,-0.45581932007390413
17.999999999999986,8,11.6486170126594,0.7534060542404728,4.918552464925092,-0.43133772550846283
18.099999999999987,0,8.842259013034226,2.6836962636652517,4.888248239297557,-0.7409132553106537
18.099999999999987,1,9.202939609689984,2.3537580629897263,4.888248268630047,-0.6990655104597473
18.099999999999987,2,9.577107647173827,2.0391979487076934,4.889896697661617,-0.6486189723691498
18.099999999999987,3,9.966792778165429,1.7438059240340549,4.893284076557281,-0.5922137651233047
18.099999999999987,4,10.372791981623433,1.4706631868535225,4.89796236267665,-0.5361416632715906
18.099999999999987,5,10.793863133536503,1.2204638516018251,4.903335638194888,-0.4861261469201923
18.099999999999987,6,11.227391601602736,0.9913775331745165,4.908820241115002,-0.4453912869272682
18.099999999999987,7,11.670384510767377,0.7798998760623209,4.913950938035246,-0.4142088202024612
18.099999999999987,8,12.120224893727528,0.5821300379877032,4.9185524746685925,-0.3897272255909131
18.19999999999999,0,9.235998884361834,2.3940091513290596,4.888248268605837,-0.6993027594905434
18.19999999999999,1,9.61009221176462,2.079360308447064,4.888248292436105,-0.6574550140331787
18.19999999999999,2,9.997021600040242,1.7806372986408212,4.889896716706778,-0.6070084751265337
18.19999999999999,3,10.39865728668301,1.501711275053347,4.8932840917650315,-0.5506032669752299
18.19999999999999,4,10.81566738765175,1.2456939216154141,4.897962374943358,-0.49453116432695565
18.19999999999999,5,11.246781979978756,1.0132270813603255,4.903335648314014,-0.4445156474130639
18.19999999999999,6,11.689464835792178,0.8023731886389687,4.908820249748459,-0.403780787108924
18.19999999999999,7,12.140871446529014,0.6095064220392747,4.9139509456924415,-0.3725983202687835
18.19999999999999,8,12.598549379266792,0.4306204538044872,4.918552481662811,-0.3481167256495331
18.29999999999999,0,9.641448486572136,2.120951772268154,4.888248292411882,-0.6576922630713324
18.29999999999999,1,10.028306920408316,1.8221370028348807,4.888248311364486,-0.615844517079881
18.29999999999999,2,10.427327813536236,1.5397682425284573,4.889896731450485,-0.5653979774533557
18.29999999999999,3,10.840218750529251,1.2777910927419212,4.8932841031790755,-0.5089927685055069
18.29999999999999,4,11.267517827713052,1.0393423365568026,4.897962383847861,-0.45292066516331436
18.29999999999999,5,11.70792952164507,0.8250104344616725,4.903335655424632,-0.4029051477706268
18.29999999999999,6,12.159000399578005,0.6327539945562519,4.908820255652048,-0.36217028721677935
18.29999999999999,7,12.618039243824288,0.45883200650333833,4.913950950831708,-0.33098782030405294
18.29999999999999,8,13.082762401465239,0.29913959277053714,4.9185524863038825,-0.306506225708427
18.39999999999999,0,10.057905911757931,1.864996839658729,4.888248311340281,-0.6160817661246993
18.39999999999999,1,10.456859728923789,1.5825334475510884,4.888248326006192,-0.5742340196671092
18.39999999999999,2,10.8672813483136,1.3170077694736448,4.889896742447359,-0.5237874794111664
18.39999999999999,3,11.290712745427115,1.0724330245075582,4.8932841113158405,-0.46738226976890507
18.39999999999999,4,11.72756106541145,0.8519656645389423,4.897962389868633,-0.4113101658280689
18.39999999999999,5,12.176507427148406,0.6561397487852529,4.9033356599695646,-0.36129464803278555
18.39999999999999,6,12.635185440373881,0.4828135931317206,4.908820259237013,-0.32055978728347445
18.39999999999999,7,13.101061837282362,0.3281374747071907,4.913950953837579,-0.28937732033413144
18.39999999999999,8,13.572025698391114,0.18791507251474268,4.918552488953958,-0.2648957257871706
18.499999999999993,0,10.48465019541409,1.6265874591033538,4.888248325981996,-0.5744712687179225
18.499999999999993,1,10.895008733440559,1.3609644408756818,4.888248336914771,-0.5326235218573807
18.499999999999993,2,11.316120563725397,1.1127415192071033,4.889896750212113,-0.48217698105629647
18.499999999999993,3,11.749359383242671,0.8859925832462059,4.893284116650934,-0.4257717708144924
18.499999999999993,4,12.195000681115996,0.6838882892874474,4.897962393443706,-0.36969966636267093
18.499999999999993,5,12.651704501785833,0.5069073707299934,4.903335662352486,-0.31968414823359237
18.499999999999993,6,13.117195594141185,0.35281155890598703,4.908820260877076,-0.2789492873362317
18.499999999999993,7,13.589103025822615,0.21764908300284053,4.913950955058956,-0.2477668203801157
18.499999999999993,8,14.065492265180309,0.09713944317518057,4.918552489941309,-0.22328522590132546
18.599999999999994,0,10.920942564570773,1.4061363615394786,4.888248336890559,-0.5328607709135393
18.599999999999994,1,11.341995417296868,1.157813559885517,4.888248344603878,-0.491013023708284
18.599999999999994,2,11.773068436374585,0.9273231144816215,4.889896755218289,-0.4405664824398655
18.599999999999994,3,12.215364662122141,0.7187925318919579,4.8932841196188015,-0.3841612716858628
18.599999999999994,4,12.669027450715479,0.5354011838327954,4.897962394970879,-0.32808916680302297
18.599999999999994,5,13.1326980918704,0.37757164911735197,4.903335662938366,-0.27807364840175897
18.599999999999994,6,13.604196412518125,0.24297294939181568,4.908820260909229,-0.23733878739740125
18.599999999999994,7,14.081317920274637,0.12755810715809116,4.913950954809904,-0.20615632045887017
18.599999999999994,8,14.562307820358653,0.0269698540668141,4.918552489561157,-0.1816747260629244
18.699999999999996,0,11.366027716754852,1.2040251887329758,4.888248344579661,-0.49125027276916916
18.699999999999996,1,11.79704596417984,0.9734324964193398,4.888248349546012,-0.4494025252724158
18.699999999999996,2,12.23733390529156,0.7610735488940581,4.889896757897878,-0.39895598360787854
18.699999999999996,3,12.687921841061073,0.5711223246633377,4.893284120612909,-0.34255077242140897
18.699999999999996,4,13.148820746538867,0.40676140679080874,4.897962394808386,-0.2864786671798989
18.699999999999996,5,13.618655508899353,0.2683564879501077,4.903335662054495,-0.2364631485611622
18.699999999999996,6,14.095344807405496,0.15348791546593626,4.908820259634738,-0.1957282874849895
18.699999999999996,7,14.576854406037931,0.05802051123031594,4.913950953370697,-0.1645458205835271
18.699999999999996,8,15.061612284760422,-0.022472218366071592,4.918552488076703,-0.14006422628092452
18.799999999999997,0,11.819135127565549,1.0206038325934006,4.8882483495218,-0.4496397743374429
18.799999999999997,1,12.259372597750726,0.8081404482424102,4.888248352172074,-0.40779202659741876
18.799999999999997,2,12.708113241411802,0.6142806311945652,4.889896758641676,-0.3573454846014035
18.799999999999997,3,13.166212836525787,0.443237605973051,4.893284119986735,-0.30094027305465
18.799999999999997,4,13.633549958015976,0.29819165735498365,4.897962393276229,-0.24486816751938908
18.799999999999997,5,14.108735471093258,0.17945095880107437,4.903335659991973,-0.19485264873135136
18.799999999999997,6,14.589790510508493,0.08451137219015117,4.908820257320787,-0.1541177876131723
18.799999999999997,7,15.074854618249288,0.009156677570680245,4.913950950989472,-0.1229353207639684
18.799999999999997,8,15.562541270483054,-0.051101180841837485,4.91855248572074,-0.09845372656163572
18.9,0,12.279480384600571,0.8561898294543967,4.888248352147867,-0.4080292756660431
18.9,1,12.728174945436052,0.6622235664644174,4.888248352871791,-0.366181527726094
18.9,2,13.184591438983043,0.48719848704475427,4.889896757800312,-0.3157349854567939
18.9,3,13.649409638709713,0.3353597678684318,4.8932841180551705,-0.25932977361456994
18.9,4,14.122375929619377,0.20987988977088184,4.897962390657783,-0.2032576678433286
18.9,5,14.602089559810759,0.11100897350264788,4.903335657007412,-0.15324214892802404
18.9,6,15.086677545307843,0.03616273063153835,4.908820254202175,-0.11250728779277107
18.9,7,15.57445642690425,-0.018948801573784868,4.913950947883899,-0.08132482100726837
18.9,8,16.064227577300528,-0.05886747141376443,4.918552482697272,-0.05684322690911154
19.0,0,12.746266545423488,0.7110678103677767,4.888248352847592,-0.3664187767977203
19.0,1,13.202641424024026,0.5359344601674723,4.888253636662698,-0.3240469105245455
19.0,2,13.666025740993419,0.38028979948667957,4.88990362510266,-0.27350153402637956
19.0,3,14.13684085784558,0.2482113257946457,4.893289370696776,-0.2177037395542547
19.0,4,14.614619699735108,0.14252204684978442,4.897964845087173,-0.1630996112489105
19.0,5,15.097916209031863,0.06299001390170836,4.903336054023557,-0.11544114355189976
19.0,6,15.584986536265225,0.006510842416874096,4.908820163007041,-0.07789203285751792
19.0,7,16.074380365741636,-0.03168639177588947,4.913951355505674,-0.05059125769158698
19.0,8,16.565146815596805,-0.05653611902557912,4.918553123702381,-0.03043646798918334
19.1,0,13.218851446232446,0.5861148914125918,4.888253636638478,-0.32429325155944
19.1,1,13.682197355826238,0.43035608812156356,4.888359170650928,-0.28226700672357774
19.1,2,14.151688329024223,0.2941988319564279,4.890090336291715,-0.23274519680714628
19.1,3,14.627512158467978,0.18140911190182457,4.893535532747588,-0.1790375255145702
19.1,4,15.109043711042126,0.09426375225521855,4.898251807247727,-0.12769776500839217
19.1,5,15.594880761959821,0.03188397992477293,4.903648760382529,-0.08431956337731071
19.1,6,16.08350360611273,-0.009414428953283812,4.909145595819441,-0.051712588025670546
19.1,7,16.573761929556788,-0.03478958669138346,4.914277548546519,-0.029486739878345276
19.1,8,17.064976076955382,-0.04927808278959028,4.918871731658534,-0.013789630377210243
19.200000000000003,0,13.69618785017807,0.4807574309924796,4.888359170626741,-0.28250753327519496
19.200000000000003,1,14.165646041596228,0.34448725487241605,4.888681125876513,-0.24174395672625698
19.200000000000003,2,14.64029882747988,0.2274540690443662,4.890589066619173,-0.19451703519115354
19.200000000000003,3,15.120134643142524,0.13292255085114507,4.89416440389035,-0.14456653706195358
19.200000000000003,4,15.604445754992254,0.062415495904985116,4.898968045547834,-0.09833832520482255
19.200000000000003,5,16.091975772068192,0.01431746728931897,4.904414904176866,-0.060886218425255656
19.200000000000003,6,16.581508483024063,-0.015525213813905587,4.9099286025809015,-0.034183400484219195
19.200000000000003,7,17.072214553842002,-0.03230575520536986,4.915051034122705,-0.016720146056289423
19.200000000000003,8,17.563651172265505,-0.04052342047109165,4.9196217072522455,-0.004773000922626605
19.300000000000004,0,14.177244019554008,0.3938924981792235,4.888681125852342,-0.24196361453485815
19.300000000000004,1,14.651871084998122,0.27675505399692585,4.889359726415254,-0.20354835262149304
19.300000000000004,2,15.130713201734197,0.17791875185214334,4.891558079376727,-0.16002899448181324
19.300000000000004,3,15.613618913763654,0.09997332227300872,4.895344065490455,-0.11546897846449916
19.300000000000004,4,16.09989346414425,0.04357281035516131,4.900282316993232,-0.0758152561667357
19.300000000000004,5,16.588514042236717,0.006456775540100004,4.905795433099579,-0.045057927473447654
19.300000000000004,6,17.078595733339792,-0.015640250962350572,4.911318055139824,-0.02373400636310656
19.300000000000004,7,17.569589496588456,-0.027295703129846038,4.916410409793399,-0.010110083640286503
19.300000000000004,8,18.061205983820027,-0.03226617829112476,4.920933255765985,-0.0009637057538772264
19.400000000000006,0,14.661048605383874,0.3237130491257603,4.889359726390966,-0.20373233527843732
19.400000000000006,1,15.139872528389441,0.22478865032869252,4.889569907740032,-0.16877412268582648
19.400000000000006,2,15.621882141593302,0.14265657926690423,4.891083016279563,-0.1303000206602981
19.400000000000006,3,16.106844260234283,0.07910593969034366,4.893878884460401,-0.09239556811189398
19.400000000000006,4,16.594144697730485,0.0339529760949097,4.897479259405111,-0.05994419472355625
19.400000000000006,5,17.08301301760627,0.004613010557361093,4.901283255841868,-0.03523109017800577
19.400000000000006,6,17.572837429565975,-0.012651174221605926,4.90472292941895,-0.018270984384042697
19.400000000000006,7,18.063228444094488,-0.021612088279149615,4.9073858006901405,-0.007508695230573002
19.400000000000006,8,18.55395411939635,-0.02529685546258232,4.909224206634523,-0.00031371381363621707
19.500000000000007,0,15.146777681609803,0.26780553007798374,4.889569907715847,-0.16891288995868126
19.500000000000007,1,15.628775888093138,0.18560657417838725,4.888714683696362,-0.1385085770515198
19.500000000000007,2,16.11296544367079,0.11810998128145411,4.888772531223186,-0.10609394315079336
19.500000000000007,3,16.59909389509785,0.06634031156078309,4.889561187096319,-0.07525669578430497
19.500000000000007,4,17.086666060774625,0.029577819021764557,4.890531815806108,-0.04916239463853804
19.500000000000007,5,17.575128463906132,0.005544493500247744,4.89107200575358,-0.02932677958524399
19.500000000000007,6,18.064025693822153,-0.008797359025861581,4.890679065789756,-0.01567367594626317
19.500000000000007,7,18.553034190410642,-0.016462489704016425,4.8891748867827385,-0.0069531400109195
19.500000000000007,8,19.04194079425558,-0.019861912243547428,4.887177232723378,-0.001074736469393832
19.60000000000001,0,15.633696347098471,0.22320561012441165,4.8887146836724344,-0.1385999997970853
19.60000000000001,1,16.117879727446503,0.15566475316345604,4.886324572168963,-0.1134404902264991
19.60000000000001,2,16.603371512449193,0.10035285823010097,4.884273465408052,-0.08729245651091785
19.60000000000001,3,17.08993914178241,0.05777096471533148,4.882155508004762,-0.06253797186677992
19.60000000000001,4,17.577200327011276,0.027258863229459217,4.879360545509355,-0.0415221799176793
19.60000000000001,5,18.064715930062306,0.00700454091272949,4.8753472848298465,-0.025435181559857988
19.60000000000001,6,18.5520932215263,-0.005394613919892532,4.869921462245902,-0.01425458338954257
19.60000000000001,7,19.039036323105456,-0.012336189928871168,4.8637963191997455,-0.007018873506878994
19.60000000000001,8,19.525404545372282,-0.015749928259097143,4.857872351190352,-0.0020715243226057754
19.70000000000001,0,16.121216928575237,0.1868876248207147,4.8863245721453215,-0.1134923894403485
19.70000000000001,1,16.606705842099576,0.1315505335388818,4.881855074635996,-0.09345045458197021
19.70000000000001,2,17.09276124288361,0.08599574905849855,4.8769628968185135,-0.07249008961553013
19.70000000000001,3,17.5791767235691,0.05067355869676467,4.870982078704516,-0.05250901855703594
19.70000000000001,4,18.065603595387408,0.02510826991438837,4.863309032437894,-0.035424177346722374
19.70000000000001,5,18.55162944455833,0.007884015906180951,4.853714421104126,-0.022243536463471644
19.70000000000001,6,19.0368809196343,-0.0029114481549932453,4.842974040163939,-0.01299519996884487
19.70000000000001,7,19.5211375840893,-0.009204782829715668,4.832324316042277,-0.006933042201760441
19.70000000000001,8,20.004358597566423,-0.012554992394984312,4.822623370149479,-0.002731012977786132
19.80000000000001,0,16.6089024420216,0.15648171989627074,4.881855074612396,-0.09347674323629848
19.80000000000001,1,17.09495664424535,0.11091415706951945,4.874655203275552,-0.07721445657006804
19.80000000000001,2,17.580969736094026,0.07331216257156054,4.86610762937995,-0.06019767064450318
19.80000000000001,3,18.06669909040604,0.04403701820340032,4.855307006990655,-0.043953377998708354
19.80000000000001,4,18.551760878077232,0.02270317748300887,4.841879911264673,-0.03002828495401202
19.80000000000001,5,19.035730604320726,0.008166031852680566,4.826563464333946,-0.019240841111180726
19.80000000000001,6,19.518297630112592,-0.001120103616570861,4.810729505400918,-0.011620843185801236
19.80000000000001,7,19.999338121074686,-0.00671044455449729,4.795801807071302,-0.006573603318944968
19.80000000000001,8,20.478907969135477,-0.009862984245479264,4.782518136196945,-0.0030334760920021145
19.900000000000013,0,17.09643159050383,0.1311752007601441,4.874655203251832,-0.0772285343962216
19.900000000000013,1,17.582444151532766,0.09356636379920234,4.863993214390474,-0.0639219953683364
19.900000000000013,2,18.067850094819057,0.06249591810879168,4.8509656619258985,-0.05003095775112765
19.900000000000013,3,18.552339670675593,0.03823619692718773,4.834609345772559,-0.03678797097297577
19.900000000000013,4,19.035473499506573,0.020454662790080312,4.8154200275423715,-0.025430608702879876
19.900000000000013,5,19.516859802559942,0.008210077436346469,4.794720069391129,-0.01660786155720071
19.900000000000013,6,19.996265687681895,0.0002474390747554435,4.774133637329651,-0.01033864159635676
19.900000000000013,7,20.47365353770629,-0.004688278969394539,4.755177213774777,-0.006144289294877845
19.900000000000013,8,20.949162283820414,-0.007609979359313863,4.738479979841658,-0.0031682781405177303
20.000000000000014,0,17.58344400083675,0.1101621923696349,4.863993214366776,-0.06392973241340522
20.000000000000014,1,18.068849701752086,0.07908799075250339,4.849156731986049,-0.05300225792695982
20.000000000000014,2,18.553084415219125,0.05339839734993594,4.831046694690262,-0.041638942949037236
20.000000000000014,3,19.03577034554914,0.033288242495859516,4.809255206542259,-0.030833772503743424
20.000000000000014,4,19.51646727294755,0.018461844417863697,4.784756784544065,-0.021569405830268173
20.000000000000014,5,19.99483165429286,0.0081422080937644,4.7591106632638205,-0.014354180929612367
20.000000000000014,6,20.47069370104591,0.001311127298146139,4.734092138866096,-0.009196200772148326
20.000000000000014,7,20.944082916404163,-0.0030423804176204347,4.711306709383075,-0.0057095736692340925
20.000000000000014,8,21.41520593206507,-0.005732324227095133,4.691316410020608,-0.00320662426319252
20.100000000000016,0,18.069530711872176,0.09272630751703342,4.849156731963516,-0.05300656169924172
20.100000000000016,1,18.5537653124614,0.0670346298646918,4.829739273344526,-0.044019933160977076
20.100000000000016,2,19.036271375911184,0.045781015591897796,4.8068091570659774,-0.03471799071394925
20.100000000000016,3,19.516662632265717,0.02909609266728572,4.780146225693618,-0.025899022593841692
20.100000000000016,4,19.994516948219207,0.016717365140456922,4.750864572537816,-0.01833946224536371
20.100000000000016,5,20.46952352081596,0.008005022230068345,4.720661415994979,-0.01243545839995111
20.100000000000016,6,20.941553193148764,0.0021348119313356435,4.6914561057370765,-0.0081875847055689
20.100000000000016,7,21.41068313858247,-0.0017063184561803026,4.664972364345618,-0.005285254294161699
20.100000000000016,8,21.877173933443842,-0.004171867636729159,4.641752693521912,-0.0031769657899436777
20.200000000000017,0,18.554230435214976,0.07825602309046639,4.82973927332389,-0.04402234125727175
20.200000000000017,1,19.036736445091442,0.05700124675870683,4.806439439659901,-0.03662807948984004
20.200000000000017,2,19.517058008112237,0.039400118525621336,4.779430933274412,-0.029010262989383872
20.200000000000017,3,19.994800000488226,0.02553680862616889,4.748500638080296,-0.02180824172021411
20.200000000000017,4,20.469537151093974,0.015181984265680227,4.714863472682162,-0.015634349898050855
20.200000000000017,5,20.94096589408594,0.007810900587278622,4.680368454731655,-0.010797147521834567
20.200000000000017,6,21.40897551804202,0.0027575329229033683,4.647111683631939,-0.0072929730910034265
20.200000000000017,7,21.873674436661194,-0.0006315671230615924,4.616974668203111,-0.004872423284251739
20.200000000000017,8,22.3353665569013,-0.002881147948886319,4.590523440156309,-0.00309336915050674
20.30000000000002,0,19.037054798864236,0.06623732208774885,4.806439439639399,-0.03662943141740625
20.30000000000002,1,19.51737633585497,0.04863554440813299,4.780133866150086,-0.030541190462934645
20.30000000000002,2,19.9951668055081,0.03403871604962669,4.749755575010311,-0.024297894489337883
20.30000000000002,3,20.470002161667487,0.022498945740100425,4.715065902237619,-0.01841067496619192
20.30000000000002,4,20.941428848029467,0.01381868123643716,4.677397386516041,-0.013361986826685227
20.30000000000002,5,21.40912685988759,0.007568933554904756,4.638784455926903,-0.009392354714865901
20.30000000000002,6,21.87298492943952,0.003212083920710978,4.601538455825459,-0.006496128061966363
20.30000000000002,7,22.33312921357091,0.00022288295697774408,4.56773788409804,-0.004473378148007735
20.30000000000002,8,22.78989861232913,-0.0018204359144922953,4.538010397318386,-0.002969571723397428
20.40000000000002,0,19.517594802535896,0.05624199519859731,4.780133866129206,-0.030541952204582754
20.40000000000002,1,19.995385259082127,0.04164480283303228,4.75156149889909,-0.025523920712205647
20.40000000000002,2,20.47038664462154,0.029518271743588776,4.718397853902788,-0.020401447412803995
20.40000000000002,3,20.942128240268325,0.019892724983665903,4.680350147508012,-0.015582586946199864
20.40000000000002,4,21.41010643763321,0.012599823502847992,4.638885817228158,-0.011447291170283803
20.40000000000002,5,21.873964661817837,0.007289670542014186,4.596257502574434,-0.008183355282064882
20.40000000000002,6,22.333575123295102,0.0035284293151177305,4.555028882284198,-0.005784565601934809
20.40000000000002,7,22.789070562013897,0.0008935545575159485,4.517512472075724,-0.004090834538483013
20.40000000000002,8,23.240818236827778,-0.0009544830760219313,4.484431515197736,-0.002817644778219096
20.50000000000002,0,19.995535658701463,0.047915134908060666,4.7515614988778605,-0.025524351762895164
20.50000000000002,1,20.470537037298946,0.035788399034659954,4.7213372818568615,-0.02138302477013542
20.50000000000002,2,20.942562833958704,0.025693521172888492,4.6858609234845865,-0.0171741481002224
20.50000000000002,3,21.411079823922464,0.01764634985191017,4.644760518205774,-0.013223159959158204
20.50000000000002,4,21.87551527545164,0.0115046874178747,4.599656050805019,-0.00982933980231119
20.50000000000002,5,22.335458701930726,0.006983600925297725,4.55305039637251,-0.007139713927625349
20.50000000000002,6,22.790752246393552,0.003732878841581032,4.507795377886465,-0.005148381697303268
20.50000000000002,7,23.241525991278152,0.00141210144084846,4.466472638357589,-0.003727236007334994
20.50000000000002,8,23.68817037022942,-0.00025265703562527973,4.429931315536513,-0.0026476415929128326
20.600000000000023,0,20.47064095894218,0.04096378493076196,4.721337281835316,-0.021383269878919815
20.600000000000023,1,20.942666751686637,0.03086879134909871,4.689964261876993,-0.017960191296576306
20.600000000000023,2,21.411587540030993,0.022445978665418136,4.652546904331036,-0.014496021709467673
20.600000000000023,3,21.87679334910933,0.015701872783380977,4.6086123255092435,-0.011250149371872971
20.600000000000023,4,22.337625424833497,0.010517224200672894,4.559950980299398,-0.008458513399533674
20.600000000000023,5,22.79360425420407,0.006660228683579853,4.509347282073369,-0.006236677771248825
20.600000000000023,6,23.244530324054942,0.0038479107457900378,4.459975888071845,-0.00457955088105203
20.600000000000023,7,23.69052341681312,0.001805447226330537,4.414721027741967,-0.0033846287959293157
20.600000000000023,8,24.131993205869993,0.000311228864482616,4.3745848419089235,-0.002467837116225692
20.700000000000024,0,20.94273885339642,0.03514690081001415,4.689964261855167,-0.01796033142436451
20.700000000000024,1,21.411659639377106,0.0267240224025952,4.657844292803471,-0.01512593530727662
20.700000000000024,2,21.877390786986865,0.01967886591835029,4.6187662002237255,-0.012269053813411961
20.700000000000024,3,22.33923264519199,0.014012218982640214,4.572137007142178,-0.009596377771504839
20.700000000000024,4,22.796425301819117,0.009624690728862583,4.519935766466151,-0.007294209267979057
20.700000000000024,5,23.24840689832609,0.006327783544241253,4.465259098972776,-0.005453862838663859
20.700000000000024,6,23.694926276088708,0.0038925033155045572,4.411638255880523,-0.004071296047190843
20.700000000000024,7,24.13608661857691,0.0020963981710135733,4.362292156959809,-0.0030644597814263336
20.700000000000024,8,24.572313989998506,0.0007595918052188487,4.318400296848463,-0.002284799679452325
20.800000000000026,0,21.411709887782486,0.030266585756261077,4.657844292780387,-0.015126015888928727
20.800000000000026,1,21.877441033871996,0.023221391732152638,4.597603059253347,-0.013010517045715028
20.800000000000026,2,22.337162428595533,0.01723984118483555,4.533455474779728,-0.010808875323473226
20.800000000000026,3,22.7904814953594,0.012339781067975827,4.465881579565903,-0.008693969237615532
20.800000000000026,4,23.2370527788017,0.00845720620351698,4.397298773251336,-0.006838685049504977
20.800000000000026,5,23.67677237759918,0.005450055417374894,4.33110103170357,-0.005332823754524579
20.800000000000026,6,24.1098763251614,0.0031403664479417014,4.2710780410673035,-0.0041797269481737296
20.800000000000026,7,24.536980399472533,0.001355177620370164,4.220454462958326,-0.003314546541397665
20.800000000000026,8,24.959023527866066,-4.370907396229133e-05,4.179398898224533,-0.002620139828463525
20.900000000000027,0,21.87747352535544,0.025865533735824738,4.597603059227923,-0.01301055111817305
20.900000000000027,1,22.33719491969311,0.01988396752631972,4.530728950838533,-0.011187226276833228
20.900000000000027,2,22.790239463950204,0.014815444253148518,4.46027354277847,-0.009319739787602921
20.900000000000027,3,23.236247449031772,0.010658645544032973,4.387085797139637,-0.00754545641112327
20.900000000000027,4,23.674943541798807,0.007348420478379277,4.313999481311511,-0.00599419761681106
20.900000000000027,5,24.106335742235252,0.004762539405913329,4.244821957239493,-0.0047288948315169586
20.900000000000027,6,24.530813194639236,0.0027552152078110523,4.183579314560838,-0.003746344903921132
20.900000000000027,7,24.94916819289394,0.0011879057539506293,4.1330658699057725,-0.0029945512716094344
20.900000000000027,8,25.362472929187092,-4.9760173882551855e-05,4.091046150711934,-0.0023905121219313045
21.00000000000003,0,22.33721892309416,0.022162976183898127,4.530728950811326,-0.011187248676123722
21.00000000000003,1,22.790263467123495,0.017094442760466247,4.460951719881586,-0.009630495016146844
21.00000000000003,2,23.236337953214168,0.01279839183651977,4.3877126104158695,-0.008052255241724263
21.00000000000003,3,23.675094990639842,0.009265331826891526,4.31222200812741,-0.006558509559127278
21.00000000000003,4,24.10630791887288,0.0064371771661229545,4.237730227767864,-0.005245594291092582
21.00000000000003,5,24.53007511430981,0.0042142459931283315,4.168289074339507,-0.004158979566935236
21.00000000000003,6,24.94690042128864,0.0024806680563427734,4.107486077452226,-0.003298768349245034
21.00000000000003,7,25.35764680057983,0.0011257059780489112,4.0556781688897665,-0.002640422075550825
21.00000000000003,8,25.76321321096148,5.4836977909558684e-05,4.011641559275286,-0.0021143200447774776
21.10000000000003,0,22.790281057746153,0.019040291871459628,4.46095171985345,-0.009630509374769572
21.10000000000003,1,23.236355543691715,0.014744234540116221,4.391608735931859,-0.00830337692699259
21.10000000000003,2,23.675501278956403,0.011097758176176673,4.318768480778216,-0.006964309306048998
21.10000000000003,3,24.107367654636008,0.008090058535262883,4.243945802896919,-0.005692373379084233
21.10000000000003,4,24.531755360771108,0.0056742591623500736,4.170618181430246,-0.004560056309364274
21.10000000000003,5,24.94881284631175,0.0037724403584885645,4.1024060370524555,-0.003607576758170753
21.10000000000003,6,25.359050787708497,0.002292469069805897,4.040472602171689,-0.00285570960938378
21.10000000000003,7,25.763096411289695,0.0011386289558134263,3.9862214173390993,-0.0022850378508843527
21.10000000000003,8,26.161717525263768,0.00022776302838423249,3.9392746229832967,-0.0018320673783912462
21.20000000000003,0,23.236368434750403,0.01640309140723417,4.391608735904441,-0.008303386106388854
21.20000000000003,1,23.67551416972475,0.012756611009865847,4.2661158577094,-0.007713728755679151
21.20000000000003,2,24.10211306428368,0.00946587758706154,4.150659721420116,-0.00685297359491778
21.20000000000003,3,24.51716929108648,0.006621463704881674,4.048731078628279,-0.00581502522190916
21.20000000000003,4,24.922035555297086,0.004267129640988021,3.9617458257440816,-0.004759069305519002
21.20000000000003,5,25.31820565384175,0.002381714463747081,3.8900749694102315,-0.003807114541394725
21.20000000000003,6,25.707210335092306,0.0009007219444593578,3.831507622968479,-0.0030324503611428074
21.20000000000003,7,26.090359339733087,-0.0002611619400831986,3.7843720796629525,-0.002441661195899469
21.20000000000003,8,26.46879542375231,-0.0011851764643395226,3.74581948453293,-0.00197713871062321
21.300000000000033,0,23.67551967160442,0.01349366139263071,4.266115857673963,-0.007713729584421716
21.300000000000033,1,24.102118565942913,0.010202927614279173,4.156478362111217,-0.006781406055714457
21.300000000000033,2,24.517756845696198,0.007384272464736571,4.05483881179068,-0.005748607846523986
21.300000000000033,3,24.923234028093127,0.005053317484465204,3.9643466303892647,-0.004690687488222123
21.300000000000033,4,25.319664331317114,0.0031937731952320653,3.8860633762328907,-0.003708583763467869
21.300000000000033,5,25.70826799896627,0.001752597354238681,3.8182334487548433,-0.0028835655977665874
21.300000000000033,6,26.090089759476246,0.0006515862322031146,3.7600733722335677,-0.002246353217175438
21.300000000000033,7,26.46609615122211,-0.00019305833219957072,3.711232117365856,-0.0017783612141762063
21.300000000000033,8,26.837218778895394,-0.0008530490920426073,3.67005999019789,-0.001418326013709958
21.400000000000034,0,24.102125963933698,0.011368305306333091,4.156478362077106,-0.00678140951868012
21.400000000000034,1,24.51776424341459,0.0085496487154636,4.063775244231065,-0.005832283408642908
21.400000000000034,2,24.924134856911785,0.006179553258395714,3.976829772909818,-0.004843921384883437
21.400000000000034,3,25.321813169160833,0.004253215713349981,3.8977616324907807,-0.0038789245655150286
21.400000000000034,4,25.711586400804585,0.0027413071701249923,3.825283932659238,-0.0030231515343846884
21.400000000000034,5,26.094113046805795,0.0015848676328094015,3.7590061835640665,-0.00232850820299062
21.400000000000034,6,26.47001264707759,0.0007095807506366486,3.699460175458042,-0.0018047297403382236
21.400000000000034,7,26.839958063484143,4.1928533093305796e-05,3.6475354144854375,-0.0014259210797040174
21.400000000000034,8,27.20471123579448,-0.00047818105395462017,3.6026578354845937,-0.0011366014252109026
21.500000000000036,0,24.517770595941943,0.009736035726448787,4.063775244195614,-0.005832287273594414
21.500000000000036,1,24.924141209378114,0.00736593869753617,3.98879244672803,-0.004933030489115163
21.500000000000036,2,25.323015601364247,0.0053982632022769985,3.9151280053641906,-0.0040464977693066674
21.500000000000036,3,25.714525197045866,0.0038140118517406307,3.844108519404225,-0.0032206929366393
21.500000000000036,4,26.098934056310824,0.0025759446758449166,3.7749615761465622,-0.0025101932639538436
21.500000000000036,5,26.476429026817957,0.001628357356523237,3.7083189519225357,-0.001943455292080082
21.500000000000036,6,26.847260225846675,0.0009076625965543854,3.645886282342128,-0.001519582165985493
21.500000000000036,7,27.211848439505502,0.00035364042675224466,3.5897149376717055,-0.0012132989739604518
21.500000000000036,8,27.570819677016647,-8.18992169556051e-05,3.540206150906168,-0.00097862767598796
21.600000000000037,0,24.92414621085231,0.008489995327159624,3.988792446693046,-0.004933033930797465
21.600000000000037,1,25.323020602823703,0.0065223184578223365,3.9016759924103996,-0.004232671478105135
21.600000000000037,2,25.71318470771007,0.004870872119359009,3.8157989200567854,-0.0035417609990103455
21.600000000000037,3,26.094762207048028,0.0035194101643629904,3.733020891225168,-0.0028963280114583214
21.600000000000037,4,26.468062731560615,0.002438206376314305,3.653363726829578,-0.002338520458652537
21.600000000000037,5,26.833398106988515,0.0015838605696231133,3.5784640249966246,-0.0018900947593050337
21.600000000000037,6,27.191243872389364,0.0009074973581301002,3.511082740325463,-0.0015496113534086016
21.600000000000037,7,27.542351726983664,0.00036341620421028755,3.4540542628854185,-0.0012966788681266907
21.600000000000037,8,27.887756864542226,-8.446359062748318e-05,3.407436159527664,-0.0010959293958195397
21.70000000000004,0,25.323023960919613,0.007397763506807774,3.9016759923724775,-0.004232673162845551
21.70000000000004,1,25.713188065797745,0.005746316510108537,3.8208487012422925,-0.003629836621186161
21.70000000000004,2,26.09527041948388,0.004359413901244277,3.7387528339432627,-0.003048274679305642
21.70000000000004,3,26.46914396646425,0.003219741106115835,3.6571516750441804,-0.0025148129129352586
21.70000000000004,4,26.834857978656004,0.0023000368486173536,3.576821814561618,-0.0020576536900740816
21.70000000000004,5,27.19253940461409,0.0015640513053393353,3.5004690893809554,-0.0016894346339233676
21.70000000000004,6,27.542585816219418,0.0009726702125409909,3.4318000265255892,-0.0014062090494144299
21.70000000000004,7,27.885765481987168,0.0004900875435127472,3.373825803300622,-0.0011913227792264042
21.70000000000004,8,28.22314782564421,8.81560828470779e-05,3.324476286521282,-0.0010195383891433703
21.80000000000004,0,25.71319052724371,0.0064998571156059375,3.820848701194228,-0.0036298377439597665
21.80000000000004,1,26.095272880739564,0.005112954076845521,3.69497459236131,-0.0033292401766364336
21.80000000000004,2,26.46476829284618,0.0038828105625504095,3.579097164006021,-0.002966090193817112
21.80000000000004,3,26.822676435322016,0.0028212196191767106,3.4765734848915395,-0.0025671233403123574
21.80000000000004,4,27.170332639000367,0.001928741305959259,3.3864046880991356,-0.002182307408635138
21.80000000000004,5,27.508972302316145,0.0011897242888982249,3.3085394642761576,-0.0018473759696875616
21.80000000000004,6,27.839825685101907,0.0005785130067539599,3.2438382736175018,-0.0015764386287099375
21.80000000000004,7,28.16420911015523,6.714202292935522e-05,3.1927409418112056,-0.0013647791256876786
21.80000000000004,8,28.483482907861738,-0.0003685964604186588,3.151162710150514,-0.0011934539144406342
21.90000000000004,0,26.09527406012515,0.0054886990500821525,3.6949745923083093,-0.00332924032277177
21.90000000000004,1,26.464769472080746,0.004258555481011258,3.5870177563293546,-0.00294684127856414
21.90000000000004,2,26.823469690662225,0.0032015198114617935,3.4863869961853795,-0.0025439116934789993
21.90000000000004,3,27.172107262883088,0.0023146147032292656,3.3936359736719193,-0.0021494780337478034
21.90000000000004,4,27.511470077094888,0.0015851606669209416,3.3093530971490264,-0.0017955451174533096
21.90000000000004,5,27.842404854116037,0.0009909517066815912,3.234860654476044,-0.0015002796364482261
21.90000000000004,6,28.165890556025023,0.0005056323321712276,3.171561735241884,-0.0012672889666659644
21.90000000000004,7,28.483046475490823,0.00010370392049844669,3.1181190656702045,-0.0010899775191694054
21.90000000000004,8,28.79485819732252,-0.00023616398031324148,3.0726755913112433,-0.0009491529502406992
22.000000000000043,0,26.46477075460767,0.004736552269283449,3.587017756282613,-0.0029468415972972225
22.000000000000043,1,26.823470973281616,0.0036795164847480354,3.504287358527537,-0.002536053851024291
22.000000000000043,2,27.173898582644032,0.002790811292067481,3.4225508868252663,-0.0021380829187930372
22.000000000000043,3,27.516152889684495,0.002059042090599393,3.3412151492120463,-0.0017763095345754232
22.000000000000043,4,27.850273878196077,0.0014655391700914358,3.261697634217273,-0.0014684821825880694
22.000000000000043,5,28.176443290612465,0.0009865648562239222,3.186827037186412,-0.0012209203119566531
22.000000000000043,6,28.495125757323255,0.0005974787669465399,3.119677134958166,-0.0010302547343288876
22.000000000000043,7,28.80709330601057,0.0002760726101592042,3.060452049551871,-0.0008872107427245335
22.000000000000043,8,29.113138391283172,4.546052425901463e-06,3.008656112636939,-0.0007743183429628512
22.100000000000044,0,26.823472119181382,0.004192999495431744,3.504287358483578,-0.0025360542723955846
22.100000000000044,1,27.1738997286935,0.003304294154443793,3.442183473898044,-0.0021593719433138986
22.100000000000044,2,27.51811727401896,0.0025609992900775674,3.3751125314756076,-0.0018057895219023995
22.100000000000044,3,27.855627977686627,0.0019515253365741765,3.3014459210255263,-0.001494132869434153
22.100000000000044,4,28.185772202464307,0.0014582456327691942,3.2234581048436093,-0.0012350580914086526
22.100000000000044,5,28.508117768753934,0.0010601299314539692,3.145484263384915,-0.0010299548064147796
22.100000000000044,6,28.822666030299196,0.0007361593237733487,3.072253760765589,-0.0008733801949080373
22.100000000000044,7,29.12989129192922,0.00046783479751429953,3.0054541846532787,-0.0007563253725451295
22.100000000000044,8,29.4304366273849,0.00024052469218736254,2.9458424990373118,-0.0006639917583289147
22.200000000000045,0,27.173900606152582,0.0037751459324547876,3.4421834738569483,-0.0021593722813837484
22.200000000000045,1,27.518118151421383,0.003031850951148725,3.329974576292071,-0.001981957369761496
22.200000000000045,2,27.851114955375284,0.0023718646177505586,3.2257979676628485,-0.0017775196448193836
22.200000000000045,3,28.17369424312951,0.0017984729938889802,3.1302851791907553,-0.001560971603192718
22.200000000000045,4,28.48672238030234,0.0013098445648320259,3.0439349073865056,-0.001353984049578794
22.200000000000045,5,28.791115592479876,0.0008977007594136175,2.9673309448413567,-0.001172149118294111
22.200000000000045,6,29.08784848379386,0.0005498854038434916,2.898984632724712,-0.0010239818968591332
22.200000000000045,7,29.377746795785352,0.0002530346772610443,2.839055456245434,-0.00090866094094745
22.200000000000045,8,29.661652224749034,-4.939167493863885e-06,2.786853690655226,-0.0008158341013593391
22.300000000000047,0,27.518118559221286,0.003253619181871897,3.329974576247777,-0.0019819574072801574
22.300000000000047,1,27.851115363289374,0.002593632835484025,3.2192875251179274,-0.0017759827713099995
22.300000000000047,2,28.173043608486967,0.0020218932177894495,3.113659473954196,-0.0015674133231056335
22.300000000000047,3,28.48440917401221,0.0015338542832847844,3.01373655278444,-0.0013684944981247867
22.300000000000047,4,28.78578254771105,0.0011214262228947942,2.9212973870630217,-0.0011915076468780625
22.300000000000047,5,29.07791207948506,0.0007733514877163179,2.8386744263072483,-0.001043116522341174
22.300000000000047,6,29.361779368282615,0.0004772447218719777,2.76613167246716,-0.000925248321694395
22.300000000000047,7,29.63839241766779,0.00022130888969150168,2.7053864772510634,-0.0008339653336129106
22.300000000000047,8,29.908930971509484,-4.3109376181455876e-06,2.6560468727519546,-0.0007596204075609493
22.40000000000005,0,27.851115774328626,0.002851100745224127,3.219287525075899,-0.0017759828333394254
22.40000000000005,1,28.17304401968484,0.0022793611071179644,3.136132619518092,-0.0015467888798015783
22.40000000000005,2,28.48665690688402,0.0017942677942211437,3.0505123622240715,-0.0013318540268713957
22.40000000000005,3,28.791707873170367,0.0013879841969358328,2.96173891677834,-0.001141556953891391
22.40000000000005,4,29.087881572489806,0.0010498849047721574,2.8726492705652102,-0.0009818198680518666
22.40000000000005,5,29.37514636151931,0.0007678425373312901,2.787436778377428,-0.0008536279653128117
22.40000000000005,6,29.653889938408533,0.0005298991677119651,2.70832191803251,-0.0007549976096104056
22.40000000000005,7,29.924722053585814,0.0003254215297936662,2.63908059627281,-0.0006803031465877201
22.40000000000005,8,30.188630052382834,0.00014588406041194784,2.5810137826643453,-0.0006202600574856246
22.50000000000005,0,28.1730444006947,0.0025658532103876273,3.1361326194826993,-0.0015467889710425423
22.50000000000005,1,28.486657287882817,0.0020807598684516723,3.0081865499879656,-0.001431379382884089
22.50000000000005,2,28.78747563507046,0.0016501743945577876,2.8889656384103675,-0.00130560816988204
22.50000000000005,3,29.07637195327064,0.001272988787690184,2.779753362808151,-0.0011776967343578217
22.50000000000005,4,29.3543470973769,0.0009456182176139691,2.682126355970915,-0.00105818414040322
22.50000000000005,5,29.622559583199696,0.0006617999133657561,2.597985401928802,-0.0009538691174749184
22.50000000000005,6,29.88235800571732,0.00041398614672651503,2.526854397187311,-0.0008678717414128361
22.50000000000005,7,30.135043350607457,0.00019468762171831748,2.46915406095195,-0.0007989584640982995
22.50000000000005,8,30.38195867830342,-2.587510782424249e-06,2.420861545995855,-0.0007420019466854408
22.60000000000005,0,28.486657478173527,0.00222502171710211,3.0081865499496883,-0.001431379395600731
22.60000000000005,1,28.787475825475884,0.0017944362390404848,2.9076796256587056,-0.0012783268951593024
22.60000000000005,2,29.078243550824535,0.001422739833316971,2.8098779531947753,-0.0011302789755868003
22.60000000000005,3,29.359231167191787,0.0011051453034506492,2.7150033814745482,-0.0009941264122147225
22.60000000000005,4,29.63073137159796,0.000835239690813782,2.624732670289621,-0.000875729027422708
22.60000000000005,5,29.893204538614455,0.0006053842613221851,2.5392386920463847,-0.0007785823007556117
22.60000000000005,6,30.147128331473354,0.0004076836509949861,2.4613787266861853,-0.0007025329696258506
22.60000000000005,7,30.393266143764155,0.00023476369462677684,2.3943299862351344,-0.0006440846813611019
22.60000000000005,8,30.63269909312298,8.054857875669917e-05,2.3359479372334153,-0.0005970531325372433
22.700000000000053,0,28.787476038746263,0.001985751717657227,2.9076796256201005,-0.0012783269260083537
22.700000000000053,1,29.078243764290452,0.001614055302643096,2.8237297754129083,-0.0011246086823026341
22.700000000000053,2,29.360616563648282,0.0012964962672473552,2.736732512861609,-0.000982077517812934
22.700000000000053,3,29.634289683475995,0.0010277279631115631,2.6462544736815836,-0.0008565057721986113
22.700000000000053,4,29.898915034151564,0.0008010747676932559,2.55525904536075,-0.0007508605192324594
22.700000000000053,5,30.154440867201515,0.0006092104723844364,2.4654083670758444,-0.0006660537760108524
22.700000000000053,6,30.400981649652813,0.000445001029325159,2.3804444725834264,-0.0006006077865024749
22.700000000000053,7,30.639026054603395,0.0003020296894160199,2.301545279173407,-0.0005512413210123949
22.700000000000053,8,30.86918054810545,0.0001751590099396521,2.2300612340726684,-0.0005121862165851311
22.800000000000054,0,29.078243946082765,0.0018062029896255905,2.823729775382485,-0.001124608716214726
22.800000000000054,1,29.36061674548756,0.0014886439443400875,2.7109846825247153,-0.0010319131812992798
22.800000000000054,2,29.631715069732714,0.0012088939110252764,2.6029153365028233,-0.0009384411059176259
22.800000000000054,3,29.892006489269303,0.0009646256721400905,2.5001181607587517,-0.0008486453803697551
22.800000000000054,4,30.14201821568598,0.0007524543248440894,2.404265896566129,-0.0007675401996159765
22.800000000000054,5,30.38244473506424,0.0005679172703359531,2.3150656998714902,-0.0006987234829768976
22.800000000000054,6,30.613951248953388,0.00040615820658294503,2.2342620380864595,-0.0006432523767250791
22.800000000000054,7,30.837377407134362,0.00026243877989293185,2.161255636772478,-0.0005999866224827355
22.800000000000054,8,31.05350293241817,0.00013276634076558468,2.0960678229967336,-0.0005650470174309465
22.900000000000055,0,29.360616852313928,0.001604513306894873,2.710984682489403,-0.0010319131893053845
22.900000000000055,1,29.631715176749502,0.001324763271143288,2.601819481870236,-0.0009338219574323944
22.900000000000055,2,29.891897011860944,0.001081799690180481,2.492713414327464,-0.000842027963293716
22.900000000000055,3,30.141168265430526,0.0008719062750201243,2.3841132790541426,-0.0007602526113687561
22.900000000000055,4,30.379579524785647,0.0006906534578615308,2.279492482567071,-0.0006907954731629341
22.900000000000055,5,30.607528719148146,0.0005331871615870805,2.180868154550967,-0.0006344876996403791
22.900000000000055,6,30.825615491032902,0.0003948137690262122,2.0927526897215873,-0.0005904245351815766
22.900000000000055,7,31.03489072395805,0.0002712525228298863,2.0166543482656563,-0.0005564467434157297
22.900000000000055,8,31.236556127721965,0.0001590364542278084,1.953485131724337,-0.0005288828048527823
23.000000000000057,0,29.63171527521869,0.0014473772617968118,2.601819481842845,-0.0009338219678269454
23.000000000000057,1,29.89189711036902,0.0012044136778793322,2.4720281013889167,-0.0008707415497528872
23.000000000000057,2,30.13909982711315,0.0009891639469544807,2.348620938644993,-0.00080771901125722
23.000000000000057,3,30.373961844850605,0.0007994613893154124,2.232799129086759,-0.0007477606733683629
23.000000000000057,4,30.59724169567834,0.000632501466848413,2.1268750657516655,-0.0006940658369193817
23.000000000000057,5,30.809929151517164,0.00048488234645436,2.0311730883268213,-0.0006487011159660963
23.000000000000057,6,31.01304641794002,0.000353119930797465,1.9485039550132863,-0.0006120165262229887
23.000000000000057,7,31.20789677737907,0.00023386827608501632,1.8789001402871472,-0.0005829947415749576
23.000000000000057,8,31.39578675963587,0.00012432939218982874,1.8222588442964471,-0.0005590748681218561
23.10000000000006,0,29.891897172199503,0.0012832641736299213,2.4720281013533487,-0.0008707415529712338
23.10000000000006,1,30.139099888857324,0.0010680144416960022,2.3530452605819283,-0.0007982788643777264
23.10000000000006,2,30.374404340401632,0.0008801758316928594,2.2341053823338926,-0.0007302845417408049
23.10000000000006,3,30.597814819393868,0.000717022583634228,2.1170129642220186,-0.0006694214844837464
23.10000000000006,4,30.80951606887475,0.0005753051980981192,2.0018248014600903,-0.000617866476778086
23.10000000000006,5,31.009698511156977,0.00045161916225008137,1.8913976947228466,-0.0005763424276083965
23.10000000000006,6,31.198838249706085,0.0003426098943974696,1.7867502441978198,-0.0005443440367405876
23.10000000000006,7,31.377513247963808,0.0002453492151643004,1.691491244088851,-0.0005201657186059108
23.10000000000006,8,31.546662349868864,0.00015736364333769252,1.6037675551107848,-0.0005010830828821339
23.20000000000006,0,30.139099951076595,0.001158592776449743,2.3530452605410312,-0.0007982788695631146
23.20000000000006,1,30.37440440228609,0.0009707541650263484,2.21916890391758,-0.000748638291334374
23.20000000000006,2,30.596321230905883,0.0008046186988032049,2.0905520983817807,-0.0006999404153930635
23.20000000000006,3,30.80537638984935,0.0006582925203120493,1.9695576968696766,-0.0006543371465249715
23.20000000000006,4,31.002332117858252,0.0005294170531786404,1.8552104495551422,-0.00061428262922461
23.20000000000006,5,31.187853128155506,0.000415454705078597,1.7489053424919014,-0.0005810846453807898
23.20000000000006,6,31.362743633367426,0.000313828506732575,1.650210510317045,-0.0005549034774219393
23.20000000000006,7,31.527764659302445,0.00022225775638911024,1.5615030514349795,-0.0005347558830308095
23.20000000000006,8,31.68391494249964,0.00013875546611156429,1.4801456799493937,-0.0005186737048604585
23.30000000000006,0,30.374404444198966,0.0010328048723653904,2.219168903874143,-0.0007486382933426036
23.30000000000006,1,30.596321272642538,0.0008666694055205092,2.0837706208570337,-0.000690880386820897
23.30000000000006,2,30.804698285460095,0.0007227057916214088,1.9460378019665334,-0.0006391470611517059
23.30000000000006,3,30.999302026240787,0.0005983253658621292,1.8078405812707639,-0.0005953120974226637
23.30000000000006,4,31.18008605282012,0.0004907024353898781,1.6702570526431242,-0.0005601602962640609
23.30000000000006,5,31.3471117322068,0.0003971412717384106,1.5387902944956537,-0.0005332982242916096
23.30000000000006,6,31.500990740211794,0.00031507786247111946,1.4180110855290375,-0.0005135336100579471
23.30000000000006,7,31.64279183024786,0.00024225823049963896,1.318543800868508,-0.0004991111751187168
23.30000000000006,8,31.774646193978064,0.00017644823868128866,1.2378635693031215,-0.0004879086459950411
23.400000000000063,0,30.596321314865413,0.0009388667733684581,2.0837706208253843,-0.0006908803901613203
23.400000000000063,1,30.804698327365138,0.0007949031586072175,1.9407585876059896,-0.000649857184295914
23.400000000000063,2,30.998774145568248,0.0006687815762822595,1.7992848080159851,-0.000612213917818671
23.400000000000063,3,31.178702592967475,0.0005586268629798677,1.661530244368402,-0.000579444107625423
23.400000000000063,4,31.344855589991433,0.0004623504773892358,1.5276856736876332,-0.0005525467631546207
23.400000000000063,5,31.49762413436379,0.0003779387042745948,1.4020621219694052,-0.000531598489962399
23.400000000000063,6,31.637830327186084,0.00030340529710338234,1.2880770543034696,-0.0005159459692798452
23.400000000000063,7,31.7666380156523,0.00023694748363724917,1.1954167852334634,-0.0005043898036729825
23.400000000000063,8,31.886179679035923,0.00017665188247094495,1.1210601470239472,-0.0004953522525762413
23.500000000000064,0,30.80469835700384,0.0008461821564496362,1.940758587559568,-0.0006498571857935719
23.500000000000064,1,30.998774175050503,0.0007200605736848933,1.778384672493333,-0.0006112293877656692
23.500000000000064,2,31.17661260954603,0.0006113604829115313,1.6151831142378108,-0.0005779301789256118
23.500000000000064,3,31.338130894310716,0.0005180141814610324,1.4558123236859029,-0.0005509483354467235
23.500000000000064,4,31.483712105012597,0.00043780644786662655,1.3049486212491375,-0.0005302482413667032
23.500000000000064,5,31.614206948970708,0.00036861177995830614,1.1751249857050992,-0.0005150200913617729
23.500000000000064,6,31.731719432031362,0.00030809048488570885,1.070166562620402,-0.0005040497905404238
23.500000000000064,7,31.83873607473026,0.0002541487640064677,0.9890525863511591,-0.0004960883652502297
23.500000000000064,8,31.937641321207057,0.00020508301797715132,0.9253615592429009,-0.0004899050762515317
23.600000000000065,0,30.998774200283865,0.0007683453133741027,1.7783846724762797,-0.0006112293892193359
23.600000000000065,1,31.176612634481508,0.0006596452222036156,1.6232845772902342,-0.0005842485227123672
23.600000000000065,2,31.338941064898762,0.000564805065898768,1.4724669286124357,-0.0005603163775264603
23.600000000000065,3,31.486187734856152,0.0004823003366448716,1.3305913343166433,-0.0005401993506625664
23.600000000000065,4,31.619246849082227,0.00041042188265532606,1.1984793836869596,-0.0005241759098334452
23.600000000000065,5,31.739094771373686,0.00034760048339556153,1.0780543773840467,-0.0005120335990104479
23.600000000000065,6,31.846900195142712,0.00029240047953153477,0.9794204518622857,-0.0005031483849476993
23.600000000000065,7,31.944842227998855,0.00024312109976658844,0.9035099118468028,-0.0004966456314343608
23.600000000000065,8,32.03519320806568,0.00019824867657180427,0.8444435530116311,-0.000491576359193182
23.700000000000067,0,31.176612651856907,0.0006933713003149347,1.6232845772607187,-0.0005842485234443529
23.700000000000067,1,31.338941081971424,0.0005985311437663537,1.4714658983630358,-0.0005627807347933113
23.700000000000067,2,31.486087648867034,0.0005157198821151121,1.3257125799008647,-0.0005438019017560387
23.700000000000067,3,31.61865888745291,0.00044362738343211845,1.1906229430061077,-0.0005279145646825936
23.700000000000067,4,31.737721165366263,0.00038077266707981763,1.0663713388806377,-0.0005153204328419501
23.700000000000067,5,31.844358285480627,0.000325820375518758,0.9541217737270513,-0.0005058253083260648
23.700000000000067,6,31.9397704508089,0.00027755848354028053,0.8632966715840772,-0.0004989160443586641
23.700000000000067,7,32.026100107289494,0.00023448722928540755,0.7943498663358828,-0.000493883018971924
23.700000000000067,8,32.105535084259806,0.0001952556398934958,0.7413428914261782,-0.0004899711948936916
23.800000000000068,0,31.338941095969986,0.000625365875846372,1.4714658983060231,-0.0005627807353172194
23.800000000000068,1,31.486087662728615,0.0005425546140059958,1.2918805115013785,-0.0005426970637567677
23.800000000000068,2,31.61527569525229,0.00047244464134745646,1.1206791372055913,-0.0005263340835879039
23.800000000000068,3,31.727343593612513,0.00041345948137893625,0.9709727375105609,-0.0005138879253409459
23.800000000000068,4,31.824440854607385,0.00036356236700249946,0.8465384827326052,-0.0005048417637703831
23.800000000000068,5,31.909094692119517,0.00032082557074221565,0.7473615465950183,-0.0004984508038801386
23.800000000000068,6,31.983830837507035,0.000283573275915247,0.6715977132343234,-0.0004939858088500114
23.800000000000068,7,32.05099060064241,0.0002503973033099595,0.6157954139671351,-0.0004908147147879096
23.800000000000068,8,32.112570134624704,0.00022017315949344012,0.5735553798441406,-0.0004883824496358243
23.90000000000007,0,31.486087674594597,0.000567659200231169,1.291880511461082,-0.0005426970642782716
23.90000000000007,1,31.615275706883246,0.0004975492274008348,1.1253309815539936,-0.0005270171418902013
23.90000000000007,2,31.727808789782358,0.00043824235832340126,0.9671880319523077,-0.0005144057704650198
23.90000000000007,3,31.824527580333402,0.00038848965001746455,0.8301705144510432,-0.0005049757986504522
23.90000000000007,4,31.9075446212544,0.00034656804993493645,0.7175902788591205,-0.0004982472120648182
23.90000000000007,5,31.97930364025797,0.0003108143158255512,0.6290198211957241,-0.0004935777567538194
23.90000000000007,6,32.04220561472681,0.0002797672978551348,0.5623176301322808,-0.0004903664089787382
23.90000000000007,7,32.098437370985,0.00025219313126495984,0.5139368234259699,-0.00048811341378173395
23.90000000000007,8,32.149831047207854,0.00022710718654120966,0.47780138544292433,-0.00048639805188321444
24.00000000000007,0,31.61527571590957,0.000517149127989212,1.1253309815333106,-0.0005270171422945601
24.00000000000007,1,31.727808798450145,0.00045784225876829615,0.985055664575366,-0.000514962150463504
24.00000000000007,2,31.826314351978557,0.00040711562261376154,0.851466814411984,-0.0005051855177451758
24.00000000000007,3,31.911461022908217,0.0003641007540737321,0.7277950881313813,-0.0004978305672583062
24.00000000000007,4,31.984240522848314,0.00032786889140479377,0.6243167967505501,-0.000492622092762841
24.00000000000007,5,32.04667219500767,0.0002971136679490785,0.5429944755997819,-0.0004890559671875364
24.00000000000007,6,32.10097163609918,0.00027055820016284274,0.4823861713947388,-0.0004866390214690485
24.00000000000007,7,32.14921024753785,0.00024708340765132713,0.43910987807110474,-0.00048496437927910373
24.00000000000007,8,32.19312123018591,0.00022578814355370838,0.4072894940642018,-0.0004836994006829737
24.100000000000072,0,31.727808805450447,0.00047291099675971437,0.9850556645653513,-0.0005149621507892613
24.100000000000072,1,31.826314358812414,0.0004221843604812309,0.8553405884541233,-0.0005053761215011052
24.100000000000072,2,31.911848406846836,0.00037895749134826304,0.7322460795766701,-0.0004977374517746255
24.100000000000072,3,31.98507300607979,0.0003425108630606516,0.6186833773802084,-0.0004921165809172221
24.100000000000072,4,32.0469413364687,0.0003120644294470088,0.524576949895627,-0.0004882355412598315
24.100000000000072,5,32.09939902526421,0.000286452719354828,0.45158607039084714,-0.00048564495320449285
24.100000000000072,6,32.144557627002264,0.0002645216706138031,0.39805669466336546,-0.0004839291749916691
24.100000000000072,7,32.18436329181829,0.00024525854658342646,0.36055113105265485,-0.0004827619301531871
24.100000000000072,8,32.22041840072656,0.00022785251127507231,0.3334618041497656,-0.00048189003524640715
24.200000000000074,0,31.826314364842897,0.00043416689567590637,0.8553405884331496,-0.0005053761217886611
24.200000000000074,1,31.911848412837102,0.00039094002643310006,0.7103996624872305,-0.0004977531344343497
24.200000000000074,2,31.982888370315887,0.0003555796619672053,0.5836668018166113,-0.0004921055104587361
24.200000000000074,3,32.04125504344075,0.00032685709816045476,0.47989035583239315,-0.00048824931971167066
24.200000000000074,4,32.0892440733072,0.0003034264851053922,0.3987381747276958,-0.00048573891794381904
24.200000000000074,5,32.12911788607772,0.00028405822090914656,0.337991300555192,-0.000484141952503798
24.200000000000074,6,32.162917012173686,0.00026769464472846144,0.29465201294052,-0.0004831247898998116
24.200000000000074,7,32.19238221003022,0.00025345927609889937,0.2650596915354443,-0.00048245285266969177
24.200000000000074,8,32.218888176099654,0.00024067139617119478,0.24415954227791994,-0.00048195958795803606
24.300000000000075,0,31.911848417112232,0.0004004687595006352,0.7103996624692765,-0.0004977531346946215
24.300000000000075,1,31.982888374595735,0.0003651083949357453,0.5812019394781845,-0.0004922529438227225
24.300000000000075,2,32.04100856151712,0.00033649855947109333,0.4690760843234836,-0.0004882898651903631
24.300000000000075,3,32.08791616436197,0.0003135940505623673,0.3782724066351301,-0.0004856782502621091
24.300000000000075,4,32.125743400565,0.00029522218321825636,0.3082438264226038,-0.0004840432026859933
24.300000000000075,5,32.156567779596905,0.0002803018509019004,0.25670206323257894,-0.00048304343116890706
24.300000000000075,6,32.18223798292635,0.00026790202684136863,0.22068764466980512,-0.00048242959225652115
24.300000000000075,7,32.204306744826134,0.0002572554022121047,0.19672236246776403,-0.00048203600952269446
24.300000000000075,8,32.22397897878794,0.0002477726763263226,0.18023387450565215,-0.00048175239831377547
24.400000000000077,0,31.982888377701567,0.00037198363268214397,0.5812019394647299,-0.0004922529440613904
24.400000000000077,1,32.04100856461271,0.0003433737971266156,0.4668552676391771,-0.000488426978916785
24.400000000000077,2,32.087694085810504,0.0003205713271846987,0.3683868842683008,-0.00048575689884985485
24.400000000000077,3,32.12453276989071,0.0003026766808197941,0.28957471899554804,-0.00048406961777845687
24.400000000000077,4,32.153490238396614,0.0002886592490043713,0.22970526236115277,-0.00048306273717870597
24.400000000000077,5,32.17646076195248,0.00027756304415389765,0.186469746291328,-0.0004824774464057904
24.400000000000077,6,32.19510773441182,0.00026856629979899415,0.15698635973555425,-0.00048213518853815657
24.400000000000077,7,32.21080636856142,0.00026099743527778973,0.13798010850938502,-0.00048192451717328445
24.400000000000077,8,32.22460437781048,0.00025434783582173423,0.1253433979487596,-0.00048177661401378475
24.500000000000078,0,32.041008566807406,0.00034815625292661316,0.466855267628745,-0.000488426979142995
24.500000000000078,1,32.08769408798288,0.0003253537828999417,0.36639971017916706,-0.0004858832031665657
24.500000000000078,2,32.12433405466794,0.0003075510370674721,0.28060089249703646,-0.00048417474429836196
24.500000000000078,3,32.15239414062425,0.0002939650510403336,0.2127926846766114,-0.00048315019503979574
24.500000000000078,4,32.173673406605815,0.0002836839687212721,0.1621372600348268,-0.0004825761452890922
24.500000000000078,5,32.189887130720514,0.0002758596116254463,0.12634545347026066,-0.0004822651423341064
24.500000000000078,6,32.20252167459841,0.000269766411049678,0.10264399084751552,-0.00048209588030724814
24.500000000000078,7,32.21278607249077,0.00026481798672862045,0.08797483818874824,-0.00048199807546969
24.500000000000078,8,32.22158355528805,0.00026057761662533506,0.0786734262051211,-0.00048193224409523623
