time,x,y,yaw,speed,acceleration,steer,beta,yaw_rate,target_index,lateral_error,heading_error,curvature,normal_accel,target_speed
0.0,621.7453313895926,-342.3074341888842,2.905776985419091,0.0,2.0,0.41425224487221485,0.21640536903939173,0.0,0,0.0,0.0,0.1570062903200875,0.0,5.0
0.1,621.7453313895926,-342.3074341888842,2.905776985419091,0.2,2.0,0.38990299665220923,0.2026503321046693,0.03220258110687553,0,0.0,0.0,0.1570062903200875,0.006280251612803501,5.0
0.2,621.7253423879796,-342.3067710037557,2.908997243529779,0.4,2.0,0.3777104227204338,0.1958375313840289,0.062268200038150326,0,0.004025322638342944,0.0032202581106877126,0.1570062903200875,0.025121006451214005,5.0
0.30000000000000004,621.6853694077699,-342.30530101968696,2.9152240635335938,0.6000000000000001,2.0,0.35157138137794114,0.18138924500767908,0.08659017607730418,0,0.011935155187158862,0.009447078114502627,0.1570062903200875,0.05652226451523152,5.0
0.4,621.6254300917823,-342.3026031688878,2.9238830811413243,0.8,2.0,0.3160951099442382,0.16209585697117607,0.10328764311788859,0,0.02331596128804861,0.018106095722233206,0.1570062903200875,0.10048402580485602,5.0
0.5,621.545553775313,-342.2981563647196,2.934211845453113,1.0,2.0,0.27466653951710096,0.13997296318135755,0.11161307384234481,0,0.037654222060658105,0.02843486003402207,0.1570062903200875,0.1570062903200875,5.0
0.6,621.445780880178,-342.29142068388023,2.9453731528373477,1.2,2.0,0.23048103196583639,0.11679147659185858,0.11186510093857395,0,0.05441551307103615,0.039596167418256556,0.1570062903200875,0.226089058060926,5.0
0.7,621.3261592098756,-342.281899339748,2.956559662931205,1.4,2.0,0.5540701999056068,0.30002141791728654,0.3310055480608366,1,0.13241991236308748,-0.10622361280797366,0.14110406301239475,0.2765639635042937,5.0
0.7999999999999999,621.1870837541702,-342.2979622666399,2.989660217737289,1.5999999999999999,2.0,0.366029654563603,0.18935519172482576,0.2409288336661264,1,0.15938209022497665,-0.07312305800188978,0.14110406301239475,0.3612264013117305,5.0
0.8999999999999999,621.0271957781081,-342.3039485100994,3.0137531011039016,1.7999999999999998,2.0,0.31834463078829456,0.16330915657388778,0.2341212739185751,1,0.17793738561640549,-0.049030174635277035,0.14110406301239475,0.4571771641601589,5.0
0.9999999999999999,620.8473089945909,-342.3103317001978,3.037165228495759,1.9999999999999998,2.0,0.2408138995162898,0.12217816738473465,0.19499907997900476,1,0.1984628581649544,-0.02561804724341954,0.14110406301239475,0.5644162520495789,5.0
1.0999999999999999,620.6473405026487,-342.31388166222354,3.0566651364936597,2.1999999999999997,2.0,0.1858764011681717,0.09374793292475575,0.1647547848975497,1,0.21774488575633252,-0.006118139245518961,0.14110406301239475,0.6829436649799905,5.0
1.2,620.4273490605641,-342.3158221285443,3.073140614983415,2.4,2.0,0.3486341231406177,0.17977849201974164,0.3433183484279301,2,0.16965584139227266,-0.11484449646046535,0.06260091785235233,0.36058128682954943,5.0
1.3,620.188834754698,-342.34248532222426,3.107472449826208,2.6,2.0,0.181137106615885,0.091317587108347,0.1896767085900672,2,0.18522905106536663,-0.08051266161767234,0.06260091785235233,0.4231822046819018,5.0
1.4000000000000001,619.9292599390477,-342.3573485345324,3.1264401206852144,2.8000000000000003,2.0,0.17291185412593962,0.08710700970598866,0.19487304594918062,2,0.1880382770310393,-0.06154499075866582,0.06260091785235233,0.4907911959624424,5.0
1.5000000000000002,619.649984468908,-342.3774784073148,-3.137257881899454,3.0000000000000004,2.0,0.11094651143438979,0.055644489073296624,0.1334778674279623,2,0.19519486290462576,-0.04205768616374783,0.06260091785235233,0.5634082606711712,5.0
1.6000000000000003,619.3505239339095,-342.3954613986797,-3.1239100951566576,3.2000000000000006,1.9799999999999995,-0.11960594905761236,-0.06001762055722619,-0.1535528840188721,3,0.1992707783716196,-0.028709899420954255,1.3322676295501878e-15,1.364242052659393e-14,5.0
1.7000000000000004,619.0308106522805,-342.38191822512175,-3.139265383558545,3.3980000000000006,1.7621999999999995,0.03910541232359825,0.01956018418262704,0.05316901411277425,3,0.17091521138966365,-0.04406518782284152,1.3322676295501878e-15,1.5382900286908814e-14,5.0
1.8000000000000005,618.6910920414359,-342.3893549882537,-3.1339484821472676,3.5742200000000004,1.5683579999999997,-0.025639218964833316,-0.012821716633922146,-0.03666110431020369,3,0.1625892444949616,-0.03874828641156425,1.3322676295501878e-15,1.70197837269015e-14,5.0
1.9000000000000006,618.3336748321263,-342.3875044279643,-3.137614592578288,3.7310558000000005,1.3958386199999997,0.02870928479694923,0.014357600864775935,0.04285373563254754,4,0.14416515976968794,-0.04241439684258452,0.0,0.0,5.0
2.0000000000000004,617.9606319687637,-342.39434518240205,-3.133329219015033,3.8706396620000003,1.2422963717999997,0.003771083037781191,0.0018855482225176275,0.005838618728084991,4,0.1336983859720611,-0.038129023279329655,0.0,0.0,5.0
2.1000000000000005,617.5735879365452,-342.39827342049966,-3.1327453571422246,3.9948692991800003,1.1056437709019997,0.0247366780752978,0.01237023138380972,0.03953295780565461,4,0.11967291385710653,-0.0375451614065212,0.0,0.0,5.0
2.2000000000000006,617.1741909244635,-342.4067489095992,-3.128792061361659,4.1054336762702,0.9840229561027797,0.01217828691031997,0.006089369234770826,0.01999947762023887,5,0.10961692063966164,-0.03359186562595573,-1.3322676295501878e-15,-2.245481889795913e-14,5.0
2.3000000000000007,616.7637208018855,-342.4145035967883,-3.126792113599635,4.203835971880478,0.8757804309314742,0.02073492298608674,0.010368575951730652,0.03486960925263022,5,0.0983273764899754,-0.03159191786393167,-1.3322676295501878e-15,-2.354414913493701e-14,5.0
2.400000000000001,616.3434703508932,-342.42508316320504,-3.123305152674372,4.2914140149736255,0.779444583529012,0.01322317561769276,0.006611876834435542,0.02269927533883457,6,0.08940610144311882,-0.028104956938665993,-1.3322676295501878e-15,-2.4535352746706775e-14,5.0
2.500000000000001,615.9144619718542,-342.4357674129874,-3.1210352251404885,4.3693584733265265,0.693705679340821,0.016762121535222555,0.008381649512940854,0.0292976020169522,6,0.08018324105017845,-0.02583502940478244,-1.3322676295501878e-15,-2.543471229423264e-14,5.0
2.600000000000001,615.4777090721362,-342.44841016871015,-3.118105464938793,4.438729041260609,0.6173980546133305,0.011838447526351837,0.005919431163528363,0.021019678056388016,7,0.07255762088541415,-0.02290526920308711,1.3322676295501878e-15,2.6248757170140174e-14,5.0
2.700000000000001,615.0340280735695,-342.4614610892956,-3.1160034971331543,4.500468846721942,0.5494842686058639,0.01325483915575384,0.006627710684760317,0.02386206967218955,7,0.06501843017089615,-0.020803301397448237,1.3322676295501878e-15,2.6984041455044483e-14,5.0
2.800000000000001,614.5842147264971,-342.47595768194975,-3.1136172901659354,4.5554172735825285,0.4890409990592187,0.009871491533676589,0.004935866012363977,0.017987870394973744,7,0.05863896339343748,-0.01841709443022932,1.3322676295501878e-15,2.7646986748558356e-14,5.0
2.9000000000000012,614.1289196866595,-342.4909474138957,-3.111818503126438,4.6043213734884505,0.4352464891627045,0.010370958362613116,0.005185618618413334,0.019100918105360704,8,0.052497887333787935,-0.016618307390734444,1.3322676295501878e-15,2.8243774399733343e-14,5.0
3.0000000000000013,613.6687688873855,-342.507040736457,-3.1099084113159017,4.647846022404721,0.3873693753548068,0.007981595899769899,0.003990861510214184,0.014839088446600564,8,0.04723402467854694,-0.014708215580198303,1.3322676295501878e-15,2.8780275027151594e-14,5.0
3.1000000000000014,613.204280022487,-342.5236184584098,-3.108424502471242,4.686582959940202,0.3447587440657783,0.008085283945964833,0.004042708042774482,0.015157148013366763,9,0.042252858888831735,-0.013224306735538427,0.0,0.0,5.0
3.2000000000000015,612.7359461524511,-342.5410536120149,-3.106908787669905,4.721058834346779,0.30683528221854267,0.006365703622296246,0.0031828840555003504,0.012021246013738326,9,0.03794988694957065,-0.011708591934201706,0.0,0.0,5.0
3.3000000000000016,612.2641787027043,-342.558926455466,-3.1057066630685313,4.751742362568634,0.2730834011745027,0.006304286003338358,0.0031521743216905854,0.011982636363188418,10,0.03392489886118621,-0.010506467332827896,0.0,0.0,5.0
3.4000000000000017,611.7893664980824,-342.5774716743739,-3.1045083994322122,4.779050702686084,0.24304422704530737,0.005048105206008345,0.0025240686834457978,0.009650111525506253,10,0.030430359797311367,-0.009308203696508865,0.0,0.0,5.0
3.5000000000000018,611.3118362521415,-342.59639574370465,-3.1035433882796615,4.803355125390615,0.21630936207032347,0.004925028005389439,0.002462528935409146,0.009462711222925699,11,0.02718821214699829,-0.0083431925439581,-1.3322676295501878e-15,-3.0738372461524606e-14,5.0
3.600000000000002,610.8318948503326,-342.615849674822,-3.102597117157369,4.824986061597647,0.19251533224258835,0.0039957495410214774,0.0019978827450669056,0.0077117999878004995,11,0.024363536859162184,-0.007396921421665592,-1.3322676295501878e-15,-3.101584388602184e-14,5.0
3.700000000000002,610.3498015973072,-342.6356234031896,-3.101825937158589,4.844237594821906,0.17133864569590332,0.003857364393422343,0.001928689371078855,0.0074744190141450536,12,0.021758520878985808,-0.006625741422882747,-1.3322676295501878e-15,-3.1263842015353385e-14,5.0
3.800000000000002,609.865798863839,-342.6558157964655,-3.101078495257174,4.8613714593914965,0.15249139466935385,0.0031624890774231014,0.001581248492361379,0.0061496264700766,12,0.019483165632184662,-0.005878299521468122,-1.3322676295501878e-15,-3.1485390916045576e-14,5.0
3.900000000000002,609.3800923774683,-342.67627389410967,-3.1004635326101666,4.876620598858432,0.13571734125572466,0.0030290189183927556,0.00151451293309361,0.0059085617146154975,13,0.01739421593757355,-0.005263336874460567,1.3322676295501878e-15,3.1683227328663185e-14,5.0
4.000000000000002,608.892873652126,-342.6970632742839,-3.099872676438705,4.890192332984005,0.12078843371759486,0.0025046588221295744,0.0012523313751323427,0.004899311750595667,13,0.015566061014234186,-0.004672480702998971,1.3322676295501878e-15,3.1859822851355195e-14,5.0
4.100000000000001,608.4043058655275,-342.7180710926854,-3.0993827452636453,4.9022711763557645,0.10750170600865908,0.0023842055199802467,0.0011921044541004803,0.004675214336298836,14,0.013893545472842677,-0.004182549527941948,1.3322676295501878e-15,3.2017405642108795e-14,5.0
4.200000000000001,607.9145404043347,-342.73934125695126,-3.0989152238300153,4.91302134695663,0.09567651834770681,0.0019854781292724805,0.0009927400430121789,0.0039018817777325015,14,0.012427550388873686,-0.0037150280943119007,1.3322676295501878e-15,3.2157981285398765e-14,5.0
4.300000000000001,607.4237066723457,-342.76078968575587,-3.098525035652242,4.922588998791401,0.08515210132945904,0.0018805001676920202,0.0009402509150938437,0.0037027745030091355,15,0.011090086109995834,-0.0033248399165386466,0.0,0.0,5.0
4.4,606.931924372605,-342.78244595902646,-3.0981547582019413,4.931104208924347,0.0757853701832187,0.0015753728589793094,0.0007876869182099331,0.0031073327008352475,15,0.009916252063932218,-0.002954562466237931,0.0,0.0,5.0
4.5,606.4392961109781,-342.8042469461434,-3.0978440249318577,4.9386827459426685,0.0674489794630646,0.0014857434167814543,0.0007428721183509274,0.002935047500717878,16,0.008847743986578031,-0.002643829196154357,-1.3322676295501878e-15,-3.2494789878974226e-14,5.0
4.6,605.9459165603117,-342.8262126383673,-3.097550520181786,4.945427643888975,0.06002959172212794,0.0012510189371128235,0.0006255097132946527,0.002474730260740596,16,0.007908922159926305,-0.002350324446082741,-1.3322676295501878e-15,-3.2583608585856076e-14,5.0
4.699999999999999,605.4518670693516,-342.8482953531329,-3.097303047155712,4.951430603061187,0.05342633663269432,0.0011754941568711836,0.0005877472814709084,0.002328151767030731,17,0.007055927936868982,-0.00210285142000588,-1.3322676295501878e-15,-3.26627591865825e-14,5.0
4.799999999999999,604.9572225287068,-342.87050860547504,-3.097070231979009,4.956773236724456,0.04754943960309826,0.0009941514233517109,0.0004970758344954717,0.0019711136732677996,17,0.006305734924065221,-0.0018700362433028417,-1.3322676295501878e-15,-3.2733283977092645e-14,5.0
4.899999999999999,604.4620474284864,-342.89281621235676,-3.096873120611682,4.961528180684766,0.042319001246757186,0.0009310817722089563,0.0004655409870003926,0.001847835714266581,18,0.005625189796902515,-0.001672924875975923,1.3322676295501878e-15,3.279611500736624e-14,5.0
4.999999999999998,603.9664010195972,-342.9152272862413,-3.096688337040255,4.965760080809442,0.03766391110961358,0.0007904863807815307,0.00039524325213455145,0.0015701464900465894,18,0.005026143023431396,-0.0014881413045491065,1.3322676295501878e-15,3.285208529234831e-14,5.0
5.099999999999998,603.4703344238238,-342.93771426823815,-3.0965313223912503,4.969526471920403,0.033520880887556365,0.0007381592162976201,0.0003690796584247515,0.0014673208729182891,19,0.0044834361793553365,-0.0013311266555469103,1.3322676295501878e-15,3.290193898013569e-14,5.0
5.1999999999999975,602.9738945242415,-342.9602832658641,-3.0963845903039586,4.972878560009159,0.029833583989925395,0.0006288392753956767,0.00031441966878127523,0.001250856643172176,19,0.004005344451163098,-0.0011843945682552537,1.3322676295501878e-15,3.294634055252934e-14,5.0
5.299999999999997,602.4771218431955,-342.98291322592473,-3.0962595046396415,4.975861918408151,0.026551889751033467,0.0005856380550366197,0.00029281905262548886,0.001165621721697501,20,0.0035727165532133433,-0.0010593089039381276,0.0,0.0,5.0
5.399999999999997,601.9800534813054,-343.00560820154817,-3.0961429424674716,4.978517107383254,0.023631181878420195,0.0005004327017958609,0.00025021636656353234,0.0009965651587881966,20,0.0031913218243595377,-0.0009427467317681959,0.0,0.0,5.0
5.4999999999999964,601.4827215576037,-343.02835207000123,-3.096043285951593,4.980880225571096,0.021031751871794402,0.00046490376838422557,0.0002324518967523903,0.0009262520364028808,21,0.0028465444248610555,-0.0008430902158895748,-1.3322676295501878e-15,-3.3052451204642846e-14,5.0
5.599999999999996,600.9851554339012,-343.0511474809129,-3.0959506607479526,4.982983400758275,0.018718259165897068,0.0003983612224215712,0.00019918061911286154,0.0007940109697835942,21,0.0025423928108714057,-0.0007504650122491796,-1.3322676295501878e-15,-3.308036987301645e-14,5.0
5.699999999999996,600.487380567497,-343.0739820621128,-3.0958712596509743,4.984855226674865,0.016659250657648353,0.0003692339027581582,0.00018461695767145618,0.0007362310409228845,22,0.0022676887267553264,-0.0006710639152682774,-1.3322676295501878e-15,-3.310522740061968e-14,5.0
5.799999999999995,599.9894201972792,-343.0968575074989,-3.095797636546882,4.98652115174063,0.014826733085307443,0.00031717939231982334,0.00015858970014855233,0.0006326487127392425,22,0.0020252019704051012,-0.0005974408111759644,-1.3322676295501878e-15,-3.312735845207641e-14,5.0
5.899999999999995,599.4912944997636,-343.11976430653687,-3.0957343716756083,4.9880038250491605,0.013195792445923438,0.00029336293972414,0.00014668147301798843,0.0005853181966831593,23,0.0018063679426737062,-0.0005341759399022372,1.3322676295501878e-15,3.3147061307354864e-14,5.0
5.999999999999995,598.9930218688635,-343.1427035062361,-3.09567583985594,4.989323404293753,0.011744255276871842,0.0002525842331262485,0.0001262921185774455,0.0005040897770570192,23,0.0016130855592036137,-0.0004756441202338202,1.3322676295501878e-15,3.3164601775004335e-14,5.0
6.099999999999994,598.4946182952075,-343.16566778487135,-3.095625430878234,4.99049782982144,0.010452387196415548,0.00023315392754645343,0.00011657696535752965,0.000465421673044942,23,0.0014387825509412748,-0.0004252351425280132,1.3322676295501878e-15,3.318021669345473e-14,5.0
6.199999999999994,597.996098338601,-343.18865775571874,-3.0955788887109295,4.991543068541082,0.009302624604809573,0.0002011696344753799,0.0001005848182553373,0.00040165876121303065,24,0.0012847467570644914,-0.00037869297522608036,1.3322676295501878e-15,3.319411706184175e-14,5.0
6.299999999999994,597.4974746718162,-343.2116677746924,-3.0955387228348084,4.992473331001563,0.008279335898280227,0.00018534853520961963,9.267426840074461e-05,0.00037013905023881426,24,0.0011459278745554052,-0.00033852709910497936,1.3322676295501878e-15,3.3206490838060505e-14,5.0
6.399999999999993,596.9987588202731,-343.2346981682451,-3.0955017089297843,4.993301264591391,0.007368608949469647,0.00016023556900909353,8.011778501881156e-05,0.0003200417894581705,25,0.0010231865057218278,-0.0003015131940808935,0.0,0.0,5.0
6.499999999999993,596.4999608270166,-343.25774458039405,-3.0954697047508386,4.994038125486338,0.006558061965027751,0.0001473753235413531,7.368766217079109e-05,0.0002943991951406855,25,0.0009126371090038242,-0.0002695090151352275,0.0,0.0,5.0
6.5999999999999925,596.0010898158378,-343.2808071516622,-3.0954402648313244,4.994693931682841,0.005836675148874982,0.00012763925034536486,6.381962543261623e-05,0.0002550075965233428,26,0.000814843179382781,-0.00024006909562102052,0.0,0.0,5.0
6.699999999999992,595.5021537455383,-343.3038825165796,-3.095414764071672,4.9952775991977285,0.005194640882498636,0.00011720168955223197,5.860084497735475e-05,0.00023418199043351865,26,0.0007268119639114966,-0.00021456833596866787,0.0,0.0,5.0
6.799999999999992,595.0031598389816,-343.3269706986156,-3.0953913458726285,4.995797063285979,0.004623230385423405,0.00010167855909285246,5.083927967782707e-05,0.0002031861792037235,27,0.000648901872819025,-0.0001911501369251667,-1.3322676295501878e-15,-3.325071990750069e-14,5.0
6.8999999999999915,594.5041144031139,-343.35006909499,-3.0953710272547084,4.996259386324521,0.00411467504302685,9.321889310227719e-05,4.660944665239484e-05,0.00018629830819528214,27,0.0005788054162183844,-0.00017083151900498805,-1.3322676295501878e-15,-3.325687439495246e-14,5.0
6.999999999999991,594.0050231561092,-343.37317765872,-3.095352397423889,4.996670853828824,0.003662060788294053,8.1000432182029e-05,4.05002161574457e-05,0.00016189299967388289,28,0.0005167408468585077,-0.00015220168818297353,-1.3322676295501878e-15,-3.3262352367783256e-14,5.0
7.099999999999991,593.5058910957847,-343.39629437499326,-3.0953362081239217,4.997037059907653,0.003259234101581932,7.415235866925939e-05,3.707617938559621e-05,0.0001482168339097292,28,0.00046092729799146123,-0.0001360123882157005,-1.3322676295501878e-15,-3.3267228143017554e-14,5.0
7.19999999999999,593.0067227492176,-343.41941915750823,-3.095321386440531,4.997362983317811,0.0029007183504078608,6.452866520165404e-05,3.2264332634413776e-05,0.00012898926524855845,29,0.00041148850788860737,-0.00012119070482485839,1.3322676295501878e-15,3.3271567883510616e-14,5.0
7.29999999999999,592.5075220767428,-343.4425504452169,-3.0953084875140062,4.997653055152852,0.002581639331863084,5.899143012855509e-05,2.9495715089938735e-05,0.00011792748048942089,29,0.0003670487718964617,-0.00010829177830018466,1.3322676295501878e-15,3.327543049060284e-14,5.0
7.39999999999999,592.0082926625412,-343.4656881329301,-3.0952966947659575,4.997911219086038,0.0022976590053577443,5.140688096621804e-05,2.5703440500090432e-05,0.00010277081090429374,30,0.00032766923330828295,-9.649903025410467e-05,1.3322676295501878e-15,3.3278868399477036e-14,5.0
7.499999999999989,591.5090376447669,-343.4888310101449,-3.095286417684867,4.998140984986574,0.0020449165147682358,4.6934191169867745e-05,2.346709559785731e-05,9.383348183638649e-05,30,0.00029228622613396496,-8.622194916352299e-05,1.3322676295501878e-15,3.32819282877351e-14,5.0
7.599999999999989,591.0097598611588,-343.51197896585467,-3.095277034336683,4.998345476638051,0.0018199756981435835,4.095339230832851e-05,2.0476696162750034e-05,8.187968130753673e-05,31,0.0002609204656037363,-7.683860097973394e-05,0.0,0.0,5.0
7.699999999999989,590.5104617983283,-343.53513106061666,-3.0952688463685525,4.998527474207866,0.0016197783713473692,3.7344012165775576e-05,1.8672006089397666e-05,7.4666028344806e-05,31,0.00023274883841269134,-6.865063284910988e-05,0.0,0.0,5.0
7.799999999999988,590.0111457030767,-343.5582871856566,-3.095261379765718,4.998689452045001,0.0014416027504987384,3.2625424810670656e-05,1.6312712409676216e-05,6.52337467623005e-05,32,0.0002077668845415858,-6.118403001442729e-05,-1.3322676295501878e-15,-3.3289233020798055e-14,5.0
7.899999999999988,589.5118135457076,-343.5814466113173,-3.0952548563910414,4.998833612320051,0.001283026447943936,2.9715263325398815e-05,1.4857631665979219e-05,5.941666285490811e-05,32,0.00018533710635248654,-5.466065533799025e-05,-1.3322676295501878e-15,-3.3291153145756785e-14,5.0
7.999999999999988,589.0124671051802,-343.60460923572174,-3.0952489147247557,4.998961914964846,0.0011418935386697804,2.5990723222575503e-05,1.2995361613482402e-05,5.1970654220132914e-05,33,0.0001654402371097343,-4.871898904967864e-05,-1.3322676295501878e-15,-3.329286210354309e-14,5.0
8.099999999999987,588.5131079426654,-343.62777449171415,-3.0952437176593337,4.999076104318712,0.001016285249416349,2.3646217592671525e-05,1.1823108797988466e-05,4.728369653552599e-05,33,0.00014758213182965163,-4.352192362766516e-05,-1.3322676295501878e-15,-3.32943831128634e-14,5.0
8.199999999999987,588.0137374667244,-343.6509422867343,-3.09523898928968,4.999177732843654,0.0009044938719808827,2.0704996602840364e-05,1.0352498302529703e-05,4.1403183193907015e-05,34,0.0001317356530357165,-3.879355397407025e-05,1.3322676295501878e-15,3.329573684037942e-14,5.0
8.299999999999986,587.5143569143297,-343.6741121796049,-3.095234848971361,4.999268182230852,0.0008049995460632787,1.8817607756950512e-05,9.408803879308176e-06,3.762970709278526e-05,34,0.00011751746378883474,-3.465323565476908e-05,1.3322676295501878e-15,3.329694168101462e-14,5.0
8.399999999999986,587.0149674007855,-343.69728408804554,-3.0952310860006516,4.999348682185458,0.0007164495959964157,1.6493987616847007e-05,8.246993808984405e-06,3.298367810437636e-05,35,0.00010489709530266068,-3.0890264948180146e-05,1.3322676295501878e-15,3.329801400751383e-14,5.0
8.499999999999986,586.5155699061743,-343.7204576686215,-3.095227787632841,4.9994203271450575,0.0006376401404367904,1.497564044288927e-05,7.487820221864459e-06,2.994780849827774e-05,35,9.357693453268187e-05,-2.7591897137746457e-05,1.3322676295501878e-15,3.32989683926204e-14,5.0
8.599999999999985,586.0161653136128,-343.74363284938016,-3.095224792851991,4.999484091159101,0.0005674997249884407,1.3139209964256421e-05,6.569604982411753e-06,2.6275708475624695e-05,36,8.352606147077985e-05,-2.459711628777228e-05,0.0,0.0,5.0
8.699999999999985,585.5167543996309,-343.76680936278115,-3.0952221652811436,4.9995408411316005,0.0005050747552394875,1.1918529829214854e-05,5.959264914819057e-06,2.383487065966733e-05,36,7.451323587275016e-05,-2.1969545440203575e-05,0.0,0.0,5.0
8.799999999999985,585.017337863507,-343.78998714670104,-3.0952197817940776,4.999591348607124,0.00044951653216340764,1.0466598100638773e-05,5.233299050462714e-06,2.0931485325798267e-05,37,6.650883074319012e-05,-1.9586058374265747e-05,0.0,0.0,5.0
8.899999999999984,584.5179163204848,-343.8131659925745,-3.095217688645545,4.999636300260341,0.0004000697136251397,9.48581399918154e-06,4.742906999697463e-06,1.8970248003485915e-05,37,5.933303759745115e-05,-1.749290984154328e-05,0.0,0.0,5.0
8.999999999999984,584.0184903242819,-343.8363458473088,-3.0952157916207446,4.999676307231703,0.0003560620451264818,8.337471146489083e-06,4.168735573316987e-06,1.6673862781573234e-05,38,5.295849988667061e-05,-1.5595885041186364e-05,-1.3322676295501878e-15,-3.33023784243745e-14,5.0
9.099999999999984,583.5190603623481,-343.85952654820034,-3.0952141242344666,4.999711913436216,0.00031689522016238315,7.5498748472484045e-06,3.7749374236779956e-06,1.5098879687675414e-05,38,4.724529501723765e-05,-1.3928498763249308e-05,-1.3322676295501878e-15,-3.3302852765290365e-14,5.0
9.199999999999983,583.0196268731463,-343.8827080502505,-3.0952126143464977,4.999743602958232,0.0002820367459444917,6.641337750624702e-06,3.320668875348968e-06,1.3281994373630398e-05,39,4.216880685727867e-05,-1.2418610791709028e-05,-1.3322676295501878e-15,-3.330327493154663e-14,5.0
9.299999999999983,582.5201902428718,-343.90589022644633,-3.09521128614706,4.999771806632827,0.0002510127038901189,6.009203804075183e-06,3.0046019020647158e-06,1.2017859104060744e-05,39,3.762006915304997e-05,-1.1090411354164331e-05,-1.3322676295501878e-15,-3.3303650661765196e-14,5.0
9.399999999999983,582.0207508187269,-343.92907303891224,-3.09521008436115,4.9997969079032165,0.00022340130646183456,5.290165404167516e-06,2.645082702102264e-06,1.0579901052083012e-05,40,3.357734894499396e-05,-9.888625443821297e-06,1.3322676295501878e-15,3.330398506344232e-14,5.0
9.499999999999982,581.5213089066812,-343.9522563884304,-3.0952090263710446,4.999819248033862,0.00019882716275141377,4.783052151020152e-06,2.3915260755237545e-06,9.565758483653722e-06,40,2.9955724703659842e-05,-8.830635338519244e-06,1.3322676295501878e-15,3.330428268234695e-14,5.0
9.599999999999982,581.0218647816749,-343.97544024330614,-3.0952080697951962,4.9998391307501375,0.0001769561748487192,4.213815355352699e-06,2.106907677685702e-06,8.427359561410464e-06,41,2.6736286479198134e-05,-7.874059492873897e-06,1.3322676295501878e-15,3.330454756429052e-14,5.0
9.699999999999982,580.5224186861145,-343.99862452598336,-3.09520722705924,4.999856826367623,0.00015749099561510605,3.807179990809324e-06,1.9035899954115599e-06,7.614141946526282e-06,41,2.3852803373126258e-05,-7.031323536743628e-06,1.3322676295501878e-15,3.330478331010622e-14,5.0
9.799999999999981,580.0229708377204,-344.0218092100713,-3.0952064656450453,4.999872575467184,0.0001401669860976007,3.356405974871891e-06,1.678202987440672e-06,6.712640874374221e-06,42,2.1289009994558748e-05,-6.2699093419382734e-06,0.0,0.0,5.0
9.89999999999998,579.5235214285383,-344.0449942349074,-3.095205794380958,4.999886592165794,0.00012474861762683533,3.0304772860775073e-06,1.5152386430422326e-06,6.060817100220361e-06,42,1.8993215327965662e-05,-5.598645254512036e-06,0.0,0.0,5.0
9.99999999999998,579.024070630979,-344.06817957861136,-3.0952051882992477,4.999899067027556,0.0001110262696883524,2.6734151311866857e-06,1.3367075655957315e-06,5.346722328087026e-06,43,1.695155833186438e-05,-4.992563544359285e-06,-1.3322676295501878e-15,-3.330534605500771e-14,5.0
10.09999999999998,578.5246185971887,-344.09136519370446,-3.095204653627015,4.999910169654525,9.881338002255547e-05,2.4122776781970397e-06,1.2061388391002745e-06,4.8244686781050425e-06,43,1.5123667234856475e-05,-4.457891311648865e-06,-1.3322676295501878e-15,-3.330549396889114e-14,5.0
10.19999999999998,578.0251654636994,-344.1145510621136,-3.0952041711801472,4.999920050992527,8.794390822028931e-05,2.1293717467025394e-06,1.0646858733524765e-06,4.258675396946025e-06,44,1.3497820193466214e-05,-3.975444441195464e-06,-1.3322676295501878e-15,-3.330562561252363e-14,5.0
10.29999999999998,577.5257113510456,-344.13773714665587,-3.0952037453126073,4.999928845383349,7.82700783163115e-05,1.9202226571893383e-06,9.601113285955543e-07,3.840390661298805e-06,44,1.2042464170317069e-05,-3.549576901296092e-06,-1.3322676295501878e-15,-3.3305742775575366e-14,5.0
10.399999999999979,577.0262563673484,-344.1609234324517,-3.095203361273541,4.99993667239118,6.966036970199597e-05,1.6960161822393696e-06,8.480080911202947e-07,3.391989402621035e-06,45,1.0747749817608906e-05,-3.165537834970422e-06,1.3322676295501878e-15,3.3305847050864724e-14,5.0
10.499999999999979,576.5268006080977,-344.1841098903638,-3.095203022074601,4.99994363842815,6.199772903459078e-05,1.5285630349250049e-06,7.642815174629489e-07,3.05709160896537e-06,45,9.588999648573598e-06,-2.8263388949234525e-06,1.3322676295501878e-15,3.330593985600955e-14,5.0
10.599999999999978,576.0273441589162,-344.2072965081772,-3.09520271636544,4.999949838201053,5.5177978841225444e-05,1.3508345987372005e-06,6.754172993689084e-07,2.701642093358007e-06,46,8.55798260617803e-06,-2.5206297364910313e-06,1.3322676295501878e-15,3.330602245269719e-14,5.0
10.699999999999978,575.5278870954523,-344.230483263046,-3.0952024462012306,4.999955355998938,4.9108401168407316e-05,1.216808144788515e-06,6.084040723944827e-07,2.433594560304138e-06,46,7.635385648973453e-06,-2.250465527264822e-06,1.3322676295501878e-15,3.3306095963835336e-14,5.0
10.799999999999978,575.0284294855128,-344.2536701449683,-3.0952022028417745,4.999960266839055,4.37064770399509e-05,1.0758910951936702e-06,5.379455475969907e-07,2.151765090966241e-06,47,6.814362243286751e-06,-2.007106071122422e-06,0.0,0.0,5.0
10.899999999999977,574.5289713890265,-344.27685713602096,-3.0952019876652654,4.999964637486759,3.889876456533159e-05,9.686511654128772e-07,4.843255827065523e-07,1.9372886292502684e-06,47,6.079787802482084e-06,-1.791929562067196e-06,0.0,0.0,5.0
10.999999999999977,574.0295128596919,-344.3000442280331,-3.0952017939364027,4.999968527363215,3.4619900463184196e-05,8.568970619695159e-07,4.284485309848366e-07,1.7137833364152966e-06,48,5.425990461095556e-06,-1.598200699337582e-06,-1.3322676295501878e-15,-3.33062714403223e-14,5.0
11.099999999999977,573.5300539449844,-344.3232314069356,-3.095201622558069,4.999971989353262,3.081171141188222e-05,7.711144308066185e-07,3.855572154033666e-07,1.5422202218478618e-06,48,4.841118047993476e-06,-1.4268223655911072e-06,-1.3322676295501878e-15,-3.330631756302067e-14,5.0
11.199999999999976,573.0305946874296,-344.346418666067,-3.0952014683360467,4.999975070524403,2.7422423156409082e-05,6.824698666609406e-07,3.412349333305101e-07,1.3649329278756592e-06,49,4.320488402768138e-06,-1.2726003406626774e-06,-1.3322676295501878e-15,-3.3306358612249083e-14,5.0
11.299999999999976,572.5311351246374,-344.36960599437776,-3.095201331842754,4.999977812766719,2.4405956608930525e-05,6.138694119634197e-07,3.0693470598173874e-07,1.227733375901397e-06,49,3.854808045811869e-06,-1.1361070479942725e-06,-1.3322676295501878e-15,-3.3306395146083646e-14,5.0
11.399999999999975,572.0316752902858,-344.39279338644695,-3.0952012090694163,4.99998025336238,2.1721301382182646e-05,5.435419636156907e-07,2.7177098180786547e-07,1.0870796339809737e-06,50,3.440223715703956e-06,-1.0133337102757878e-06,1.3322676295501878e-15,3.330642766121325e-14,5.0
11.499999999999975,571.5322152141686,-344.4159808335919,-3.095201100361453,4.999982425492518,1.9331958230406344e-05,4.886957692816025e-07,2.4434788464081583e-07,9.77388103128272e-07,50,3.0694438106979027e-06,-9.046257467559826e-07,1.3322676295501878e-15,3.3306456599691946e-14,5.0
11.599999999999975,571.0327549229568,-344.43916833140867,-3.0952010026226424,4.999984358688341,1.7205442825130035e-05,4.328901395823389e-07,2.1644506979117958e-07,8.657775707768766e-07,51,2.739306010593142e-06,-8.06886939042073e-07,1.3322676295501878e-15,3.3306482354948565e-14,5.0
11.699999999999974,570.5332944402527,-344.462355873071,-3.0952009160448855,4.999986079232623,1.5312844114756532e-05,3.8905075439730376e-07,1.9452537719865926e-07,7.780993424406121e-07,51,2.444085971439053e-06,-7.20309182078438e-07,1.3322676295501878e-15,3.330650527713532e-14,5.0
11.799999999999974,570.0338337871787,-344.4855434550065,-3.0952008382349514,4.999987610517034,1.3628431262358021e-05,3.447605203509342e-07,1.7238026017547222e-07,6.895193321400479e-07,52,2.1811947753407925e-06,-6.424992480269509e-07,0.0,0.0,5.0
11.899999999999974,569.5343729824316,-344.50873107184583,-3.0952007692830183,4.999988973360161,1.212930382337163e-05,3.0972674915808824e-07,1.5486337457904782e-07,6.194521322180642e-07,52,1.946135856866621e-06,-5.735473149748316e-07,0.0,0.0,5.0
11.999999999999973,569.0349120427395,-344.53191872069516,-3.095200707337805,4.9999901862905425,1.079508040326971e-05,2.745698611554103e-07,1.3728493057770772e-07,5.491386444912919e-07,53,1.7367943182498586e-06,-5.116021015716399e-07,0.0,0.0,5.0
12.099999999999973,568.5354509829136,-344.555106397329,-3.0952006524239404,4.999991265798583,9.60762155894912e-06,2.465787796209198e-07,1.2328938981046177e-07,4.931566977743553e-07,53,1.549636077614186e-06,-4.566882370049541e-07,0.0,0.0,5.0
12.199999999999973,568.0359898162019,-344.5782940994062,-3.0952006031082706,4.999992226560739,8.550783187288857e-06,2.1866731399261878e-07,1.093336569963107e-07,4.3733394806640843e-07,54,1.3829369401070096e-06,-4.0737256723488713e-07,-1.3322676295501878e-15,-3.330658717582022e-14,5.0
12.299999999999972,567.5365285543372,-344.60148182359995,-3.095200559374876,4.999993081639057,7.610197037077882e-06,1.9630750007385468e-07,9.815375003692828e-08,3.92614456897256e-07,54,1.2339177359668718e-06,-3.636391725514443e-07,-1.3322676295501878e-15,-3.330659856773513e-14,5.0
12.399999999999972,567.0370672078117,-344.62466956801836,-3.0952005201134303,4.999993842658761,6.773075362520587e-06,1.741449205783061e-07,8.707246028915372e-08,3.4828941224873407e-07,55,1.101175214196547e-06,-3.2437772423676847e-07,-1.3322676295501878e-15,-3.330660870654104e-14,5.0
12.499999999999972,566.5376057859194,-344.64785733004095,-3.095200485284489,4.999994519966298,6.028037072614013e-06,1.5628674541321645e-07,7.81433727066087e-08,3.125731482437816e-07,55,9.825227377385781e-07,-2.895487831722221e-07,-1.3322676295501878e-15,-3.33066177300796e-14,5.0
12.599999999999971,566.0381442969698,-344.67104510814056,-3.0952004540271743,4.999995122770005,5.364952994479922e-06,1.3868642945815972e-07,6.934321472908019e-08,2.773725883540751e-07,56,8.768201538490467e-07,-2.582914682136561e-07,1.3322676295501878e-15,3.3306625761029944e-14,5.0
12.69999999999997,565.5386827483254,-344.6942329002522,-3.0952004262899155,4.999995659265305,4.774808164764722e-06,1.2442602513086875e-07,6.221301256543461e-08,2.488518342215926e-07,56,7.823461131047094e-07,-2.3055420950157668e-07,1.3322676295501878e-15,3.330663290857657e-14,5.0
12.79999999999997,565.0392211465671,-344.71742070514426,-3.0952004014047323,4.999996136746121,4.249579266435433e-06,1.1044690245828196e-07,5.522345122914115e-08,2.2089363424279476e-07,57,6.981755636072031e-07,-2.056690289187202e-07,1.3322676295501878e-15,3.3306639269893705e-14,5.0
12.89999999999997,564.539759497527,-344.7406085211889,-3.095200379315369,4.999996561704048,3.782125547147075e-06,9.906124649372624e-08,4.953062324686323e-08,1.9812235674669975e-07,57,6.229528499608616e-07,-1.8357966569126916e-07,1.3322676295501878e-15,3.330664493146647e-14,5.0
12.99999999999997,564.0402978064171,-344.76379634739374,-3.095200359503133,4.999996939916603,3.3660917370781365e-06,8.795681962888822e-08,4.3978409814444195e-08,1.7591353159569534e-07,58,5.559283747254675e-07,-1.6376742983936765e-07,0.0,0.0,5.0
13.09999999999997,563.5408360778573,-344.7869841824749,-3.09520034191178,4.999997276525776,2.9958216463121805e-06,7.886781531020027e-08,3.943390765510019e-08,1.5773554470261589e-07,58,4.960339060507135e-07,-1.4617607657640974e-07,0.0,0.0,5.0
13.199999999999969,563.0413743159753,-344.8101720256335,-3.0952003261382255,4.9999975761079405,2.6662812654620894e-06,7.004582077638029e-08,3.502291038819019e-08,1.400915736393572e-07,59,4.426628524911236e-07,-1.3040252211382608e-07,-1.3322676295501878e-15,-3.330665844603324e-14,5.0
13.299999999999969,562.5419125244308,-344.8333598758566,-3.095200312129068,4.999997842736067,2.3729903261049404e-06,6.27912370682088e-08,3.1395618534104436e-08,1.255824199535093e-07,59,3.949730764257753e-07,-1.163933647241322e-07,-1.3322676295501878e-15,-3.3306661998231835e-14,5.0
13.399999999999968,562.0424507064929,-344.85654773250155,-3.095200299570826,4.9999980800351,2.111961389950068e-06,5.57817245359249e-08,2.7890862267962473e-08,1.115634062322686e-07,60,3.524742022005772e-07,-1.038351200577381e-07,-1.3322676295501878e-15,-3.3306665159688747e-14,5.0
13.499999999999968,561.5429888650606,-344.8797355947689,-3.0952002884144854,4.999998291231239,1.8796456372704996e-06,4.999208884354071e-08,2.4996044421770373e-08,9.998414351711358e-08,60,3.145020906480944e-07,-9.267877931762314e-08,-1.3322676295501878e-15,-3.330666797338552e-14,5.0
13.599999999999968,561.0435270027228,-344.9029234621419,-3.095200278416071,4.999998479195803,1.6728846169655754e-06,4.442207838518495e-08,2.2211039192592484e-08,8.884412974745663e-08,61,2.806607146357441e-07,-8.268036477687701e-08,1.3322676295501878e-15,3.330667047757575e-14,5.0
13.699999999999967,560.5440651217762,-344.9261113339895,-3.095200269531658,4.999998646484264,1.4888673095292405e-06,3.980213254276933e-08,1.9901066271384673e-08,7.96042435364136e-08,61,2.504260605863673e-07,-7.379595201584266e-08,1.3322676295501878e-15,3.330667270630513e-14,5.0
13.799999999999967,560.0446032242711,-344.9492992098966,-3.0952002615712337,4.9999987953709955,1.3250919050022959e-06,3.5375537049853944e-08,1.7687768524926975e-08,7.075105705394871e-08,62,2.2347860028319863e-07,-6.583553036065837e-08,1.3322676295501878e-15,3.330667468987434e-14,5.0
13.899999999999967,559.5451413120267,-344.9724870893646,-3.095200254496128,4.999998927880186,1.1793317956865224e-06,3.168940725492037e-08,1.584470362746019e-08,6.337880091990419e-08,62,1.9940471535084825e-07,-5.876042452612751e-08,1.3322676295501878e-15,3.330667645525099e-14,5.0
13.999999999999966,559.0456793866668,-344.9956749720604,-3.095200248158248,4.999999045813365,1.0496052980535355e-06,2.8171117597354672e-08,1.4085558798677338e-08,5.6342224442507794e-08,63,1.7794686099929704e-07,-5.242254452753059e-08,0.0,0.0,5.0
14.099999999999966,558.5462174496325,-345.01886285758997,-3.0952002425240255,4.9999991507738955,9.341487150038575e-07,2.5230426843904066e-08,1.2615213421952034e-08,5.04608451172733e-08,63,1.5877835853744804e-07,-4.678832210558426e-08,0.0,0.0,5.0
14.199999999999966,558.0467555022101,-345.042050745686,-3.095200237477941,4.999999244188767,8.313923564706727e-07,2.2433735714299393e-08,1.1216867857149698e-08,4.486746464633101e-08,64,1.4169181632655388e-07,-4.174223766639784e-08,-1.4210854715202004e-14,-3.5527126047282193e-13,5.0
14.299999999999965,557.5472935455408,-345.0652386360372,-3.0952002329911945,4.999999327328003,7.3993919693649e-07,2.00880638347815e-08,1.0044031917390752e-08,4.01761222644918e-08,64,1.264291109547011e-07,-3.725549113653415e-08,-1.4210854715202004e-14,-3.552712722876163e-13,5.0
14.399999999999965,557.0478315806433,-345.08842652842907,-3.0952002289735825,4.999999401321922,6.58545885556805e-07,1.7864726457139218e-08,8.93236322856961e-09,3.5729448636190405e-08,65,1.1282335523395571e-07,-3.3237850693979e-08,-1.554312234475219e-14,-3.885779655655443e-13,5.0
14.499999999999964,556.5483696084218,-345.11161442261556,-3.0952002254006374,4.999999467176511,5.86105838262796e-07,1.599386098419512e-08,7.99693049209756e-09,3.198771855962831e-08,65,1.0067062852434083e-07,-2.966490564304536e-08,-1.554312234475219e-14,-3.8857797580140234e-13,5.0
14.599999999999964,556.0489076296831,-345.13480231842476,-3.0952002222018655,4.999999525787095,5.216341959268789e-07,1.4226366709487792e-08,7.113183354743896e-09,2.845273072044491e-08,66,8.983665177904462e-08,-2.6466131064495357e-08,1.2878587085651816e-14,3.219646160693763e-13,5.0
14.699999999999964,555.5494456451432,-345.15799021566204,-3.0952002193565926,4.999999577950514,4.6425443462894127e-07,1.2734160930568193e-08,6.367080465284096e-09,2.5468319711357955e-08,66,8.016015853526404e-08,-2.3620858158324154e-08,1.2878587085651816e-14,3.219646227872871e-13,5.0
14.799999999999963,555.0499836554413,-345.1811781141897,-3.0952002168097605,4.999999624375957,4.13186447278946e-07,1.1328947861731257e-08,5.664473930865628e-09,2.2657894021292432e-08,67,7.153325836957002e-08,-2.107405450146871e-08,1.554312234475219e-14,3.885780002351024e-13,5.0
14.899999999999963,554.5505216611447,-345.2043660138538,-3.095200214543971,4.9999996656946015,3.67735938322511e-07,1.0138829188873214e-08,5.069414594436607e-09,2.0277657021960296e-08,67,6.382847483540899e-08,-1.8808265167535865e-08,1.554312234475219e-14,3.885780066573094e-13,5.0
14.999999999999963,554.0510596627594,-345.227553914544,-3.0952002125162057,4.9999997024681955,3.2728498498002525e-07,9.021446362995624e-09,4.510723181497812e-09,1.8042891652324362e-08,68,5.6959051013749304e-08,-1.6780502321012136e-08,1.3322676295501878e-15,3.330668677483489e-14,5.0
15.099999999999962,553.5515976607347,-345.25074181613843,-3.0952002107119165,4.999999735196694,2.9128363703279093e-07,8.072532370579358e-09,4.036266185289679e-09,1.614506388610541e-08,68,5.082414364712684e-08,-1.4976213158490737e-08,1.3322676295501878e-15,3.3306687210866056e-14,5.0
15.199999999999962,553.0521356554716,-345.27392971854886,-3.0952002090974102,4.999999764325057,2.59242436939644e-07,7.183967528299265e-09,3.5919837641496322e-09,1.4367934379366076e-08,69,4.5354157808281254e-08,-1.336170685206639e-08,0.0,0.0,5.0
15.299999999999962,552.552673647326,-345.29711762167886,-3.095200207660617,4.999999790249301,2.3072576844640482e-07,6.4273579900106925e-09,3.2136789950053463e-09,1.2854715440764253e-08,69,4.0469299394246816e-08,-1.1924913501104584e-08,0.0,0.0,5.0
15.399999999999961,552.0532116366152,-345.3203055254578,-3.095200206375145,4.999999813321878,2.0534593403453985e-07,5.7206956542650865e-09,2.8603478271325433e-09,1.1441390881358684e-08,70,3.611370740571208e-08,-1.0639441772042346e-08,-1.3322676295501878e-15,-3.330668825170256e-14,5.0
15.499999999999961,551.5537496236212,-345.34349342980926,-3.095200205231006,4.999999833856472,1.827578810953412e-07,5.117512590518021e-09,2.5587562952590106e-09,1.0235024840939404e-08,70,3.2224142808984224e-08,-9.49530276628252e-09,-1.3322676295501878e-15,-3.330668852527828e-14,5.0
15.59999999999996,551.0542876085956,-345.3666813346768,-3.0952002042075035,4.99999985213226,1.6265451430186317e-07,4.555457010347376e-09,2.277728505173688e-09,9.110913751252698e-09,71,2.875588219478824e-08,-8.471797485753996e-09,-1.3322676295501878e-15,-3.330668876876069e-14,5.0
15.69999999999996,550.5548255917615,-345.38986923999994,-3.0952002032964123,4.999999868397711,1.447625179729073e-07,4.074595204311374e-09,2.037297602155687e-09,8.149190194132325e-09,71,2.5658866434352667e-08,-7.560706283271657e-09,-1.3322676295501878e-15,-3.330668898546002e-14,5.0
15.79999999999996,550.0553635733182,-345.4130571457335,-3.0952002024814935,4.999999882873963,1.2883864055623918e-07,3.627563151003289e-09,1.8137815755016447e-09,7.25512613205374e-09,72,2.2897191015512457e-08,-6.745787484163657e-09,1.3322676295501878e-15,3.330668917832244e-14,5.0
15.89999999999996,549.5559015534426,-345.43624505182953,-3.095200201755981,4.999999895757827,1.146663904272316e-07,3.244244306675045e-09,1.6221221533375224e-09,6.488488478075259e-09,72,2.043118797756538e-08,-6.020274945228721e-09,1.3322676295501878e-15,3.330668934996998e-14,5.0
15.99999999999996,549.0564395322923,-345.45943295825197,-3.095200201107132,4.999999907224466,1.0205308731414676e-07,2.88867518886522e-09,1.44433759443261e-09,5.777350270531087e-09,73,1.82321122945122e-08,-5.37142863521467e-09,1.3322676295501878e-15,3.3306689502736305e-14,5.0
16.09999999999996,548.5569775100075,-345.4826208649629,-3.095200200529397,4.999999917429775,9.082724785614005e-08,2.583091074287601e-09,1.2915455371438005e-09,5.166182063260637e-09,73,1.6268595887103388e-08,-4.79369344219549e-09,1.3322676295501878e-15,3.330668963869832e-14,5.0
16.19999999999996,548.0575154867131,-345.50580877193335,-3.0952002000127785,4.9999999265124995,8.083625058219468e-08,2.3002724888138223e-09,1.1501362444069111e-09,4.600544910011134e-09,74,1.45175233062767e-08,-4.2770751385035055e-09,0.0,0.0,5.0
16.29999999999996,547.5580534625201,-345.52899667913334,-3.095200199552724,4.999999934596125,7.194426272505439e-08,2.0566972159562694e-09,1.0283486079781347e-09,4.1133943781061514e-09,74,1.295406555981704e-08,-3.817020477470123e-09,0.0,0.0,5.0
16.399999999999963,547.0585914375275,-345.55218458653974,-3.0952001991413844,4.999999941790551,6.40303936982889e-08,1.8317371890632382e-09,9.158685945316192e-10,3.6634743354767116e-09,75,1.1559703478724453e-08,-3.4056810704896634e-09,-1.3322676295501878e-15,-3.3306689963249055e-14,5.0
16.499999999999964,546.5591294118232,-345.57537249412877,-3.095200198775037,4.99999994819359,5.698705081158551e-08,1.6375980646529766e-09,8.187990323264884e-10,3.2751960953707226e-09,75,1.0314773288971901e-08,-3.039333673626743e-09,-1.3322676295501878e-15,-3.3306690048554674e-14,5.0
16.599999999999966,546.0596673854855,-345.598560401882,-3.0952001984475173,4.999999953892296,5.07184747533529e-08,1.4585943669925155e-09,7.292971834962577e-10,2.9171887070840558e-09,76,9.204514432657566e-09,-2.711811220024174e-09,-1.3322676295501878e-15,-3.330669012447668e-14,5.0
16.699999999999967,545.560205358584,-345.62174830978057,-3.0952001981557986,4.9999999589641435,4.513944213968557e-08,1.3038972678006244e-09,6.519486339003122e-10,2.6077945141986325e-09,76,8.213247443267235e-09,-2.4200925707873466e-09,-1.3322676295501878e-15,-3.330669019204727e-14,5.0
16.79999999999997,545.0607433311808,-345.64493621780974,-3.095200197895019,4.999999963478087,4.017410386580878e-08,1.1614680430253499e-09,5.807340215126749e-10,2.322936069083086e-09,77,7.32920145570231e-09,-2.1593131727115633e-09,1.3322676295501878e-15,3.3306690252185075e-14,5.0
16.89999999999997,544.5612813033312,-345.6681241259545,-3.0952001976627255,4.999999967495498,3.5754952421029885e-08,1.0382101619289618e-09,5.191050809644809e-10,2.0764203103593216e-09,77,6.539887277556833e-09,-1.9270194329124024e-09,1.3322676295501878e-15,3.3306690305707735e-14,5.0
16.99999999999997,544.0618192750842,-345.6913120342031,-3.0952001974550836,4.999999971070993,3.1821907420237495e-08,9.248710727160001e-10,4.6243553635800006e-10,1.8497421347297596e-09,78,5.835941188799248e-09,-1.7193801937764874e-09,1.3322676295501878e-15,3.3306690353342905e-14,5.0
17.099999999999973,543.5623572464835,-345.71449994254374,-3.0952001972701093,4.999999974253184,2.83214978580304e-08,8.266451053905141e-10,4.1332255269525704e-10,1.6532902022676363e-09,78,5.2074684009362215e-09,-1.53440593564369e-09,1.3322676295501878e-15,3.3306690395738196e-14,5.0
17.199999999999974,543.0628952175682,-345.73768785096695,-3.0952001971047802,4.999999977085333,2.5206133269506382e-08,7.364787614691199e-10,3.6823938073455995e-10,1.4729575161877737e-09,79,4.646905959527527e-09,-1.36907685188703e-09,0.0,0.0,5.0
17.299999999999976,542.5634331883728,-345.7608757594634,-3.0952001969574843,4.999999979605946,2.243345891272952e-08,6.581903083838189e-10,3.2909515419190943e-10,1.3163806113983703e-09,79,4.146488562228878e-09,-1.2217808986747514e-09,0.0,0.0,5.0
17.399999999999977,542.063971158928,-345.7840636680255,-3.095200196825846,4.999999981849292,1.9965778363939535e-08,5.864482473801263e-10,2.9322412369006315e-10,1.1728964905024723e-09,80,3.7001487690870374e-09,-1.0901426428233663e-09,0.0,0.0,5.0
17.49999999999998,541.5645091292613,-345.80725157664585,-3.0952001967085563,4.99999998384587,1.7769542548506934e-08,5.240871900933469e-10,2.6204359504667345e-10,1.0481743768002249e-09,80,3.301662929167115e-09,-9.728529093422367e-10,0.0,0.0,5.0
17.59999999999998,541.0650470993971,-345.8304394853185,-3.095200196603739,4.999999985622825,1.5814892506682554e-08,4.669725441387266e-10,2.334862720693633e-10,9.339450855919548e-10,81,2.946258258684168e-09,-8.680354213197461e-10,-1.3322676295501878e-15,-3.330669054721225e-14,5.0
17.69999999999998,540.5655850693573,-345.85362739403746,-3.095200196510344,4.999999987204315,1.407525394014897e-08,4.17288487996117e-10,2.0864424399805851e-10,8.345769738564371e-10,81,2.6289858831574087e-09,-7.746407959530188e-10,-1.3322676295501878e-15,-3.3306690568281924e-14,5.0
17.799999999999983,540.0661230391611,-345.876815302798,-3.0952001964268865,4.99999998861184,1.2526975723403667e-08,3.7185165625522987e-10,1.8592582812761494e-10,7.437033108165773e-10,82,2.3459661109342597e-09,-6.911804462106375e-10,-1.3322676295501878e-15,-3.330669058703393e-14,5.0
17.899999999999984,539.5666610088257,-345.9000032115954,-3.095200196352516,4.999999989864538,1.1149008471988965e-08,3.3224865853576287e-10,1.6612432926788144e-10,6.644973157245282e-10,82,2.0933465516570493e-09,-6.16810158504677e-10,-1.3322676295501878e-15,-3.3306690603723217e-14,5.0
17.999999999999986,539.0671989783664,-345.9231911204259,-3.0952001962860667,4.999999990979439,9.922617305591075e-09,2.960931807186242e-10,1.480465903593121e-10,5.921863603688777e-10,83,1.8680295595964458e-09,-5.503606459456023e-10,1.3322676295501878e-15,3.3306690618576685e-14,5.0
18.099999999999987,538.5677369477968,-345.9463790292857,-3.095200196226848,4.9999999919717,8.8311297830046e-09,2.645322081619852e-10,1.322661040809926e-10,5.290644154744728e-10,83,1.6668959407217798e-09,-4.911417939013063e-10,1.3322676295501878e-15,3.330669063179626e-14,5.0
18.19999999999999,538.0682749171291,-345.9695669381718,-3.0952001961739413,4.999999992854813,7.859705331014766e-09,2.358014588618415e-10,1.1790072943092075e-10,4.716029170497448e-10,84,1.4874425902674897e-09,-4.382378904210782e-10,1.3322676295501878e-15,3.330669064356169e-14,5.0
18.29999999999999,537.5688128863741,-345.99275484708124,-3.0952001961267808,4.999999993640784,6.995137891152581e-09,2.1062502162376117e-10,1.0531251081188057e-10,4.212500427117583e-10,84,1.327279400969994e-09,-3.9107739269184094e-10,1.3322676295501878e-15,3.3306690654032916e-14,5.0
18.39999999999999,537.0693508555414,-346.0159427560116,-3.095200196084656,4.999999994340298,6.225672244397629e-09,1.8775091820180467e-10,9.387545910090233e-11,3.755018359785636e-10,85,1.1844105950458046e-09,-3.4895242251309355e-10,0.0,0.0,5.0
18.499999999999993,536.5698888246395,-346.0391306649605,-3.095200196047106,4.999999994962865,5.54084866877247e-09,1.6773468838677344e-10,8.386734419338672e-11,3.3546937643558595e-10,85,1.0568424538281995e-09,-3.114024593742215e-10,0.0,0.0,5.0
18.599999999999994,536.0704267936761,-346.06231857392606,-3.095200196013559,4.99999999551695,4.931355412907124e-09,1.4951103948698464e-10,7.475551974349232e-11,2.9902207870586304e-10,86,9.430587000333265e-10,-2.7785551637293793e-10,0.0,0.0,5.0
18.699999999999996,535.5709647626579,-346.0855064829064,-3.0952001959836566,4.999999996010085,4.388906571506368e-09,1.335575764984555e-10,6.677878824922775e-11,2.671151527837576e-10,86,8.414975660731017e-10,-2.479532135168938e-10,0.0,0.0,5.0
18.799999999999997,535.071502731591,-346.1086943919,-3.095200195956945,4.999999996448976,3.906126799790855e-09,1.190455692119599e-10,5.952278460597995e-11,2.380911382548263e-10,87,7.509043807758797e-10,-2.212416916336224e-10,-1.3322676295501878e-15,-3.3306690691445547e-14,5.0
18.9,534.5720407004807,-346.1318823009053,-3.095200195933136,4.9999999968395885,3.476452636874683e-09,1.0633137167191349e-10,5.3165685835956746e-11,2.1266274320940665e-10,87,6.700568606909929e-10,-1.97432736825931e-10,-1.3322676295501878e-15,-3.330669069664956e-14,5.0
19.0,534.0725786693317,-346.1550702099212,-3.09520019591187,4.999999997187234,3.094042622109328e-09,9.478752987732755e-11,4.739376493866377e-11,1.8957505964800903e-10,88,5.979209517369306e-10,-1.7616397229858194e-10,-1.3322676295501878e-15,-3.330669070128113e-14,5.0
19.1,533.5731166381485,-346.1782581189464,-3.0952001958929123,4.999999997496638,2.753698158386442e-09,8.464628150077546e-11,4.232314075038773e-11,1.692925629167908e-10,88,5.335637209835653e-10,-1.5720624801929262e-10,-1.3322676295501878e-15,-3.3306690705403216e-14,5.0
19.200000000000003,533.0736546069346,-346.20144602798,-3.095200195875983,4.999999997772008,2.450791214414494e-09,7.54848227905992e-11,3.77424113952996e-11,1.5096964551392656e-10,89,4.761373531775651e-10,-1.4027712325059838e-10,1.3322676295501878e-15,3.330669070907188e-14,5.0
19.300000000000004,532.5741925756935,-346.22463393702105,-3.0952001958608863,4.9999999980170875,2.1812037509505445e-09,6.739666234454181e-11,3.3698331172270906e-11,1.3479332463562695e-10,89,4.248819837626705e-10,-1.251803105617455e-10,1.3322676295501878e-15,3.3306690712336994e-14,5.0
19.400000000000006,532.0747305444281,-346.24782184606875,-3.095200195847407,4.999999998235208,1.941271055017069e-09,6.01189047168033e-11,3.005945235840165e-11,1.2023780939116765e-10,90,3.791440056333771e-10,-1.1170353531042565e-10,1.3322676295501878e-15,3.330669071524295e-14,5.0
19.500000000000007,531.5752685131412,-346.27100975512235,-3.095200195835383,4.9999999984293355,1.72773093609635e-09,5.3675195818052436e-11,2.683759790902622e-11,1.0735039160238258e-10,90,3.383114344224225e-10,-9.96798199537352e-11,1.3322676295501878e-15,3.3306690717829246e-14,5.0
19.60000000000001,531.0758064818351,-346.29419766418124,-3.0952001958246482,4.999999998602108,1.5376807382949665e-09,4.787733106317072e-11,2.393866553158536e-11,9.575466209957052e-11,91,3.0187337959203253e-10,-8.894485148402964e-11,0.0,0.0,5.0
19.70000000000001,530.5763444505119,-346.31738557324485,-3.0952001958150728,4.999999998755876,1.3685363065008006e-09,4.274844959672158e-11,2.137422479836079e-11,8.549689917216941e-11,91,2.6935262006921867e-10,-7.936939994124259e-11,0.0,0.0,5.0
19.80000000000001,530.0768824191736,-346.34057348231266,-3.095200195806523,4.999999998892729,1.2179977915138807e-09,3.8128585159302474e-11,1.9064292579651237e-11,7.625717030171747e-11,92,2.4033203671527253e-10,-7.081979447320919e-11,-1.3322676295501878e-15,-3.3306690724002884e-14,5.0
19.900000000000013,529.5774203878217,-346.36376139138423,-3.0952001957988973,4.999999999014529,1.0840183861660082e-09,3.4045378077915905e-11,1.7022689038957953e-11,6.809075614241152e-11,92,2.1443216993710656e-10,-6.319389456166391e-11,-1.3322676295501878e-15,-3.3306690725625583e-14,5.0
20.000000000000014,529.0779583564578,-346.38694930045915,-3.095200195792088,4.999999999122931,9.647759924291678e-10,3.0357756354422254e-11,1.5178878177211127e-11,6.071551269819417e-11,93,1.9132306882437694e-10,-5.63820101717738e-11,-1.3322676295501878e-15,-3.3306690727069786e-14,5.0
20.100000000000016,528.5784963250832,-346.4101372095371,-3.0952001957860165,4.999999999219408,8.586507505015107e-10,2.7092188823173355e-11,1.3546094411586678e-11,5.4184377637887535e-11,93,1.7072967692377539e-10,-5.0310422494703744e-11,-1.3322676295501878e-15,-3.3306690728355124e-14,5.0
20.200000000000017,528.079034293699,-346.4333251186177,-3.095200195780598,4.999999999305273,7.641996369045501e-10,2.416658591328805e-11,1.2083292956644027e-11,4.833317181986043e-11,94,1.523643020561946e-10,-4.489209004532313e-11,1.3322676295501878e-15,3.3306690729499073e-14,5.0
20.30000000000002,527.5795722623063,-346.4565130277007,-3.0952001957757647,4.999999999381693,6.801379015541898e-10,2.1550712727441607e-11,1.0775356363720804e-11,4.310142544955323e-11,94,1.3598623269106547e-10,-4.005862308531505e-11,1.3322676295501878e-15,3.330669073051719e-14,5.0
20.40000000000002,527.0801102309061,-346.4797009367858,-3.0952001957714543,4.999999999449707,6.053224588242756e-10,1.9246019359754e-11,9.623009679877e-12,3.849203871527162e-11,95,1.2135801359062365e-10,-3.575095774976944e-11,1.3322676295501878e-15,3.330669073142332e-14,5.0
20.50000000000002,526.5806481994993,-346.50288884587275,-3.095200195767605,4.999999999510239,5.387372326026708e-10,1.7164184381821518e-11,8.582092190910759e-12,3.4328368760280494e-11,95,1.0829433183534576e-10,-3.19015924787891e-11,1.3322676295501878e-15,3.330669073222977e-14,5.0
20.600000000000023,526.0811861680863,-346.5260767549614,-3.095200195764172,4.999999999564112,4.794765473548069e-10,1.750285637181939e-11,8.751428185909695e-12,3.5005712740587065e-11,96,9.665419858787341e-11,-2.8468782886648114e-11,5.833111771380572e-13,1.458277942590885e-11,5.0
20.700000000000024,525.5817241366681,-346.54926466405215,-3.0952001957606714,4.99999999961206,4.267343811648061e-10,1.2952620995454368e-11,6.476310497727183e-12,2.59052419888988e-11,96,8.681091609452629e-11,-2.496802764540007e-11,5.833111771380572e-13,1.4582779426188533e-11,5.0
20.800000000000026,525.0822621052451,-346.57245257314366,-3.095200195758081,4.999999999654733,3.797936187766027e-10,2.287165966303432e-11,1.143582983151716e-11,4.5743319322909906e-11,97,7.755780143548635e-11,-2.354427763862077e-11,2.104982854689297e-12,5.262457135996461e-11,5.0
20.900000000000027,524.5828000738181,-346.59564048223916,-3.095200195753507,4.9999999996927125,3.3801628163132596e-10,7.378162392696222e-12,3.689081196348111e-12,1.4756324784485556e-11,97,7.149494538061241e-11,-1.8970158777165125e-11,2.104982854689297e-12,5.2624571360764074e-11,5.0
21.00000000000003,524.0833380423873,-346.61882839133324,-3.095200195752031,4.999999999726514,3.008347349009455e-10,2.7750709258894985e-11,1.3875354629447493e-11,5.55014185147542e-11,98,6.269703777418006e-11,-2.0537793687935846e-11,2.459810133359497e-12,6.149525332726018e-11,5.0
21.10000000000003,523.5838760109532,-346.64201630043334,-3.095200195746481,4.999999999756597,2.6774289452191625e-10,1.909239422129215e-12,9.546197110646074e-13,3.818478844072544e-12,98,5.938498998103725e-11,-1.4987566743229763e-11,2.459810133359497e-12,6.149525332800018e-11,5.0
21.20000000000003,523.084413979516,-346.66520420952986,-3.095200195746099,4.9999999997833715,2.3829134221386995e-10,2.0280226540320358e-11,1.0140113270160179e-11,4.056045307888341e-11,99,5.049036259615128e-11,-1.6481926934375224e-11,9.394707234378075e-13,2.3486768083910025e-11,5.0
21.300000000000033,522.5849519480763,-346.6883921186313,-3.095200195742043,4.9999999998072004,2.1207950950952183e-10,1.4825208687635135e-13,7.412604343817568e-14,2.9650417374126954e-13,99,4.734460740118962e-11,-1.2426060180814602e-11,9.394707234378075e-13,2.3486768084133894e-11,5.0
21.400000000000034,522.0854899166342,-346.7115800277299,-3.0952001957420134,4.999999999828408,1.887507927733623e-10,1.1059262261083584e-11,5.529631130541792e-12,2.2118524521408098e-11,100,4.1186502938630326e-11,-1.2398970739013748e-11,1.554312234475219e-14,3.885780585921341e-13,5.0
21.500000000000036,521.58602788519,-346.7347679368313,-3.0952001957398014,4.999999999847283,1.6798864521661019e-10,8.216122158935677e-13,4.108061079467839e-13,1.6432244317369457e-12,100,3.7771740596381775e-11,-1.0186962384750586e-11,1.554312234475219e-14,3.8857805859506783e-13,5.0
21.600000000000037,521.0865658537439,-346.75795584593135,-3.095200195739637,4.999999999864082,1.4950973792338118e-10,8.952906993941057e-12,4.4764534969705285e-12,1.790581398739537e-11,101,3.290176562188024e-11,-1.0051071086536467e-11,1.2878587085651816e-14,3.2196467712379107e-13,5.0
21.70000000000004,520.5871038222962,-346.78114375503355,-3.0952001957378465,4.999999999879033,1.3306395985068776e-10,1.0426349229990242e-12,5.213174614995121e-13,2.0852698459475985e-12,101,3.010430446592771e-11,-8.260503392421015e-12,1.2878587085651816e-14,3.2196467712571654e-13,5.0
21.80000000000004,520.0876417908469,-346.80433166413474,-3.095200195737638,4.9999999998923395,1.1842660185834575e-10,6.993263401134407e-12,3.496631700567204e-12,1.3986526801967654e-11,102,2.6184731845898396e-11,-8.049116928532385e-12,-1.554312234475219e-14,-3.88578058602071e-13,5.0
21.90000000000004,519.5881797593963,-346.82751957323757,-3.0952001957362394,4.999999999904182,1.0539933370523614e-10,1.100156615621541e-12,5.500783078107705e-13,2.200313231200916e-12,102,2.388140032949515e-11,-6.650680006714538e-12,-1.554312234475219e-14,-3.8857805860391175e-13,5.0
22.000000000000043,519.0887177279446,-346.8507074823397,-3.0952001957360196,4.999999999914722,9.380531906799661e-11,5.393392520840241e-12,2.6966962604201205e-12,1.0786785041496508e-11,103,2.087159487124471e-11,-6.402434138408353e-12,-1.2878587085651816e-14,-3.2196467713031284e-13,5.0
22.100000000000044,518.5892556964919,-346.87389539144306,-3.095200195734941,4.999999999924103,8.348628455223662e-11,1.0686529596681597e-12,5.343264798340798e-13,2.1373059193038764e-12,103,1.8993338152251127e-11,-5.323741447682551e-12,-1.2878587085651816e-14,-3.21964677131521e-13,5.0
22.200000000000045,518.0897936650382,-346.89708330054594,-3.0952001957347273,4.999999999932452,7.430251969253733e-11,4.2930774090537485e-12,2.1465387045268743e-12,8.586154817991503e-12,104,1.6612907989370373e-11,-5.112799073003771e-12,1.3322676295501878e-15,3.3306690737854776e-14,5.0
22.300000000000047,517.5903316335837,-346.92027120964974,-3.095200195733869,4.999999999939883,6.612896896740495e-11,9.588513643724779e-13,4.794256821862389e-13,1.917702728721898e-12,104,1.5103220757373137e-11,-4.2543746303636e-12,1.3322676295501878e-15,3.3306690737953775e-14,5.0
22.40000000000005,517.0908696021285,-346.9434591187532,-3.095200195733677,4.999999999946495,5.885523179927077e-11,3.334363921454457e-12,1.6671819607272284e-12,6.668727842837552e-12,105,1.321810505017576e-11,-4.062528091708373e-12,-1.3322676295501878e-15,-3.330669073804187e-14,5.0
22.50000000000005,516.5914075706726,-346.9666470278574,-3.09520019573301,4.999999999952381,5.238067757318277e-11,8.108058709824792e-13,4.054029354912396e-13,1.6216117419495146e-12,105,1.2042623842578593e-11,-3.3955060985135788e-12,-1.3322676295501878e-15,-3.330669073812029e-14,5.0
22.60000000000005,516.0919455392161,-346.9898349369613,-3.095200195732848,4.99999999995762,4.66183536218523e-11,2.5981724009872184e-12,1.2990862004936092e-12,5.196344801930392e-12,106,1.0559017906992124e-11,-3.2307490016592055e-12,0.0,0.0,5.0
22.700000000000053,515.5924835077591,-347.0130228460658,-3.0952001957323283,4.999999999962282,4.1490100244345744e-11,6.8338093482085e-13,3.41690467410425e-13,1.3667618696313898e-12,106,9.616054480465763e-12,-2.7111646261346323e-12,0.0,0.0,5.0
22.800000000000054,515.0930214763016,-347.03621075517003,-3.0952001957321915,4.99999999996643,3.692655070608453e-11,2.0576866126170315e-12,1.0288433063085157e-12,4.115373225206432e-12,107,8.424415678942587e-12,-2.5770496847599134e-12,1.3322676295501878e-15,3.3306690738307456e-14,5.0
22.900000000000055,514.5935594448438,-347.05939866427474,-3.09520019573178,4.9999999999701235,3.2864200250060096e-11,5.665601314020367e-13,2.8328006570101834e-13,1.1331202627973026e-12,107,7.670346996446753e-12,-2.1653789872289053e-12,1.3322676295501878e-15,3.330669073835666e-14,5.0
23.000000000000057,514.0940974133856,-347.0825865733793,-3.0952001957316666,4.99999999997341,2.9249314081880587e-11,1.6587104317124329e-12,8.293552158562164e-13,3.3174208634072236e-12,108,6.727014236450335e-12,-2.0521362387171393e-12,1.2878587085651816e-14,3.2196467713787096e-13,5.0
23.10000000000006,513.5946353819271,-347.10577448248415,-3.095200195731335,4.9999999999763345,2.6032065392200824e-11,4.702454274433665e-13,2.3512271372168327e-13,9.404908548822818e-13,108,6.11165978936512e-12,-1.7204015989591426e-12,1.2878587085651816e-14,3.2196467713824764e-13,5.0
23.20000000000006,513.0951733504683,-347.1289623915889,-3.0952001957312407,4.999999999978938,2.3168489349245648e-11,1.3723928493957086e-12,6.861964246978543e-13,2.744785698779855e-12,109,5.3693551883317314e-12,-1.652011860642233e-12,1.354472090042691e-14,3.386180225078199e-13,5.0
23.30000000000006,512.5957113190092,-347.15215030069396,-3.0952001957309663,4.999999999981255,2.061950610254826e-11,3.724473936874982e-13,1.862236968437491e-13,7.448947873722037e-13,109,4.885106208440959e-12,-1.3775647289548942e-12,1.354472090042691e-14,3.386180225081338e-13,5.0
23.400000000000063,512.0962492875499,-347.1753382097989,-3.0952001957308917,4.999999999983317,1.83509207829502e-11,9.88164278533328e-13,4.94082139266664e-13,1.976328557060062e-12,110,4.247907960715919e-12,-1.304290009329634e-12,-1.2878587085651816e-14,-3.219646771391469e-13,5.0
23.500000000000064,511.59678725609035,-347.19852611890406,-3.095200195730694,4.999999999985152,1.6332446506339694e-11,3.159168218468077e-13,1.5795841092340386e-13,6.318336436917392e-13,110,3.855468028168829e-12,-1.106670310946356e-12,-1.2878587085651816e-14,-3.2196467713938325e-13,5.0
23.600000000000065,511.09732522463065,-347.22171402800916,-3.095200195730631,4.999999999986786,1.453575038112831e-11,6.615444074483472e-13,3.307722037241736e-13,1.3230888148931976e-12,111,3.424686532624288e-12,-1.0165202013467933e-12,-1.4210854715202004e-14,-3.5527136787817223e-13,5.0
23.700000000000067,510.5978631931708,-347.2449019371144,-3.0952001957304986,4.99999999998824,1.2936407500774294e-11,2.9769912038377004e-13,1.4884956019188502e-13,5.953982407661397e-13,111,3.0867565448122747e-12,-8.841816168114747e-13,-1.4210854715202004e-14,-3.5527136787837887e-13,5.0
23.800000000000068,510.0984011617108,-347.2680898462196,-3.095200195730439,4.999999999989534,1.1512923947520905e-11,5.771099409186565e-13,2.8855497045932825e-13,1.154219881834897e-12,112,2.7430763281481585e-12,-8.233413950620161e-13,-6.661338147750939e-16,-1.665334536930763e-14,5.0
23.90000000000007,509.59893913025064,-347.29127775532487,-3.0952001957303237,4.999999999990685,1.0246736792396406e-11,2.7000571892588567e-13,1.3500285946294283e-13,5.400114378507652e-13,112,2.449412200844492e-12,-7.078782005009998e-13,-6.661338147750939e-16,-1.6653345369315296e-14,5.0
24.00000000000007,509.0994770987904,-347.31446566443014,-3.0952001957302695,4.99999999999171,9.119283106429067e-12,4.643645924651217e-13,2.3218229623256086e-13,9.287291849287036e-13,113,2.151318673985353e-12,-6.536993168992922e-13,6.661338147750939e-16,1.6653345369322125e-14,5.0
24.100000000000072,508.60001506733005,-347.33765357353553,-3.0952001957301767,4.999999999992622,8.115907945693835e-12,1.9905097104730336e-13,9.952548552365168e-14,3.981019420940193e-13,113,1.963307988406271e-12,-5.608846720406291e-13,6.661338147750939e-16,1.6653345369328202e-14,5.0
24.200000000000074,508.1005530358696,-347.36084148264086,-3.0952001957301367,4.999999999993434,7.222933362527329e-12,3.8247225542081603e-13,1.9123612771040802e-13,7.649445108406275e-13,114,1.7114681525286224e-12,-5.222489107836736e-13,0.0,0.0,5.0
24.300000000000075,507.6010910044091,-347.3840293917463,-3.0952001957300603,4.999999999994156,6.428635401789507e-12,1.4181962643180577e-13,7.090981321590289e-14,2.8363925286328e-13,114,1.571669877575843e-12,-4.4586556668946287e-13,0.0,0.0,5.0
24.400000000000077,507.1016289729485,-347.4072173008517,-3.095200195730032,4.999999999994799,5.721290108340327e-12,3.067049634511173e-13,1.5335248172555864e-13,6.134099269015964e-13,115,1.3693381823408346e-12,-4.1611158962950867e-13,-6.661338147750939e-16,-1.66533453693427e-14,5.0
24.500000000000078,506.60216694148784,-347.43040520995714,-3.0952001957299706,4.999999999995371,5.092104515824759e-12,1.2915143139207145e-13,6.457571569603573e-14,2.5830286278390375e-13,115,1.2222931000671622e-12,-3.5482727867020003e-13,-6.661338147750939e-16,-1.6653345369346513e-14,5.0
24.60000000000008,506.1027049100271,-347.4535931190626,-3.095200195729945,4.99999999999588,4.5322856578877695e-12,2.9602648325341614e-13,1.4801324162670807e-13,5.920529665063445e-13,116,1.0734593552594318e-12,-3.290701044988964e-13,1.4210854715202004e-14,3.552713678794646e-13,5.0
24.70000000000008,505.60324287856633,-347.4767810281681,-3.095200195729886,4.999999999996333,4.034017564435999e-12,8.849517713966023e-14,4.4247588569830115e-14,1.7699035427919066e-13,116,9.779260734532613e-13,-2.7000623958883807e-13,1.4210854715202004e-14,3.5527136787952897e-13,5.0
24.800000000000082,505.10378084710555,-347.4999689372736,-3.095200195729868,4.999999999996736,3.5904612616377567e-12,2.955816358521729e-13,1.4779081792608645e-13,5.911632717039599e-13,117,8.808895995450483e-13,-2.8066438062523957e-13,1.4210854715202004e-14,3.5527136787958627e-13,5.0
24.900000000000084,504.6043188156447,-347.52315684637915,-3.095200195729809,4.999999999997095,3.195754771923021e-12,3.9755958364378886e-14,1.9877979182189443e-14,7.951191672871156e-14,117,8.25294693695966e-13,-2.2160051571518125e-13,1.4210854715202004e-14,3.5527136787963726e-13,5.0
25.000000000000085,504.1048567841838,-347.54634475548465,-3.095200195729801,4.9999999999974145,2.8440361177217713e-12,1.38610211332604e-13,6.9305105666302e-14,2.772204226650646e-13,118,6.827582661565745e-13,-2.1360690993788012e-13,-1.354472090042691e-14,-3.3861802251032257e-13,5.0
25.100000000000087,503.60539475272293,-347.5695326645902,-3.0952001957297735,4.999999999997699,2.5313973139873272e-12,4.085190986848513e-14,2.0425954934242565e-14,8.170381973693265e-14,118,6.245247374803142e-13,-1.8607337892717624e-13,-1.354472090042691e-14,-3.386180225103611e-13,5.0
25.200000000000088,503.105932721262,-347.5927205736958,-3.0952001957297655,4.999999999997952,2.252953379411338e-12,-1.2170439931011233e-15,-6.085219965505616e-16,-2.4340879862012494e-15,119,5.900073723856536e-13,-1.509903313490213e-13,-1.4210854715202004e-14,-3.5527136787975903e-13,5.0
25.30000000000009,502.60647068980103,-347.61590848280133,-3.095200195729766,4.9999999999981775,2.004796328947123e-12,5.4623142155140996e-14,2.7311571077570495e-14,1.0924628431024217e-13,119,5.426874227776324e-13,-1.5143442055887135e-13,-1.4210854715202004e-14,-3.552713678797911e-13,5.0
25.40000000000009,502.10700865834,-347.6390963919069,-3.095200195729755,4.999999999998378,1.7839951738096717e-12,7.270115816536504e-14,3.635057908268252e-14,1.454023163306829e-13,120,4.922463803756771e-13,-1.389999226830696e-13,-6.661338147750939e-16,-1.6653345369366544e-14,5.0
25.500000000000092,501.607546626879,-347.66228430101245,-3.09520019572974,4.999999999998557,1.587618925213974e-12,5.0923848965226923e-14,2.5461924482613462e-14,1.0184769793042445e-13,120,4.4295123124982183e-13,-1.2434497875801753e-13,-6.661338147750939e-16,-1.6653345369367737e-14,5.0
25.600000000000094,501.108084595418,-347.685472210118,-3.09520019572973,4.999999999998716,1.4127365943750193e-12,6.547599579035422e-14,3.273799789517711e-14,1.309519915806748e-13,121,3.944987782625309e-13,-1.141309269314661e-13,0.0,0.0,5.0
25.700000000000095,500.608622563957,-347.70866011922357,-3.095200195729717,4.999999999998857,1.2573941887694673e-12,5.1202972176025394e-14,2.5601486088012697e-14,1.0240594435202737e-13,121,3.452030328254807e-13,-1.0125233984581428e-13,0.0,0.0,5.0
25.800000000000097,500.10916053249593,-347.7318480283291,-3.095200195729707,4.999999999998983,1.1186607196123077e-12,6.316267732180855e-14,3.158133866090427e-14,1.263253546435914e-13,122,2.914788636149135e-13,-9.103828801926284e-14,0.0,0.0,5.0
25.900000000000098,499.60969850103487,-347.7550359374347,-3.0952001957296944,4.999999999999095,9.955591906418705e-13,5.347933691190051e-14,2.6739668455950254e-14,1.0695867382378166e-13,122,2.3954449535068534e-13,-7.860379014346108e-14,0.0,0.0,5.0
26.0000000000001,499.1102364695738,-347.77822384654024,-3.0952001957296837,4.999999999999194,8.86135609334815e-13,6.234721731986973e-14,3.1173608659934864e-14,1.2469443463971936e-13,123,1.8845905738751334e-13,-6.794564910705958e-14,6.661338147750939e-16,1.6653345369371984e-14,5.0
26.1000000000001,498.61077443811274,-347.80141175564586,-3.0952001957296713,4.999999999999283,7.884359831678012e-13,1.439511765774877e-14,7.197558828874385e-15,2.879023531549341e-14,123,1.9330717582199952e-13,-5.551115123125783e-14,6.661338147750939e-16,1.6653345369372574e-14,5.0
26.200000000000102,498.1113124066517,-347.8245996647515,-3.0952001957296686,4.999999999999362,7.01483315879159e-13,8.307023269802874e-14,4.153511634901437e-14,1.6614046539603627e-13,124,1.9638099740121318e-13,-5.417888360170764e-14,1.4210854715202004e-14,3.5527136787995947e-13,5.0
26.300000000000104,497.61185037519056,-347.8477875738571,-3.095200195729652,4.9999999999994325,6.243006112072181e-13,-5.615976168337936e-15,-2.807988084168968e-15,-1.1231952336674596e-14,124,1.979319486089537e-13,-3.774758283725532e-14,1.4210854715202004e-14,3.5527136787996947e-13,5.0
26.400000000000105,497.11238834372944,-347.8709754829627,-3.0952001957296535,4.999999999999495,5.559108728903085e-13,1.272629300676546e-13,6.36314650338273e-14,2.545258601352835e-13,125,1.9929278496574887e-13,-6.616929226765933e-14,1.354472090042691e-14,3.3861802251060433e-13,5.0
26.500000000000107,496.6129263122683,-347.8941633920683,-3.0952001957296282,4.999999999999551,4.943601084050897e-13,-1.293168962212736e-14,-6.46584481106368e-15,-2.5863379244252393e-14,125,1.8729809370121586e-13,-4.085620730620576e-14,1.354472090042691e-14,3.3861802251061186e-13,5.0
26.600000000000108,496.1134642808072,-347.91735130117394,-3.095200195729631,4.9999999999996,4.3964831775156204e-13,-7.798988476662728e-15,-3.899494238331364e-15,-1.559797695332421e-14,126,1.477828818520488e-13,-4.3520742565306136e-14,-1.354472090042691e-14,-3.386180225106186e-13,5.0
26.70000000000011,495.6140022493461,-347.94053921027955,-3.0952001957296327,4.999999999999645,3.9079850466805515e-13,3.749377257058626e-15,1.874688628529313e-15,7.49875451411672e-15,126,1.357906842525125e-13,-4.529709940470639e-14,-1.354472090042691e-14,-3.3861802251062463e-13,5.0
26.80000000000011,495.11454021788495,-347.96372711938517,-3.095200195729632,4.999999999999684,3.4781066915456906e-13,-1.0482525461954302e-13,-5.241262730977151e-14,-2.0965050923907276e-13,127,1.5014335261187561e-13,-1.7319479184152442e-14,-1.4210854715202004e-14,-3.5527136788000516e-13,5.0
26.900000000000112,494.61507818642383,-347.9869150284907,-3.0952001957296527,4.9999999999997184,3.097078149494337e-13,5.595208268994885e-14,2.7976041344974425e-14,1.119041653798914e-13,127,9.491019081764307e-14,-3.8191672047105385e-14,-1.4210854715202004e-14,-3.552713678800101e-13,5.0
27.000000000000114,494.1156161549627,-348.01010293759634,-3.0952001957296416,4.9999999999997495,2.755129457909789e-13,-1.5028997557430192e-14,-7.514498778715096e-15,-3.005799511485888e-14,128,9.598376780883822e-14,-2.5757174171303632e-14,-6.661338147750939e-16,-1.665334536937568e-14,5.0
27.100000000000115,493.6161541235016,-348.03329084670196,-3.0952001957296447,4.999999999999777,2.452260616792046e-13,2.9239110829264025e-14,1.4619555414632013e-14,5.847822165852544e-14,128,9.819575708114314e-14,-2.886579864025407e-14,-6.661338147750939e-16,-1.6653345369375865e-14,5.0
27.200000000000117,493.11669209204047,-348.0564787558076,-3.095200195729639,4.999999999999802,2.1787016635244073e-13,-1.1337264286372828e-14,-5.668632143186414e-15,-2.2674528572744756e-14,129,1.0125608034330935e-13,-2.3092638912203256e-14,0.0,0.0,5.0
27.300000000000118,492.61723006057935,-348.0796666649132,-3.095200195729641,4.999999999999824,1.9344525981068729e-13,1.473232306023486e-14,7.36616153011743e-15,2.946464612046868e-14,129,1.0346931644811264e-13,-2.531308496145357e-14,0.0,0.0,5.0
27.40000000000012,492.1177680291182,-348.1028545740188,-3.095200195729638,4.999999999999844,1.7195134205394427e-13,-8.732490778759411e-15,-4.3662453893797056e-15,-1.7464981557518276e-14,130,1.0389226371559923e-13,-2.220446049250313e-14,0.0,0.0,5.0
27.50000000000012,491.6183059976571,-348.1260424831244,-3.09520019572964,4.999999999999861,1.5338841308221164e-13,7.274929924541875e-15,3.637464962270938e-15,1.4549859849083347e-14,130,1.0610609613159738e-13,-2.398081733190338e-14,0.0,0.0,5.0
27.600000000000122,491.118843966196,-348.14923039223004,-3.0952001957296384,4.999999999999876,1.3677947663381929e-13,-4.73272641367938e-15,-2.36636320683969e-15,-9.465452827358526e-15,131,1.0916457625007037e-13,-2.2648549702353193e-14,6.661338147750939e-16,1.665334536937652e-14,5.0
27.700000000000124,490.61938193473486,-348.17241830133565,-3.0952001957296393,4.999999999999889,1.2212453270876722e-13,2.6349584517299743e-15,1.3174792258649872e-15,5.269916903459832e-15,131,1.1137618605161492e-13,-2.353672812205332e-14,6.661338147750939e-16,1.665334536937661e-14,5.0
27.800000000000125,490.1199199032737,-348.19560621044127,-3.095200195729639,4.999999999999901,1.084465850453853e-13,5.426386069784123e-14,2.7131930348920616e-14,1.0852772139568032e-13,132,1.0917807456711781e-13,-2.4424906541753444e-14,1.4210854715202004e-14,3.552713678800361e-13,5.0
27.900000000000126,489.6204578718125,-348.2187941195469,-3.0952001957296282,4.999999999999912,9.672262990534364e-14,-5.368673603844882e-15,-2.684336801922441e-15,-1.0737347207689576e-14,132,1.080940892350668e-13,-1.3766765505351941e-14,1.4210854715202004e-14,3.552713678800376e-13,5.0
28.000000000000128,489.1209958403513,-348.2419820286525,-3.095200195729629,4.999999999999922,8.597567102697213e-14,1.1327524085542533e-13,5.663762042771267e-14,2.2655048171084712e-13,133,1.06817603807291e-13,-4.1744385725905886e-14,1.354472090042691e-14,3.3861802251066214e-13,5.0
28.10000000000013,488.62153380889015,-348.2651699377581,-3.0952001957296065,4.999999999999931,7.620570841027076e-14,-9.302394956797338e-15,-4.651197478398669e-15,-1.8604789913594418e-14,133,9.218667496035948e-14,-1.9095836023552692e-14,1.354472090042691e-14,3.3861802251066335e-13,5.0
28.20000000000013,488.12207177742897,-348.28835784686373,-3.0952001957296083,4.999999999999939,6.741274205523951e-14,-1.657398425152404e-14,-8.28699212576202e-15,-3.314796850304768e-14,134,5.003533394901116e-14,-2.0872192862952943e-14,-1.4210854715202004e-14,-3.552713678800414e-13,5.0
28.300000000000132,487.6226097459678,-348.31154575596935,-3.0952001957296114,4.999999999999946,5.959677196187841e-14,7.374697965728863e-15,3.687348982864432e-15,1.4749395931457566e-14,134,3.540570614468663e-14,-2.398081733190338e-14,-1.4210854715202004e-14,-3.552713678800424e-13,5.0
28.400000000000134,487.1231477145066,-348.33473366507496,-3.09520019572961,4.999999999999952,5.2757798130187444e-14,-1.0881682543919261e-13,-5.4408412719596306e-14,-2.1763365087838315e-13,135,4.71099938573194e-14,5.773159728050814e-15,-1.4210854715202004e-14,-3.552713678800433e-13,5.0
28.500000000000135,486.62368568304544,-348.3579215741806,-3.095200195729632,4.999999999999957,4.6895820560166616e-14,-0.6108652381980153,-0.33676726103229854,-1.32175070054452,140,-0.024115037937358343,3.1260775594714345,1.7920477335383516,44.80119333845803,5.0
28.600000000000136,486.14461736684126,-348.2147658952527,3.0558100413955023,4.999999999999962,4.201083925181593e-14,0.6108652381980153,0.33676726103229854,1.3217507005445213,141,-0.14840540938354807,-0.14769016417279346,1.2552758637675994,31.381896594189506,5.0
28.700000000000138,485.66028319382497,-348.33894483408136,-3.095200195729632,4.999999999999966,3.712585794346524e-14,-0.6108652381980153,-0.33676726103229854,-1.3217507005445222,142,-0.2687894868117199,0.6155258319362353,-0.8262189726463955,-20.65547431615961,5.0
28.80000000000014,485.1812148776208,-348.1957891551535,3.0558100413955023,4.99999999999997,3.321787289678469e-14,-0.6108652381980153,-0.33676726103229854,-1.3217507005445233,142,-0.13120830994457225,0.4833507618817836,-0.8262189726463955,-20.65547431615964,5.0
28.90000000000014,484.72519175982416,-347.9907454621633,2.92363497134105,4.999999999999973,2.930988785010413e-14,-0.6108652381980153,-0.33676726103229854,-1.3217507005445241,143,0.44778670841119944,1.3725727110655455,-0.570140005054821,-14.253500126370373,5.0
29.000000000000142,484.3001690861176,-347.7273907074401,2.7914599012865975,4.999999999999976,2.6378899065093722e-14,-0.6108652381980153,-0.33676726103229854,-1.321750700544525,143,0.8779233487313438,1.2403976410110928,-0.570140005054821,-14.253500126370389,5.0
29.100000000000144,483.91356130471223,-347.41031906986143,2.659284831232145,4.999999999999979,2.3447910280083308e-14,-0.6108652381980153,-0.33676726103229854,-1.3217507005445257,143,1.2707125602657583,1.1082225709566402,-0.570140005054821,-14.253500126370403,5.0
29.200000000000145,483.5721127225606,-347.0450618101846,2.5271097611776923,4.999999999999981,2.0516921495072894e-14,-0.6108652381980153,-0.33676726103229854,-1.3217507005445261,143,1.619302202065317,0.9760475009021876,-0.570140005054821,-14.253500126370419,5.0
29.300000000000146,483.2817798520694,-346.6379907791441,2.3949346911232396,4.999999999999983,1.856292897173262e-14,-0.6108652381980153,-0.33676726103229854,-1.3217507005445268,144,2.019667572185123,0.962755421719163,-0.059441495435713976,-1.4860373858928395,5.0
29.400000000000148,483.04762750075474,-346.1962072615998,2.262759621068787,4.999999999999985,1.6608936448392344e-14,-0.6108652381980153,-0.33676726103229854,-1.3217507005445273,144,2.31261674669552,0.8305803516647103,-0.059441495435713976,-1.4860373858928406,5.0
29.50000000000015,482.8737404165365,-345.7274180958311,2.1305845510143344,4.999999999999987,1.4654943925052066e-14,-0.6108652381980153,-0.33676726103229854,-1.3217507005445277,145,2.5496101836004894,0.6984052816102577,0.0,0.0,5.0
29.60000000000015,482.7631520300062,-345.23980122905493,1.9984094809598816,4.9999999999999885,1.2700951401711791e-14,-0.6108652381980153,-0.33676726103229854,-1.3217507005445281,145,2.7265135727255805,0.5662302115558049,0.0,0.0,5.0
29.700000000000152,482.7177915367466,-344.741863054528,1.8662344109054287,4.999999999999989,1.1723955140041654e-14,-0.6108652381980153,-0.33676726103229854,-1.3217507005445286,146,2.8402408645534587,0.43405514150135205,0.0,0.0,5.0
29.800000000000153,482.738450242843,-344.2422900189642,1.734059340850976,4.99999999999999,1.0746958878371517e-14,-0.6108652381980153,-0.33676726103229854,-1.3217507005445286,146,2.888808105832599,0.3018800714468992,0.0,0.0,5.0
29.900000000000155,482.8247677606833,-343.74979708895006,1.601884270796523,4.999999999999991,9.769962616701378e-15,-0.6108652381980153,-0.33676726103229854,-1.321750700544529,147,2.8713680493042686,0.16970500139244638,0.0,0.0,5.0
30.000000000000156,482.97523829585856,-343.27297571983576,1.4697092007420702,4.999999999999992,8.79296635503124e-15,-0.6108652381980153,-0.33676726103229854,-1.3217507005445293,147,2.7882249337866205,0.03752993133799354,0.0,0.0,5.0
30.100000000000158,483.18723691549025,-342.8201439792585,1.3375341306876174,4.999999999999993,7.815970093361103e-15,-0.6108652381980153,-0.33676726103229854,-1.3217507005445295,148,2.6408291767802416,-0.0946451387164593,0.0,0.0,5.0
30.20000000000016,483.4570653397374,-342.3992014398683,1.2053590606331643,4.999999999999994,6.838973831690965e-15,-0.6108652381980153,-0.33676726103229854,-1.3217507005445297,148,2.4317520721818746,-0.22682020877091236,0.0,0.0,5.0
30.30000000000016,483.78001645765937,-342.01749137262755,1.0731839905787113,4.999999999999995,5.861977570020827e-15,-0.010729210812199685,-0.005364759798474642,-0.02145893625987218,148,2.1646409344998294,-0.3589952788253654,0.0,0.0,5.0
30.400000000000162,484.0210344865071,-341.5794156830825,1.071038096952724,4.999999999999996,4.884981308350689e-15,-0.22662937766184635,-0.11478853284218166,-0.4581464618318284,149,1.986465225352039,-0.3611411724513527,0.0,0.0,5.0
30.500000000000163,484.30932862192356,-341.17089825201685,1.0252234507695412,4.9999999999999964,3.907985046680551e-15,0.19143989615464652,0.09660505333094195,0.38581944694614545,149,1.757382710572081,-0.40695581863453545,0.0,0.0,5.0
30.600000000000165,484.52634656267776,-340.72045045993565,1.0638053954641558,4.9999999999999964,3.907985046680551e-15,-0.03886092426075598,-0.01943780073295253,-0.07774630692612522,150,1.6046863789502235,-0.36837387393992094,0.0,0.0,5.0
30.700000000000166,484.7775709670564,-340.28814698013866,1.0560307647715432,4.9999999999999964,3.907985046680551e-15,0.23599762011315945,0.11966490290003115,0.47751805311680423,150,1.415604626699727,-0.37614850463253346,0.0,0.0,5.0
30.800000000000168,484.9700215144982,-339.8266680675226,1.1037825700832236,4.9999999999999964,3.907985046680551e-15,0.031184294135482016,0.015595938675094862,0.06238122576334916,151,1.2887642479775503,-0.32839669932085314,0.0,0.0,5.0
30.90000000000017,485.1881423978186,-339.37675331975413,1.1100206926595584,4.9999999999999964,3.907985046680551e-15,0.22466806356489438,0.11376962126696512,0.45409740012933153,151,1.134901900546723,-0.3221585767445183,0.0,0.0,5.0
31.00000000000017,485.35818430031026,-338.9065557534089,1.1554304326724916,4.9999999999999964,3.907985046680551e-15,0.0520431115472314,0.02603918746161249,0.10414497985080721,152,1.0314599112194174,-0.2767488367315851,0.0,0.0,5.0
31.100000000000172,485.54796709725355,-338.44397333914696,1.1658449306575722,4.9999999999999964,3.907985046680551e-15,0.19460345692365977,0.09823172725626238,0.39229529095764604,152,0.9074141687729367,-0.2663343387465045,0.0,0.0,5.0
31.200000000000173,485.6989336129035,-337.9673087703436,1.205074459753337,4.9999999999999964,3.907985046680551e-15,0.054117869940659785,0.027078761656638868,0.10830180994205622,153,0.8237581645520523,-0.22710480965073976,0.0,0.0,5.0
31.300000000000175,485.8650373963047,-337.4957056181703,1.2159046407475425,4.9999999999999964,3.907985046680551e-15,0.16107324407959298,0.08106239876724619,0.32389459829769596,153,0.7244107348039986,-0.21627462865653424,0.0,0.0,5.0
31.400000000000176,486.0002474101576,-337.01433439743323,1.248294100577312,4.9999999999999964,3.907985046680551e-15,0.049550970700414226,0.024790702493561727,0.09915265305741952,154,0.6570104313767536,-0.18388516882676464,0.0,0.0,5.0
31.500000000000178,486.14691399507814,-336.53632925847785,1.258209365883054,4.9999999999999964,3.907985046680551e-15,0.13014481256813476,0.06534912044973924,0.2612104722465957,154,0.5777983444393863,-0.1739699035210227,0.0,0.0,5.0
31.60000000000018,486.2692773591701,-336.0515332115384,1.2843304131077136,4.9999999999999964,3.907985046680551e-15,0.04308836061323708,0.02155418471763184,0.08621006322214066,155,0.523594686547968,-0.14784885629636313,0.0,0.0,5.0
31.70000000000018,486.40018939787996,-335.5689754034772,1.2929514194299276,4.9999999999999964,3.907985046680551e-15,0.10377437531843237,0.05202725935001019,0.20801516394341807,155,0.4606150872187929,-0.13922784997414905,0.0,0.0,5.0
31.800000000000182,486.5121410608454,-335.0816697240939,1.3137529358242694,4.9999999999999964,3.907985046680551e-15,0.03654783754477885,0.018280023131973865,0.0731160203034404,156,0.41707002659588976,-0.11842633357980725,0.0,0.0,5.0
31.900000000000183,486.6303916894452,-334.5958541327058,1.3210645378546135,4.9999999999999964,3.907985046680551e-15,0.08214808216631887,0.04114345319782058,0.16452738540861664,156,0.367080529054503,-0.11111473154946316,0.0,0.0,5.0
32.000000000000185,486.73393121010054,-334.1066920249517,1.3375172763954752,4.9999999999999964,3.907985046680551e-15,0.030583446571148823,0.015295299889519396,0.061178814067803344,157,0.33212343105465103,-0.09466199300860145,0.0,0.0,5.0
32.100000000000186,486.84206197415017,-333.6185242895717,1.3436351578022556,4.9999999999999964,3.907985046680551e-15,0.06477425742207496,0.03242113607706874,0.12966182628171663,157,0.29248173275173,-0.08854411160182107,0.0,0.0,5.0
32.20000000000019,486.9388177183078,-333.12797528491217,1.3566013404304273,4.9999999999999964,3.907985046680551e-15,0.025383971302387714,0.01269403048811901,0.050774758299536385,158,0.26443497396088145,-0.07557792897364934,0.0,0.0,5.0
32.30000000000019,487.0388877898798,-332.6380916448755,1.361678816260381,4.9999999999999964,3.907985046680551e-15,0.050972151377875106,0.025502640673673242,0.10199950536972299,158,0.23301374288176177,-0.07050045314369568,0.0,0.0,5.0
32.40000000000019,487.13018022131945,-332.14649659611905,1.3718787667973533,4.9999999999999964,3.907985046680551e-15,0.02095388206843933,0.010478091175446567,0.0419115977768192,159,0.21052242852071004,-0.06030050260672337,0.0,0.0,5.0
32.50000000000019,487.22384333002583,-331.65534771638147,1.3760699265750354,4.9999999999999964,3.907985046680551e-15,0.04007398918499143,0.020045042298829658,0.08017479985480508,159,0.18562152759359873,-0.05610934282904134,0.0,0.0,5.0
32.60000000000019,487.31074050675005,-331.16295673283554,1.3840874065605158,4.9999999999999964,3.907985046680551e-15,0.017228447675088094,0.008614863102187391,0.034459026170645946,160,0.1675932859449303,-0.04809186284356093,0.0,0.0,5.0
32.700000000000195,487.39931755650946,-330.6708651699573,1.3875333091775803,4.9999999999999964,3.907985046680551e-15,0.03149649714666581,0.015752155223276745,0.06300601519977826,160,0.14785991253138714,-0.04464596022649636,0.0,0.0,5.0
32.800000000000196,487.4826818422009,-330.1778637542685,1.3938339106975581,4.9999999999999964,3.907985046680551e-15,0.01412153435585231,0.0070611192060212775,0.028244242115871347,161,0.13341502011668682,-0.03834535870651856,0.0,0.0,5.0
32.9000000000002,487.56722437618225,-329.68506302380234,1.3966583349091453,4.9999999999999964,3.907985046680551e-15,0.024756336851741924,0.012380065287745722,0.04951899619848259,161,0.11777545174150938,-0.03552093449493143,0.0,0.0,5.0
33.0000000000002,487.64775109250684,-329.19159017960726,1.4016102345289936,4.9999999999999964,3.907985046680551e-15,0.011545424055709267,0.005772904405299555,0.023091489361233748,162,0.10620604977123185,-0.030569034875083112,0.0,0.0,5.0
33.1000000000002,487.72909452462443,-328.6982513041359,1.403919383465117,4.9999999999999964,3.907985046680551e-15,0.0194635450126113,0.009732694264434408,0.03893016243881501,162,0.09380925498505722,-0.028259885938959783,0.0,0.0,5.0
33.2000000000002,487.8073436674067,-328.2044121889842,1.4078123997089984,4.9999999999999964,3.907985046680551e-15,0.00941873286139236,0.004709470877963789,0.018837813877331917,163,0.08454618910410228,-0.024366869695078286,0.0,0.0,5.0
33.3000000000002,487.8861509005889,-327.71066182696086,1.4096961810967317,4.9999999999999964,3.907985046680551e-15,0.015307942868758287,0.007654419855390548,0.03061738044006712,163,0.07471812267338215,-0.022483088307345023,0.0,0.0,5.0
33.400000000000205,487.9625730369124,-327.21653668382424,1.4127579191407384,4.9999999999999964,3.907985046680551e-15,0.0076691709381242965,0.0038346418538112814,0.015338529824334526,164,0.06730406016666944,-0.019421350263338244,0.0,0.0,5.0
33.500000000000206,488.0393697178455,-326.7224696136833,1.4142917721231718,4.9999999999999964,3.907985046680551e-15,0.012044705665648199,0.006022571263857038,0.024090139424440042,164,0.05951102151807775,-0.017887497280904885,0.0,0.0,5.0
33.60000000000021,488.114327061021,-326.2281201454889,1.4167007860656158,4.9999999999999964,3.907985046680551e-15,0.006234044451883229,0.0031170525106862935,0.012468189852532861,165,0.053578697700440193,-0.015478483338460913,0.0,0.0,5.0
33.70000000000021,488.1895298418365,-325.73380795490726,1.417947605050869,4.9999999999999964,3.907985046680551e-15,0.009481387149983936,0.004740800120566215,0.018963129448769024,165,0.047398139692682605,-0.014231664353207663,0.0,0.0,5.0
33.80000000000021,488.2633133586978,-325.23928192663413,1.4198439179957458,4.9999999999999964,3.907985046680551e-15,0.005059781970648152,0.0025299071776114265,0.010119617915452737,166,0.04265277881805148,-0.012335351408330864,0.0,0.0,5.0
33.90000000000021,488.3372524399028,-324.74477913364854,1.420855879787291,4.9999999999999964,3.907985046680551e-15,0.007467031572090201,0.003733567828770228,0.014934236618987734,166,0.03775013526578186,-0.011323389616785695,0.0,0.0,5.0
34.00000000000021,488.41009570903526,-324.2501137334616,1.4223493034491899,4.9999999999999964,3.907985046680551e-15,0.004101068415720737,0.0020505428297584016,0.008202165571054451,167,0.03395526080625041,-0.009829965954886832,0.0,0.0,5.0
34.100000000000215,488.4830327660792,-323.7554621533471,1.4231695200062953,4.9999999999999964,3.907985046680551e-15,0.0058833414356662846,0.0029416961735850952,0.011766767723552703,167,0.030065588477423445,-0.00900974939778143,0.0,0.0,5.0
34.200000000000216,488.5551231849022,-323.2606864753738,1.4243461967786506,4.9999999999999964,3.907985046680551e-15,0.003319858173582282,0.001659933660513543,0.006639731592889516,168,0.02703158048472127,-0.007833072625426096,0.0,0.0,5.0
34.30000000000022,488.6272655971956,-322.7659183758075,1.4250101699379396,4.9999999999999964,3.907985046680551e-15,0.00463763920500344,0.0023188320706863425,0.009275319970535127,168,0.023945030605879793,-0.0071690994661370855,0.0,0.0,5.0
34.40000000000022,488.69875343190336,-322.27105527404217,1.425937701934993,4.9999999999999964,3.907985046680551e-15,0.0026843953664974847,0.0013422001012150047,0.005368798792876845,169,0.02151990641671009,-0.006241567469083664,0.0,0.0,5.0
34.50000000000022,488.77026556428956,-321.7761956829241,1.4264745818142808,4.9999999999999964,3.907985046680551e-15,0.003657312299231722,0.0018286622646319598,0.007314644981823852,169,0.019070232533039584,-0.00570468758979592,0.0,0.0,5.0
34.60000000000022,488.8412712486945,-321.28126316956275,1.4272060463124632,4.9999999999999964,3.907985046680551e-15,0.0021683004287992706,0.0010841514886914415,0.004336605105235946,170,0.01713222472312225,-0.004973223091613521,0.0,0.0,5.0
34.70000000000022,488.9122833901205,-320.7863315826034,1.4276397068229867,4.9999999999999964,3.907985046680551e-15,0.002885451525084957,0.0014427287655212697,0.005770913060091089,170,0.015187693823472527,-0.004539562581090006,0.0,0.0,5.0
34.800000000000225,488.98290340579706,-320.29134389246775,1.4282167981289957,4.9999999999999964,3.907985046680551e-15,0.0017497478221769277,0.0008748745807212826,0.003499497876462583,171,0.013639279390672235,-0.003962471275080981,0.0,0.0,5.0
34.900000000000226,489.05351884920935,-319.79635555002756,1.428566747916642,4.9999999999999964,3.907985046680551e-15,0.00227743586957048,0.001138719411338258,0.0045548766609818615,171,0.0120954834963873,-0.003612521487434739,0.0,0.0,5.0
35.00000000000023,489.12383045815807,-319.30132395745284,1.4290222355827402,4.9999999999999964,3.907985046680551e-15,0.0014107420944533666,0.0007053713981830334,0.0028214853587610047,172,0.010858583719911705,-0.0031570338213364746,0.0,0.0,5.0
35.10000000000023,489.1941311072619,-318.80629080832483,1.4293043841186164,4.9999999999999964,3.907985046680551e-15,0.0017982618104351658,0.000899131632108309,0.003596526043838652,172,0.009632753736317595,-0.0028748852854603157,0.0,0.0,5.0
35.20000000000023,489.26419615779645,-318.3112242585625,1.4296640367230002,4.9999999999999964,3.907985046680551e-15,0.0011364903308212332,0.0005682453488984991,0.0022729812732686628,173,0.008644877552340814,-0.0025152326810764514,0.0,0.0,5.0
35.30000000000023,489.3342469670586,-317.8161556934912,1.429891334850327,4.9999999999999964,3.907985046680551e-15,0.0014204558583257266,0.0007102282874188519,0.0028409129108378454,173,0.007671384501300966,-0.0022879345537496487,0.0,0.0,5.0
35.40000000000023,489.4041149521012,-317.3210612937389,1.4301754261414108,4.9999999999999964,3.907985046680551e-15,0.0009148644093292546,0.00045743230037969304,0.0018297291377087008,174,0.006882531695383873,-0.002003843262665894,0.0,0.0,5.0
35.500000000000234,489.4739674429798,-316.82596470768925,1.4303583990551816,4.9999999999999964,3.907985046680551e-15,0.0011224429809121883,0.0005612216672238365,0.002244886551050111,174,0.006109326522425535,-0.0018208703488951095,0.0,0.0,5.0
35.600000000000236,489.54367795596215,-316.3308481109368,1.4305828877102866,4.9999999999999964,3.907985046680551e-15,0.0007359443475481367,0.00036797222359880293,0.001471888861178712,175,0.005479502348134581,-0.001596381693790061,0.0,0.0,5.0
35.70000000000024,489.6133730018584,-315.8357293367245,1.4307300765964046,4.9999999999999964,3.907985046680551e-15,0.0008872710081666179,0.00044363559139632124,0.0017745423073765867,175,0.004865297767500585,-0.001449192807672084,0.0,0.0,5.0
35.80000000000024,489.68295770769015,-315.3405950431088,1.4309075308271422,4.9999999999999964,3.907985046680551e-15,0.0005916333297053448,0.0002958166907388513,0.0011832667456979486,176,0.00436251924408964,-0.0012717385769345224,0.0,0.0,5.0
35.90000000000024,489.7525277400231,-314.8454586875448,1.431025857501712,4.9999999999999964,3.907985046680551e-15,0.0007016129245849465,0.00035080650546453693,0.0014032259930767642,176,0.0038745583784720126,-0.0011534119023646205,0.0,0.0,5.0
36.00000000000024,489.8220119560167,-314.3503102817837,1.4311661801010198,4.9999999999999964,3.907985046680551e-15,0.0004753351188871051,0.0002376675728684119,0.0009506702825237397,177,0.00347325572311271,-0.00101308930305688,0.0,0.0,5.0
36.10000000000024,489.8914827120354,-313.8551599873698,1.4312612471292723,4.9999999999999964,3.907985046680551e-15,0.0005549861079429768,0.0002774930753391198,0.0011099722871113888,177,0.0030855448968999354,-0.0009180222748044198,0.0,0.0,5.0
36.200000000000244,489.96088667534593,-313.3600003263747,1.4313722443579835,4.9999999999999964,3.907985046680551e-15,0.00038168512150518166,0.00019084256770324565,0.0007633702661792118,178,0.0027652803190954672,-0.0008070250460932016,0.0,0.0,5.0
36.300000000000246,490.0302785831218,-312.8648389757674,1.4314485813846014,4.9999999999999964,3.907985046680551e-15,0.00043914099502294227,0.00021957050809722956,0.0008782820253317447,178,0.002457189099382674,-0.0007306880194752896,0.0,0.0,5.0
36.40000000000025,490.0996184664038,-312.3696703372346,1.4315364095871346,4.9999999999999964,3.907985046680551e-15,0.00030632715978405866,0.00015316358348510645,0.0006126543315450405,179,0.002201630354797021,-0.0006428598169421207,0.0,0.0,5.0
36.50000000000025,490.16894774252484,-311.8745002134665,1.431597675020289,4.9999999999999964,3.907985046680551e-15,0.0003475821267457116,0.00017379106862192543,0.0006951642709883214,179,0.0019567822478636226,-0.0005815943837876869,0.0,0.0,5.0
36.60000000000025,490.23823646748696,-311.37932441378206,1.4316671914473877,4.9999999999999964,3.907985046680551e-15,0.00024572888473837345,0.000122864444223908,0.0004914577756591508,180,0.0017528805959469151,-0.00051207795668895,0.0,0.0,5.0
36.70000000000025,490.3075159872167,-310.88414732611943,1.4317163372249537,4.9999999999999964,3.907985046680551e-15,0.000275192683632034,0.00013759634442109467,0.0005503853759476597,180,0.001558273844654125,-0.0004629321791229657,0.0,0.0,5.0
36.80000000000025,490.3767638760427,-310.38896581405226,1.4317713757625485,4.9999999999999964,3.907985046680551e-15,0.00019702964702723085,9.85148244697186e-05,0.00039405929724147193,181,0.001395605930148841,-0.00040789364152815644,0.0,0.0,5.0
36.900000000000254,490.4460038632397,-309.8937831970583,1.4318107816922727,4.9999999999999964,3.907985046680551e-15,0.00021793997421717216,0.00010896998840254563,0.00043587995274754255,181,0.001240916524104024,-0.00036848771180397755,0.0,0.0,5.0
37.000000000000256,490.5152191600038,-309.39859712829843,1.4318543696875474,4.9999999999999964,3.907985046680551e-15,0.0001579154833897847,7.895774218714057e-05,0.0003158309684203966,182,0.0011111576638755047,-0.00032489971652926997,0.0,0.0,5.0
37.10000000000026,490.5844277342398,-308.9034101199347,1.4318859527843895,4.9999999999999964,3.907985046680551e-15,0.00017264428694452604,8.632214411549355e-05,0.00034528857603315365,182,0.0009881866779259361,-0.0002933166196872339,0.0,0.0,5.0
37.20000000000026,490.65361702212783,-308.40822041644566,1.4319204816419928,4.9999999999999964,3.907985046680551e-15,0.00012651665253432146,6.325832652029626e-05,0.0002530333059124278,183,0.0008846894409031622,-0.00025878776208387855,0.0,0.0,5.0
37.30000000000026,490.72280063264157,-307.91302991973123,1.431945784972584,4.9999999999999964,3.907985046680551e-15,0.00013679736807737202,6.839868435868104e-05,0.000273594737221394,183,0.000786924723767235,-0.00023348443149262543,0.0,0.0,5.0
37.40000000000026,490.7919691676981,-307.417837317042,1.4319731444463062,4.9999999999999964,3.907985046680551e-15,0.00010132384643552653,5.066192334779371e-05,0.0002026476933044877,184,0.0007043818505655525,-0.00020612495777050377,1.887379141862766e-15,4.7184478546569084e-14,5.0
37.50000000000026,490.8611329376552,-306.9226440487867,1.4319934092156366,4.9999999999999964,3.907985046680551e-15,0.00010841979119476596,5.42098957566903e-05,0.00021683958292055617,184,0.0006266503336879656,-0.00018586018844013452,1.887379141862766e-15,4.7184478546569084e-14,5.0
37.600000000000264,490.93028491568333,-306.42744913369285,1.4320150931739286,4.9999999999999964,3.907985046680551e-15,8.111981530389516e-05,4.0559907718672934e-05,0.00016223963083020806,185,0.0005608251875508924,-0.0001641762301518579,0.0,0.0,5.0
37.700000000000266,490.999432915328,-305.93225366305006,1.4320313171370116,4.9999999999999964,3.907985046680551e-15,8.59488234986333e-05,4.29744118286818e-05,0.000171897647261817,185,0.000499017026515669,-0.00014795226706887377,0.0,0.0,5.0
37.80000000000027,491.06857168527614,-305.43705690368057,1.4320485069017377,4.9999999999999964,3.907985046680551e-15,6.492367522057017e-05,3.246183764449242e-05,0.00012984735055516472,186,0.00044652809897289397,-0.0001307625023390102,-3.885780586188048e-15,-9.714451465470106e-14,5.0
37.90000000000027,491.13770714869963,-304.94185968266936,1.4320614916367933,4.9999999999999964,3.907985046680551e-15,6.815022143815006e-05,3.4075110758640095e-05,0.00013630044300818358,186,0.0003973777666914369,-0.00011777776728338907,-3.885780586188048e-15,-9.714451465470106e-14,5.0
38.00000000000027,491.20683538322265,-304.44666145247083,1.432075121681094,4.9999999999999964,3.907985046680551e-15,5.194562186254651e-05,2.597281094879417e-05,0.000103891243783496,187,0.0003555264384972612,-0.0001041477229786203,0.0,0.0,5.0
38.10000000000027,491.27596088041537,-303.9514628401567,1.4320855108054724,4.9999999999999964,3.907985046680551e-15,5.404881288441247e-05,2.702440646194266e-05,0.00010809762583461297,187,0.000316438982494862,-9.37585986002798e-05,0.0,0.0,5.0
38.20000000000027,491.34508071217493,-303.4562634370295,1.432096320568056,4.9999999999999964,3.907985046680551e-15,4.155016268167381e-05,2.0775081349803514e-05,8.310032539323625e-05,188,0.00028307188643547643,-8.294883602077974e-05,3.885780586188048e-15,9.714451465470106e-14,5.0
38.300000000000274,491.4141982856078,-302.9610637186908,1.4321046306005953,4.9999999999999964,3.907985046680551e-15,4.287383721625122e-05,2.1436918617976767e-05,8.574767446533957e-05,188,0.00025198500914680455,-7.463880348135277e-05,3.885780586188048e-15,9.714451465470106e-14,5.0
38.400000000000276,491.4833114161706,-302.46586338025816,1.4321132053680419,4.9999999999999964,3.907985046680551e-15,3.3226306344620566e-05,1.6613153176895462e-05,6.645261270452502e-05,189,0.00022538406670520594,-6.606403603859334e-05,0.0,0.0,5.0
38.50000000000028,491.55242268923536,-301.97066278258546,1.4321198506293122,4.9999999999999964,3.907985046680551e-15,3.4015884990590365e-05,1.7007942500215075e-05,6.803176999758032e-05,189,0.0002006586252973723,-5.941877476822732e-05,0.0,0.0,5.0
38.60000000000028,491.6215304760612,-301.47546169837824,1.432126653806312,4.9999999999999964,3.907985046680551e-15,2.6563421948843246e-05,1.3281710976764567e-05,5.312684390549628e-05,190,0.00017945320913798773,-5.26155977647047e-05,-6.048495038157853e-13,-1.512123759539461e-11,5.0
38.70000000000028,491.6906367391799,-300.98026040153246,1.4321319664907026,4.9999999999999964,3.907985046680551e-15,2.6992959831358554e-05,1.3496479918137727e-05,5.398591967091191e-05,190,0.00015978626576864177,-4.730291337406989e-05,-6.048495038157853e-13,-1.512123759539461e-11,5.0
38.80000000000028,491.75974026509556,-300.4850587227126,1.4321373650826696,4.9999999999999964,3.907985046680551e-15,2.123169014515324e-05,1.0615845073772984e-05,4.2463380294294336e-05,191,0.00014288304858726952,-4.190432020112489e-05,-9.067968598230891e-12,-2.2669921495577197e-10,5.0
38.90000000000028,491.82884254411437,-299.9898568698946,1.432141611420699,4.9999999999999964,3.907985046680551e-15,2.1423725649035246e-05,1.0711862825746746e-05,4.284745130216754e-05,191,0.000127238811039182,-3.7657982171701576e-05,-9.067968598230891e-12,-2.2669921495577197e-10,5.0
39.000000000000284,491.8979426727899,-299.49465471701455,1.4321458961658293,4.9999999999999964,3.907985046680551e-15,1.6966391451726763e-05,8.483195726473872e-06,3.393278290548847e-05,192,0.00011376574618217339,-3.337322011143229e-05,-1.63149493914716e-11,-4.0787373478678944e-10,5.0
39.100000000000286,491.96704178329105,-298.9994524220603,1.43214928944412,4.9999999999999964,3.907985046680551e-15,1.7006376712863045e-05,8.503188357046338e-06,3.4012753427775456e-05,192,0.00010132073396440164,-2.9979941820856837e-05,-1.63149493914716e-11,-4.0787373478678944e-10,5.0
39.20000000000029,492.0361392035322,-298.504249891255,1.4321526907194626,4.9999999999999964,3.907985046680551e-15,1.3555238632255613e-05,6.777619316439144e-06,2.7110477265549e-05,193,9.058236703490818e-05,-2.6578650778263935e-05,-7.835843085501892e-12,-1.9589607713754702e-10,5.0
39.30000000000029,492.1052357939592,-298.00904724466335,1.4321554017671891,4.9999999999999964,3.907985046680551e-15,1.3501960429012148e-05,6.750980214813755e-06,2.700392085904988e-05,193,8.068185131376512e-05,-2.3867603051730413e-05,-7.835843085501892e-12,-1.9589607713754702e-10,5.0
39.40000000000029,492.1743310550597,-297.51384441259,1.432158102159275,4.9999999999999964,3.907985046680551e-15,1.082787491517807e-05,5.4139374577477215e-06,2.165574983088508e-05,194,7.21235398806197e-05,-2.116721099398866e-05,1.9984014443252818e-15,4.9960036108131975e-14,5.0
39.50000000000029,492.24342564102574,-297.01864148631614,1.4321602677342582,4.9999999999999964,3.907985046680551e-15,1.0721274379679121e-05,5.360637189993607e-06,2.1442548759871717e-05,194,6.424690311734871e-05,-1.9001636010873568e-05,1.9984014443252818e-15,4.9960036108131975e-14,5.0
39.60000000000029,492.31251918098695,-296.52343841409663,1.432162411989134,4.9999999999999964,3.907985046680551e-15,8.64766895957169e-06,4.323834479866681e-06,1.7295337919412825e-05,195,5.742640372635721e-05,-1.6857381110790826e-05,-1.2101430968414206e-14,-3.025357742103547e-13,5.0
39.700000000000294,492.38161217253446,-296.0282352653596,1.432164141522926,4.9999999999999964,3.907985046680551e-15,8.514478433971907e-06,4.257239217063112e-06,1.7028956868200997e-05,195,5.115963039286145e-05,-1.5127847318829879e-05,-1.2101430968414206e-14,-3.025357742103547e-13,5.0
39.800000000000296,492.4507043405894,-295.5330320017259,1.432165844418613,4.9999999999999964,3.907985046680551e-15,6.905277978008077e-06,3.452638989045196e-06,1.3810555956153337e-05,196,4.5724326395310544e-05,-1.3424951631924031e-05,1.2101430968414206e-14,3.025357742103547e-13,5.0
39.9000000000003,492.51979606380553,-295.03782867602723,1.4321672254742086,4.9999999999999964,3.907985046680551e-15,6.762833099356638e-06,3.381416549716982e-06,1.3525666198842145e-05,196,4.073817009543623e-05,-1.2043896036262325e-05,1.2101430968414206e-14,3.025357742103547e-13,5.0
40.0000000000003,492.58888713838786,-294.54262525983034,1.4321685780408284,4.9999999999999964,3.907985046680551e-15,5.51307491109082e-06,2.7565374555663557e-06,1.1026149822251452e-05,197,3.6406930334936805e-05,-1.0691329440648545e-05,0.0,0.0,5.0
40.1000000000003,492.6579778526168,-294.0474217933569,1.4321696806558106,4.9999999999999964,3.907985046680551e-15,5.372239324633995e-06,2.6861196623363783e-06,1.0744478649332586e-05,197,3.2439534369960166e-05,-9.588714458441672e-06,0.0,0.0,5.0
40.2000000000003,492.7270680556981,-293.55221825556845,1.4321707551036755,4.9999999999999964,3.907985046680551e-15,4.400898034927286e-06,2.2004490174742973e-06,8.801796069890083e-06,198,2.8988236943652823e-05,-8.514266569337181e-06,-1.2101430968414206e-14,-3.025357742103547e-13,5.0
40.3000000000003,492.7961579672148,-293.05701467710134,1.4321716352832825,4.9999999999999964,3.907985046680551e-15,4.2681071689982245e-06,2.1340535845088307e-06,8.53621433802884e-06,198,2.5831328196227604e-05,-7.634086962360342e-06,-1.2101430968414206e-14,-3.025357742103547e-13,5.0
40.400000000000304,492.86524747574265,-292.5618110424101,1.4321724889047163,4.9999999999999964,3.907985046680551e-15,3.5125884264250803e-06,1.7562942132179576e-06,7.025176852868213e-06,199,2.3081311561805318e-05,-6.780465528599677e-06,1.2101430968414206e-14,3.025357742103547e-13,5.0
40.500000000000306,492.9343367486219,-292.0666073748419,1.4321731914224016,4.9999999999999964,3.907985046680551e-15,3.3912976187828084e-06,1.6956488093962795e-06,6.782595237581864e-06,199,2.056922589803445e-05,-6.07794784324156e-06,1.2101430968414206e-14,3.025357742103547e-13,5.0
40.60000000000031,493.0034257036436,-291.5714036629273,1.4321738696819253,4.9999999999999964,3.907985046680551e-15,2.803208078283155e-06,1.401604039144331e-06,5.606416156575485e-06,200,1.8378076379707564e-05,-5.399688343787901e-06,-1.9984014443252818e-15,-4.9960036108131975e-14,5.0
40.70000000000031,493.0725144684007,-291.07619992446774,1.4321744303235409,4.9999999999999964,3.907985046680551e-15,2.6949119835267454e-06,1.3474559917658191e-06,5.389823967061642e-06,200,1.6379034251109287e-05,-4.839046728211116e-06,-1.9984014443252818e-15,-4.9960036108131975e-14,5.0
40.80000000000031,493.1416029823403,-290.5809961510152,1.4321749693059376,4.9999999999999964,3.907985046680551e-15,2.236808802023738e-06,1.1184044010132679e-06,4.4736176040521355e-06,201,1.4633238875738641e-05,-4.300064303297546e-06,-1.2101430968414206e-14,-3.025357742103547e-13,5.0
40.90000000000031,493.210691342801,-290.08579235615,1.4321754166676979,4.9999999999999964,3.907985046680551e-15,2.1417508749744143e-06,1.0708754374884351e-06,4.283501749952919e-06,201,1.3042408955582507e-05,-3.852702542994635e-06,-1.2101430968414206e-14,-3.025357742103547e-13,5.0
41.00000000000031,493.279779505263,-289.5905885336611,1.4321758450178728,4.9999999999999964,3.907985046680551e-15,1.7846419104526654e-06,8.923209552270433e-07,3.5692838209076966e-06,202,1.165149544022498e-05,-3.424352372105588e-06,1.5987211554602254e-14,3.996802888650558e-13,5.0
41.100000000000314,493.34886754402515,-289.0953846939143,1.432176201946255,4.9999999999999964,3.907985046680551e-15,1.7023023201543804e-06,8.511511600778068e-07,3.404604640310814e-06,202,1.0385479758425603e-05,-3.0674239899219913e-06,1.5987211554602254e-14,3.996802888650558e-13,5.0
41.200000000000315,493.4179554264225,-288.60018083235235,1.432176542406719,4.9999999999999964,3.907985046680551e-15,1.423721047048899e-06,7.118605235248102e-07,2.847442094098999e-06,203,9.277343303963625e-06,-2.7269635538562653e-06,-1.9984014443252818e-15,-4.9960036108131975e-14,5.0
41.30000000000032,493.4870432091998,-288.104976956892,1.4321768271509283,4.9999999999999964,3.907985046680551e-15,1.3531490146647645e-06,6.76574507332692e-07,2.7062980293305595e-06,203,8.269791774775936e-06,-2.4422193445339246e-06,-1.9984014443252818e-15,-4.9960036108131975e-14,5.0
41.40000000000032,493.55613086844437,-287.6097730641972,1.4321770977807313,4.9999999999999964,3.907985046680551e-15,1.1356723232885736e-06,5.6783616164447e-07,2.271344646577756e-06,204,7.386969349973405e-06,-2.1715895095475446e-06,-1.3988810110276972e-14,-3.497202527569238e-13,5.0
41.50000000000032,493.62521844751967,-287.11456916031767,1.432177324915196,4.9999999999999964,3.907985046680551e-15,1.0757061860083699e-06,5.378530930043405e-07,2.151412372017257e-06,204,6.58509268950877e-06,-1.9444550449776443e-06,-1.3988810110276972e-14,-3.497202527569238e-13,5.0
41.60000000000032,493.69430592896487,-286.6193652428175,1.4321775400564332,4.9999999999999964,3.907985046680551e-15,9.058125201402785e-07,4.5290626007023214e-07,1.8116250402808653e-06,205,5.881791714040796e-06,-1.7293138117047135e-06,1.5987211554602254e-14,3.996802888650558e-13,5.0
41.70000000000032,493.76339334593723,-286.12416131632244,1.4321777212189373,4.9999999999999964,3.907985046680551e-15,8.552218427793473e-07,4.276109213897518e-07,1.7104436855589542e-06,205,5.243587964220975e-06,-1.5481513075954467e-06,1.5987211554602254e-14,3.996802888650558e-13,5.0
41.800000000000324,493.83248068572357,-285.628957379059,1.4321778922633057,4.9999999999999964,3.907985046680551e-15,7.224087474480391e-07,3.6120437372406665e-07,1.4448174948962342e-06,206,4.683317767512074e-06,-1.3771069671264513e-06,-1.9984014443252818e-15,-4.9960036108131975e-14,5.0
41.900000000000325,493.90156797369286,-285.13375343456636,1.4321780367450552,4.9999999999999964,3.907985046680551e-15,6.799846925573145e-07,3.399923462786966e-07,1.3599693851147593e-06,206,4.175366471251274e-06,-1.232625217673089e-06,-1.9984014443252818e-15,-4.9960036108131975e-14,5.0
42.00000000000033,493.9706552006185,-284.6385494815574,1.4321781727419938,4.9999999999999964,3.907985046680551e-15,5.760886694984932e-07,2.8804433474927055e-07,1.1521773389970653e-06,207,3.7290500067010957e-06,-1.0966282470992184e-06,-1.5987211554602254e-14,-3.996802888650558e-13,5.0
42.10000000000033,494.0397423859228,-284.1433455227417,1.4321782879597276,4.9999999999999964,3.907985046680551e-15,5.406957160029095e-07,2.7034785800147457e-07,1.0813914320058843e-06,207,3.324758047949794e-06,-9.814105133010287e-07,-1.5987211554602254e-14,-3.996802888650558e-13,5.0
42.20000000000033,494.1088295229342,-283.6481415571885,1.4321783960988708,4.9999999999999964,3.907985046680551e-15,4.593670485106774e-07,2.296835242553508e-07,9.187340970213945e-07,208,2.969226752878862e-06,-8.732713701053996e-07,1.5987211554602254e-14,3.996802888650558e-13,5.0
42.30000000000033,494.1779166265317,-283.15293758697374,1.4321784879722805,4.9999999999999964,3.907985046680551e-15,4.2997019817316404e-07,2.1498509908659197e-07,8.599403963463607e-07,208,2.6474328494903443e-06,-7.81397960336605e-07,1.5987211554602254e-14,3.996802888650558e-13,5.0
42.40000000000033,494.2470036919119,-282.65773361142715,1.4321785739663202,4.9999999999999964,3.907985046680551e-15,3.6626570746342496e-07,1.8313285373171862e-07,7.325314149268698e-07,209,2.3642264291787174e-06,-6.954039526441136e-07,1.9984014443252818e-15,4.9960036108131975e-14,5.0
42.500000000000334,494.3160907304809,-282.16252963214004,1.4321786472194618,4.9999999999999964,3.907985046680551e-15,3.4194310495953876e-07,1.7097155247977438e-07,6.838862099190937e-07,209,2.1080908997848924e-06,-6.221508110915153e-07,1.9984014443252818e-15,4.9960036108131975e-14,5.0
42.600000000000335,494.3851777387969,-281.6673256486323,1.4321787156080827,4.9999999999999964,3.907985046680551e-15,2.9201173941145307e-07,1.4600586970572966e-07,5.840234788229161e-07,210,1.8825012694859145e-06,-5.537621621254374e-07,-1.5987211554602254e-14,-3.996802888650558e-13,5.0
42.70000000000034,494.4542647256098,-281.1721216621246,1.4321787740104306,4.9999999999999964,3.907985046680551e-15,2.719555764356628e-07,1.3597778821783395e-07,5.439111528713338e-07,210,1.678623109447469e-06,-4.953598142787285e-07,-1.5987211554602254e-14,-3.996802888650558e-13,5.0
42.80000000000034,494.5233516884675,-280.67691767227484,1.432178828401546,4.9999999999999964,3.907985046680551e-15,2.3279547963927414e-07,1.1639773981963865e-07,4.655909592785532e-07,211,1.49893211055796e-06,-4.4096869489251844e-07,1.3988810110276972e-14,3.497202527569238e-13,5.0
42.90000000000034,494.59243863408665,-280.1817136800201,1.432178874960642,4.9999999999999964,3.907985046680551e-15,2.1630620316485384e-07,1.0815310158242818e-07,4.326124063297116e-07,211,1.3366466559104617e-06,-3.944095989805163e-07,1.3988810110276972e-14,3.497202527569238e-13,5.0
43.00000000000034,494.66152556073234,-279.6865096851183,1.4321789182218825,4.9999999999999964,3.907985046680551e-15,1.8557529854196063e-07,9.278764927098111e-08,3.7115059708392363e-07,212,1.1935183656525128e-06,-3.5114839036509693e-07,1.9984014443252818e-15,4.9960036108131975e-14,5.0
43.10000000000034,494.7306124735639,-279.19130568828933,1.4321789553369422,4.9999999999999964,3.907985046680551e-15,1.7205433090747504e-07,8.602716545373816e-08,3.44108661814952e-07,212,1.0643380058510121e-06,-3.140333306728138e-07,1.9984014443252818e-15,4.9960036108131975e-14,5.0
43.200000000000344,494.7996993713638,-278.6961016893632,1.4321789897478083,4.9999999999999964,3.907985046680551e-15,1.479238466387983e-07,7.396192331939956e-08,2.958476932775977e-07,213,9.503348889078334e-07,-2.7962243653867347e-07,-1.5987211554602254e-14,-3.996802888650558e-13,5.0
43.300000000000345,494.868786258098,-278.20089768889335,1.4321790193325776,4.9999999999999964,3.907985046680551e-15,1.3686321508761776e-07,6.84316075438092e-08,2.737264301752364e-07,213,8.475046165898337e-07,-2.5003766723763476e-07,-1.5987211554602254e-14,-3.996802888650558e-13,5.0
43.40000000000035,494.93787313292034,-277.7056936867616,1.4321790467052207,4.9999999999999964,3.907985046680551e-15,1.1790481065003235e-07,5.895240532501637e-08,2.358096213000652e-07,214,7.567016231044277e-07,-2.2266502019974155e-07,1.3988810110276972e-14,3.497202527569238e-13,5.0
43.50000000000035,495.00695999888177,-277.2104896833937,1.4321790702861827,4.9999999999999964,3.907985046680551e-15,1.0887562296439403e-07,5.443781148219718e-08,2.1775124592878848e-07,214,6.74845336452734e-07,-1.990840581278519e-07,1.3988810110276972e-14,3.497202527569238e-13,5.0
43.60000000000035,495.0760468554015,-276.71528567870854,1.4321790920613073,4.9999999999999964,3.907985046680551e-15,9.397251750044362e-08,4.6986258750221916e-08,1.8794503500088745e-07,215,6.025221679223369e-07,-1.773089655099369e-07,1.9984014443252818e-15,4.9960036108131975e-14,5.0
43.70000000000035,495.14513370482814,-276.2200816730338,1.4321791108558108,4.9999999999999964,3.907985046680551e-15,8.661567758207585e-08,4.3307838791038e-08,1.7323135516415185e-07,215,5.373607898477573e-07,-1.5851446200088048e-07,1.9984014443252818e-15,4.9960036108131975e-14,5.0
43.80000000000035,495.2142205467692,-275.72487766631474,1.4321791281789464,4.9999999999999964,3.907985046680551e-15,7.489382501737813e-08,3.744691250868912e-08,1.4978765003475635e-07,216,4.797574901238555e-07,-1.4119129843059852e-07,-1.5987211554602254e-14,-3.996802888650558e-13,5.0
43.900000000000354,495.2833073830341,-275.2296736588038,1.4321791431577113,4.9999999999999964,3.907985046680551e-15,6.891016683799874e-08,3.445508341899941e-08,1.3782033367599753e-07,216,4.278852912716069e-07,-1.26212533535508e-07,-1.5987211554602254e-14,-3.996802888650558e-13,5.0
44.000000000000355,495.3523942133631,-274.7344696504647,1.4321791569397446,4.9999999999999964,3.907985046680551e-15,5.968586630023023e-08,2.984293315011514e-08,1.1937173260046046e-07,217,3.820066016291257e-07,-1.1243049624631851e-07,1.2101430968414206e-14,3.025357742103547e-13,5.0
44.10000000000036,495.4214810391511,-274.23926564149207,1.4321791688769179,4.9999999999999964,3.907985046680551e-15,5.4826370576269134e-08,2.7413185288134584e-08,1.0965274115253826e-07,217,3.407127990226466e-07,-1.004933229964422e-07,1.2101430968414206e-14,3.025357742103547e-13,5.0
44.20000000000036,495.490567860231,-273.7440616318626,1.432179179842192,4.9999999999999964,3.907985046680551e-15,4.75638197236548e-08,2.3781909861827415e-08,9.512763944730958e-08,218,3.041726878288964e-07,-8.95280771739948e-08,1.9984014443252818e-15,4.9960036108131975e-14,5.0
44.30000000000036,495.5596546776791,-273.2488576217265,1.4321791893549558,4.9999999999999964,3.907985046680551e-15,4.362285144334642e-08,2.181142572167322e-08,8.724570288669283e-08,218,2.7129959608712673e-07,-8.001531326407019e-08,1.9984014443252818e-15,4.9960036108131975e-14,5.0
44.40000000000036,495.6287414913922,-272.7536536110693,1.4321791980795262,4.9999999999999964,3.907985046680551e-15,3.7901877782455375e-08,1.8950938891227694e-08,7.580375556491072e-08,219,2.4219761549787444e-07,-7.129071866174286e-08,-1.2101430968414206e-14,-3.025357742103547e-13,5.0
44.50000000000036,495.69782830220134,-272.258449600007,1.4321792056599019,4.9999999999999964,3.907985046680551e-15,3.47101478342321e-08,1.7355073917116052e-08,6.942029566846417e-08,219,2.1602773844081602e-07,-6.371034300123313e-08,-1.2101430968414206e-14,-3.025357742103547e-13,5.0
44.600000000000364,495.76691511004697,-271.7632455885312,1.4321792126019315,4.9999999999999964,3.907985046680551e-15,3.0201565250424396e-08,1.5100782625212198e-08,6.040313050084875e-08,220,1.9285012308606353e-07,-5.676831338341515e-08,1.2101430968414206e-14,3.025357742103547e-13,5.0
44.700000000000365,495.8360019155712,-271.2680415767316,1.4321792186422446,4.9999999999999964,3.907985046680551e-15,2.761947873335665e-08,1.3809739366678328e-08,5.5238957466713267e-08,220,1.7201633415939166e-07,-5.072800024485957e-08,1.2101430968414206e-14,3.025357742103547e-13,5.0
44.80000000000037,495.90508871874357,-270.77283756460383,1.4321792241661404,4.9999999999999964,3.907985046680551e-15,2.4064672752904934e-08,1.2032336376452469e-08,4.8129345505809835e-08,221,1.5355721000309686e-07,-4.520412866249046e-08,0.0,0.0,5.0
44.90000000000037,495.97417552006067,-270.27763355221725,1.432179228979075,4.9999999999999964,3.907985046680551e-15,2.1978100061398204e-08,1.0989050030699104e-08,4.395620012279638e-08,221,1.3697130912121436e-07,-4.03911941670998e-08,0.0,0.0,5.0
45.00000000000037,496.04326231951103,-269.7824295395702,1.432179233374695,4.9999999999999964,3.907985046680551e-15,1.917394223163005e-08,9.586971115815027e-09,3.834788446326008e-08,222,1.2227021953942208e-07,-3.5995549874101584e-08,-1.2101430968414206e-14,-3.025357742103547e-13,5.0
45.10000000000037,496.11234911747897,-269.2872255267164,1.4321792372094835,4.9999999999999964,3.907985046680551e-15,1.748962822475032e-08,8.744814112375161e-09,3.497925644950062e-08,222,1.0906592514195457e-07,-3.216076138734536e-08,-1.2101430968414206e-14,-3.025357742103547e-13,5.0
45.20000000000037,496.18143591396495,-268.7920215136558,1.4321792407074092,4.9999999999999964,3.907985046680551e-15,1.5276771338625166e-08,7.638385669312583e-09,3.055354267725031e-08,223,9.735797078941344e-08,-2.8662835660497876e-08,-1.9984014443252818e-15,-4.9960036108131975e-14,5.0
45.300000000000374,496.25052270926665,-268.29681750043,1.4321792437627634,4.9999999999999964,3.907985046680551e-15,1.3918250995150197e-08,6.9591254975751e-09,2.7836501990300377e-08,223,8.684574070993989e-08,-2.5607481468625792e-08,-1.9984014443252818e-15,-4.9960036108131975e-14,5.0
45.400000000000375,496.3196095033917,-267.80161348704,1.4321792465464136,4.9999999999999964,3.907985046680551e-15,1.2171281256388258e-08,6.085640628194129e-09,2.43425625127765e-08,224,7.752154037449221e-08,-2.2823827272588915e-08,-1.9984014443252818e-15,-4.9960036108131975e-14,5.0
45.50000000000038,496.3886962965708,-267.3064094735181,1.43217924898067,4.9999999999999964,3.907985046680551e-15,1.1076477585231067e-08,5.538238792615533e-09,2.215295517046212e-08,224,6.915245540778381e-08,-2.038957092054261e-08,-1.9984014443252818e-15,-4.9960036108131975e-14,5.0
45.60000000000038,496.4577830888155,-266.81120545986585,1.4321792511959655,4.9999999999999964,3.907985046680551e-15,9.696809231690086e-09,4.848404615845043e-09,1.939361846338016e-08,225,6.172683787719624e-08,-1.8174275417948138e-08,1.5987211554602254e-14,3.996802888650558e-13,5.0
45.70000000000038,496.52686988030484,-266.31600144610815,1.4321792531353272,4.9999999999999964,3.907985046680551e-15,8.8151770667911e-09,4.40758853339555e-09,1.7630354133582188e-08,225,5.5063908321884014e-08,-1.6234913635670978e-08,1.5987211554602254e-14,3.996802888650558e-13,5.0
45.80000000000038,496.5959566710521,-265.82079743224693,1.4321792548983627,4.9999999999999964,3.907985046680551e-15,7.725200391105025e-09,3.8626001955525124e-09,1.545040078221004e-08,226,4.915023803925278e-08,-1.4471910114721709e-08,1.9984014443252818e-15,4.9960036108131975e-14,5.0
45.90000000000038,496.66504346119615,-265.3255934183016,1.4321792564434028,4.9999999999999964,3.907985046680551e-15,7.015732465323696e-09,3.5078662326618484e-09,1.4031464930647382e-08,226,4.384557210357354e-08,-1.2926870018858949e-08,1.9984014443252818e-15,4.9960036108131975e-14,5.0
46.000000000000384,496.73413025075075,-264.830389404274,1.4321792578465493,4.9999999999999964,3.907985046680551e-15,6.154089899188382e-09,3.0770449495941913e-09,1.2308179798376755e-08,227,3.91360687815312e-08,-1.1523695553350422e-08,-1.5987211554602254e-14,-3.996802888650558e-13,5.0
46.100000000000385,496.8032170398239,-264.3351853901792,1.4321792590773672,4.9999999999999964,3.907985046680551e-15,5.5838075133325505e-09,2.7919037566662752e-09,1.1167615026665094e-08,227,3.491272335814921e-08,-1.0292877661299826e-08,-1.5987211554602254e-14,-3.996802888650558e-13,5.0
46.20000000000039,496.8723038284287,-263.8399813760191,1.4321792601941288,4.9999999999999964,3.907985046680551e-15,4.902605474451065e-09,2.4513027372255326e-09,9.805210948902124e-09,228,3.116227381694259e-08,-9.176112092390554e-09,1.3988810110276972e-14,3.497202527569238e-13,5.0
46.30000000000039,496.94139061664913,-263.3447773618054,1.4321792611746498,4.9999999999999964,3.907985046680551e-15,4.444182575473106e-09,2.222091287736553e-09,8.888365150946205e-09,228,2.7799890466029265e-08,-8.195591094661836e-09,1.3988810110276972e-14,3.497202527569238e-13,5.0
46.40000000000039,497.0104774044975,-262.8495733475398,1.4321792620634863,4.9999999999999964,3.907985046680551e-15,3.9054991530505515e-09,1.9527495765252757e-09,7.810998306101098e-09,229,2.481314143737423e-08,-7.306786509175822e-09,1.9984014443252818e-15,4.9960036108131975e-14,5.0
46.50000000000039,497.07956419203913,-262.3543693332314,1.4321792628445862,4.9999999999999964,3.907985046680551e-15,3.537233521900146e-09,1.7686167609500729e-09,7.074467043800287e-09,229,2.21361401535336e-08,-6.525686657710139e-09,1.9984014443252818e-15,4.9960036108131975e-14,5.0
46.60000000000039,497.14865097928515,-261.8591653188817,1.432179263552033,4.9999999999999964,3.907985046680551e-15,3.11092832647122e-09,1.55546416323561e-09,6.221856652942436e-09,230,1.9757576984191783e-08,-5.818211912256288e-09,-1.5987211554602254e-14,-3.996802888650558e-13,5.0
46.700000000000394,497.2177377662864,-261.3639613044979,1.4321792641742186,4.9999999999999964,3.907985046680551e-15,2.815499708309569e-09,1.4077498541547845e-09,5.630999416619134e-09,230,1.762618277029171e-08,-5.196026275910981e-09,-1.5987211554602254e-14,-3.996802888650558e-13,5.0
46.800000000000395,497.28682455305267,-260.8687572900813,1.4321792647373186,4.9999999999999964,3.907985046680551e-15,2.4781675088139498e-09,1.2390837544069749e-09,4.956335017627896e-09,231,1.5732079923502784e-08,-4.632922268044126e-09,1.3988810110276972e-14,3.497202527569238e-13,5.0
46.9000000000004,497.3559113396236,-260.37355327563745,1.4321792652329521,4.9999999999999964,3.907985046680551e-15,2.241021740932758e-09,1.120510870466379e-09,4.4820434818655125e-09,231,1.4035159003750186e-08,-4.1372887338297915e-09,1.3988810110276972e-14,3.497202527569238e-13,5.0
47.0000000000004,497.42499812600784,-259.87834926116756,1.4321792656811565,4.9999999999999964,3.907985046680551e-15,1.9740466794567916e-09,9.870233397283958e-10,3.948093358913581e-09,232,1.2526758803865778e-08,-3.6891163457397624e-09,1.9984014443252818e-15,4.9960036108131975e-14,5.0
47.1000000000004,497.4940849122362,-259.3831452466759,1.4321792660759658,4.9999999999999964,3.907985046680551e-15,1.783774309659054e-09,8.91887154829527e-10,3.5675486193181056e-09,232,1.1175736464724695e-08,-3.2943070493729465e-09,1.9984014443252818e-15,4.9960036108131975e-14,5.0
47.2000000000004,497.5631716983162,-258.88794123216354,1.4321792664327206,4.9999999999999964,3.907985046680551e-15,1.5722559492255257e-09,7.861279746127629e-10,3.1445118984510494e-09,233,9.974496714693082e-09,-2.9375242238671717e-09,-1.5987211554602254e-14,-3.996802888650558e-13,5.0
47.3000000000004,497.63225848427186,-258.39273721763385,1.4321792667471718,4.9999999999999964,3.907985046680551e-15,1.419903079455346e-09,7.09951539727673e-10,2.8398061589106898e-09,233,8.898805223950257e-09,-2.6230730920673295e-09,-1.5987211554602254e-14,-3.996802888650558e-13,5.0
47.400000000000404,497.7013452701095,-257.89753320308773,1.4321792670311524,4.9999999999999964,3.907985046680551e-15,1.2524272719477945e-09,6.262136359738972e-10,2.5048545438955873e-09,234,7.942289270701508e-09,-2.339088478464646e-09,1.3100631690576847e-14,3.275157922644207e-13,5.0
47.500000000000405,497.77043205584806,-257.40232918852774,1.4321792672816378,4.9999999999999964,3.907985046680551e-15,1.1302523444078014e-09,5.651261722039007e-10,2.2605046888156012e-09,234,7.085845132870361e-09,-2.088603068273187e-09,1.3100631690576847e-14,3.275157922644207e-13,5.0
47.600000000000406,497.8395188414928,-256.9071251739547,1.4321792675076883,4.9999999999999964,3.907985046680551e-15,9.976325651332896e-10,4.988162825666448e-10,1.995265130266578e-09,235,6.324082750530646e-09,-1.862582754696973e-09,1.9984014443252818e-15,4.9960036108131975e-14,5.0
47.70000000000041,497.9086056270584,-256.4119211593706,1.432179267707215,4.9999999999999964,3.907985046680551e-15,8.996793455864428e-10,4.498396727932214e-10,1.7993586911728844e-09,235,5.6422127733823935e-09,-1.663056137246599e-09,1.9984014443252818e-15,4.9960036108131975e-14,5.0
47.80000000000041,497.9776924125495,-255.9167171447761,1.4321792678871508,4.9999999999999964,3.907985046680551e-15,7.944726247168078e-10,3.972363123584039e-10,1.5889452494336147e-09,236,5.035575269263237e-09,-1.4830940919807745e-09,-1.4099832412739488e-14,-3.524958103184867e-13,5.0
47.90000000000041,498.0467791979775,-255.4215131301728,1.4321792680460452,4.9999999999999964,3.907985046680551e-15,7.161864914762985e-10,3.5809324573814923e-10,1.4323729829525959e-09,236,4.492671030337236e-09,-1.3241996388302368e-09,-1.4099832412739488e-14,-3.524958103184867e-13,5.0
48.00000000000041,498.1158659833462,-254.92630911556122,1.4321792681892824,4.9999999999999964,3.907985046680551e-15,6.328778744554089e-10,3.1643893722770446e-10,1.265755748910817e-09,237,4.009656058567845e-09,-1.1809604405499385e-09,1.3100631690576847e-14,3.275157922644207e-13,5.0
48.10000000000041,498.18495276866463,-254.43110510094263,1.432179268315858,4.9999999999999964,3.907985046680551e-15,5.701011191231047e-10,2.8505055956155237e-10,1.1402022382462087e-09,237,3.5774084979067755e-09,-1.0543848016908441e-09,1.3100631690576847e-14,3.275157922644207e-13,5.0
48.200000000000415,498.2540395539359,-253.93590108631747,1.4321792684298782,4.9999999999999964,3.907985046680551e-15,5.041182262405817e-10,2.5205911312029083e-10,1.0082364524811627e-09,238,3.1927238144935366e-09,-9.403928746820611e-10,0.0,0.0,5.0
48.300000000000416,498.32312633916706,-253.4406970716867,1.4321792685307018,4.9999999999999964,3.907985046680551e-15,4.5382352695832785e-10,2.269117634791639e-10,9.076470539166551e-10,238,2.848560668594624e-09,-8.395693029683571e-10,0.0,0.0,5.0
48.40000000000042,498.39221312436075,-252.94549305705073,1.4321792686214665,4.9999999999999964,3.907985046680551e-15,4.0137322791955323e-10,2.006866139597766e-10,8.027464558391059e-10,239,2.5422080968118266e-09,-7.487763742375364e-10,-1.4099832412739488e-14,-3.524958103184867e-13,5.0
48.50000000000042,498.4612999095225,-252.45028904241028,1.4321792687017412,4.9999999999999964,3.907985046680551e-15,3.613220244701697e-10,1.8066101223508485e-10,7.226440489403389e-10,239,2.2681382709499598e-09,-6.685016984420145e-10,-1.4099832412739488e-14,-3.524958103184867e-13,5.0
48.60000000000042,498.5303866946544,-251.95508502776568,1.4321792687740056,4.9999999999999964,3.907985046680551e-15,3.1978725039447906e-10,1.5989362519723953e-10,6.395745007889577e-10,240,2.0242285278526673e-09,-5.96237281769163e-10,1.4099832412739488e-14,3.524958103184867e-13,5.0
48.70000000000042,498.5994734797608,-251.4598810131175,1.432179268837963,4.9999999999999964,3.907985046680551e-15,2.8761334773339746e-10,1.4380667386669873e-10,5.752266954667945e-10,240,1.8060613074522003e-09,-5.322797758111619e-10,1.4099832412739488e-14,3.524958103184867e-13,5.0
48.80000000000042,498.66856026484345,-250.96467699846602,1.4321792688954857,4.9999999999999964,3.907985046680551e-15,2.5472434226938906e-10,1.2736217113469453e-10,5.094486845387778e-10,241,1.611806570156471e-09,-4.747853221687137e-10,0.0,0.0,5.0
48.900000000000425,498.7376470499058,-250.4694729838117,1.4321792689464306,4.9999999999999964,3.907985046680551e-15,2.2894386034759398e-10,1.1447193017379699e-10,4.5788772069518765e-10,241,1.43810461455951e-09,-4.2384051823773916e-10,0.0,0.0,5.0
49.000000000000426,498.8067338349493,-249.97426896915476,1.4321792689922193,4.9999999999999964,3.907985046680551e-15,2.02739090538549e-10,1.0136954526927452e-10,4.0547818107709777e-10,242,1.2833900400743836e-09,-3.780236124129033e-10,-1.3100631690576847e-14,-3.275157922644207e-13,5.0
49.10000000000043,498.8758206199766,-249.47906495449556,1.432179269032767,4.9999999999999964,3.907985046680551e-15,1.822905493874416e-10,9.11452746937208e-11,3.6458109877488294e-10,242,1.1450573197957503e-09,-3.374758250629384e-10,-1.3100631690576847e-14,-3.275157922644207e-13,5.0
49.20000000000043,498.9449074049889,-248.98386093983427,1.4321792690692252,4.9999999999999964,3.907985046680551e-15,1.6158426918191868e-10,8.079213459095934e-11,3.2316853836383715e-10,243,1.02190098744126e-09,-3.0101965364792704e-10,1.4099832412739488e-14,3.524958103184867e-13,5.0
49.30000000000043,499.01399418998824,-248.48865692517117,1.432179269101542,4.9999999999999964,3.907985046680551e-15,1.450876573990232e-10,7.25438286995116e-11,2.9017531479804617e-10,243,9.118039899502772e-10,-2.6870283775792814e-10,1.4099832412739488e-14,3.524958103184867e-13,5.0
49.40000000000043,499.0830809749757,-247.99345291050642,1.4321792691305595,4.9999999999999964,3.907985046680551e-15,1.287299470169896e-10,6.43649735084948e-11,2.5745989403397904e-10,244,8.136829196536688e-10,-2.397115839158914e-10,-9.992007221626409e-16,-2.4980018054065987e-14,5.0
49.50000000000043,499.1521677599528,-247.49824889584022,1.4321792691563056,4.9999999999999964,3.907985046680551e-15,1.1548792963374744e-10,5.774396481687372e-11,2.3097585926749473e-10,244,7.260134646247529e-10,-2.1396551197483404e-10,-9.992007221626409e-16,-2.4980018054065987e-14,5.0
49.600000000000435,499.22125454492044,-247.00304488117268,1.432179269179403,4.9999999999999964,3.907985046680551e-15,1.0235314168832949e-10,5.1176570844164746e-11,2.0470628337665885e-10,245,6.47921778729188e-10,-1.9083978841649696e-10,-1.4099832412739488e-14,-3.524958103184867e-13,5.0
49.700000000000436,499.2903413298799,-246.507840866504,1.4321792691998738,4.9999999999999964,3.907985046680551e-15,9.195867402979275e-11,4.5979337014896377e-11,1.8391734805958538e-10,245,5.78116818306107e-10,-1.7036905219924847e-10,-1.4099832412739488e-14,-3.524958103184867e-13,5.0
49.80000000000044,499.35942811483176,-246.0126368518343,1.4321792692182655,4.9999999999999964,3.907985046680551e-15,8.161693332660048e-11,4.080846666330024e-11,1.6323386665320086e-10,246,5.15971057546416e-10,-1.5197731961791305e-10,1.4099832412739488e-14,3.524958103184867e-13,5.0
49.90000000000044,499.4285148997771,-245.51743283716365,1.432179269234589,4.9999999999999964,3.907985046680551e-15,7.319834364423647e-11,3.6599171822118236e-11,1.4639668728847284e-10,246,4.6039900711281057e-10,-1.356539325314543e-10,1.4099832412739488e-14,3.524958103184867e-13,5.0
50.00000000000044,499.49760168471647,-245.0222288224922,1.4321792692492286,4.9999999999999964,3.907985046680551e-15,6.505946412798201e-11,3.2529732063991006e-11,1.3011892825596395e-10,247,4.108366841171218e-10,-1.2104250934896754e-10,0.0,0.0,5.0
50.10000000000044,499.5666884696506,-244.52702480782,1.4321792692622404,4.9999999999999964,3.907985046680551e-15,5.828288850982865e-11,2.9141444254914326e-11,1.1656577701965723e-10,247,3.66557277586832e-10,-1.0803069550036071e-10,0.0,0.0,5.0
50.20000000000044,499.63577525458,-244.03182079314712,1.432179269273897,4.9999999999999964,3.907985046680551e-15,5.166884253873272e-11,2.583442126936636e-11,1.0333768507746538e-10,248,3.2708864089459055e-10,-9.634582021078586e-11,-1.4099832412739488e-14,-3.524958103184867e-13,5.0
50.300000000000445,499.7048620395052,-243.53661677847367,1.4321792692842308,4.9999999999999964,3.907985046680551e-15,4.642443791132069e-11,2.3212218955660345e-11,9.284887582264131e-11,248,2.918349381597629e-10,-8.601208634217983e-11,-1.4099832412739488e-14,-3.524958103184867e-13,5.0
50.400000000000446,499.7739488244266,-243.04141276379968,1.4321792692935156,4.9999999999999964,3.907985046680551e-15,4.126036005446502e-11,2.063018002723251e-11,8.252072010892999e-11,249,2.6045800238794214e-10,-7.672729118723964e-11,1.4988010832439613e-14,3.747002708109898e-13,5.0
50.50000000000045,499.84303560934467,-242.54620874912524,1.4321792693017676,4.9999999999999964,3.907985046680551e-15,3.692235049032473e-11,1.8461175245162365e-11,7.384470098064941e-11,249,2.3243531405148232e-10,-6.847522548980578e-11,1.4988010832439613e-14,3.747002708109898e-13,5.0
50.60000000000045,499.9121223942597,-242.05100473445037,1.4321792693091522,4.9999999999999964,3.907985046680551e-15,3.2883114661259964e-11,1.6441557330629982e-11,6.576622932251989e-11,250,2.0743660261723917e-10,-6.112066408547889e-11,0.0,0.0,5.0
50.70000000000045,499.98120917917214,-241.55580071977514,1.4321792693157287,4.9999999999999964,3.907985046680551e-15,2.940244012294154e-11,1.470122006147077e-11,5.880488024588304e-11,250,1.8508242161097144e-10,-5.4544146976809316e-11,0.0,0.0,5.0
50.80000000000045,500.0502959640822,-241.06059670509958,1.432179269321609,4.9999999999999964,3.907985046680551e-15,2.6049967424221842e-11,1.3024983712110921e-11,5.209993484844365e-11,251,1.6512453904216073e-10,-4.863376368291483e-11,-1.4988010832439613e-14,-3.747002708109898e-13,5.0
50.90000000000045,500.1193827489901,-240.56539269042372,1.4321792693268192,4.9999999999999964,3.907985046680551e-15,2.343662197954418e-11,1.171831098977209e-11,4.6873243959088326e-11,251,1.4731928177358355e-10,-4.34237090729539e-11,-1.4988010832439613e-14,-3.747002708109898e-13,5.0
51.000000000000455,500.1884695338961,-240.0701886757476,1.4321792693315065,4.9999999999999964,3.907985046680551e-15,2.085941611061059e-11,1.0429708055305295e-11,4.1718832221221154e-11,252,1.314936770580033e-10,-3.873634746298649e-11,1.4988010832439613e-14,3.747002708109898e-13,5.0
51.100000000000456,500.2575563188004,-239.57498466107126,1.4321792693356783,4.9999999999999964,3.907985046680551e-15,1.8627558418944912e-11,9.313779209472456e-12,3.72551168378898e-11,252,1.1735827240566543e-10,-3.4564573425655e-11,1.4988010832439613e-14,3.747002708109898e-13,5.0
51.20000000000046,500.32664310370325,-239.07978064639468,1.4321792693394038,4.9999999999999964,3.907985046680551e-15,1.6664724012372212e-11,8.332362006186106e-12,3.3329448024744404e-11,253,1.0469930478151923e-10,-3.08690850658877e-11,0.0,0.0,5.0
51.30000000000046,500.3957298886047,-238.5845766317179,1.4321792693427366,4.9999999999999964,3.907985046680551e-15,1.4821671579821933e-11,7.410835789910966e-12,2.9643343159643847e-11,253,9.342273135648504e-11,-2.7536195545962983e-11,0.0,0.0,5.0
51.40000000000046,500.46481667350497,-238.089372617041,1.432179269345701,4.9999999999999964,3.907985046680551e-15,1.3114495393540258e-11,6.557247696770128e-12,2.62289907870805e-11,254,8.33366362029686e-11,-2.4541924048548935e-11,-1.5987211554602254e-14,-3.996802888650558e-13,5.0
51.50000000000046,500.53390345840415,-237.5941686023639,1.4321792693483237,4.9999999999999964,3.907985046680551e-15,1.1810951077763936e-11,5.905475538881969e-12,2.3621902155527857e-11,254,7.437016627531712e-11,-2.1919133175174466e-11,-1.5987211554602254e-14,-3.996802888650558e-13,5.0
51.60000000000046,500.6029902433024,-237.0989645876867,1.4321792693506858,4.9999999999999964,3.907985046680551e-15,1.05478184029018e-11,5.2739092014509e-12,2.1095636805803588e-11,255,6.640588773310085e-11,-1.9555024266537657e-11,1.4099832412739488e-14,3.524958103184867e-13,5.0
51.700000000000465,500.67207702819974,-236.60376057300937,1.4321792693527955,4.9999999999999964,3.907985046680551e-15,9.38516383339237e-12,4.692581916696185e-12,1.8770327666784726e-11,255,5.927730875598947e-11,-1.7445378475144935e-11,1.4099832412739488e-14,3.524958103184867e-13,5.0
51.800000000000466,500.74116381309636,-236.10855655833194,1.4321792693546724,4.9999999999999964,3.907985046680551e-15,8.463816969217485e-12,4.231908484608743e-12,1.692763393843496e-11,256,5.287566912093311e-11,-1.559863349598345e-11,1.9984014443252818e-15,4.9960036108131975e-14,5.0
51.90000000000047,500.8102505979923,-235.6133525436544,1.4321792693563653,4.9999999999999964,3.907985046680551e-15,7.47623750891657e-12,3.738118754458285e-12,1.495247501783313e-11,256,4.7166937022780075e-11,-1.390576542803501e-11,1.9984014443252818e-15,4.9960036108131975e-14,5.0
52.00000000000047,500.8793373828876,-235.11814852897677,1.4321792693578606,4.9999999999999964,3.907985046680551e-15,6.579661756142041e-12,3.2898308780710203e-12,1.3159323512284073e-11,257,4.207748732776295e-11,-1.2384315795088696e-11,-1.4099832412739488e-14,-3.524958103184867e-13,5.0
52.10000000000047,500.94842416778243,-234.6229445142991,1.4321792693591764,4.9999999999999964,3.907985046680551e-15,5.9821034497471405e-12,2.9910517248735703e-12,1.1964206899494273e-11,257,3.7527463775388625e-11,-1.106847946630296e-11,-1.4099832412739488e-14,-3.524958103184867e-13,5.0
52.20000000000047,501.01751095267673,-234.12774049962132,1.4321792693603728,4.9999999999999964,3.907985046680551e-15,5.331704527611198e-12,2.665852263805599e-12,1.0663409055222389e-11,258,3.352337851758591e-11,-9.870104733522567e-12,1.3100631690576847e-14,3.275157922644207e-13,5.0
52.30000000000047,501.0865977375706,-233.6325364849435,1.432179269361439,4.9999999999999964,3.907985046680551e-15,4.7681482309926875e-12,2.3840741154963437e-12,9.536296461985368e-12,258,2.989474640058276e-11,-8.803846540672566e-12,1.3100631690576847e-14,3.275157922644207e-13,5.0
52.400000000000475,501.1556845224641,-233.13733247026562,1.4321792693623927,4.9999999999999964,3.907985046680551e-15,4.297955744897747e-12,2.1489778724488736e-12,8.595911489795488e-12,259,2.6652582918451628e-11,-7.878364627345036e-12,9.992007221626409e-16,2.4980018054065987e-14,5.0
52.500000000000476,501.22477130735723,-232.6421284555877,1.4321792693632522,4.9999999999999964,3.907985046680551e-15,3.758605701088638e-12,1.879302850544319e-12,7.517211402177271e-12,259,2.380981523053549e-11,-7.01882996168024e-12,9.992007221626409e-16,2.4980018054065987e-14,5.0
52.60000000000048,501.29385809225005,-232.14692444090974,1.4321792693640039,4.9999999999999964,3.907985046680551e-15,3.2660342062280977e-12,1.6330171031140488e-12,6.532068412456191e-12,260,2.1244617176563452e-11,-6.241007710627855e-12,-1.4099832412739488e-14,-3.524958103184867e-13,5.0
52.70000000000048,501.36294487714264,-231.65172042623175,1.4321792693646571,4.9999999999999964,3.907985046680551e-15,3.030007228879057e-12,1.5150036144395287e-12,6.06001445775811e-12,260,1.8933410395050032e-11,-5.587752482938413e-12,-1.4099832412739488e-14,-3.524958103184867e-13,5.0
52.80000000000048,501.43203166203494,-231.15651641155372,1.432179269365263,4.9999999999999964,3.907985046680551e-15,2.6366292498929248e-12,1.3183146249464624e-12,5.273258499785846e-12,261,1.6935106095239405e-11,-4.979794354653677e-12,-1.9984014443252818e-15,-4.9960036108131975e-14,5.0
52.90000000000048,501.5011184469271,-230.66131239687567,1.4321792693657904,4.9999999999999964,3.907985046680551e-15,2.434256643152731e-12,1.2171283215763654e-12,4.868513286305458e-12,261,1.5083136128968277e-11,-4.452438417956728e-12,-1.9984014443252818e-15,-4.9960036108131975e-14,5.0
53.00000000000048,501.570205231819,-230.1661083821976,1.4321792693662774,4.9999999999999964,3.907985046680551e-15,2.128787727191291e-12,1.0643938635956454e-12,4.2575754543825785e-12,262,1.3433400225526526e-11,-3.963496197911809e-12,9.992007221626409e-16,2.4980018054065987e-14,5.0
53.100000000000485,501.6392920167107,-229.67090436751948,1.432179269366703,4.9999999999999964,3.907985046680551e-15,1.9272364470285283e-12,9.636182235142641e-13,3.854472894057054e-12,262,1.1984371828255291e-11,-3.537836690270524e-12,9.992007221626409e-16,2.4980018054065987e-14,5.0
53.200000000000486,501.7083788016023,-229.17570035284135,1.4321792693670885,4.9999999999999964,3.907985046680551e-15,1.730030091790024e-12,8.650150458950121e-13,3.4600601835800454e-12,263,1.0737841171781781e-11,-3.15636405900932e-12,1.5987211554602254e-14,3.996802888650558e-13,5.0
53.30000000000049,501.77746558649375,-228.68049633816318,1.4321792693674344,4.9999999999999964,3.907985046680551e-15,1.5292585789847373e-12,7.646292894923686e-13,3.0585171579694726e-12,263,9.5761627794122e-12,-2.8104185645361213e-12,1.5987211554602254e-14,3.996802888650558e-13,5.0
53.40000000000049,501.8465523713851,-228.18529232348502,1.4321792693677402,4.9999999999999964,3.907985046680551e-15,1.4184135830564856e-12,7.092067915282428e-13,2.836827166112969e-12,264,8.505654514046057e-12,-2.532640763774907e-12,-1.9984014443252818e-15,-4.9960036108131975e-14,5.0
53.50000000000049,501.91563915627626,-227.69008830880682,1.432179269368024,4.9999999999999964,3.907985046680551e-15,1.1840880719389319e-12,5.920440359694659e-13,2.368176143877862e-12,264,7.615415242856471e-12,-2.248867758680717e-12,-1.9984014443252818e-15,-4.9960036108131975e-14,5.0
53.60000000000049,501.98472594116737,-227.19488429412863,1.432179269368261,4.9999999999999964,3.907985046680551e-15,9.774454304523998e-13,4.887227152261999e-13,1.9548908609047984e-12,265,6.7732139341636355e-12,-1.979971742116504e-12,-1.4988010832439613e-14,-3.747002708109898e-13,5.0
53.70000000000049,502.0538127260584,-226.6996802794504,1.4321792693684563,4.9999999999999964,3.907985046680551e-15,9.833468204138958e-13,4.916734102069479e-13,1.9666936408277905e-12,265,6.015472842069158e-12,-1.7845724897824766e-12,-1.4988010832439613e-14,-3.747002708109898e-13,5.0
53.800000000000495,502.12289951094937,-226.20447626477218,1.432179269368653,4.9999999999999964,3.907985046680551e-15,9.014280284391817e-13,4.507140142195909e-13,1.8028560568783622e-12,266,5.399250491144869e-12,-1.5898393712632242e-12,1.5987211554602254e-14,3.996802888650558e-13,5.0
53.900000000000496,502.19198629584025,-225.70927225009396,1.4321792693688333,4.9999999999999964,3.907985046680551e-15,7.753256203058153e-13,3.876628101529076e-13,1.5506512406116297e-12,266,4.809406345396283e-12,-1.4095391520640987e-12,1.5987211554602254e-14,3.996802888650558e-13,5.0
54.0000000000005,502.2610730807311,-225.2140682354157,1.4321792693689883,4.9999999999999964,3.907985046680551e-15,7.604894958371968e-13,3.8024474791859837e-13,1.5209789916743927e-12,267,4.261049846299159e-12,-1.2845280394913061e-12,0.0,0.0,5.0
54.1000000000005,502.3301598656218,-224.71886422073746,1.4321792693691404,4.9999999999999964,3.907985046680551e-15,5.807359359328961e-13,2.9036796796644806e-13,1.1614718718657914e-12,267,3.8290447201827504e-12,-1.1324274851176597e-12,0.0,0.0,5.0
54.2000000000005,502.3992466505125,-224.2236602060592,1.4321792693692565,4.9999999999999964,3.907985046680551e-15,4.551264513137206e-13,2.275632256568603e-13,9.102529026274406e-13,268,3.385618174700511e-12,-9.86322135076989e-13,-1.4988010832439613e-14,-3.747002708109898e-13,5.0
54.3000000000005,502.46833343540317,-223.72845619138096,1.4321792693693476,4.9999999999999964,3.907985046680551e-15,4.780643324395834e-13,2.390321662197917e-13,9.561286648791662e-13,268,3.024889366765038e-12,-8.952838470577262e-13,-1.4988010832439613e-14,-3.747002708109898e-13,5.0
54.4000000000005,502.53742022029377,-223.23325217670268,1.4321792693694433,4.9999999999999964,3.907985046680551e-15,4.603851238285081e-13,2.3019256191425406e-13,9.207702476570156e-13,269,2.754553529715764e-12,-7.995826223350377e-13,1.4988010832439613e-14,3.747002708109898e-13,5.0
54.500000000000504,502.60650700518437,-222.7380481620244,1.4321792693695354,4.9999999999999964,3.907985046680551e-15,3.830629962023407e-13,1.9153149810117035e-13,7.661259924046809e-13,269,2.4540543208662058e-12,-7.074341112911497e-13,1.4988010832439613e-14,3.747002708109898e-13,5.0
54.600000000000506,502.6755937900749,-222.24284414734612,1.432179269369612,4.9999999999999964,3.907985046680551e-15,3.998262057269303e-13,1.9991310286346515e-13,7.996524114538601e-13,270,2.1911153447184972e-12,-6.608047442568932e-13,0.0,0.0,5.0
54.70000000000051,502.74468057496546,-221.74764013266784,1.432179269369692,4.9999999999999964,3.907985046680551e-15,3.155151705352044e-13,1.577575852676022e-13,6.310303410704084e-13,270,1.9319337796197544e-12,-5.808686864838819e-13,0.0,0.0,5.0
54.80000000000051,502.81376735985594,-221.25243611798956,1.432179269369755,4.9999999999999964,3.907985046680551e-15,1.483542575395242e-13,7.41771287697621e-14,2.967085150790482e-13,271,1.7176260413975797e-12,-4.878319970202938e-13,-1.5987211554602254e-14,-3.996802888650558e-13,5.0
54.90000000000051,502.88285414474643,-220.75723210331128,1.4321792693697848,4.9999999999999964,3.907985046680551e-15,2.6856219352225873e-13,1.3428109676112937e-13,5.371243870445171e-13,271,1.52971732503282e-12,-4.580780199603396e-13,-1.5987211554602254e-14,-3.996802888650558e-13,5.0
55.00000000000051,502.9519409296369,-220.262028088633,1.4321792693698385,4.9999999999999964,3.907985046680551e-15,2.526148117543195e-13,1.2630740587715976e-13,5.052296235086387e-13,272,1.371229518820627e-12,-4.0234482412415673e-13,1.4099832412739488e-14,3.524958103184867e-13,5.0
55.10000000000051,503.02102771452735,-219.7668240739547,1.4321792693698892,4.9999999999999964,3.907985046680551e-15,1.8633712731753e-13,9.3168563658765e-14,3.7267425463505976e-13,272,1.2445461328169927e-12,-3.517186542012496e-13,1.4099832412739488e-14,3.524958103184867e-13,5.0
55.200000000000514,503.0901144994178,-219.2716200592764,1.4321792693699265,4.9999999999999964,3.907985046680551e-15,2.5193282511139537e-13,1.2596641255569769e-13,5.038656502227904e-13,273,1.1011469513988459e-12,-3.446132268436486e-13,1.9984014443252818e-15,4.9960036108131975e-14,5.0
55.300000000000516,503.15920128430815,-218.77641604459808,1.4321792693699769,4.9999999999999964,3.907985046680551e-15,1.1634092786225663e-13,5.817046393112831e-14,2.326818557245131e-13,273,1.0156701868435647e-12,-2.942091015256665e-13,1.9984014443252818e-15,4.9960036108131975e-14,5.0
55.40000000000052,503.2282880691986,-218.28121202991977,1.4321792693700002,4.9999999999999964,3.907985046680551e-15,7.228443184817979e-14,3.6142215924089893e-14,1.4456886369635947e-13,274,8.621228730909536e-13,-2.446931546273845e-13,-1.4099832412739488e-14,-3.524958103184867e-13,5.0
55.50000000000052,503.297374854089,-217.78600801524146,1.4321792693700146,4.9999999999999964,3.907985046680551e-15,1.3823663150711097e-13,6.911831575355549e-14,2.7647326301422174e-13,274,7.334514939838499e-13,-2.3026025530725747e-13,-1.4099832412739488e-14,-3.524958103184867e-13,5.0
55.60000000000052,503.3664616389794,-217.29080400056316,1.4321792693700424,4.9999999999999964,3.907985046680551e-15,1.4286509197628265e-13,7.143254598814133e-14,2.857301839525651e-13,275,6.885464420847143e-13,-2.0050627824730327e-13,1.3100631690576847e-14,3.275157922644207e-13,5.0
55.70000000000052,503.43554842386976,-216.79559998588485,1.432179269370071,4.9999999999999964,3.907985046680551e-15,9.82708599429792e-14,4.91354299714896e-14,1.9654171988595829e-13,275,6.171695099421726e-13,-1.7186252421197423e-13,1.3100631690576847e-14,3.275157922644207e-13,5.0
55.80000000000052,503.50463520876013,-216.30039597120654,1.4321792693700908,4.9999999999999964,3.907985046680551e-15,1.6336986532811182e-13,8.168493266405591e-14,3.2673973065622344e-13,276,5.303119055000138e-13,-1.8030021919912542e-13,9.992007221626409e-16,2.4980018054065987e-14,5.0
55.900000000000524,503.57372199365045,-215.80519195652823,1.4321792693701234,4.9999999999999964,3.907985046680551e-15,4.579775238723197e-14,2.2898876193615985e-14,9.159550477446388e-14,276,5.01130387187132e-13,-1.4765966227514582e-13,9.992007221626409e-16,2.4980018054065987e-14,5.0
56.000000000000526,503.6428087785408,-215.30998794184993,1.4321792693701325,4.9999999999999964,3.907985046680551e-15,2.7239933745140503e-15,1.3619966872570252e-15,5.447986749028097e-15,277,4.0388525857082413e-13,-1.1235457009206584e-13,-1.4099832412739488e-14,-3.524958103184867e-13,5.0
56.10000000000053,503.7118955634312,-214.81478392717162,1.432179269370133,4.9999999999999964,3.907985046680551e-15,7.378298683461439e-14,3.6891493417307195e-14,1.4756597366922868e-13,277,3.315091257061198e-13,-1.1191048088221578e-13,-1.4099832412739488e-14,-3.524958103184867e-13,5.0
56.20000000000053,503.7809823483215,-214.3195799124933,1.4321792693701476,4.9999999999999964,3.907985046680551e-15,7.480783232531301e-14,3.7403916162656504e-14,1.4961566465062591e-13,278,3.429131978371913e-13,-9.525713551283843e-14,1.2101430968414206e-14,3.025357742103547e-13,5.0
56.30000000000053,503.85006913321183,-213.824375897815,1.4321792693701625,4.9999999999999964,3.907985046680551e-15,3.692272976254872e-14,1.846136488127436e-14,7.384545952509738e-14,278,3.2782457304314505e-13,-8.038014698286133e-14,1.2101430968414206e-14,3.025357742103547e-13,5.0
56.40000000000053,503.91915591810215,-213.3291718831367,1.4321792693701698,4.9999999999999964,3.907985046680551e-15,9.331488497522922e-14,4.665744248761461e-14,1.866297699504583e-13,279,2.965128143017637e-13,-9.9253938401489e-14,0.0,0.0,5.0
56.50000000000053,503.98824270299247,-212.8339678684584,1.4321792693701885,4.9999999999999964,3.907985046680551e-15,2.4522121763890434e-14,1.2261060881945215e-14,4.9044243527780836e-14,279,2.683304967110445e-13,-8.060219158778636e-14,0.0,0.0,5.0
56.600000000000534,504.0573294878828,-212.33876385378008,1.4321792693701934,4.9999999999999964,3.907985046680551e-15,-5.982716657639413e-14,-2.991358328819707e-14,-1.196543331527882e-13,280,2.303157664584887e-13,-4.951594689828198e-14,-1.2101430968414206e-14,-3.025357742103547e-13,5.0
56.700000000000536,504.1264162727731,-211.84355983910177,1.4321792693701814,4.9999999999999964,3.907985046680551e-15,3.1946066546044994e-14,1.5973033273022497e-14,6.389213309208995e-14,280,2.1522714166444246e-13,-6.150635556423367e-14,-1.2101430968414206e-14,-3.025357742103547e-13,5.0
56.80000000000054,504.1955030576634,-211.34835582442346,1.4321792693701878,4.9999999999999964,3.907985046680551e-15,6.153635436966129e-14,3.0768177184830644e-14,1.230727087393225e-13,281,2.271308141565953e-13,-5.706546346573305e-14,1.4099832412739488e-14,3.524958103184867e-13,5.0
56.90000000000054,504.26458984255373,-210.85315180974516,1.4321792693702,4.9999999999999964,3.907985046680551e-15,1.852350628735104e-14,9.26175314367552e-15,3.7047012574702056e-14,281,2.110568664281942e-13,-4.4853010194856324e-14,1.4099832412739488e-14,3.524958103184867e-13,5.0
57.00000000000054,504.33367662744405,-210.35794779506685,1.4321792693702038,4.9999999999999964,3.907985046680551e-15,7.973324145344003e-14,3.9866620726720017e-14,1.5946648290687997e-13,282,1.76816894459364e-13,-6.727951529228449e-14,-9.992007221626409e-16,-2.4980018054065987e-14,5.0
57.10000000000054,504.40276341233437,-209.86274378038854,1.4321792693702198,4.9999999999999964,3.907985046680551e-15,1.7799896774835978e-14,8.899948387417989e-15,3.559979354967193e-14,282,1.4763537614648214e-13,-5.129230373768223e-14,-9.992007221626409e-16,-2.4980018054065987e-14,5.0
57.20000000000054,504.4718501972247,-209.36753976571023,1.4321792693702233,4.9999999999999964,3.907985046680551e-15,-7.232642990025643e-14,-3.6163214950128216e-14,-1.4465285980051276e-13,283,1.0986350718056315e-13,-1.9539925233402755e-14,-1.3100631690576847e-14,-3.275157922644207e-13,5.0
57.300000000000544,504.540936982115,-208.87233575103193,1.432179269370209,4.9999999999999964,3.907985046680551e-15,3.023315355629511e-14,1.5116576778147556e-14,6.046630711259019e-14,283,9.477488238651688e-14,-3.397282455352979e-14,-1.3100631690576847e-14,-3.275157922644207e-13,5.0
57.400000000000546,504.6100237670053,-208.37713173635362,1.432179269370215,4.9999999999999964,3.907985046680551e-15,5.95676708420801e-14,2.978383542104005e-14,1.1913534168416011e-13,284,1.0668549377257364e-13,-2.9976021664879227e-14,1.4099832412739488e-14,3.524958103184867e-13,5.0
57.50000000000055,504.67911055189563,-207.8819277216753,1.4321792693702269,4.9999999999999964,3.907985046680551e-15,1.7404385558835155e-14,8.702192779417577e-15,3.4808771117670285e-14,284,9.060460715026863e-14,-1.7985612998927536e-14,1.4099832412739488e-14,3.524958103184867e-13,5.0
57.60000000000055,504.74819733678595,-207.386723706997,1.4321792693702304,4.9999999999999964,3.907985046680551e-15,7.890133250192373e-14,3.9450666250961864e-14,1.5780266500384736e-13,285,5.6364635181438416e-14,-4.063416270128073e-14,-9.992007221626409e-16,-2.4980018054065987e-14,5.0
57.70000000000055,504.81728412167627,-206.8915196923187,1.4321792693702462,4.9999999999999964,3.907985046680551e-15,1.753639244341758e-14,8.76819622170879e-15,3.507278488683513e-14,285,2.718658631550852e-14,-2.4868995751603507e-14,-9.992007221626409e-16,-2.4980018054065987e-14,5.0
57.80000000000055,504.8863709065666,-206.3963156776404,1.4321792693702498,4.9999999999999964,3.907985046680551e-15,-7.287418025679065e-14,-3.6437090128395323e-14,-1.457483605135812e-13,286,-1.058875209736243e-14,6.8833827526759706e-15,-1.3100631690576847e-14,-3.275157922644207e-13,5.0
57.90000000000055,504.9554576914569,-205.90111166296208,1.432179269370235,4.9999999999999964,3.907985046680551e-15,3.0542027268182374e-14,1.5271013634091187e-14,6.108405453636471e-14,286,-2.5673907444456745e-14,-7.771561172376096e-15,-1.3100631690576847e-14,-3.275157922644207e-13,5.0
58.000000000000554,505.0245444763472,-205.40590764828377,1.4321792693702413,4.9999999999999964,3.907985046680551e-15,5.873123690599996e-14,2.936561845299998e-14,1.1746247381199984e-13,287,-1.3766765505351941e-14,-3.552713678800501e-15,1.4099832412739488e-14,3.524958103184867e-13,5.0
58.100000000000556,505.09363126123753,-204.91070363360546,1.432179269370253,4.9999999999999964,3.907985046680551e-15,1.7858859211310854e-14,8.929429605655427e-15,3.5717718422621683e-14,287,-2.984418268070499e-14,8.215650382226158e-15,1.4099832412739488e-14,3.524958103184867e-13,5.0
58.20000000000056,505.16271804612785,-204.41549961892716,1.4321792693702566,4.9999999999999964,3.907985046680551e-15,7.494927022104464e-14,3.747463511052232e-14,1.4989854044208917e-13,288,-6.408762409648716e-14,-1.4432899320127035e-14,-1.9984014443252818e-15,-4.9960036108131975e-14,5.0
58.30000000000056,505.2318048310181,-203.92029560424885,1.4321792693702717,4.9999999999999964,3.907985046680551e-15,-2.1534931617959062e-14,-1.0767465808979531e-14,-4.306986323591809e-14,288,-3.696695727306576e-14,6.661338147750939e-16,-1.9984014443252818e-15,-4.9960036108131975e-14,5.0
58.40000000000056,505.3008916159084,-203.42509158957054,1.4321792693702675,4.9999999999999964,3.907985046680551e-15,-7.509178327100656e-14,-3.754589163550328e-14,-1.5018356654201302e-13,289,-7.550210456841455e-14,2.6645352591003757e-14,-1.4099832412739488e-14,-3.524958103184867e-13,5.0
58.50000000000056,505.36997840079874,-202.92988757489223,1.4321792693702524,4.9999999999999964,3.907985046680551e-15,1.0465049171410791e-14,5.2325245857053955e-15,2.093009834282157e-14,289,-8.958458974639427e-14,1.1546319456101628e-14,-1.4099832412739488e-14,-3.524958103184867e-13,5.0
58.60000000000056,505.43906518568906,-202.43468356021393,1.4321792693702544,4.9999999999999964,3.907985046680551e-15,7.005493053408857e-14,3.5027465267044284e-14,1.4010986106817703e-13,290,-7.473882623898476e-14,1.1546319456101628e-14,1.5987211554602254e-14,3.996802888650558e-13,5.0
58.700000000000564,505.5081519705793,-201.93947954553562,1.4321792693702684,4.9999999999999964,3.907985046680551e-15,-3.399396883528294e-14,-1.699698441764147e-14,-6.798793767056583e-14,290,-3.352873534367973e-14,2.55351295663786e-14,1.5987211554602254e-14,3.996802888650558e-13,5.0
58.800000000000566,505.57723875546964,-201.4442755308573,1.4321792693702615,4.9999999999999964,3.907985046680551e-15,1.0088035654696833e-13,5.044017827348417e-14,2.0176071309393653e-13,291,-6.734196533741965e-14,-1.1324274851176597e-14,0.0,0.0,5.0
58.90000000000057,505.6463255403599,-200.949071516179,1.4321792693702817,4.9999999999999964,3.907985046680551e-15,-5.067282318119036e-14,-2.533641159059518e-14,-1.0134564636238066e-13,291,-4.1109476933698375e-14,8.881784197001252e-15,0.0,0.0,5.0
59.00000000000057,505.7154123252502,-200.4538675015007,1.4321792693702715,4.9999999999999964,3.907985046680551e-15,-6.52033293907019e-14,-3.260166469535095e-14,-1.3040665878140371e-13,292,-8.259365413820774e-14,2.864375403532904e-14,-1.4988010832439613e-14,-3.747002708109898e-13,5.0
59.10000000000057,505.78449911014053,-199.9586634868224,1.4321792693702584,4.9999999999999964,3.907985046680551e-15,-5.065295124578958e-15,-2.532647562289479e-15,-1.013059024915791e-14,292,-9.768227893225401e-14,1.554312234475219e-14,-1.4988010832439613e-14,-3.747002708109898e-13,5.0
59.20000000000057,505.85358589503085,-199.46345947214408,1.4321792693702573,4.9999999999999964,3.907985046680551e-15,7.03353551823118e-14,3.51676775911559e-14,1.406707103646235e-13,293,-8.259365413820774e-14,1.4432899320127035e-14,1.4988010832439613e-14,3.747002708109898e-13,5.0
59.30000000000057,505.9226726799211,-198.96825545746577,1.4321792693702713,4.9999999999999964,3.907985046680551e-15,-4.168783570220623e-14,-2.0843917851103114e-14,-8.33756714044124e-14,293,-4.138356324290271e-14,2.842170943040401e-14,1.4988010832439613e-14,3.747002708109898e-13,5.0
59.400000000000574,505.9917594648114,-198.47305144278747,1.4321792693702629,4.9999999999999964,3.907985046680551e-15,1.0597614925332691e-13,5.298807462666346e-14,2.1195229850665368e-13,294,-7.519679323664263e-14,-9.992007221626409e-15,0.0,0.0,5.0
59.500000000000576,506.0608462497017,-197.97784742810916,1.432179269370284,4.9999999999999964,3.907985046680551e-15,-5.489038368326027e-14,-2.7445191841630134e-14,-1.0978076736652046e-13,294,-4.896430483292136e-14,1.1102230246251565e-14,0.0,0.0,5.0
59.60000000000058,506.129933034592,-197.48264341343085,1.432179269370273,4.9999999999999964,3.907985046680551e-15,-6.633442578317421e-14,-3.3167212891587107e-14,-1.3266885156634833e-13,295,-9.044848203743072e-14,3.019806626980426e-14,-1.5987211554602254e-14,-3.996802888650558e-13,5.0
59.70000000000058,506.1990198194823,-196.98743939875254,1.4321792693702597,4.9999999999999964,3.907985046680551e-15,-7.039812862113743e-15,-3.5199064310568716e-15,-1.4079625724227477e-14,295,-1.0553363738452504e-13,1.687538997430238e-14,-1.5987211554602254e-14,-3.996802888650558e-13,5.0
59.80000000000058,506.26810660437263,-196.49223538407423,1.4321792693702584,4.9999999999999964,3.907985046680551e-15,1.0983145701528168e-14,5.491572850764084e-15,2.196629140305632e-14,296,-9.120482147295661e-14,1.7541523789077473e-14,0.0,0.0,5.0
59.90000000000058,506.33719338926295,-195.99703136939593,1.4321792693702606,4.9999999999999964,3.907985046680551e-15,4.618708356885463e-15,2.3093541784427314e-15,9.237416713770919e-15,296,-1.0529424554484024e-13,1.9761969838327786e-14,0.0,0.0,5.0
60.00000000000058,506.40628017415327,-195.50182735471762,1.4321792693702615,4.9999999999999964,3.907985046680551e-15,4.800112153614573e-14,2.400056076807286e-14,9.600224307229139e-14,297,-1.4675066717373397e-13,1.865174681370263e-14,1.9984014443252818e-15,4.9960036108131975e-14,5.0
60.100000000000584,506.4753669590435,-195.0066233400393,1.432179269370271,4.9999999999999964,3.907985046680551e-15,-3.356435942814485e-14,-1.6782179714072424e-14,-6.712871885628965e-14,297,-1.0553363738452504e-13,2.8199664825478976e-14,1.9984014443252818e-15,4.9960036108131975e-14,5.0
60.200000000000585,506.54445374393384,-194.511419325361,1.4321792693702644,4.9999999999999964,3.907985046680551e-15,7.265122274793656e-14,3.632561137396828e-14,1.4530244549587302e-13,298,-9.363343433932414e-14,1.9539925233402755e-14,1.4099832412739488e-14,3.524958103184867e-13,5.0
60.30000000000059,506.6135405288241,-194.0162153106827,1.4321792693702788,4.9999999999999964,3.907985046680551e-15,-5.56564365428427e-14,-2.7828218271421354e-14,-1.1131287308568533e-13,298,-5.3405196931421983e-14,3.397282455352979e-14,1.4099832412739488e-14,3.524958103184867e-13,5.0
60.40000000000059,506.6826273137144,-193.5210112960044,1.4321792693702677,4.9999999999999964,3.907985046680551e-15,9.652405567455618e-14,4.8262027837278085e-14,1.9304811134911224e-13,299,-8.76451689002522e-14,-3.3306690738754696e-15,-9.992007221626409e-16,-2.4980018054065987e-14,5.0
60.50000000000059,506.7517140986047,-193.02580728132608,1.432179269370287,4.9999999999999964,3.907985046680551e-15,-6.151539778396458e-14,-3.075769889198229e-14,-1.2303079556792908e-13,299,-6.052797152378275e-14,1.5987211554602254e-14,-9.992007221626409e-16,-2.4980018054065987e-14,5.0
60.60000000000059,506.820800883495,-192.53060326664777,1.4321792693702748,4.9999999999999964,3.907985046680551e-15,-5.235298384059559e-14,-2.617649192029779e-14,-1.047059676811911e-13,300,-9.83033099366537e-14,3.197442310920451e-14,-1.3100631690576847e-14,-3.275157922644207e-13,5.0
60.70000000000059,506.8898876683853,-192.03539925196947,1.4321792693702644,4.9999999999999964,3.907985046680551e-15,-1.2755451733176766e-14,-6.377725866588384e-15,-2.5510903466353516e-14,300,-1.1338846528374802e-13,2.1538326677728037e-14,-1.3100631690576847e-14,-3.275157922644207e-13,5.0
60.800000000000594,506.95897445327563,-191.54019523729116,1.432179269370262,4.9999999999999964,3.907985046680551e-15,7.553823449139666e-14,3.776911724569833e-14,1.510764689827932e-13,301,-1.0148826223854712e-13,1.709743457922741e-14,1.4099832412739488e-14,3.524958103184867e-13,5.0
60.900000000000595,507.0280612381659,-191.04499122261285,1.432179269370277,4.9999999999999964,3.907985046680551e-15,-4.587745630545124e-14,-2.293872815272562e-14,-9.175491261090242e-14,301,-6.126002483064497e-14,3.219646771412954e-14,1.4099832412739488e-14,3.524958103184867e-13,5.0
61.0000000000006,507.0971480230562,-190.54978720793454,1.432179269370268,4.9999999999999964,3.907985046680551e-15,9.262786332576852e-14,4.631393166288426e-14,1.8525572665153692e-13,302,-9.549999679947518e-14,-3.1086244689504383e-15,-1.9984014443252818e-15,-4.9960036108131975e-14,5.0
61.1000000000006,507.16623480794647,-190.05458319325624,1.4321792693702864,4.9999999999999964,3.907985046680551e-15,-5.565162114426819e-14,-2.7825810572134094e-14,-1.113032422885363e-13,302,-6.838279942300574e-14,1.532107773982716e-14,-1.9984014443252818e-15,-4.9960036108131975e-14,5.0
61.2000000000006,507.2353215928368,-189.55937917857793,1.4321792693702753,4.9999999999999964,3.907985046680551e-15,-5.714307052841662e-14,-2.857153526420831e-14,-1.1428614105683317e-13,303,-1.0691447727140257e-13,3.441691376337985e-14,-1.3100631690576847e-14,-3.275157922644207e-13,5.0
61.3000000000006,507.3044083777271,-189.06417516389962,1.432179269370264,4.9999999999999964,3.907985046680551e-15,-1.0007813517128476e-14,-5.003906758564238e-15,-2.001562703425694e-14,303,-1.210039013432862e-13,2.3092638912203256e-14,-1.3100631690576847e-14,-3.275157922644207e-13,5.0
61.4000000000006,507.3734951626174,-188.5689711492213,1.432179269370262,4.9999999999999964,3.907985046680551e-15,8.400542752584185e-14,4.2002713762920926e-14,1.680108550516836e-13,304,-1.0541567618815861e-13,1.709743457922741e-14,1.5987211554602254e-14,3.996802888650558e-13,5.0
61.500000000000604,507.4425819475077,-188.073767134543,1.4321792693702788,4.9999999999999964,3.907985046680551e-15,-4.6020534008251366e-14,-2.3010267004125683e-14,-9.204106801650267e-14,304,-6.518743878025646e-14,3.397282455352979e-14,1.5987211554602254e-14,3.996802888650558e-13,5.0
61.600000000000605,507.511668732398,-187.5785631198647,1.4321792693702697,4.9999999999999964,3.907985046680551e-15,9.774229102487049e-14,4.8871145512435247e-14,1.9548458204974086e-13,305,-1.0268869088392307e-13,-3.1086244689504383e-15,-1.9984014443252818e-15,-4.9960036108131975e-14,5.0
61.70000000000061,507.58075551728825,-187.0833591051864,1.4321792693702893,4.9999999999999964,3.907985046680551e-15,-5.614922291071756e-14,-2.807461145535878e-14,-1.1229844582143505e-13,305,-7.645273303324984e-14,1.6431300764452317e-14,-1.9984014443252818e-15,-4.9960036108131975e-14,5.0
61.80000000000061,507.64984230217857,-186.58815509050808,1.432179269370278,4.9999999999999964,3.907985046680551e-15,-6.706918389462424e-14,-3.353459194731212e-14,-1.341383677892484e-13,306,-1.1476930517062556e-13,3.708144902248023e-14,-1.4988010832439613e-14,-3.747002708109898e-13,5.0
61.90000000000061,507.7189290870689,-186.09295107582977,1.4321792693702646,4.9999999999999964,3.907985046680551e-15,-8.739751006032637e-15,-4.3698755030163185e-15,-1.747950201206526e-14,306,-1.2885525979555723e-13,2.375877272697835e-14,-1.4988010832439613e-14,-3.747002708109898e-13,5.0
62.00000000000061,507.7880158719592,-185.59774706115147,1.4321792693702629,4.9999999999999964,3.907985046680551e-15,8.009210145926036e-14,4.004605072963018e-14,1.6018420291852063e-13,307,-1.1401296573509967e-13,1.9984014443252818e-14,1.5987211554602254e-14,3.996802888650558e-13,5.0
62.10000000000061,507.85710265684946,-185.10254304647316,1.4321792693702788,4.9999999999999964,3.907985046680551e-15,-4.514892229850139e-14,-2.2574461149250694e-14,-9.029784459700271e-14,307,-7.279940539284269e-14,3.597122599785507e-14,1.5987211554602254e-14,3.996802888650558e-13,5.0
62.200000000000614,507.9261894417398,-184.60733903179485,1.4321792693702697,4.9999999999999964,3.907985046680551e-15,0.0009939741399893828,0.0004969871927486136,0.0019879486891584653,308,-1.0661610483353456e-13,-3.1086244689504383e-15,0.0002642918732798094,0.006607296831995226,5.0
62.300000000000615,507.995030108055,-184.11210074302744,1.4323780642391857,4.9999999999999964,3.907985046680551e-15,-0.0003223995065849846,-0.0001611997574813261,-0.0006447990271327479,308,0.0002484935860502836,0.0001987948689128327,0.0002642918732798094,0.006607296831995226,5.0
62.40000000000062,508.06409827564636,-183.6168941313737,1.4323135843364725,4.9999999999999964,3.907985046680551e-15,0.00436853243591472,0.0021842766391825122,0.008737099609181972,309,0.00046711844262407876,-0.00039426878032999824,0.00086754920553056,0.02168873013826397,5.0
62.50000000000062,508.1320366999934,-183.1215312638743,1.4331872942973907,4.9999999999999964,3.907985046680551e-15,-0.0014413097415824812,-0.0007206552450588166,-0.0028826207307232946,309,0.0013621218940780729,0.0004794411805881804,0.00086754920553056,0.02168873013826397,5.0
62.60000000000062,508.2009811754128,-182.62630741619614,1.4328990322243182,4.9999999999999964,3.907985046680551e-15,0.006099044980149515,0.0030495508496394676,0.01219818449183853,310,0.0006396763003537684,-0.0010153355570157174,0.0006775382008215036,0.016938455020537566,5.0
62.70000000000062,508.2682008946619,-182.1308465102267,1.434118850673502,4.9999999999999964,3.907985046680551e-15,-0.004080690340083092,-0.002040353664051015,-0.008161408993485107,311,0.0015734823665873934,5.592115505659301e-05,7.428086855576499e-05,0.0018570217138941221,5.0
62.80000000000062,508.337337582079,-181.63564946010118,1.4333027097741535,4.9999999999999964,3.907985046680551e-15,0.004380139696997062,0.0021900803530129484,0.008760314408976677,311,0.000581266763287046,-0.0007602197442919678,7.428086855576499e-05,0.0018570217138941221,5.0
62.900000000000624,508.4047831219243,-181.1402192438699,1.4341787412150513,4.9999999999999964,3.907985046680551e-15,-0.003491631982059138,-0.0017458213120720373,-0.006983281700905415,312,0.001296196824007348,0.00011581169660579427,-1.3988810110276972e-14,-3.497202527569238e-13,5.0
63.000000000000625,508.47374429583135,-180.64499772122232,1.4334804130449608,4.9999999999999964,3.907985046680551e-15,0.003301095734999934,0.0016505523641134109,0.006602206458695418,312,0.00048119237717638916,-0.0005825164734847288,-1.3988810110276972e-14,-3.497202527569238e-13,5.0
63.10000000000063,508.5413690901562,-180.1495919408841,1.4341406336908302,4.9999999999999964,3.907985046680551e-15,-0.0026274822389840092,-0.00131374338690238,-0.005254972035997512,313,0.0010152102209836783,7.7704172412707e-05,-8.881784197001252e-16,-2.22044604925031e-14,5.0
63.20000000000063,508.6101351560946,-179.65434328800825,1.4336151364872305,4.9999999999999964,3.907985046680551e-15,0.0024899290985174946,0.0012449664788780192,0.004979864629095337,313,0.000397190771128284,-0.00044779303118702707,-8.881784197001252e-16,-2.22044604925031e-14,5.0
63.30000000000063,508.677894134757,-179.15895584285988,1.43411312295014,4.9999999999999964,3.907985046680551e-15,-0.0019757737342313356,-0.0009878878312156167,-0.003951550682127942,314,0.0007957774527755437,5.019343169632151e-05,1.3100631690576847e-14,3.275157922644207e-13,5.0
63.40000000000063,508.74651244276953,-178.66368669602605,1.4337179678819272,4.9999999999999964,3.907985046680551e-15,0.0018790677108227022,0.0009395346847610398,0.0037581381861434126,314,0.0003269303216997532,-0.00034496163651653866,1.3100631690576847e-14,3.275157922644207e-13,5.0
63.50000000000063,508.81437178573486,-178.1683129890408,1.4340937817005415,4.9999999999999964,3.907985046680551e-15,-0.0014850030557427812,-0.0007425019372190338,-0.002970007475977411,315,0.0006242168282951308,3.0852182097751424e-05,-1.3100631690576847e-14,-3.275157922644207e-13,5.0
63.600000000000634,508.882878139057,-177.67302834405925,1.4337967809529437,4.9999999999999964,3.907985046680551e-15,0.0014185716051981797,0.0007092861594312749,0.0028371443998367408,315,0.0002683919807934948,-0.00026614856550000177,-1.3100631690576847e-14,-3.275157922644207e-13,5.0
63.700000000000635,508.95081249838637,-177.1776649190645,1.4340804953929274,4.9999999999999964,3.907985046680551e-15,-0.0011157535435689734,-0.0005578769454105717,-0.002231507665891492,316,0.0004899607705175432,1.7565874509850588e-05,-1.3100631690576847e-14,-3.275157922644207e-13,5.0
63.80000000000064,509.01923398928403,-176.68236854356462,1.4338573446263383,4.9999999999999964,3.907985046680551e-15,0.0010712075011961022,0.0005356039042474811,0.002142415514556912,316,0.0002198052482087886,-0.0002055848920792247,-1.3100631690576847e-14,-3.275157922644207e-13,5.0
63.90000000000064,509.08722438298673,-176.18701280637754,1.434071586177794,4.9999999999999964,3.907985046680551e-15,-0.0008380899738443662,-0.00041904506050595143,-0.0016761801929679424,317,0.00038481475128358117,8.656659376438114e-06,1.3988810110276972e-14,3.497202527569238e-13,5.0
64.00000000000064,509.15558152307966,-175.69170754555518,1.433903968158497,4.9999999999999964,3.907985046680551e-15,0.0008090743413277732,0.00040453723686653583,0.001618148903331029,317,0.00017962055648515322,-0.0001589613599204398,1.3988810110276972e-14,3.497202527569238e-13,5.0
64.10000000000063,509.2236137459314,-175.1963575514562,1.4340657830488301,4.9999999999999964,3.907985046680551e-15,-0.0006293750810561834,-0.00031468757169105064,-0.0012587502659888918,318,0.00030240849372208806,2.8535303846499716e-06,1.3100631690576847e-14,3.275157922644207e-13,5.0
64.20000000000063,509.2919220711995,-174.7010455561451,1.4339399080222313,4.9999999999999964,3.907985046680551e-15,0.0006112028502660751,0.0003056014536738392,0.0012224057956681514,318,0.00014649147561968112,-0.0001230214962142373,1.3100631690576847e-14,3.275157922644207e-13,5.0
64.30000000000062,509.3599854989446,-174.20569984878145,1.4340621486017981,4.9999999999999964,3.907985046680551e-15,-0.00047253189677945467,-0.00023626596157847094,-0.0009450638375213864,319,0.00023778145378426652,-7.809166455707839e-07,-1.4988010832439613e-14,-3.747002708109898e-13,5.0
64.40000000000062,509.42825678104276,-173.71038274626966,1.433967642218046,4.9999999999999964,3.907985046680551e-15,0.000461806600027497,0.00023090331232466664,0.0009236132410913862,319,0.00011925801576764643,-9.528730039765065e-05,-1.4988010832439613e-14,-3.747002708109898e-13,5.0
64.50000000000061,509.49634347210156,-173.2150402359794,1.4340600035421551,4.9999999999999964,3.907985046680551e-15,-0.00035469605697719227,-0.00017734803406660384,-0.0007093921325477428,320,0.00018706602154409252,-2.9259762603928152e-06,8.881784197001252e-16,2.22044604925031e-14,5.0
64.6000000000006,509.5645866335173,-172.71971925830937,1.4339890643289004,4.9999999999999964,3.907985046680551e-15,0.0003489891293732679,0.00017449456999970623,0.000697978276456776,320,9.692901685968286e-05,-7.38651895151321e-05,8.881784197001252e-16,2.22044604925031e-14,5.0
64.7000000000006,509.6326906549003,-172.22437913044624,1.434058862156546,4.9999999999999964,3.907985046680551e-15,-0.0002661846949151812,-0.00013309234981513166,-0.0005323693976888323,321,0.0001472437070451152,-4.0673618995068495e-06,1.4988010832439613e-14,3.747002708109898e-13,5.0
64.8000000000006,509.70091246083604,-171.72905521098053,1.4340056252167772,4.9999999999999964,3.907985046680551e-15,0.0002637799976130204,0.00013189000110073307,0.00052756000287345,321,7.86638514064051e-05,-5.730430166828171e-05,1.4988010832439613e-14,3.747002708109898e-13,5.0
64.90000000000059,509.7690293826762,-171.2337168569648,1.4340583812170646,4.9999999999999964,3.907985046680551e-15,-0.0001997133884915122,-9.985669524146309e-05,-0.00039942678030204746,322,0.00011595670107240191,-4.548301380857822e-06,-1.3988810110276972e-14,-3.497202527569238e-13,5.0
65.00000000000058,509.8372349643815,-170.738390703179,1.4340184385390344,4.9999999999999964,3.907985046680551e-15,0.00019941251878246457,9.970626038244593e-05,0.0003988250408689744,322,6.375420288341933e-05,-4.4490979411060394e-05,-1.3988810110276972e-14,-3.497202527569238e-13,5.0
65.10000000000058,509.90536148112005,-170.24305366870948,1.4340583210431213,4.9999999999999964,3.907985046680551e-15,-0.00014980393825300128,-7.490196954672354e-05,-0.0002996078779067453,323,9.136184338465886e-05,-4.6084752962638476e-06,-1.4988010832439613e-14,-3.747002708109898e-13,5.0
65.20000000000057,509.9735547318817,-169.74772581712978,1.4340283602553305,4.9999999999999964,3.907985046680551e-15,0.00015078103692596733,7.539051889148304e-05,0.0003015620752802657,323,5.160662099094014e-05,-3.456926308698094e-05,-1.4988010832439613e-14,-3.747002708109898e-13,5.0
65.30000000000057,510.041688378507,-169.25238976332636,1.4340585164628585,4.9999999999999964,3.907985046680551e-15,-0.00011233751862192849,-5.6168759488172726e-05,-0.00022467503783455173,324,7.201724885912142e-05,-4.413055556984347e-06,1.3100631690576847e-14,3.275157922644207e-13,5.0
65.40000000000056,510.10987225337885,-168.7570606210306,1.434036048959075,4.9999999999999964,3.907985046680551e-15,0.00011403244065582663,5.701622051326445e-05,0.00022806488192949023,324,4.172634135455634e-05,-2.6880559340414223e-05,1.3100631690576847e-14,3.275157922644207e-13,5.0
65.50000000000055,510.1780111929605,-168.261725295304,1.434058855447268,4.9999999999999964,3.907985046680551e-15,-8.421796784305702e-05,-4.210898399619475e-05,-0.0001684359359350014,325,5.679417195544184e-05,-4.074071175752536e-06,1.4988010832439613e-14,3.747002708109898e-13,5.0
65.60000000000055,510.24618793569994,-167.76639517129632,1.4340420118536745,4.9999999999999964,3.907985046680551e-15,8.62584184826624e-05,4.3129209321557076e-05,0.0001725168372327443,325,3.3702644371282064e-05,-2.0917664769193323e-05,1.4988010832439613e-14,3.747002708109898e-13,5.0
65.70000000000054,510.31433080037436,-167.27106038552617,1.4340592635373979,4.9999999999999964,3.907985046680551e-15,-6.311826908681078e-05,-3.155913457483762e-05,-0.00012623653827839557,326,4.4808416597277856e-05,-3.665981047618061e-06,-1.3100631690576847e-14,-3.275157922644207e-13,5.0
65.80000000000054,510.3825021153121,-166.77572951447164,1.43404663988357,4.9999999999999964,3.907985046680551e-15,6.526347590567912e-05,3.2631737987586826e-05,0.0001305269519271824,326,2.719585881251138e-05,-1.6289634875432668e-05,-1.3100631690576847e-14,-3.275157922644207e-13,5.0
65.90000000000053,510.45064788732384,-166.28039512867056,1.4340596925787628,4.9999999999999964,3.907985046680551e-15,-4.72897622858947e-05,-2.3644881156166742e-05,-9.457952461585398e-05,327,3.536691038955042e-05,-3.2369396547604623e-06,0.0,0.0,5.0
66.00000000000053,510.5188150695677,-165.78506368885988,1.434050234626301,4.9999999999999964,3.907985046680551e-15,4.939000086739059e-05,2.469500044875537e-05,9.878000178498136e-05,327,2.192600001089083e-05,-1.2694892116416057e-05,0.0,0.0,5.0
66.10000000000052,510.58696299231815,-165.28972959895208,1.4340601126264796,4.9999999999999964,3.907985046680551e-15,-3.541860927375963e-05,-1.77093046424338e-05,-7.08372185660325e-05,328,2.792605420111338e-05,-2.8168919659066205e-06,1.3100631690576847e-14,3.275157922644207e-13,5.0
66.20000000000051,510.6551270264202,-164.7943977259064,1.434053028904623,4.9999999999999964,3.907985046680551e-15,3.7386316689597876e-05,1.8693158351330965e-05,7.477263340096913e-05,328,1.7662955888134158e-05,-9.90061382255547e-06,1.3100631690576847e-14,3.275157922644207e-13,5.0
66.30000000000051,510.72327653798595,-164.29906385458995,1.434060506167963,4.9999999999999964,3.907985046680551e-15,-2.6517832294241593e-05,-1.3258916149451698e-05,-5.3035664596252823e-05,329,2.2059228133669562e-05,-2.4233504807291695e-06,-1.4988010832439613e-14,-3.747002708109898e-13,5.0
66.4000000000005,510.7914381727343,-163.80373165136828,1.4340552026015034,4.9999999999999964,3.907985046680551e-15,2.8307141741738882e-05,1.4153570873704733e-05,5.66142834929287e-05,329,1.4218094819348423e-05,-7.726916940287154e-06,-1.4988010832439613e-14,-3.747002708109898e-13,5.0
66.5000000000005,510.8595888562056,-163.3083979412875,1.4340608640298527,4.9999999999999964,3.907985046680551e-15,-1.984612118233971e-05,-9.923060592146951e-06,-3.9692242367936375e-05,330,1.74314217914473e-05,-2.06548856285238e-06,-1.3100631690576847e-14,-3.275157922644207e-13,5.0
66.60000000000049,510.9277486613363,-162.8130654862994,1.4340568948056158,4.9999999999999964,3.907985046680551e-15,2.1438485977322712e-05,1.071924298989302e-05,4.2876971958750945e-05,330,1.1437147193156527e-05,-6.034712799696251e-06,-1.3100631690576847e-14,-3.275157922644207e-13,5.0
66.70000000000049,510.99590020774014,-162.3177318949463,1.4340611825028118,4.9999999999999964,3.907985046680551e-15,-1.4846784305484287e-05,-7.423392153151223e-06,-2.9693568612332148e-05,331,1.3779412306159922e-05,-1.7470156057353137e-06,1.4988010832439613e-14,3.747002708109898e-13,5.0
66.80000000000048,511.0640586169536,-161.82239924787618,1.4340582131459505,4.9999999999999964,3.907985046680551e-15,1.624097850427036e-05,8.120489252670666e-06,3.248195701032565e-05,331,9.194208434350204e-06,-4.7163724670173934e-06,1.4988010832439613e-14,3.747002708109898e-13,5.0
66.90000000000047,511.1322107975892,-161.32706574378562,1.4340614613416516,4.9999999999999964,3.907985046680551e-15,-1.1101849417824965e-05,-5.550924709083522e-06,-2.2203698836220047e-05,332,1.0896266820166478e-05,-1.4681767939173085e-06,1.3100631690576847e-14,3.275157922644207e-13,5.0
67.00000000000047,511.2003681411903,-160.83173295008703,1.4340592409717678,4.9999999999999964,3.907985046680551e-15,1.2307098392753295e-05,6.1535491966096585e-06,2.4614196786283275e-05,332,7.3867160505693835e-06,-3.688546677649285e-06,1.3100631690576847e-14,3.275157922644207e-13,5.0
67.10000000000046,511.2685207870006,-160.33639950999938,1.4340617023914464,4.9999999999999964,3.907985046680551e-15,-8.29755907496328e-06,-4.14877953755305e-06,-1.6595118150164585e-05,333,8.619217270099122e-06,-1.2271269973496146e-06,-1.4988010832439613e-14,-3.747002708109898e-13,5.0
67.20000000000046,511.3366773166733,-159.84106660430567,1.4340600428796313,4.9999999999999964,3.907985046680551e-15,9.328893550295922e-06,4.664446775249446e-06,1.8657787100930112e-05,333,5.931264003054479e-06,-2.8866388124271225e-06,-1.4988010832439613e-14,-3.747002708109898e-13,5.0
67.30000000000045,511.404830302874,-159.34573321105228,1.4340619086583415,4.9999999999999964,3.907985046680551e-15,-6.1984358930776665e-06,-3.0992179465686014e-06,-1.2396871786254551e-05,334,6.820167974770641e-06,-1.0208600740302387e-06,8.881784197001252e-16,2.22044604925031e-14,5.0
67.40000000000045,511.47298621049345,-158.85040021976604,1.4340606689711628,4.9999999999999964,3.907985046680551e-15,7.0736136161586024e-06,3.536806808123543e-06,1.4147227232464667e-05,334,4.760128959085952e-06,-2.2605472527192916e-06,8.881784197001252e-16,2.22044604925031e-14,5.0
67.50000000000044,511.54113944512784,-158.35506686069473,1.434062083693886,4.9999999999999964,3.907985046680551e-15,-4.62779263901211e-06,-2.3138963195184437e-06,-9.25558527806551e-06,335,5.398258750573259e-06,-8.458245595033276e-07,1.4988010832439613e-14,3.747002708109898e-13,5.0
67.60000000000043,511.6092948770506,-157.8597338039547,1.4340611581353582,4.9999999999999964,3.907985046680551e-15,5.365314303034771e-06,2.6826571515366914e-06,1.0730628606133887e-05,335,3.8183983377647335e-06,-1.771383087323386e-06,1.4988010832439613e-14,3.747002708109898e-13,5.0
67.70000000000043,511.6774482924745,-157.36440046975835,1.4340622311982187,4.9999999999999964,3.907985046680551e-15,-3.453086576946591e-06,-1.7265432884784421e-06,-6.906173153910334e-06,336,4.274035344781213e-06,-6.983202267552002e-07,0.0,0.0,5.0
67.80000000000042,511.7456033603981,-156.86906736293395,1.4340615405809034,4.9999999999999964,3.907985046680551e-15,4.070968287467554e-06,2.0354841437422105e-06,8.141936574963214e-06,336,3.061603611655833e-06,-1.3889375420905736e-06,0.0,0.0,5.0
67.90000000000042,511.8137569069503,-156.3737340467797,1.434062354774561,4.9999999999999964,3.907985046680551e-15,-2.574914762706492e-06,-1.2874573813553801e-06,-5.149829525420094e-06,337,3.384876946253834e-06,-5.747438844849739e-07,-1.4988010832439613e-14,-3.747002708109898e-13,5.0
68.00000000000041,511.8819116961687,-155.87840090160708,1.4340618397916085,4.9999999999999964,3.907985046680551e-15,3.089976762297779e-06,1.5449883811525774e-06,6.179953524607847e-06,337,2.4537763044577e-06,-1.0897268369891577e-06,-1.4988010832439613e-14,-3.747002708109898e-13,5.0
68.1000000000004,511.95006533747073,-155.38306759848962,1.434062457786961,4.9999999999999964,3.907985046680551e-15,-1.9187489505200573e-06,-9.593744752609117e-07,-3.8374979010430555e-06,338,2.681407048232831e-06,-4.717314545654716e-07,-1.4988010832439613e-14,-3.747002708109898e-13,5.0
68.2000000000004,512.0182199131533,-154.88773442393583,1.4340620740371708,4.9999999999999964,3.907985046680551e-15,2.34624850579856e-06,1.1731242529008946e-06,4.692497011602499e-06,338,1.965854102089007e-06,-8.554812447325588e-07,-1.4988010832439613e-14,-3.747002708109898e-13,5.0
68.3000000000004,512.0863736226224,-154.39240113019756,1.4340625432868719,4.9999999999999964,3.907985046680551e-15,-1.4287269189458016e-06,-7.143634594732654e-07,-2.857453837892817e-06,339,2.1246756558776503e-06,-3.862315436364838e-07,2.90878432451791e-14,7.271960811294765e-13,5.0
68.40000000000039,512.154528034592,-153.89706793311797,1.434062257541488,4.9999999999999964,3.907985046680551e-15,1.7822170839205555e-06,8.911085419609854e-07,3.5644341678434674e-06,339,1.5743781670452678e-06,-6.719769274354803e-07,2.90878432451791e-14,7.271960811294765e-13,5.0
68.50000000000038,512.2226817928571,-153.40173464609362,1.4340626139849049,4.9999999999999964,3.907985046680551e-15,-1.062991051279095e-06,-5.314955256396977e-07,-2.1259821025586895e-06,340,1.6839439236845943e-06,-3.1553356882874084e-07,9.992007221626409e-16,2.4980018054065987e-14,5.0
68.60000000000038,512.290836079227,-152.9064014317324,1.4340624013866947,4.9999999999999964,3.907985046680551e-15,1.3543210803494016e-06,6.771605401750113e-07,2.7086421606998367e-06,340,1.260429372549124e-06,-5.281317789762596e-07,9.992007221626409e-16,2.4980018054065987e-14,5.0
68.70000000000037,512.3589898722164,-152.41106814948583,1.4340626722509109,4.9999999999999964,3.907985046680551e-15,-7.901875151047799e-07,-3.950937575524516e-07,-1.5803750302097643e-06,341,1.3349436776069479e-06,-2.5726750663146447e-07,-2.90878432451791e-14,-7.271960811294765e-13,5.0
68.80000000000037,512.4271440621609,-151.9157349218572,1.4340625142134078,4.9999999999999964,3.907985046680551e-15,1.0295889957886434e-06,5.147944978944581e-07,2.05917799157774e-06,341,1.008763048778935e-06,-4.1530500971553863e-07,-2.90878432451791e-14,-7.271960811294765e-13,5.0
68.90000000000036,512.4952978796887,-151.42040164298692,1.434062720131207,4.9999999999999964,3.907985046680551e-15,-5.868377302585183e-07,-2.934188651292844e-07,-1.1736754605171198e-06,342,1.058507879944659e-06,-2.0938720846075398e-07,-9.992007221626409e-16,-2.4980018054065987e-14,5.0
69.00000000000036,512.5634519955536,-150.92506840516546,1.434062602763661,4.9999999999999964,3.907985046680551e-15,7.8305847973378e-07,3.9152923986695e-07,1.566116959467759e-06,342,8.07104787819285e-07,-3.267547545870997e-07,-9.992007221626409e-16,-2.4980018054065987e-14,5.0
69.10000000000035,512.6316058302768,-150.42973512866115,1.434062759375357,4.9999999999999964,3.907985046680551e-15,-4.353688243296361e-07,-2.1768441216482837e-07,-8.707376486593062e-07,343,8.394920287049801e-07,-1.7014305853102485e-07,9.992007221626409e-16,2.4980018054065987e-14,5.0
69.20000000000034,512.699759889189,-149.93440188300343,1.4340626723015921,4.9999999999999964,3.907985046680551e-15,5.958260051055497e-07,2.979130025528013e-07,1.1916520102111866e-06,343,6.455782991417192e-07,-2.572168233960781e-07,9.992007221626409e-16,2.4980018054065987e-14,5.0
69.30000000000034,512.7679137358391,-149.43906860814013,1.4340627914667932,4.9999999999999964,3.907985046680551e-15,-3.226321054770442e-07,-1.6131605273852627e-07,-6.452642109541019e-07,344,6.65926399863459e-07,-1.380516243543184e-07,2.90878432451791e-14,7.271960811294765e-13,5.0
69.40000000000033,512.8360677509341,-148.94373535645352,1.434062726940372,4.9999999999999964,3.907985046680551e-15,4.5357247821279256e-07,2.2678623910640793e-07,9.071449564256233e-07,344,5.162425574037344e-07,-2.0257804544954183e-07,2.90878432451791e-14,7.271960811294765e-13,5.0
69.50000000000033,512.9042216057513,-148.44840208271395,1.4340628176548678,4.9999999999999964,3.907985046680551e-15,-2.3879420095042213e-07,-1.1939710047521279e-07,-4.775884019008497e-07,345,5.283465877928273e-07,-1.1186360593384848e-07,0.0,0.0,5.0
69.60000000000032,512.9723755871107,-147.9530688263856,1.4340627698960275,4.9999999999999964,3.907985046680551e-15,3.454482719742774e-07,1.7272413598714386e-07,6.908965439485716e-07,345,4.127162127488121e-07,-1.5962244614975418e-07,0.0,0.0,5.0
69.70000000000032,513.0405294474292,-147.45773555340296,1.434062838985682,4.9999999999999964,3.907985046680551e-15,-1.765046810966265e-07,-8.825234054831393e-08,-3.530093621932551e-07,346,4.192670869859749e-07,-9.05327355305019e-08,-2.90878432451791e-14,-7.271960811294765e-13,5.0
69.80000000000031,513.1086834027957,-146.96240229349817,1.4340628036847458,4.9999999999999964,3.907985046680551e-15,2.63230190918108e-07,1.316150954590563e-07,5.264603818362233e-07,346,3.2987453359341334e-07,-1.258336717047115e-07,-2.90878432451791e-14,-7.271960811294765e-13,5.0
69.9000000000003,513.1768372667402,-146.46706902101445,1.434062856330784,4.9999999999999964,3.907985046680551e-15,-1.3027023610267016e-07,-6.513511805133536e-08,-2.605404722053411e-07,347,3.327653120485663e-07,-7.318763151076269e-08,2.708944180085382e-14,6.772360450213445e-13,5.0
70.0000000000003,513.2449912020644,-145.971735758352,1.4340628302767369,4.9999999999999964,3.907985046680551e-15,2.0068346372205965e-07,1.0034173186103083e-07,4.013669274441224e-07,347,2.636038952206349e-07,-9.924167865271727e-08,2.708944180085382e-14,6.772360450213445e-13,5.0
70.10000000000029,513.3131450683278,-145.47640248618734,1.4340628704134295,4.9999999999999964,3.907985046680551e-15,-9.599031627281119e-08,-4.79951581364057e-08,-1.9198063254562262e-07,348,2.6415387149175684e-07,-5.9105042193863255e-08,9.992007221626409e-16,2.4980018054065987e-14,5.0
70.20000000000029,513.3812989881864,-144.98106922139695,1.4340628512153661,4.9999999999999964,3.907985046680551e-15,1.5307979828750114e-07,7.653989914375102e-08,3.0615959657500355e-07,348,2.106037490477719e-07,-7.830310555512199e-08,9.992007221626409e-16,2.4980018054065987e-14,5.0
70.30000000000028,513.449452855868,-144.48573594942744,1.434062881831326,4.9999999999999964,3.907985046680551e-15,-7.060422137139604e-08,-3.530211068569807e-08,-1.4120844274279211e-07,349,2.0972209530817354e-07,-4.7687091608850096e-08,-2.708944180085382e-14,-6.772360450213445e-13,5.0
70.40000000000028,513.5176067637835,-143.9904026829938,1.4340628677104816,4.9999999999999964,3.907985046680551e-15,1.168320032165035e-07,5.8416001608251946e-08,2.336640064330075e-07,349,1.6822754865357392e-07,-6.180793588050904e-08,-2.708944180085382e-14,-6.772360450213445e-13,5.0
70.50000000000027,513.5857606322719,-143.49506941113526,1.4340628910768822,4.9999999999999964,3.907985046680551e-15,-5.1828036459725786e-08,-2.591401822986291e-08,-1.0365607291945156e-07,350,1.6653168359581638e-07,-3.8441535288313844e-08,2.808864252301646e-14,7.022160630754105e-13,5.0
70.60000000000026,513.6539145309576,-142.99973614343165,1.434062880711275,4.9999999999999964,3.907985046680551e-15,8.921757275900667e-08,4.460878637950342e-08,1.7843514551801353e-07,350,1.3435387716774494e-07,-4.880714254973384e-08,2.808864252301646e-14,7.022160630754105e-13,5.0
70.70000000000026,513.7220683998455,-142.5044028716281,1.4340628985547894,4.9999999999999964,3.907985046680551e-15,-3.796079316960415e-08,-1.8980396584802084e-08,-7.592158633920827e-08,351,1.3225466478222758e-07,-3.096368428323615e-08,-9.992007221626409e-16,-2.4980018054065987e-14,5.0
70.80000000000025,513.7902222913928,-142.00906960294228,1.4340628909626307,4.9999999999999964,3.907985046680551e-15,6.816957390137818e-08,3.408478695068913e-08,1.363391478027564e-07,351,1.0728259462744472e-07,-3.855584296275083e-08,-9.992007221626409e-16,-2.4980018054065987e-14,5.0
70.90000000000025,513.8583761604157,-141.5137363311573,1.4340629045965456,4.9999999999999964,3.907985046680551e-15,-2.7735313608465542e-08,-1.3867656804232773e-08,-5.547062721693105e-08,352,1.0504702704916546e-07,-2.4921869901106675e-08,-2.90878432451791e-14,-7.271960811294765e-13,5.0
71.00000000000024,513.9265300464377,-141.01840306171127,1.4340628990494828,4.9999999999999964,3.907985046680551e-15,5.2118266417376784e-08,2.605913320868841e-08,1.0423653283475356e-07,352,8.565222166766195e-08,-3.0468932710192576e-08,-2.90878432451791e-14,-7.271960811294765e-13,5.0
71.10000000000024,513.9946839154303,-140.52306978992212,1.434062909473136,4.9999999999999964,3.907985046680551e-15,-2.0207427874354826e-08,-1.0103713937177415e-08,-4.041485574870963e-08,353,8.344740761584424e-08,-2.0045279436331498e-08,2.90878432451791e-14,7.271960811294765e-13,5.0
71.20000000000023,514.0628377971724,-140.02773651988718,1.4340629054316505,4.9999999999999964,3.907985046680551e-15,3.987068189882492e-08,1.9935340949412465e-08,7.974136379764981e-08,353,6.837289504880995e-08,-2.408676502696494e-08,2.90878432451791e-14,7.271960811294765e-13,5.0
71.30000000000022,514.130991666037,-139.53240324808044,1.434062913405787,4.9999999999999964,3.907985046680551e-15,-1.467649725349267e-08,-7.338248626746337e-09,-2.9352994506985323e-08,354,6.629720471912348e-08,-1.611268674039934e-08,9.992007221626409e-16,2.4980018054065987e-14,5.0
71.40000000000022,514.1991455444612,-139.03706997758903,1.4340629104704874,4.9999999999999964,3.907985046680551e-15,3.052031902032079e-08,1.5260159510160397e-08,6.104063804064154e-08,354,5.457175474878062e-08,-1.9047986299369768e-08,9.992007221626409e-16,2.4980018054065987e-14,5.0
71.50000000000021,514.2672994131457,-138.5417367057575,1.434062916574551,4.9999999999999964,3.907985046680551e-15,-1.0621584293043867e-08,-5.310792146521933e-09,-2.124316858608772e-08,355,5.26778206680345e-08,-1.2943866423142936e-08,-2.808864252301646e-14,-7.022160630754105e-13,5.0
71.60000000000021,514.3354532889961,-138.04640343491192,1.4340629144502341,4.9999999999999964,3.907985046680551e-15,2.3377821553305944e-08,1.1688910776652974e-08,4.6755643106611855e-08,355,4.355052083716837e-08,-1.506818336771687e-08,-2.808864252301646e-14,-7.022160630754105e-13,5.0
71.7000000000002,514.4036071574782,-137.55107016305254,1.4340629191257985,4.9999999999999964,3.907985046680551e-15,-7.655189130884886e-09,-3.827594565442443e-09,-1.5310378261769763e-08,356,4.186096642239123e-08,-1.0392618987609126e-08,-9.992007221626409e-16,-2.4980018054065987e-14,5.0
71.8000000000002,514.4717610313302,-137.055736891932,1.4340629175947608,4.9999999999999964,3.907985046680551e-15,1.7918545849182353e-08,8.959272924591178e-09,3.583709169836469e-08,356,3.475087999305071e-08,-1.1923656728640708e-08,-9.992007221626409e-16,-2.4980018054065987e-14,5.0
71.90000000000019,514.5399148996069,-136.56040362004435,1.43406292117847,4.9999999999999964,3.907985046680551e-15,-5.4911135298332175e-09,-2.7455567649166088e-09,-1.0982227059666428e-08,357,3.326858152158385e-08,-8.339945622992673e-09,-9.992007221626409e-16,-2.4980018054065987e-14,5.0
72.00000000000018,514.6080687719061,-136.06507034871018,1.4340629200802473,4.9999999999999964,3.907985046680551e-15,1.3743293661605547e-08,6.871646830802775e-09,2.7486587323211077e-08,357,2.772586014596068e-08,-9.438168246944656e-09,-9.992007221626409e-16,-2.4980018054065987e-14,5.0
72.10000000000018,514.6762226399857,-135.5697370767954,1.434062922828906,4.9999999999999964,3.907985046680551e-15,-3.9170689040771005e-09,-1.9585344520385503e-09,-7.834137808154196e-09,358,2.6442666986592478e-08,-6.689509612911593e-09,2.90878432451791e-14,7.271960811294765e-13,5.0
72.20000000000017,514.7443765110776,-135.0744038052951,1.4340629220454921,4.9999999999999964,3.907985046680551e-15,1.0548102519043444e-08,5.274051259521722e-09,2.1096205038086874e-08,358,2.211867514839705e-08,-7.4729233912052e-09,2.90878432451791e-14,7.271960811294765e-13,5.0
72.30000000000017,514.812530378975,-134.57907053335526,1.4340629241551126,4.9999999999999964,3.907985046680551e-15,-2.7760225274124926e-09,-1.3880112637062463e-09,-5.552045054824982e-09,359,2.1019234450192492e-08,-5.363361088583929e-09,9.992007221626409e-16,2.4980018054065987e-14,5.0
72.40000000000016,514.8806842491274,-134.0837372617257,1.434062923599908,4.9999999999999964,3.907985046680551e-15,8.101392662081143e-09,4.050696331040571e-09,1.6202785324162276e-08,359,1.7643572091177728e-08,-5.918565637585971e-09,9.992007221626409e-16,2.4980018054065987e-14,5.0
72.50000000000016,514.9488381168609,-133.58840398976332,1.4340629252201866,4.9999999999999964,3.907985046680551e-15,-1.9523944166925253e-09,-9.761972083462627e-10,-3.904788833385048e-09,360,1.6709588733510028e-08,-4.298230882326948e-09,-2.808864252301646e-14,-7.022160630754105e-13,5.0
72.60000000000015,515.0169919862817,-133.0930707180331,1.4340629248297077,4.9999999999999964,3.907985046680551e-15,6.2266607404226914e-09,3.1133303702113457e-09,1.2453321480845375e-08,360,1.4072423202421414e-08,-4.688709864808516e-09,-2.808864252301646e-14,-7.022160630754105e-13,5.0
72.70000000000014,515.0851458538704,-132.59773744605076,1.4340629260750397,4.9999999999999964,3.907985046680551e-15,-1.3597849399014163e-09,-6.798924699507082e-10,-2.719569879802831e-09,361,1.328475388029382e-08,-3.443377805112391e-09,2.708944180085382e-14,6.772360450213445e-13,5.0
72.80000000000014,515.153299722721,-132.10240417424208,1.4340629258030828,4.9999999999999964,3.907985046680551e-15,4.7891526575169275e-09,2.3945763287584637e-09,9.578305315033848e-09,361,1.1223098977941603e-08,-3.7153347065554954e-09,2.708944180085382e-14,6.772360450213445e-13,5.0
72.90000000000013,515.2214535901835,-131.6070709022424,1.4340629267609133,4.9999999999999964,3.907985046680551e-15,-9.36130391384961e-10,-4.680651956924805e-10,-1.8722607827699206e-09,362,1.0562718602558085e-08,-2.7575584038430634e-09,-9.992007221626409e-16,-2.4980018054065987e-14,5.0
73.00000000000013,515.2896074585896,-131.11173763037255,1.4340629265736873,4.9999999999999964,3.907985046680551e-15,3.686218585219216e-09,1.8431092926096078e-09,7.372437170438427e-09,362,8.949856848683435e-09,-2.9447844163144055e-09,-9.992007221626409e-16,-2.4980018054065987e-14,5.0
73.10000000000012,515.3577613259436,-130.61640435835793,1.434062927310931,4.9999999999999964,3.907985046680551e-15,-6.352492607156459e-10,-3.1762463035782296e-10,-1.270498521431291e-09,363,8.398941701848184e-09,-2.2074844174824193e-09,-2.708944180085382e-14,-6.772360450213445e-13,5.0
73.20000000000012,515.4259151940026,-130.12107108644034,1.4340629271838812,4.9999999999999964,3.907985046680551e-15,2.8394314427794962e-09,1.4197157213897481e-09,5.678862885558988e-09,363,7.136346421784956e-09,-2.3345343436176336e-09,-2.708944180085382e-14,-6.772360450213445e-13,5.0
73.30000000000011,515.4940690612641,-129.625737814413,1.4340629277517674,4.9999999999999964,3.907985046680551e-15,-4.224246319242367e-10,-2.1121231596211834e-10,-8.448492638484728e-10,364,6.6789504482578366e-09,-1.7666501594959527e-09,2.90878432451791e-14,7.271960811294765e-13,5.0
73.4000000000001,515.562222929052,-129.13040454245808,1.4340629276672825,4.9999999999999964,3.907985046680551e-15,2.188659898072907e-09,1.0943299490364536e-09,4.377319796145811e-09,364,5.690053267101702e-09,-1.8511350230454582e-09,2.90878432451791e-14,7.271960811294765e-13,5.0
73.5000000000001,515.6303767962352,-128.63507127041996,1.4340629281050146,4.9999999999999964,3.907985046680551e-15,-2.7366635511128324e-10,-1.3683317755564162e-10,-5.473327102225661e-10,365,5.311636887272986e-09,-1.4134591275194452e-09,-5.551115123125783e-16,-1.3877787807814438e-14,5.0
73.6000000000001,515.6985306638113,-128.13973799843592,1.4340629280502812,4.9999999999999964,3.907985046680551e-15,1.6883354267545586e-09,8.441677133772793e-10,3.376670853509115e-09,365,4.536504335378444e-09,-1.4681924564996507e-09,-5.551115123125783e-16,-1.3877787807814438e-14,5.0
73.70000000000009,515.7666845309286,-127.64440472638876,1.4340629283879482,4.9999999999999964,3.907985046680551e-15,-1.7103844140352081e-10,-8.551922070176041e-11,-3.420768828070414e-10,366,4.224508472205901e-09,-1.1304681635238012e-09,-2.864375403532904e-14,-7.16093850883225e-13,5.0
73.80000000000008,515.8348383983392,-127.14907145438194,1.4340629283537405,4.9999999999999964,3.907985046680551e-15,1.3034827190507824e-09,6.517413595253912e-10,2.606965438101563e-09,366,3.616492744162869e-09,-1.1646759112693417e-09,-2.864375403532904e-14,-7.16093850883225e-13,5.0
73.90000000000008,515.9029922654016,-126.6537381823272,1.434062928614437,4.9999999999999964,3.907985046680551e-15,-1.0038845585854699e-10,-5.01942279292735e-11,-2.0077691171709384e-10,367,3.360038650090935e-09,-9.039793358311954e-10,2.8199664825478976e-14,7.049916206369734e-13,5.0
74.00000000000007,515.9711461326825,-126.15840491030254,1.4340629285943594,4.9999999999999964,3.907985046680551e-15,1.007009506637364e-09,5.03504753318682e-10,2.014019013274727e-09,367,2.882961827599395e-09,-9.240570530977266e-10,2.8199664825478976e-14,7.049916206369734e-13,5.0
74.10000000000007,516.0392999996991,-125.6630716382415,1.4340629287957614,4.9999999999999964,3.907985046680551e-15,-5.3094334522504404e-11,-2.6547167261252202e-11,-1.0618866904500874e-10,368,2.6726642288199542e-09,-7.227114462438067e-10,0.0,0.0,5.0
74.20000000000006,516.1074538668785,-125.16773836620287,1.4340629287851425,4.9999999999999964,3.907985046680551e-15,7.785732408483569e-10,3.8928662042417847e-10,1.5571464816967129e-09,368,2.2980381261111793e-09,-7.333302853851364e-10,0.0,0.0,5.0
74.30000000000005,516.1756077338572,-124.67240509413662,1.434062928940857,4.9999999999999964,3.907985046680551e-15,-2.235625632785063e-11,-1.1178128163925315e-11,-4.471251265570123e-11,369,2.1259363922054852e-09,-5.775593336920792e-10,-2.7644553313166398e-14,-6.911138328291589e-13,5.0
74.40000000000005,516.2437616009571,-124.17707182208706,1.4340629289363858,4.9999999999999964,3.907985046680551e-15,6.024959994854212e-10,3.012479997427106e-10,1.2049919989708415e-09,369,1.831553467918079e-09,-5.820306459014546e-10,-2.7644553313166398e-14,-6.911138328291589e-13,5.0
74.50000000000004,516.3119154679044,-123.6817385500165,1.434062929056885,4.9999999999999964,3.907985046680551e-15,-2.515266245313286e-12,-1.257633122656643e-12,-5.0305324906265684e-12,370,1.691231113487568e-09,-4.615325899237632e-10,0.0,0.0,5.0
74.60000000000004,516.3800693349419,-123.18640527795836,1.4340629290563818,4.9999999999999964,3.907985046680551e-15,4.665439322263622e-10,2.332719661131811e-10,9.330878644527237e-10,370,1.4598491512862743e-09,-4.6203574299852335e-10,0.0,0.0,5.0
74.70000000000003,516.4482232018635,-122.69107200588425,1.4340629291496905,4.9999999999999964,3.907985046680551e-15,9.441008430448204e-12,4.720504215224102e-12,1.8882016860896395e-11,371,1.345464059610002e-09,-3.6872593867087744e-10,-9.992007221626409e-16,-2.4980018054065987e-14,5.0
74.80000000000003,516.5163770688521,-122.19573873381937,1.4340629291515787,4.9999999999999964,3.907985046680551e-15,3.6158004475860874e-10,1.8079002237930437e-10,7.23160089517217e-10,371,1.1634298836826762e-09,-3.6683767135059497e-10,-9.992007221626409e-16,-2.4980018054065987e-14,5.0
74.90000000000002,516.5845309357525,-121.70040546174236,1.4340629292238947,4.9999999999999964,3.907985046680551e-15,1.6174339401908407e-11,8.087169700954204e-12,3.2348678803816795e-11,372,1.0705024436341581e-09,-2.9452085215098123e-10,2.8199664825478976e-14,7.049916206369734e-13,5.0
75.00000000000001,516.6526848027027,-121.2050721896722,1.4340629292271296,4.9999999999999964,3.907985046680551e-15,2.8043037237634124e-10,1.4021518618817062e-10,5.608607447526821e-10,372,9.272567973866996e-10,-2.9128588430182845e-10,2.8199664825478976e-14,7.049916206369734e-13,5.0
75.10000000000001,516.7208386695858,-120.7097389175928,1.4340629292832157,4.9999999999999964,3.907985046680551e-15,1.9462439957382662e-11,9.731219978691331e-12,3.89248799147653e-11,373,8.516863811425246e-10,-2.3525714709649037e-10,9.992007221626409e-16,2.4980018054065987e-14,5.0
75.2,516.7889925365057,-120.21440564551848,1.434062929287108,4.9999999999999964,3.907985046680551e-15,2.1762243241902962e-10,1.088112162095148e-10,4.352448648380589e-10,373,7.389361587895049e-10,-2.3136470517215457e-10,9.992007221626409e-16,2.4980018054065987e-14,5.0
75.3,516.8571464033746,-119.71907237343714,1.4340629293306326,4.9999999999999964,3.907985046680551e-15,2.0063674877353596e-11,1.0031837438676798e-11,4.0127349754707166e-11,374,6.776865943414201e-10,-1.8778489874193838e-10,-2.8199664825478976e-14,-7.049916206369734e-13,5.0
75.39999999999999,516.9253002702709,-119.22373910135957,1.4340629293346454,4.9999999999999964,3.907985046680551e-15,1.6909281727298097e-10,8.454640863649049e-11,3.3818563454596174e-10,374,5.888337491211093e-10,-1.837721086417332e-10,-2.8199664825478976e-14,-7.049916206369734e-13,5.0
75.49999999999999,516.9934541371283,-118.72840582927664,1.434062929368464,4.9999999999999964,3.907985046680551e-15,1.9885353644766557e-11,9.942676822383279e-12,3.977070728953309e-11,375,5.392851096241991e-10,-1.499524948656017e-10,2.7644553313166398e-14,6.911138328291589e-13,5.0
75.59999999999998,517.061608004006,-118.2330725571965,1.434062929372441,4.9999999999999964,3.907985046680551e-15,1.3144144360597776e-10,6.572072180298888e-11,2.6288288721195536e-10,375,4.692540557516001e-10,-1.4597545394678946e-10,2.7644553313166398e-14,6.911138328291589e-13,5.0
75.69999999999997,517.1297618708539,-117.73773928511227,1.4340629293987293,4.9999999999999964,3.907985046680551e-15,1.8658549176119773e-11,9.329274588059887e-12,3.731709835223952e-11,376,4.291436442316332e-10,-1.197435484101561e-10,5.551115123125783e-16,1.3877787807814438e-14,5.0
75.79999999999997,517.1979157377169,-117.2424060130301,1.434062929402461,4.9999999999999964,3.907985046680551e-15,1.022706191474882e-10,5.113530957374411e-11,2.0454123829497628e-10,376,3.7388817562822307e-10,-1.1601186677978603e-10,5.551115123125783e-16,1.3877787807814438e-14,5.0
75.89999999999996,517.2660696045573,-116.74707274094483,1.434062929422915,4.9999999999999964,3.907985046680551e-15,1.6642789540680372e-11,8.321394770340186e-12,3.3285579081360725e-11,377,3.4144422705884026e-10,-9.550249480128059e-11,-2.8199664825478976e-14,-7.049916206369734e-13,5.0
75.99999999999996,517.3342234714088,-116.25173946886108,1.4340629294262435,4.9999999999999964,3.907985046680551e-15,7.970837290185983e-11,3.9854186450929914e-11,1.5941674580371955e-10,377,2.9780855212435675e-10,-9.217404617345437e-11,-2.8199664825478976e-14,-7.049916206369734e-13,5.0
76.09999999999995,517.402377338243,-115.75640619677495,1.4340629294421852,4.9999999999999964,3.907985046680551e-15,1.5056811620382472e-11,7.528405810191236e-12,3.0113623240764925e-11,378,2.716714006534282e-10,-7.623124353983712e-11,2.7644553313166398e-14,6.911138328291589e-13,5.0
76.19999999999995,517.4705312050853,-115.26107292468994,1.4340629294451965,4.9999999999999964,3.907985046680551e-15,6.204610505612918e-11,3.102305252806459e-11,1.240922101122583e-10,378,2.373294252094871e-10,-7.321987460784385e-11,2.7644553313166398e-14,6.911138328291589e-13,5.0
76.29999999999994,517.5386850719145,-114.76573965260313,1.4340629294576057,4.9999999999999964,3.907985046680551e-15,1.3279332494475953e-11,6.6396662472379765e-12,2.655866498895189e-11,379,2.1615480239045581e-10,-6.086708914665451e-11,0.0,0.0,5.0
76.39999999999993,517.6068389387497,-114.27040638051713,1.4340629294602616,4.9999999999999964,3.907985046680551e-15,4.8350658695880746e-11,2.4175329347940373e-11,9.670131739176143e-11,379,1.8901564514950397e-10,-5.821121362714621e-11,0.0,0.0,5.0
76.49999999999993,517.6749928055748,-113.77507310842975,1.4340629294699316,4.9999999999999964,3.907985046680551e-15,1.117604817994492e-11,5.58802408997246e-12,2.2352096359889822e-11,380,1.7194974610834635e-10,-4.8484771753010136e-11,-2.8199664825478976e-14,-7.049916206369734e-13,5.0
76.59999999999992,517.7431466724044,-113.27973983634298,1.4340629294721667,4.9999999999999964,3.907985046680551e-15,3.7792991905423543e-11,1.8896495952711772e-11,7.558598381084704e-11,380,1.504620473352647e-10,-4.624967075983477e-11,-2.8199664825478976e-14,-7.049916206369734e-13,5.0
76.69999999999992,517.8113005392262,-112.78440656425515,1.4340629294797254,4.9999999999999964,3.907985046680551e-15,9.77723100293795e-12,4.888615501468975e-12,1.9554462005875887e-11,381,1.368354249353665e-10,-3.869105036358178e-11,2.864375403532904e-14,7.16093850883225e-13,5.0
76.79999999999991,517.8794544060512,-112.28907329216776,1.434062929481681,4.9999999999999964,3.907985046680551e-15,2.9456217066077606e-11,1.4728108533038803e-11,5.891243413215517e-11,381,1.1993797968679054e-10,-3.673550352800703e-11,2.864375403532904e-14,7.16093850883225e-13,5.0
76.8999999999999,517.9476082728704,-111.79374002007957,1.4340629294875722,4.9999999999999964,3.907985046680551e-15,8.388770813468858e-12,4.194385406734429e-12,1.6777541626937707e-11,382,1.0886077456140342e-10,-3.090150357820676e-11,0.0,0.0,5.0
76.9999999999999,518.0157621396919,-111.29840674799169,1.43406292948925,4.9999999999999964,3.907985046680551e-15,2.2983623078166153e-11,1.1491811539083076e-11,4.5967246156332273e-11,382,9.549194768254665e-11,-2.922373454339322e-11,0.0,0.0,5.0
77.0999999999999,518.083916006509,-110.8030734759032,1.4340629294938467,4.9999999999999964,3.907985046680551e-15,6.7693402220908325e-12,3.3846701110454162e-12,1.3538680444181655e-11,383,8.657361633135352e-11,-2.4569679624164564e-11,-2.864375403532904e-14,-7.16093850883225e-13,5.0
77.19999999999989,518.1520698733277,-110.30774020381496,1.4340629294952005,4.9999999999999964,3.907985046680551e-15,1.8009299378216687e-11,9.004649689108343e-12,3.601859875643335e-11,383,7.598681926734852e-11,-2.321587366793665e-11,-2.864375403532904e-14,-7.16093850883225e-13,5.0
77.29999999999988,518.2202237401431,-109.81240693172623,1.4340629294988023,4.9999999999999964,3.907985046680551e-15,5.808235802021262e-12,2.904117901010631e-12,1.1616471604042515e-11,384,6.890189807595704e-11,-1.9614088131447716e-11,0.0,0.0,5.0
77.39999999999988,518.2883776069597,-109.31707365963767,1.434062929499964,4.9999999999999964,3.907985046680551e-15,1.411233305467703e-11,7.056166527338515e-12,2.8224666109354042e-11,384,6.049759825044188e-11,-1.8452350758479952e-11,0.0,0.0,5.0
77.49999999999987,518.3565314737735,-108.82174038754876,1.4340629295027865,4.9999999999999964,3.907985046680551e-15,4.8320916291423396e-12,2.4160458145711698e-12,9.664183258284673e-12,385,5.47874245970803e-11,-1.562994178527788e-11,0.0,0.0,5.0
77.59999999999987,518.4246853405883,-108.32640711545997,1.4340629295037528,4.9999999999999964,3.907985046680551e-15,1.100715824850401e-11,5.503579124252005e-12,2.2014316497008004e-11,385,4.8216134210243844e-11,-1.4663603664644143e-11,0.0,0.0,5.0
77.69999999999986,518.4928392074012,-107.8310738433709,1.4340629295059542,4.9999999999999964,3.907985046680551e-15,4.102289847091892e-12,2.051144923545946e-12,8.204579694183778e-12,386,4.3655461190450495e-11,-1.2462253451417382e-11,2.8199664825478976e-14,7.049916206369734e-13,5.0
77.79999999999986,518.5609930742146,-107.33574057128192,1.4340629295067746,4.9999999999999964,3.907985046680551e-15,8.582536563712134e-12,4.291268281856067e-12,1.7165073127424255e-11,386,3.846280065278318e-11,-1.1641798636219391e-11,2.8199664825478976e-14,7.049916206369734e-13,5.0
77.89999999999985,518.6291469410265,-106.84040729919273,1.434062929508491,4.9999999999999964,3.907985046680551e-15,3.48534616060591e-12,1.742673080302955e-12,6.970692321211815e-12,387,3.47288447999361e-11,-9.981793169799857e-12,0.0,0.0,5.0
77.99999999999984,518.6973008078388,-106.3450740271036,1.434062929509188,4.9999999999999964,3.907985046680551e-15,6.668020996501502e-12,3.334010498250751e-12,1.3336041993002996e-11,387,3.065361159348967e-11,-9.284795154940184e-12,0.0,0.0,5.0
78.09999999999984,518.76545467465,-105.84974075501432,1.4340629295105216,4.9999999999999964,3.907985046680551e-15,2.548769789015838e-12,1.274384894507919e-12,5.097539578031673e-12,388,2.7702180827038347e-11,-7.894795928109488e-12,-2.7644553313166398e-14,-6.911138328291589e-13,5.0
78.19999999999983,518.8336085414616,-105.35440748292508,1.4340629295110314,4.9999999999999964,3.907985046680551e-15,5.336912762983108e-12,2.668456381491554e-12,1.067382552596621e-11,388,2.434639469195421e-11,-7.384981515201616e-12,-2.7644553313166398e-14,-6.911138328291589e-13,5.0
78.29999999999983,518.9017624082721,-104.85907421083571,1.4340629295120988,4.9999999999999964,3.907985046680551e-15,2.295401972794896e-12,1.147700986397448e-12,4.590803945589789e-12,389,2.2077471795167725e-11,-6.318723322351616e-12,2.8199664825478976e-14,7.049916206369734e-13,5.0
78.39999999999982,518.9699162750829,-104.36374093874637,1.434062929512558,4.9999999999999964,3.907985046680551e-15,4.1410544745947075e-12,2.0705272372973538e-12,8.28210894918941e-12,389,1.9523067190663213e-11,-5.859535079366651e-12,2.8199664825478976e-14,7.049916206369734e-13,5.0
78.49999999999982,519.0380701418931,-103.86840766665694,1.4340629295133862,4.9999999999999964,3.907985046680551e-15,1.9412947704731633e-12,9.706473852365816e-13,3.882589540946324e-12,390,1.7626060333508775e-11,-5.086597809622617e-12,-5.551115123125783e-16,-1.3877787807814438e-14,5.0
78.59999999999981,519.1062240087033,-103.37307439456752,1.4340629295137746,4.9999999999999964,3.907985046680551e-15,3.208318068000169e-12,1.6041590340000847e-12,6.416636136000334e-12,390,1.5616827275799494e-11,-4.6982417956087374e-12,-5.551115123125783e-16,-1.3877787807814438e-14,5.0
78.6999999999998,519.1743778755131,-102.87774112247804,1.4340629295144163,4.9999999999999964,3.907985046680551e-15,1.3183588650855921e-12,6.591794325427961e-13,2.6367177301711826e-12,391,1.4044022889070362e-11,-4.000133557724439e-12,-2.8199664825478976e-14,-7.049916206369734e-13,5.0
78.7999999999998,519.242531742323,-102.38240785038857,1.4340629295146798,4.9999999999999964,3.907985046680551e-15,2.5691415727777136e-12,1.2845707863888568e-12,5.138283145555424e-12,391,1.2408621005710607e-11,-3.736566611678427e-12,-2.8199664825478976e-14,-7.049916206369734e-13,5.0
78.89999999999979,519.3106856091324,-101.88707457829905,1.4340629295151937,4.9999999999999964,3.907985046680551e-15,1.2811751811394028e-12,6.405875905697014e-13,2.562350362278804e-12,392,1.1286770129625978e-11,-3.2227553958819044e-12,2.8199664825478976e-14,7.049916206369734e-13,5.0
78.99999999999979,519.378839475942,-101.39174130620954,1.43406292951545,4.9999999999999964,3.907985046680551e-15,2.010889543529849e-12,1.0054447717649244e-12,4.021779087059695e-12,392,9.995053396050224e-12,-2.9665159217984183e-12,2.8199664825478976e-14,7.049916206369734e-13,5.0
79.09999999999978,519.4469933427512,-100.89640803411999,1.434062929515852,4.9999999999999964,3.907985046680551e-15,1.1109798348703687e-12,5.554899174351843e-13,2.2219596697407358e-12,393,9.01641261652486e-12,-2.6207924719301445e-12,5.551115123125783e-16,1.3877787807814438e-14,5.0
79.19999999999978,519.5151472095605,-100.40107476203043,1.4340629295160743,4.9999999999999964,3.907985046680551e-15,1.6121817341824523e-12,8.060908670912262e-13,3.2243634683649026e-12,393,7.927563119847214e-12,-2.398525822400188e-12,5.551115123125783e-16,1.3877787807814438e-14,5.0
79.29999999999977,519.5833010763695,-99.90574148994085,1.4340629295163967,4.9999999999999964,3.907985046680551e-15,5.755679866672297e-13,2.8778399333361487e-13,1.1511359733344587e-12,394,7.155248615831056e-12,-2.02082794942271e-12,-2.8199664825478976e-14,-7.049916206369734e-13,5.0
79.39999999999976,519.6514549431786,-99.41040821785128,1.4340629295165117,4.9999999999999964,3.907985046680551e-15,1.3126587206943919e-12,6.563293603471959e-13,2.625317441388782e-12,394,6.3212265283274505e-12,-1.9058088440715437e-12,-2.8199664825478976e-14,-7.049916206369734e-13,5.0
79.49999999999976,519.7196088099874,-98.91507494576167,1.4340629295167742,4.9999999999999964,3.907985046680551e-15,5.790359877603571e-13,2.8951799388017857e-13,1.1580719755207135e-12,395,5.774193623242496e-12,-1.6422418980255316e-12,-5.551115123125783e-16,-1.3877787807814438e-14,5.0
79.59999999999975,519.7877626767964,-98.41974167367208,1.43406292951689,4.9999999999999964,3.907985046680551e-15,1.0783407678137128e-12,5.391703839068564e-13,2.156681535627424e-12,395,5.057230675897806e-12,-1.5263346142546652e-12,-5.551115123125783e-16,-1.3877787807814438e-14,5.0
79.69999999999975,519.8559165436052,-97.92440840158245,1.4340629295171057,4.9999999999999964,3.907985046680551e-15,5.146850519878772e-13,2.573425259939386e-13,1.0293701039757539e-12,396,4.514007223566097e-12,-1.3107293028724598e-12,0.0,0.0,5.0
79.79999999999974,519.924070410414,-97.42907512949283,1.4340629295172087,4.9999999999999964,3.907985046680551e-15,8.090671005653713e-13,4.045335502826856e-13,1.6181342011307417e-12,396,4.026164818204947e-12,-1.2077006061872453e-12,0.0,0.0,5.0
79.89999999999974,519.9922242772226,-96.93374185740319,1.4340629295173706,4.9999999999999964,3.907985046680551e-15,4.679370666283188e-13,2.339685333141594e-13,9.35874133256637e-13,397,3.70819347450535e-12,-1.0458300891968975e-12,2.8199664825478976e-14,7.049916206369734e-13,5.0
79.99999999999973,520.0603781440312,-96.43840858531355,1.434062929517464,4.9999999999999964,3.907985046680551e-15,6.005051373626696e-13,3.002525686813348e-13,1.2010102747253384e-12,397,3.334913942221185e-12,-9.523493105234593e-13,2.8199664825478976e-14,7.049916206369734e-13,5.0
80.09999999999972,520.1285320108399,-95.9430753132239,1.4340629295175842,4.9999999999999964,3.907985046680551e-15,5.062028459025181e-13,2.5310142295125903e-13,1.0124056918050355e-12,398,2.932966369773027e-12,-8.886225089099753e-13,5.551115123125783e-16,1.3877787807814438e-14,5.0
80.19999999999972,520.1966858776484,-95.44774204113425,1.4340629295176854,4.9999999999999964,3.907985046680551e-15,4.2865420455072954e-13,2.143271022753648e-13,8.573084091014585e-13,398,2.646051780463843e-12,-7.87370169064161e-13,5.551115123125783e-16,1.3877787807814438e-14,5.0
80.29999999999971,520.2648397444569,-94.9524087690446,1.4340629295177711,4.9999999999999964,3.907985046680551e-15,1.2408203174209688e-13,6.204101587104844e-14,2.481640634841936e-13,399,2.333931659048716e-12,-6.463718449367661e-13,-2.8199664825478976e-14,-7.049916206369734e-13,5.0
80.39999999999971,520.3329936112655,-94.45707549695494,1.434062929517796,4.9999999999999964,3.907985046680551e-15,3.7939739907461587e-13,1.8969869953730796e-13,7.587947981492312e-13,399,2.0746564188822703e-12,-6.215028491851626e-13,-2.8199664825478976e-14,-7.049916206369734e-13,5.0
80.4999999999997,520.401147478074,-93.96174222486528,1.434062929517872,4.9999999999999964,3.907985046680551e-15,3.535734335094344e-13,1.767867167547172e-13,7.071468670188683e-13,400,1.873251553874411e-12,-5.444533712761768e-13,2.7644553313166398e-14,6.911138328291589e-13,5.0
80.5999999999997,520.4693013448824,-93.46640895277561,1.4340629295179426,4.9999999999999964,3.907985046680551e-15,2.4011848482008045e-13,1.2005924241004022e-13,4.802369696401606e-13,400,1.7290977677442143e-12,-4.738431869100168e-13,2.7644553313166398e-14,6.911138328291589e-13,5.0
80.69999999999969,520.5374552116908,-92.97107568068594,1.4340629295179905,4.9999999999999964,3.907985046680551e-15,3.431464902220138e-13,1.715732451110069e-13,6.862929804440271e-13,401,1.5543399900508348e-12,-4.82280881897168e-13,0.0,0.0,5.0
80.79999999999968,520.6056090784992,-92.47574240859628,1.4340629295180591,4.9999999999999964,3.907985046680551e-15,1.9092616461873139e-13,9.546308230936569e-14,3.818523292374625e-13,401,1.3819848043716831e-12,-4.1366909897533333e-13,0.0,0.0,5.0
80.89999999999968,520.6737629453077,-91.98040913650661,1.4340629295180973,4.9999999999999964,3.907985046680551e-15,-4.327272047419645e-15,-2.1636360237098224e-15,-8.654544094839283e-15,402,1.183934894566363e-12,-3.1907809727727e-13,-2.8199664825478976e-14,-7.049916206369734e-13,5.0
80.99999999999967,520.7419168121161,-91.48507586441694,1.4340629295180964,4.9999999999999964,3.907985046680551e-15,1.981225328557555e-13,9.906126642787775e-14,3.9624506571151073e-13,402,1.0397845778831183e-12,-3.199662756969701e-13,-2.8199664825478976e-14,-7.049916206369734e-13,5.0
81.09999999999967,520.8100706789245,-90.98974259232726,1.434062929518136,4.9999999999999964,3.907985046680551e-15,2.4033414448493595e-13,1.2016707224246798e-13,4.806682889698716e-13,403,9.548126178593463e-13,-2.8044233602031454e-13,2.8199664825478976e-14,7.049916206369734e-13,5.0
81.19999999999966,520.8782245457328,-90.49440932023758,1.434062929518184,4.9999999999999964,3.907985046680551e-15,8.521084167861617e-14,4.2605420839308086e-14,1.7042168335723224e-13,403,9.25219970082658e-13,-2.324807013565078e-13,2.8199664825478976e-14,7.049916206369734e-13,5.0
81.29999999999966,520.9463784125412,-89.9990760481479,1.434062929518201,4.9999999999999964,3.907985046680551e-15,3.066486202947971e-13,1.5332431014739854e-13,6.132972405895937e-13,404,7.504621923892785e-13,-2.717825964282383e-13,0.0,0.0,5.0
81.39999999999965,521.0145322793495,-89.50374277605822,1.4340629295182623,4.9999999999999964,3.907985046680551e-15,3.796785828997817e-14,1.8983929144989085e-14,7.593571657995629e-14,404,6.926716145105871e-13,-2.1049828546892968e-13,0.0,0.0,5.0
81.49999999999964,521.0826861461578,-89.00840950396854,1.4340629295182699,4.9999999999999964,3.907985046680551e-15,-7.94094254465491e-14,-3.970471272327455e-14,-1.588188508930981e-13,405,6.111222639049174e-13,-1.4654943925052066e-13,-2.7644553313166398e-14,-6.911138328291589e-13,5.0
81.59999999999964,521.1508400129662,-88.51307623187886,1.4340629295182539,4.9999999999999964,3.907985046680551e-15,1.310723054903281e-13,6.553615274516405e-14,2.6214461098065604e-13,405,4.689078986208628e-13,-1.6253665080512292e-13,-2.7644553313166398e-14,-6.911138328291589e-13,5.0
81.69999999999963,521.2189938797745,-88.01774295978917,1.43406292951828,4.9999999999999964,3.907985046680551e-15,1.3568069267682992e-13,6.784034633841496e-14,2.7136138535365964e-13,406,4.951178356193964e-13,-1.3744561044859438e-13,2.8199664825478976e-14,7.049916206369734e-13,5.0
81.79999999999963,521.2871477465828,-87.5224096876995,1.4340629295183072,4.9999999999999964,3.907985046680551e-15,6.719008585511098e-14,3.359504292755549e-14,1.3438017171022185e-13,406,4.649666068834435e-13,-1.1035616864774056e-13,2.8199664825478976e-14,7.049916206369734e-13,5.0
81.89999999999962,521.3553016133911,-87.02707641560981,1.4340629295183207,4.9999999999999964,3.907985046680551e-15,1.7167553914213318e-13,8.583776957106659e-14,3.433510782842661e-13,407,4.028999356364693e-13,-1.5210055437364645e-13,-5.551115123125783e-16,-1.3877787807814438e-14,5.0
81.99999999999962,521.4234554801994,-86.53174314352012,1.4340629295183551,4.9999999999999964,3.907985046680551e-15,4.7221926394969535e-14,2.3610963197484767e-14,9.444385278993901e-14,407,3.4704530915696807e-13,-1.176836406102666e-13,-5.551115123125783e-16,-1.3877787807814438e-14,5.0
82.09999999999961,521.4916093470077,-86.03640987143042,1.4340629295183647,4.9999999999999964,3.907985046680551e-15,-1.5070154408425573e-13,-7.535077204212786e-14,-3.0140308816851125e-13,408,2.674388488443924e-13,-5.1736392947532295e-14,-2.8199664825478976e-14,-7.049916206369734e-13,5.0
82.1999999999996,521.559763213816,-85.54107659934074,1.4340629295183345,4.9999999999999964,3.907985046680551e-15,6.721417050411591e-14,3.3607085252057956e-14,1.3442834100823172e-13,408,2.3784620106770404e-13,-8.193445921733655e-14,-2.8199664825478976e-14,-7.049916206369734e-13,5.0
82.2999999999996,521.6279170806243,-85.04574332725106,1.434062929518348,4.9999999999999964,3.907985046680551e-15,1.077201904562208e-13,5.38600952281104e-14,2.1544038091244145e-13,409,2.6356694604601216e-13,-6.838973831690964e-14,2.8199664825478976e-14,7.049916206369734e-13,5.0
82.3999999999996,521.6960709474326,-84.55041005516136,1.4340629295183696,4.9999999999999964,3.907985046680551e-15,3.7268222980672983e-14,1.8634111490336492e-14,7.453644596134592e-14,409,2.3590851494503795e-13,-4.6851411639181606e-14,2.8199664825478976e-14,7.049916206369734e-13,5.0
82.49999999999959,521.764224814241,-84.05507678307167,1.434062929518377,4.9999999999999964,3.907985046680551e-15,1.6714980772778327e-13,8.357490386389164e-14,3.3429961545556634e-13,410,1.7764956172783286e-13,-9.57012247226885e-14,5.551115123125783e-16,1.3877787807814438e-14,5.0
82.59999999999958,521.8323786810492,-83.55974351098197,1.4340629295184106,4.9999999999999964,3.907985046680551e-15,3.275023002995162e-14,1.637511501497581e-14,6.55004600599032e-14,410,1.2179493524833163e-13,-6.217248937900877e-14,5.551115123125783e-16,1.3877787807814438e-14,5.0
82.69999999999958,521.9005325478576,-83.06441023889228,1.434062929518417,4.9999999999999964,3.907985046680551e-15,-1.497120435544706e-13,-7.48560217772353e-14,-2.99424087108941e-13,411,4.073130721593543e-14,-4.440892098500626e-16,-2.8199664825478976e-14,-7.049916206369734e-13,5.0
82.79999999999957,521.9686864146659,-82.5690769668026,1.434062929518387,4.9999999999999964,3.907985046680551e-15,6.007692387853976e-14,3.003846193926988e-14,1.2015384775707945e-13,411,1.0587017373886454e-14,-3.042011087472929e-14,-2.8199664825478976e-14,-7.049916206369734e-13,5.0
82.89999999999957,522.0368402814742,-82.0737436947129,1.434062929518399,4.9999999999999964,3.907985046680551e-15,-3.4347285480427635e-15,-1.7173642740213817e-15,-6.869457096085522e-15,412,3.830963324347181e-14,-1.7319479184152442e-14,-5.551115123125783e-16,-1.3877787807814438e-14,5.0
82.99999999999956,522.1049941482825,-81.57841042262321,1.4340629295183984,4.9999999999999964,3.907985046680551e-15,5.014140038091991e-14,2.5070700190459956e-14,1.0028280076183976e-13,412,1.0656406312925526e-14,-1.7985612998927536e-14,-5.551115123125783e-16,-1.3877787807814438e-14,5.0
83.09999999999955,522.1731480150908,-81.08307715053351,1.4340629295184084,4.9999999999999964,3.907985046680551e-15,5.124403302507402e-14,2.562201651253701e-14,1.0248806605014797e-13,413,-7.23796023116563e-14,-7.993605777301127e-15,0.0,0.0,5.0
83.19999999999955,522.2413018818991,-80.58774387844382,1.4340629295184186,4.9999999999999964,3.907985046680551e-15,3.716110566893269e-14,1.8580552834466345e-14,7.432221133786533e-14,413,-1.000310945187266e-13,2.220446049250313e-15,0.0,0.0,5.0
83.29999999999954,522.3094557487074,-80.09241060635412,1.434062929518426,4.9999999999999964,3.907985046680551e-15,1.0730678066547079e-13,5.3653390332735395e-14,2.1461356133094143e-13,414,-7.23796023116563e-14,9.547918011776346e-15,2.8199664825478976e-14,7.049916206369734e-13,5.0
83.39999999999954,522.3776096155156,-79.59707733426443,1.4340629295184475,4.9999999999999964,3.907985046680551e-15,-5.70961697194331e-14,-2.854808485971655e-14,-1.1419233943886612e-13,414,1.259409243559162e-14,3.108624468950438e-14,2.8199664825478976e-14,7.049916206369734e-13,5.0
83.49999999999953,522.4457634823239,-79.10174406217473,1.4340629295184362,4.9999999999999964,3.907985046680551e-15,1.7892165804448302e-13,8.946082902224151e-14,3.578433160889658e-13,415,-4.567179967551738e-14,-3.6637359812630166e-14,0.0,0.0,5.0
83.59999999999953,522.513917349132,-78.60641079008504,1.434062929518472,4.9999999999999964,3.907985046680551e-15,-9.516754434547044e-14,-4.758377217273522e-14,-1.9033508869094075e-13,415,1.1105699693203519e-14,-8.881784197001252e-16,0.0,0.0,5.0
83.69999999999952,522.5820712159403,-78.11107751799534,1.4340629295184528,4.9999999999999964,3.907985046680551e-15,-1.2602126059332354e-13,-6.301063029666177e-14,-2.5204252118664694e-13,416,-7.044365091246618e-14,3.6415315207705135e-14,-2.8199664825478976e-14,-7.049916206369734e-13,5.0
83.79999999999951,522.6502250827486,-77.61574424590565,1.4340629295184275,4.9999999999999964,3.907985046680551e-15,-9.475416925682878e-15,-4.737708462841439e-15,-1.8950833851365743e-14,416,-9.809514311953649e-14,1.1102230246251565e-14,-2.8199664825478976e-14,-7.049916206369734e-13,5.0
83.89999999999951,522.718378949557,-77.12041097381595,1.4340629295184255,4.9999999999999964,3.907985046680551e-15,1.3121404487028416e-13,6.560702243514208e-14,2.6242808974056816e-13,417,-6.850769951327607e-14,9.103828801926284e-15,2.864375403532904e-14,7.16093850883225e-13,5.0
83.9999999999995,522.7865328163651,-76.62507770172625,1.4340629295184517,4.9999999999999964,3.907985046680551e-15,-8.379907324602589e-14,-4.1899536623012945e-14,-1.6759814649205168e-13,417,1.646772995744783e-14,3.530509218307998e-14,2.864375403532904e-14,7.16093850883225e-13,5.0
84.0999999999995,522.8546866831734,-76.12974442963656,1.434062929518435,4.9999999999999964,3.907985046680551e-15,1.9719541998605925e-13,9.859770999302962e-14,3.9439083997211825e-13,418,-4.334033132380455e-14,-3.863576125695545e-14,0.0,0.0,5.0
84.19999999999949,522.9228405499816,-75.63441115754686,1.4340629295184746,4.9999999999999964,3.907985046680551e-15,-1.1143103728961401e-13,-5.571551864480701e-14,-2.2286207457922786e-13,418,1.2989609388114332e-14,8.881784197001252e-16,0.0,0.0,5.0
84.29999999999949,522.9909944167899,-75.13907788545717,1.4340629295184524,4.9999999999999964,3.907985046680551e-15,-1.1941532295790002e-13,-5.970766147895001e-14,-2.388306459157999e-13,419,-6.850769951327607e-14,3.597122599785507e-14,-2.864375403532904e-14,-7.16093850883225e-13,5.0
84.39999999999948,523.0591482835982,-74.64374461336747,1.4340629295184284,4.9999999999999964,3.907985046680551e-15,-1.8699256314550845e-14,-9.349628157275423e-15,-3.7398512629101666e-14,419,-9.61574569968704e-14,1.199040866595169e-14,-2.864375403532904e-14,-7.16093850883225e-13,5.0
84.49999999999947,523.1273021504065,-74.14841134127778,1.4340629295184246,4.9999999999999964,3.907985046680551e-15,1.3570086680647204e-13,6.785043340323602e-14,2.714017336129439e-13,420,-6.657174811408595e-14,8.215650382226158e-15,2.8199664825478976e-14,7.049916206369734e-13,5.0
84.59999999999947,523.1954560172147,-73.65307806918808,1.4340629295184517,4.9999999999999964,3.907985046680551e-15,-8.909133609887387e-14,-4.4545668049436935e-14,-1.7818267219774762e-13,420,1.8405416080113923e-14,3.530509218307998e-14,2.8199664825478976e-14,7.049916206369734e-13,5.0
84.69999999999946,523.263609884023,-73.15774479709839,1.434062929518434,4.9999999999999964,3.907985046680551e-15,1.994998266896963e-13,9.974991334484815e-14,3.9899965337939234e-13,421,-4.1799896877137144e-14,-3.885780586188048e-14,0.0,0.0,5.0
84.79999999999946,523.3317637508312,-72.6624115250087,1.434062929518474,4.9999999999999964,3.907985046680551e-15,-1.147046065550854e-13,-5.73523032775427e-14,-2.2940921311017064e-13,421,1.497933721505973e-14,1.1102230246251565e-15,0.0,0.0,5.0
84.89999999999945,523.3999176176395,-72.167078252919,1.434062929518451,4.9999999999999964,3.907985046680551e-15,-1.1242802182924241e-13,-5.621401091462121e-14,-2.2485604365848466e-13,422,-6.463579671489583e-14,3.4638958368304884e-14,-2.7644553313166398e-14,-6.911138328291589e-13,5.0
84.99999999999945,523.4680714844478,-71.6717449808293,1.4340629295184286,4.9999999999999964,3.907985046680551e-15,-2.189819682266365e-14,-1.0949098411331824e-14,-4.3796393645327265e-14,422,-9.228381947501418e-14,1.2212453270876722e-14,-2.7644553313166398e-14,-6.911138328291589e-13,5.0
85.09999999999944,523.5362253512561,-71.17641170873961,1.4340629295184242,4.9999999999999964,3.907985046680551e-15,3.456468619316915e-14,1.7282343096584574e-14,6.912937238633825e-14,423,-6.414313524771842e-14,6.661338147750939e-15,0.0,0.0,5.0
85.19999999999943,523.6043792180644,-70.68107843664991,1.434062929518431,4.9999999999999964,3.907985046680551e-15,3.686378120102776e-15,1.843189060051388e-15,7.372756240205547e-15,423,-9.235147369057728e-14,1.354472090042691e-14,0.0,0.0,5.0
85.29999999999943,523.6725330848727,-70.18574516456022,1.4340629295184317,4.9999999999999964,3.907985046680551e-15,7.100371605651225e-14,3.550185802825613e-14,1.420074321130244e-13,424,-1.7726098366921406e-13,1.532107773982716e-14,-5.551115123125783e-16,-1.3877787807814438e-14,5.0
85.39999999999942,523.740686951681,-69.69041189247052,1.434062929518446,4.9999999999999964,3.907985046680551e-15,1.0641116188123466e-14,5.320558094061733e-15,2.128223237624692e-14,424,-2.0491074115280838e-13,2.9531932455029164e-14,-5.551115123125783e-16,-1.3877787807814438e-14,5.0
85.49999999999942,523.8088408184893,-69.19507862038083,1.4340629295184482,4.9999999999999964,3.907985046680551e-15,1.2132035369507288e-13,6.066017684753644e-14,2.426407073901456e-13,425,-1.7532503227002394e-13,3.175237850427948e-14,2.8199664825478976e-14,7.049916206369734e-13,5.0
85.59999999999941,523.8769946852975,-68.69974534829113,1.4340629295184724,4.9999999999999964,3.907985046680551e-15,-7.211803226332238e-14,-3.605901613166119e-14,-1.4423606452664465e-13,425,-9.034613335234809e-14,5.595524044110789e-14,2.8199664825478976e-14,7.049916206369734e-13,5.0
85.6999999999994,523.9451485521058,-68.20441207620144,1.434062929518458,4.9999999999999964,3.907985046680551e-15,1.8992048790783033e-13,9.496024395391516e-14,3.798409758156604e-13,426,-1.5054624213917123e-13,-1.4876988529977098e-14,0.0,0.0,5.0
85.7999999999994,524.013302418914,-67.70907880411174,1.434062929518496,4.9999999999999964,3.907985046680551e-15,-1.044482059160869e-13,-5.2224102958043445e-14,-2.0889641183217365e-13,426,-9.377047749392631e-14,2.3092638912203256e-14,0.0,0.0,5.0
85.8999999999994,524.0814562857223,-67.21374553202205,1.434062929518475,4.9999999999999964,3.907985046680551e-15,-1.207073516086523e-13,-6.035367580432615e-14,-2.4141470321730447e-13,427,-1.7338214197692992e-13,5.861977570020827e-14,-2.8199664825478976e-14,-7.049916206369734e-13,5.0
85.99999999999939,524.1496101525306,-66.71841225993235,1.4340629295184508,4.9999999999999964,3.907985046680551e-15,-1.509844511120359e-14,-7.549222555601796e-15,-3.019689022240716e-14,427,-2.0103710363095217e-13,3.441691376337985e-14,-2.8199664825478976e-14,-7.049916206369734e-13,5.0
86.09999999999938,524.2177640193389,-66.22307898784265,1.4340629295184477,4.9999999999999964,3.907985046680551e-15,1.343709305368309e-13,6.718546526841546e-14,2.687418610736616e-13,428,-1.7338214197692992e-13,3.1308289294429414e-14,2.8199664825478976e-14,7.049916206369734e-13,5.0
86.19999999999938,524.2859178861471,-65.72774571575296,1.4340629295184746,4.9999999999999964,3.907985046680551e-15,-8.721506321767519e-14,-4.3607531608837595e-14,-1.7443012643535026e-13,428,-8.841018195315797e-14,5.81756864903582e-14,2.8199664825478976e-14,7.049916206369734e-13,5.0
86.29999999999937,524.3540717529554,-65.23241244366326,1.434062929518457,4.9999999999999964,3.907985046680551e-15,1.9976948461196147e-13,9.988474230598073e-14,3.995389692239227e-13,429,-1.46674339340791e-13,-1.5765166949677223e-14,5.551115123125783e-16,1.3877787807814438e-14,5.0
86.39999999999937,524.4222256197636,-64.73707917157357,1.434062929518497,4.9999999999999964,3.907985046680551e-15,-1.136234223853111e-13,-5.681171119265555e-14,-2.2724684477062204e-13,429,-8.98968399720701e-14,2.4202861936828413e-14,5.551115123125783e-16,1.3877787807814438e-14,5.0
86.49999999999936,524.4903794865719,-64.24174589948387,1.4340629295184744,4.9999999999999964,3.907985046680551e-15,-1.12052790410285e-13,-5.6026395205142503e-14,-2.2410558082056984e-13,430,-1.709604680044663e-13,5.684341886080802e-14,-2.8199664825478976e-14,-7.049916206369734e-13,5.0
86.59999999999935,524.5585333533802,-63.746412627394186,1.434062929518452,4.9999999999999964,3.907985046680551e-15,-2.009616100586891e-14,-1.0048080502934456e-14,-4.01923220117378e-14,430,-2.0013504742344423e-13,3.441691376337985e-14,-2.8199664825478976e-14,-7.049916206369734e-13,5.0
86.69999999999935,524.6266872201885,-63.25107935530449,1.434062929518448,4.9999999999999964,3.907985046680551e-15,1.334116373470211e-13,6.670581867351055e-14,2.66823274694042e-13,431,-1.724176357242868e-13,3.1530333899354446e-14,2.7644553313166398e-14,6.911138328291589e-13,5.0
86.79999999999934,524.6948410869967,-62.755746083214795,1.4340629295184746,4.9999999999999964,3.907985046680551e-15,-8.949912267208858e-14,-4.474956133604429e-14,-1.7899824534417704e-13,431,-8.744047153008694e-14,5.81756864903582e-14,2.7644553313166398e-14,6.911138328291589e-13,5.0
86.89999999999934,524.762994953805,-62.2604128111251,1.4340629295184566,4.9999999999999964,3.907985046680551e-15,1.9958862376216039e-13,9.979431188108019e-14,3.991772475243205e-13,432,-1.457098330881479e-13,-1.6209256159527285e-14,0.0,0.0,5.0
86.99999999999933,524.8311488206132,-61.7650795390354,1.4340629295184966,4.9999999999999964,3.907985046680551e-15,-1.1554765273377447e-13,-5.777382636688724e-14,-2.310953054675488e-13,432,-8.7959153849404e-14,2.375877272697835e-14,0.0,0.0,5.0
87.09999999999933,524.8993026874215,-61.2697462669457,1.4340629295184735,4.9999999999999964,3.907985046680551e-15,-1.1281519850797007e-13,-5.640759925398504e-14,-2.2563039701593998e-13,433,-1.6951023917854968e-13,5.706546346573305e-14,-2.8199664825478976e-14,-7.049916206369734e-13,5.0
87.19999999999932,524.9674565542298,-60.774412994856014,1.4340629295184508,4.9999999999999964,3.907985046680551e-15,-2.1116995303954967e-14,-1.0558497651977484e-14,-4.223399060790991e-14,433,-1.9813144180869102e-13,3.441691376337985e-14,-2.8199664825478976e-14,-7.049916206369734e-13,5.0
87.29999999999932,525.0356104210381,-60.27907972276632,1.4340629295184466,4.9999999999999964,3.907985046680551e-15,1.392578859926812e-13,6.96289429963406e-14,2.785157719853622e-13,434,-1.6853879403200267e-13,3.019806626980426e-14,2.864375403532904e-14,7.16093850883225e-13,5.0
87.39999999999931,525.1037642878463,-59.783746450676624,1.4340629295184744,4.9999999999999964,3.907985046680551e-15,-9.069117242275635e-14,-4.534558621137817e-14,-1.8138234484551257e-13,434,-8.356683400823073e-14,5.795364188543317e-14,2.864375403532904e-14,7.16093850883225e-13,5.0
87.4999999999993,525.1719181546546,-59.288413178586936,1.4340629295184562,4.9999999999999964,3.907985046680551e-15,2.035252093624641e-13,1.0176260468123205e-13,4.0705041872492796e-13,435,-1.4434287098907816e-13,-1.7541523789077473e-14,0.0,0.0,5.0
87.5999999999993,525.2400720214628,-58.79307990649723,1.4340629295184968,4.9999999999999964,3.907985046680551e-15,-1.160272488120877e-13,-5.801362440604385e-14,-2.3205449762417525e-13,435,-8.704495457756423e-14,2.3092638912203256e-14,0.0,0.0,5.0
87.69999999999929,525.3082258882711,-58.29774663440754,1.4340629295184735,4.9999999999999964,3.907985046680551e-15,-1.1492487062623923e-13,-5.746243531311962e-14,-2.298497412524783e-13,436,-1.6853879403200267e-13,5.706546346573305e-14,-2.864375403532904e-14,-7.16093850883225e-13,5.0
87.79999999999929,525.3763797550794,-57.80241336231785,1.4340629295184504,4.9999999999999964,3.907985046680551e-15,-2.0971916843970362e-14,-1.0485958421985181e-14,-4.19438336879407e-14,436,-1.9716173138561999e-13,3.397282455352979e-14,-2.864375403532904e-14,-7.16093850883225e-13,5.0
87.89999999999928,525.4445336218877,-57.307080090228155,1.4340629295184462,4.9999999999999964,3.907985046680551e-15,1.399395858692634e-13,6.99697929346317e-14,2.798791717385266e-13,437,-1.6757428777935957e-13,2.9753977059954195e-14,2.864375403532904e-14,7.16093850883225e-13,5.0
87.99999999999928,525.5126874886959,-56.81174681813846,1.4340629295184741,4.9999999999999964,3.907985046680551e-15,-9.099825127297413e-14,-4.5499125636487065e-14,-1.8199650254594813e-13,437,-8.259885830863567e-14,5.773159728050814e-14,2.864375403532904e-14,7.16093850883225e-13,5.0
88.09999999999927,525.5808413555042,-56.316413546048764,1.434062929518456,4.9999999999999964,3.907985046680551e-15,2.013677023814612e-13,1.006838511907306e-13,4.0273540476292215e-13,438,-1.4240691958988805e-13,-1.7763568394002505e-14,-4.440892098500626e-16,-1.110223024625155e-14,5.0
88.19999999999926,525.6489952223124,-55.82108027395906,1.4340629295184961,4.9999999999999964,3.907985046680551e-15,-1.1582130234899215e-13,-5.791065117449608e-14,-2.3164260469798415e-13,438,-8.510726845489813e-14,2.2426505097428162e-14,-4.440892098500626e-16,-1.110223024625155e-14,5.0
88.29999999999926,525.7171490891207,-55.32574700186937,1.434062929518473,4.9999999999999964,3.907985046680551e-15,-1.1921079152915128e-13,-5.960539576457564e-14,-2.384215830583024e-13,439,-1.6699835958533527e-13,5.750955267558311e-14,-2.90878432451791e-14,-7.271960811294765e-13,5.0
88.39999999999925,525.785302955929,-54.83041372977968,1.4340629295184493,4.9999999999999964,3.907985046680551e-15,-2.1161598482265896e-14,-1.0580799241132948e-14,-4.232319696453177e-14,439,-1.951702688351986e-13,3.375077994860476e-14,-2.90878432451791e-14,-7.271960811294765e-13,5.0
88.49999999999925,525.8534568227373,-54.33508045768998,1.434062929518445,4.9999999999999964,3.907985046680551e-15,3.433941075994921e-14,1.7169705379974605e-14,6.867882151989837e-14,440,-1.6409096303959814e-13,2.9531932455029164e-14,9.992007221626409e-16,2.4980018054065987e-14,5.0
88.59999999999924,525.9216106895456,-53.83974718560029,1.434062929518452,4.9999999999999964,3.907985046680551e-15,3.2429427137862382e-15,1.6214713568931191e-15,6.4858854275724725e-15,440,-1.912966313133424e-13,3.6415315207705135e-14,9.992007221626409e-16,2.4980018054065987e-14,5.0
88.69999999999924,525.9897645563539,-53.34441391351059,1.4340629295184526,4.9999999999999964,3.907985046680551e-15,8.251738140387522e-14,4.125869070193761e-14,1.6503476280775034e-13,441,-2.7583491046812014e-13,3.5083047578154947e-14,9.992007221626409e-16,2.4980018054065987e-14,5.0
88.79999999999923,526.057918423162,-52.8490806414209,1.434062929518469,4.9999999999999964,3.907985046680551e-15,-6.963815252058925e-14,-3.4819076260294626e-14,-1.392763050411784e-13,441,-1.9141806195666078e-13,5.1514348342607263e-14,9.992007221626409e-16,2.4980018054065987e-14,5.0
88.89999999999922,526.1260722899704,-52.3537473693312,1.434062929518455,4.9999999999999964,3.907985046680551e-15,0.05814931695322809,0.029099257114711077,0.11638060229844925,442,-1.6320972351380192e-13,3.752553823233029e-14,0.015461561111972055,0.3865390277993008,5.0
88.99999999999922,526.179785507464,-51.856640851302636,1.4457009897483,4.9999999999999964,3.907985046680551e-15,-0.018927560774475563,-0.00946462806903736,-0.03785794705623843,442,0.014547575287160181,0.011638060229882452,0.015461561111972055,0.3865390277993008,5.0
89.09999999999921,526.2468626408831,-51.361160621452576,1.441915195042676,4.9999999999999964,3.907985046680551e-15,0.21739079107931764,0.1099949020028355,0.4390929346015168,443,0.029215389426965062,-0.02307085669968556,0.04094080384351195,1.0235200960877973,5.0
89.1999999999992,526.256305194391,-50.86124979122057,1.4858244885028278,4.9999999999999964,3.907985046680551e-15,-0.07553402606527504,-0.03782095882481563,-0.15124777118387986,443,0.07262270110164788,0.02083843676046615,0.04094080384351195,1.0235200960877973,5.0
89.2999999999992,526.317547419351,-50.365014574935046,1.4706997113844398,4.9999999999999964,3.907985046680551e-15,0.2784259295990666,0.1419639797938595,0.565950433912802,444,0.05553428345570159,-0.045244825821001644,0.03546541053012098,0.8866352632530232,5.0
89.3999999999992,526.2966198523155,-49.86545272997691,1.52729475477572,4.9999999999999964,3.907985046680551e-15,-0.12019351052702576,-0.06031458787381866,-0.2411121011703321,444,0.10381849832569444,0.011350217570278653,0.03546541053012098,0.8866352632530232,5.0
89.49999999999919,526.3484347400553,-49.36814475959184,1.503183544658687,4.9999999999999964,3.907985046680551e-15,0.15618016655109362,0.07856919825995674,0.3139535481581262,445,0.06814104111879182,-0.03273332814391661,0.009986167798552659,0.2496541949638161,5.0
89.59999999999918,526.3429566415962,-48.8681747700552,1.5345788994744995,4.9999999999999964,3.907985046680551e-15,-0.10141262761381459,-0.05083702218179647,-0.20326051114893462,445,0.09105095220173046,-0.0013379733281040362,0.009986167798552659,0.2496541949638161,5.0
89.69999999999918,526.3864289088295,-48.37006819312453,1.514252848359606,4.9999999999999964,3.907985046680551e-15,0.07557669952962658,0.03784238712695959,0.15133342306187683,446,0.06497528886475488,-0.021664024442940688,-2.842170943040401e-14,-7.105427357600992e-13,5.0
89.79999999999917,526.3957789094643,-47.87015562328043,1.5293861906657937,4.9999999999999964,3.907985046680551e-15,-0.06838908889141546,-0.03423457378402137,-0.13691154795197585,446,0.07306411733505976,-0.006530682136753008,-2.842170943040401e-14,-7.105427357600992e-13,5.0
89.89999999999917,526.4335652040504,-47.37158547180579,1.515695035870596,4.9999999999999964,3.907985046680551e-15,0.06276956222657772,0.03141572573603884,0.12564223350940462,447,0.05268713423482008,-0.020221836931950676,0.0,0.0,5.0
89.99999999999916,526.4454068793636,-46.87172571674866,1.5282592592215365,4.9999999999999964,3.907985046680551e-15,-0.047899245548507975,-0.02396336778772529,-0.09584429755022804,447,0.058283961751749436,-0.0076576135810102475,0.0,0.0,5.0
90.09999999999916,526.4786325953457,-46.37283088635103,1.5186748294665138,4.9999999999999964,3.907985046680551e-15,0.049957828913498634,0.024994509683653115,0.0999676292544928,448,0.04247610571829739,-0.017242043336032964,0.0,0.0,5.0
90.19999999999915,526.4921944257268,-45.873014843434525,1.5286715923919632,4.9999999999999964,3.907985046680551e-15,-0.03437685374633174,-0.017193506557327817,-0.06877063782131831,448,0.046352300064829606,-0.007245280410583588,0.0,0.0,5.0
90.29999999999914,526.5218361559043,-45.37389424895652,1.5217945286098313,4.9999999999999964,3.907985046680551e-15,0.038921938328952896,0.019468342396287544,0.07786845046491521,449,0.03413412289210595,-0.014122344192715408,2.842170943040401e-14,7.105427357600992e-13,5.0
90.39999999999914,526.5366007372407,-44.87411228936018,1.5295813736563229,4.9999999999999964,3.907985046680551e-15,-0.02503700392908798,-0.012520464082659654,-0.050080547852060266,449,0.036807109261690424,-0.0063354991462238885,2.842170943040401e-14,7.105427357600992e-13,5.0
90.49999999999913,526.5634555176554,-44.3748339894423,1.5245733188711168,4.9999999999999964,3.907985046680551e-15,0.07367288223342629,0.036886493237698006,0.14751251638936863,450,0.027379686319627887,-0.011343553931486783,0.011615487426604565,0.29038718566511373,5.0
90.59999999999913,526.5681237071764,-43.87485578191062,1.5393245705100536,4.9999999999999964,3.907985046680551e-15,-0.032685666188269,-0.016347199237965366,-0.06538588467268118,450,0.04014976724465088,0.003407697707449975,0.011615487426604565,0.29038718566511373,5.0
90.69999999999912,526.5920240738683,-43.375427336112836,1.5327859820427854,4.9999999999999964,3.907985046680551e-15,0.20619094458060577,0.10420297821334752,0.41605801353832217,451,0.04390776466279835,-0.026361865612970492,0.03603628683608817,0.900907170902203,5.0
90.79999999999912,526.5589519202343,-42.87652230241002,1.5743917833966177,4.9999999999999964,3.907985046680551e-15,-0.07716835769680752,-0.038641706223912074,-0.1545283617145111,451,0.08278902804487275,0.015243935740861803,0.03603628683608817,0.900907170902203,5.0
90.89999999999911,526.5764714581663,-42.376829330885855,1.5589389472251665,4.9999999999999964,3.907985046680551e-15,0.28838706152613947,0.14725485824075385,0.5868930241539317,452,0.06928591304241152,-0.049050499249613466,0.037197083862917424,0.9299270965729343,5.0
90.9999999999991,526.5089793769117,-41.8814054528098,1.6176282496405596,4.9999999999999964,3.907985046680551e-15,-0.12377886363263813,-0.0621273975617116,-0.24834975431710554,452,0.11830920623040911,0.009638803165779697,0.037197083862917424,0.9299270965729343,5.0
91.0999999999991,526.5166268160732,-41.38146393955623,1.592793274208849,4.9999999999999964,3.907985046680551e-15,0.18760641163018849,0.09463589357946721,0.3779787909166373,453,0.0777444814840479,-0.04074874117274163,0.012776284453377085,0.3194071113344267,5.0
91.1999999999991,526.458442520857,-40.88486089104545,1.6305911533005129,4.9999999999999964,3.907985046680551e-15,-0.11160601656543112,-0.05597731984583155,-0.22379236256153037,453,0.10467501967466185,-0.002950862081077865,0.012776284453377085,0.3194071113344267,5.0
91.29999999999909,526.4565337721633,-40.3848645343803,1.6082119170443598,4.9999999999999964,3.907985046680551e-15,0.08540139121743481,0.04277869604941528,0.1710625984836072,454,0.07522797824368166,-0.025330098337174256,-2.8310687127941492e-14,-7.077671781985363e-13,5.0
91.39999999999908,526.4164795934763,-39.88647145380061,1.6253181768927205,4.9999999999999964,3.907985046680551e-15,-0.07555597686069773,-0.03783198131223625,-0.15129182959445076,454,0.08395183441594237,-0.008223838488813584,-2.8310687127941492e-14,-7.077671781985363e-13,5.0
91.49999999999908,526.4081350464941,-39.386541090114164,1.6101889939332754,4.9999999999999964,3.907985046680551e-15,0.07071211515380438,0.03540030974421065,0.14157166547762715,455,0.060932064549999304,-0.023353021448258682,2.8310687127941492e-14,7.077671781985363e-13,5.0
91.59999999999907,526.3707734142287,-38.887938935651846,1.624346160481038,4.9999999999999964,3.907985046680551e-15,-0.05304740451867903,-0.02654237499768203,-0.10615703440226447,455,0.06695556298996107,-0.009195854900496014,2.8310687127941492e-14,7.077671781985363e-13,5.0
91.69999999999906,526.3572713264343,-38.38812127527439,1.6137304570408115,4.9999999999999964,3.907985046680551e-15,0.05620363351953996,0.028124026640357545,0.11248127714478001,456,0.04909025159959704,-0.01981155834077919,2.8310687127941492e-14,7.077671781985363e-13,5.0
91.79999999999906,526.3217721397126,-37.88938305963207,1.6249785847552896,4.9999999999999964,3.907985046680551e-15,-0.038122881456892105,-0.019068369001224175,-0.0762688538820055,456,0.05324643788554236,-0.00856343062630116,2.8310687127941492e-14,7.077671781985363e-13,5.0
91.89999999999905,526.3042188029194,-37.3896912742609,1.6173516993670891,4.9999999999999964,3.907985046680551e-15,0.043762959951791094,0.021891961828318467,0.08756085288242814,457,0.03943229611552384,-0.016190316014501605,-2.8310687127941492e-14,-7.077671781985363e-13,5.0
91.99999999999905,526.2700218526544,-36.89086207644608,1.626107784655332,4.9999999999999964,3.907985046680551e-15,-0.02778231561435705,-0.013893838821551239,-0.0555735672705436,457,0.042283103576377344,-0.007434230726258706,-2.8310687127941492e-14,-7.077671781985363e-13,5.0
92.09999999999904,526.2493189633419,-36.39129086993582,1.6205504279282776,4.9999999999999964,3.907985046680551e-15,0.033711607198828,0.01686059399949546,0.06743918062778505,458,0.031619877271747726,-0.012991587453256459,-2.8310687127941492e-14,-7.077671781985363e-13,5.0
92.19999999999904,526.2160362439673,-35.89239983915753,1.627294345991056,4.9999999999999964,3.907985046680551e-15,-0.020407229004764122,-0.010204676949552656,-0.040817999356273345,458,0.033554375718543035,-0.00624766939047805,-2.8310687127941492e-14,-7.077671781985363e-13,5.0
92.29999999999903,526.1928978394612,-35.392935511865865,1.6232125460554288,4.9999999999999964,3.907985046680551e-15,0.025822070943610255,0.012913188033562987,0.05165131662649044,459,0.025328573653232652,-0.010329469326105345,2.8310687127941492e-14,7.077671781985363e-13,5.0
92.39999999999903,526.1602563659758,-34.894002115300054,1.6283776777180778,4.9999999999999964,3.907985046680551e-15,-0.015052744674782886,-0.007526798702542109,-0.030106910535334236,459,0.026620431569629094,-0.005164337663456253,2.8310687127941492e-14,7.077671781985363e-13,5.0
92.49999999999902,526.1352395393553,-34.394628349082964,1.6253669866645444,4.9999999999999964,3.907985046680551e-15,0.019721095021074626,0.009861506348714246,0.03944538604819044,460,0.020275033726687645,-0.00817502871704634,2.8310687127941492e-14,7.077671781985363e-13,5.0
92.59999999999901,526.1030457424861,-33.895665866081345,1.6293115252693635,4.9999999999999964,3.907985046680551e-15,-0.011124739206374242,-0.0055625417079805594,-0.02225005208847054,460,0.021118272142843023,-0.004230490112227203,2.8310687127941492e-14,7.077671781985363e-13,5.0
92.69999999999901,526.0765817855678,-33.39636669826287,1.6270865200605165,4.9999999999999964,3.907985046680551e-15,0.015040213830306935,0.007520532216351283,0.030081845300003324,461,0.016221834497865968,-0.006455495321074256,-2.8310687127941492e-14,-7.077671781985363e-13,5.0
92.799999999999,526.0446980705079,-32.89738430507251,1.6300947045905168,4.9999999999999964,3.907985046680551e-15,-0.008226604834572169,-0.004113372012483373,-0.016453441651604502,461,0.01675435284482298,-0.0034473107910739653,-2.8310687127941492e-14,-7.077671781985363e-13,5.0
92.899999999999,526.0171195704492,-32.39814545809192,1.6284493604253563,4.9999999999999964,3.907985046680551e-15,0.011463719037870449,0.005732047840858984,0.02292806580744301,462,0.012974047459389968,-0.005092654956177833,-2.8310687127941492e-14,-7.077671781985363e-13,5.0
92.99999999999899,525.9854482471382,-31.899149538990635,1.6307421670061006,4.9999999999999964,3.907985046680551e-15,-0.0060820292963519994,-0.0030410427710403807,-0.01216415233524716,462,0.013293743879992905,-0.0027998483754334558,-2.8310687127941492e-14,-7.077671781985363e-13,5.0
93.09999999999899,525.9570112014828,-31.399958859556012,1.6295257517725759,4.9999999999999964,3.907985046680551e-15,0.008736796016529998,0.004368481371563218,0.017473869908652594,463,0.010373314912496226,-0.004016263608958237,2.8310687127941492e-14,7.077671781985363e-13,5.0
93.19999999999898,525.9254831786899,-30.900953865814703,1.6312731387634412,4.9999999999999964,3.907985046680551e-15,-0.004493063332073138,-0.0022465430041246257,-0.008986164457698736,463,0.01054942379011549,-0.002268876618092941,2.8310687127941492e-14,7.077671781985363e-13,5.0
93.29999999999897,525.8963844951778,-30.401801317370982,1.6303745223176713,4.9999999999999964,3.907985046680551e-15,0.006659666850951365,0.0033298703463809447,0.013319456771054738,464,0.00829172165099103,-0.003167493063919391,2.8310687127941492e-14,7.077671781985363e-13,5.0
93.39999999999897,525.8649512042999,-29.902790347326647,1.6317064679947768,4.9999999999999964,3.907985046680551e-15,-0.0033154517865148377,-0.0016577304487920947,-0.006630918758128983,464,0.008372910291901571,-0.0018355473868139072,2.8310687127941492e-14,7.077671781985363e-13,5.0
93.49999999999896,525.8353423313997,-29.40366780260884,1.631043376118964,4.9999999999999964,3.907985046680551e-15,0.005078037235066761,0.0025390349857157763,0.010156129030604324,465,0.006626274926472851,-0.002498639262626723,-2.8310687127941492e-14,-7.077671781985363e-13,5.0
93.59999999999896,525.8039699108919,-28.904653001995193,1.6320589890220245,4.9999999999999964,3.907985046680551e-15,-0.002443013423498292,-0.001221508534335947,-0.004886032922282382,465,0.006646472788002403,-0.0014830263595662085,-2.8310687127941492e-14,-7.077671781985363e-13,5.0
93.69999999999895,525.7739673678583,-28.405553966320387,1.6315703857297963,4.9999999999999964,3.907985046680551e-15,0.0038736851818809365,0.0019368498567600401,0.007747394583125008,466,0.005294206989605168,-0.001971629651737805,-2.8310687127941492e-14,-7.077671781985363e-13,5.0
93.79999999999895,525.7426324611353,-27.906536808678833,1.6323451251881087,4.9999999999999964,3.907985046680551e-15,-0.0017971539040389903,-0.0008985776775675392,-0.0035943102265706965,466,0.005276817092078678,-0.0011968901934253928,-2.8310687127941492e-14,-7.077671781985363e-13,5.0
93.89999999999894,525.7123259389217,-27.407456139136006,1.6319856941654516,4.9999999999999964,3.907985046680551e-15,0.00295640861950192,0.0014782075397644892,0.005912828005706424,467,0.004229083923381633,-0.0015563212160825124,2.8310687127941492e-14,7.077671781985363e-13,5.0
93.99999999999893,525.6810126565783,-26.908437624099854,1.6325769769660223,4.9999999999999964,3.907985046680551e-15,-0.0013195268272385833,-0.0006597637008063564,-0.002639054611767218,467,0.00419002708527511,-0.0009650384155117653,2.8310687127941492e-14,7.077671781985363e-13,5.0
94.09999999999893,525.6504712375503,-26.40937127407838,1.6323130715048455,4.9999999999999964,3.907985046680551e-15,0.00225753396164872,0.0011287684190050178,0.0045150727172305815,468,0.0033776263845652008,-0.0012289438767452143,2.8310687127941492e-14,7.077671781985363e-13,5.0
94.19999999999892,525.6191689644519,-25.910352068336884,1.6327645787765686,4.9999999999999964,3.907985046680551e-15,-0.0009667574988851957,-0.0004833788623864934,-0.0019335153742500075,468,0.003327538655801494,-0.0007774366050221637,2.8310687127941492e-14,7.077671781985363e-13,5.0
94.29999999999892,525.5884458939627,-25.411296868043657,1.6325712272391435,4.9999999999999964,3.907985046680551e-15,0.0017248325533530619,0.00086241691810932,0.003449667244814798,469,0.0026971310891224128,-0.0009707881424472209,-2.8310687127941492e-14,-7.077671781985363e-13,5.0
94.39999999999891,525.5571477107103,-24.912277405772794,1.632916193963625,4.9999999999999964,3.907985046680551e-15,-0.0007065866047763901,-0.00035329334648491305,-0.001413173356541832,469,0.0026429454770558287,-0.000625821417965744,-2.8310687127941492e-14,-7.077671781985363e-13,5.0
94.4999999999989,525.5262840572412,-24.41323087999134,1.6327748766279708,4.9999999999999964,3.907985046680551e-15,0.0013185989759491742,0.0006592997745562539,0.0026371989071704073,470,0.0021533881730085337,-0.0007671387535632679,-2.8310687127941492e-14,-7.077671781985363e-13,5.0
94.5999999999989,525.4949856083881,-23.914211434378856,1.6330385965186878,4.9999999999999964,3.907985046680551e-15,-0.0005150243322968931,-0.00025751218322472727,-0.00103004872151472,470,0.002099468683620543,-0.0005034188628463276,-2.8310687127941492e-14,-7.077671781985363e-13,5.0
94.6999999999989,525.4640130718279,-23.415171654422362,1.6329355916465362,4.9999999999999964,3.907985046680551e-15,0.0010086497237035313,0.0005043249901235821,0.0020172998749797403,471,0.001719003197328088,-0.000606423734997863,2.8310687127941492e-14,7.077671781985363e-13,5.0
94.79999999999889,525.4327117584869,-22.916152388478526,1.6331373216340341,4.9999999999999964,3.907985046680551e-15,-0.00037423872104534663,-0.0001871193670744063,-0.0007484774639298023,471,0.001667953824948473,-0.00040469374749996234,2.8310687127941492e-14,7.077671781985363e-13,5.0
94.89999999999888,525.4016548257947,-22.41711785366981,1.6330624738876411,4.9999999999999964,3.907985046680551e-15,0.0007720360195414919,0.00038601806729126107,0.001544072230818022,472,0.0013720472848994837,-0.0004795414939495757,2.8310687127941492e-14,7.077671781985363e-13,5.0
94.99999999999888,525.3703492332057,-21.91809885616305,1.633216881110723,4.9999999999999964,3.907985046680551e-15,-0.0002709842256863455,-0.0001354921153305523,-0.0005419684596639558,472,0.001325285571674808,-0.00032513427086766633,2.8310687127941492e-14,7.077671781985363e-13,5.0
95.09999999999887,525.339226834073,-21.419068399905896,1.6331626842647566,4.9999999999999964,3.907985046680551e-15,0.000591304728279813,0.00029565238998297667,0.0011826095427031895,473,0.0010949723867125886,-0.0003793311168340807,0.0,0.0,5.0
95.19999999999887,525.3079163287933,-20.920049710617477,1.633280945219027,4.9999999999999964,3.907985046680551e-15,-0.00019543060210125255,-9.771530198363936e-05,-0.0003908612073125484,473,0.001053133023316909,-0.00026107016256382565,0.0,0.0,5.0
95.29999999999886,525.2767431081005,-20.421022426481997,1.6332418590982956,4.9999999999999964,3.907985046680551e-15,0.00045317747753894255,0.00022658875040309432,0.0009063549938566273,474,0.0008737402948494968,-0.000300156283295161,-2.8310687127941492e-14,-7.077671781985363e-13,5.0
95.39999999999885,525.2454275571477,-19.92200405380568,1.6333324945976813,4.9999999999999964,3.907985046680551e-15,-0.00014028963571968627,-7.014481820497636e-05,-0.0002805792725898165,474,0.0008369565284813605,-0.00020952078390945594,-2.8310687127941492e-14,-7.077671781985363e-13,5.0
95.49999999999885,525.2142148535823,-19.422979237653074,1.6333044366704224,4.9999999999999964,3.907985046680551e-15,0.00034754788618495845,0.00017377394833999776,0.0006950957898616447,475,0.0006971237291878013,-0.00023757871111174111,-2.8310687127941492e-14,-7.077671781985363e-13,5.0
95.59999999999884,525.1828944308294,-18.923961170727058,1.6333739462494086,4.9999999999999964,3.907985046680551e-15,-0.00010016392637725316,-5.0081963314242316e-05,-0.0002003278531732253,475,0.0006652213478459193,-0.00016806913212552566,-2.8310687127941492e-14,-7.077671781985363e-13,5.0
95.69999999999884,525.1516510300578,-18.424938275552673,1.6333539134640913,4.9999999999999964,3.907985046680551e-15,0.00026672037568353774,0.00013336019021357182,0.0005334407592730849,476,0.0005561458010165561,-0.00018810191744278448,2.8310687127941492e-14,7.077671781985363e-13,5.0
95.79999999999883,525.1203260846877,-17.925920492505256,1.6334072575400187,4.9999999999999964,3.907985046680551e-15,-7.106139374463824e-05,-3.553069691717416e-05,-0.0001421227876387932,476,0.0005287749373798795,-0.00013475784151539827,2.8310687127941492e-14,7.077671781985363e-13,5.0
95.89999999999883,525.0890587994401,-17.42689909329151,1.6333930452612548,4.9999999999999964,3.907985046680551e-15,0.00020483230112263757,0.00010241615163556876,0.0004096646058261081,477,0.00044363066857579583,-0.00014897012033587842,2.8310687127941492e-14,7.077671781985363e-13,5.0
95.99999999999882,525.0577297682338,-16.927881566741913,1.6334340117218376,4.9999999999999964,3.907985046680551e-15,-5.003349818204325e-05,-2.501674910667805e-05,-0.00010006699641627452,477,0.0004203536842780878,-0.00010800365975316417,2.8310687127941492e-14,7.077671781985363e-13,5.0
96.09999999999881,525.0264438854138,-16.428861333147953,1.633424005022196,4.9999999999999964,3.907985046680551e-15,0.0001574151576554152,7.870757931529184e-05,0.000314830316936111,478,0.00035384348002146654,-0.00011801035939473792,-2.8310687127941492e-14,-7.077671781985363e-13,5.0
96.19999999999881,524.9951112357381,-15.929844033784189,1.6334554880538896,4.9999999999999964,3.907985046680551e-15,-3.490581543214617e-05,-1.745290772138931e-05,-6.981163088201305e-05,478,0.00033419208999432804,-8.65273277010914e-05,-2.8310687127941492e-14,-7.077671781985363e-13,5.0
96.2999999999988,524.9638108612971,-15.430824708948114,1.6334485068908013,4.9999999999999964,3.907985046680551e-15,0.00012106128874004005,6.053064459180183e-05,0.0002421225782193526,479,0.0002822019723503974,-9.350849073275214e-05,-2.8310687127941492e-14,-7.077671781985363e-13,5.0
96.3999999999988,524.9324750553707,-14.931807607771269,1.6334727191486234,4.9999999999999964,3.907985046680551e-15,-2.407753381025634e-05,-1.203876690687297e-05,-4.815506762632865e-05,479,0.00026571304933386067,-6.929623291074272e-05,-2.8310687127941492e-14,-7.077671781985363e-13,5.0
96.49999999999879,524.9011633805276,-14.432788991867495,1.6334679036418607,4.9999999999999964,3.907985046680551e-15,9.317063951610013e-05,4.658531985914915e-05,0.0001863412793691971,480,0.00022504554949076203,-7.411173967342144e-05,2.8310687127941492e-14,7.077671781985363e-13,5.0
96.59999999999879,524.8698248542466,-13.933772061522902,1.6334865377697976,4.9999999999999964,3.907985046680551e-15,-1.637236171992996e-05,-8.186180860513566e-06,-3.2744723441688517e-05,480,0.0002112823396123592,-5.547761173652077e-05,2.8310687127941492e-14,7.077671781985363e-13,5.0
96.69999999999878,524.838504361147,-13.434753999012138,1.6334832632974534,4.9999999999999964,3.907985046680551e-15,7.175825856333993e-05,3.58791293278576e-05,0.00014351651728063854,481,0.00017945044334910162,-5.8752084137303484e-05,2.8310687127941492e-14,7.077671781985363e-13,5.0
96.79999999999878,524.8071635127086,-12.935737214505684,1.6334976149491816,4.9999999999999964,3.907985046680551e-15,-1.0927764215660665e-05,-5.463882107993452e-06,-2.1855528431865048e-05,481,0.00016801396591789586,-4.4400432409164026e-05,2.8310687127941492e-14,7.077671781985363e-13,5.0
96.89999999999877,524.7758361334231,-12.436719584248893,1.6334954293963384,4.9999999999999964,3.907985046680551e-15,5.530791660742529e-05,2.7653958324860773e-05,0.00011061583328534426,482,0.00014308180866928755,-4.6585985252312057e-05,-2.8310687127941492e-14,-7.077671781985363e-13,5.0
96.99999999999876,524.7444933183958,-11.937702923258339,1.633506490979667,4.9999999999999964,3.907985046680551e-15,-7.112755945755533e-06,-3.5563779729227468e-06,-1.4225511891660989e-05,482,0.0001336157951737399,-3.552440192367001e-05,-2.8310687127941492e-14,-7.077671781985363e-13,5.0
97.09999999999876,524.7131605579383,-11.43868563085044,1.633505068428478,4.9999999999999964,3.907985046680551e-15,4.2660744173585806e-05,2.1330372096497898e-05,8.532148837952155e-05,483,0.00011407540519371706,-3.694695305611617e-05,-2.8310687127941492e-14,-7.077671781985363e-13,5.0
97.19999999999875,524.6818160884484,-10.939669073778036,1.6335136005773159,4.9999999999999964,3.907985046680551e-15,-4.466953987461528e-06,-2.2334769937419053e-06,-8.933907974960186e-06,483,0.00010626711471353528,-2.8414804218224177e-05,-2.8310687127941492e-14,-7.077671781985363e-13,5.0
97.29999999999875,524.6504791200293,-10.44065204560134,1.6335127071865183,4.9999999999999964,3.907985046680551e-15,3.2930470412975444e-05,1.646523521095151e-05,6.586094084083015e-05,484,9.0942974159465e-05,-2.9308195015786964e-05,2.8310687127941492e-14,7.077671781985363e-13,5.0
97.39999999999874,524.6191332664566,-9.941635575468538,1.6335192932806024,4.9999999999999964,3.907985046680551e-15,-2.6554455295831537e-06,-1.3277227647939172e-06,-5.310891059174106e-06,484,8.452149429095815e-05,-2.2722100931682476e-05,2.8310687127941492e-14,7.077671781985363e-13,5.0
97.49999999999874,524.5877930052956,-9.44261875407836,1.6335187621914964,4.9999999999999964,3.907985046680551e-15,2.543888060201936e-05,1.2719440303067484e-05,5.0877761210898033e-05,485,7.249658243532395e-05,-2.3253190094330023e-05,2.842170943040401e-14,7.105427357600992e-13,5.0
97.59999999999873,524.5564459993891,-8.94360235633105,1.6335238499676175,4.9999999999999964,3.907985046680551e-15,-1.4354103182188312e-06,-7.177051591097853e-07,-2.8708206364388927e-06,485,6.722970756528916e-05,-1.8165413973258993e-05,2.842170943040401e-14,7.105427357600992e-13,5.0
97.69999999999872,524.525103159956,-8.444585696873403,1.6335235628855538,4.9999999999999964,3.907985046680551e-15,1.96666456269873e-05,9.833322814444477e-06,3.9333291257144e-05,486,5.7788147998300704e-05,-1.8452496037157928e-05,-2.8310687127941492e-14,-7.077671781985363e-13,5.0
97.79999999999872,524.4937551986445,-7.945569359143251,1.6335274962146795,4.9999999999999964,3.907985046680551e-15,-6.31471667489206e-07,-3.157358337446345e-07,-1.2629433349785163e-06,486,5.3478561338666554e-05,-1.4519166911419745e-05,-2.8310687127941492e-14,-7.077671781985363e-13,5.0
97.89999999999871,524.4624103390843,-7.44655282657229,1.633527369920346,4.9999999999999964,3.907985046680551e-15,1.521584292688048e-05,7.60792146388059e-06,3.0431685855228778e-05,487,4.606110989086726e-05,-1.4645461188012021e-05,-2.853273173286652e-14,-7.133182933216621e-13,5.0
97.9999999999987,524.4310615885119,-6.947536538423746,1.6335304130889317,4.9999999999999964,3.907985046680551e-15,-1.175220380554339e-07,-5.876101902771716e-08,-2.350440761108683e-07,487,4.254234007192636e-05,-1.1602292602441722e-05,-2.853273173286652e-14,-7.133182933216621e-13,5.0
98.0999999999987,524.3997151451485,-6.448520105339152,1.6335303895845241,4.9999999999999964,3.907985046680551e-15,1.1781371575212242e-05,5.89068578781053e-06,2.3562743151105828e-05,488,3.6711813324322856e-05,-1.1625797009751082e-05,2.8310687127941492e-14,7.077671781985363e-13,5.0
98.1999999999987,524.3683657446431,-5.949503858020537,1.6335327458588393,4.9999999999999964,3.907985046680551e-15,1.9665570969510903e-07,9.832785484755547e-08,3.9331141939022096e-07,488,3.384425773213717e-05,-9.269522694532739e-06,2.8310687127941492e-14,7.077671781985363e-13,5.0
98.29999999999869,524.3370180587995,-5.450487502985707,1.6335327851899812,4.9999999999999964,3.907985046680551e-15,9.129141863412914e-06,4.564570931801562e-06,1.8258283727142828e-05,489,2.9258660315806262e-05,-9.230191609477245e-06,2.853273173286652e-14,7.133182933216621e-13,5.0
98.39999999999868,524.3056681246009,-4.9514712891952675,1.633534611018354,4.9999999999999964,3.907985046680551e-15,3.752162856838854e-07,1.8760814284194933e-07,7.504325713677923e-07,489,2.6925850023632337e-05,-7.404363236762634e-06,2.853273173286652e-14,7.133182933216621e-13,5.0
98.49999999999868,524.2743194634598,-4.452454995428555,1.6335346860616111,4.9999999999999964,3.907985046680551e-15,7.079424422850978e-06,3.53971221146984e-06,1.4158848845849783e-05,490,2.3317472471081485e-05,-7.329319979820781e-06,-2.8310687127941492e-14,-7.077671781985363e-13,5.0
98.59999999999867,524.2429690921167,-3.953438809101254,1.6335361019464958,4.9999999999999964,3.907985046680551e-15,4.634573357965572e-07,2.3172866789829107e-07,9.269146715931553e-07,490,2.1422668536111127e-05,-5.913435095150632e-06,-2.8310687127941492e-14,-7.077671781985363e-13,5.0
98.69999999999867,524.2116196649614,-3.45442256345685,1.633536194637963,4.9999999999999964,3.907985046680551e-15,5.4941308139729515e-06,2.747065407007206e-06,1.0988261628014997e-05,491,1.8581815327420315e-05,-5.82074357113882e-06,-2.853273173286652e-14,-7.133182933216621e-13,5.0
98.79999999999866,524.1802689363578,-2.955406399574334,1.6335372934641257,4.9999999999999964,3.907985046680551e-15,4.930884136512663e-07,2.465442068256481e-07,9.861768273025816e-07,491,1.704497620296083e-05,-4.721917408412324e-06,-2.853273173286652e-14,-7.133182933216621e-13,5.0
98.89999999999866,524.1489189072228,-2.4563901917481474,1.6335373920818084,4.9999999999999964,3.907985046680551e-15,4.267089557771543e-06,2.1335447788954837e-06,8.534179115575455e-06,492,1.4807289626991155e-05,-4.623299725503571e-06,2.8310687127941492e-14,7.077671781985363e-13,5.0
98.99999999999865,524.117567887232,-1.9573740461721345,1.6335382454997198,4.9999999999999964,3.907985046680551e-15,4.860752246932128e-07,2.4303761234662076e-07,9.721504493864729e-07,492,1.356241220201726e-05,-3.769881814053022e-06,2.8310687127941492e-14,7.077671781985363e-13,5.0
99.09999999999864,524.0862173847655,-1.458357868082584,1.6335383427147647,4.9999999999999964,3.907985046680551e-15,3.316609421146773e-06,1.6583047105779467e-06,6.6332188423087425e-06,493,1.1798990104193441e-05,-3.6726668259934314e-06,2.853273173286652e-14,7.133182933216621e-13,5.0
99.19999999999864,524.0548661275461,-0.9593417374106794,1.633539006036649,4.9999999999999964,3.907985046680551e-15,4.574352930786742e-07,2.2871764653934909e-07,9.148705861573877e-07,493,1.079180899091637e-05,-3.0093449416845885e-06,2.853273173286652e-14,7.133182933216621e-13,5.0
99.29999999999863,524.0235152527054,-0.4603255827155446,1.6335390975237076,4.9999999999999964,3.907985046680551e-15,2.5797896257893667e-06,1.2898948128968293e-06,5.159579251585884e-06,494,9.401495351977346e-06,-2.9178578833111146e-06,-2.8310687127941492e-14,-7.077671781985363e-13,5.0
99.39999999999863,523.9921638026666,0.038690535842226814,1.6335396134816327,4.9999999999999964,3.907985046680551e-15,4.1726317462502163e-07,2.086315873125199e-07,8.345263492500729e-07,494,8.587513764022215e-06,-2.40189995825979e-06,-2.8310687127941492e-14,-7.077671781985363e-13,5.0
99.49999999999862,523.9608126347242,0.5377066721230593,1.6335396969342677,4.9999999999999964,3.907985046680551e-15,2.008162676122884e-06,1.0040813380624542e-06,4.01632535224914e-06,495,7.4908795822531404e-06,-2.3184472663917433e-06,-2.853273173286652e-14,-7.133182933216621e-13,5.0
99.59999999999862,523.9294610281954,1.0367227808490829,1.633540098566803,4.9999999999999964,3.907985046680551e-15,3.721932012884432e-07,1.8609660064422807e-07,7.443864025769074e-07,495,6.833696612331113e-06,-1.9168147311621198e-06,-2.853273173286652e-14,-7.133182933216621e-13,5.0
99.69999999999861,523.8981096294331,1.5357389026283736,1.6335401730054433,4.9999999999999964,3.907985046680551e-15,1.564353607351265e-06,7.821768036761109e-07,3.1287072147041227e-06,496,5.968337609005281e-06,-1.8423760905772468e-06,2.8310687127941492e-14,7.077671781985363e-13,5.0
99.7999999999986,523.866757896071,2.0347550033858486,1.6335404858761648,4.9999999999999964,3.907985046680551e-15,3.2645092099601177e-07,1.6322546049801022e-07,6.529018419920376e-07,496,5.438237955127361e-06,-1.5295053690245197e-06,2.8310687127941492e-14,7.077671781985363e-13,5.0
99.8999999999986,523.8354063154482,2.533771113739458,1.633540551166349,4.9999999999999964,3.907985046680551e-15,1.21951908377106e-06,6.097595418857567e-07,2.4390381675428744e-06,497,4.755097942586717e-06,-1.4642152417199128e-06,2.853273173286652e-14,7.133182933216621e-13,5.0
99.9999999999986,523.8040544794167,3.0327872080465026,1.6335407950701657,4.9999999999999964,3.907985046680551e-15,2.8260469353422424e-07,1.4130234676711493e-07,5.652093870684575e-07,497,4.327870138130536e-06,-1.2203114250208813e-06,2.853273173286652e-14,7.133182933216621e-13,5.0
100.09999999999859,523.772702755441,3.531803309393695,1.6335408515911043,4.9999999999999964,3.907985046680551e-15,9.513834953714602e-07,4.7569174768583774e-07,1.9027669907432779e-06,498,3.7883656226686546e-06,-1.1637904866468318e-06,1.1102230246251565e-16,2.7755575615628874e-15,5.0
100.19999999999858,523.7413508363946,4.030819398485137,1.6335410418678034,4.9999999999999964,3.907985046680551e-15,2.420998762548941e-07,1.2104993812744881e-07,4.841997525097937e-07,498,3.4443163091030585e-06,-9.735137875832578e-07,1.1102230246251565e-16,2.7755575615628874e-15,5.0
100.29999999999858,523.7099989993692,4.529835492729733,1.6335410902877785,4.9999999999999964,3.907985046680551e-15,7.427310645338469e-07,3.713655322669747e-07,1.4854621290678634e-06,499,3.0180844282010066e-06,-9.250938124427677e-07,-2.853273173286652e-14,-7.133182933216621e-13,5.0
100.39999999999857,523.6786470132699,5.028851577608398,1.6335412388339914,4.9999999999999964,3.907985046680551e-15,2.056353339486736e-07,1.0281766697433789e-07,4.112706678973506e-07,499,2.7412202752564833e-06,-7.765475995569204e-07,-2.853273173286652e-14,-7.133182933216621e-13,5.0
100.49999999999856,523.6472950870534,5.5278676662493496,1.6335412799610582,4.9999999999999964,3.907985046680551e-15,5.802452382898763e-07,2.9012261914496257e-07,1.1604904765798331e-06,500,2.4043553033710474e-06,-7.354204756282456e-07,-2.853273173286652e-14,-7.133182933216621e-13,5.0
100.59999999999856,523.6159430468457,6.026883747728505,1.633541396010106,4.9999999999999964,3.907985046680551e-15,1.7342708781372794e-07,8.671354390686463e-08,3.4685417562745783e-07,500,2.1817063200900606e-06,-6.193714279234541e-07,-2.853273173286652e-14,-7.133182933216621e-13,5.0
100.69999999999855,523.584591050232,6.525899831946573,1.6335414306955236,4.9999999999999964,3.907985046680551e-15,4.5361845567006623e-07,2.2680922783504476e-07,9.072369113401707e-07,501,1.9153774246487287e-06,-5.846860102742824e-07,2.853273173286652e-14,7.133182933216621e-13,5.0
100.79999999999855,523.5532389663997,7.024915910684896,1.6335415214192148,4.9999999999999964,3.907985046680551e-15,1.4539061994649503e-07,7.269530997324791e-08,2.907812398929911e-07,501,1.736439052088968e-06,-4.939623190480802e-07,2.853273173286652e-14,7.133182933216621e-13,5.0
100.89999999999854,523.5218869142002,7.523931991410635,1.6335415504973387,4.9999999999999964,3.907985046680551e-15,3.5486499482023997e-07,1.7743249741012557e-07,7.09729989640498e-07,502,1.525805482932574e-06,-4.6488425220481133e-07,2.853273173286652e-14,7.133182933216621e-13,5.0
100.99999999999854,523.4905347952247,8.022948067940984,1.6335416214703378,4.9999999999999964,3.907985046680551e-15,1.2126583176742275e-07,6.063291588371159e-08,2.42531663534846e-07,502,1.3820795910484546e-06,-3.939112531714528e-07,2.853273173286652e-14,7.133182933216621e-13,5.0
101.09999999999853,523.4591826991174,8.521964145908093,1.6335416457235041,4.9999999999999964,3.907985046680551e-15,0.005831300221180998,0.002915674896788186,0.011662683062747021,503,1.2154403881275977e-06,-3.6965808680733403e-07,0.0015504345421387677,0.03876086355346914,5.0
101.19999999999852,523.4263757878351,9.020886691572363,1.6347079140297789,4.9999999999999964,3.907985046680551e-15,-0.0018912800245938395,-0.0009456408579221033,-0.003782562867937306,503,0.0014588659949325523,0.0011658986481879463,0.0015504345421387677,0.03876086355346914,5.0
101.29999999999852,523.3949136140016,9.51989584140598,1.634329657742985,4.9999999999999964,3.907985046680551e-15,0.020299033519644436,0.010150562396561388,0.040601552355035375,504,0.0029367961877883215,-0.002313226722883366,0.0037089722422878335,0.09272430605719571,5.0
101.39999999999851,523.3581049960429,10.018539126374279,1.6383898129784886,4.9999999999999964,3.907985046680551e-15,-0.006729550292687885,-0.0033648132417896763,-0.013459227569634169,504,0.006855423908168271,0.0017469285126201495,0.0037089722422878335,0.09272430605719571,5.0
101.49999999999851,523.3260127353501,10.517508150266169,1.6370438902215252,4.9999999999999964,3.907985046680551e-15,0.023019674698387102,0.011511362332518574,0.046044432411838,505,0.004849856634168842,-0.003916069644641418,0.0027666245774905507,0.06916561443726367,5.0
101.5999999999985,523.2871724410853,11.015997299136455,1.641648333462709,4.9999999999999964,3.907985046680551e-15,-0.009491469863435527,-0.004745841817567364,-0.018983296009906798,505,0.008647466464784134,0.0006883735965423909,0.0027666245774905507,0.06916561443726367,5.0
101.6999999999985,523.2541434272002,11.514905190677343,1.6397500038617183,4.9999999999999964,3.907985046680551e-15,0.010728391187207564,0.005364349950597616,0.021457296891953605,506,0.005939018652511164,-0.002426129759131257,0.0006080868773414849,0.015202171933537102,5.0
101.79999999999849,523.217018610166,12.01352503380452,1.6418957335509137,4.9999999999999964,3.907985046680551e-15,-0.007416600059832938,-0.003708351025265213,-0.01483337010325002,506,0.007408126634413796,-0.0002804000699359044,0.0006080868773414849,0.015202171933537102,5.0
101.89999999999849,523.1833485815217,12.51239007484377,1.6404123965405886,4.9999999999999964,3.907985046680551e-15,0.005628286131159128,0.0028141653520840117,0.011256646550436962,507,0.005413756375168159,-0.0017637370802610075,-2.842170943040401e-14,-7.105427357600992e-13,5.0
101.99999999999848,523.1471651205911,13.01107911337889,1.6415380611956323,4.9999999999999964,3.907985046680551e-15,-0.004947751872276312,-0.00247389107650529,-0.009895554212322605,507,0.005938970414477936,-0.0006380724252172953,-2.842170943040401e-14,-7.105427357600992e-13,5.0
102.09999999999847,523.1130577062661,13.509914441205682,1.6405485057744,4.9999999999999964,3.907985046680551e-15,0.004667341035630131,0.0023336832270961267,0.009334724435440478,508,0.004382991175111272,-0.0016276278463926985,-1.1102230246251565e-16,-2.7755575615628874e-15,5.0
102.19999999999847,523.0770459824636,14.008615910773173,1.6414819782179442,4.9999999999999964,3.907985046680551e-15,-0.003438541842786794,-0.001719276003388443,-0.006877100625537541,508,0.004736018836182489,-0.0006941554028485619,-1.1102230246251565e-16,-2.7755575615628874e-15,5.0
102.29999999999846,523.0425901240014,14.507427291775686,1.6407942681553904,4.9999999999999964,3.907985046680551e-15,0.003712791679359698,0.0018564022372234742,0.007425604683836146,509,0.003529304304492123,-0.0013818654654589313,2.842170943040401e-14,7.105427357600992e-13,5.0
102.39999999999846,523.0066938598336,15.006137085361885,1.6415368286237741,4.9999999999999964,3.907985046680551e-15,-0.002453907668852392,-0.0012269556815045566,-0.004907821494629034,509,0.003766572681415943,-0.0006393049970752074,2.842170943040401e-14,7.105427357600992e-13,5.0
102.49999999999845,522.9719650715567,15.504929538457175,1.6410460464743113,4.9999999999999964,3.907985046680551e-15,0.0028927337091982906,0.0014463698803717814,0.005785477504297136,510,0.0028334428836894986,-0.0011300871465382833,-2.8199664825478976e-14,-7.049916206369734e-13,5.0
102.59999999999845,522.9361477306766,16.003645006527172,1.641624594224741,4.9999999999999964,3.907985046680551e-15,-0.001779597543969724,-0.0008897994764763497,-0.00355919743624368,510,0.00299158424800212,-0.0005515393961086357,-2.8199664825478976e-14,-7.049916206369734e-13,5.0
102.69999999999844,522.9012069977513,16.50242265757285,1.6412686744811165,4.9999999999999964,3.907985046680551e-15,0.0022296281860557134,0.0011148154785321966,0.004459260990456985,511,0.002270915061311829,-0.0009074591396764919,-2.842170943040401e-14,-7.105427357600992e-13,5.0
102.79999999999843,522.8654439803616,17.001142024138044,1.6417146005801622,4.9999999999999964,3.907985046680551e-15,-0.001302494344483787,-0.0006512474484508365,-0.0026049896096638965,511,0.002374593229961445,-0.0004615330406307905,-2.842170943040401e-14,-7.105427357600992e-13,5.0
102.89999999999843,522.8303393717465,17.499908168191528,1.6414541016191957,4.9999999999999964,3.907985046680551e-15,0.0017088660441905985,0.000854433645879529,0.0034177341676613687,512,0.0018182031003007443,-0.0007220320015970394,2.8199664825478976e-14,7.049916206369734e-13,5.0
102.99999999999842,522.7946137358151,17.99863021396181,1.6417958750359618,4.9999999999999964,3.907985046680551e-15,-0.0009579804149702082,-0.0004789903173806281,-0.0019159611962587956,512,0.0018844039221973695,-0.0003802585848309281,2.8199664825478976e-14,7.049916206369734e-13,5.0
103.09999999999842,522.7593826753576,18.49738744185835,1.6416042789163359,4.9999999999999964,3.907985046680551e-15,0.0013059659709996187,0.0006529832639232402,0.0026119328700771843,513,0.0014547795239762754,-0.0005718547045134859,2.8310687127941492e-14,7.077671781985363e-13,5.0
103.19999999999841,522.7236826104909,18.996111318736638,1.6418654722033437,4.9999999999999964,3.907985046680551e-15,-0.0007062070659289448,-0.00035310357699016974,-0.001412414278610206,513,0.0014953438036752397,-0.00031066141750568654,2.8310687127941492e-14,7.077671781985363e-13,5.0
103.2999999999984,522.6883540516952,19.494861649998104,1.6417242307754827,4.9999999999999964,3.907985046680551e-15,0.0009966874802700893,0.0004983438638969908,0.001993375373079958,514,0.0011634613307398255,-0.0004519028453666696,-2.8310687127941492e-14,-7.077671781985363e-13,5.0
103.3999999999984,522.6526712863548,19.993586764923812,1.6419235683127906,4.9999999999999964,3.907985046680551e-15,-0.00052097505245933,-0.00026048754390472204,-0.0010419501638355144,514,0.0011866818400278001,-0.00025256530805872757,-2.8310687127941492e-14,-7.077671781985363e-13,5.0
103.4999999999984,522.6172675602296,20.492331766078166,1.641819373296407,4.9999999999999964,3.907985046680551e-15,0.0007602445994257714,0.00038012235463789093,0.001520489381934882,515,0.0009301554253861796,-0.0003567603243856965,-2.8199664825478976e-14,-7.049916206369734e-13,5.0
103.59999999999839,522.5815963049698,20.99105770439318,1.6419714222346005,4.9999999999999964,3.907985046680551e-15,-0.000384227662596032,-0.00019211383838850055,-0.0007684553488270116,515,0.0009418364405141821,-0.00020471138619226892,-2.8199664825478976e-14,-7.049916206369734e-13,5.0
103.69999999999838,522.5461346111358,21.48979858728772,1.6418945766997177,4.9999999999999964,3.907985046680551e-15,0.0005798552954319896,0.0002899276720867469,0.0011597106720998161,516,0.0007434238334362124,-0.0002815569210752322,2.842170943040401e-14,7.105427357600992e-13,5.0
103.79999999999838,522.5104708324199,21.98852506030444,1.6420105477669278,4.9999999999999964,3.907985046680551e-15,-0.0002831223937323676,-0.0001415611997030097,-0.0005662447969208211,516,0.0007476092089303832,-0.00016558585386516889,2.842170943040401e-14,7.105427357600992e-13,5.0
103.89999999999837,522.4749644125583,22.487262761053657,1.6419539232872358,4.9999999999999964,3.907985046680551e-15,0.0004423589096787088,0.00022117946565953153,0.0008847178554246735,517,0.0005940356846257898,-0.0002222103336138037,2.8310687127941492e-14,7.077671781985363e-13,5.0
103.99999999999837,522.4393053226801,22.98598956934559,1.6420423950727783,4.9999999999999964,3.907985046680551e-15,-0.00020834494081859795,-0.00010417247153976861,-0.0004166898854054277,517,0.0005935202507040627,-0.00013373854807130492,2.8310687127941492e-14,7.077671781985363e-13,5.0
104.09999999999836,522.4037643722833,23.484724810575734,1.6420007260842377,4.9999999999999964,3.907985046680551e-15,0.00033758800535666525,0.0001687940074875128,0.0006751760267439304,518,0.00047456474195227763,-0.00017540753661182684,-2.8310687127941492e-14,-7.077671781985363e-13,5.0
104.19999999999835,522.3681080666285,23.983451817932515,1.642068243686912,4.9999999999999964,3.907985046680551e-15,-0.0001530615852279627,-7.653079306221932e-05,-0.00030612317195005174,518,0.0004712579773907327,-0.00010788993393751056,-2.8310687127941492e-14,-7.077671781985363e-13,5.0
104.29999999999835,522.3325404387886,24.48218515735333,1.6420376313697171,4.9999999999999964,3.907985046680551e-15,0.0002577492513007584,0.00012887462779081525,0.0005154985097363033,519,0.00037904761439045906,-0.0001385022510758116,-2.842170943040401e-14,-7.105427357600992e-13,5.0
104.39999999999834,522.2968856363441,24.98091227217931,1.6420891812206908,4.9999999999999964,3.907985046680551e-15,-0.00011222594687797127,-5.611297361566664e-05,-0.00022445189434487905,519,0.00037423380275755907,-8.695240010214711e-05,-2.842170943040401e-14,-7.105427357600992e-13,5.0
104.49999999999834,522.2612973832412,25.47964414026183,1.6420667360312564,4.9999999999999964,3.907985046680551e-15,0.0001968937638542493,9.844688288125102e-05,0.0003937875308889195,520,0.00030270111609720027,-0.00010939758953631973,2.8199664825478976e-14,7.049916206369734e-13,5.0
104.59999999999833,522.2256432406543,25.97837130226165,1.6421061147843452,4.9999999999999964,3.907985046680551e-15,-8.209868934738329e-05,-4.104934474286179e-05,-0.00016419737892533362,520,0.00029722576274317583,-7.001883644752738e-05,2.8199664825478976e-14,7.049916206369734e-13,5.0
104.69999999999833,522.19003902955,26.477102031364677,1.6420896950464527,4.9999999999999964,3.907985046680551e-15,0.00015049017228405365,7.524508656805118e-05,0.00030098034598818825,521,0.0002416916722866036,-8.643857439660785e-05,2.8310687127941492e-14,7.077671781985363e-13,5.0
104.79999999999832,522.1543850080446,26.975829202020634,1.6421197930810516,4.9999999999999964,3.907985046680551e-15,-5.990449215327506e-05,-2.99522461035088e-05,-0.00011980898439612093,521,0.0002360949283998215,-5.634053979775011e-05,2.8310687127941492e-14,7.077671781985363e-13,5.0
104.89999999999831,522.1187684407003,27.47455904886219,1.642107812182612,4.9999999999999964,3.907985046680551e-15,0.00011509027972762078,5.754514005436785e-05,0.00023018056009043293,522,0.00019294853545245155,-6.832143823731762e-05,-2.8310687127941492e-14,-7.077671781985363e-13,5.0
104.99999999999831,522.0831142111311,27.973286204643614,1.642130830238621,4.9999999999999964,3.907985046680551e-15,-4.358240460460831e-05,-2.1791202312651853e-05,-8.716480924370889e-05,522,0.0001875603863189636,-4.5303382228301103e-05,-2.8310687127941492e-14,-7.077671781985363e-13,5.0
105.0999999999983,522.0474880690773,28.472015367619232,1.6421221137576967,4.9999999999999964,3.907985046680551e-15,8.807110318075762e-05,4.403555167576946e-05,0.0001761422066461506,523,0.00015401309410376443,-5.401986309605533e-05,-2.8199664825478976e-14,-7.049916206369734e-13,5.0
105.1999999999983,522.0118334445228,28.970742495162824,1.6421397279783614,4.9999999999999964,3.907985046680551e-15,-3.1602132694568536e-05,-1.5801066351229378e-05,-6.320426540228741e-05,523,0.00014902093844867178,-3.6405642431347474e-05,-2.8199664825478976e-14,-7.049916206369734e-13,5.0
105.29999999999829,521.9761998774552,29.469471127685594,1.6421334075518212,4.9999999999999964,3.907985046680551e-15,6.743740529340372e-05,3.3718702685038376e-05,0.00013487481071459574,524,0.0001229175840207139,-4.272606897171016e-05,2.842170943040401e-14,7.105427357600992e-13,5.0
105.39999999999829,521.9405447656718,29.96819822039634,1.6421468950328928,4.9999999999999964,3.907985046680551e-15,-2.2827991907879736e-05,-1.1413995955426877e-05,-4.565598382071614e-05,524,0.00011841390084011642,-2.9238587900159985e-05,2.842170943040401e-14,7.105427357600992e-13,5.0
105.49999999999828,521.9049054362335,30.466926441171132,1.6421423294345108,4.9999999999999964,3.907985046680551e-15,5.1671161320510045e-05,2.583558067749968e-05,0.00010334232269850223,525,9.808760896759527e-05,-3.380418633880389e-05,2.8310687127941492e-14,7.077671781985363e-13,5.0
105.59999999999827,521.8692498063921,30.965653496844478,1.6421526636667807,4.9999999999999964,3.907985046680551e-15,-1.641781812887859e-05,-8.208909064992462e-06,-3.283563625960105e-05,525,9.41033060969541e-05,-2.346995406887764e-05,2.8310687127941492e-14,7.077671781985363e-13,5.0
105.69999999999827,521.8336060015075,31.4643813977818,1.6421493801031548,4.9999999999999964,3.907985046680551e-15,3.961705640866965e-05,1.9808528212107253e-05,7.923411284324734e-05,526,7.826387444186123e-05,-2.6753517694766416e-05,-2.842170943040401e-14,-7.105427357600992e-13,5.0
105.79999999999826,521.797949861161,31.963108416957205,1.6421573035144392,4.9999999999999964,3.907985046680551e-15,-1.1747726844099717e-05,-5.8738634222525194e-06,-2.3495453688874956e-05,526,7.479137965674381e-05,-1.883010641035021e-05,-2.842170943040401e-14,-7.105427357600992e-13,5.0
105.89999999999826,521.7623025777034,32.46183606927066,1.6421549539690703,4.9999999999999964,3.907985046680551e-15,3.0395476204766222e-05,1.5197738105893353e-05,6.079095242123321e-05,527,6.243939474548377e-05,-2.1179651722436077e-05,-2.842170943040401e-14,-7.105427357600992e-13,5.0
105.99999999999825,521.7266459570449,32.96056305410627,1.6421610330643124,4.9999999999999964,3.907985046680551e-15,-8.35607386022503e-06,-4.178036930185447e-06,-1.671214772069316e-05,527,5.9448437978604045e-05,-1.5100556480351912e-05,-2.842170943040401e-14,-7.105427357600992e-13,5.0
106.09999999999825,521.6909959678026,33.459290513012455,1.6421593618495403,4.9999999999999964,3.907985046680551e-15,2.3336418496428397e-05,1.1668209249802792e-05,4.667283699815207e-05,528,4.980914126281183e-05,-1.6771771252477308e-05,2.853273173286652e-14,7.133182933216621e-13,5.0
106.19999999999824,521.6553389090865,33.95801746652882,1.64216402913324,4.9999999999999964,3.907985046680551e-15,-5.901713325465827e-06,-2.950856662758608e-06,-1.1803426651017294e-05,528,4.725736021920536e-05,-1.210448755273319e-05,2.853273173286652e-14,7.133182933216621e-13,5.0
106.29999999999824,521.6196868135942,34.45674477487177,1.6421628487905748,4.9999999999999964,3.907985046680551e-15,1.7929298299011927e-05,8.964649150226407e-06,3.585859660042531e-05,529,3.972968811171568e-05,-1.328483027496219e-05,2.8310687127941492e-14,7.077671781985363e-13,5.0
106.39999999999823,521.5840293641849,34.95547170045492,1.642166434650235,4.9999999999999964,3.907985046680551e-15,-4.132915211415114e-06,-2.0664576057163814e-06,-8.265830422859637e-06,529,3.756959756176601e-05,-9.698970614868685e-06,2.8310687127941492e-14,7.077671781985363e-13,5.0
106.49999999999822,521.5483756279217,35.45419889150277,1.6421656080671927,4.9999999999999964,3.907985046680551e-15,1.3784822056546069e-05,6.892411028600461e-06,2.7569644114183543e-05,530,3.1686883433190705e-05,-1.0525553656659525e-05,-2.853273173286652e-14,-7.133182933216621e-13,5.0
106.59999999999822,521.5127178358678,35.95292579258776,1.6421683650316041,4.9999999999999964,3.907985046680551e-15,-2.8642316325470283e-06,-1.4321158162764512e-06,-5.728463265103842e-06,530,2.9870312168347145e-05,-7.768589245227275e-06,-2.853273173286652e-14,-7.133182933216621e-13,5.0
106.69999999999821,521.4770628205076,36.45165289219201,1.6421677921852775,4.9999999999999964,3.907985046680551e-15,1.060601905703248e-05,5.30300952866537e-06,2.121203811456205e-05,531,2.5269959625803806e-05,-8.341435515202278e-06,0.0,0.0,5.0
106.7999999999982,521.4414047318526,36.95037977207063,1.642169913389089,4.9999999999999964,3.907985046680551e-15,-1.9592918718618906e-06,-9.796459359318855e-07,-3.918583743726913e-06,531,2.375074664390936e-05,-6.220231703712997e-06,0.0,0.0,5.0
106.8999999999982,521.4057487186257,37.44910680033435,1.6421695215307146,4.9999999999999964,3.907985046680551e-15,8.166221995709236e-06,4.083110997922691e-06,1.6332443991645372e-05,532,2.015080782596934e-05,-6.612090134749948e-06,2.853273173286652e-14,7.133182933216621e-13,5.0
106.9999999999982,521.3700903758958,37.947833662047,1.6421711547751137,4.9999999999999964,3.907985046680551e-15,-1.3180161642083279e-06,-6.590080821044501e-07,-2.6360323284176078e-06,532,1.8886318255980673e-05,-4.9788457356925164e-06,2.853273173286652e-14,7.133182933216621e-13,5.0
107.09999999999819,521.3344335836454,38.44656063461457,1.6421708911718809,4.9999999999999964,3.907985046680551e-15,6.2923256653656075e-06,3.1461628327139458e-06,1.2584651330835012e-05,533,1.606739126399498e-05,-5.242448968933999e-06,-2.8310687127941492e-14,-7.077671781985363e-13,5.0
107.19999999999818,521.2987750251199,38.94528748089807,1.6421721496370139,4.9999999999999964,3.907985046680551e-15,-8.671224107944783e-07,-4.3356120539732066e-07,-1.7342448215892272e-06,533,1.5019248155501153e-05,-3.98398383594234e-06,-2.8310687127941492e-14,-7.077671781985363e-13,5.0
107.29999999999818,521.2631176242686,39.44401440995296,1.6421719762125317,4.9999999999999964,3.907985046680551e-15,4.8520554855981635e-06,2.4260277428133606e-06,9.704110971243917e-06,534,1.2810475649778497e-05,-4.157408260985207e-06,-2.853273173286652e-14,-7.133182933216621e-13,5.0
107.39999999999817,521.2274588837549,39.94274124322442,1.6421729466236288,4.9999999999999964,3.907985046680551e-15,-5.530859596454735e-07,-2.765429798227579e-07,-1.1061719192910168e-06,534,1.1944785337739128e-05,-3.1869971639508776e-06,-2.853273173286652e-14,-7.133182933216621e-13,5.0
107.49999999999817,521.1918010071157,40.441468138261754,1.642172836006437,4.9999999999999964,3.907985046680551e-15,3.7442752478438748e-06,1.8721376239284991e-06,7.488550495709616e-06,535,1.0213015304003092e-05,-3.29761435580167e-06,2.8310687127941492e-14,7.077671781985363e-13,5.0
107.59999999999816,521.1561421140395,40.94019496062504,1.6421735848614865,4.9999999999999964,3.907985046680551e-15,-3.3692316025559437e-07,-1.6846158012780197e-07,-6.738463205112043e-07,535,9.500276966553818e-06,-2.5487593062756275e-06,2.8310687127941492e-14,7.077671781985363e-13,5.0
107.69999999999816,521.1204838651909,41.43892182905008,1.6421735174768544,4.9999999999999964,3.907985046680551e-15,2.8916087956482413e-06,1.4458043978271429e-06,5.783217591306552e-06,536,8.141666565590622e-06,-2.616143994993436e-06,2.8310687127941492e-14,7.077671781985363e-13,5.0
107.79999999999815,521.0848248448709,41.937648642315445,1.6421740957986135,4.9999999999999964,3.907985046680551e-15,-1.9033129002385626e-07,-9.516564501192899e-08,-3.806625800477151e-07,536,7.556496801566608e-06,-2.0378222358452547e-06,2.8310687127941492e-14,7.077671781985363e-13,5.0
107.89999999999814,521.0491663046496,42.43637548990767,1.6421740577323556,4.9999999999999964,3.907985046680551e-15,2.2348218134661523e-06,1.1174109067344714e-06,4.469643626936952e-06,537,6.490002761025404e-06,-2.0758884937688293e-06,-2.8310687127941492e-14,-7.077671781985363e-13,5.0
107.99999999999814,521.0135071786684,42.93510229561823,1.6421745046967182,4.9999999999999964,3.907985046680551e-15,-9.283710591287855e-08,-4.641855295643937e-08,-1.8567421182575728e-07,537,6.010763966893956e-06,-1.6289241311362446e-06,-2.8310687127941492e-14,-7.077671781985363e-13,5.0
108.09999999999813,520.9778484102071,43.433829126891446,1.642174486129297,4.9999999999999964,3.907985046680551e-15,1.728539400597996e-06,8.642697002996435e-07,3.4570788011981417e-06,538,5.173092638290078e-06,-1.6474914956710052e-06,-2.8310687127941492e-14,-7.077671781985363e-13,5.0
108.19999999999813,520.9421891968212,43.932555926352535,1.6421748318371772,4.9999999999999964,3.907985046680551e-15,-2.96927944195077e-08,-1.4846397209753854e-08,-5.938558883901537e-08,538,4.781481722091613e-06,-1.3017836155704288e-06,-2.8310687127941492e-14,-7.077671781985363e-13,5.0
108.29999999999812,520.9065302494603,44.43128274483447,1.6421748258986182,4.9999999999999964,3.907985046680551e-15,1.3379801882729782e-06,6.689900941367884e-07,2.6759603765469526e-06,539,4.123166749248064e-06,-1.3077221745483314e-06,2.864375403532904e-14,7.16093850883225e-13,5.0
108.39999999999812,520.8708709640135,44.93000953914316,1.6421750934946557,4.9999999999999964,3.907985046680551e-15,9.674078929060388e-09,4.837039464530194e-09,1.9348157858120763e-08,539,3.8038006551967957e-06,-1.0401261369974435e-06,2.864375403532904e-14,7.16093850883225e-13,5.0
108.49999999999811,520.8352118763404,45.428736347592746,1.6421750954294716,4.9999999999999964,3.907985046680551e-15,1.0364642728658406e-06,5.182321364330595e-07,2.0729285457321437e-06,540,3.2861560879948737e-06,-1.038191378421871e-06,2.8310687127941492e-14,7.077671781985363e-13,5.0
108.5999999999981,520.7995525316584,45.92746313766608,1.6421753027223263,4.9999999999999964,3.907985046680551e-15,3.2800236923281674e-08,1.640011846164084e-08,6.560047384656332e-08,540,3.026176463505857e-06,-8.308985237626132e-07,2.8310687127941492e-14,7.077671781985363e-13,5.0
108.6999999999981,520.7638933338709,46.426189938242466,1.6421753092823737,4.9999999999999964,3.907985046680551e-15,8.035129860464335e-07,4.017564930232816e-07,1.607025972093082e-06,541,2.6189272377824535e-06,-8.243384757022909e-07,-2.864375403532904e-14,-7.16093850883225e-13,5.0
108.7999999999981,520.7282339406242,46.924916724843385,1.6421754699849709,4.9999999999999964,3.907985046680551e-15,4.502279846684631e-08,2.251139923342317e-08,9.00455969336926e-08,541,2.4076362254467354e-06,-6.636358784728458e-07,-2.864375403532904e-14,-7.16093850883225e-13,5.0
108.89999999999809,520.6925746563705,47.42364351923739,1.6421754789895306,4.9999999999999964,3.907985046680551e-15,6.233972702985383e-07,3.116986351492995e-07,1.2467945405971768e-06,542,2.087074058951255e-06,-6.546312620869799e-07,-2.8310687127941492e-14,-7.077671781985363e-13,5.0
108.99999999999808,520.6569152234007,47.92237030299806,1.6421756036689847,4.9999999999999964,3.907985046680551e-15,5.0090888046184325e-08,2.5045444023092176e-08,1.0018177609236862e-07,542,1.9156076898280486e-06,-5.299518079926457e-07,-2.8310687127941492e-14,-7.077671781985363e-13,5.0
109.09999999999808,520.6212558712115,48.421097092534616,1.6421756136871624,4.9999999999999964,3.907985046680551e-15,4.840269791915637e-07,2.42013489595796e-07,9.68053958383174e-07,543,1.663154456044147e-06,-5.199336303718383e-07,2.8310687127941492e-14,7.077671781985363e-13,5.0
109.19999999999807,520.5855964058181,48.91982387397698,1.6421757104925583,4.9999999999999964,3.907985046680551e-15,5.0612736159525924e-08,2.5306368079762978e-08,1.0122547231905183e-07,543,1.524194347990969e-06,-4.2312823445023184e-07,2.8310687127941492e-14,7.077671781985363e-13,5.0
109.29999999999806,520.5499370002229,49.41855065969497,1.6421757206151055,4.9999999999999964,3.907985046680551e-15,3.7610117650699545e-07,1.880505882535044e-07,7.522023530140126e-07,544,1.3252834646926281e-06,-4.1300574382674426e-07,2.8310687127941492e-14,7.077671781985363e-13,5.0
109.39999999999806,520.5142775084145,49.91727743924863,1.642175795835341,4.9999999999999964,3.907985046680551e-15,4.8381562874140796e-08,2.419078143707041e-08,9.676312574828158e-08,544,1.2128059012237943e-06,-3.377855084529813e-07,2.8310687127941492e-14,7.077671781985363e-13,5.0
109.49999999999805,520.4786180608129,50.41600422196313,1.6421758055116535,4.9999999999999964,3.907985046680551e-15,0.33954514046470036,0.17480991087970082,0.695683794590427,545,1.0560085231745009e-06,-3.281091958129423e-07,0.09028297652903017,2.257074413225751,5.0
109.59999999999805,520.3567630487169,50.900928294398256,1.7117441849706962,4.9999999999999964,3.907985046680551e-15,-0.12381584992302991,-0.06214610463613138,-0.24842443820613103,545,0.08696136877794644,0.0695680513498469,0.09028297652903017,2.257074413225751,5.0
109.69999999999804,520.3174029373328,51.399376668487115,1.686901741150083,4.9999999999999964,3.907985046680551e-15,0.6108652381980153,0.33676726103229854,1.3217507005445304,546,0.16978630635463313,-0.13584034552882662,0.5413670038367081,13.534175095917684,5.0
109.79999999999804,520.0986277233036,51.84897360545011,1.8190768112045361,4.9999999999999964,3.907985046680551e-15,0.6108652381980153,0.33676726103229854,1.3217507005445304,546,0.2695751484670742,-0.003665275474373564,0.5413670038367081,13.534175095917684,5.0
109.89999999999803,519.8225081294772,52.26581646541673,1.9512518812589892,4.9999999999999964,3.907985046680551e-15,0.6108652381980153,0.33676726103229854,1.3217507005445304,547,0.31323010980866894,-0.7736582600352764,0.693674967726676,17.341874193166877,5.0
109.99999999999802,519.493861015177,52.642633495634456,2.083426951313442,4.9999999999999964,3.907985046680551e-15,0.6108652381980153,0.33676726103229854,1.3217507005445304,548,-0.15659382389458343,-1.1266650708188193,0.2425909404189981,6.064773510474944,5.0
110.09999999999802,519.1184195733816,52.972851187139064,2.215602021367895,4.9999999999999964,3.907985046680551e-15,0.6108652381980153,0.33676726103229854,1.3217507005445304,548,-0.511734495197395,-0.9944900007643662,0.2425909404189981,6.064773510474944,5.0
110.19999999999801,518.7027333161495,53.25070894849973,2.347777091422348,4.9999999999999964,3.907985046680551e-15,0.6108652381980153,0.33676726103229854,1.3217507005445304,548,-0.8173926181086704,-0.8623149307099132,0.2425909404189981,6.064773510474944,5.0
110.29999999999801,518.2540538194953,53.47135959835621,2.479952161476801,4.9999999999999964,3.907985046680551e-15,0.6108652381980153,0.33676726103229854,1.3217507005445304,549,-1.0682360386920744,-0.7301398606554601,1.7763568394002505e-15,4.44089209850062e-14,5.0
110.399999999998,517.7802082208804,53.630953923672784,2.6121272315312543,4.9999999999999964,3.907985046680551e-15,0.6108652381980153,0.33676726103229854,1.3217507005445304,549,-1.259888836164857,-0.597964790601007,1.7763568394002505e-15,4.44089209850062e-14,5.0
110.499999999998,517.2894626761321,53.72670782860457,2.7443023015857073,4.9999999999999964,3.907985046680551e-15,0.6108652381980153,0.33676726103229854,1.3217507005445304,550,-1.3890076600911696,-0.46578972054655754,1.7763568394002505e-15,4.44089209850062e-14,5.0
110.59999999999799,516.7903781577619,53.75695090257572,2.8764773716401604,4.9999999999999964,3.907985046680551e-15,0.6108652381980153,0.33676726103229854,1.3217507005445304,550,-1.4533400545614692,-0.3336146504921045,1.7763568394002505e-15,4.44089209850062e-14,5.0
110.69999999999798,516.2916611102571,53.72115556030767,3.0086524416946134,4.9999999999999964,3.907985046680551e-15,0.6108652381980153,0.33676726103229854,1.3217507005445304,551,-1.4517637519025084,-0.20143958043765142,0.0,0.0,5.0
110.79999999999798,515.8020115676381,53.619946245454535,3.1408275117490665,4.9999999999999964,3.907985046680551e-15,0.6108652381980153,0.33676726103229854,1.3217507005445304,551,-1.3843062504459103,-0.06926451038319836,0.0,0.0,5.0
110.89999999999797,515.3299713828459,53.455088537289804,-3.0101827253760667,4.9999999999999964,3.907985046680551e-15,0.32235945440818436,0.16547786134049414,0.6588947336659419,552,-1.252144334824459,0.0629105596712547,0.0,0.0,5.0
110.99999999999797,514.8518455917989,53.30881575125045,-2.9442932520094725,4.9999999999999964,3.907985046680551e-15,0.21538586852482164,0.10895654096549903,0.4349643551656074,552,-1.1389402908941566,0.12880003303784893,0.0,0.0,5.0
111.09999999999796,514.3751110671004,53.1580702937383,-2.9007968164929117,4.9999999999999964,3.907985046680551e-15,0.05087926270786716,0.0254561059034443,0.10181342670615799,553,-1.0211788382856393,0.17229646855440972,0.0,0.0,5.0
111.19999999999796,513.8927291425165,53.026511642047375,-2.890615473822296,4.9999999999999964,3.907985046680551e-15,0.033876168471024926,0.016942945144300618,0.06776853815756013,553,-0.9229457361567227,0.18247781122502538,0.0,0.0,5.0
111.29999999999795,513.4105673527873,52.89414847298136,-2.88383862000654,4.9999999999999964,3.907985046680551e-15,-0.04881063744122191,-0.024419863668220937,-0.09766974676835011,554,-0.8238949360692812,0.1892546650407816,1.1102230246251565e-15,2.7755575615628876e-14,5.0
111.39999999999795,512.9241169184647,52.77853716320864,-2.893605594683375,4.9999999999999964,3.907985046680551e-15,-0.03320530068484659,-0.01660722809151279,-0.06642585889221156,554,-0.7418502491735014,0.1794876903639464,1.1102230246251565e-15,2.7755575615628876e-14,5.0
111.49999999999794,512.437441469567,52.663876762720044,-2.900248180572596,4.9999999999999964,3.907985046680551e-15,-0.07657976041502995,-0.038346099964754535,-0.15334681262123803,555,-0.6607696428285843,0.17284510447472323,1.7278661623709723e-06,4.319665405927425e-05,5.0
111.59999999999793,511.94770822534105,52.56307324343673,-2.9155828618347197,4.9999999999999964,3.907985046680551e-15,-0.05230815911877898,-0.02617198213191989,-0.10467597754237644,555,-0.5937227143089526,0.15751042321259945,1.7278661623709723e-06,4.319665405927425e-05,5.0
111.69999999999793,511.457658831739,52.46381805802918,-2.926050459588957,4.9999999999999964,3.907985046680551e-15,-0.07676197757890668,-0.03843761121325391,-0.1537125878850543,556,-0.5282405539747868,0.14703936972603948,1.814082976636655e-05,0.0004535207441591631,5.0
111.79999999999792,510.96547986505027,52.375727963528064,-2.9414217183774625,4.9999999999999964,3.907985046680551e-15,-0.05289659994171036,-0.026466813837440106,-0.1058548959176056,556,-0.47404635231239645,0.13166811093753417,1.814082976636655e-05,0.0004535207441591631,5.0
111.89999999999792,510.4730041975355,52.28931201068436,-2.9520072079692232,4.9999999999999964,3.907985046680551e-15,-0.06759290374179426,-0.03383509831210675,-0.1353145714664586,557,-0.4215456109465882,0.1210497954185632,2.3789730057455216e-05,0.0005947432514363795,5.0
111.99999999999791,509.97905649055673,52.21175130690696,-2.965538665115869,4.9999999999999964,3.907985046680551e-15,-0.0471180341333688,-0.023572100224401687,-0.09427966934425075,557,-0.3779935238861006,0.10751833827191737,2.3789730057455216e-05,0.0005947432514363795,5.0
112.0999999999979,509.48485791842046,52.13580546239593,-2.974966632050294,4.9999999999999964,3.907985046680551e-15,-0.05651839788073662,-0.02828178426955364,-0.11311205671548505,558,-0.33608415060685987,0.09807561780458762,7.376766453237593e-06,0.00018441916133093956,5.0
112.1999999999979,508.98963507390425,52.06685378171094,-2.9862778377218424,4.9999999999999964,3.907985046680551e-15,-0.039780438916600935,-0.019898091557471104,-0.07958711411257308,558,-0.30121555846226045,0.08676441213303931,7.376766453237593e-06,0.00018441916133093956,5.0
112.2999999999979,508.4942124948482,51.99935216571945,-2.9942365491331,4.9999999999999964,3.907985046680551e-15,-0.046059984270458564,-0.02304221327578004,-0.09216069724263876,559,-0.2678073064661664,0.07880570072178017,8.881784197001252e-16,2.22044604925031e-14,5.0
112.39999999999789,507.998071007788,51.93735519145753,-3.003452618857364,4.9999999999999964,3.907985046680551e-15,-0.03273716196964214,-0.016372967801260758,-0.06548894513213539,559,-0.2399400105195257,0.06958963099751614,8.881784197001252e-16,2.22044604925031e-14,5.0
112.49999999999788,507.5017732345648,51.87662200206596,-3.0100015133705775,4.9999999999999964,3.907985046680551e-15,-0.037018489083475555,-0.0185155878362791,-0.0740581196554538,560,-0.21334423633437427,0.06304073648430242,-2.6645352591003757e-15,-6.661338147750929e-14,5.0
112.59999999999788,507.0049663502391,51.820204631632876,-3.017407325336123,4.9999999999999964,3.907985046680551e-15,-0.026600812409799376,-0.013302759473742537,-0.05320946850774053,560,-0.19108901716552398,0.05563492451875707,-2.6645352591003757e-15,-6.661338147750929e-14,5.0
112.69999999999787,506.5080369382599,51.76487688533823,-3.022728272186897,4.9999999999999964,3.907985046680551e-15,-0.02955432292882111,-0.014780388976632164,-0.05911940331519304,561,-0.16992925572295814,0.0503139776679884,-8.881784197001252e-16,-2.22044604925031e-14,5.0
112.79999999999787,506.01074286342435,51.71292880420498,-3.028640212518416,4.9999999999999964,3.907985046680551e-15,-0.021469730564199003,-0.01073610248190792,-0.042943584942382686,561,-0.15216619997338351,0.0444020373364693,-8.881784197001252e-16,-2.22044604925031e-14,5.0
112.89999999999786,505.5133526349253,51.66190958631948,-3.032934571012654,4.9999999999999964,3.907985046680551e-15,-0.023514359898449945,-0.011758805383940397,-0.047034137620462706,562,-0.13533641209990493,0.040107678842227656,2.6645352591003757e-15,6.661338147750929e-14,5.0
112.99999999999785,505.01569816626886,51.613535731539685,-3.0376379847747,4.9999999999999964,3.907985046680551e-15,-0.017264557527195596,-0.008632922056459807,-0.0345312593016074,562,-0.121163873862532,0.035404265080181574,2.6645352591003757e-15,6.661338147750929e-14,5.0
113.09999999999785,504.5179680056478,51.5659470016961,-3.041091110704861,4.9999999999999964,3.907985046680551e-15,-0.018676367951856385,-0.00933899835227208,-0.03735545039919355,563,-0.10777980122256846,0.031951139150018903,8.881784197001252e-16,2.22044604925031e-14,5.0
113.19999999999784,504.0200442195479,51.52042883789316,-3.0448266557447803,4.9999999999999964,3.907985046680551e-15,-0.013853820719218595,-0.006927242743173968,-0.02770874936291818,563,-0.09647469428149127,0.028215594110099662,8.881784197001252e-16,2.22044604925031e-14,5.0
113.29999999999784,503.52206061328684,51.47556986002652,-3.047597530681072,4.9999999999999964,3.907985046680551e-15,-0.01482143798978432,-0.007411126004712728,-0.029644232649909785,564,-0.08583132255906867,0.02544471917380786,-8.881784197001252e-16,-2.22044604925031e-14,5.0
113.39999999999783,503.0239336398377,51.43233193312855,-3.050561953946063,4.9999999999999964,3.907985046680551e-15,-0.01110284318616686,-0.0055515926836306176,-0.0222062566673028,564,-0.07681501469270655,0.02248029590881684,-8.881784197001252e-16,-2.22044604925031e-14,5.0
113.49999999999783,502.52575919729986,51.38964440799439,-3.0527825796127934,4.9999999999999964,3.907985046680551e-15,-0.011758054095698382,-0.005879230251443431,-0.023516785527580072,565,-0.06835106736136808,0.0202596702420883,-2.6645352591003757e-15,-6.661338147750929e-14,5.0
113.59999999999782,502.0274775933121,51.34822649970136,-3.0551342581655514,4.9999999999999964,3.907985046680551e-15,-0.008890914755269352,-0.004445545230905382,-0.017782122352517298,565,-0.0611610951828669,0.017907991689330327,-2.6645352591003757e-15,-6.661338147750929e-14,5.0
113.69999999999781,501.52915817791165,51.307266028085465,-3.0569124704008033,4.9999999999999964,3.907985046680551e-15,-0.009326924417105186,-0.004663563631173733,-0.018654186906746615,566,-0.05443007527678606,0.016129779454082005,0.0,0.0,5.0
113.79999999999781,501.0307579889026,51.267300397904606,-3.058777889091478,4.9999999999999964,3.907985046680551e-15,-0.007115651464513841,-0.0035578707682260694,-0.014231453048183728,566,-0.048697092990381,0.014264360763407424,0.0,0.0,5.0
113.8999999999978,500.5323275808092,51.2277134267172,-3.060201034396296,4.9999999999999964,3.907985046680551e-15,-0.007398734833859756,-0.0036994180446469865,-0.014797638425875798,567,-0.04334395026499431,0.01284121545858552,2.6645352591003757e-15,6.661338147750929e-14,5.0
113.9999999999978,500.03383584144507,51.18890639403302,-3.061680798238884,4.9999999999999964,3.907985046680551e-15,-0.005692461427903444,-0.0028462537715368543,-0.011384999714181158,567,-0.038773115224632955,0.011361451615997886,2.6645352591003757e-15,6.661338147750929e-14,5.0
114.09999999999779,499.5353198834732,51.15041172365601,-3.062819298210302,4.9999999999999964,3.907985046680551e-15,-0.005869785567350147,-0.0029349180638725456,-0.01173965540174211,568,-0.03451556775430417,0.010222951644577982,8.881784197001252e-16,2.22044604925031e-14,5.0
114.19999999999779,499.036757061595,51.112528843079176,-3.063993263750476,4.9999999999999964,3.907985046680551e-15,-0.00455238180874446,-0.00227620269748091,-0.00910480292777175,568,-0.030871583222786162,0.009048986104403856,8.881784197001252e-16,2.22044604925031e-14,5.0
114.29999999999778,498.5381747867367,51.07490285210021,-3.0649037440432534,4.9999999999999964,3.907985046680551e-15,-0.004657439816902487,-0.002328732537019712,-0.009314921728944166,569,-0.027485217408562197,0.008138505811626562,-8.881784197001252e-16,-2.22044604925031e-14,5.0
114.39999999999777,498.0395565088632,51.037757018276466,-3.065835236216148,4.9999999999999964,3.907985046680551e-15,-0.0036395917623251724,-0.0018198019077224018,-0.007279203613157113,569,-0.024580347112893308,0.007207013638732107,-8.881784197001252e-16,-2.22044604925031e-14,5.0
114.49999999999777,497.5409225791055,51.000821884671964,-3.0665631565774634,4.9999999999999964,3.907985046680551e-15,-0.003696057718431959,-0.0018480351706454028,-0.0073921364749339686,570,-0.021886754276363617,0.006479093277418357,-2.6645352591003757e-15,-6.661338147750929e-14,5.0
114.59999999999776,497.04226086326685,50.964263805443856,-3.0673023702249567,4.9999999999999964,3.907985046680551e-15,-0.0029090877497827475,-0.0014545469522732827,-0.005818185757496724,570,-0.019571233499707196,0.00573987962992506,-2.6645352591003757e-15,-6.661338147750929e-14,5.0
114.69999999999776,496.54358653817235,50.92787812843283,-3.0678841888007065,4.9999999999999964,3.907985046680551e-15,-0.0029335840115989795,-0.0014667951615781665,-0.005867178542451385,571,-0.01742857371888474,0.00515806105417882,8.881784197001252e-16,2.22044604925031e-14,5.0
114.79999999999775,496.0448906855519,50.89178870367801,-3.0684709066549516,4.9999999999999964,3.907985046680551e-15,-0.002324671835056407,-0.0011623374878749586,-0.004649348904599236,571,-0.015582944963840845,0.004571343199933686,8.881784197001252e-16,2.22044604925031e-14,5.0
114.89999999999775,495.54618466618973,50.855840042340354,-3.0689358415454113,4.9999999999999964,3.907985046680551e-15,-0.002328767199370435,-0.0011643851783460287,-0.004657539660940788,572,-0.013878445409237843,0.004106408309468623,2.6645352591003757e-15,6.661338147750929e-14,5.0
114.99999999999774,495.0474619138066,50.82012427193799,-3.0694015955115055,4.9999999999999964,3.907985046680551e-15,-0.0018572709517991372,-0.0009286362767219206,-0.003714544573005214,572,-0.012407435965732488,0.003640654343374461,2.6645352591003757e-15,6.661338147750929e-14,5.0
115.09999999999773,494.5487309598073,50.78452321123816,-3.069773049968806,4.9999999999999964,3.907985046680551e-15,-0.0018489264177027568,-0.0009244639989281024,-0.0036978554689937127,573,-0.011051428594664531,0.0032691998860738813,-8.881784197001252e-16,-2.22044604925031e-14,5.0
115.19999999999773,494.0499869638116,50.749105327927204,-3.0701428355157057,4.9999999999999964,3.907985046680551e-15,-0.0014835571625419165,-0.0007417789894240645,-0.002967115685593893,573,-0.009879061725329059,0.002899414339174289,-8.881784197001252e-16,-2.22044604925031e-14,5.0
115.29999999999772,493.55123634984056,50.71378076050531,-3.070439547084265,4.9999999999999964,3.907985046680551e-15,-0.0014681716229088273,-0.0007340862070402413,-0.0029363445644368007,574,-0.008800244887504112,0.002602702770616805,-8.881784197001252e-16,-2.22044604925031e-14,5.0
115.39999999999772,493.0524755472369,50.67860034285382,-3.0707331815407084,4.9999999999999964,3.907985046680551e-15,-0.0011848255048805955,-0.000592412960349326,-0.0023696517027911885,574,-0.00786593714943679,0.0023090683141733237,-8.881784197001252e-16,-2.22044604925031e-14,5.0
115.49999999999771,492.5537094043332,50.64349571790318,-3.0709701467109873,4.9999999999999964,3.907985046680551e-15,-0.0011659905581574129,-0.0005829954772292471,-0.0023319817768165385,575,-0.007007609894094349,0.002072103143894388,-1.7763568394002505e-15,-4.44089209850062e-14,5.0
115.5999999999977,492.05493528636583,50.60850458694263,-3.071203344888669,4.9999999999999964,3.907985046680551e-15,-0.0009460860441091654,-0.00047304312790730186,-0.001892172441060696,575,-0.006263056335925846,0.001838904966212862,-1.7763568394002505e-15,-4.44089209850062e-14,5.0
115.6999999999977,491.55615685967564,50.57357492807701,-3.071392562132775,4.9999999999999964,3.907985046680551e-15,-0.0009261290837524628,-0.0004630646411706128,-0.0018522584984861682,576,-0.0055801256291113524,0.0016496877221103823,8.881784197001252e-16,2.22044604925031e-14,5.0
115.7999999999977,491.0573721802489,50.5387346701974,-3.0715777879826236,4.9999999999999964,3.907985046680551e-15,-0.0007553314636412414,-0.00037766578568762234,-0.0015106631068391438,576,-0.00498681422787943,0.0014644618722616798,8.881784197001252e-16,2.22044604925031e-14,5.0
115.89999999999769,490.5585840253092,50.50394420466669,-3.0717288542933074,4.9999999999999964,3.907985046680551e-15,-0.0007357047652616521,-0.00036785243240691605,-0.0014714096964435943,577,-0.004443416291560828,0.0013133955615725057,2.6645352591003757e-15,6.661338147750929e-14,5.0
115.99999999999768,490.05979096108933,50.46922419478482,-3.071875995262952,4.9999999999999964,3.907985046680551e-15,-0.0006029473693096119,-0.0003014737120546611,-0.00120589482995207,577,-0.003970644797426658,0.0011662545919279843,2.6645352591003757e-15,6.661338147750929e-14,5.0
116.09999999999768,489.5609950944301,50.43454446866594,-3.071996584745947,4.9999999999999964,3.907985046680551e-15,-0.0005845053695546654,-0.00029225270973911357,-0.0011690108223152632,578,-0.003538254411390238,0.0010456651089327806,-8.881784197001252e-16,-2.22044604925031e-14,5.0
116.19999999999767,489.06219536863574,50.39992029289985,-3.072113485828179,4.9999999999999964,3.907985046680551e-15,-0.00048123809946099493,-0.00024061906366174623,-0.000962476245359484,578,-0.003161548247432436,0.0009287640267010566,-8.881784197001252e-16,-2.22044604925031e-14,5.0
116.29999999999767,488.56339338407264,50.36532867258674,-3.072209733452715,4.9999999999999964,3.907985046680551e-15,-0.00046443372422120795,-0.00023221687463282253,-0.0009288674901831429,579,-0.0028174757930636944,0.0008325164021667497,-8.881784197001252e-16,-2.22044604925031e-14,5.0
116.39999999999766,488.06458836271815,50.33078086988461,-3.072302620201733,4.9999999999999964,3.907985046680551e-15,-0.00038404576616310357,-0.00019202289016197102,-0.0007680915559276038,579,-0.002517326047326733,0.0007396296531485547,-8.881784197001252e-16,-2.22044604925031e-14,5.0
116.49999999999766,487.5657815216369,50.296259350645975,-3.072379429357326,4.9999999999999964,3.907985046680551e-15,-0.0003690683567859602,-0.00018453418467689742,-0.0007381367345183107,580,-0.002243522679522392,0.0006628204975558383,-8.881784197001252e-16,-2.22044604925031e-14,5.0
116.59999999999765,487.06697228870684,50.261772409005,-3.0724532430307776,4.9999999999999964,3.907985046680551e-15,-0.00030644441603289727,-0.0001532222116136534,-0.0006128888440564765,580,-0.002004379532205239,0.0005890068241041213,-8.881784197001252e-16,-2.22044604925031e-14,5.0
116.69999999999764,486.56816159047366,50.22730666763573,-3.0725145319151834,4.9999999999999964,3.907985046680551e-15,-0.0002933157014010009,-0.0001466578538548946,-0.0005866314133166485,581,-0.0017864872328560884,0.0005277179397000786,8.881784197001252e-16,2.22044604925031e-14,5.0
116.79999999999764,486.06934900686605,50.1928682234974,-3.072573195056515,4.9999999999999964,3.907985046680551e-15,-0.0002444946435119403,-0.00012224732358288398,-0.0004889892931135931,581,-0.0015959571945393797,0.0004690547983683402,8.881784197001252e-16,2.22044604925031e-14,5.0
116.89999999999763,485.5705352439444,50.158446865012685,-3.0726220939858266,4.9999999999999964,3.907985046680551e-15,-0.00023313472724750977,-0.00011656736520766643,-0.0004662694597747244,582,-0.0014225534606217385,0.00042015586905330693,8.881784197001252e-16,2.22044604925031e-14,5.0
116.99999999999763,485.0717199938329,50.124047064777635,-3.072668720931804,4.9999999999999964,3.907985046680551e-15,-0.00019504680816789696,-9.752340501147548e-05,-0.0003900936194275503,582,-0.0012707592110271608,0.0003735289230757388,8.881784197001252e-16,2.22044604925031e-14,5.0
117.09999999999762,484.57290379506196,50.08966102336962,-3.072707730293747,4.9999999999999964,3.907985046680551e-15,-0.00018531885547866769,-9.265942853488635e-05,-0.0003706377136091768,583,-0.0011327564537500425,0.00033451956113461634,-8.881784197001252e-16,-2.22044604925031e-14,5.0
117.19999999999762,484.0740864224572,50.055292014253034,-3.072744794065108,4.9999999999999964,3.907985046680551e-15,-0.00015558330087091143,-7.779165090621506e-05,-0.0003111666033110205,583,-0.0010118263886261733,0.0002974557897736929,-8.881784197001252e-16,-2.22044604925031e-14,5.0
117.29999999999761,483.57526828712093,50.02093407689219,-3.072775910725439,4.9999999999999964,3.907985046680551e-15,-0.00014732320349166187,-7.36616021455211e-05,-0.0002946464083156241,584,-0.0009019943200743775,0.0002663391294426276,8.881784197001252e-16,2.22044604925031e-14,5.0
117.3999999999976,483.07644922476203,49.986589600955114,-3.0728053753662707,4.9999999999999964,3.907985046680551e-15,-0.00012409216232420935,-6.204608140096447e-05,-0.00024818432544461785,584,-0.0008056555570200366,0.00023687448861098304,8.881784197001252e-16,2.22044604925031e-14,5.0
117.4999999999976,482.5776295494639,49.95225402850485,-3.0728301937988154,4.9999999999999964,3.907985046680551e-15,-0.00011712770259192223,-5.8563851496819e-05,-0.00023425540585337058,585,-0.0007182413538626244,0.0002120560560645579,-8.881784197001252e-16,-2.22044604925031e-14,5.0
117.59999999999759,482.07880914168857,49.91792909898008,-3.072853619339401,4.9999999999999964,3.907985046680551e-15,-9.896586054389324e-05,-4.948293039310857e-05,-0.00019793172149165948,585,-0.0006414952518790651,0.00018863051547901577,-8.881784197001252e-16,-2.22044604925031e-14,5.0
117.69999999999759,481.57998824158653,49.883611324847784,-3.07287341251155,4.9999999999999964,3.907985046680551e-15,-9.31286136201936e-05,-4.6564306911059145e-05,-0.00018625722757692822,586,-0.0005719214595603704,0.00016883734333328348,-8.881784197001252e-16,-2.22044604925031e-14,5.0
117.79999999999758,481.08116676245857,49.849301968097926,-3.072892038234308,4.9999999999999964,3.907985046680551e-15,-7.892024739329774e-05,-3.946012375809228e-05,-0.00015784049499140674,586,-0.0005107849415011689,0.00015021162057538007,-8.881784197001252e-16,-2.22044604925031e-14,5.0
117.89999999999758,480.5823448880671,49.81499835854177,-3.072907822283807,4.9999999999999964,3.907985046680551e-15,-7.405252956506253e-05,-3.7026264833292206e-05,-0.00014810505929932808,587,-0.00045540919320290543,0.00013442757107462455,8.881784197001252e-16,2.22044604925031e-14,5.0
117.99999999999757,480.08352255576034,49.78070140835576,-3.072922632789737,4.9999999999999964,3.907985046680551e-15,-6.292969257628298e-05,-3.1464846319292834e-05,-0.00012585938525640369,587,-0.0004067085401599779,0.0001196170651445172,8.881784197001252e-16,2.22044604925031e-14,5.0
118.09999999999756,479.58469990625946,49.746409071822576,-3.072935218728263,4.9999999999999964,3.907985046680551e-15,-5.8888189044618646e-05,-2.944409454783602e-05,-0.0001177763781743262,588,-0.0003626324308102589,0.00010703112661891723,8.881784197001252e-16,2.22044604925031e-14,5.0
118.19999999999756,479.0858768944815,49.71212200544575,-3.0729469963660803,4.9999999999999964,3.907985046680551e-15,-5.017518164518823e-05,-2.5087590838383924e-05,-0.0001003503633430091,588,-0.00032383891480952665,9.525348880146112e-05,8.881784197001252e-16,2.22044604925031e-14,5.0
118.29999999999755,478.58705362826834,49.67783864090234,-3.0729570314024146,4.9999999999999964,3.907985046680551e-15,-4.6832400127829864e-05,-2.3416200076754468e-05,-9.366480029845811e-05,589,-0.00028875596585261503,8.521845246534099e-05,8.881784197001252e-16,2.22044604925031e-14,5.0
118.39999999999755,478.0882300753387,49.64355944834112,-3.0729663978824444,4.9999999999999964,3.907985046680551e-15,-4.000279891342939e-05,-2.000139946471637e-05,-8.0005597853531e-05,589,-0.00025785483967634415,7.585197243553665e-05,8.881784197001252e-16,2.22044604925031e-14,5.0
118.49999999999754,477.58940631839914,49.60928322461839,-3.0729743984422297,4.9999999999999964,3.907985046680551e-15,-3.724714623397534e-05,-1.8623573123447024e-05,-7.449429248948181e-05,590,-0.0002299295532071457,6.785141265019945e-05,-2.6645352591003757e-15,-6.661338147750929e-14,5.0
118.59999999999754,477.0905823344682,49.57501030447318,-3.0729818478714788,4.9999999999999964,3.907985046680551e-15,-3.1890526257500435e-05,-1.5945263132804324e-05,-6.37810525285145e-05,590,-0.0002053156334521425,6.0401983401181525e-05,-2.6645352591003757e-15,-6.661338147750929e-14,5.0
118.69999999999753,476.5917581870228,49.540739764277085,-3.0729882259767316,4.9999999999999964,3.907985046680551e-15,-2.9625555025783283e-05,-1.4812777516141837e-05,-5.9251110062400504e-05,591,-0.0001830872733187207,5.402387815367504e-05,-8.881784197001252e-16,-2.22044604925031e-14,5.0
118.79999999999752,476.09293385981397,49.5064718407232,-3.072994151087738,4.9999999999999964,3.907985046680551e-15,-2.542169874032367e-05,-1.2710849372215474e-05,-5.0843397487492764e-05,591,-0.000163481723004337,4.809876714739758e-05,-8.881784197001252e-16,-2.22044604925031e-14,5.0
118.89999999999752,475.59410940159626,49.47220582426619,-3.0729992354274867,4.9999999999999964,3.907985046680551e-15,-2.356489417274656e-05,-1.1782447088008991e-05,-4.712978835094545e-05,592,-0.00014578776412462109,4.3014427395071664e-05,1.7763568394002505e-15,4.44089209850062e-14,5.0
118.99999999999751,475.09528480097543,49.43794188089273,-3.073003948406322,4.9999999999999964,3.907985046680551e-15,-2.026378735311352e-05,-1.0131893677596852e-05,-4.0527574709693985e-05,592,-0.00013017177397730423,3.8301448559874274e-05,1.7763568394002505e-15,4.44089209850062e-14,5.0
119.09999999999751,474.5964600954262,49.40367946513257,-3.073008001163793,4.9999999999999964,3.907985046680551e-15,-1.8745139390543166e-05,-9.372569696094916e-06,-3.749027878383075e-05,593,-0.00011608699654344894,3.424869108892281e-05,-8.881784197001252e-16,-2.22044604925031e-14,5.0
119.1999999999975,474.0976352770387,49.36941869221858,-3.073011750191671,4.9999999999999964,3.907985046680551e-15,-1.6151443507202035e-05,-8.075721754127696e-06,-3.230288701615964e-05,593,-0.00010364893584513535,3.049966321055919e-05,-8.881784197001252e-16,-2.22044604925031e-14,5.0
119.2999999999975,473.59881037463913,49.33515914251291,-3.0730149804803726,4.9999999999999964,3.907985046680551e-15,-1.4911961589345557e-05,-7.455980795087269e-06,-2.9823923180072727e-05,594,-9.24369651116824e-05,2.726937451091871e-05,8.881784197001252e-16,2.22044604925031e-14,5.0
119.39999999999749,473.099985382805,49.30090089501358,-3.0730179628726906,4.9999999999999964,3.907985046680551e-15,-1.2872952090875926e-05,-6.436476045704614e-06,-2.5745904182640674e-05,594,-8.253026825766341e-05,2.428698219292258e-05,8.881784197001252e-16,2.22044604925031e-14,5.0
119.49999999999748,472.6011603237268,49.266643626651685,-3.0730205374631088,4.9999999999999964,3.907985046680551e-15,-1.186322051738405e-05,-5.931610258900723e-06,-2.372644103546374e-05,595,-7.360501518767016e-05,2.171239177117812e-05,8.881784197001252e-16,2.22044604925031e-14,5.0
119.59999999999748,472.1023351937465,49.232387390720376,-3.073022910107212,4.9999999999999964,3.907985046680551e-15,-1.0259409958027396e-05,-5.129704979148681e-06,-2.0518819916504722e-05,595,-6.57146244297871e-05,1.9339747667768137e-05,8.881784197001252e-16,2.22044604925031e-14,5.0
119.69999999999747,471.6035100099593,49.19813193831311,-3.073024961989204,4.9999999999999964,3.907985046680551e-15,-9.438240089556671e-06,-4.719120044883431e-06,-1.8876480179463645e-05,596,-5.860960308772781e-05,1.7287865677673153e-05,-8.881784197001252e-16,-2.22044604925031e-14,5.0
119.79999999999747,471.10468476994936,49.1638773046262,-3.073026849637222,4.9999999999999964,3.907985046680551e-15,-8.17608302802256e-06,-4.0880415140796e-06,-1.6352166056272843e-05,596,-5.232523026982294e-05,1.5400217659777837e-05,-8.881784197001252e-16,-2.22044604925031e-14,5.0
119.89999999999746,470.60585948689646,49.12962329774789,-3.0730284848538276,4.9999999999999964,3.907985046680551e-15,-7.509291234694076e-06,-3.7546456173999683e-06,-1.5018582469564576e-05,597,-4.666914219879207e-05,1.3765001054100168e-05,8.881784197001252e-16,2.22044604925031e-14,5.0
119.99999999999746,470.10703415925144,49.09536994025069,-3.0730299867120747,4.9999999999999964,3.907985046680551e-15,-6.5155047394247684e-06,-3.2577523697469584e-06,-1.3031009478964777e-05,597,-4.166396447804338e-05,1.2263142807000804e-05,8.881784197001252e-16,2.22044604925031e-14,5.0
120.09999999999745,469.60820879718324,49.0611170840555,-3.0730312898130228,4.9999999999999964,3.907985046680551e-15,-5.974827390734548e-06,-2.9874136953939358e-06,-1.194965478155796e-05,598,-3.716126926045613e-05,1.0960041857188685e-05,-8.881784197001252e-16,-2.22044604925031e-14,5.0
120.19999999999744,469.10938339974024,49.026864743028355,-3.073032484778501,4.9999999999999964,3.907985046680551e-15,-5.191965726895271e-06,-2.5959828634651295e-06,-1.038393145384885e-05,598,-3.317495518339458e-05,9.765076379064652e-06,-8.881784197001252e-16,-2.22044604925031e-14,5.0
120.29999999999744,468.61055797477445,48.9926128028247,-3.073033523171646,4.9999999999999964,3.907985046680551e-15,-4.754110762031325e-06,-2.3770553810290938e-06,-9.508221524107414e-06,599,-2.9590408423888805e-05,8.726683237370025e-06,-8.881784197001252e-16,-2.22044604925031e-14,5.0
120.39999999999743,468.1117325217406,48.95836127139137,-3.0730344739937987,4.9999999999999964,3.907985046680551e-15,-4.1371150961345e-06,-2.0685575480761014e-06,-8.274230192298498e-06,599,-2.6415594492464056e-05,7.775861084802216e-06,-8.881784197001252e-16,-2.22044604925031e-14,5.0
120.49999999999743,467.6129070467062,48.92411006036576,-3.073035301416818,4.9999999999999964,3.907985046680551e-15,-3.7829431916285534e-06,-1.8914715958210439e-06,-7.565886383279659e-06,600,-2.3561942722648494e-05,6.948438063592022e-06,8.881784197001252e-16,2.22044604925031e-14,5.0
120.59999999999742,467.1140815493971,48.88985917374486,-3.0730360580054565,4.9999999999999964,3.907985046680551e-15,-3.296449435725956e-06,-1.6482247178674557e-06,-6.592898871466833e-06,600,-2.1033459486681505e-05,6.1918494251855805e-06,8.881784197001252e-16,2.22044604925031e-14,5.0
120.69999999999742,466.61525603450565,48.85560854319192,-3.0730367172953437,4.9999999999999964,3.907985046680551e-15,-3.0102742614499942e-06,-1.505137130728407e-06,-6.0205485229113505e-06,601,-1.87616471351835e-05,5.532559538057313e-06,0.0,0.0,5.0
120.79999999999741,466.116430501934,48.82135817013386,-3.073037319350196,4.9999999999999964,3.907985046680551e-15,-2.6265108535446905e-06,-1.3132554267746102e-06,-5.253021707096927e-06,601,-1.6747935928783375e-05,4.930504685862758e-06,0.0,0.0,5.0
120.8999999999974,465.6176049553138,48.78710800168065,-3.0730378446523665,4.9999999999999964,3.907985046680551e-15,-2.3955056555334987e-06,-1.1977528277684675e-06,-4.791011311072722e-06,602,-1.4939311298174792e-05,4.405202515211926e-06,8.881784197001252e-16,2.22044604925031e-14,5.0
120.9999999999974,465.11877939465796,48.752858037645936,-3.0730383237534977,4.9999999999999964,3.907985046680551e-15,-2.092651126070957e-06,-1.0463255630366241e-06,-4.18530225214573e-06,602,-1.3335586456490744e-05,3.926101383999736e-06,8.881784197001252e-16,2.22044604925031e-14,5.0
121.0999999999974,464.61995382277934,48.71860823706332,-3.073038742283723,4.9999999999999964,3.907985046680551e-15,-1.9063491287555443e-06,-9.531745643786382e-07,-3.8126982575139727e-06,603,-1.189569854813952e-05,3.5075711570797807e-06,-8.881784197001252e-16,-2.22044604925031e-14,5.0
121.19999999999739,464.12112823975656,48.68435859878819,-3.073039123553549,4.9999999999999964,3.907985046680551e-15,-1.6672477879897113e-06,-8.336238939954349e-07,-3.3344955759813514e-06,603,-1.0618500249262586e-05,3.1263013311466636e-06,-8.881784197001252e-16,-2.22044604925031e-14,5.0
121.29999999999738,463.62230264777,48.65010909106527,-3.0730394570031065,4.9999999999999964,3.907985046680551e-15,-1.5171238677627717e-06,-7.585619338818223e-07,-3.0342477355269965e-06,604,-9.472161530696323e-06,2.7928517769559846e-06,-8.881784197001252e-16,-2.22044604925031e-14,5.0
121.39999999999738,463.12347704693383,48.61585971223269,-3.0730397604278803,4.9999999999999964,3.907985046680551e-15,-1.328280942435534e-06,-6.641404712180599e-07,-2.6565618848720428e-06,604,-8.455016607046562e-06,2.4894270032049803e-06,-8.881784197001252e-16,-2.22044604925031e-14,5.0
121.49999999999737,462.6246514389394,48.58161043765632,-3.073040026084069,4.9999999999999964,3.907985046680551e-15,-1.207403085830258e-06,-6.037015429153491e-07,-2.414806171661248e-06,605,-7.542373344384843e-06,2.223770812825876e-06,1.7763568394002505e-15,4.44089209850062e-14,5.0
121.59999999999737,462.12582582391644,48.54736126544758,-3.073040267564686,4.9999999999999964,3.907985046680551e-15,-1.0581980417977933e-06,-5.290990208990448e-07,-2.1163960835960787e-06,605,-6.7323387098125465e-06,1.982290195545744e-06,1.7763568394002505e-15,4.44089209850062e-14,5.0
121.69999999999736,461.62700020317806,48.513112176481904,-3.0730404792042947,4.9999999999999964,3.907985046680551e-15,-9.609383086878285e-07,-4.804691543440252e-07,-1.9218766173760254e-06,606,-6.005743131053771e-06,1.7706505852643772e-06,8.881784197001252e-16,2.22044604925031e-14,5.0
121.79999999999735,461.12817457685674,48.47886316882966,-3.0730406713919565,4.9999999999999964,3.907985046680551e-15,-8.430083700336601e-07,-4.21504185016905e-07,-1.6860167400675689e-06,606,-5.360652415062339e-06,1.5784629234794068e-06,8.881784197001252e-16,2.22044604925031e-14,5.0
121.89999999999735,460.6293489459727,48.444614227632314,-3.0730408399936304,4.9999999999999964,3.907985046680551e-15,-7.648038873681769e-07,-3.824019436841443e-07,-1.5296077747365392e-06,607,-4.782173043639364e-06,1.4098612495239138e-06,-8.881784197001252e-16,-2.22044604925031e-14,5.0
121.99999999999734,460.1305233106535,48.4103653510326,-3.073040992954408,4.9999999999999964,3.907985046680551e-15,-6.715608987716175e-07,-3.3578044938584664e-07,-1.3431217975433603e-06,607,-4.268443388313892e-06,1.2569004721463273e-06,-8.881784197001252e-16,-2.22044604925031e-14,5.0
122.09999999999734,459.6316976716922,48.376116527477656,-3.0730411272665874,4.9999999999999964,3.907985046680551e-15,-6.087169671953472e-07,-3.0435848359770177e-07,-1.2174339343907876e-06,608,-3.80788338226511e-06,1.1225882943222132e-06,-2.6645352591003757e-15,-6.661338147750929e-14,5.0
122.19999999999733,459.1328720292071,48.34186775524698,-3.073041249009981,4.9999999999999964,3.907985046680551e-15,-5.349683922420619e-07,-2.674841961210501e-07,-1.0699367844841868e-06,608,-3.398768476159386e-06,1.0008449007337106e-06,-2.6645352591003757e-15,-6.661338147750929e-14,5.0
122.29999999999733,458.6340463838153,48.307619025351194,-3.0730413560036594,4.9999999999999964,3.907985046680551e-15,-4.844967795201606e-07,-2.422483897600945e-07,-9.68993559040368e-07,609,-3.032088120910343e-06,8.93851225924891e-07,0.0,0.0,5.0
122.39999999999732,458.1352207356234,48.27337033623833,-3.0730414529030154,4.9999999999999964,3.907985046680551e-15,-4.2614818885123813e-07,-2.1307409442562873e-07,-8.52296377702508e-07,609,-2.7062867018270986e-06,7.969518698303091e-07,0.0,0.0,5.0
122.49999999999731,457.63639508511204,48.23912168090846,-3.073041538132653,4.9999999999999964,3.907985046680551e-15,-3.856345952172379e-07,-1.9281729760862612e-07,-7.712691904344992e-07,610,-2.414347812166066e-06,7.117222287078562e-07,2.6645352591003757e-15,6.661338147750929e-14,5.0
122.59999999999731,457.1375694323754,48.20487305798871,-3.073041615259572,4.9999999999999964,3.907985046680551e-15,-3.3945603729774507e-07,-1.697280186488774e-07,-6.789120745955059e-07,610,-2.1548953467315224e-06,6.345953096342782e-07,2.6645352591003757e-15,6.661338147750929e-14,5.0
122.6999999999973,456.6387437777881,48.17062446202433,-3.0730416831507794,4.9999999999999964,3.907985046680551e-15,-3.0695182750711835e-07,-1.5347591375356277e-07,-6.139036550142483e-07,611,-1.9224617060914495e-06,5.667041005352758e-07,8.881784197001252e-16,2.22044604925031e-14,5.0
122.7999999999973,456.1399181214322,48.13637589181885,-3.073041744541145,4.9999999999999964,3.907985046680551e-15,-2.7039416196410876e-07,-1.3519708098205682e-07,-5.407883239282255e-07,611,-1.7158476126391542e-06,5.05313734855406e-07,8.881784197001252e-16,2.22044604925031e-14,5.0
122.89999999999729,455.64109246359976,48.10212734311851,-3.0730417986199776,4.9999999999999964,3.907985046680551e-15,-2.4432792483740706e-07,-1.2216396241870536e-07,-4.886558496748199e-07,612,-1.5307892831219541e-06,4.512349023322315e-07,-8.881784197001252e-16,-2.22044604925031e-14,5.0
122.99999999999729,455.1422668043616,48.06787881489283,-3.0730418474855625,4.9999999999999964,3.907985046680551e-15,-2.1537855704350734e-07,-1.0768927852175493e-07,-4.307571140870186e-07,612,-1.366253813472884e-06,4.023693174204368e-07,-8.881784197001252e-16,-2.22044604925031e-14,5.0
123.09999999999728,454.6434411439456,48.033630303822214,-3.073041890561274,4.9999999999999964,3.907985046680551e-15,-1.944841253163882e-07,-9.724206265819503e-08,-3.889682506327792e-07,613,-1.2189138003987268e-06,3.5929360775455166e-07,-2.6645352591003757e-15,-6.661338147750929e-14,5.0
123.19999999999727,454.1446154824121,47.999381809027525,-3.073041929458099,4.9999999999999964,3.907985046680551e-15,-1.7155345516445117e-07,-8.577672758222622e-08,-3.4310691032890424e-07,613,-1.087888028036832e-06,3.203967828824261e-07,-2.6645352591003757e-15,-6.661338147750929e-14,5.0
123.29999999999727,453.6457898199392,47.96513332791637,-3.07304196376879,4.9999999999999964,3.907985046680551e-15,-1.5481139534934852e-07,-7.740569767467472e-08,-3.0962279069869837e-07,614,-9.705779965513226e-07,2.860860952580424e-07,8.881784197001252e-16,2.22044604925031e-14,5.0
123.39999999999726,453.14696415657784,47.93088485974458,-3.073041994731069,4.9999999999999964,3.907985046680551e-15,-1.366434399039106e-07,-6.832171995195561e-08,-2.732868798078221e-07,614,-8.662377959725576e-07,2.5512381629511083e-07,8.881784197001252e-16,2.22044604925031e-14,5.0
123.49999999999726,452.6481384924672,47.89663640248625,-3.073042022059757,4.9999999999999964,3.907985046680551e-15,-1.2323354079727193e-07,-6.16167703986362e-08,-2.464670815945445e-07,615,-7.728367493072246e-07,2.2779512276471792e-07,2.6645352591003757e-15,6.661338147750929e-14,5.0
123.59999999999725,452.1493128276502,47.86238795551557,-3.0730420467064654,4.9999999999999964,3.907985046680551e-15,-1.0883556563726734e-07,-5.4417782818633826e-08,-2.1767113127453507e-07,615,-6.897475744171988e-07,2.0314841453483723e-07,2.6645352591003757e-15,6.661338147750929e-14,5.0
123.69999999999725,451.65048716223566,47.82813951724827,-3.0730420684735784,4.9999999999999964,3.907985046680551e-15,-9.809842586105301e-08,-4.904921293052663e-08,-1.961968517221063e-07,616,-6.153822677650023e-07,1.8138130153388943e-07,-2.6645352591003757e-15,-6.661338147750929e-14,5.0
123.79999999999724,451.1516614962595,47.79389108716097,-3.0730420880932634,4.9999999999999964,3.907985046680551e-15,-8.668540654270776e-08,-4.334270327135396e-08,-1.7337081308541568e-07,616,-5.492162211961915e-07,1.6176161654612997e-07,-2.6645352591003757e-15,-6.661338147750929e-14,5.0
123.89999999999723,450.65283582980686,47.759642664013924,-3.0730421054303445,4.9999999999999964,3.907985046680551e-15,-7.80911300005939e-08,-3.904556500029701e-08,-1.561822600011879e-07,617,-4.900067570193321e-07,1.4442454077112643e-07,-8.881784197001252e-16,-2.22044604925031e-14,5.0
123.99999999999723,450.1540101629076,47.72539424737154,-3.0730421210485703,4.9999999999999964,3.907985046680551e-15,-6.904219486834727e-08,-3.452109743417367e-08,-1.3808438973669459e-07,617,-4.373172731095276e-07,1.2880631494738282e-07,-8.881784197001252e-16,-2.22044604925031e-14,5.0
124.09999999999722,449.65518449562836,47.691145836263004,-3.073042134857009,4.9999999999999964,3.907985046680551e-15,-6.216519915127172e-08,-3.108259957563589e-08,-1.2433039830254346e-07,618,-3.901746660826648e-07,1.1499787255786487e-07,1.7763568394002505e-15,4.44089209850062e-14,5.0
124.19999999999722,449.156358827994,47.65689743032726,-3.073042147290049,4.9999999999999964,3.907985046680551e-15,-5.498916170647807e-08,-2.749458085323906e-08,-1.0997832341295613e-07,618,-3.482170322643974e-07,1.0256483262693905e-07,1.7763568394002505e-15,4.44089209850062e-14,5.0
124.29999999999721,448.6575331600567,47.62264902880364,-3.0730421582878815,4.9999999999999964,3.907985046680551e-15,-4.9487901746553655e-08,-2.4743950873276844e-08,-9.89758034931073e-08,619,-3.1068191098395335e-07,9.156700020440667e-08,8.881784197001252e-16,2.22044604925031e-14,5.0
124.3999999999972,448.15870749183694,47.58840063139394,-3.073042168185462,4.9999999999999964,3.907985046680551e-15,-4.3795934360323577e-08,-2.1897967180161798e-08,-8.759186872064714e-08,619,-2.772703853390346e-07,8.166941967147068e-08,8.881784197001252e-16,2.22044604925031e-14,5.0
124.4999999999972,447.6598818233757,47.554152237501754,-3.0730421769446488,4.9999999999999964,3.907985046680551e-15,-3.939637555414206e-08,-1.9698187777071036e-08,-7.879275110828409e-08,620,-2.4738465553776796e-07,7.291023118582984e-08,8.881784197001252e-16,2.22044604925031e-14,5.0
124.5999999999972,447.16105615468985,47.51990384688157,-3.0730421848239238,4.9999999999999964,3.907985046680551e-15,-3.48806847375312e-08,-1.7440342368765606e-08,-6.976136947506236e-08,620,-2.207786320013172e-07,6.503095617560462e-08,8.881784197001252e-16,2.22044604925031e-14,5.0
124.69999999999719,446.66223048581145,47.4856554590655,-3.0730421918000608,4.9999999999999964,3.907985046680551e-15,-3.136308818333667e-08,-1.5681544091668342e-08,-6.272617636667332e-08,621,-1.9698333049238646e-07,5.805481917420252e-08,-8.881784197001252e-16,-2.22044604925031e-14,5.0
124.79999999999718,446.16340481675434,47.45140707385197,-3.0730421980726783,4.9999999999999964,3.907985046680551e-15,-2.7779918643282174e-08,-1.3889959321641089e-08,-5.5559837286564316e-08,621,-1.7579669227274497e-07,5.178220163770675e-08,-8.881784197001252e-16,-2.22044604925031e-14,5.0
124.89999999999718,445.66457914754375,47.41715869087369,-3.073042203628662,4.9999999999999964,3.907985046680551e-15,-2.4968155681990148e-08,-1.2484077840995077e-08,-4.993631136398027e-08,622,-1.568505657929993e-07,4.622621974093022e-08,-8.881784197001252e-16,-2.22044604925031e-14,5.0
124.99999999999717,445.16575347819105,47.382910309965595,-3.0730422086222933,4.9999999999999964,3.907985046680551e-15,-2.2124422268628567e-08,-1.1062211134314285e-08,-4.424884453725711e-08,622,-1.3997949557809086e-07,4.1232588454676034e-08,-8.881784197001252e-16,-2.22044604925031e-14,5.0
125.09999999999717,444.666927808716,47.348661930839185,-3.0730422130471777,4.9999999999999964,3.907985046680551e-15,-1.9877354409483193e-08,-9.938677204741598e-09,-3.9754708818966365e-08,623,-1.2489430966234998e-07,3.680770399583366e-08,-8.881784197001252e-16,-2.22044604925031e-14,5.0
125.19999999999716,444.16810213912794,47.31441355335957,-3.073042217022649,4.9999999999999964,3.907985046680551e-15,-1.7620100093366378e-08,-8.81005004668319e-09,-3.5240200186732735e-08,623,-1.1145979283977425e-07,3.283223293237825e-08,-8.881784197001252e-16,-2.22044604925031e-14,5.0
125.29999999999715,443.66927646944237,47.28016517730004,-3.073042220546669,4.9999999999999964,3.907985046680551e-15,-1.5824690626802748e-08,-7.912345313401374e-09,-3.1649381253605476e-08,624,-9.944869876752672e-08,2.9308214521961418e-08,8.881784197001252e-16,2.22044604925031e-14,5.0
125.39999999999715,443.1704507996668,47.24591680255058,-3.073042223711607,4.9999999999999964,3.907985046680551e-15,-1.4032672021738087e-08,-7.016336010869045e-09,-2.8065344043476157e-08,624,-8.875076379366575e-08,2.6143276432577522e-08,8.881784197001252e-16,2.22044604925031e-14,5.0
125.49999999999714,442.67162512981355,47.211668428932924,-3.0730422265181416,4.9999999999999964,3.907985046680551e-15,-1.2598405860937054e-08,-6.299202930468527e-09,-2.519681172187409e-08,625,-7.918729780361997e-08,2.333673831955707e-08,8.881784197001252e-16,2.22044604925031e-14,5.0
125.59999999999714,442.1727994598887,47.17742005635751,-3.073042229037823,4.9999999999999964,3.907985046680551e-15,-1.1175534547990835e-08,-5.587767273995417e-09,-2.2351069095981656e-08,625,-7.06685306869903e-08,2.081705696710401e-08,8.881784197001252e-16,2.22044604925031e-14,5.0
125.69999999999713,441.673973789902,47.1431716846841,-3.0730422312729297,4.9999999999999964,3.907985046680551e-15,-1.003001219324446e-08,-5.01500609662223e-09,-2.0060024386488908e-08,626,-6.305388590421845e-08,1.8581951977125755e-08,-2.6645352591003757e-15,-6.661338147750929e-14,5.0
125.79999999999713,441.1751481198583,47.10892331383991,-3.0730422332789322,4.9999999999999964,3.907985046680551e-15,-8.900038381630306e-09,-4.450019190815153e-09,-1.78000767632606e-08,626,-5.627041650690945e-08,1.657594950188468e-08,-2.6645352591003757e-15,-6.661338147750929e-14,5.0
125.89999999999712,440.6763224497653,47.074674943714534,-3.07304223505894,4.9999999999999964,3.907985046680551e-15,-7.98528045225493e-09,-3.992640226127465e-09,-1.597056090450985e-08,627,-5.020744890497919e-08,1.479594535780393e-08,0.0,0.0,5.0
125.99999999999712,440.17749677962695,47.04042657424892,-3.073042236655996,4.9999999999999964,3.907985046680551e-15,-7.087808513690486e-09,-3.5439042568452432e-09,-1.4175617027380961e-08,627,-4.480579645499416e-08,1.3198889092791433e-08,0.0,0.0,5.0
126.09999999999711,439.6786711094493,47.006178205356115,-3.073042238073558,4.9999999999999964,3.907985046680551e-15,-6.357419824798627e-09,-3.1787099123993138e-09,-1.2714839649597245e-08,628,-3.997830448805584e-08,1.1781323916437714e-08,2.6645352591003757e-15,6.661338147750929e-14,5.0
126.1999999999971,439.1798454392356,46.97192983698826,-3.0730422393450416,4.9999999999999964,3.907985046680551e-15,-5.644546549527509e-09,-2.8222732747637546e-09,-1.128909309905501e-08,628,-3.5676998549893923e-08,1.0509840109307333e-08,2.6645352591003757e-15,6.661338147750929e-14,5.0
126.2999999999971,438.68101976899055,46.93768146907685,-3.073042240473951,4.9999999999999964,3.907985046680551e-15,-5.061473185850882e-09,-2.530736592925441e-09,-1.0122946371701758e-08,629,-3.183321540655565e-08,9.380928922553267e-09,8.881784197001252e-16,2.22044604925031e-14,5.0
126.39999999999709,438.1821940987168,46.90343310158315,-3.0730422414862457,4.9999999999999964,3.907985046680551e-15,-4.495131477156571e-09,-2.2475657385782854e-09,-8.990262954313135e-09,629,-2.8408121202638803e-08,8.368634230038197e-09,8.881784197001252e-16,2.22044604925031e-14,5.0
126.49999999999709,437.68336842841813,46.86918473445315,-3.073042242385272,4.9999999999999964,3.907985046680551e-15,-4.0297376367522586e-09,-2.0148688183761293e-09,-8.059475273504512e-09,630,-2.5347586570271738e-08,7.469608043209064e-09,-8.881784197001252e-16,-2.22044604925031e-14,5.0
126.59999999999708,437.18454275809665,46.83493636765554,-3.073042243191219,4.9999999999999964,3.907985046680551e-15,-3.579747439358294e-09,-1.7898737196791467e-09,-7.159494878716583e-09,630,-2.2620218399771463e-08,6.663660734318455e-09,-8.881784197001252e-16,-2.22044604925031e-14,5.0
126.69999999999708,436.6857170877553,46.80068800114771,-3.0730422439071687,4.9999999999999964,3.907985046680551e-15,-3.2083303816125955e-09,-1.6041651908062977e-09,-6.416660763225187e-09,631,-2.018332235652516e-08,5.94771298878527e-09,0.0,0.0,5.0
126.79999999999707,436.1868914173957,46.76643963490439,-3.073042244548835,4.9999999999999964,3.907985046680551e-15,-2.8507520039335727e-09,-1.4253760019667864e-09,-5.701504007867141e-09,631,-1.801154745489919e-08,5.306046713116075e-09,0.0,0.0,5.0
126.89999999999706,435.6880657470203,46.73219126889196,-3.0730422451189856,4.9999999999999964,3.907985046680551e-15,-2.5543598831484034e-09,-1.2771799415742017e-09,-5.1087197662968035e-09,632,-1.607121135694181e-08,4.735894343355085e-09,8.881784197001252e-16,2.22044604925031e-14,5.0
126.99999999999706,435.1892400766304,46.69794290309001,-3.0730422456298574,4.9999999999999964,3.907985046680551e-15,-2.2702031917167416e-09,-1.1351015958583708e-09,-4.54040638343348e-09,632,-1.4341850922139354e-08,4.22502255403856e-09,8.881784197001252e-16,2.22044604925031e-14,5.0
127.09999999999705,434.69041440622794,46.663694537472026,-3.073042246083898,4.9999999999999964,3.907985046680551e-15,-2.0337222356936724e-09,-1.0168611178468362e-09,-4.067444471387342e-09,633,-1.2796895489238999e-08,3.770981749084967e-09,-2.6645352591003757e-15,-6.661338147750929e-14,5.0
127.19999999999705,434.1915887358139,46.629446172021545,-3.0730422464906426,4.9999999999999964,3.907985046680551e-15,-1.8078646110875333e-09,-9.039323055437667e-10,-3.615729222175064e-09,633,-1.1419834307357934e-08,3.364237333158826e-09,-2.6645352591003757e-15,-6.661338147750929e-14,5.0
127.29999999999704,433.69276306538984,46.59519780671763,-3.0730422468522156,4.9999999999999964,3.907985046680551e-15,-1.6192156699448896e-09,-8.096078349724448e-10,-3.238431339889777e-09,634,-1.0189676955072585e-08,3.0026696684615217e-09,-8.881784197001252e-16,-2.22044604925031e-14,5.0
127.39999999999704,433.1939373949566,46.560949441547024,-3.073042247176059,4.9999999999999964,3.907985046680551e-15,-1.4396720084478885e-09,-7.198360042239443e-10,-2.879344016895775e-09,634,-9.093147491923137e-09,2.6788264939625606e-09,-8.881784197001252e-16,-2.22044604925031e-14,5.0
127.49999999999703,432.69511172451536,46.52670107649318,-3.0730422474639933,4.9999999999999964,3.907985046680551e-15,-1.2891627054693035e-09,-6.445813527346517e-10,-2.5783254109386053e-09,635,-8.113656607038403e-09,2.390888376169187e-09,1.7763568394002505e-15,4.44089209850062e-14,5.0
127.59999999999702,432.19628605406683,46.49245271154543,-3.0730422477218258,4.9999999999999964,3.907985046680551e-15,-1.1464667689662422e-09,-5.732333844831211e-10,-2.2929335379324826e-09,635,-7.240507506056648e-09,2.1330559540899685e-09,1.7763568394002505e-15,4.44089209850062e-14,5.0
127.69999999999702,431.69746038361194,46.4582043466907,-3.0730422479511192,4.9999999999999964,3.907985046680551e-15,-1.0264312620418585e-09,-5.132156310209293e-10,-2.0528625240837158e-09,636,-6.460597137998569e-09,1.9037624809925546e-09,-1.7763568394002505e-15,-4.44089209850062e-14,5.0
127.79999999999701,431.19863471315125,46.42395598192041,-3.0730422481564057,4.9999999999999964,3.907985046680551e-15,-9.129681393474122e-10,-4.564840696737061e-10,-1.8259362786948231e-09,636,-5.765322524942107e-09,1.6984760264904253e-09,-1.7763568394002505e-15,-4.44089209850062e-14,5.0
127.89999999999701,430.69980904268544,46.38970761722422,-3.073042248338999,4.9999999999999964,3.907985046680551e-15,-8.172374441153473e-10,-4.086187220576737e-10,-1.6344748882306937e-09,637,-5.144323765148701e-09,1.515886083325313e-09,8.881784197001252e-16,2.22044604925031e-14,5.0
127.999999999997,430.20098337221503,46.35545925259524,-3.0730422485024467,4.9999999999999964,3.907985046680551e-15,-7.270196951281051e-10,-3.6350984756405254e-10,-1.4540393902562091e-09,637,-4.590694026307407e-09,1.3524386055507875e-09,8.881784197001252e-16,2.22044604925031e-14,5.0
128.099999999997,429.7021577017406,46.321210888025284,-3.073042248647851,4.9999999999999964,3.907985046680551e-15,-6.506572295997389e-10,-3.2532861479986943e-10,-1.3013144591994769e-09,638,-4.096227174728989e-09,1.207029143301952e-09,2.6645352591003757e-15,6.661338147750929e-14,5.0
128.199999999997,429.20333203126245,46.28696252350882,-3.0730422487779823,4.9999999999999964,3.907985046680551e-15,-5.789480129976812e-10,-2.894740064988406e-10,-1.1578960259953616e-09,638,-3.6553798113403424e-09,1.0768976821395881e-09,2.6645352591003757e-15,6.661338147750929e-14,5.0
128.299999999997,428.7045063607811,46.25271415903938,-3.073042248893772,4.9999999999999964,3.907985046680551e-15,-5.180691176304678e-10,-2.590345588152339e-10,-1.036138235260935e-09,639,-3.2616698443684033e-09,9.61108082009332e-10,-8.881784197001252e-16,-2.22044604925031e-14,5.0
128.399999999997,428.20568069029684,46.21846579461251,-3.073042248997386,4.9999999999999964,3.907985046680551e-15,-4.6102805549605973e-10,-2.305140277480299e-10,-9.220561109921188e-10,639,-2.910631992369961e-09,8.574940757455352e-10,-8.881784197001252e-16,-2.22044604925031e-14,5.0
128.499999999997,427.70685501981,46.18421743022311,-3.0730422490895917,4.9999999999999964,3.907985046680551e-15,-4.124920651837927e-10,-2.0624603259189635e-10,-8.249841303675849e-10,640,-2.5971363217577176e-09,7.652900535504159e-10,0.0,0.0,5.0
128.59999999999698,427.20802934932084,46.149969065867595,-3.07304224917209,4.9999999999999964,3.907985046680551e-15,-3.671209381452122e-10,-1.835604690726061e-10,-7.342418762904239e-10,640,-2.3176175423245127e-09,6.827916010365698e-10,0.0,0.0,5.0
128.69999999999698,426.7092036788296,46.11572070154192,-3.0730422492455145,4.9999999999999964,3.907985046680551e-15,-3.2841967632554327e-10,-1.6420983816277164e-10,-6.568393526510861e-10,641,-2.0680084699808282e-09,6.093654469907506e-10,-8.881784197001252e-16,-2.22044604925031e-14,5.0
128.79999999999697,426.21037800833653,46.08147233724321,-3.0730422493111984,4.9999999999999964,3.907985046680551e-15,-2.9234365369665183e-10,-1.4617182684832591e-10,-5.846873073933032e-10,641,-1.8454337086248884e-09,5.436815442294574e-10,-8.881784197001252e-16,-2.22044604925031e-14,5.0
128.89999999999696,425.71155233784185,46.047223972968276,-3.073042249369667,4.9999999999999964,3.907985046680551e-15,-2.6150315454267724e-10,-1.3075157727133862e-10,-5.230063090853542e-10,642,-1.6466788833099238e-09,4.852163115742769e-10,-8.881784197001252e-16,-2.22044604925031e-14,5.0
128.99999999999696,425.2127266673457,46.01297560871481,-3.073042249421968,4.9999999999999964,3.907985046680551e-15,-2.3279496659511534e-10,-1.1639748329755768e-10,-4.6558993319023037e-10,642,-1.4694465991227368e-09,4.329154812410252e-10,-8.881784197001252e-16,-2.22044604925031e-14,5.0
129.09999999999695,424.7139009968482,45.978727244480275,-3.073042249468527,4.9999999999999964,3.907985046680551e-15,-2.0819772543374264e-10,-1.0409886271687132e-10,-4.16395450867485e-10,643,-1.3111868773889312e-09,3.863545039450855e-10,8.881784197001252e-16,2.22044604925031e-14,5.0
129.19999999999695,424.21507532634956,45.94447888026283,-3.073042249510167,4.9999999999999964,3.907985046680551e-15,-1.8537947195417064e-10,-9.268973597708532e-11,-3.7075894390834103e-10,643,-1.1700596186381418e-09,3.4471492327270425e-10,8.881784197001252e-16,2.22044604925031e-14,5.0
129.29999999999694,423.7162496558499,45.91023051606046,-3.0730422495472425,4.9999999999999964,3.907985046680551e-15,-1.6577486901130252e-10,-8.288743450565126e-11,-3.3154973802260483e-10,644,-1.044048714669843e-09,3.076392474099521e-10,0.0,0.0,5.0
129.39999999999694,423.2174239853493,45.875982151871696,-3.0730422495803973,4.9999999999999964,3.907985046680551e-15,-1.4762125647727321e-10,-7.381062823863661e-11,-2.952425129545462e-10,644,-9.316710805618023e-10,2.744844351809661e-10,0.0,0.0,5.0
129.49999999999693,422.71859831484784,45.84173378769494,-3.0730422496099217,4.9999999999999964,3.907985046680551e-15,-1.319923971622157e-10,-6.599619858110786e-11,-2.6398479432443126e-10,645,-8.313286907826734e-10,2.449600522425044e-10,8.881784197001252e-16,2.22044604925031e-14,5.0
129.59999999999692,422.21977264434565,45.807485423529016,-3.07304224963632,4.9999999999999964,3.907985046680551e-15,-1.1755380317064656e-10,-5.877690158532328e-11,-2.3510760634129297e-10,645,-7.418432812489328e-10,2.1856161325217727e-10,8.881784197001252e-16,2.22044604925031e-14,5.0
129.69999999999692,421.7209469738428,45.77323705937266,-3.073042249659831,4.9999999999999964,3.907985046680551e-15,-1.0508973616110486e-10,-5.254486808055243e-11,-2.101794723222096e-10,646,-6.619570475530773e-10,1.9504886594745585e-10,-8.881784197001252e-16,-2.22044604925031e-14,5.0
129.7999999999969,421.22212130333935,45.738988695224926,-3.073042249680849,4.9999999999999964,3.907985046680551e-15,-9.360826836153672e-11,-4.6804134180768365e-11,-1.872165367230733e-10,646,-5.907053596265754e-10,1.740310118236721e-10,-8.881784197001252e-16,-2.22044604925031e-14,5.0
129.8999999999969,420.7232956328354,45.70474033108481,-3.0730422496995704,4.9999999999999964,3.907985046680551e-15,-8.369030888367266e-11,-4.184515444183633e-11,-1.6738061776734522e-10,647,-5.27086925321274e-10,1.553130957177018e-10,-8.881784197001252e-16,-2.22044604925031e-14,5.0
129.9999999999969,420.22446996233094,45.67049196695156,-3.0730422497163086,4.9999999999999964,3.907985046680551e-15,-7.453287578700498e-11,-3.726643789350249e-11,-1.4906575157400985e-10,647,-4.703574821296463e-10,1.385749293092431e-10,-8.881784197001252e-16,-2.22044604925031e-14,5.0
130.0999999999969,419.7256442918261,45.63624360282437,-3.0730422497312153,4.9999999999999964,3.907985046680551e-15,-6.662312738424323e-11,-3.3311563692121616e-11,-1.3324625476848638e-10,648,-4.1970059762655443e-10,1.2366641044536664e-10,8.881784197001252e-16,2.22044604925031e-14,5.0
130.1999999999969,419.2268186213209,45.60199523870265,-3.0730422497445398,4.9999999999999964,3.907985046680551e-15,-5.935498043282214e-11,-2.967749021641107e-11,-1.187099608656442e-10,648,-3.7452059509224256e-10,1.1034195779302536e-10,8.881784197001252e-16,2.22044604925031e-14,5.0
130.29999999999688,418.72799295081535,45.56774687458576,-3.0730422497564107,4.9999999999999964,3.907985046680551e-15,-5.3047947557959603e-11,-2.65239737789798e-11,-1.0609589511591914e-10,649,-3.3418826256639833e-10,9.847100912452333e-11,8.881784197001252e-16,2.22044604925031e-14,5.0
130.39999999999688,418.22916728030947,45.533498510473216,-3.0730422497670205,4.9999999999999964,3.907985046680551e-15,-4.7264757200664194e-11,-2.3632378600332094e-11,-9.452951440132832e-11,649,-2.98213634342126e-10,8.786127381199549e-11,8.881784197001252e-16,2.22044604925031e-14,5.0
130.49999999999687,417.73034160980336,45.499250146364524,-3.0730422497764733,4.9999999999999964,3.907985046680551e-15,-4.223680290939178e-11,-2.111840145469589e-11,-8.447360581878351e-11,650,-2.660935074713655e-10,7.840661453428766e-11,8.881784197001252e-16,2.22044604925031e-14,5.0
130.59999999999687,417.231515939297,45.46500178225929,-3.073042249784921,4.9999999999999964,3.907985046680551e-15,-3.763912417320876e-11,-1.881956208660438e-11,-7.527824834641747e-11,650,-2.3744523014457286e-10,6.995914958451976e-11,8.881784197001252e-16,2.22044604925031e-14,5.0
130.69999999999686,416.73269026879046,45.43075341815713,-3.0730422497924486,4.9999999999999964,3.907985046680551e-15,-3.3639046349877836e-11,-1.6819523174938918e-11,-6.727809269975563e-11,651,-2.11880941828127e-10,6.243139338835135e-11,-2.6645352591003757e-15,-6.661338147750929e-14,5.0
130.79999999999686,416.23386459828373,45.39650505405773,-3.0730422497991765,4.9999999999999964,3.907985046680551e-15,-2.996901154717554e-11,-1.498450577358777e-11,-5.993802309435104e-11,651,-1.8907268806156452e-10,5.5703441859122904e-11,-2.6645352591003757e-15,-6.661338147750929e-14,5.0
130.89999999999685,415.7350389277768,45.362256689960766,-3.0730422498051704,4.9999999999999964,3.907985046680551e-15,-2.679383397364758e-11,-1.339691698682379e-11,-5.358766794729512e-11,652,-1.687098718106822e-10,4.971489886429481e-11,-8.881784197001252e-16,-2.22044604925031e-14,5.0
130.99999999999685,415.23621325726975,45.328008325866,-3.073042249810529,4.9999999999999964,3.907985046680551e-15,-2.385940137698231e-11,-1.1929700688491155e-11,-4.7718802753964586e-11,652,-1.5055125895946375e-10,4.4356074369034104e-11,-8.881784197001252e-16,-2.22044604925031e-14,5.0
131.09999999999684,414.73738758676257,45.293759961773176,-3.073042249815301,4.9999999999999964,3.907985046680551e-15,-2.131127904147192e-11,-1.065563952073596e-11,-4.262255808294381e-11,653,-1.3433599415149655e-10,3.958078309551638e-11,1.7763568394002505e-15,4.44089209850062e-14,5.0
131.19999999999683,414.23856191625526,45.2595115976821,-3.0730422498195633,4.9999999999999964,3.907985046680551e-15,-1.9001975214710944e-11,-9.500987607355472e-12,-3.800395042942186e-11,653,-1.1987378450983854e-10,3.531841485937548e-11,1.7763568394002505e-15,4.44089209850062e-14,5.0
131.29999999999683,413.73973624574785,45.22526323359257,-3.073042249823364,4.9999999999999964,3.907985046680551e-15,-1.6972032780736777e-11,-8.486016390368389e-12,-3.3944065561473535e-11,654,-1.0696867653800513e-10,3.1517899401478644e-11,8.881784197001252e-16,2.22044604925031e-14,5.0
131.39999999999682,413.2409105752403,45.19101486950443,-3.0730422498267584,4.9999999999999964,3.907985046680551e-15,-1.513389111417119e-11,-7.566945557085596e-12,-3.026778222834236e-11,654,-9.544969675756576e-11,2.8123281481384765e-11,8.881784197001252e-16,2.22044604925031e-14,5.0
131.49999999999682,412.74208490473274,45.15676650541752,-3.0730422498297854,4.9999999999999964,3.907985046680551e-15,-1.3512822971938962e-11,-6.756411485969481e-12,-2.7025645943877905e-11,655,-8.516487298368403e-11,2.5094593070207338e-11,8.881784197001252e-16,2.22044604925031e-14,5.0
131.5999999999968,412.24325923422504,45.122518141331724,-3.073042249832488,4.9999999999999964,3.907985046680551e-15,-1.2048945183450664e-11,-6.024472591725332e-12,-2.409789036690131e-11,655,-7.599774282107674e-11,2.2391866139059857e-11,8.881784197001252e-16,2.22044604925031e-14,5.0
131.6999999999968,411.7444335637173,45.08826977724691,-3.0730422498348977,4.9999999999999964,3.907985046680551e-15,-1.0770713651068895e-11,-5.385356825534448e-12,-2.1541427302137778e-11,656,-6.781883258102916e-11,1.9982238086413417e-11,-2.6645352591003757e-15,-6.661338147750929e-14,5.0
131.7999999999968,411.24560789320947,45.05402141316297,-3.073042249837052,4.9999999999999964,3.907985046680551e-15,-9.593526473793302e-12,-4.796763236896651e-12,-1.918705294758659e-11,656,-6.051673745455233e-11,1.7827961329430764e-11,-2.6645352591003757e-15,-6.661338147750929e-14,5.0
131.8999999999968,410.7467822227016,45.01977304907982,-3.073042249838971,4.9999999999999964,3.907985046680551e-15,-8.584840811809513e-12,-4.292420405904756e-12,-1.7169681623619012e-11,657,-5.399353685507646e-11,1.5914380924186844e-11,0.0,0.0,5.0
131.9999999999968,410.24795655219367,44.98552468499737,-3.0730422498406877,4.9999999999999964,3.907985046680551e-15,-7.633881404586321e-12,-3.8169407022931604e-12,-1.5267762809172632e-11,657,-4.818519888649675e-11,1.4197532038906502e-11,0.0,0.0,5.0
132.09999999999678,409.7491308816857,44.95127632091555,-3.0730422498422145,4.9999999999999964,3.907985046680551e-15,-6.803730110696722e-12,-3.4018650553483615e-12,-1.3607460221393435e-11,658,-4.299776919063081e-11,1.2665424264923786e-11,2.6645352591003757e-15,6.661338147750929e-14,5.0
132.19999999999678,409.2503052111777,44.917027956834275,-3.073042249843575,4.9999999999999964,3.907985046680551e-15,-6.085691811655231e-12,-3.0428459058276156e-12,-1.2171383623310454e-11,658,-3.836563705617024e-11,1.1304734925943194e-11,2.6645352591003757e-15,6.661338147750929e-14,5.0
132.29999999999677,408.75147954066966,44.8827795927535,-3.0730422498447925,4.9999999999999964,3.907985046680551e-15,-5.4384476699848815e-12,-2.7192238349924407e-12,-1.0876895339969756e-11,659,-3.423968422157364e-11,1.0087486401744172e-11,-2.6645352591003757e-15,-6.661338147750929e-14,5.0
132.39999999999677,408.2526538701616,44.848531228673174,-3.07304224984588,4.9999999999999964,3.907985046680551e-15,-4.844437708502664e-12,-2.422218854251332e-12,-9.68887541700532e-12,659,-3.055424663278572e-11,8.999911926821369e-12,-2.6645352591003757e-15,-6.661338147750929e-14,5.0
132.49999999999676,407.7538281996535,44.81428286459324,-3.073042249846849,4.9999999999999964,3.907985046680551e-15,-4.343400928894613e-12,-2.1717004644473063e-12,-8.686801857789219e-12,660,-2.7257815362474735e-11,8.036238341446733e-12,-8.881784197001252e-16,-2.22044604925031e-14,5.0
132.59999999999675,407.25500252914543,44.780034500513665,-3.0730422498477177,4.9999999999999964,3.907985046680551e-15,-3.8534148367937394e-12,-1.9267074183968697e-12,-7.706829673587474e-12,660,-2.4325014225112795e-11,7.167599846980011e-12,-8.881784197001252e-16,-2.22044604925031e-14,5.0
132.69999999999675,406.7561768586373,44.745786136434404,-3.073042249848488,4.9999999999999964,3.907985046680551e-15,-3.430983667423726e-12,-1.715491833711863e-12,-6.861967334847447e-12,661,-2.1708340637235923e-11,6.3935523542113515e-12,1.7763568394002505e-15,4.44089209850062e-14,5.0
132.79999999999674,406.2573511881291,44.71153777235542,-3.0730422498491743,4.9999999999999964,3.907985046680551e-15,-3.072992683356727e-12,-1.5364963416783636e-12,-6.14598536671345e-12,661,-1.936956844916793e-11,5.707434524993005e-12,1.7763568394002505e-15,4.44089209850062e-14,5.0
132.89999999999674,405.75852551762097,44.67728940827669,-3.073042249849789,4.9999999999999964,3.907985046680551e-15,-2.737853250359061e-12,-1.3689266251795305e-12,-5.475706500718118e-12,662,-1.7289960912644786e-11,5.092815058560518e-12,0.0,0.0,5.0
132.99999999999673,405.25969984711276,44.643041044198185,-3.0730422498503365,4.9999999999999964,3.907985046680551e-15,-2.446561594132384e-12,-1.223280797066192e-12,-4.893123188264765e-12,662,-1.543003225190631e-11,4.545253062815391e-12,0.0,0.0,5.0
133.09999999999673,404.76087417660455,44.608792680119876,-3.073042249850826,4.9999999999999964,3.907985046680551e-15,-2.1803003865561774e-12,-1.0901501932780887e-12,-4.3606007731123515e-12,663,-1.3765460559617138e-11,4.055866753560622e-12,8.881784197001252e-16,2.22044604925031e-14,5.0
133.19999999999672,404.26204850609633,44.574544316041745,-3.073042249851262,4.9999999999999964,3.907985046680551e-15,-1.950026922294976e-12,-9.75013461147488e-13,-3.90005384458995e-12,663,-1.228123158725225e-11,3.6197711494878604e-12,8.881784197001252e-16,2.22044604925031e-14,5.0
133.29999999999671,403.7632228355881,44.54029595196378,-3.073042249851652,4.9999999999999964,3.907985046680551e-15,-1.7276312101572955e-12,-8.638156050786478e-13,-3.4552624203145886e-12,664,-1.096396584632231e-11,3.228084466400105e-12,8.881784197001252e-16,2.22044604925031e-14,5.0
133.3999999999967,403.2643971650799,44.506047587885945,-3.0730422498519974,4.9999999999999964,3.907985046680551e-15,-1.557779575330504e-12,-7.788897876652521e-13,-3.1155591506610058e-12,664,-9.778358678325105e-12,2.8825830611367564e-12,8.881784197001252e-16,2.22044604925031e-14,5.0
133.4999999999967,402.76557149457165,44.47179922380825,-3.073042249852309,4.9999999999999964,3.907985046680551e-15,-1.3804043617537429e-12,-6.902021808768714e-13,-2.7608087235074837e-12,665,-8.730314648291992e-12,2.5708324358220125e-12,-8.881784197001252e-16,-2.22044604925031e-14,5.0
133.5999999999967,402.2667458240634,44.437550859730656,-3.0730422498525853,4.9999999999999964,3.907985046680551e-15,-1.2393653308309926e-12,-6.196826654154963e-13,-2.4787306616619835e-12,665,-7.789609235420158e-12,2.2946089472952735e-12,-8.881784197001252e-16,-2.22044604925031e-14,5.0
133.6999999999967,401.7679201535551,44.40330249565317,-3.073042249852833,4.9999999999999964,3.907985046680551e-15,-1.104519608064866e-12,-5.52259804032433e-13,-2.2090392161297303e-12,666,-6.9574773459840644e-12,2.048583525038339e-12,-1.7763568394002505e-15,-4.44089209850062e-14,5.0
133.7999999999967,401.26909448304684,44.36905413157577,-3.073042249853054,4.9999999999999964,3.907985046680551e-15,-9.873257215031117e-13,-4.936628607515558e-13,-1.974651443006222e-12,666,-6.207284686254866e-12,1.8278711877428577e-12,-1.7763568394002505e-15,-4.44089209850062e-14,5.0
133.89999999999668,400.7702688125386,44.33480576749846,-3.0730422498532515,4.9999999999999964,3.907985046680551e-15,-8.738601398112523e-13,-4.3693006990562617e-13,-1.7477202796225035e-12,667,-5.539077226404676e-12,1.6320278461989801e-12,8.881784197001252e-16,2.22044604925031e-14,5.0
133.99999999999667,400.2714431420303,44.300557403421216,-3.0730422498534264,4.9999999999999964,3.907985046680551e-15,-7.84552333489203e-13,-3.922761667446015e-13,-1.569104666978405e-12,667,-4.9439480287460924e-12,1.4570566975180554e-12,8.881784197001252e-16,2.22044604925031e-14,5.0
134.09999999999667,399.77261747152204,44.26630903934404,-3.073042249853583,4.9999999999999964,3.907985046680551e-15,-6.838261243219764e-13,-3.419130621609882e-13,-1.3676522486439517e-12,668,-4.415070739560711e-12,1.2967404927621828e-12,8.881784197001252e-16,2.22044604925031e-14,5.0
134.19999999999666,399.2737918010138,44.23206067526691,-3.07304224985372,4.9999999999999964,3.907985046680551e-15,-6.303928850868949e-13,-3.1519644254344745e-13,-1.260785770173789e-12,668,-3.93513693852654e-12,1.1599610161283636e-12,8.881784197001252e-16,2.22044604925031e-14,5.0
134.29999999999666,398.7749661305055,44.197812311189836,-3.073042249853846,4.9999999999999964,3.907985046680551e-15,-5.65202249761368e-13,-2.82601124880684e-13,-1.1304044995227352e-12,669,-3.514148390684757e-12,1.035616037370346e-12,-2.6645352591003757e-15,-6.661338147750929e-14,5.0
134.39999999999665,398.27614045999724,44.163563947112806,-3.0730422498539594,4.9999999999999964,3.907985046680551e-15,-5.007216261418336e-13,-2.503608130709168e-13,-1.0014432522836666e-12,669,-3.132570591812822e-12,9.2237328885858e-13,-2.6645352591003757e-15,-6.661338147750929e-14,5.0
134.49999999999665,397.77731478948897,44.12931558303582,-3.0730422498540597,4.9999999999999964,3.907985046680551e-15,-4.5111902899669766e-13,-2.2555951449834883e-13,-9.022380579933947e-13,670,-2.7904904949249687e-12,8.255618411112664e-13,0.0,0.0,5.0
134.59999999999664,397.27848911898064,44.09506721895887,-3.07304224985415,4.9999999999999964,3.907985046680551e-15,-3.9702797916368517e-13,-1.985139895818426e-13,-7.940559583273698e-13,670,-2.4890089989071384e-12,7.354117315117037e-13,0.0,0.0,5.0
134.69999999999663,396.7796634484723,44.06081885488195,-3.0730422498542294,4.9999999999999964,3.907985046680551e-15,-3.3299092418948337e-13,-1.6649546209474168e-13,-6.659818483789663e-13,671,-2.2232994525278604e-12,6.52367049269742e-13,2.6645352591003757e-15,6.661338147750929e-14,5.0
134.79999999999663,396.280837777964,44.02657049080506,-3.073042249854296,4.9999999999999964,3.907985046680551e-15,-3.2102501474252455e-13,-1.6051250737126228e-13,-6.420500294850487e-13,671,-1.980297870129988e-12,5.857536677922326e-13,2.6645352591003757e-15,6.661338147750929e-14,5.0
134.89999999999662,395.78201210745567,43.99232212672819,-3.0730422498543604,4.9999999999999964,3.907985046680551e-15,-2.6826852400001627e-13,-1.3413426200000814e-13,-5.365370480000321e-13,672,-1.7695740706091811e-12,5.195843755245733e-13,8.881784197001252e-16,2.22044604925031e-14,5.0
134.99999999999662,395.28318643694735,43.958073762651345,-3.073042249854414,4.9999999999999964,3.907985046680551e-15,-2.5669762528781266e-13,-1.2834881264390633e-13,-5.13395250575625e-13,672,-1.5770787453739388e-12,4.658495811327157e-13,8.881784197001252e-16,2.22044604925031e-14,5.0
135.0999999999966,394.784360766439,43.92382539857453,-3.0730422498544656,4.9999999999999964,3.907985046680551e-15,-2.1900236526482338e-13,-1.0950118263241169e-13,-4.3800473052964646e-13,673,-1.4119419609187611e-12,4.143352327901084e-13,-8.881784197001252e-16,-2.22044604925031e-14,5.0
135.1999999999966,394.2855350959307,43.88957703449773,-3.0730422498545096,4.9999999999999964,3.907985046680551e-15,-2.0148486773788808e-13,-1.0074243386894404e-13,-4.029697354757759e-13,673,-1.2619905120914154e-12,3.703704010149522e-13,-8.881784197001252e-16,-2.22044604925031e-14,5.0
135.2999999999966,393.7867094254224,43.85532867042094,-3.07304224985455,4.9999999999999964,3.907985046680551e-15,-1.7946442826399644e-13,-8.973221413199822e-14,-3.5892885652799263e-13,674,-1.128438488484651e-12,3.3173463975799677e-13,-8.881784197001252e-16,-2.22044604925031e-14,5.0
135.3999999999966,393.28788375491405,43.821080306344165,-3.073042249854586,4.9999999999999964,3.907985046680551e-15,-1.6054170362177816e-13,-8.027085181088908e-14,-3.2108340724355613e-13,674,-1.0059522659311426e-12,2.957634137601417e-13,-8.881784197001252e-16,-2.22044604925031e-14,5.0
135.4999999999966,392.7890580844057,43.786831942267405,-3.073042249854618,4.9999999999999964,3.907985046680551e-15,-1.3851193153682163e-13,-6.925596576841082e-14,-2.7702386307364306e-13,675,-8.945101603874406e-13,2.637889906509372e-13,8.881784197001252e-16,2.22044604925031e-14,5.0
135.59999999999658,392.2902324138974,43.75258357819066,-3.0730422498546455,4.9999999999999964,3.907985046680551e-15,-1.2690053910906486e-13,-6.345026955453243e-14,-2.5380107821812957e-13,675,-8.003805951339871e-13,2.362554596402333e-13,8.881784197001252e-16,2.22044604925031e-14,5.0
135.69999999999658,391.7914067433891,43.71833521411392,-3.073042249854671,4.9999999999999964,3.907985046680551e-15,-1.10434792256807e-13,-5.52173961284035e-14,-2.2086958451361385e-13,676,-7.172457072712746e-13,2.091660178393795e-13,-8.881784197001252e-16,-2.22044604925031e-14,5.0
135.79999999999657,391.29258107288075,43.68408685003719,-3.073042249854693,4.9999999999999964,3.907985046680551e-15,-1.0262990125163181e-13,-5.1314950625815905e-14,-2.052598025032635e-13,676,-6.381770112362517e-13,1.8696155734687636e-13,-8.881784197001252e-16,-2.22044604925031e-14,5.0
135.89999999999657,390.7937554023724,43.64983848596047,-3.0730422498547134,4.9999999999999964,3.907985046680551e-15,-9.833305577912564e-14,-4.916652788956282e-14,-1.9666611155825115e-13,677,-5.723678909302921e-13,1.7008616737257398e-13,-8.881784197001252e-16,-2.22044604925031e-14,5.0
135.99999999999656,390.2949297318641,43.61559012188376,-3.073042249854733,4.9999999999999964,3.907985046680551e-15,-7.930702464996024e-14,-3.965351232498012e-14,-1.5861404929992039e-13,677,-5.127911983926481e-13,1.5054624213917123e-13,-8.881784197001252e-16,-2.22044604925031e-14,5.0
136.09999999999656,389.7961040613558,43.58134175780706,-3.073042249854749,4.9999999999999964,3.907985046680551e-15,-6.276549613716081e-14,-3.1382748068580404e-14,-1.2553099227432154e-13,678,-4.589017967709941e-13,1.3278267374516872e-13,8.881784197001252e-16,2.22044604925031e-14,5.0
136.19999999999655,389.29727839084745,43.54709339373036,-3.0730422498547614,4.9999999999999964,3.907985046680551e-15,-6.72242817277157e-14,-3.361214086385785e-14,-1.344485634554313e-13,678,-4.072991943715465e-13,1.2034817586936697e-13,8.881784197001252e-16,2.22044604925031e-14,5.0
136.29999999999654,388.7984527203391,43.51284502965366,-3.0730422498547747,4.9999999999999964,3.907985046680551e-15,-6.049779771211829e-14,-3.0248898856059144e-14,-1.209955954242365e-13,679,-3.6674829839711265e-13,1.0702549957386509e-13,-1.7763568394002505e-15,-4.44089209850062e-14,5.0
136.39999999999654,388.2996270498308,43.47859666557697,-3.0730422498547867,4.9999999999999964,3.907985046680551e-15,-5.149079206244642e-14,-2.574539603122321e-14,-1.0298158412489277e-13,679,-3.2932684357334097e-13,9.50350909079134e-14,-1.7763568394002505e-15,-4.44089209850062e-14,5.0
136.49999999999653,387.8008013793225,43.444348301500284,-3.073042249854797,4.9999999999999964,3.907985046680551e-15,-5.292293535723397e-14,-2.6461467678616984e-14,-1.0584587071446786e-13,680,-2.8886398481531295e-13,8.837375276016246e-14,8.881784197001252e-16,2.22044604925031e-14,5.0
136.59999999999653,387.30197570881415,43.4100999374236,-3.0730422498548076,4.9999999999999964,3.907985046680551e-15,-4.037041816558458e-14,-2.018520908279229e-14,-8.074083633116911e-14,680,-2.5675295223237526e-13,7.771561172376096e-14,8.881784197001252e-16,2.22044604925031e-14,5.0
136.69999999999652,386.80315003830583,43.37585157334693,-3.0730422498548156,4.9999999999999964,3.907985046680551e-15,-1.442967889744032e-14,-7.21483944872016e-15,-2.885935779488062e-14,681,-2.32016229145815e-13,6.439293542825908e-14,2.6645352591003757e-15,6.661338147750929e-14,5.0
136.79999999999652,386.3043243677975,43.34160320927025,-3.073042249854818,4.9999999999999964,3.907985046680551e-15,-3.958082557513008e-14,-1.979041278756504e-14,-7.91616511502601e-14,681,-2.0256712973676372e-13,6.17284001691587e-14,2.6645352591003757e-15,6.661338147750929e-14,5.0
136.8999999999965,385.8054986972892,43.30735484519357,-3.073042249854826,4.9999999999999964,3.907985046680551e-15,-3.259061824398836e-14,-1.629530912199418e-14,-6.518123648797668e-14,682,-1.8628870147863186e-13,5.3734794391857577e-14,-2.6645352591003757e-15,-6.661338147750929e-14,5.0
136.9999999999965,385.30667302678086,43.273106481116905,-3.073042249854833,4.9999999999999964,3.907985046680551e-15,-2.5357846047015544e-14,-1.2678923023507773e-14,-5.0715692094031056e-14,682,-1.7101597915569755e-13,4.707345624410664e-14,-2.6645352591003757e-15,-6.661338147750929e-14,5.0
137.0999999999965,384.80784735627253,43.23885811704024,-3.0730422498548378,4.9999999999999964,3.907985046680551e-15,-3.446774067344208e-14,-1.723387033672104e-14,-6.893548134688411e-14,683,-1.509827419338139e-13,4.75175454539567e-14,0.0,0.0,5.0
137.1999999999965,384.3090216857642,43.20460975296357,-3.073042249854845,4.9999999999999964,3.907985046680551e-15,-1.9546830248372312e-14,-9.773415124186156e-15,-3.90936604967446e-14,683,-1.330532906074211e-13,4.04121180963557e-14,0.0,0.0,5.0
137.2999999999965,383.8101960152559,43.1703613888869,-3.073042249854849,4.9999999999999964,3.907985046680551e-15,7.307164924526877e-15,3.6535824622634384e-15,1.4614329849053744e-14,684,-1.154011781967501e-13,3.108624468950438e-14,4.440892098500626e-15,1.110223024625155e-13,5.0
137.39999999999648,383.31137034474756,43.136113024810236,-3.0730422498548475,4.9999999999999964,3.907985046680551e-15,-2.1238860638267633e-14,-1.0619430319133816e-14,-4.247772127653524e-14,684,-1.0013517792728521e-13,3.241851231905457e-14,4.440892098500626e-15,1.110223024625155e-13,5.0
137.49999999999648,382.81254467423923,43.101864660733575,-3.073042249854852,4.9999999999999964,3.907985046680551e-15,-2.6607145478124356e-15,-1.3303572739062178e-15,-5.321429095624868e-15,685,-9.793641592148461e-14,2.4424906541753444e-14,-8.881784197001252e-16,-2.22044604925031e-14,5.0
137.59999999999647,382.3137190037309,43.06761629665691,-3.0730422498548524,4.9999999999999964,3.907985046680551e-15,-2.0066387386843984e-14,-1.0033193693421992e-14,-4.013277477368794e-14,685,-8.443939991664706e-14,2.398081733190338e-14,-8.881784197001252e-16,-2.22044604925031e-14,5.0
137.69999999999646,381.8148933332226,43.03336793258025,-3.0730422498548564,4.9999999999999964,3.907985046680551e-15,-3.429579258907523e-14,-1.7147896294537616e-14,-6.859158517815041e-14,686,-7.680835134582509e-14,2.531308496145357e-14,-4.440892098500626e-15,-1.110223024625155e-13,5.0
137.79999999999646,381.31606766271426,42.999119568503595,-3.073042249854863,4.9999999999999964,3.907985046680551e-15,-7.03652819976703e-15,-3.518264099883515e-15,-1.407305639953405e-14,686,-7.482903185973555e-14,1.865174681370263e-14,-4.440892098500626e-15,-1.110223024625155e-13,5.0
137.89999999999645,380.81724199220594,42.964871204426935,-3.0730422498548644,4.9999999999999964,3.907985046680551e-15,-1.973167267156763e-14,-9.865836335783815e-15,-3.9463345343135233e-14,687,-6.272283040176241e-14,2.0872192862952943e-14,0.0,0.0,5.0
137.99999999999645,380.3184163216976,42.93062284035028,-3.0730422498548684,4.9999999999999964,3.907985046680551e-15,-3.0808439207450995e-15,-1.5404219603725498e-15,-6.161687841490195e-15,687,-5.896672039540363e-14,1.687538997430238e-14,0.0,0.0,5.0
138.09999999999644,379.8195906511893,42.89637447627363,-3.073042249854869,4.9999999999999964,3.907985046680551e-15,5.682347977014826e-15,2.841173988507413e-15,1.1364695954029644e-14,688,-5.554215941339091e-14,1.2878587085651816e-14,1.7763568394002505e-15,4.44089209850062e-14,5.0
138.19999999999644,379.32076498068096,42.86212611219697,-3.0730422498548675,4.9999999999999964,3.907985046680551e-15,-9.395132292911355e-15,-4.697566146455677e-15,-1.8790264585822697e-14,688,-4.646977247446671e-14,1.4210854715202004e-14,1.7763568394002505e-15,4.44089209850062e-14,5.0
138.29999999999643,378.82193931017264,42.827877748120315,-3.0730422498548693,4.9999999999999964,3.907985046680551e-15,-4.69478536341351e-15,-2.347392681706755e-15,-9.389570726827014e-15,689,-4.845342876924619e-14,1.2434497875801753e-14,-8.881784197001252e-16,-2.22044604925031e-14,5.0
138.39999999999642,378.3231136396643,42.79362938404366,-3.07304224985487,4.9999999999999964,3.907985046680551e-15,-5.594029288490792e-15,-2.797014644245396e-15,-1.1188058576981577e-14,689,-4.646977247446671e-14,1.1546319456101628e-14,-8.881784197001252e-16,-2.22044604925031e-14,5.0
138.49999999999642,377.824287969156,42.75938101996701,-3.0730422498548715,4.9999999999999964,3.907985046680551e-15,-3.439571836197373e-15,-1.7197859180986865e-15,-6.879143672394741e-15,690,-4.1410885137649345e-14,1.199040866595169e-14,8.881784197001252e-16,2.22044604925031e-14,5.0
138.5999999999964,377.32546229864766,42.725132655890356,-3.0730422498548724,4.9999999999999964,3.907985046680551e-15,-3.6780622123729394e-15,-1.8390311061864697e-15,-7.356124424745874e-15,690,-3.8538616742300746e-14,1.1102230246251565e-14,8.881784197001252e-16,2.22044604925031e-14,5.0
138.6999999999964,376.82663662813934,42.6908842918137,-3.0730422498548733,4.9999999999999964,3.907985046680551e-15,1.380537357151577e-14,6.902686785757885e-15,2.761074714303152e-14,691,-3.8123584150673295e-14,6.661338147750939e-15,1.7763568394002505e-15,4.44089209850062e-14,5.0
138.7999999999964,376.327810957631,42.65663592773704,-3.0730422498548706,4.9999999999999964,3.907985046680551e-15,-9.340056694377957e-15,-4.670028347188979e-15,-1.8680113388755902e-14,691,-2.994132719535969e-14,9.325873406851315e-15,1.7763568394002505e-15,4.44089209850062e-14,5.0
138.8999999999964,375.8289852871227,42.62238756366039,-3.0730422498548724,4.9999999999999964,3.907985046680551e-15,-4.535270486976293e-15,-2.2676352434881465e-15,-9.07054097395258e-15,692,-3.103485350652857e-14,7.549516567451064e-15,-1.7763568394002505e-15,-4.44089209850062e-14,5.0
138.9999999999964,375.33015961661437,42.588139199583736,-3.0730422498548733,4.9999999999999964,3.907985046680551e-15,-4.8628377806434395e-15,-2.4314188903217197e-15,-9.725675561286873e-15,692,-2.994132719535969e-14,6.661338147750939e-15,-1.7763568394002505e-15,-4.44089209850062e-14,5.0
139.09999999999638,374.83133394610604,42.55389083550708,-3.073042249854874,4.9999999999999964,3.907985046680551e-15,-1.1355097142637422e-14,-5.677548571318711e-15,-2.2710194285274827e-14,693,-2.7931866888875057e-14,9.325873406851315e-15,-8.881784197001252e-16,-2.22044604925031e-14,5.0
139.19999999999638,374.3325082755977,42.51964247143043,-3.0730422498548764,4.9999999999999964,3.907985046680551e-15,-2.940651496110457e-15,-1.4703257480552285e-15,-5.88130299222091e-15,693,-2.5056345887009002e-14,7.105427357601002e-15,-8.881784197001252e-16,-2.22044604925031e-14,5.0
139.29999999999637,373.8336826050894,42.48539410735378,-3.073042249854877,4.9999999999999964,3.907985046680551e-15,3.665494754557654e-15,1.832747377278827e-15,7.330989509115304e-15,694,-2.079694923218245e-14,4.884981308350689e-15,8.881784197001252e-16,2.22044604925031e-14,5.0
139.39999999999637,373.33485693458107,42.451145743277124,-3.073042249854876,4.9999999999999964,3.907985046680551e-15,-3.921889775533062e-15,-1.960944887766531e-15,-7.84377955106612e-15,694,-1.8811341373492496e-14,5.773159728050814e-15,8.881784197001252e-16,2.22044604925031e-14,5.0
139.49999999999636,372.83603126407274,42.41689737920047,-3.073042249854877,4.9999999999999964,3.907985046680551e-15,8.200440619969565e-16,4.1002203099847824e-16,1.6400881239939118e-15,695,-2.079694923218245e-14,4.884981308350689e-15,0.0,0.0,5.0
139.59999999999636,372.3372055935644,42.38264901512382,-3.073042249854877,4.9999999999999964,3.907985046680551e-15,-2.964326503488377e-15,-1.4821632517441884e-15,-5.92865300697675e-15,695,-1.8811341373492496e-14,4.884981308350689e-15,0.0,0.0,5.0
139.69999999999635,371.8383799230561,42.348400651047164,-3.0730422498548773,4.9999999999999964,3.907985046680551e-15,-3.203668640061629e-15,-1.6018343200308143e-15,-6.407337280123254e-15,696,-1.3708218588037724e-14,4.440892098500626e-15,0.0,0.0,5.0
139.79999999999634,371.33955425254777,42.31415228697051,-3.0730422498548777,4.9999999999999964,3.907985046680551e-15,-3.041410295197828e-15,-1.520705147598914e-15,-6.082820590395652e-15,696,-1.1726730697603216e-14,3.9968028886505635e-15,0.0,0.0,5.0
139.89999999999634,370.84072858203945,42.27990392289386,-3.073042249854878,4.9999999999999964,3.907985046680551e-15,-3.0200771227676653e-16,-1.5100385613838327e-16,-6.040154245535327e-16,697,-1.3708218588037724e-14,3.552713678800501e-15,0.0,0.0,5.0
139.99999999999633,370.3419029115311,42.245655558817205,-3.073042249854878,4.9999999999999964,3.907985046680551e-15,-3.0734953373181964e-15,-1.5367476686590982e-15,-6.146990674636389e-15,697,-1.1726730697603216e-14,3.552713678800501e-15,0.0,0.0,5.0
140.09999999999633,369.8430772410228,42.21140719474055,-3.0730422498548786,4.9999999999999964,3.907985046680551e-15,-4.862368384900859e-16,-2.4311841924504294e-16,-9.724736769801712e-16,698,-6.619487943892999e-15,3.1086244689504383e-15,8.881784197001252e-16,2.22044604925031e-14,5.0
140.19999999999632,369.3442515705145,42.1771588306639,-3.0730422498548786,4.9999999999999964,3.907985046680551e-15,-3.182966581490299e-15,-1.5914832907451495e-15,-6.365933162980594e-15,698,-4.6351811278100286e-15,3.1086244689504383e-15,8.881784197001252e-16,2.22044604925031e-14,5.0
140.29999999999632,368.84542590000615,42.142910466587246,-3.073042249854879,4.9999999999999964,3.907985046680551e-15,1.2996777797813335e-17,6.498388898906668e-18,2.5993555595626652e-17,699,-6.573517771779613e-15,8.881784197001252e-16,-8.881784197001252e-16,-2.22044604925031e-14,5.0
140.3999999999963,368.3466002294978,42.10866210251059,-3.073042249854879,4.9999999999999964,3.907985046680551e-15,-2.364713783939276e-15,-1.182356891969638e-15,-4.729427567878549e-15,699,-5.4817261840867104e-15,8.881784197001252e-16,-8.881784197001252e-16,-2.22044604925031e-14,5.0
140.4999999999963,367.8477745589895,42.07441373843394,-3.0730422498548795,4.9999999999999964,3.907985046680551e-15,-9.255726905761558e-15,-4.627863452880779e-15,-1.8511453811523104e-14,700,-3.4703143136916026e-15,3.9968028886505635e-15,0.0,0.0,5.0
140.5999999999963,367.3489488884812,42.040165374357294,-3.0730422498548813,4.9999999999999964,3.907985046680551e-15,2.9039373615249037e-15,1.4519686807624519e-15,5.8078747230498035e-15,700,-7.688294445529209e-15,2.220446049250313e-15,0.0,0.0,5.0
140.6999999999963,366.85012321797285,42.00591701028064,-3.073042249854881,4.9999999999999964,3.907985046680551e-15,1.0448496624222206e-14,5.224248312111103e-15,2.08969932484444e-14,701,-3.378373969464832e-15,-8.881784197001252e-16,1.7763568394002505e-15,4.44089209850062e-14,5.0
140.7999999999963,366.3512975474645,41.97166864620399,-3.0730422498548786,4.9999999999999964,3.907985046680551e-15,-1.2820074188537e-15,-6.4100370942685e-16,-2.5640148377073986e-15,701,-2.282896094385478e-15,1.3322676295501878e-15,1.7763568394002505e-15,4.44089209850062e-14,5.0
140.89999999999628,365.8524718769562,41.937420282127334,-3.073042249854879,4.9999999999999964,3.907985046680551e-15,-7.136561082477624e-15,-3.568280541238812e-15,-1.4273122164955238e-14,702,-7.271960811294775e-15,8.881784197001252e-16,-2.6645352591003757e-15,-6.661338147750929e-14,5.0
140.99999999999628,365.3536462064479,41.90317191805068,-3.0730422498548804,4.9999999999999964,3.907985046680551e-15,-6.585882332314131e-16,-3.2929411661570657e-16,-1.3171764664628255e-15,702,-6.175615574477433e-15,-4.440892098500626e-16,-2.6645352591003757e-15,-6.661338147750929e-14,5.0
141.09999999999627,364.85482053593955,41.86892355397403,-3.0730422498548804,4.9999999999999964,3.907985046680551e-15,0.22354996866099644,0.11318906882045314,0.45179012653687495,703,-3.209238430557093e-16,4.884981308350689e-15,0.05944062085567614,1.4860155213919013,5.0
141.19999999999627,364.36305514220146,41.778553218566756,-3.027863237201193,4.9999999999999964,3.907985046680551e-15,-0.07634335262498015,-0.03822737650710262,-0.15287226681572919,703,0.05647376581711007,0.045179012653692396,0.05944062085567614,1.4860155213919013,5.0
141.29999999999626,363.8644796048291,41.74083805538426,-3.0431504638827658,4.9999999999999964,3.907985046680551e-15,0.18968899350668478,0.09570539378349797,0.3822374322562742,704,0.06297918619153008,-0.08898945573923811,-0.02433092107870305,-0.6082730269675753,5.0
141.39999999999625,363.3738733633783,41.64437295366583,-3.004926720657138,4.9999999999999964,3.907985046680551e-15,-0.6108652381980153,-0.33676726103229854,-1.3217507005445304,705,-0.09697294591955866,0.1167773713551532,-0.8239785488744403,-20.599463721860978,5.0
141.49999999999625,362.8838501423662,41.74375727269525,-3.1371017907115912,4.9999999999999964,3.907985046680551e-15,-0.6108652381980153,-0.33676726103229854,-1.3217507005445304,706,0.16407221521676518,1.4650163151808169,-0.7624080544703288,-19.060201361758192,5.0
141.59999999999624,362.4111990213539,41.90685515068832,3.013908446413542,4.9999999999999964,3.907985046680551e-15,-0.6108652381980153,-0.33676726103229854,-1.3217507005445304,706,0.6159040877975963,1.3328412451263636,-0.7624080544703288,-19.060201361758192,5.0
141.69999999999624,361.9641653187103,42.13082137291996,2.881733376359089,4.9999999999999964,3.907985046680551e-15,-0.6108652381980153,-0.33676726103229854,-1.3217507005445304,706,1.035575722682448,1.2006661750719105,-0.7624080544703288,-19.060201361758192,5.0
141.79999999999623,361.5505474613003,42.41174888675861,2.749558306304636,4.9999999999999964,3.907985046680551e-15,-0.6108652381980153,-0.33676726103229854,-1.3217507005445304,707,1.4494075177167476,1.112893200077998,-0.022201047530284512,-0.555026188257112,5.0
141.89999999999623,361.1775609422557,42.74473695953448,2.6173832362501828,4.9999999999999964,3.907985046680551e-15,-0.6108652381980153,-0.33676726103229854,-1.3217507005445304,707,1.7996675308094643,0.980718130023545,-0.022201047530284512,-0.555026188257112,5.0
141.99999999999622,360.8517124479252,43.12397667098694,2.4852081661957297,4.9999999999999964,3.907985046680551e-15,-0.6108652381980153,-0.33676726103229854,-1.3217507005445304,707,2.09984740453995,0.848543059969092,-0.022201047530284512,-0.555026188257112,5.0
142.09999999999621,360.5786863498385,43.54285224888991,2.3530330961412766,4.9999999999999964,3.907985046680551e-15,-0.6108652381980153,-0.33676726103229854,-1.3217507005445304,708,2.3447105520965357,0.7163679899146673,-1.432187701766452e-14,-3.580469254416125e-13,5.0
142.1999999999962,360.36324554181226,43.99405648007242,2.2208580260868236,4.9999999999999964,3.907985046680551e-15,-0.6108652381980153,-0.33676726103229854,-1.3217507005445304,708,2.5299853775416885,0.5841929198602143,-1.432187701766452e-14,-3.580469254416125e-13,5.0
142.2999999999962,360.2091483520781,44.469718183508846,2.0886829560323705,4.9999999999999964,3.907985046680551e-15,-0.6108652381980153,-0.33676726103229854,-1.3217507005445304,709,2.652439793076168,0.45201784980576143,1.4099832412739488e-14,3.524958103184867e-13,5.0
142.3999999999962,360.11908297988623,44.961539521732334,1.9565078859779175,4.9999999999999964,3.907985046680551e-15,-0.6108652381980153,-0.33676726103229854,-1.3217507005445304,709,2.7099376022606196,0.31984277975130837,1.4099832412739488e-14,3.524958103184867e-13,5.0
142.4999999999962,360.09462060032695,45.460940755197264,1.8243328159234644,4.9999999999999964,3.907985046680551e-15,-0.6108652381980153,-0.33676726103229854,-1.3217507005445304,710,2.7014757655989583,0.1876677096968269,1.432187701766452e-14,3.580469254416125e-13,5.0
142.5999999999962,360.1361879554485,45.95920991437551,1.6921577458690114,4.9999999999999964,3.907985046680551e-15,-0.6108652381980153,-0.33676726103229854,-1.3217507005445304,710,2.6272018983917262,0.05549263964237383,1.432187701766452e-14,3.580469254416125e-13,5.0
142.69999999999618,360.2430599098149,46.44765477858221,1.5599826758145583,4.9999999999999964,3.907985046680551e-15,-0.6108652381980153,-0.33676726103229854,-1.3217507005445304,711,2.48841169561218,-0.07668243041207945,-1.4210854715202004e-14,-3.552713678800496e-13,5.0
142.79999999999617,360.41337210037005,46.91775451028635,1.4278076057601052,4.9999999999999964,3.907985046680551e-15,-0.5786925730179124,-0.3157241812672714,-1.242019755416711,711,2.2875263287280827,-0.2088575004665325,-1.4210854715202004e-14,-3.552713678800496e-13,5.0
142.89999999999617,360.6347693165953,47.36606609015879,1.3036056302184342,4.9999999999999964,3.907985046680551e-15,-0.02798512394217928,-0.013995302136325688,-0.05597938107081138,712,2.037100838718235,-0.33305947600817487,-1.432187701766452e-14,-3.580469254416125e-13,5.0
142.99999999999616,360.77351694882014,47.846429592677445,1.298007692111353,4.9999999999999964,3.907985046680551e-15,-0.2061450369695054,-0.10417927956377655,-0.41596373300992445,712,1.8670360071145695,-0.3386574141152561,-1.432187701766452e-14,-3.580469254416125e-13,5.0
143.09999999999616,360.95756843776087,48.31132210651124,1.2564113188103605,4.9999999999999964,3.907985046680551e-15,0.1686262130749007,0.08491674599666574,0.33925891631602373,713,1.652783881505651,-0.3802537874162486,1.432187701766452e-14,3.580469254416125e-13,5.0
143.19999999999615,361.0712983157091,48.798215847343755,1.2903372104419628,4.9999999999999964,3.907985046680551e-15,-0.029201583878022505,-0.01460390524513447,-0.05841354458001727,713,1.5072527237275064,-0.3463278957846463,1.432187701766452e-14,3.580469254416125e-13,5.0
143.29999999999615,361.21669839008223,49.27660775610924,1.284495855983961,4.9999999999999964,3.907985046680551e-15,0.21394946983562438,0.10821303709915324,0.4320078553454127,714,1.3306796488068438,-0.35216925024267676,1.432187701766452e-14,3.580469254416125e-13,5.0
143.39999999999614,361.3052721805104,49.768699905659695,1.3276966415185023,4.9999999999999964,3.907985046680551e-15,0.0359204688818707,0.017966029743369204,0.07186025300707899,714,1.2099078606807243,-0.30896846470813544,1.432187701766452e-14,3.580469254416125e-13,5.0
143.49999999999613,361.4168905038927,50.25608204514095,1.3348826668192102,4.9999999999999964,3.907985046680551e-15,0.20495736716115256,0.10356629199934263,0.4135249986280552,715,1.066451531462533,-0.30178243940742755,-1.432187701766452e-14,-3.580469254416125e-13,5.0
143.59999999999613,361.48287117587637,50.75170947671086,1.3762351666820156,4.9999999999999964,3.907985046680551e-15,0.05458203685998689,0.027311359919299547,0.1092318589657922,715,0.9679911708018256,-0.2604299395446221,-1.432187701766452e-14,-3.580469254416125e-13,5.0
143.69999999999612,361.5661067546941,51.24473263886339,1.3871583525785949,4.9999999999999964,3.907985046680551e-15,0.1778041485365044,0.08961030445627462,0.3579616961656912,716,0.8524847377051298,-0.24950675364801422,-1.432187701766452e-14,-3.580469254416125e-13,5.0
143.79999999999612,361.6130513437182,51.742523966189765,1.422954522195164,4.9999999999999964,3.907985046680551e-15,0.0555220136672627,0.027782418003569752,0.11111537642362487,716,0.7728767489165503,-0.21371058403144505,-1.432187701766452e-14,-3.580469254416125e-13,5.0
143.8999999999961,361.67293692701986,52.238924728591094,1.4340660598375266,4.9999999999999964,3.907985046680551e-15,0.14722514307871062,0.0740136342498501,0.29578431234164637,717,0.6804473578174529,-0.20259904638908255,1.4210854715202004e-14,3.552713678800496e-13,5.0
143.9999999999961,361.70427469007467,52.7379417068661,1.4636444910716913,4.9999999999999964,3.907985046680551e-15,0.05027867584624238,0.025155235686035508,0.10061033116121647,717,0.6163316768340817,-0.17302061515491785,1.4210854715202004e-14,3.552713678800496e-13,5.0
144.0999999999961,361.74522706391684,53.236261787814776,1.473705524187813,4.9999999999999964,3.907985046680551e-15,0.11898392159506543,0.05970326746901848,0.23867122108491193,718,0.5426681055501754,-0.16295958203882455,1.4210854715202004e-14,3.552713678800496e-13,5.0
144.1999999999961,361.76391647667896,53.735912371573676,1.4975726462963042,4.9999999999999964,3.907985046680551e-15,0.04338374580706033,0.021702084544279205,0.0868015241655447,718,0.4911316414573588,-0.13909245993033337,1.4210854715202004e-14,3.552713678800496e-13,5.0
144.2999999999961,361.7896658792703,54.235248899644866,1.5062527987128587,4.9999999999999964,3.907985046680551e-15,0.09490931560862656,0.04756176411441839,0.19017533758019783,719,0.4325711690831807,-0.13041230751377886,-1.4099832412739488e-14,-3.524958103184867e-13,5.0
144.39999999999608,361.7981563531594,54.73517680630055,1.5252703324708785,4.9999999999999964,3.907985046680551e-15,0.03656591469556355,0.018289070771812035,0.07315220481326333,719,0.3911932730990129,-0.11139477375575901,-1.4099832412739488e-14,-3.524958103184867e-13,5.0
144.49999999999608,361.81177313118866,55.23499135526457,1.5325855529522048,4.9999999999999964,3.907985046680551e-15,0.07517008402596227,0.037638211053328555,0.15051730032802327,720,0.3447076510270894,-0.10407955327440455,-1.4099832412739488e-14,-3.524958103184867e-13,5.0
144.59999999999607,361.8120594125677,55.734991273307536,1.5476372829850071,4.9999999999999964,3.907985046680551e-15,0.030430569404250315,0.01521880793050886,0.060872881842388656,720,0.3115114163650194,-0.08902782324160219,-1.4099832412739488e-14,-3.524958103184867e-13,5.0
144.69999999999607,361.8160294887899,56.23497551155389,1.553724571169246,4.9999999999999964,3.907985046680551e-15,0.05931135941106316,0.029681783621940093,0.11870970199094949,721,0.27464040746635504,-0.08294053505736332,1.4210854715202004e-14,3.552713678800496e-13,5.0
144.79999999999606,361.80972464188676,56.734935758879146,1.565595541368341,4.9999999999999964,3.907985046680551e-15,0.025133914541678244,0.012568942263956481,0.05027444531944685,721,0.24802361897677183,-0.07106956485826843,1.4210854715202004e-14,3.552713678800496e-13,5.0
144.89999999999606,361.8060405968026,57.23492218650676,1.5706229859002856,4.9999999999999964,3.907985046680551e-15,0.04670863249228381,0.023367061203160355,0.09345973913004083,721,0.21878998882637146,-0.06604212032632373,1.4210854715202004e-14,3.552713678800496e-13,5.0
144.99999999999605,361.7944447763729,57.734787705370145,1.5799689598132898,4.9999999999999964,3.907985046680551e-15,0.02065688351352968,0.010329543678487858,0.04131743994662954,722,0.19745893518665983,-0.05669614641334797,1.4099832412739488e-14,3.524958103184867e-13,5.0
145.09999999999604,361.7846943061259,58.234692624659765,1.5841007038079526,4.9999999999999964,3.907985046680551e-15,0.03675197164919003,0.018382193065549043,0.07352463137525782,722,0.1742839397422219,-0.0525644024186851,1.4099832412739488e-14,3.524958103184867e-13,5.0
145.19999999999604,361.76885367216545,58.734441635980176,1.5914531669454783,4.9999999999999964,3.907985046680551e-15,0.016917628321337533,0.008459419445131408,0.03383727420124243,723,0.15719616314574938,-0.045211939281159186,-1.432187701766452e-14,-3.580469254416125e-13,5.0
145.29999999999603,361.7542975992388,59.23422971180928,1.5948368943656026,4.9999999999999964,3.907985046680551e-15,0.028909950129015254,0.014457996009303507,0.057829969253167086,723,0.13882403989685144,-0.041828211861034914,-1.432187701766452e-14,-3.580469254416125e-13,5.0
145.39999999999603,361.7350530721162,59.73385922272294,1.6006198912909193,4.9999999999999964,3.907985046680551e-15,0.013817772781165671,0.00690921618620318,0.027636644860599618,724,0.12514064055825044,-0.036045214935689796,-1.4210854715202004e-14,-3.552713678800496e-13,5.0
145.49999999999602,361.7166908117829,60.2335219363563,1.6033835557769793,4.9999999999999964,3.907985046680551e-15,0.02274275859760967,0.011372849902311783,0.04549041895964929,724,0.11057470224074889,-0.03328155044962977,-1.4210854715202004e-14,-3.552713678800496e-13,5.0
145.59999999999602,361.69471785101905,60.733038892019735,1.6079325976729442,4.9999999999999964,3.907985046680551e-15,0.011261039899490784,0.005630698458398513,0.02252267482046794,725,0.09962122827794008,-0.028732508553664937,1.4210854715202004e-14,3.552713678800496e-13,5.0
145.699999999996,361.67334088420233,61.23258170829249,1.610184865154991,4.9999999999999964,3.907985046680551e-15,0.0178957229369937,0.008948577929451142,0.035793834002587205,725,0.08807135064364918,-0.02648024107161806,1.4210854715202004e-14,3.552713678800496e-13,5.0
145.799999999996,361.6491817365041,61.731997702812585,1.6137642485552497,4.9999999999999964,3.907985046680551e-15,0.00916021110391199,0.004580201632525954,0.01832074247377024,726,0.07930596810882849,-0.02290085767138783,1.432187701766452e-14,3.580469254416125e-13,5.0
145.899999999996,361.62541663195674,62.23143260328096,1.6155963228026267,4.9999999999999964,3.907985046680551e-15,0.014086714810422781,0.007043706835643242,0.02817459436641465,726,0.07014615251939536,-0.021068783424010862,1.432187701766452e-14,3.580469254416125e-13,5.0
145.999999999996,361.5995063909684,62.730760811388535,1.6184137822392681,4.9999999999999964,3.907985046680551e-15,0.007439132596179632,0.003719617759646671,0.014878436729956509,727,0.06313384412051712,-0.018251323987369616,-1.4099832412739488e-14,-3.524958103184867e-13,5.0
146.099999999996,361.5738491277644,63.230102082309415,1.6199016259122638,4.9999999999999964,3.907985046680551e-15,0.011092954257217754,0.005546647762399967,0.022186477286914735,727,0.05586824672624187,-0.016763480314373913,-1.4099832412739488e-14,-3.524958103184867e-13,5.0
146.19999999999598,361.5465367553235,63.729355559324496,1.6221202736409552,4.9999999999999964,3.907985046680551e-15,0.006032643678185024,0.0030163492824338218,0.01206537883384981,728,0.05025994805555298,-0.014544832585654088,-1.4210854715202004e-14,-3.552713678800496e-13,5.0
146.29999999999598,361.5193799769276,64.22861752401553,1.6233268115243402,4.9999999999999964,3.907985046680551e-15,0.008739207074601234,0.004369686969635054,0.01747869225491294,728,0.04449583408674379,-0.013338294702269105,-1.4210854715202004e-14,-3.552713678800496e-13,5.0
146.39999999999597,361.49094524039947,64.72780833498723,1.6250746807498315,4.9999999999999964,3.907985046680551e-15,0.004885677579440486,0.002442853367353302,0.009771403750878073,729,0.04001159033671635,-0.0115904254767778,-3.321187769245171e-11,-8.302969423112916e-10,5.0
146.49999999999596,361.4625998416986,65.2270042267697,1.6260518211249193,4.9999999999999964,3.907985046680551e-15,0.006887906879796498,0.003443994288478384,0.013775949920896912,729,0.03543786806935352,-0.010613285101690018,-3.321187769245171e-11,-8.302969423112916e-10,5.0
146.59999999999596,361.4332669492122,65.72614306659122,1.627429416117009,4.9999999999999964,3.907985046680551e-15,0.003952086298152197,0.0019760508650538506,0.007904198316191062,730,0.03185325337019305,-0.009235690043176481,-7.133693635807958e-11,-1.7834234089519871e-09,5.0
146.69999999999595,361.4039791532567,66.22528455455637,1.6282198359486282,4.9999999999999964,3.907985046680551e-15,0.005431151379388924,0.0027155957154513287,0.010862369511108746,730,0.028223465664378812,-0.008445270211557387,-7.133693635807958e-11,-1.7834234089519871e-09,5.0
146.79999999999595,361.37392772302957,66.7243806490525,1.629306072899739,4.9999999999999964,3.907985046680551e-15,0.003193432909092982,0.0015967205253909571,0.006386879387654021,731,0.025358644157530582,-0.007359033184196395,-4.303846168340897e-11,-1.0759615420852228e-09,5.0
146.89999999999594,361.34389258243596,67.22347772410858,1.6299447608385045,4.9999999999999964,3.907985046680551e-15,0.004284326149864154,0.0021421729050692885,0.008568685066793699,731,0.022477503772561497,-0.00672034524543097,-4.303846168340897e-11,-1.0759615420852228e-09,5.0
146.99999999999594,361.31326646206855,67.72253888343802,1.630801629345184,4.9999999999999964,3.907985046680551e-15,0.0025778548616148195,0.0012889295721498308,0.005155716861033081,732,0.020188425608578836,-0.0058634767289247325,-4.913403017781093e-12,-1.2283507544452714e-10,5.0
147.09999999999593,361.2826385325179,68.22159993173916,1.6313172010312873,4.9999999999999964,3.907985046680551e-15,0.003381071280839986,0.0016905404718337836,0.006762158666374652,732,0.01790116000762406,-0.005347905042821344,-4.913403017781093e-12,-1.2283507544452714e-10,5.0
147.19999999999592,361.2515528858112,68.7206326787296,1.6319934168979249,4.9999999999999964,3.907985046680551e-15,0.0020790422056396387,0.001039522226131823,0.004158088155651042,733,0.016072481798986682,-0.004671689176183769,1.4432899320127035e-14,3.6082248300317537e-13,5.0
147.29999999999592,361.2204546646763,69.21966464227728,1.63240922571349,4.9999999999999964,3.907985046680551e-15,0.002669327026410602,0.001334665890681279,0.005338661977735622,733,0.01425640231713561,-0.004255880360618747,1.4432899320127035e-14,3.6082248300317537e-13,5.0
147.3999999999959,361.18900166341854,69.71867437035067,1.6329430919112635,4.9999999999999964,3.907985046680551e-15,0.0016753423198076632,0.00083767174769221,0.0033506865989093824,734,0.012795797159538888,-0.003722014162873988,1.4210854715202004e-14,3.552713678800496e-13,5.0
147.4999999999959,361.15753026266816,70.21768293834806,1.6332781605711544,4.9999999999999964,3.907985046680551e-15,0.0021082347262737725,0.001054118534434837,0.004216473356872353,734,0.011353627951604085,-0.0033869455029831297,1.4210854715202004e-14,3.552713678800496e-13,5.0
147.5999999999959,361.1257836557848,70.71667407349115,1.6336998079068417,4.9999999999999964,3.907985046680551e-15,0.0013489854835634064,0.00067449304863588,0.002697971989973886,735,0.010187215525235922,-0.002965298167295405,-1.4432899320127035e-14,-3.6082248300317537e-13,5.0
147.6999999999959,361.0940160803989,71.21566387414252,1.633969605105839,4.9999999999999964,3.907985046680551e-15,0.0016657113730849378,0.0008328562642520461,0.003331424671867943,735,0.009041813967705453,-0.00269550096829807,-1.4432899320127035e-14,-3.6082248300317537e-13,5.0
147.7999999999959,361.0620348602514,71.71464002743832,1.6343027475730258,4.9999999999999964,3.907985046680551e-15,0.0010854249225324018,0.0005427126211150481,0.0021708503778942317,736,0.008110492154237096,-0.002362358501082795,-1.4210854715202004e-14,-3.552713678800496e-13,5.0
147.89999999999588,361.03003218474566,72.21361480511798,1.6345198326108152,4.9999999999999964,3.907985046680551e-15,0.0013165519141866366,0.0006582762423423428,0.0026331047792031922,736,0.007200669716339904,-0.0021452734632934067,-1.4210854715202004e-14,-3.552713678800496e-13,5.0
147.99999999999588,360.9978635277229,72.7125789095437,1.6347831430887356,4.9999999999999964,3.907985046680551e-15,0.0008727785547895668,0.0004363893604988537,0.0017455573865926795,737,0.0064571713798752175,-0.0018819629853730202,0.0,0.0,5.0
148.09999999999587,360.9656742018403,73.21154168099986,1.6349576988273948,4.9999999999999964,3.907985046680551e-15,0.0010409444403394902,0.0005204723611611962,0.0020818893506504336,737,0.00573438481918747,-0.0017074072467138102,0.0,0.0,5.0
148.19999999999587,360.9333558259335,73.71049611036065,1.63516588776246,4.9999999999999964,3.907985046680551e-15,0.0007013600127526569,0.00035068004950172197,0.0014027201692566177,738,0.005140917515772404,-0.0014992183116486757,0.0,0.0,5.0
148.29999999999586,360.9010182918853,74.20944929843712,1.6353061597793856,4.9999999999999964,3.907985046680551e-15,0.00082330810812622,0.00041165412382163097,0.0016466164487808268,738,0.004566648510946951,-0.0013589462947229958,0.0,0.0,5.0
148.39999999999586,360.86858034611373,74.70839596860752,1.6354708214242637,4.9999999999999964,3.907985046680551e-15,0.0005632869011977593,0.00028164347293969423,0.0011265738768648976,739,0.004093002496360435,-0.0011942846498449455,0.0,0.0,5.0
148.49999999999585,360.83612511136363,75.20734151447131,1.63558347881195,4.9999999999999964,3.907985046680551e-15,0.0006513832558517855,0.00032569166247364774,0.0013027666268627487,739,0.0036366819712253737,-0.0010816272621585465,0.0,0.0,5.0
148.59999999999584,360.80359168946256,75.70628196829261,1.6357137554746364,4.9999999999999964,3.907985046680551e-15,0.0004521551124234202,0.00022607756776677458,0.0009043102633637206,740,0.0032587142073636434,-0.0009513505994722671,2.220446049250313e-16,5.551115123125775e-15,5.0
148.69999999999584,360.7710429687812,76.20522142432111,1.6358041865009727,4.9999999999999964,3.907985046680551e-15,0.0005155186191730879,0.00025775932671203794,0.0010310372954311538,740,0.002896077723282778,-0.0008609195731359431,2.220446049250313e-16,5.551115123125775e-15,5.0
148.79999999999583,360.738433321456,76.70415690201469,1.6359072902305158,4.9999999999999964,3.907985046680551e-15,0.0003627691536714617,0.00018138458280334978,0.0007255383272349857,741,0.002594497618369606,-0.0007578158435932458,0.0,0.0,5.0
148.89999999999583,360.7058103381032,77.20309150790725,1.6359798440632394,4.9999999999999964,3.907985046680551e-15,0.0004081126423159056,0.00020405632965465073,0.0008162253129541365,741,0.002306282003947474,-0.0006852620108697138,0.0,0.0,5.0
148.99999999999582,360.67313984356144,77.70202300499517,1.6360614665945348,4.9999999999999964,3.907985046680551e-15,0.0002909196352253585,0.00014545982069039936,0.0005818392807097836,742,0.0020656791725993614,-0.0006036394795738698,-2.220446049250313e-16,-5.551115123125775e-15,5.0
149.09999999999582,360.64045786062053,78.20095374967929,1.6361196505226057,4.9999999999999964,3.907985046680551e-15,0.0003231753214099469,0.00016158766492411982,0.0006463506568837145,742,0.0018365893511540776,-0.0005454555515029824,-2.220446049250313e-16,-5.551115123125775e-15,5.0
149.1999999999958,360.60773880134195,78.69988206432973,1.636184285588294,4.9999999999999964,3.907985046680551e-15,0.00023320023405290212,0.00011660011861169816,0.0004664004733899608,743,0.001644655412599913,-0.0004808204858146592,0.0,0.0,5.0
149.2999999999958,360.575009939366,79.19880973603551,1.6362309256356329,4.9999999999999964,3.907985046680551e-15,0.00025598437845964406,0.00012799219132659018,0.0005119687639085149,743,0.0014625452330102318,-0.00043418043847576193,0.0,0.0,5.0
149.3999999999958,360.5422521236146,79.69773550757593,1.6362821225120237,4.9999999999999964,3.907985046680551e-15,0.00018685753854345667,9.342877008726199e-05,0.00037371507980535855,744,0.0013094511118243075,-0.00038298356208499307,0.0,0.0,5.0
149.4999999999958,360.5094860090083,80.19666073417166,1.636319494020004,4.9999999999999964,3.907985046680551e-15,0.00020281530348934988,0.00010140765278750175,0.0004056306104547888,744,0.0011646737178695396,-0.0003456120541045493,0.0,0.0,5.0
149.5999999999958,360.47669726798176,80.69558447429824,1.6363600570810495,4.9999999999999964,3.907985046680551e-15,0.00014966816337846597,7.483408210831431e-05,0.00029933632815386946,745,0.0010425715184192046,-0.0003050489930591649,0.0,0.0,5.0
149.69999999999578,360.44390154726955,81.19450775567823,1.6363899907138648,4.9999999999999964,3.907985046680551e-15,0.00016072927540027298,8.03646382191695e-05,0.0003214585525306558,745,0.0009274640639865689,-0.0002751153602438272,0.0,0.0,5.0
149.79999999999578,360.41108813266845,81.69342987367082,1.6364221365691178,4.9999999999999964,3.907985046680551e-15,0.00011983839932258085,5.991919987641895e-05,0.00023967679936225664,746,0.000830088703611394,-0.00024296950499080872,0.0,0.0,5.0
149.89999999999577,360.37826888047283,82.19235160769864,1.6364461042490541,4.9999999999999964,3.907985046680551e-15,0.00012740646033724558,6.370323042713696e-05,0.0002548129215362049,746,0.0007385635515755676,-0.00021900182505452115,0.0,0.0,5.0
149.99999999999577,360.3454357823583,82.69127243074395,1.6364715855412078,4.9999999999999964,3.907985046680551e-15,9.592242388015409e-05,4.7961212050401154e-05,0.00019184484812805508,747,0.0006609142545919644,-0.00019352053290089266,2.220446049250313e-16,5.551115123125775e-15,5.0
150.09999999999576,360.3125978251189,83.19019293399506,1.6364907700260205,4.9999999999999964,3.907985046680551e-15,0.00010101490803135981,5.050745414452457e-05,0.0002020298164922017,747,0.0005881345943957242,-0.00017433604808814174,2.220446049250313e-16,5.551115123125775e-15,5.0
150.19999999999575,360.279749025982,83.68911272353569,1.6365109730076697,4.9999999999999964,3.907985046680551e-15,7.675575613798948e-05,3.837787812552004e-05,0.00015351151246439652,748,0.0005262202976100453,-0.00015413306643941027,0.0,0.0,5.0
150.29999999999575,360.24689619886436,84.18803224785837,1.636526324158916,4.9999999999999964,3.907985046680551e-15,8.010739033870472e-05,4.005369523361044e-05,0.00016021478089160292,748,0.0004683427036080781,-0.0001387819151930092,0.0,0.0,5.0
150.39999999999574,360.2140348766645,84.6869512127247,1.6365423456370052,4.9999999999999964,3.907985046680551e-15,6.140120053095323e-05,3.070060029441275e-05,0.00012280240115836017,749,0.0004189785937148681,-0.00012276043710346407,-2.220446049250313e-16,-5.551115123125775e-15,5.0
150.49999999999574,360.1811702274826,85.18586995844804,1.636554625877121,4.9999999999999964,3.907985046680551e-15,6.354018571914323e-05,3.17700928916384e-05,0.00012708037154517568,749,0.000372948675389638,-0.00011048019698756129,-2.220446049250313e-16,-5.551115123125775e-15,5.0
150.59999999999573,360.1482989178717,85.68478826539264,1.6365673339142757,4.9999999999999964,3.907985046680551e-15,4.9104998455693215e-05,2.4552499242647475e-05,9.820999696072259e-05,750,0.0003335936233621721,-9.777215983297616e-05,2.220446049250313e-16,5.551115123125775e-15,5.0
150.69999999999573,360.11542486897855,86.18370639185166,1.6365771549139718,4.9999999999999964,3.907985046680551e-15,5.040910894804567e-05,2.5204554490034523e-05,0.00010081821794946357,750,0.00029698379310473533,-8.795116013682325e-05,2.220446049250313e-16,5.551115123125775e-15,5.0
150.79999999999572,360.08254559489023,86.68262417399158,1.6365872367357668,4.9999999999999964,3.907985046680551e-15,3.9261307005268615e-05,1.9630653510199226e-05,7.852261403575358e-05,751,0.00026561049029806425,-7.78693383423068e-05,0.0,0.0,5.0
150.8999999999957,360.0496640717204,87.18154180790928,1.6365950889971703,4.9999999999999964,3.907985046680551e-15,3.9999100784790725e-05,1.9999550400394823e-05,7.999820159624626e-05,751,0.00023649114792037573,-7.001707693876646e-05,0.0,0.0,5.0
150.9999999999957,360.0167784468708,87.68045917148591,1.63660308881733,4.9999999999999964,3.907985046680551e-15,3.1383457910834794e-05,1.5691728959281175e-05,6.276691583454881e-05,752,0.00021148238468669193,-6.20172567786792e-05,-4.440892098500626e-16,-1.110223024625155e-14,5.0
151.0999999999957,359.98389098001917,88.17937641364544,1.6366093655089133,4.9999999999999964,3.907985046680551e-15,3.174448476778222e-05,1.587224238788977e-05,6.348896954889328e-05,752,0.00018831962077475728,-5.574056519530579e-05,-4.440892098500626e-16,-1.110223024625155e-14,5.0
151.1999999999957,359.9510002915573,88.67829344343347,1.6366157144058682,4.9999999999999964,3.907985046680551e-15,2.5080727870277543e-05,1.254036393711088e-05,5.016145574712874e-05,753,0.00016838545939109093,-4.939166824002861e-05,0.0,0.0,5.0
151.2999999999957,359.9181080978537,89.1772103739874,1.6366207305514429,4.9999999999999964,3.907985046680551e-15,2.5197619791108684e-05,1.2598809897554151e-05,5.039523958888337e-05,753,0.00014995980725312358,-4.437552266534084e-05,0.0,0.0,5.0
151.39999999999569,359.88521337235085,89.67612713762047,1.6366257700754017,4.9999999999999964,3.907985046680551e-15,2.003958232693389e-05,1.0019791164472892e-05,4.007916465722091e-05,754,0.00013407145089744746,-3.933599870697968e-05,4.440892098500626e-16,1.110223024625155e-14,5.0
151.49999999999568,359.8523174192608,90.17504382031439,1.6366297779918675,4.9999999999999964,3.907985046680551e-15,2.000416475295277e-05,1.000208237747701e-05,4.0008329509240925e-05,754,0.00011941334712556317,-3.5328082241159464e-05,4.440892098500626e-16,1.110223024625155e-14,5.0
151.59999999999567,359.8194194753899,90.67396037174264,1.6366337788248184,4.9999999999999964,3.907985046680551e-15,1.600854547998165e-05,8.004272740503644e-06,3.201709096167268e-05,755,0.0001067503471778578,-3.13272492906691e-05,0.0,0.0,5.0
151.69999999999567,359.7865205321776,91.17287685727455,1.6366369805339145,4.9999999999999964,-0.00904359279383371,1.58835519870505e-05,7.941775994026153e-06,3.176710397577066e-05,755,9.508885887819785e-05,-2.812554019460123e-05,0.0,0.0,5.0
151.79999999999566,359.7536200227606,91.67179323952722,1.636640157244312,4.999095640720613,-0.05491321718756384,1.2781081757395647e-05,6.390540878958808e-06,2.555754003970592e-05,756,8.499697679606492e-05,-2.49488297965339e-05,-2.220446049250313e-16,-5.549107223739433e-15,5.0
151.89999999999566,359.72072465329023,92.17061932837797,1.636642712998316,4.993604319001856,-0.09320192038688459,1.2588652453715567e-05,6.294326227107156e-06,2.5145099706145125e-05,756,7.571951070140664e-05,-2.2393075792548345e-05,-2.220446049250313e-16,-5.5369229411970076e-15,5.0
151.99999999999565,359.6878641926324,92.66889739439422,1.6366452275082868,4.984284126963168,-0.12449710503808707,1.0183059778889603e-05,5.091529889576793e-06,2.030210528837319e-05,757,6.768043213784342e-05,-1.9878565821862537e-05,2.220446049250313e-16,5.516273717431239e-15,5.0
152.09999999999565,359.65506441120857,93.16624541833875,1.6366472577188156,4.971834416459359,-0.1493370687036956,9.978848571431355e-06,4.989424285839886e-06,1.984527310604318e-05,757,6.031015327268019e-05,-1.7848355293059726e-05,2.220446049250313e-16,5.488751112434581e-15,5.0
152.19999999999564,359.6223456003086,93.66235110673608,1.6366492422461263,4.956900709588989,-0.16821876005499387,8.131274401603094e-06,4.06563720086875e-06,1.6122367940689742e-05,758,5.3916905673113426e-05,-1.5863827982798284e-05,0.0,0.0,5.0
152.29999999999563,359.5897245409777,94.15696662704997,1.6366508544829204,4.94007883358349,-0.18160410950661712,7.928547284449265e-06,3.964273642286932e-06,1.5667059448594645e-05,758,4.806865965271967e-05,-1.4251591188729762e-05,0.0,0.0,5.0
152.39999999999563,359.5572134406151,94.64990355726864,1.6366524211888651,4.921918422632828,-0.1899261990652936,6.517801770666447e-06,3.2589008853678346e-06,1.2832035444158391e-05,759,4.2986643691818446e-05,-1.2684885243530175e-05,-4.440892098500626e-16,-1.0758185879501359e-14,5.0
152.49999999999562,359.5248214325181,95.14102835546353,1.6366537043924094,4.9029258027262985,-0.19359409808303987,6.318722223056414e-06,3.1593611115597425e-06,1.2392090491176424e-05,759,3.83472510819792e-05,-1.1401681699219068e-05,-4.440892098500626e-16,-1.0675319040771266e-14,5.0
152.59999999999562,359.49255383909923,95.63025797096667,1.6366549436014586,4.883566392917994,-0.1929973330202236,0.03271240540633574,0.01636057957313677,0.06391552980556714,760,3.430610246057215e-05,-1.016247264962189e-05,0.00875407665720962,0.2087779063454008,5.0
152.6999999999956,359.45244677160406,96.11696489538558,1.6430464965820153,4.864266659615972,-0.19017514254269863,-0.009772787094576907,-0.004886510221720437,-0.019015355327779915,760,0.008018785080950146,0.006381390507907092,0.00875407665720962,0.20713099684239067,5.0
152.7999999999956,359.4197040680398,96.60228830994727,1.6411449610492372,4.845249145361702,-0.1821383617756938,0.6108652381980153,0.33676726103229854,1.2808422904389243,761,0.009812547781580194,-0.013028298339290645,0.4028050035246912,9.456427207180683,4.851662653553873
152.8999999999956,359.22785032246765,97.0472113742137,1.7692291900931296,4.827035309184133,-0.20476991212274573,0.6108652381980153,0.33676726103229854,1.2760274602934631,761,0.16394646872136137,0.11505593070460174,0.4028050035246912,9.385465289572888,4.851662653553873
152.9999999999956,358.9816651548872,97.46241681977588,1.896831936122476,4.8065583179718585,-0.23362841579243335,0.6108652381980153,0.33676726103229854,1.2706143647974897,762,0.3469987112910253,-0.5454431770010146,0.7633287632424174,17.63518660341235,4.662470429277746
153.0999999999956,358.6859038332307,97.8413037016452,2.023893372602225,4.783195476392615,-0.3497187223000774,0.6108652381980153,0.33676726103229854,1.2644383943526745,763,-0.24042277230430173,-1.1569374132711374,0.3692778363749365,8.448692465247507,4.465269365210727
153.19999999999558,358.3461736632946,98.17801277679614,2.1503372120374924,4.748223604162607,-0.31124966284706873,0.6108652381980153,0.33676726103229854,1.2551935750288012,763,-0.5901996338090207,-1.0304935738358694,0.3692778363749365,8.325600504187973,4.465269365210727
153.29999999999558,357.9694687835679,98.46706243955556,2.2758565695403723,4.717098637877901,-0.3393331650203519,0.6108652381980153,0.33676726103229854,1.2469656858305538,763,-0.8938042134651876,-0.9049742163329899,0.3692778363749365,8.216808360057307,4.465269365210727
153.39999999999557,357.56222849460306,98.70510769289727,2.4005531381234277,4.683165321375865,-0.4666400301744629,0.6108652381980153,0.33676726103229854,1.237995408858881,764,-1.1476414876503835,-0.7802776477499354,0.0,0.0,4.258947112126354
153.49999999999557,357.1316634736619,98.88931989937473,2.524352679009316,4.636501318358419,-0.42499329294322874,0.6108652381980153,0.33676726103229854,1.2256597731231766,764,-1.3486021352560442,-0.6564781068640473,0.0,0.0,4.258947112126354
153.59999999999556,356.68613061266075,99.0176628560164,2.6469186563216334,4.594001989064096,-0.6070842832648395,0.6108652381980153,0.33676726103229854,1.2144250694696879,765,-1.4943236959163075,-0.5339121295517284,-4.440892098500626e-16,-9.372438059218556e-15,4.04210718609606
153.69999999999555,356.2324459883746,99.08990414920528,2.7683611632686023,4.533293560737612,-0.5403050121057076,0.6108652381980153,0.33676726103229854,1.1983767879357905,765,-1.5843065534084622,-0.4124696226047604,-4.440892098500626e-16,-9.126366554845822e-15,4.04210718609606
153.79999999999555,355.77941798133463,99.1064307918061,2.8881988420621814,4.4792630595270415,-0.5599760121369806,0.6108652381980153,0.33676726103229854,1.1840938173706215,765,-1.6185918869886542,-0.2926319438111804,-4.440892098500626e-16,-8.910116003432635e-15,4.04210718609606
153.89999999999554,355.3330475712567,99.06912888071173,3.0066082237992435,4.4232654583133435,-0.6713408302512757,0.6108652381980153,0.33676726103229854,1.1692908436440177,766,-1.598828934970914,-0.17422256207411912,0.0010699614723412854,0.02093409292241047,3.8129556126303656
153.99999999999554,354.8996954654242,98.98047942770931,3.1235373081636455,4.356131375288216,-0.6509510172497547,0.6108652381980153,0.33676726103229854,1.1515439393902422,766,-1.5272472812314417,-0.05729347770971671,0.0010699614723412854,0.020303461101634356,3.8129556126303656
154.09999999999553,354.48601988444284,98.84398283695539,-3.0444936050769167,4.291036273563241,-0.7941059084907952,0.6029107073653752,0.3315066876635546,1.1172761680447625,767,-1.406628514163226,0.055720993284624765,0.0040508950824791334,0.07458909996599086,3.5691218112988814
154.19999999999553,354.0957303563181,98.66564605654676,-2.9327659882724406,4.211625682714161,-0.7234427687873967,0.13686263557700196,0.06875327685087641,0.23146799392078793,767,-1.2445891947386798,0.16744861008910084,0.0040508950824791334,0.07185392989560031,3.5691218112988814
154.29999999999552,353.6906892931034,98.5502352857198,-2.9096191888803618,4.139281405835422,-0.9151134908280475,0.25628652239665417,0.1302824323000352,0.4302011013988523,768,-1.1457236301437166,0.184633542260904,0.0048918569881646334,0.08381536820853863,3.3073600505371967
154.39999999999552,353.30362519292976,98.4035455181021,-2.8665990787404767,4.047770056752617,-0.814451006836962,-0.024900749963694346,-0.012452305236546751,-0.04032221254063298,768,-1.0175149439065034,0.22765365240078905,0.0048918569881646334,0.08015034920983866,3.3073600505371967
154.4999999999955,352.91271845935455,98.29849148453364,-2.87063129999454,3.9663249560689207,-0.8142198064287592,0.04764788671118067,0.023837473033975078,0.07563056834109656,768,-0.9310771881992338,0.22362143114672595,0.0048918569881646334,0.07695739122660122,3.3073600505371967
154.5999999999955,352.53319644683927,98.18325095959682,-2.86306824316043,3.8849029754260447,-0.9480748055574173,-0.07291669873510372,-0.03650687469277917,-0.11343533211656953,769,-0.8368219926336222,0.227362641224782,0.0019109233780267854,0.028840555911595525,3.0230167885556654
154.6999999999955,352.1560281455197,98.09014465602687,-2.8744117763720873,3.790095494870303,-0.869545390067951,-0.040065902267291884,-0.020040993967586254,-0.06076175716221873,769,-0.7631256970594479,0.21601910801312485,0.0019109233780267854,0.02745007773576226,3.0230167885556654
154.7999999999955,351.7885343986952,97.99742688724842,-2.880487952088309,3.7031409558635078,-1.093565303538674,-0.09438691462727414,-0.047298802126109804,-0.14007106413201106,770,-0.6893226764668062,0.20994293229690308,3.1199416348215436e-06,4.2784548793205326e-05,2.7089906799192587
154.8999999999955,351.42665218623176,97.91885339494677,-2.8944950585015103,3.5937844255096403,-0.9732731201494198,-0.07107240930236515,-0.035581137269316,-0.10227516602499764,770,-0.6293584540829711,0.19593582588370184,3.1199416348215436e-06,4.029494006775003e-05,2.7089906799192587
154.99999999999548,351.0752829703762,97.84340447766242,-2.90472257510401,3.4964571134946985,-0.9352219461311524,-0.08944054961343514,-0.044809890143674494,-0.12529874571974214,770,-0.5719770893877408,0.18570830928120197,3.1199416348215436e-06,3.814194899440368e-05,2.7089906799192587
155.09999999999548,350.73206617146917,97.7766635425992,-2.9172524496759844,3.4029349188815834,-1.1544559391712461,-0.0771082813581695,-0.038611533669174525,-0.10508791268470373,771,-0.5228727557266236,0.17317219482595814,0.0005834196196883301,0.006755979395979593,2.353429519634996
155.19999999999547,350.3976250629372,97.71382402043876,-2.927761240944455,3.287489324964459,-1.027465785862409,-0.08132758213853998,-0.04073114175121191,-0.10709293756847828,771,-0.47722069709534326,0.16266340355748765,0.0005834196196883301,0.006305357749898159,2.353429519634996
155.29999999999546,350.0737891122617,97.65720125410199,-2.938470534701303,3.184742746378218,-1.002220213359651,-0.075633721547858,-0.03787102065748455,-0.09646450435023743,771,-0.4372348497608226,0.15195410980063961,0.0005834196196883301,0.005917383877162357,2.353429519634996
155.39999999999546,349.7596533869409,97.60481223155656,-2.9481169851363265,3.084520725042253,-1.2660635588373639,-0.0691661700833936,-0.03462449556840343,-0.08542290866224983,772,-0.40047144958303327,0.14114706000950905,0.0011574794061182114,0.011012569393758954,1.933553853371922
155.49999999999545,349.4550848306139,97.5560200648796,-2.9566592760025516,2.9579143691585164,-1.1267965673652538,-0.06821896921312844,-0.03414921573424743,-0.08079265961431857,772,-0.36767644714162273,0.1326047691432839,0.0011574794061182114,0.010127085277007196,1.933553853371922
155.59999999999545,349.16264956453807,97.51158821472781,-2.9647385419639836,2.8452347124219908,-1.0685349027429611,-0.06486556164593602,-0.0324669323007894,-0.07388785174896392,772,-0.3386011642265946,0.12452550318185196,0.0011574794061182114,0.0093702131434539,1.933553853371922
155.69999999999544,348.88108676828216,97.4706492668631,-2.97212732713888,2.738381222147695,-1.106573687989784,-0.0626014008307319,-0.031331396837438526,-0.06862661776453217,772,-0.31244532081402426,0.11713671800695558,0.0011574794061182114,0.00867962753537179,1.933553853371922
155.79999999999544,348.6098570447503,97.43294311019169,-2.978989988915333,2.6277238533487166,-1.358914406163307,-0.0570545391889747,-0.028550504136553915,-0.060010119132825446,773,-0.289799655239794,0.10911969677437305,0.0005771797280542668,0.003985387148847097,1.3923471204729831
155.89999999999543,348.34944213341123,97.39782330884204,-2.984991000828616,2.491832412732386,-1.2094338214853433,-0.05526822536906438,-0.027655231437885803,-0.055122734615942456,773,-0.26865119414752225,0.10311868486109033,0.0005771797280542668,0.0035838409747098116,1.3923471204729831
155.99999999999542,348.10232763056246,97.36578098974319,-2.99050327429021,2.370889030583852,-2.6079779336422373,-0.05269687810632091,-0.02636674390543689,-0.05000430477281311,773,-0.24986480865363123,0.0976064113994961,0.0005771797280542668,0.003244393508937794,1.3923471204729831
156.09999999999542,347.86708038445147,97.33628724209015,-2.9955037047674913,2.110091237219628,-2.3211003609415912,-0.04680101163096262,-0.023413326569802134,-0.03951979326686991,773,-0.23298895690124677,0.09260598092221484,0.0005771797280542668,0.002569884098429626,1.3923471204729831
156.1999999999954,347.6576570411686,97.31046644461749,-2.9994556840941784,1.8779812011254688,-2.0657793212380158,-0.045799988504836055,-0.02291200953242387,-0.03441964687039553,774,-0.2184003228580222,0.08865400159554859,-3.410605131648481e-13,-1.20285678523737e-12,0.3723311750168228
156.2999999999954,347.4711920774849,97.28812922822311,-3.002897648781218,1.6714032690016674,-1.8385435959018341,-0.042499716629480364,-0.021259458160277377,-0.028424361046149503,774,-0.20606299182965002,0.08521203690850898,-3.410605131648481e-13,-9.527828595865208e-13,0.3723311750168228
156.3999999999954,347.3052029517613,97.26854609727272,-3.005740084885833,1.487548909411484,-1.6363038003526325,-0.04076913532343362,-0.02039304159411047,-0.024266835345051696,774,-0.19538122167356692,0.0823696008038941,-3.410605131648481e-13,-7.546993030784831e-13,0.3723311750168228
156.4999999999954,347.1574384782895,97.25140906256645,-3.008166768420338,1.3239185293762208,-1.456310382313843,-0.03933101478674246,-0.019673115619979184,-0.020835137803495957,775,-0.1861678062772578,0.07994291726941638,-3.5749964422551343e-13,-6.266111738048e-13,0.0
156.5999999999954,347.02590225705893,97.23638158012123,-3.010250282200688,1.1782874911448364,-1.2961162402593203,-0.03827721988690797,-0.019145622724245807,-0.01804613568262482,775,-0.17819340537484268,0.07785940348906673,-3.5749964422551343e-13,-4.963387107707821e-13,0.0
156.69999999999538,346.90881435095565,97.22318929592812,-3.01205489576895,1.0486758671189045,-1.153543453830795,-0.03746371124556046,-0.018738430608350797,-0.01571951200679157,775,-0.17127920819110146,0.07605478992080439,-3.5749964422551343e-13,-3.931498928015365e-13,0.0
156.79999999999538,346.8045898089662,97.21159379723792,-3.0136268469696295,0.9333215217358249,-1.0266536739094074,-0.03683069478667789,-0.01842159461678307,-0.013753838639637946,775,-0.16527187035468477,0.07448283872012507,-3.5749964422551343e-13,-3.1141403008809703e-13,0.0
156.89999999999537,346.7118170868808,97.20139023579065,-3.015002230833593,0.8306561543448842,-0.9137217697793727,-0.03632983376142098,-0.018170912631281986,-0.012074359844013966,775,-0.16004229410077364,0.07310745485616144,-3.5749964422551343e-13,-2.466710532327816e-13,0.0
156.99999999999537,346.6292392028405,97.19240193589941,-3.0162096668179945,0.7392839773669468,-0.8132123751036416,-0.03592801706474275,-0.017969807489763987,-0.010627260632786205,775,-0.15548125144153707,0.07190001887176001,-3.5749964422551343e-13,-1.953881412656863e-13,0.0
157.09999999999536,346.5557368730289,97.18447631263209,-3.017272392881273,0.6579627398565827,-0.7237590138422411,-0.03560140571952891,-0.017806345067540266,-0.009372233982316338,775,-0.15149620970767086,0.0708372928084815,-3.5749964422551343e-13,-1.5476694669655013e-13,0.0
157.19999999999536,346.49031348271785,97.17748133796408,-3.0182096162795045,0.5855868384723586,-0.6441455223195945,-0.03533276314794562,-0.017671896991222413,-0.00827831333480792,775,-0.14800860616399164,0.06990006941025007,-3.5749964422551343e-13,-1.2259089847833735e-13,0.0
157.29999999999535,346.4320816864038,97.17130255556262,-3.0190374476129853,0.5211722862403991,-0.5732895148644391,-0.03510938663761249,-0.01756010476799722,-0.0073210956931185475,775,-0.14495158338509428,0.06907223807676921,-3.5749964422551343e-13,-9.7104250684691e-14,0.0
157.39999999999534,346.3802514633883,97.1658405502887,-3.0197695571822973,0.4638433347539552,-0.5102276682293508,-0.03560907697202147,-0.017810184342626646,-0.006608558850108909,775,-0.14226810089411107,0.06834012850745719,-3.5749964422551343e-13,-7.691627696734374e-14,0.0
