<?xml version='1.0' encoding='utf-8'?>
<gpx xmlns="http://www.topografix.com/GPX/1/1" version="1.1" creator="Campus curvature-feasible smooth plan">
  <metadata>
    <name>Campus: Start to Destination</name>
    <desc>Smooth planned route with locally widened turns; not a measured GNSS track.</desc>
  </metadata>
  <trk>
    <trkseg>
      <trkpt lat="31.8854833000" lon="118.8225108000" />
      <trkpt lat="31.8854832167" lon="118.8225086863" />
      <trkpt lat="31.8854831335" lon="118.8225065726" />
      <trkpt lat="31.8854830502" lon="118.8225044589" />
      <trkpt lat="31.8854829670" lon="118.8225023452" />
      <trkpt lat="31.8854828837" lon="118.8225002315" />
      <trkpt lat="31.8854828005" lon="118.8224981178" />
      <trkpt lat="31.8854827172" lon="118.8224960041" />
      <trkpt lat="31.8854826340" lon="118.8224938904" />
      <trkpt lat="31.8854825507" lon="118.8224917766" />
      <trkpt lat="31.8854824674" lon="118.8224896629" />
      <trkpt lat="31.8854823842" lon="118.8224875492" />
      <trkpt lat="31.8854823009" lon="118.8224854355" />
      <trkpt lat="31.8854822177" lon="118.8224833218" />
      <trkpt lat="31.8854821344" lon="118.8224812081" />
      <trkpt lat="31.8854820512" lon="118.8224790944" />
      <trkpt lat="31.8854819679" lon="118.8224769807" />
      <trkpt lat="31.8854818846" lon="118.8224748670" />
      <trkpt lat="31.8854818014" lon="118.8224727533" />
      <trkpt lat="31.8854817181" lon="118.8224706396" />
      <trkpt lat="31.8854816349" lon="118.8224685259" />
      <trkpt lat="31.8854815516" lon="118.8224664122" />
      <trkpt lat="31.8854814684" lon="118.8224642985" />
      <trkpt lat="31.8854813851" lon="118.8224621848" />
      <trkpt lat="31.8854813019" lon="118.8224600711" />
      <trkpt lat="31.8854812186" lon="118.8224579574" />
      <trkpt lat="31.8854811353" lon="118.8224558437" />
      <trkpt lat="31.8854810521" lon="118.8224537299" />
      <trkpt lat="31.8854809688" lon="118.8224516162" />
      <trkpt lat="31.8854808856" lon="118.8224495025" />
      <trkpt lat="31.8854808023" lon="118.8224473888" />
      <trkpt lat="31.8854807191" lon="118.8224452751" />
      <trkpt lat="31.8854806358" lon="118.8224431614" />
      <trkpt lat="31.8854805525" lon="118.8224410477" />
      <trkpt lat="31.8854804693" lon="118.8224389340" />
      <trkpt lat="31.8854803860" lon="118.8224368203" />
      <trkpt lat="31.8854803028" lon="118.8224347066" />
      <trkpt lat="31.8854802195" lon="118.8224325929" />
      <trkpt lat="31.8854801363" lon="118.8224304792" />
      <trkpt lat="31.8854800530" lon="118.8224283655" />
      <trkpt lat="31.8854799698" lon="118.8224262518" />
      <trkpt lat="31.8854798865" lon="118.8224241381" />
      <trkpt lat="31.8854798032" lon="118.8224220244" />
      <trkpt lat="31.8854797200" lon="118.8224199107" />
      <trkpt lat="31.8854796367" lon="118.8224177969" />
      <trkpt lat="31.8854795535" lon="118.8224156832" />
      <trkpt lat="31.8854794702" lon="118.8224135695" />
      <trkpt lat="31.8854793870" lon="118.8224114558" />
      <trkpt lat="31.8854793037" lon="118.8224093421" />
      <trkpt lat="31.8854792205" lon="118.8224072284" />
      <trkpt lat="31.8854791372" lon="118.8224051147" />
      <trkpt lat="31.8854790539" lon="118.8224030010" />
      <trkpt lat="31.8854789707" lon="118.8224008873" />
      <trkpt lat="31.8854788874" lon="118.8223987736" />
      <trkpt lat="31.8854788042" lon="118.8223966599" />
      <trkpt lat="31.8854787209" lon="118.8223945462" />
      <trkpt lat="31.8854786377" lon="118.8223924325" />
      <trkpt lat="31.8854785544" lon="118.8223903188" />
      <trkpt lat="31.8854784711" lon="118.8223882051" />
      <trkpt lat="31.8854783879" lon="118.8223860914" />
      <trkpt lat="31.8854783046" lon="118.8223839777" />
      <trkpt lat="31.8854782214" lon="118.8223818639" />
      <trkpt lat="31.8854781381" lon="118.8223797502" />
      <trkpt lat="31.8854780549" lon="118.8223776365" />
      <trkpt lat="31.8854779716" lon="118.8223755228" />
      <trkpt lat="31.8854778884" lon="118.8223734091" />
      <trkpt lat="31.8854778051" lon="118.8223712954" />
      <trkpt lat="31.8854777218" lon="118.8223691817" />
      <trkpt lat="31.8854776386" lon="118.8223670680" />
      <trkpt lat="31.8854775553" lon="118.8223649543" />
      <trkpt lat="31.8854774721" lon="118.8223628406" />
      <trkpt lat="31.8854773888" lon="118.8223607269" />
      <trkpt lat="31.8854773056" lon="118.8223586132" />
      <trkpt lat="31.8854772223" lon="118.8223564995" />
      <trkpt lat="31.8854771391" lon="118.8223543858" />
      <trkpt lat="31.8854770558" lon="118.8223522721" />
      <trkpt lat="31.8854769725" lon="118.8223501584" />
      <trkpt lat="31.8854768893" lon="118.8223480447" />
      <trkpt lat="31.8854768060" lon="118.8223459310" />
      <trkpt lat="31.8854767228" lon="118.8223438172" />
      <trkpt lat="31.8854766395" lon="118.8223417035" />
      <trkpt lat="31.8854765563" lon="118.8223395898" />
      <trkpt lat="31.8854764730" lon="118.8223374761" />
      <trkpt lat="31.8854763897" lon="118.8223353624" />
      <trkpt lat="31.8854763065" lon="118.8223332487" />
      <trkpt lat="31.8854762232" lon="118.8223311350" />
      <trkpt lat="31.8854761400" lon="118.8223290213" />
      <trkpt lat="31.8854760567" lon="118.8223269076" />
      <trkpt lat="31.8854759735" lon="118.8223247939" />
      <trkpt lat="31.8854758902" lon="118.8223226802" />
      <trkpt lat="31.8854758070" lon="118.8223205665" />
      <trkpt lat="31.8854757237" lon="118.8223184528" />
      <trkpt lat="31.8854756404" lon="118.8223163391" />
      <trkpt lat="31.8854755572" lon="118.8223142254" />
      <trkpt lat="31.8854754739" lon="118.8223121117" />
      <trkpt lat="31.8854753907" lon="118.8223099980" />
      <trkpt lat="31.8854753074" lon="118.8223078842" />
      <trkpt lat="31.8854752242" lon="118.8223057705" />
      <trkpt lat="31.8854751409" lon="118.8223036568" />
      <trkpt lat="31.8854750576" lon="118.8223015431" />
      <trkpt lat="31.8854749744" lon="118.8222994294" />
      <trkpt lat="31.8854748911" lon="118.8222973157" />
      <trkpt lat="31.8854748079" lon="118.8222952020" />
      <trkpt lat="31.8854747246" lon="118.8222930883" />
      <trkpt lat="31.8854746414" lon="118.8222909746" />
      <trkpt lat="31.8854745581" lon="118.8222888609" />
      <trkpt lat="31.8854744749" lon="118.8222867472" />
      <trkpt lat="31.8854743916" lon="118.8222846335" />
      <trkpt lat="31.8854743083" lon="118.8222825198" />
      <trkpt lat="31.8854742251" lon="118.8222804061" />
      <trkpt lat="31.8854741418" lon="118.8222782924" />
      <trkpt lat="31.8854740586" lon="118.8222761787" />
      <trkpt lat="31.8854739753" lon="118.8222740650" />
      <trkpt lat="31.8854738921" lon="118.8222719513" />
      <trkpt lat="31.8854738088" lon="118.8222698375" />
      <trkpt lat="31.8854737256" lon="118.8222677238" />
      <trkpt lat="31.8854736423" lon="118.8222656101" />
      <trkpt lat="31.8854735590" lon="118.8222634964" />
      <trkpt lat="31.8854734758" lon="118.8222613827" />
      <trkpt lat="31.8854733925" lon="118.8222592690" />
      <trkpt lat="31.8854733093" lon="118.8222571553" />
      <trkpt lat="31.8854732260" lon="118.8222550416" />
      <trkpt lat="31.8854731428" lon="118.8222529279" />
      <trkpt lat="31.8854730595" lon="118.8222508142" />
      <trkpt lat="31.8854729762" lon="118.8222487005" />
      <trkpt lat="31.8854728930" lon="118.8222465868" />
      <trkpt lat="31.8854728097" lon="118.8222444731" />
      <trkpt lat="31.8854727265" lon="118.8222423594" />
      <trkpt lat="31.8854726432" lon="118.8222402457" />
      <trkpt lat="31.8854725600" lon="118.8222381320" />
      <trkpt lat="31.8854724767" lon="118.8222360183" />
      <trkpt lat="31.8854723935" lon="118.8222339045" />
      <trkpt lat="31.8854723102" lon="118.8222317908" />
      <trkpt lat="31.8854722269" lon="118.8222296771" />
      <trkpt lat="31.8854721437" lon="118.8222275634" />
      <trkpt lat="31.8854720604" lon="118.8222254497" />
      <trkpt lat="31.8854719772" lon="118.8222233360" />
      <trkpt lat="31.8854718939" lon="118.8222212223" />
      <trkpt lat="31.8854718107" lon="118.8222191086" />
      <trkpt lat="31.8854717274" lon="118.8222169949" />
      <trkpt lat="31.8854716441" lon="118.8222148812" />
      <trkpt lat="31.8854715609" lon="118.8222127675" />
      <trkpt lat="31.8854714776" lon="118.8222106538" />
      <trkpt lat="31.8854713944" lon="118.8222085401" />
      <trkpt lat="31.8854713111" lon="118.8222064264" />
      <trkpt lat="31.8854712279" lon="118.8222043127" />
      <trkpt lat="31.8854711446" lon="118.8222021990" />
      <trkpt lat="31.8854710614" lon="118.8222000853" />
      <trkpt lat="31.8854709781" lon="118.8221979716" />
      <trkpt lat="31.8854708948" lon="118.8221958578" />
      <trkpt lat="31.8854708116" lon="118.8221937441" />
      <trkpt lat="31.8854707283" lon="118.8221916304" />
      <trkpt lat="31.8854706451" lon="118.8221895167" />
      <trkpt lat="31.8854705618" lon="118.8221874030" />
      <trkpt lat="31.8854704786" lon="118.8221852893" />
      <trkpt lat="31.8854703953" lon="118.8221831756" />
      <trkpt lat="31.8854703121" lon="118.8221810619" />
      <trkpt lat="31.8854702288" lon="118.8221789482" />
      <trkpt lat="31.8854701455" lon="118.8221768345" />
      <trkpt lat="31.8854700623" lon="118.8221747208" />
      <trkpt lat="31.8854699790" lon="118.8221726071" />
      <trkpt lat="31.8854698958" lon="118.8221704934" />
      <trkpt lat="31.8854698125" lon="118.8221683797" />
      <trkpt lat="31.8854697293" lon="118.8221662660" />
      <trkpt lat="31.8854696460" lon="118.8221641523" />
      <trkpt lat="31.8854695627" lon="118.8221620386" />
      <trkpt lat="31.8854694795" lon="118.8221599248" />
      <trkpt lat="31.8854693962" lon="118.8221578111" />
      <trkpt lat="31.8854693130" lon="118.8221556974" />
      <trkpt lat="31.8854692297" lon="118.8221535837" />
      <trkpt lat="31.8854691465" lon="118.8221514700" />
      <trkpt lat="31.8854690632" lon="118.8221493563" />
      <trkpt lat="31.8854689800" lon="118.8221472426" />
      <trkpt lat="31.8854688967" lon="118.8221451289" />
      <trkpt lat="31.8854688134" lon="118.8221430152" />
      <trkpt lat="31.8854687302" lon="118.8221409015" />
      <trkpt lat="31.8854686469" lon="118.8221387878" />
      <trkpt lat="31.8854685637" lon="118.8221366741" />
      <trkpt lat="31.8854684804" lon="118.8221345604" />
      <trkpt lat="31.8854683972" lon="118.8221324467" />
      <trkpt lat="31.8854683139" lon="118.8221303330" />
      <trkpt lat="31.8854682307" lon="118.8221282193" />
      <trkpt lat="31.8854681474" lon="118.8221261056" />
      <trkpt lat="31.8854680641" lon="118.8221239918" />
      <trkpt lat="31.8854679809" lon="118.8221218781" />
      <trkpt lat="31.8854678976" lon="118.8221197644" />
      <trkpt lat="31.8854678144" lon="118.8221176507" />
      <trkpt lat="31.8854677311" lon="118.8221155370" />
      <trkpt lat="31.8854676479" lon="118.8221134233" />
      <trkpt lat="31.8854675646" lon="118.8221113096" />
      <trkpt lat="31.8854674813" lon="118.8221091959" />
      <trkpt lat="31.8854673981" lon="118.8221070822" />
      <trkpt lat="31.8854673148" lon="118.8221049685" />
      <trkpt lat="31.8854672316" lon="118.8221028548" />
      <trkpt lat="31.8854671483" lon="118.8221007411" />
      <trkpt lat="31.8854670651" lon="118.8220986274" />
      <trkpt lat="31.8854669818" lon="118.8220965137" />
      <trkpt lat="31.8854668986" lon="118.8220944000" />
      <trkpt lat="31.8854668153" lon="118.8220922863" />
      <trkpt lat="31.8854667320" lon="118.8220901726" />
      <trkpt lat="31.8854666488" lon="118.8220880589" />
      <trkpt lat="31.8854665655" lon="118.8220859451" />
      <trkpt lat="31.8854664823" lon="118.8220838314" />
      <trkpt lat="31.8854663990" lon="118.8220817177" />
      <trkpt lat="31.8854663158" lon="118.8220796040" />
      <trkpt lat="31.8854662325" lon="118.8220774903" />
      <trkpt lat="31.8854661492" lon="118.8220753766" />
      <trkpt lat="31.8854660660" lon="118.8220732629" />
      <trkpt lat="31.8854659827" lon="118.8220711492" />
      <trkpt lat="31.8854658995" lon="118.8220690355" />
      <trkpt lat="31.8854658162" lon="118.8220669218" />
      <trkpt lat="31.8854657330" lon="118.8220648081" />
      <trkpt lat="31.8854656497" lon="118.8220626944" />
      <trkpt lat="31.8854655665" lon="118.8220605807" />
      <trkpt lat="31.8854654832" lon="118.8220584670" />
      <trkpt lat="31.8854653999" lon="118.8220563533" />
      <trkpt lat="31.8854653167" lon="118.8220542396" />
      <trkpt lat="31.8854652334" lon="118.8220521259" />
      <trkpt lat="31.8854651502" lon="118.8220500121" />
      <trkpt lat="31.8854650669" lon="118.8220478984" />
      <trkpt lat="31.8854649837" lon="118.8220457847" />
      <trkpt lat="31.8854649004" lon="118.8220436710" />
      <trkpt lat="31.8854648172" lon="118.8220415573" />
      <trkpt lat="31.8854647339" lon="118.8220394436" />
      <trkpt lat="31.8854646506" lon="118.8220373299" />
      <trkpt lat="31.8854645674" lon="118.8220352162" />
      <trkpt lat="31.8854644841" lon="118.8220331025" />
      <trkpt lat="31.8854644009" lon="118.8220309888" />
      <trkpt lat="31.8854643176" lon="118.8220288751" />
      <trkpt lat="31.8854642344" lon="118.8220267614" />
      <trkpt lat="31.8854641511" lon="118.8220246477" />
      <trkpt lat="31.8854640678" lon="118.8220225340" />
      <trkpt lat="31.8854639846" lon="118.8220204203" />
      <trkpt lat="31.8854639013" lon="118.8220183066" />
      <trkpt lat="31.8854638181" lon="118.8220161929" />
      <trkpt lat="31.8854637348" lon="118.8220140792" />
      <trkpt lat="31.8854636516" lon="118.8220119654" />
      <trkpt lat="31.8854635683" lon="118.8220098517" />
      <trkpt lat="31.8854634851" lon="118.8220077380" />
      <trkpt lat="31.8854634018" lon="118.8220056243" />
      <trkpt lat="31.8854633185" lon="118.8220035106" />
      <trkpt lat="31.8854632353" lon="118.8220013969" />
      <trkpt lat="31.8854631520" lon="118.8219992832" />
      <trkpt lat="31.8854630688" lon="118.8219971695" />
      <trkpt lat="31.8854629855" lon="118.8219950558" />
      <trkpt lat="31.8854629023" lon="118.8219929421" />
      <trkpt lat="31.8854628190" lon="118.8219908284" />
      <trkpt lat="31.8854627358" lon="118.8219887147" />
      <trkpt lat="31.8854626525" lon="118.8219866010" />
      <trkpt lat="31.8854625692" lon="118.8219844873" />
      <trkpt lat="31.8854624860" lon="118.8219823736" />
      <trkpt lat="31.8854624027" lon="118.8219802599" />
      <trkpt lat="31.8854623195" lon="118.8219781462" />
      <trkpt lat="31.8854622362" lon="118.8219760324" />
      <trkpt lat="31.8854621530" lon="118.8219739187" />
      <trkpt lat="31.8854620697" lon="118.8219718050" />
      <trkpt lat="31.8854619864" lon="118.8219696913" />
      <trkpt lat="31.8854619032" lon="118.8219675776" />
      <trkpt lat="31.8854618199" lon="118.8219654639" />
      <trkpt lat="31.8854617367" lon="118.8219633502" />
      <trkpt lat="31.8854616534" lon="118.8219612365" />
      <trkpt lat="31.8854615702" lon="118.8219591228" />
      <trkpt lat="31.8854614869" lon="118.8219570091" />
      <trkpt lat="31.8854614037" lon="118.8219548954" />
      <trkpt lat="31.8854613204" lon="118.8219527817" />
      <trkpt lat="31.8854612371" lon="118.8219506680" />
      <trkpt lat="31.8854611539" lon="118.8219485543" />
      <trkpt lat="31.8854610706" lon="118.8219464406" />
      <trkpt lat="31.8854609874" lon="118.8219443269" />
      <trkpt lat="31.8854609041" lon="118.8219422132" />
      <trkpt lat="31.8854608209" lon="118.8219400994" />
      <trkpt lat="31.8854607376" lon="118.8219379857" />
      <trkpt lat="31.8854606543" lon="118.8219358720" />
      <trkpt lat="31.8854605711" lon="118.8219337583" />
      <trkpt lat="31.8854604878" lon="118.8219316446" />
      <trkpt lat="31.8854604046" lon="118.8219295309" />
      <trkpt lat="31.8854603213" lon="118.8219274172" />
      <trkpt lat="31.8854602381" lon="118.8219253035" />
      <trkpt lat="31.8854601548" lon="118.8219231898" />
      <trkpt lat="31.8854600716" lon="118.8219210761" />
      <trkpt lat="31.8854599883" lon="118.8219189624" />
      <trkpt lat="31.8854599050" lon="118.8219168487" />
      <trkpt lat="31.8854598218" lon="118.8219147350" />
      <trkpt lat="31.8854597385" lon="118.8219126213" />
      <trkpt lat="31.8854596553" lon="118.8219105076" />
      <trkpt lat="31.8854595720" lon="118.8219083939" />
      <trkpt lat="31.8854594888" lon="118.8219062802" />
      <trkpt lat="31.8854594055" lon="118.8219041665" />
      <trkpt lat="31.8854593223" lon="118.8219020527" />
      <trkpt lat="31.8854592390" lon="118.8218999390" />
      <trkpt lat="31.8854591557" lon="118.8218978253" />
      <trkpt lat="31.8854590725" lon="118.8218957116" />
      <trkpt lat="31.8854589892" lon="118.8218935979" />
      <trkpt lat="31.8854589060" lon="118.8218914842" />
      <trkpt lat="31.8854588227" lon="118.8218893705" />
      <trkpt lat="31.8854587395" lon="118.8218872568" />
      <trkpt lat="31.8854586562" lon="118.8218851431" />
      <trkpt lat="31.8854585729" lon="118.8218830294" />
      <trkpt lat="31.8854584897" lon="118.8218809157" />
      <trkpt lat="31.8854584064" lon="118.8218788020" />
      <trkpt lat="31.8854583232" lon="118.8218766883" />
      <trkpt lat="31.8854582399" lon="118.8218745746" />
      <trkpt lat="31.8854581567" lon="118.8218724609" />
      <trkpt lat="31.8854580734" lon="118.8218703472" />
      <trkpt lat="31.8854579902" lon="118.8218682335" />
      <trkpt lat="31.8854579069" lon="118.8218661197" />
      <trkpt lat="31.8854578236" lon="118.8218640060" />
      <trkpt lat="31.8854577404" lon="118.8218618923" />
      <trkpt lat="31.8854576571" lon="118.8218597786" />
      <trkpt lat="31.8854575739" lon="118.8218576649" />
      <trkpt lat="31.8854574906" lon="118.8218555512" />
      <trkpt lat="31.8854574074" lon="118.8218534375" />
      <trkpt lat="31.8854573241" lon="118.8218513238" />
      <trkpt lat="31.8854572408" lon="118.8218492101" />
      <trkpt lat="31.8854571576" lon="118.8218470964" />
      <trkpt lat="31.8854570743" lon="118.8218449827" />
      <trkpt lat="31.8854569911" lon="118.8218428690" />
      <trkpt lat="31.8854569078" lon="118.8218407553" />
      <trkpt lat="31.8854568246" lon="118.8218386416" />
      <trkpt lat="31.8854567413" lon="118.8218365279" />
      <trkpt lat="31.8854566581" lon="118.8218344142" />
      <trkpt lat="31.8854565748" lon="118.8218323005" />
      <trkpt lat="31.8854564915" lon="118.8218301868" />
      <trkpt lat="31.8854564083" lon="118.8218280730" />
      <trkpt lat="31.8854563250" lon="118.8218259593" />
      <trkpt lat="31.8854562418" lon="118.8218238456" />
      <trkpt lat="31.8854561585" lon="118.8218217319" />
      <trkpt lat="31.8854560753" lon="118.8218196182" />
      <trkpt lat="31.8854559920" lon="118.8218175045" />
      <trkpt lat="31.8854559088" lon="118.8218153908" />
      <trkpt lat="31.8854558255" lon="118.8218132771" />
      <trkpt lat="31.8854557422" lon="118.8218111634" />
      <trkpt lat="31.8854556590" lon="118.8218090497" />
      <trkpt lat="31.8854555757" lon="118.8218069360" />
      <trkpt lat="31.8854554925" lon="118.8218048223" />
      <trkpt lat="31.8854554092" lon="118.8218027086" />
      <trkpt lat="31.8854553260" lon="118.8218005949" />
      <trkpt lat="31.8854552427" lon="118.8217984812" />
      <trkpt lat="31.8854551594" lon="118.8217963675" />
      <trkpt lat="31.8854550762" lon="118.8217942538" />
      <trkpt lat="31.8854549929" lon="118.8217921400" />
      <trkpt lat="31.8854549097" lon="118.8217900263" />
      <trkpt lat="31.8854548264" lon="118.8217879126" />
      <trkpt lat="31.8854547432" lon="118.8217857989" />
      <trkpt lat="31.8854546599" lon="118.8217836852" />
      <trkpt lat="31.8854545767" lon="118.8217815715" />
      <trkpt lat="31.8854544934" lon="118.8217794578" />
      <trkpt lat="31.8854544101" lon="118.8217773441" />
      <trkpt lat="31.8854543269" lon="118.8217752304" />
      <trkpt lat="31.8854542436" lon="118.8217731167" />
      <trkpt lat="31.8854541604" lon="118.8217710030" />
      <trkpt lat="31.8854540771" lon="118.8217688893" />
      <trkpt lat="31.8854539939" lon="118.8217667756" />
      <trkpt lat="31.8854539106" lon="118.8217646619" />
      <trkpt lat="31.8854538274" lon="118.8217625482" />
      <trkpt lat="31.8854537441" lon="118.8217604345" />
      <trkpt lat="31.8854536608" lon="118.8217583208" />
      <trkpt lat="31.8854535776" lon="118.8217562071" />
      <trkpt lat="31.8854534943" lon="118.8217540933" />
      <trkpt lat="31.8854534111" lon="118.8217519796" />
      <trkpt lat="31.8854533278" lon="118.8217498659" />
      <trkpt lat="31.8854532446" lon="118.8217477522" />
      <trkpt lat="31.8854531613" lon="118.8217456385" />
      <trkpt lat="31.8854530780" lon="118.8217435248" />
      <trkpt lat="31.8854529948" lon="118.8217414111" />
      <trkpt lat="31.8854529115" lon="118.8217392974" />
      <trkpt lat="31.8854528283" lon="118.8217371837" />
      <trkpt lat="31.8854527450" lon="118.8217350700" />
      <trkpt lat="31.8854526618" lon="118.8217329563" />
      <trkpt lat="31.8854525785" lon="118.8217308426" />
      <trkpt lat="31.8854524953" lon="118.8217287289" />
      <trkpt lat="31.8854524120" lon="118.8217266152" />
      <trkpt lat="31.8854523287" lon="118.8217245015" />
      <trkpt lat="31.8854522455" lon="118.8217223878" />
      <trkpt lat="31.8854521622" lon="118.8217202741" />
      <trkpt lat="31.8854520790" lon="118.8217181603" />
      <trkpt lat="31.8854519957" lon="118.8217160466" />
      <trkpt lat="31.8854519125" lon="118.8217139329" />
      <trkpt lat="31.8854518292" lon="118.8217118192" />
      <trkpt lat="31.8854517459" lon="118.8217097055" />
      <trkpt lat="31.8854516627" lon="118.8217075918" />
      <trkpt lat="31.8854515794" lon="118.8217054781" />
      <trkpt lat="31.8854514962" lon="118.8217033644" />
      <trkpt lat="31.8854514129" lon="118.8217012507" />
      <trkpt lat="31.8854513297" lon="118.8216991370" />
      <trkpt lat="31.8854512464" lon="118.8216970233" />
      <trkpt lat="31.8854511632" lon="118.8216949096" />
      <trkpt lat="31.8854510799" lon="118.8216927959" />
      <trkpt lat="31.8854509966" lon="118.8216906822" />
      <trkpt lat="31.8854509134" lon="118.8216885685" />
      <trkpt lat="31.8854508301" lon="118.8216864548" />
      <trkpt lat="31.8854507469" lon="118.8216843411" />
      <trkpt lat="31.8854506636" lon="118.8216822273" />
      <trkpt lat="31.8854505804" lon="118.8216801136" />
      <trkpt lat="31.8854504971" lon="118.8216779999" />
      <trkpt lat="31.8854504139" lon="118.8216758862" />
      <trkpt lat="31.8854503306" lon="118.8216737725" />
      <trkpt lat="31.8854502473" lon="118.8216716588" />
      <trkpt lat="31.8854501641" lon="118.8216695451" />
      <trkpt lat="31.8854500808" lon="118.8216674314" />
      <trkpt lat="31.8854499976" lon="118.8216653177" />
      <trkpt lat="31.8854499143" lon="118.8216632040" />
      <trkpt lat="31.8854498311" lon="118.8216610903" />
      <trkpt lat="31.8854497478" lon="118.8216589766" />
      <trkpt lat="31.8854496645" lon="118.8216568629" />
      <trkpt lat="31.8854495813" lon="118.8216547492" />
      <trkpt lat="31.8854494980" lon="118.8216526355" />
      <trkpt lat="31.8854494148" lon="118.8216505218" />
      <trkpt lat="31.8854493315" lon="118.8216484081" />
      <trkpt lat="31.8854492483" lon="118.8216462944" />
      <trkpt lat="31.8854491650" lon="118.8216441806" />
      <trkpt lat="31.8854490818" lon="118.8216420669" />
      <trkpt lat="31.8854489985" lon="118.8216399532" />
      <trkpt lat="31.8854489152" lon="118.8216378395" />
      <trkpt lat="31.8854488320" lon="118.8216357258" />
      <trkpt lat="31.8854487487" lon="118.8216336121" />
      <trkpt lat="31.8854486655" lon="118.8216314984" />
      <trkpt lat="31.8854485822" lon="118.8216293847" />
      <trkpt lat="31.8854484990" lon="118.8216272710" />
      <trkpt lat="31.8854484157" lon="118.8216251573" />
      <trkpt lat="31.8854483324" lon="118.8216230436" />
      <trkpt lat="31.8854482492" lon="118.8216209299" />
      <trkpt lat="31.8854481659" lon="118.8216188162" />
      <trkpt lat="31.8854480827" lon="118.8216167025" />
      <trkpt lat="31.8854479994" lon="118.8216145888" />
      <trkpt lat="31.8854479162" lon="118.8216124751" />
      <trkpt lat="31.8854478329" lon="118.8216103614" />
      <trkpt lat="31.8854477497" lon="118.8216082476" />
      <trkpt lat="31.8854476664" lon="118.8216061339" />
      <trkpt lat="31.8854475831" lon="118.8216040202" />
      <trkpt lat="31.8854474999" lon="118.8216019065" />
      <trkpt lat="31.8854474166" lon="118.8215997928" />
      <trkpt lat="31.8854473334" lon="118.8215976791" />
      <trkpt lat="31.8854472501" lon="118.8215955654" />
      <trkpt lat="31.8854471669" lon="118.8215934517" />
      <trkpt lat="31.8854470836" lon="118.8215913380" />
      <trkpt lat="31.8854470004" lon="118.8215892243" />
      <trkpt lat="31.8854469171" lon="118.8215871106" />
      <trkpt lat="31.8854468338" lon="118.8215849969" />
      <trkpt lat="31.8854467506" lon="118.8215828832" />
      <trkpt lat="31.8854466673" lon="118.8215807695" />
      <trkpt lat="31.8854465841" lon="118.8215786558" />
      <trkpt lat="31.8854465008" lon="118.8215765421" />
      <trkpt lat="31.8854464176" lon="118.8215744284" />
      <trkpt lat="31.8854463343" lon="118.8215723147" />
      <trkpt lat="31.8854462510" lon="118.8215702009" />
      <trkpt lat="31.8854461678" lon="118.8215680872" />
      <trkpt lat="31.8854460845" lon="118.8215659735" />
      <trkpt lat="31.8854460013" lon="118.8215638598" />
      <trkpt lat="31.8854459180" lon="118.8215617461" />
      <trkpt lat="31.8854458348" lon="118.8215596324" />
      <trkpt lat="31.8854457515" lon="118.8215575187" />
      <trkpt lat="31.8854456683" lon="118.8215554050" />
      <trkpt lat="31.8854455850" lon="118.8215532913" />
      <trkpt lat="31.8854455017" lon="118.8215511776" />
      <trkpt lat="31.8854454185" lon="118.8215490639" />
      <trkpt lat="31.8854453352" lon="118.8215469502" />
      <trkpt lat="31.8854452520" lon="118.8215448365" />
      <trkpt lat="31.8854451687" lon="118.8215427228" />
      <trkpt lat="31.8854450855" lon="118.8215406091" />
      <trkpt lat="31.8854450022" lon="118.8215384954" />
      <trkpt lat="31.8854449190" lon="118.8215363817" />
      <trkpt lat="31.8854448357" lon="118.8215342679" />
      <trkpt lat="31.8854447524" lon="118.8215321542" />
      <trkpt lat="31.8854446692" lon="118.8215300405" />
      <trkpt lat="31.8854445859" lon="118.8215279268" />
      <trkpt lat="31.8854445027" lon="118.8215258131" />
      <trkpt lat="31.8854444194" lon="118.8215236994" />
      <trkpt lat="31.8854443362" lon="118.8215215857" />
      <trkpt lat="31.8854442529" lon="118.8215194720" />
      <trkpt lat="31.8854441696" lon="118.8215173583" />
      <trkpt lat="31.8854440864" lon="118.8215152446" />
      <trkpt lat="31.8854440031" lon="118.8215131309" />
      <trkpt lat="31.8854439199" lon="118.8215110172" />
      <trkpt lat="31.8854438366" lon="118.8215089035" />
      <trkpt lat="31.8854437534" lon="118.8215067898" />
      <trkpt lat="31.8854436701" lon="118.8215046761" />
      <trkpt lat="31.8854435869" lon="118.8215025624" />
      <trkpt lat="31.8854435036" lon="118.8215004487" />
      <trkpt lat="31.8854434203" lon="118.8214983349" />
      <trkpt lat="31.8854433371" lon="118.8214962212" />
      <trkpt lat="31.8854432538" lon="118.8214941075" />
      <trkpt lat="31.8854431706" lon="118.8214919938" />
      <trkpt lat="31.8854430873" lon="118.8214898801" />
      <trkpt lat="31.8854430041" lon="118.8214877664" />
      <trkpt lat="31.8854429208" lon="118.8214856527" />
      <trkpt lat="31.8854428375" lon="118.8214835390" />
      <trkpt lat="31.8854427543" lon="118.8214814253" />
      <trkpt lat="31.8854426710" lon="118.8214793116" />
      <trkpt lat="31.8854425878" lon="118.8214771979" />
      <trkpt lat="31.8854425045" lon="118.8214750842" />
      <trkpt lat="31.8854424213" lon="118.8214729705" />
      <trkpt lat="31.8854423380" lon="118.8214708568" />
      <trkpt lat="31.8854422548" lon="118.8214687431" />
      <trkpt lat="31.8854421715" lon="118.8214666294" />
      <trkpt lat="31.8854420882" lon="118.8214645157" />
      <trkpt lat="31.8854420050" lon="118.8214624020" />
      <trkpt lat="31.8854419217" lon="118.8214602882" />
      <trkpt lat="31.8854418385" lon="118.8214581745" />
      <trkpt lat="31.8854417552" lon="118.8214560608" />
      <trkpt lat="31.8854416720" lon="118.8214539471" />
      <trkpt lat="31.8854415887" lon="118.8214518334" />
      <trkpt lat="31.8854415055" lon="118.8214497197" />
      <trkpt lat="31.8854414222" lon="118.8214476060" />
      <trkpt lat="31.8854413389" lon="118.8214454923" />
      <trkpt lat="31.8854412557" lon="118.8214433786" />
      <trkpt lat="31.8854411724" lon="118.8214412649" />
      <trkpt lat="31.8854410892" lon="118.8214391512" />
      <trkpt lat="31.8854410059" lon="118.8214370375" />
      <trkpt lat="31.8854409227" lon="118.8214349238" />
      <trkpt lat="31.8854408394" lon="118.8214328101" />
      <trkpt lat="31.8854407561" lon="118.8214306964" />
      <trkpt lat="31.8854406729" lon="118.8214285827" />
      <trkpt lat="31.8854405896" lon="118.8214264690" />
      <trkpt lat="31.8854405064" lon="118.8214243552" />
      <trkpt lat="31.8854404231" lon="118.8214222415" />
      <trkpt lat="31.8854403399" lon="118.8214201278" />
      <trkpt lat="31.8854402566" lon="118.8214180141" />
      <trkpt lat="31.8854401734" lon="118.8214159004" />
      <trkpt lat="31.8854400901" lon="118.8214137867" />
      <trkpt lat="31.8854400068" lon="118.8214116730" />
      <trkpt lat="31.8854399236" lon="118.8214095593" />
      <trkpt lat="31.8854398403" lon="118.8214074456" />
      <trkpt lat="31.8854397571" lon="118.8214053319" />
      <trkpt lat="31.8854396738" lon="118.8214032182" />
      <trkpt lat="31.8854395906" lon="118.8214011045" />
      <trkpt lat="31.8854395073" lon="118.8213989908" />
      <trkpt lat="31.8854394241" lon="118.8213968771" />
      <trkpt lat="31.8854393408" lon="118.8213947634" />
      <trkpt lat="31.8854392575" lon="118.8213926497" />
      <trkpt lat="31.8854391743" lon="118.8213905360" />
      <trkpt lat="31.8854390910" lon="118.8213884223" />
      <trkpt lat="31.8854390078" lon="118.8213863085" />
      <trkpt lat="31.8854389245" lon="118.8213841948" />
      <trkpt lat="31.8854388413" lon="118.8213820811" />
      <trkpt lat="31.8854387580" lon="118.8213799674" />
      <trkpt lat="31.8854386747" lon="118.8213778537" />
      <trkpt lat="31.8854385915" lon="118.8213757400" />
      <trkpt lat="31.8854385082" lon="118.8213736263" />
      <trkpt lat="31.8854384250" lon="118.8213715126" />
      <trkpt lat="31.8854383417" lon="118.8213693989" />
      <trkpt lat="31.8854382585" lon="118.8213672852" />
      <trkpt lat="31.8854381752" lon="118.8213651715" />
      <trkpt lat="31.8854380920" lon="118.8213630578" />
      <trkpt lat="31.8854380087" lon="118.8213609441" />
      <trkpt lat="31.8854379254" lon="118.8213588304" />
      <trkpt lat="31.8854378422" lon="118.8213567167" />
      <trkpt lat="31.8854377589" lon="118.8213546030" />
      <trkpt lat="31.8854376757" lon="118.8213524893" />
      <trkpt lat="31.8854375924" lon="118.8213503755" />
      <trkpt lat="31.8854375092" lon="118.8213482618" />
      <trkpt lat="31.8854374259" lon="118.8213461481" />
      <trkpt lat="31.8854373426" lon="118.8213440344" />
      <trkpt lat="31.8854372594" lon="118.8213419207" />
      <trkpt lat="31.8854371761" lon="118.8213398070" />
      <trkpt lat="31.8854370929" lon="118.8213376933" />
      <trkpt lat="31.8854370096" lon="118.8213355796" />
      <trkpt lat="31.8854369264" lon="118.8213334659" />
      <trkpt lat="31.8854368431" lon="118.8213313522" />
      <trkpt lat="31.8854367599" lon="118.8213292385" />
      <trkpt lat="31.8854366766" lon="118.8213271248" />
      <trkpt lat="31.8854365933" lon="118.8213250111" />
      <trkpt lat="31.8854365101" lon="118.8213228974" />
      <trkpt lat="31.8854364268" lon="118.8213207837" />
      <trkpt lat="31.8854363436" lon="118.8213186700" />
      <trkpt lat="31.8854362603" lon="118.8213165563" />
      <trkpt lat="31.8854361771" lon="118.8213144426" />
      <trkpt lat="31.8854360938" lon="118.8213123288" />
      <trkpt lat="31.8854360106" lon="118.8213102151" />
      <trkpt lat="31.8854359273" lon="118.8213081014" />
      <trkpt lat="31.8854358440" lon="118.8213059877" />
      <trkpt lat="31.8854357608" lon="118.8213038740" />
      <trkpt lat="31.8854356775" lon="118.8213017603" />
      <trkpt lat="31.8854355943" lon="118.8212996466" />
      <trkpt lat="31.8854355110" lon="118.8212975329" />
      <trkpt lat="31.8854354278" lon="118.8212954192" />
      <trkpt lat="31.8854353445" lon="118.8212933055" />
      <trkpt lat="31.8854352612" lon="118.8212911918" />
      <trkpt lat="31.8854351780" lon="118.8212890781" />
      <trkpt lat="31.8854350947" lon="118.8212869644" />
      <trkpt lat="31.8854350115" lon="118.8212848507" />
      <trkpt lat="31.8854349282" lon="118.8212827370" />
      <trkpt lat="31.8854348450" lon="118.8212806233" />
      <trkpt lat="31.8854347617" lon="118.8212785096" />
      <trkpt lat="31.8854346785" lon="118.8212763958" />
      <trkpt lat="31.8854345952" lon="118.8212742821" />
      <trkpt lat="31.8854345119" lon="118.8212721684" />
      <trkpt lat="31.8854344287" lon="118.8212700547" />
      <trkpt lat="31.8854343454" lon="118.8212679410" />
      <trkpt lat="31.8854342622" lon="118.8212658273" />
      <trkpt lat="31.8854341789" lon="118.8212637136" />
      <trkpt lat="31.8854340957" lon="118.8212615999" />
      <trkpt lat="31.8854340124" lon="118.8212594862" />
      <trkpt lat="31.8854339291" lon="118.8212573725" />
      <trkpt lat="31.8854338459" lon="118.8212552588" />
      <trkpt lat="31.8854337626" lon="118.8212531451" />
      <trkpt lat="31.8854336794" lon="118.8212510314" />
      <trkpt lat="31.8854335961" lon="118.8212489177" />
      <trkpt lat="31.8854335129" lon="118.8212468040" />
      <trkpt lat="31.8854334296" lon="118.8212446903" />
      <trkpt lat="31.8854333464" lon="118.8212425766" />
      <trkpt lat="31.8854332631" lon="118.8212404628" />
      <trkpt lat="31.8854331798" lon="118.8212383491" />
      <trkpt lat="31.8854330966" lon="118.8212362354" />
      <trkpt lat="31.8854330133" lon="118.8212341217" />
      <trkpt lat="31.8854329301" lon="118.8212320080" />
      <trkpt lat="31.8854328468" lon="118.8212298943" />
      <trkpt lat="31.8854327636" lon="118.8212277806" />
      <trkpt lat="31.8854326803" lon="118.8212256669" />
      <trkpt lat="31.8854325971" lon="118.8212235532" />
      <trkpt lat="31.8854325138" lon="118.8212214395" />
      <trkpt lat="31.8854324305" lon="118.8212193258" />
      <trkpt lat="31.8854323473" lon="118.8212172121" />
      <trkpt lat="31.8854322640" lon="118.8212150984" />
      <trkpt lat="31.8854321808" lon="118.8212129847" />
      <trkpt lat="31.8854320975" lon="118.8212108710" />
      <trkpt lat="31.8854320143" lon="118.8212087573" />
      <trkpt lat="31.8854319310" lon="118.8212066436" />
      <trkpt lat="31.8854318477" lon="118.8212045299" />
      <trkpt lat="31.8854317645" lon="118.8212024161" />
      <trkpt lat="31.8854316812" lon="118.8212003024" />
      <trkpt lat="31.8854315980" lon="118.8211981887" />
      <trkpt lat="31.8854315147" lon="118.8211960750" />
      <trkpt lat="31.8854314315" lon="118.8211939613" />
      <trkpt lat="31.8854313482" lon="118.8211918476" />
      <trkpt lat="31.8854312650" lon="118.8211897339" />
      <trkpt lat="31.8854311817" lon="118.8211876202" />
      <trkpt lat="31.8854310984" lon="118.8211855065" />
      <trkpt lat="31.8854310152" lon="118.8211833928" />
      <trkpt lat="31.8854309319" lon="118.8211812791" />
      <trkpt lat="31.8854308487" lon="118.8211791654" />
      <trkpt lat="31.8854307654" lon="118.8211770517" />
      <trkpt lat="31.8854306822" lon="118.8211749380" />
      <trkpt lat="31.8854305989" lon="118.8211728243" />
      <trkpt lat="31.8854305157" lon="118.8211707106" />
      <trkpt lat="31.8854304324" lon="118.8211685969" />
      <trkpt lat="31.8854303491" lon="118.8211664831" />
      <trkpt lat="31.8854302659" lon="118.8211643694" />
      <trkpt lat="31.8854301826" lon="118.8211622557" />
      <trkpt lat="31.8854300994" lon="118.8211601420" />
      <trkpt lat="31.8854300161" lon="118.8211580283" />
      <trkpt lat="31.8854299329" lon="118.8211559146" />
      <trkpt lat="31.8854298496" lon="118.8211538009" />
      <trkpt lat="31.8854297663" lon="118.8211516872" />
      <trkpt lat="31.8854296831" lon="118.8211495735" />
      <trkpt lat="31.8854295998" lon="118.8211474598" />
      <trkpt lat="31.8854295166" lon="118.8211453461" />
      <trkpt lat="31.8854294333" lon="118.8211432324" />
      <trkpt lat="31.8854293501" lon="118.8211411187" />
      <trkpt lat="31.8854292668" lon="118.8211390050" />
      <trkpt lat="31.8854291836" lon="118.8211368913" />
      <trkpt lat="31.8854291003" lon="118.8211347776" />
      <trkpt lat="31.8854290170" lon="118.8211326639" />
      <trkpt lat="31.8854289338" lon="118.8211305502" />
      <trkpt lat="31.8854288505" lon="118.8211284364" />
      <trkpt lat="31.8854287673" lon="118.8211263227" />
      <trkpt lat="31.8854286840" lon="118.8211242090" />
      <trkpt lat="31.8854286008" lon="118.8211220953" />
      <trkpt lat="31.8854285175" lon="118.8211199816" />
      <trkpt lat="31.8854284342" lon="118.8211178679" />
      <trkpt lat="31.8854283510" lon="118.8211157542" />
      <trkpt lat="31.8854282677" lon="118.8211136405" />
      <trkpt lat="31.8854281845" lon="118.8211115268" />
      <trkpt lat="31.8854281012" lon="118.8211094131" />
      <trkpt lat="31.8854280180" lon="118.8211072994" />
      <trkpt lat="31.8854279347" lon="118.8211051857" />
      <trkpt lat="31.8854278515" lon="118.8211030720" />
      <trkpt lat="31.8854277682" lon="118.8211009583" />
      <trkpt lat="31.8854276849" lon="118.8210988446" />
      <trkpt lat="31.8854276017" lon="118.8210967309" />
      <trkpt lat="31.8854275184" lon="118.8210946172" />
      <trkpt lat="31.8854274352" lon="118.8210925034" />
      <trkpt lat="31.8854273519" lon="118.8210903897" />
      <trkpt lat="31.8854272687" lon="118.8210882760" />
      <trkpt lat="31.8854271854" lon="118.8210861623" />
      <trkpt lat="31.8854271022" lon="118.8210840486" />
      <trkpt lat="31.8854270189" lon="118.8210819349" />
      <trkpt lat="31.8854269356" lon="118.8210798212" />
      <trkpt lat="31.8854268524" lon="118.8210777075" />
      <trkpt lat="31.8854267691" lon="118.8210755938" />
      <trkpt lat="31.8854266859" lon="118.8210734801" />
      <trkpt lat="31.8854266026" lon="118.8210713664" />
      <trkpt lat="31.8854265194" lon="118.8210692527" />
      <trkpt lat="31.8854264361" lon="118.8210671390" />
      <trkpt lat="31.8854263528" lon="118.8210650253" />
      <trkpt lat="31.8854262696" lon="118.8210629116" />
      <trkpt lat="31.8854261863" lon="118.8210607979" />
      <trkpt lat="31.8854261031" lon="118.8210586842" />
      <trkpt lat="31.8854260198" lon="118.8210565704" />
      <trkpt lat="31.8854259366" lon="118.8210544567" />
      <trkpt lat="31.8854258533" lon="118.8210523430" />
      <trkpt lat="31.8854257701" lon="118.8210502293" />
      <trkpt lat="31.8854256868" lon="118.8210481156" />
      <trkpt lat="31.8854256035" lon="118.8210460019" />
      <trkpt lat="31.8854255203" lon="118.8210438882" />
      <trkpt lat="31.8854254370" lon="118.8210417745" />
      <trkpt lat="31.8854253538" lon="118.8210396608" />
      <trkpt lat="31.8854252705" lon="118.8210375471" />
      <trkpt lat="31.8854251873" lon="118.8210354334" />
      <trkpt lat="31.8854251040" lon="118.8210333197" />
      <trkpt lat="31.8854250207" lon="118.8210312060" />
      <trkpt lat="31.8854249375" lon="118.8210290923" />
      <trkpt lat="31.8854248542" lon="118.8210269786" />
      <trkpt lat="31.8854247710" lon="118.8210248649" />
      <trkpt lat="31.8854246877" lon="118.8210227512" />
      <trkpt lat="31.8854246045" lon="118.8210206375" />
      <trkpt lat="31.8854245212" lon="118.8210185237" />
      <trkpt lat="31.8854244380" lon="118.8210164100" />
      <trkpt lat="31.8854243547" lon="118.8210142963" />
      <trkpt lat="31.8854242714" lon="118.8210121826" />
      <trkpt lat="31.8854241882" lon="118.8210100689" />
      <trkpt lat="31.8854241049" lon="118.8210079552" />
      <trkpt lat="31.8854240217" lon="118.8210058415" />
      <trkpt lat="31.8854239384" lon="118.8210037278" />
      <trkpt lat="31.8854238552" lon="118.8210016141" />
      <trkpt lat="31.8854237719" lon="118.8209995004" />
      <trkpt lat="31.8854236887" lon="118.8209973867" />
      <trkpt lat="31.8854236054" lon="118.8209952730" />
      <trkpt lat="31.8854235221" lon="118.8209931593" />
      <trkpt lat="31.8854234389" lon="118.8209910456" />
      <trkpt lat="31.8854233556" lon="118.8209889319" />
      <trkpt lat="31.8854232724" lon="118.8209868182" />
      <trkpt lat="31.8854231891" lon="118.8209847045" />
      <trkpt lat="31.8854231059" lon="118.8209825907" />
      <trkpt lat="31.8854230226" lon="118.8209804770" />
      <trkpt lat="31.8854229393" lon="118.8209783633" />
      <trkpt lat="31.8854228561" lon="118.8209762496" />
      <trkpt lat="31.8854227728" lon="118.8209741359" />
      <trkpt lat="31.8854226896" lon="118.8209720222" />
      <trkpt lat="31.8854226063" lon="118.8209699085" />
      <trkpt lat="31.8854225231" lon="118.8209677948" />
      <trkpt lat="31.8854224398" lon="118.8209656811" />
      <trkpt lat="31.8854223566" lon="118.8209635674" />
      <trkpt lat="31.8854222733" lon="118.8209614537" />
      <trkpt lat="31.8854221900" lon="118.8209593400" />
      <trkpt lat="31.8854221068" lon="118.8209572263" />
      <trkpt lat="31.8854220235" lon="118.8209551126" />
      <trkpt lat="31.8854219403" lon="118.8209529989" />
      <trkpt lat="31.8854218570" lon="118.8209508852" />
      <trkpt lat="31.8854217738" lon="118.8209487715" />
      <trkpt lat="31.8854216905" lon="118.8209466578" />
      <trkpt lat="31.8854216073" lon="118.8209445440" />
      <trkpt lat="31.8854215240" lon="118.8209424303" />
      <trkpt lat="31.8854214407" lon="118.8209403166" />
      <trkpt lat="31.8854213575" lon="118.8209382029" />
      <trkpt lat="31.8854212742" lon="118.8209360892" />
      <trkpt lat="31.8854211910" lon="118.8209339755" />
      <trkpt lat="31.8854211077" lon="118.8209318618" />
      <trkpt lat="31.8854210245" lon="118.8209297481" />
      <trkpt lat="31.8854209412" lon="118.8209276344" />
      <trkpt lat="31.8854208579" lon="118.8209255207" />
      <trkpt lat="31.8854207747" lon="118.8209234070" />
      <trkpt lat="31.8854206914" lon="118.8209212933" />
      <trkpt lat="31.8854206082" lon="118.8209191796" />
      <trkpt lat="31.8854205249" lon="118.8209170659" />
      <trkpt lat="31.8854204417" lon="118.8209149522" />
      <trkpt lat="31.8854203584" lon="118.8209128385" />
      <trkpt lat="31.8854202752" lon="118.8209107248" />
      <trkpt lat="31.8854201919" lon="118.8209086110" />
      <trkpt lat="31.8854201086" lon="118.8209064973" />
      <trkpt lat="31.8854200254" lon="118.8209043836" />
      <trkpt lat="31.8854199421" lon="118.8209022699" />
      <trkpt lat="31.8854198589" lon="118.8209001562" />
      <trkpt lat="31.8854197756" lon="118.8208980425" />
      <trkpt lat="31.8854196924" lon="118.8208959288" />
      <trkpt lat="31.8854196091" lon="118.8208938151" />
      <trkpt lat="31.8854195258" lon="118.8208917014" />
      <trkpt lat="31.8854194426" lon="118.8208895877" />
      <trkpt lat="31.8854193593" lon="118.8208874740" />
      <trkpt lat="31.8854192761" lon="118.8208853603" />
      <trkpt lat="31.8854191928" lon="118.8208832466" />
      <trkpt lat="31.8854191096" lon="118.8208811329" />
      <trkpt lat="31.8854190263" lon="118.8208790192" />
      <trkpt lat="31.8854189431" lon="118.8208769055" />
      <trkpt lat="31.8854188598" lon="118.8208747918" />
      <trkpt lat="31.8854187765" lon="118.8208726781" />
      <trkpt lat="31.8854186933" lon="118.8208705643" />
      <trkpt lat="31.8854186100" lon="118.8208684506" />
      <trkpt lat="31.8854185268" lon="118.8208663369" />
      <trkpt lat="31.8854184435" lon="118.8208642232" />
      <trkpt lat="31.8854183603" lon="118.8208621095" />
      <trkpt lat="31.8854182770" lon="118.8208599958" />
      <trkpt lat="31.8854181938" lon="118.8208578821" />
      <trkpt lat="31.8854181105" lon="118.8208557684" />
      <trkpt lat="31.8854180272" lon="118.8208536547" />
      <trkpt lat="31.8854179440" lon="118.8208515410" />
      <trkpt lat="31.8854178607" lon="118.8208494273" />
      <trkpt lat="31.8854177775" lon="118.8208473136" />
      <trkpt lat="31.8854176942" lon="118.8208451999" />
      <trkpt lat="31.8854176110" lon="118.8208430862" />
      <trkpt lat="31.8854175277" lon="118.8208409725" />
      <trkpt lat="31.8854174444" lon="118.8208388588" />
      <trkpt lat="31.8854173612" lon="118.8208367451" />
      <trkpt lat="31.8854172779" lon="118.8208346313" />
      <trkpt lat="31.8854171947" lon="118.8208325176" />
      <trkpt lat="31.8854171114" lon="118.8208304039" />
      <trkpt lat="31.8854170282" lon="118.8208282902" />
      <trkpt lat="31.8854169449" lon="118.8208261765" />
      <trkpt lat="31.8854168617" lon="118.8208240628" />
      <trkpt lat="31.8854167784" lon="118.8208219491" />
      <trkpt lat="31.8854166951" lon="118.8208198354" />
      <trkpt lat="31.8854166119" lon="118.8208177217" />
      <trkpt lat="31.8854165286" lon="118.8208156080" />
      <trkpt lat="31.8854164454" lon="118.8208134943" />
      <trkpt lat="31.8854163621" lon="118.8208113806" />
      <trkpt lat="31.8854162789" lon="118.8208092669" />
      <trkpt lat="31.8854161956" lon="118.8208071532" />
      <trkpt lat="31.8854161123" lon="118.8208050395" />
      <trkpt lat="31.8854160291" lon="118.8208029258" />
      <trkpt lat="31.8854159458" lon="118.8208008121" />
      <trkpt lat="31.8854158626" lon="118.8207986983" />
      <trkpt lat="31.8854157793" lon="118.8207965846" />
      <trkpt lat="31.8854156961" lon="118.8207944709" />
      <trkpt lat="31.8854156128" lon="118.8207923572" />
      <trkpt lat="31.8854155296" lon="118.8207902435" />
      <trkpt lat="31.8854154463" lon="118.8207881298" />
      <trkpt lat="31.8854153630" lon="118.8207860161" />
      <trkpt lat="31.8854152798" lon="118.8207839024" />
      <trkpt lat="31.8854151965" lon="118.8207817887" />
      <trkpt lat="31.8854151133" lon="118.8207796750" />
      <trkpt lat="31.8854150300" lon="118.8207775613" />
      <trkpt lat="31.8854149468" lon="118.8207754476" />
      <trkpt lat="31.8854148635" lon="118.8207733339" />
      <trkpt lat="31.8854147803" lon="118.8207712202" />
      <trkpt lat="31.8854146970" lon="118.8207691065" />
      <trkpt lat="31.8854146137" lon="118.8207669928" />
      <trkpt lat="31.8854145305" lon="118.8207648791" />
      <trkpt lat="31.8854144472" lon="118.8207627654" />
      <trkpt lat="31.8854143640" lon="118.8207606516" />
      <trkpt lat="31.8854142807" lon="118.8207585379" />
      <trkpt lat="31.8854141975" lon="118.8207564242" />
      <trkpt lat="31.8854141142" lon="118.8207543105" />
      <trkpt lat="31.8854140309" lon="118.8207521968" />
      <trkpt lat="31.8854139477" lon="118.8207500831" />
      <trkpt lat="31.8854138644" lon="118.8207479694" />
      <trkpt lat="31.8854137812" lon="118.8207458557" />
      <trkpt lat="31.8854136979" lon="118.8207437420" />
      <trkpt lat="31.8854136147" lon="118.8207416283" />
      <trkpt lat="31.8854135314" lon="118.8207395146" />
      <trkpt lat="31.8854134482" lon="118.8207374009" />
      <trkpt lat="31.8854133649" lon="118.8207352872" />
      <trkpt lat="31.8854132816" lon="118.8207331735" />
      <trkpt lat="31.8854131984" lon="118.8207310598" />
      <trkpt lat="31.8854131151" lon="118.8207289461" />
      <trkpt lat="31.8854130319" lon="118.8207268324" />
      <trkpt lat="31.8854129486" lon="118.8207247186" />
      <trkpt lat="31.8854128654" lon="118.8207226049" />
      <trkpt lat="31.8854127821" lon="118.8207204912" />
      <trkpt lat="31.8854126989" lon="118.8207183775" />
      <trkpt lat="31.8854126156" lon="118.8207162638" />
      <trkpt lat="31.8854125323" lon="118.8207141501" />
      <trkpt lat="31.8854124491" lon="118.8207120364" />
      <trkpt lat="31.8854123658" lon="118.8207099227" />
      <trkpt lat="31.8854122826" lon="118.8207078090" />
      <trkpt lat="31.8854121993" lon="118.8207056953" />
      <trkpt lat="31.8854121161" lon="118.8207035816" />
      <trkpt lat="31.8854120328" lon="118.8207014679" />
      <trkpt lat="31.8854119495" lon="118.8206993542" />
      <trkpt lat="31.8854118663" lon="118.8206972405" />
      <trkpt lat="31.8854117830" lon="118.8206951268" />
      <trkpt lat="31.8854116998" lon="118.8206930131" />
      <trkpt lat="31.8854116165" lon="118.8206908994" />
      <trkpt lat="31.8854115333" lon="118.8206887857" />
      <trkpt lat="31.8854114500" lon="118.8206866719" />
      <trkpt lat="31.8854113668" lon="118.8206845582" />
      <trkpt lat="31.8854112835" lon="118.8206824445" />
      <trkpt lat="31.8854112002" lon="118.8206803308" />
      <trkpt lat="31.8854111170" lon="118.8206782171" />
      <trkpt lat="31.8854110337" lon="118.8206761034" />
      <trkpt lat="31.8854109505" lon="118.8206739897" />
      <trkpt lat="31.8854108672" lon="118.8206718760" />
      <trkpt lat="31.8854107840" lon="118.8206697623" />
      <trkpt lat="31.8854107007" lon="118.8206676486" />
      <trkpt lat="31.8854106174" lon="118.8206655349" />
      <trkpt lat="31.8854105342" lon="118.8206634212" />
      <trkpt lat="31.8854104509" lon="118.8206613075" />
      <trkpt lat="31.8854103677" lon="118.8206591938" />
      <trkpt lat="31.8854102844" lon="118.8206570801" />
      <trkpt lat="31.8854102012" lon="118.8206549664" />
      <trkpt lat="31.8854101179" lon="118.8206528527" />
      <trkpt lat="31.8854100347" lon="118.8206507389" />
      <trkpt lat="31.8854099514" lon="118.8206486252" />
      <trkpt lat="31.8854098681" lon="118.8206465115" />
      <trkpt lat="31.8854097849" lon="118.8206443978" />
      <trkpt lat="31.8854097016" lon="118.8206422841" />
      <trkpt lat="31.8854096184" lon="118.8206401704" />
      <trkpt lat="31.8854095351" lon="118.8206380567" />
      <trkpt lat="31.8854094519" lon="118.8206359430" />
      <trkpt lat="31.8854093686" lon="118.8206338293" />
      <trkpt lat="31.8854092854" lon="118.8206317156" />
      <trkpt lat="31.8854092021" lon="118.8206296019" />
      <trkpt lat="31.8854091188" lon="118.8206274882" />
      <trkpt lat="31.8854090356" lon="118.8206253745" />
      <trkpt lat="31.8854089523" lon="118.8206232608" />
      <trkpt lat="31.8854088691" lon="118.8206211471" />
      <trkpt lat="31.8854087858" lon="118.8206190334" />
      <trkpt lat="31.8854087026" lon="118.8206169197" />
      <trkpt lat="31.8854086193" lon="118.8206148059" />
      <trkpt lat="31.8854085360" lon="118.8206126922" />
      <trkpt lat="31.8854084528" lon="118.8206105785" />
      <trkpt lat="31.8854083695" lon="118.8206084648" />
      <trkpt lat="31.8854082863" lon="118.8206063511" />
      <trkpt lat="31.8854082030" lon="118.8206042374" />
      <trkpt lat="31.8854081198" lon="118.8206021237" />
      <trkpt lat="31.8854080365" lon="118.8206000100" />
      <trkpt lat="31.8854079533" lon="118.8205978963" />
      <trkpt lat="31.8854078700" lon="118.8205957826" />
      <trkpt lat="31.8854077867" lon="118.8205936689" />
      <trkpt lat="31.8854077035" lon="118.8205915552" />
      <trkpt lat="31.8854076202" lon="118.8205894415" />
      <trkpt lat="31.8854075370" lon="118.8205873278" />
      <trkpt lat="31.8854074537" lon="118.8205852141" />
      <trkpt lat="31.8854073705" lon="118.8205831004" />
      <trkpt lat="31.8854072872" lon="118.8205809867" />
      <trkpt lat="31.8854072040" lon="118.8205788730" />
      <trkpt lat="31.8854071207" lon="118.8205767592" />
      <trkpt lat="31.8854070374" lon="118.8205746455" />
      <trkpt lat="31.8854069542" lon="118.8205725318" />
      <trkpt lat="31.8854068709" lon="118.8205704181" />
      <trkpt lat="31.8854067877" lon="118.8205683044" />
      <trkpt lat="31.8854067044" lon="118.8205661907" />
      <trkpt lat="31.8854066212" lon="118.8205640770" />
      <trkpt lat="31.8854065379" lon="118.8205619633" />
      <trkpt lat="31.8854064546" lon="118.8205598496" />
      <trkpt lat="31.8854063714" lon="118.8205577359" />
      <trkpt lat="31.8854062881" lon="118.8205556222" />
      <trkpt lat="31.8854062049" lon="118.8205535085" />
      <trkpt lat="31.8854061216" lon="118.8205513948" />
      <trkpt lat="31.8854060384" lon="118.8205492811" />
      <trkpt lat="31.8854059551" lon="118.8205471674" />
      <trkpt lat="31.8854058719" lon="118.8205450537" />
      <trkpt lat="31.8854057886" lon="118.8205429400" />
      <trkpt lat="31.8854057053" lon="118.8205408262" />
      <trkpt lat="31.8854056221" lon="118.8205387125" />
      <trkpt lat="31.8854055388" lon="118.8205365988" />
      <trkpt lat="31.8854054556" lon="118.8205344851" />
      <trkpt lat="31.8854053723" lon="118.8205323714" />
      <trkpt lat="31.8854052891" lon="118.8205302577" />
      <trkpt lat="31.8854052058" lon="118.8205281440" />
      <trkpt lat="31.8854051225" lon="118.8205260303" />
      <trkpt lat="31.8854050393" lon="118.8205239166" />
      <trkpt lat="31.8854049560" lon="118.8205218029" />
      <trkpt lat="31.8854048728" lon="118.8205196892" />
      <trkpt lat="31.8854047895" lon="118.8205175755" />
      <trkpt lat="31.8854047063" lon="118.8205154618" />
      <trkpt lat="31.8854046230" lon="118.8205133481" />
      <trkpt lat="31.8854045398" lon="118.8205112344" />
      <trkpt lat="31.8854044565" lon="118.8205091207" />
      <trkpt lat="31.8854043732" lon="118.8205070070" />
      <trkpt lat="31.8854042900" lon="118.8205048933" />
      <trkpt lat="31.8854042067" lon="118.8205027795" />
      <trkpt lat="31.8854041235" lon="118.8205006658" />
      <trkpt lat="31.8854040402" lon="118.8204985521" />
      <trkpt lat="31.8854039570" lon="118.8204964384" />
      <trkpt lat="31.8854038737" lon="118.8204943247" />
      <trkpt lat="31.8854037905" lon="118.8204922110" />
      <trkpt lat="31.8854037072" lon="118.8204900973" />
      <trkpt lat="31.8854036239" lon="118.8204879836" />
      <trkpt lat="31.8854035407" lon="118.8204858699" />
      <trkpt lat="31.8854034574" lon="118.8204837562" />
      <trkpt lat="31.8854033742" lon="118.8204816425" />
      <trkpt lat="31.8854032909" lon="118.8204795288" />
      <trkpt lat="31.8854032077" lon="118.8204774151" />
      <trkpt lat="31.8854031244" lon="118.8204753014" />
      <trkpt lat="31.8854030411" lon="118.8204731877" />
      <trkpt lat="31.8854029579" lon="118.8204710740" />
      <trkpt lat="31.8854028746" lon="118.8204689603" />
      <trkpt lat="31.8854027914" lon="118.8204668465" />
      <trkpt lat="31.8854027081" lon="118.8204647328" />
      <trkpt lat="31.8854026249" lon="118.8204626191" />
      <trkpt lat="31.8854025416" lon="118.8204605054" />
      <trkpt lat="31.8854024584" lon="118.8204583917" />
      <trkpt lat="31.8854023751" lon="118.8204562780" />
      <trkpt lat="31.8854022918" lon="118.8204541643" />
      <trkpt lat="31.8854022086" lon="118.8204520506" />
      <trkpt lat="31.8854021253" lon="118.8204499369" />
      <trkpt lat="31.8854020421" lon="118.8204478232" />
      <trkpt lat="31.8854019588" lon="118.8204457095" />
      <trkpt lat="31.8854018756" lon="118.8204435958" />
      <trkpt lat="31.8854017923" lon="118.8204414821" />
      <trkpt lat="31.8854017090" lon="118.8204393684" />
      <trkpt lat="31.8854016258" lon="118.8204372547" />
      <trkpt lat="31.8854015425" lon="118.8204351410" />
      <trkpt lat="31.8854014593" lon="118.8204330273" />
      <trkpt lat="31.8854013760" lon="118.8204309136" />
      <trkpt lat="31.8854012928" lon="118.8204287998" />
      <trkpt lat="31.8854012095" lon="118.8204266861" />
      <trkpt lat="31.8854011263" lon="118.8204245724" />
      <trkpt lat="31.8854010430" lon="118.8204224587" />
      <trkpt lat="31.8854009597" lon="118.8204203450" />
      <trkpt lat="31.8854008765" lon="118.8204182313" />
      <trkpt lat="31.8854007932" lon="118.8204161176" />
      <trkpt lat="31.8854007100" lon="118.8204140039" />
      <trkpt lat="31.8854006267" lon="118.8204118902" />
      <trkpt lat="31.8854005435" lon="118.8204097765" />
      <trkpt lat="31.8854004602" lon="118.8204076628" />
      <trkpt lat="31.8854003770" lon="118.8204055491" />
      <trkpt lat="31.8854002937" lon="118.8204034354" />
      <trkpt lat="31.8854002104" lon="118.8204013217" />
      <trkpt lat="31.8854001272" lon="118.8203992080" />
      <trkpt lat="31.8854000439" lon="118.8203970943" />
      <trkpt lat="31.8853999607" lon="118.8203949806" />
      <trkpt lat="31.8853998774" lon="118.8203928668" />
      <trkpt lat="31.8853997942" lon="118.8203907531" />
      <trkpt lat="31.8853997109" lon="118.8203886394" />
      <trkpt lat="31.8853996276" lon="118.8203865257" />
      <trkpt lat="31.8853995444" lon="118.8203844120" />
      <trkpt lat="31.8853994611" lon="118.8203822983" />
      <trkpt lat="31.8853993779" lon="118.8203801846" />
      <trkpt lat="31.8853992946" lon="118.8203780709" />
      <trkpt lat="31.8853992114" lon="118.8203759572" />
      <trkpt lat="31.8853991281" lon="118.8203738435" />
      <trkpt lat="31.8853990449" lon="118.8203717298" />
      <trkpt lat="31.8853989616" lon="118.8203696161" />
      <trkpt lat="31.8853988783" lon="118.8203675024" />
      <trkpt lat="31.8853987951" lon="118.8203653887" />
      <trkpt lat="31.8853987118" lon="118.8203632750" />
      <trkpt lat="31.8853986286" lon="118.8203611613" />
      <trkpt lat="31.8853985453" lon="118.8203590476" />
      <trkpt lat="31.8853984621" lon="118.8203569338" />
      <trkpt lat="31.8853983788" lon="118.8203548201" />
      <trkpt lat="31.8853982956" lon="118.8203527064" />
      <trkpt lat="31.8853982123" lon="118.8203505927" />
      <trkpt lat="31.8853981290" lon="118.8203484790" />
      <trkpt lat="31.8853980458" lon="118.8203463653" />
      <trkpt lat="31.8853979625" lon="118.8203442516" />
      <trkpt lat="31.8853978793" lon="118.8203421379" />
      <trkpt lat="31.8853977960" lon="118.8203400242" />
      <trkpt lat="31.8853977128" lon="118.8203379105" />
      <trkpt lat="31.8853976295" lon="118.8203357968" />
      <trkpt lat="31.8853975462" lon="118.8203336831" />
      <trkpt lat="31.8853974630" lon="118.8203315694" />
      <trkpt lat="31.8853973797" lon="118.8203294557" />
      <trkpt lat="31.8853972965" lon="118.8203273420" />
      <trkpt lat="31.8853972132" lon="118.8203252283" />
      <trkpt lat="31.8853971300" lon="118.8203231146" />
      <trkpt lat="31.8853970467" lon="118.8203210009" />
      <trkpt lat="31.8853969635" lon="118.8203188871" />
      <trkpt lat="31.8853968802" lon="118.8203167734" />
      <trkpt lat="31.8853967969" lon="118.8203146597" />
      <trkpt lat="31.8853967137" lon="118.8203125460" />
      <trkpt lat="31.8853966304" lon="118.8203104323" />
      <trkpt lat="31.8853965472" lon="118.8203083186" />
      <trkpt lat="31.8853964639" lon="118.8203062049" />
      <trkpt lat="31.8853963807" lon="118.8203040912" />
      <trkpt lat="31.8853962974" lon="118.8203019775" />
      <trkpt lat="31.8853962141" lon="118.8202998638" />
      <trkpt lat="31.8853961309" lon="118.8202977501" />
      <trkpt lat="31.8853960476" lon="118.8202956364" />
      <trkpt lat="31.8853959644" lon="118.8202935227" />
      <trkpt lat="31.8853958811" lon="118.8202914090" />
      <trkpt lat="31.8853957979" lon="118.8202892953" />
      <trkpt lat="31.8853957146" lon="118.8202871816" />
      <trkpt lat="31.8853956314" lon="118.8202850679" />
      <trkpt lat="31.8853955481" lon="118.8202829541" />
      <trkpt lat="31.8853954648" lon="118.8202808404" />
      <trkpt lat="31.8853953816" lon="118.8202787267" />
      <trkpt lat="31.8853952983" lon="118.8202766130" />
      <trkpt lat="31.8853952151" lon="118.8202744993" />
      <trkpt lat="31.8853951318" lon="118.8202723856" />
      <trkpt lat="31.8853950486" lon="118.8202702719" />
      <trkpt lat="31.8853949653" lon="118.8202681582" />
      <trkpt lat="31.8853948821" lon="118.8202660445" />
      <trkpt lat="31.8853947988" lon="118.8202639308" />
      <trkpt lat="31.8853947155" lon="118.8202618171" />
      <trkpt lat="31.8853946323" lon="118.8202597034" />
      <trkpt lat="31.8853945490" lon="118.8202575897" />
      <trkpt lat="31.8853944658" lon="118.8202554760" />
      <trkpt lat="31.8853943825" lon="118.8202533623" />
      <trkpt lat="31.8853942993" lon="118.8202512486" />
      <trkpt lat="31.8853942160" lon="118.8202491349" />
      <trkpt lat="31.8853941327" lon="118.8202470212" />
      <trkpt lat="31.8853940495" lon="118.8202449074" />
      <trkpt lat="31.8853939662" lon="118.8202427937" />
      <trkpt lat="31.8853938830" lon="118.8202406800" />
      <trkpt lat="31.8853937997" lon="118.8202385663" />
      <trkpt lat="31.8853937165" lon="118.8202364526" />
      <trkpt lat="31.8853936332" lon="118.8202343389" />
      <trkpt lat="31.8853935500" lon="118.8202322252" />
      <trkpt lat="31.8853934667" lon="118.8202301115" />
      <trkpt lat="31.8853933834" lon="118.8202279978" />
      <trkpt lat="31.8853933002" lon="118.8202258841" />
      <trkpt lat="31.8853932169" lon="118.8202237704" />
      <trkpt lat="31.8853931337" lon="118.8202216567" />
      <trkpt lat="31.8853930504" lon="118.8202195430" />
      <trkpt lat="31.8853929672" lon="118.8202174293" />
      <trkpt lat="31.8853928839" lon="118.8202153156" />
      <trkpt lat="31.8853928006" lon="118.8202132019" />
      <trkpt lat="31.8853927174" lon="118.8202110882" />
      <trkpt lat="31.8853926341" lon="118.8202089744" />
      <trkpt lat="31.8853925509" lon="118.8202068607" />
      <trkpt lat="31.8853924676" lon="118.8202047470" />
      <trkpt lat="31.8853923844" lon="118.8202026333" />
      <trkpt lat="31.8853923011" lon="118.8202005196" />
      <trkpt lat="31.8853922179" lon="118.8201984059" />
      <trkpt lat="31.8853921346" lon="118.8201962922" />
      <trkpt lat="31.8853920513" lon="118.8201941785" />
      <trkpt lat="31.8853919681" lon="118.8201920648" />
      <trkpt lat="31.8853918848" lon="118.8201899511" />
      <trkpt lat="31.8853918016" lon="118.8201878374" />
      <trkpt lat="31.8853917183" lon="118.8201857237" />
      <trkpt lat="31.8853916351" lon="118.8201836100" />
      <trkpt lat="31.8853915518" lon="118.8201814963" />
      <trkpt lat="31.8853914686" lon="118.8201793826" />
      <trkpt lat="31.8853913853" lon="118.8201772689" />
      <trkpt lat="31.8853913020" lon="118.8201751552" />
      <trkpt lat="31.8853912188" lon="118.8201730414" />
      <trkpt lat="31.8853911355" lon="118.8201709277" />
      <trkpt lat="31.8853910523" lon="118.8201688140" />
      <trkpt lat="31.8853909690" lon="118.8201667003" />
      <trkpt lat="31.8853908858" lon="118.8201645866" />
      <trkpt lat="31.8853908025" lon="118.8201624729" />
      <trkpt lat="31.8853907192" lon="118.8201603592" />
      <trkpt lat="31.8853906360" lon="118.8201582455" />
      <trkpt lat="31.8853905527" lon="118.8201561318" />
      <trkpt lat="31.8853904695" lon="118.8201540181" />
      <trkpt lat="31.8853903862" lon="118.8201519044" />
      <trkpt lat="31.8853903030" lon="118.8201497907" />
      <trkpt lat="31.8853902197" lon="118.8201476770" />
      <trkpt lat="31.8853901365" lon="118.8201455633" />
      <trkpt lat="31.8853900532" lon="118.8201434496" />
      <trkpt lat="31.8853899699" lon="118.8201413359" />
      <trkpt lat="31.8853898867" lon="118.8201392222" />
      <trkpt lat="31.8853898034" lon="118.8201371085" />
      <trkpt lat="31.8853897202" lon="118.8201349947" />
      <trkpt lat="31.8853896369" lon="118.8201328810" />
      <trkpt lat="31.8853895537" lon="118.8201307673" />
      <trkpt lat="31.8853894704" lon="118.8201286536" />
      <trkpt lat="31.8853893872" lon="118.8201265399" />
      <trkpt lat="31.8853893039" lon="118.8201244262" />
      <trkpt lat="31.8853892206" lon="118.8201223125" />
      <trkpt lat="31.8853891374" lon="118.8201201988" />
      <trkpt lat="31.8853890541" lon="118.8201180851" />
      <trkpt lat="31.8853889709" lon="118.8201159714" />
      <trkpt lat="31.8853888876" lon="118.8201138577" />
      <trkpt lat="31.8853888044" lon="118.8201117440" />
      <trkpt lat="31.8853887211" lon="118.8201096303" />
      <trkpt lat="31.8853886378" lon="118.8201075166" />
      <trkpt lat="31.8853885546" lon="118.8201054029" />
      <trkpt lat="31.8853884713" lon="118.8201032892" />
      <trkpt lat="31.8853883881" lon="118.8201011755" />
      <trkpt lat="31.8853883048" lon="118.8200990617" />
      <trkpt lat="31.8853882216" lon="118.8200969480" />
      <trkpt lat="31.8853881383" lon="118.8200948343" />
      <trkpt lat="31.8853880551" lon="118.8200927206" />
      <trkpt lat="31.8853879718" lon="118.8200906069" />
      <trkpt lat="31.8853878885" lon="118.8200884932" />
      <trkpt lat="31.8853878053" lon="118.8200863795" />
      <trkpt lat="31.8853877220" lon="118.8200842658" />
      <trkpt lat="31.8853876388" lon="118.8200821521" />
      <trkpt lat="31.8853875555" lon="118.8200800384" />
      <trkpt lat="31.8853874723" lon="118.8200779247" />
      <trkpt lat="31.8853873890" lon="118.8200758110" />
      <trkpt lat="31.8853873057" lon="118.8200736973" />
      <trkpt lat="31.8853872225" lon="118.8200715836" />
      <trkpt lat="31.8853871392" lon="118.8200694699" />
      <trkpt lat="31.8853870560" lon="118.8200673562" />
      <trkpt lat="31.8853869727" lon="118.8200652425" />
      <trkpt lat="31.8853868895" lon="118.8200631288" />
      <trkpt lat="31.8853868062" lon="118.8200610150" />
      <trkpt lat="31.8853867230" lon="118.8200589013" />
      <trkpt lat="31.8853866397" lon="118.8200567876" />
      <trkpt lat="31.8853865564" lon="118.8200546739" />
      <trkpt lat="31.8853864732" lon="118.8200525602" />
      <trkpt lat="31.8853863899" lon="118.8200504465" />
      <trkpt lat="31.8853863067" lon="118.8200483328" />
      <trkpt lat="31.8853862234" lon="118.8200462191" />
      <trkpt lat="31.8853861402" lon="118.8200441054" />
      <trkpt lat="31.8853860569" lon="118.8200419917" />
      <trkpt lat="31.8853859737" lon="118.8200398780" />
      <trkpt lat="31.8853858904" lon="118.8200377643" />
      <trkpt lat="31.8853858071" lon="118.8200356506" />
      <trkpt lat="31.8853857239" lon="118.8200335369" />
      <trkpt lat="31.8853856406" lon="118.8200314232" />
      <trkpt lat="31.8853855574" lon="118.8200293095" />
      <trkpt lat="31.8853854741" lon="118.8200271958" />
      <trkpt lat="31.8853853909" lon="118.8200250820" />
      <trkpt lat="31.8853853076" lon="118.8200229683" />
      <trkpt lat="31.8853852243" lon="118.8200208546" />
      <trkpt lat="31.8853851411" lon="118.8200187409" />
      <trkpt lat="31.8853850578" lon="118.8200166272" />
      <trkpt lat="31.8853849746" lon="118.8200145135" />
      <trkpt lat="31.8853848913" lon="118.8200123998" />
      <trkpt lat="31.8853848081" lon="118.8200102861" />
      <trkpt lat="31.8853847248" lon="118.8200081724" />
      <trkpt lat="31.8853846416" lon="118.8200060587" />
      <trkpt lat="31.8853845583" lon="118.8200039450" />
      <trkpt lat="31.8853844750" lon="118.8200018313" />
      <trkpt lat="31.8853843918" lon="118.8199997176" />
      <trkpt lat="31.8853843085" lon="118.8199976039" />
      <trkpt lat="31.8853842253" lon="118.8199954902" />
      <trkpt lat="31.8853841420" lon="118.8199933765" />
      <trkpt lat="31.8853840588" lon="118.8199912628" />
      <trkpt lat="31.8853839755" lon="118.8199891491" />
      <trkpt lat="31.8853838923" lon="118.8199870353" />
      <trkpt lat="31.8853838090" lon="118.8199849216" />
      <trkpt lat="31.8853837257" lon="118.8199828079" />
      <trkpt lat="31.8853836425" lon="118.8199806942" />
      <trkpt lat="31.8853835592" lon="118.8199785805" />
      <trkpt lat="31.8853834760" lon="118.8199764668" />
      <trkpt lat="31.8853833927" lon="118.8199743531" />
      <trkpt lat="31.8853833095" lon="118.8199722394" />
      <trkpt lat="31.8853832262" lon="118.8199701257" />
      <trkpt lat="31.8853831429" lon="118.8199680120" />
      <trkpt lat="31.8853830597" lon="118.8199658983" />
      <trkpt lat="31.8853829764" lon="118.8199637846" />
      <trkpt lat="31.8853828932" lon="118.8199616709" />
      <trkpt lat="31.8853828099" lon="118.8199595572" />
      <trkpt lat="31.8853827267" lon="118.8199574435" />
      <trkpt lat="31.8853826434" lon="118.8199553298" />
      <trkpt lat="31.8853825602" lon="118.8199532161" />
      <trkpt lat="31.8853824769" lon="118.8199511023" />
      <trkpt lat="31.8853823936" lon="118.8199489886" />
      <trkpt lat="31.8853823104" lon="118.8199468749" />
      <trkpt lat="31.8853822271" lon="118.8199447612" />
      <trkpt lat="31.8853821439" lon="118.8199426475" />
      <trkpt lat="31.8853820606" lon="118.8199405338" />
      <trkpt lat="31.8853819774" lon="118.8199384201" />
      <trkpt lat="31.8853818941" lon="118.8199363064" />
      <trkpt lat="31.8853818108" lon="118.8199341927" />
      <trkpt lat="31.8853817276" lon="118.8199320790" />
      <trkpt lat="31.8853816443" lon="118.8199299653" />
      <trkpt lat="31.8853815611" lon="118.8199278516" />
      <trkpt lat="31.8853814778" lon="118.8199257379" />
      <trkpt lat="31.8853813946" lon="118.8199236242" />
      <trkpt lat="31.8853813113" lon="118.8199215105" />
      <trkpt lat="31.8853812281" lon="118.8199193968" />
      <trkpt lat="31.8853811448" lon="118.8199172831" />
      <trkpt lat="31.8853810615" lon="118.8199151693" />
      <trkpt lat="31.8853809783" lon="118.8199130556" />
      <trkpt lat="31.8853808950" lon="118.8199109419" />
      <trkpt lat="31.8853808118" lon="118.8199088282" />
      <trkpt lat="31.8853807285" lon="118.8199067145" />
      <trkpt lat="31.8853806453" lon="118.8199046008" />
      <trkpt lat="31.8853805620" lon="118.8199024871" />
      <trkpt lat="31.8853804788" lon="118.8199003734" />
      <trkpt lat="31.8853803955" lon="118.8198982597" />
      <trkpt lat="31.8853803122" lon="118.8198961460" />
      <trkpt lat="31.8853802290" lon="118.8198940323" />
      <trkpt lat="31.8853801457" lon="118.8198919186" />
      <trkpt lat="31.8853800625" lon="118.8198898049" />
      <trkpt lat="31.8853799792" lon="118.8198876912" />
      <trkpt lat="31.8853798960" lon="118.8198855775" />
      <trkpt lat="31.8853798127" lon="118.8198834638" />
      <trkpt lat="31.8853797294" lon="118.8198813501" />
      <trkpt lat="31.8853796462" lon="118.8198792364" />
      <trkpt lat="31.8853795629" lon="118.8198771226" />
      <trkpt lat="31.8853794797" lon="118.8198750089" />
      <trkpt lat="31.8853793964" lon="118.8198728952" />
      <trkpt lat="31.8853793132" lon="118.8198707815" />
      <trkpt lat="31.8853792299" lon="118.8198686678" />
      <trkpt lat="31.8853791467" lon="118.8198665541" />
      <trkpt lat="31.8853790634" lon="118.8198644404" />
      <trkpt lat="31.8853789801" lon="118.8198623267" />
      <trkpt lat="31.8853788969" lon="118.8198602130" />
      <trkpt lat="31.8853788136" lon="118.8198580993" />
      <trkpt lat="31.8853787304" lon="118.8198559856" />
      <trkpt lat="31.8853786471" lon="118.8198538719" />
      <trkpt lat="31.8853785639" lon="118.8198517582" />
      <trkpt lat="31.8853784806" lon="118.8198496445" />
      <trkpt lat="31.8853783973" lon="118.8198475308" />
      <trkpt lat="31.8853783141" lon="118.8198454171" />
      <trkpt lat="31.8853782308" lon="118.8198433034" />
      <trkpt lat="31.8853781476" lon="118.8198411896" />
      <trkpt lat="31.8853780643" lon="118.8198390759" />
      <trkpt lat="31.8853779811" lon="118.8198369622" />
      <trkpt lat="31.8853778978" lon="118.8198348485" />
      <trkpt lat="31.8853778146" lon="118.8198327348" />
      <trkpt lat="31.8853777313" lon="118.8198306211" />
      <trkpt lat="31.8853776480" lon="118.8198285074" />
      <trkpt lat="31.8853775648" lon="118.8198263937" />
      <trkpt lat="31.8853774815" lon="118.8198242800" />
      <trkpt lat="31.8853773983" lon="118.8198221663" />
      <trkpt lat="31.8853773150" lon="118.8198200526" />
      <trkpt lat="31.8853772318" lon="118.8198179389" />
      <trkpt lat="31.8853771485" lon="118.8198158252" />
      <trkpt lat="31.8853770653" lon="118.8198137115" />
      <trkpt lat="31.8853769820" lon="118.8198115978" />
      <trkpt lat="31.8853768987" lon="118.8198094841" />
      <trkpt lat="31.8853768155" lon="118.8198073704" />
      <trkpt lat="31.8853767322" lon="118.8198052567" />
      <trkpt lat="31.8853766490" lon="118.8198031429" />
      <trkpt lat="31.8853765657" lon="118.8198010292" />
      <trkpt lat="31.8853764825" lon="118.8197989155" />
      <trkpt lat="31.8853763992" lon="118.8197968018" />
      <trkpt lat="31.8853763159" lon="118.8197946881" />
      <trkpt lat="31.8853762327" lon="118.8197925744" />
      <trkpt lat="31.8853761494" lon="118.8197904607" />
      <trkpt lat="31.8853760662" lon="118.8197883470" />
      <trkpt lat="31.8853759829" lon="118.8197862333" />
      <trkpt lat="31.8853758997" lon="118.8197841196" />
      <trkpt lat="31.8853758164" lon="118.8197820059" />
      <trkpt lat="31.8853757332" lon="118.8197798922" />
      <trkpt lat="31.8853756499" lon="118.8197777785" />
      <trkpt lat="31.8853755666" lon="118.8197756648" />
      <trkpt lat="31.8853754834" lon="118.8197735511" />
      <trkpt lat="31.8853754001" lon="118.8197714374" />
      <trkpt lat="31.8853753169" lon="118.8197693237" />
      <trkpt lat="31.8853752336" lon="118.8197672099" />
      <trkpt lat="31.8853751504" lon="118.8197650962" />
      <trkpt lat="31.8853750671" lon="118.8197629825" />
      <trkpt lat="31.8853749839" lon="118.8197608688" />
      <trkpt lat="31.8853749006" lon="118.8197587551" />
      <trkpt lat="31.8853748175" lon="118.8197566414" />
      <trkpt lat="31.8853747358" lon="118.8197545276" />
      <trkpt lat="31.8853746564" lon="118.8197524137" />
      <trkpt lat="31.8853745808" lon="118.8197502996" />
      <trkpt lat="31.8853745100" lon="118.8197481853" />
      <trkpt lat="31.8853744453" lon="118.8197460707" />
      <trkpt lat="31.8853743877" lon="118.8197439558" />
      <trkpt lat="31.8853743384" lon="118.8197418406" />
      <trkpt lat="31.8853742985" lon="118.8197397251" />
      <trkpt lat="31.8853742692" lon="118.8197376094" />
      <trkpt lat="31.8853742516" lon="118.8197354936" />
      <trkpt lat="31.8853742468" lon="118.8197333776" />
      <trkpt lat="31.8853742560" lon="118.8197312617" />
      <trkpt lat="31.8853742804" lon="118.8197291459" />
      <trkpt lat="31.8853743210" lon="118.8197270304" />
      <trkpt lat="31.8853743792" lon="118.8197249156" />
      <trkpt lat="31.8853744562" lon="118.8197228016" />
      <trkpt lat="31.8853745531" lon="118.8197206887" />
      <trkpt lat="31.8853746713" lon="118.8197185773" />
      <trkpt lat="31.8853748121" lon="118.8197164678" />
      <trkpt lat="31.8853749768" lon="118.8197143608" />
      <trkpt lat="31.8853751667" lon="118.8197122567" />
      <trkpt lat="31.8853753832" lon="118.8197101561" />
      <trkpt lat="31.8853756279" lon="118.8197080599" />
      <trkpt lat="31.8853759021" lon="118.8197059687" />
      <trkpt lat="31.8853762073" lon="118.8197038835" />
      <trkpt lat="31.8853765451" lon="118.8197018053" />
      <trkpt lat="31.8853769170" lon="118.8196997352" />
      <trkpt lat="31.8853773245" lon="118.8196976744" />
      <trkpt lat="31.8853777693" lon="118.8196956244" />
      <trkpt lat="31.8853782530" lon="118.8196935865" />
      <trkpt lat="31.8853787770" lon="118.8196915626" />
      <trkpt lat="31.8853793430" lon="118.8196895544" />
      <trkpt lat="31.8853799524" lon="118.8196875640" />
      <trkpt lat="31.8853806068" lon="118.8196855934" />
      <trkpt lat="31.8853813075" lon="118.8196836451" />
      <trkpt lat="31.8853820558" lon="118.8196817215" />
      <trkpt lat="31.8853828528" lon="118.8196798252" />
      <trkpt lat="31.8853836996" lon="118.8196779591" />
      <trkpt lat="31.8853845969" lon="118.8196761260" />
      <trkpt lat="31.8853855453" lon="118.8196743290" />
      <trkpt lat="31.8853865453" lon="118.8196725711" />
      <trkpt lat="31.8853875968" lon="118.8196708556" />
      <trkpt lat="31.8853886996" lon="118.8196691853" />
      <trkpt lat="31.8853898533" lon="118.8196675634" />
      <trkpt lat="31.8853910570" lon="118.8196659927" />
      <trkpt lat="31.8853923096" lon="118.8196644759" />
      <trkpt lat="31.8853936097" lon="118.8196630156" />
      <trkpt lat="31.8853949555" lon="118.8196616140" />
      <trkpt lat="31.8853963450" lon="118.8196602729" />
      <trkpt lat="31.8853977762" lon="118.8196589939" />
      <trkpt lat="31.8853992465" lon="118.8196577782" />
      <trkpt lat="31.8854007537" lon="118.8196566266" />
      <trkpt lat="31.8854022949" lon="118.8196555394" />
      <trkpt lat="31.8854038677" lon="118.8196545169" />
      <trkpt lat="31.8854054695" lon="118.8196535586" />
      <trkpt lat="31.8854070976" lon="118.8196526640" />
      <trkpt lat="31.8854087494" lon="118.8196518322" />
      <trkpt lat="31.8854104227" lon="118.8196510620" />
      <trkpt lat="31.8854121151" lon="118.8196503519" />
      <trkpt lat="31.8854138245" lon="118.8196497006" />
      <trkpt lat="31.8854155487" lon="118.8196491062" />
      <trkpt lat="31.8854172860" lon="118.8196485670" />
      <trkpt lat="31.8854190345" lon="118.8196480811" />
      <trkpt lat="31.8854207928" lon="118.8196476464" />
      <trkpt lat="31.8854225593" lon="118.8196472610" />
      <trkpt lat="31.8854243329" lon="118.8196469230" />
      <trkpt lat="31.8854261122" lon="118.8196466302" />
      <trkpt lat="31.8854278962" lon="118.8196463808" />
      <trkpt lat="31.8854296841" lon="118.8196461727" />
      <trkpt lat="31.8854314750" lon="118.8196460040" />
      <trkpt lat="31.8854332682" lon="118.8196458728" />
      <trkpt lat="31.8854350630" lon="118.8196457773" />
      <trkpt lat="31.8854368588" lon="118.8196457156" />
      <trkpt lat="31.8854386552" lon="118.8196456861" />
      <trkpt lat="31.8854404519" lon="118.8196456870" />
      <trkpt lat="31.8854422483" lon="118.8196457165" />
      <trkpt lat="31.8854440443" lon="118.8196457732" />
      <trkpt lat="31.8854458395" lon="118.8196458554" />
      <trkpt lat="31.8854476339" lon="118.8196459617" />
      <trkpt lat="31.8854494272" lon="118.8196460904" />
      <trkpt lat="31.8854512193" lon="118.8196462401" />
      <trkpt lat="31.8854530102" lon="118.8196464095" />
      <trkpt lat="31.8854547997" lon="118.8196465970" />
      <trkpt lat="31.8854565880" lon="118.8196468013" />
      <trkpt lat="31.8854583749" lon="118.8196470210" />
      <trkpt lat="31.8854601605" lon="118.8196472549" />
      <trkpt lat="31.8854619449" lon="118.8196475015" />
      <trkpt lat="31.8854637281" lon="118.8196477595" />
      <trkpt lat="31.8854655103" lon="118.8196480276" />
      <trkpt lat="31.8854672914" lon="118.8196483044" />
      <trkpt lat="31.8854690718" lon="118.8196485886" />
      <trkpt lat="31.8854708514" lon="118.8196488790" />
      <trkpt lat="31.8854726305" lon="118.8196491740" />
      <trkpt lat="31.8854744092" lon="118.8196494723" />
      <trkpt lat="31.8854761877" lon="118.8196497725" />
      <trkpt lat="31.8854779661" lon="118.8196500732" />
      <trkpt lat="31.8854797444" lon="118.8196503739" />
      <trkpt lat="31.8854815228" lon="118.8196506746" />
      <trkpt lat="31.8854833012" lon="118.8196509753" />
      <trkpt lat="31.8854850796" lon="118.8196512761" />
      <trkpt lat="31.8854868580" lon="118.8196515768" />
      <trkpt lat="31.8854886364" lon="118.8196518775" />
      <trkpt lat="31.8854904148" lon="118.8196521782" />
      <trkpt lat="31.8854921932" lon="118.8196524789" />
      <trkpt lat="31.8854939716" lon="118.8196527796" />
      <trkpt lat="31.8854957500" lon="118.8196530803" />
      <trkpt lat="31.8854975284" lon="118.8196533811" />
      <trkpt lat="31.8854993068" lon="118.8196536818" />
      <trkpt lat="31.8855010852" lon="118.8196539825" />
      <trkpt lat="31.8855028636" lon="118.8196542832" />
      <trkpt lat="31.8855046420" lon="118.8196545839" />
      <trkpt lat="31.8855064204" lon="118.8196548846" />
      <trkpt lat="31.8855081988" lon="118.8196551853" />
      <trkpt lat="31.8855099772" lon="118.8196554861" />
      <trkpt lat="31.8855117556" lon="118.8196557868" />
      <trkpt lat="31.8855135340" lon="118.8196560875" />
      <trkpt lat="31.8855153123" lon="118.8196563882" />
      <trkpt lat="31.8855170907" lon="118.8196566889" />
      <trkpt lat="31.8855188691" lon="118.8196569896" />
      <trkpt lat="31.8855206475" lon="118.8196572903" />
      <trkpt lat="31.8855224259" lon="118.8196575911" />
      <trkpt lat="31.8855242043" lon="118.8196578918" />
      <trkpt lat="31.8855259827" lon="118.8196581925" />
      <trkpt lat="31.8855277611" lon="118.8196584932" />
      <trkpt lat="31.8855295395" lon="118.8196587939" />
      <trkpt lat="31.8855313179" lon="118.8196590946" />
      <trkpt lat="31.8855330963" lon="118.8196593953" />
      <trkpt lat="31.8855348747" lon="118.8196596961" />
      <trkpt lat="31.8855366531" lon="118.8196599968" />
      <trkpt lat="31.8855384315" lon="118.8196602975" />
      <trkpt lat="31.8855402099" lon="118.8196605982" />
      <trkpt lat="31.8855419883" lon="118.8196608989" />
      <trkpt lat="31.8855437667" lon="118.8196611996" />
      <trkpt lat="31.8855455451" lon="118.8196615003" />
      <trkpt lat="31.8855473235" lon="118.8196618011" />
      <trkpt lat="31.8855491018" lon="118.8196621018" />
      <trkpt lat="31.8855508802" lon="118.8196624025" />
      <trkpt lat="31.8855526586" lon="118.8196627032" />
      <trkpt lat="31.8855544370" lon="118.8196630039" />
      <trkpt lat="31.8855562154" lon="118.8196633046" />
      <trkpt lat="31.8855579938" lon="118.8196636053" />
      <trkpt lat="31.8855597722" lon="118.8196639061" />
      <trkpt lat="31.8855615506" lon="118.8196642068" />
      <trkpt lat="31.8855633290" lon="118.8196645075" />
      <trkpt lat="31.8855651074" lon="118.8196648082" />
      <trkpt lat="31.8855668858" lon="118.8196651089" />
      <trkpt lat="31.8855686642" lon="118.8196654096" />
      <trkpt lat="31.8855704426" lon="118.8196657103" />
      <trkpt lat="31.8855722210" lon="118.8196660111" />
      <trkpt lat="31.8855739994" lon="118.8196663118" />
      <trkpt lat="31.8855757778" lon="118.8196666125" />
      <trkpt lat="31.8855775562" lon="118.8196669132" />
      <trkpt lat="31.8855793346" lon="118.8196672139" />
      <trkpt lat="31.8855811130" lon="118.8196675146" />
      <trkpt lat="31.8855828914" lon="118.8196678153" />
      <trkpt lat="31.8855846697" lon="118.8196681160" />
      <trkpt lat="31.8855864481" lon="118.8196684168" />
      <trkpt lat="31.8855882265" lon="118.8196687175" />
      <trkpt lat="31.8855900049" lon="118.8196690182" />
      <trkpt lat="31.8855917833" lon="118.8196693189" />
      <trkpt lat="31.8855935617" lon="118.8196696196" />
      <trkpt lat="31.8855953401" lon="118.8196699203" />
      <trkpt lat="31.8855971185" lon="118.8196702210" />
      <trkpt lat="31.8855988969" lon="118.8196705218" />
      <trkpt lat="31.8856006753" lon="118.8196708225" />
      <trkpt lat="31.8856024537" lon="118.8196711232" />
      <trkpt lat="31.8856042321" lon="118.8196714239" />
      <trkpt lat="31.8856060105" lon="118.8196717246" />
      <trkpt lat="31.8856077889" lon="118.8196720253" />
      <trkpt lat="31.8856095673" lon="118.8196723260" />
      <trkpt lat="31.8856113457" lon="118.8196726268" />
      <trkpt lat="31.8856131241" lon="118.8196729275" />
      <trkpt lat="31.8856149025" lon="118.8196732282" />
      <trkpt lat="31.8856166809" lon="118.8196735289" />
      <trkpt lat="31.8856184592" lon="118.8196738296" />
      <trkpt lat="31.8856202376" lon="118.8196741303" />
      <trkpt lat="31.8856220160" lon="118.8196744310" />
      <trkpt lat="31.8856237944" lon="118.8196747318" />
      <trkpt lat="31.8856255728" lon="118.8196750325" />
      <trkpt lat="31.8856273512" lon="118.8196753332" />
      <trkpt lat="31.8856291296" lon="118.8196756339" />
      <trkpt lat="31.8856309080" lon="118.8196759346" />
      <trkpt lat="31.8856326864" lon="118.8196762353" />
      <trkpt lat="31.8856344648" lon="118.8196765360" />
      <trkpt lat="31.8856362432" lon="118.8196768368" />
      <trkpt lat="31.8856380216" lon="118.8196771375" />
      <trkpt lat="31.8856398000" lon="118.8196774382" />
      <trkpt lat="31.8856415784" lon="118.8196777389" />
      <trkpt lat="31.8856433568" lon="118.8196780396" />
      <trkpt lat="31.8856451352" lon="118.8196783403" />
      <trkpt lat="31.8856469136" lon="118.8196786410" />
      <trkpt lat="31.8856486920" lon="118.8196789418" />
      <trkpt lat="31.8856504704" lon="118.8196792425" />
      <trkpt lat="31.8856522487" lon="118.8196795432" />
      <trkpt lat="31.8856540271" lon="118.8196798439" />
      <trkpt lat="31.8856558055" lon="118.8196801446" />
      <trkpt lat="31.8856575839" lon="118.8196804453" />
      <trkpt lat="31.8856593623" lon="118.8196807460" />
      <trkpt lat="31.8856611407" lon="118.8196810468" />
      <trkpt lat="31.8856629191" lon="118.8196813475" />
      <trkpt lat="31.8856646975" lon="118.8196816482" />
      <trkpt lat="31.8856664759" lon="118.8196819489" />
      <trkpt lat="31.8856682543" lon="118.8196822496" />
      <trkpt lat="31.8856700327" lon="118.8196825503" />
      <trkpt lat="31.8856718111" lon="118.8196828510" />
      <trkpt lat="31.8856735895" lon="118.8196831517" />
      <trkpt lat="31.8856753679" lon="118.8196834525" />
      <trkpt lat="31.8856771463" lon="118.8196837532" />
      <trkpt lat="31.8856789247" lon="118.8196840539" />
      <trkpt lat="31.8856807031" lon="118.8196843546" />
      <trkpt lat="31.8856824815" lon="118.8196846553" />
      <trkpt lat="31.8856842599" lon="118.8196849560" />
      <trkpt lat="31.8856860383" lon="118.8196852567" />
      <trkpt lat="31.8856878166" lon="118.8196855575" />
      <trkpt lat="31.8856895950" lon="118.8196858582" />
      <trkpt lat="31.8856913734" lon="118.8196861589" />
      <trkpt lat="31.8856931518" lon="118.8196864596" />
      <trkpt lat="31.8856949302" lon="118.8196867603" />
      <trkpt lat="31.8856967086" lon="118.8196870610" />
      <trkpt lat="31.8856984870" lon="118.8196873617" />
      <trkpt lat="31.8857002654" lon="118.8196876625" />
      <trkpt lat="31.8857020438" lon="118.8196879632" />
      <trkpt lat="31.8857038222" lon="118.8196882639" />
      <trkpt lat="31.8857056006" lon="118.8196885646" />
      <trkpt lat="31.8857073790" lon="118.8196888653" />
      <trkpt lat="31.8857091574" lon="118.8196891660" />
      <trkpt lat="31.8857109358" lon="118.8196894667" />
      <trkpt lat="31.8857127142" lon="118.8196897675" />
      <trkpt lat="31.8857144926" lon="118.8196900682" />
      <trkpt lat="31.8857162710" lon="118.8196903689" />
      <trkpt lat="31.8857180494" lon="118.8196906696" />
      <trkpt lat="31.8857198278" lon="118.8196909703" />
      <trkpt lat="31.8857216061" lon="118.8196912710" />
      <trkpt lat="31.8857233845" lon="118.8196915717" />
      <trkpt lat="31.8857251629" lon="118.8196918725" />
      <trkpt lat="31.8857269413" lon="118.8196921732" />
      <trkpt lat="31.8857287197" lon="118.8196924739" />
      <trkpt lat="31.8857304981" lon="118.8196927746" />
      <trkpt lat="31.8857322765" lon="118.8196930753" />
      <trkpt lat="31.8857340549" lon="118.8196933760" />
      <trkpt lat="31.8857358333" lon="118.8196936767" />
      <trkpt lat="31.8857376117" lon="118.8196939775" />
      <trkpt lat="31.8857393901" lon="118.8196942782" />
      <trkpt lat="31.8857411685" lon="118.8196945789" />
      <trkpt lat="31.8857429469" lon="118.8196948796" />
      <trkpt lat="31.8857447253" lon="118.8196951803" />
      <trkpt lat="31.8857465037" lon="118.8196954810" />
      <trkpt lat="31.8857482821" lon="118.8196957817" />
      <trkpt lat="31.8857500605" lon="118.8196960825" />
      <trkpt lat="31.8857518389" lon="118.8196963832" />
      <trkpt lat="31.8857536173" lon="118.8196966839" />
      <trkpt lat="31.8857553957" lon="118.8196969846" />
      <trkpt lat="31.8857571740" lon="118.8196972853" />
      <trkpt lat="31.8857589524" lon="118.8196975860" />
      <trkpt lat="31.8857607308" lon="118.8196978867" />
      <trkpt lat="31.8857625092" lon="118.8196981875" />
      <trkpt lat="31.8857642876" lon="118.8196984882" />
      <trkpt lat="31.8857660660" lon="118.8196987889" />
      <trkpt lat="31.8857678444" lon="118.8196990896" />
      <trkpt lat="31.8857696228" lon="118.8196993903" />
      <trkpt lat="31.8857714012" lon="118.8196996910" />
      <trkpt lat="31.8857731796" lon="118.8196999917" />
      <trkpt lat="31.8857749580" lon="118.8197002924" />
      <trkpt lat="31.8857767364" lon="118.8197005932" />
      <trkpt lat="31.8857785148" lon="118.8197008939" />
      <trkpt lat="31.8857802932" lon="118.8197011946" />
      <trkpt lat="31.8857820716" lon="118.8197014953" />
      <trkpt lat="31.8857838500" lon="118.8197017960" />
      <trkpt lat="31.8857856284" lon="118.8197020967" />
      <trkpt lat="31.8857874068" lon="118.8197023974" />
      <trkpt lat="31.8857891852" lon="118.8197026982" />
      <trkpt lat="31.8857909635" lon="118.8197029989" />
      <trkpt lat="31.8857927419" lon="118.8197032996" />
      <trkpt lat="31.8857945203" lon="118.8197036003" />
      <trkpt lat="31.8857962987" lon="118.8197039010" />
      <trkpt lat="31.8857980771" lon="118.8197042017" />
      <trkpt lat="31.8857998555" lon="118.8197045024" />
      <trkpt lat="31.8858016339" lon="118.8197048032" />
      <trkpt lat="31.8858034123" lon="118.8197051039" />
      <trkpt lat="31.8858051907" lon="118.8197054046" />
      <trkpt lat="31.8858069691" lon="118.8197057053" />
      <trkpt lat="31.8858087475" lon="118.8197060060" />
      <trkpt lat="31.8858105259" lon="118.8197063067" />
      <trkpt lat="31.8858123043" lon="118.8197066074" />
      <trkpt lat="31.8858140827" lon="118.8197069082" />
      <trkpt lat="31.8858158613" lon="118.8197072073" />
      <trkpt lat="31.8858176405" lon="118.8197075011" />
      <trkpt lat="31.8858194203" lon="118.8197077900" />
      <trkpt lat="31.8858212001" lon="118.8197080787" />
      <trkpt lat="31.8858229800" lon="118.8197083674" />
      <trkpt lat="31.8858247598" lon="118.8197086561" />
      <trkpt lat="31.8858265396" lon="118.8197089449" />
      <trkpt lat="31.8858283194" lon="118.8197092336" />
      <trkpt lat="31.8858300993" lon="118.8197095223" />
      <trkpt lat="31.8858318791" lon="118.8197098111" />
      <trkpt lat="31.8858336589" lon="118.8197100998" />
      <trkpt lat="31.8858354387" lon="118.8197103885" />
      <trkpt lat="31.8858372186" lon="118.8197106772" />
      <trkpt lat="31.8858389984" lon="118.8197109660" />
      <trkpt lat="31.8858407782" lon="118.8197112547" />
      <trkpt lat="31.8858425580" lon="118.8197115434" />
      <trkpt lat="31.8858443379" lon="118.8197118322" />
      <trkpt lat="31.8858461177" lon="118.8197121209" />
      <trkpt lat="31.8858478975" lon="118.8197124096" />
      <trkpt lat="31.8858496773" lon="118.8197126983" />
      <trkpt lat="31.8858514572" lon="118.8197129871" />
      <trkpt lat="31.8858532370" lon="118.8197132758" />
      <trkpt lat="31.8858550168" lon="118.8197135645" />
      <trkpt lat="31.8858567967" lon="118.8197138533" />
      <trkpt lat="31.8858585765" lon="118.8197141420" />
      <trkpt lat="31.8858603563" lon="118.8197144307" />
      <trkpt lat="31.8858621361" lon="118.8197147194" />
      <trkpt lat="31.8858639160" lon="118.8197150082" />
      <trkpt lat="31.8858656958" lon="118.8197152969" />
      <trkpt lat="31.8858674756" lon="118.8197155856" />
      <trkpt lat="31.8858692554" lon="118.8197158744" />
      <trkpt lat="31.8858710353" lon="118.8197161631" />
      <trkpt lat="31.8858728151" lon="118.8197164518" />
      <trkpt lat="31.8858745949" lon="118.8197167405" />
      <trkpt lat="31.8858763747" lon="118.8197170293" />
      <trkpt lat="31.8858781546" lon="118.8197173180" />
      <trkpt lat="31.8858799344" lon="118.8197176067" />
      <trkpt lat="31.8858817142" lon="118.8197178955" />
      <trkpt lat="31.8858834940" lon="118.8197181842" />
      <trkpt lat="31.8858852739" lon="118.8197184729" />
      <trkpt lat="31.8858870537" lon="118.8197187616" />
      <trkpt lat="31.8858888335" lon="118.8197190504" />
      <trkpt lat="31.8858906134" lon="118.8197193391" />
      <trkpt lat="31.8858923932" lon="118.8197196278" />
      <trkpt lat="31.8858941730" lon="118.8197199165" />
      <trkpt lat="31.8858959528" lon="118.8197202053" />
      <trkpt lat="31.8858977327" lon="118.8197204940" />
      <trkpt lat="31.8858995125" lon="118.8197207827" />
      <trkpt lat="31.8859012923" lon="118.8197210715" />
      <trkpt lat="31.8859030721" lon="118.8197213602" />
      <trkpt lat="31.8859048520" lon="118.8197216489" />
      <trkpt lat="31.8859066318" lon="118.8197219376" />
      <trkpt lat="31.8859084116" lon="118.8197222264" />
      <trkpt lat="31.8859101914" lon="118.8197225151" />
      <trkpt lat="31.8859119713" lon="118.8197228038" />
      <trkpt lat="31.8859137511" lon="118.8197230926" />
      <trkpt lat="31.8859155309" lon="118.8197233813" />
      <trkpt lat="31.8859173107" lon="118.8197236700" />
      <trkpt lat="31.8859190906" lon="118.8197239587" />
      <trkpt lat="31.8859208704" lon="118.8197242475" />
      <trkpt lat="31.8859226502" lon="118.8197245362" />
      <trkpt lat="31.8859244301" lon="118.8197248249" />
      <trkpt lat="31.8859262099" lon="118.8197251137" />
      <trkpt lat="31.8859279897" lon="118.8197254024" />
      <trkpt lat="31.8859297695" lon="118.8197256911" />
      <trkpt lat="31.8859315494" lon="118.8197259798" />
      <trkpt lat="31.8859333292" lon="118.8197262686" />
      <trkpt lat="31.8859351090" lon="118.8197265573" />
      <trkpt lat="31.8859368888" lon="118.8197268460" />
      <trkpt lat="31.8859386687" lon="118.8197271348" />
      <trkpt lat="31.8859404485" lon="118.8197274235" />
      <trkpt lat="31.8859422283" lon="118.8197277122" />
      <trkpt lat="31.8859440081" lon="118.8197280009" />
      <trkpt lat="31.8859457880" lon="118.8197282897" />
      <trkpt lat="31.8859475678" lon="118.8197285784" />
      <trkpt lat="31.8859493476" lon="118.8197288671" />
      <trkpt lat="31.8859511274" lon="118.8197291559" />
      <trkpt lat="31.8859529073" lon="118.8197294446" />
      <trkpt lat="31.8859546871" lon="118.8197297333" />
      <trkpt lat="31.8859564669" lon="118.8197300220" />
      <trkpt lat="31.8859582468" lon="118.8197303108" />
      <trkpt lat="31.8859600266" lon="118.8197305995" />
      <trkpt lat="31.8859618064" lon="118.8197308882" />
      <trkpt lat="31.8859635862" lon="118.8197311770" />
      <trkpt lat="31.8859653661" lon="118.8197314657" />
      <trkpt lat="31.8859671459" lon="118.8197317544" />
      <trkpt lat="31.8859689257" lon="118.8197320431" />
      <trkpt lat="31.8859707055" lon="118.8197323319" />
      <trkpt lat="31.8859724854" lon="118.8197326206" />
      <trkpt lat="31.8859742652" lon="118.8197329093" />
      <trkpt lat="31.8859760450" lon="118.8197331980" />
      <trkpt lat="31.8859778248" lon="118.8197334868" />
      <trkpt lat="31.8859796047" lon="118.8197337755" />
      <trkpt lat="31.8859813845" lon="118.8197340642" />
      <trkpt lat="31.8859831643" lon="118.8197343530" />
      <trkpt lat="31.8859849441" lon="118.8197346417" />
      <trkpt lat="31.8859867240" lon="118.8197349304" />
      <trkpt lat="31.8859885038" lon="118.8197352191" />
      <trkpt lat="31.8859902836" lon="118.8197355079" />
      <trkpt lat="31.8859920635" lon="118.8197357966" />
      <trkpt lat="31.8859938433" lon="118.8197360853" />
      <trkpt lat="31.8859956231" lon="118.8197363741" />
      <trkpt lat="31.8859974029" lon="118.8197366628" />
      <trkpt lat="31.8859991828" lon="118.8197369515" />
      <trkpt lat="31.8860009626" lon="118.8197372402" />
      <trkpt lat="31.8860027424" lon="118.8197375290" />
      <trkpt lat="31.8860045222" lon="118.8197378177" />
      <trkpt lat="31.8860063021" lon="118.8197381064" />
      <trkpt lat="31.8860080819" lon="118.8197383952" />
      <trkpt lat="31.8860098617" lon="118.8197386839" />
      <trkpt lat="31.8860116415" lon="118.8197389726" />
      <trkpt lat="31.8860134214" lon="118.8197392613" />
      <trkpt lat="31.8860152012" lon="118.8197395501" />
      <trkpt lat="31.8860169810" lon="118.8197398388" />
      <trkpt lat="31.8860187608" lon="118.8197401275" />
      <trkpt lat="31.8860205407" lon="118.8197404163" />
      <trkpt lat="31.8860223205" lon="118.8197407050" />
      <trkpt lat="31.8860241003" lon="118.8197409937" />
      <trkpt lat="31.8860258801" lon="118.8197412824" />
      <trkpt lat="31.8860276600" lon="118.8197415712" />
      <trkpt lat="31.8860294398" lon="118.8197418599" />
      <trkpt lat="31.8860312196" lon="118.8197421486" />
      <trkpt lat="31.8860329995" lon="118.8197424374" />
      <trkpt lat="31.8860347793" lon="118.8197427261" />
      <trkpt lat="31.8860365591" lon="118.8197430148" />
      <trkpt lat="31.8860383389" lon="118.8197433035" />
      <trkpt lat="31.8860401188" lon="118.8197435923" />
      <trkpt lat="31.8860418986" lon="118.8197438810" />
      <trkpt lat="31.8860436784" lon="118.8197441697" />
      <trkpt lat="31.8860454582" lon="118.8197444585" />
      <trkpt lat="31.8860472381" lon="118.8197447472" />
      <trkpt lat="31.8860490179" lon="118.8197450359" />
      <trkpt lat="31.8860507977" lon="118.8197453246" />
      <trkpt lat="31.8860525775" lon="118.8197456134" />
      <trkpt lat="31.8860543574" lon="118.8197459021" />
      <trkpt lat="31.8860561372" lon="118.8197461908" />
      <trkpt lat="31.8860579170" lon="118.8197464795" />
      <trkpt lat="31.8860596968" lon="118.8197467683" />
      <trkpt lat="31.8860614767" lon="118.8197470570" />
      <trkpt lat="31.8860632565" lon="118.8197473457" />
      <trkpt lat="31.8860650363" lon="118.8197476345" />
      <trkpt lat="31.8860668162" lon="118.8197479232" />
      <trkpt lat="31.8860685960" lon="118.8197482119" />
      <trkpt lat="31.8860703758" lon="118.8197485006" />
      <trkpt lat="31.8860721556" lon="118.8197487894" />
      <trkpt lat="31.8860739355" lon="118.8197490781" />
      <trkpt lat="31.8860757153" lon="118.8197493668" />
      <trkpt lat="31.8860774951" lon="118.8197496556" />
      <trkpt lat="31.8860792749" lon="118.8197499443" />
      <trkpt lat="31.8860810548" lon="118.8197502330" />
      <trkpt lat="31.8860828346" lon="118.8197505217" />
      <trkpt lat="31.8860846144" lon="118.8197508105" />
      <trkpt lat="31.8860863942" lon="118.8197510992" />
      <trkpt lat="31.8860881741" lon="118.8197513879" />
      <trkpt lat="31.8860899539" lon="118.8197516767" />
      <trkpt lat="31.8860917337" lon="118.8197519654" />
      <trkpt lat="31.8860935135" lon="118.8197522541" />
      <trkpt lat="31.8860952934" lon="118.8197525428" />
      <trkpt lat="31.8860970732" lon="118.8197528316" />
      <trkpt lat="31.8860988530" lon="118.8197531203" />
      <trkpt lat="31.8861006329" lon="118.8197534090" />
      <trkpt lat="31.8861024127" lon="118.8197536978" />
      <trkpt lat="31.8861041925" lon="118.8197539865" />
      <trkpt lat="31.8861059723" lon="118.8197542752" />
      <trkpt lat="31.8861077522" lon="118.8197545639" />
      <trkpt lat="31.8861095320" lon="118.8197548527" />
      <trkpt lat="31.8861113118" lon="118.8197551414" />
      <trkpt lat="31.8861130916" lon="118.8197554301" />
      <trkpt lat="31.8861148715" lon="118.8197557189" />
      <trkpt lat="31.8861166513" lon="118.8197560076" />
      <trkpt lat="31.8861184311" lon="118.8197562963" />
      <trkpt lat="31.8861202109" lon="118.8197565850" />
      <trkpt lat="31.8861219908" lon="118.8197568738" />
      <trkpt lat="31.8861237706" lon="118.8197571625" />
      <trkpt lat="31.8861255504" lon="118.8197574512" />
      <trkpt lat="31.8861273302" lon="118.8197577400" />
      <trkpt lat="31.8861291101" lon="118.8197580287" />
      <trkpt lat="31.8861308899" lon="118.8197583174" />
      <trkpt lat="31.8861326697" lon="118.8197586061" />
      <trkpt lat="31.8861344496" lon="118.8197588949" />
      <trkpt lat="31.8861362294" lon="118.8197591836" />
      <trkpt lat="31.8861380092" lon="118.8197594723" />
      <trkpt lat="31.8861397890" lon="118.8197597610" />
      <trkpt lat="31.8861415689" lon="118.8197600498" />
      <trkpt lat="31.8861433487" lon="118.8197603385" />
      <trkpt lat="31.8861451285" lon="118.8197606272" />
      <trkpt lat="31.8861469083" lon="118.8197609160" />
      <trkpt lat="31.8861486882" lon="118.8197612047" />
      <trkpt lat="31.8861504680" lon="118.8197614934" />
      <trkpt lat="31.8861522478" lon="118.8197617821" />
      <trkpt lat="31.8861540276" lon="118.8197620709" />
      <trkpt lat="31.8861558075" lon="118.8197623596" />
      <trkpt lat="31.8861575873" lon="118.8197626483" />
      <trkpt lat="31.8861593671" lon="118.8197629371" />
      <trkpt lat="31.8861611469" lon="118.8197632258" />
      <trkpt lat="31.8861629268" lon="118.8197635145" />
      <trkpt lat="31.8861647066" lon="118.8197638032" />
      <trkpt lat="31.8861664864" lon="118.8197640920" />
      <trkpt lat="31.8861682663" lon="118.8197643807" />
      <trkpt lat="31.8861700461" lon="118.8197646694" />
      <trkpt lat="31.8861718259" lon="118.8197649582" />
      <trkpt lat="31.8861736057" lon="118.8197652469" />
      <trkpt lat="31.8861753856" lon="118.8197655356" />
      <trkpt lat="31.8861771654" lon="118.8197658243" />
      <trkpt lat="31.8861789452" lon="118.8197661131" />
      <trkpt lat="31.8861807250" lon="118.8197664018" />
      <trkpt lat="31.8861825049" lon="118.8197666905" />
      <trkpt lat="31.8861842847" lon="118.8197669793" />
      <trkpt lat="31.8861860645" lon="118.8197672680" />
      <trkpt lat="31.8861878443" lon="118.8197675567" />
      <trkpt lat="31.8861896242" lon="118.8197678454" />
      <trkpt lat="31.8861914040" lon="118.8197681342" />
      <trkpt lat="31.8861931838" lon="118.8197684229" />
      <trkpt lat="31.8861949636" lon="118.8197687116" />
      <trkpt lat="31.8861967435" lon="118.8197690004" />
      <trkpt lat="31.8861985233" lon="118.8197692891" />
      <trkpt lat="31.8862003031" lon="118.8197695778" />
      <trkpt lat="31.8862020829" lon="118.8197698665" />
      <trkpt lat="31.8862038628" lon="118.8197701553" />
      <trkpt lat="31.8862056426" lon="118.8197704440" />
      <trkpt lat="31.8862074224" lon="118.8197707327" />
      <trkpt lat="31.8862092023" lon="118.8197710215" />
      <trkpt lat="31.8862109821" lon="118.8197713102" />
      <trkpt lat="31.8862127619" lon="118.8197715989" />
      <trkpt lat="31.8862145417" lon="118.8197718876" />
      <trkpt lat="31.8862163216" lon="118.8197721764" />
      <trkpt lat="31.8862181014" lon="118.8197724651" />
      <trkpt lat="31.8862198812" lon="118.8197727538" />
      <trkpt lat="31.8862216610" lon="118.8197730425" />
      <trkpt lat="31.8862234409" lon="118.8197733313" />
      <trkpt lat="31.8862252207" lon="118.8197736200" />
      <trkpt lat="31.8862270005" lon="118.8197739087" />
      <trkpt lat="31.8862287803" lon="118.8197741975" />
      <trkpt lat="31.8862305602" lon="118.8197744862" />
      <trkpt lat="31.8862323400" lon="118.8197747749" />
      <trkpt lat="31.8862341198" lon="118.8197750636" />
      <trkpt lat="31.8862358996" lon="118.8197753524" />
      <trkpt lat="31.8862376795" lon="118.8197756411" />
      <trkpt lat="31.8862394593" lon="118.8197759298" />
      <trkpt lat="31.8862412391" lon="118.8197762186" />
      <trkpt lat="31.8862430190" lon="118.8197765073" />
      <trkpt lat="31.8862447988" lon="118.8197767960" />
      <trkpt lat="31.8862465786" lon="118.8197770847" />
      <trkpt lat="31.8862483584" lon="118.8197773735" />
      <trkpt lat="31.8862501383" lon="118.8197776622" />
      <trkpt lat="31.8862519181" lon="118.8197779509" />
      <trkpt lat="31.8862536979" lon="118.8197782397" />
      <trkpt lat="31.8862554777" lon="118.8197785284" />
      <trkpt lat="31.8862572576" lon="118.8197788171" />
      <trkpt lat="31.8862590374" lon="118.8197791058" />
      <trkpt lat="31.8862608172" lon="118.8197793946" />
      <trkpt lat="31.8862625970" lon="118.8197796833" />
      <trkpt lat="31.8862643769" lon="118.8197799720" />
      <trkpt lat="31.8862661567" lon="118.8197802608" />
      <trkpt lat="31.8862679365" lon="118.8197805495" />
      <trkpt lat="31.8862697163" lon="118.8197808382" />
      <trkpt lat="31.8862714962" lon="118.8197811269" />
      <trkpt lat="31.8862732760" lon="118.8197814157" />
      <trkpt lat="31.8862750558" lon="118.8197817044" />
      <trkpt lat="31.8862768357" lon="118.8197819931" />
      <trkpt lat="31.8862786155" lon="118.8197822819" />
      <trkpt lat="31.8862803953" lon="118.8197825706" />
      <trkpt lat="31.8862821751" lon="118.8197828593" />
      <trkpt lat="31.8862839550" lon="118.8197831480" />
      <trkpt lat="31.8862857348" lon="118.8197834368" />
      <trkpt lat="31.8862875146" lon="118.8197837255" />
      <trkpt lat="31.8862892944" lon="118.8197840142" />
      <trkpt lat="31.8862910743" lon="118.8197843030" />
      <trkpt lat="31.8862928541" lon="118.8197845917" />
      <trkpt lat="31.8862946339" lon="118.8197848804" />
      <trkpt lat="31.8862964137" lon="118.8197851691" />
      <trkpt lat="31.8862981936" lon="118.8197854579" />
      <trkpt lat="31.8862999734" lon="118.8197857466" />
      <trkpt lat="31.8863017532" lon="118.8197860353" />
      <trkpt lat="31.8863035330" lon="118.8197863240" />
      <trkpt lat="31.8863053129" lon="118.8197866128" />
      <trkpt lat="31.8863070927" lon="118.8197869015" />
      <trkpt lat="31.8863088725" lon="118.8197871902" />
      <trkpt lat="31.8863106524" lon="118.8197874790" />
      <trkpt lat="31.8863124322" lon="118.8197877677" />
      <trkpt lat="31.8863142120" lon="118.8197880564" />
      <trkpt lat="31.8863159918" lon="118.8197883451" />
      <trkpt lat="31.8863177717" lon="118.8197886339" />
      <trkpt lat="31.8863195515" lon="118.8197889226" />
      <trkpt lat="31.8863213313" lon="118.8197892113" />
      <trkpt lat="31.8863231111" lon="118.8197895001" />
      <trkpt lat="31.8863248910" lon="118.8197897888" />
      <trkpt lat="31.8863266708" lon="118.8197900775" />
      <trkpt lat="31.8863284506" lon="118.8197903662" />
      <trkpt lat="31.8863302304" lon="118.8197906550" />
      <trkpt lat="31.8863320103" lon="118.8197909437" />
      <trkpt lat="31.8863337901" lon="118.8197912324" />
      <trkpt lat="31.8863355699" lon="118.8197915212" />
      <trkpt lat="31.8863373497" lon="118.8197918099" />
      <trkpt lat="31.8863391296" lon="118.8197920986" />
      <trkpt lat="31.8863409094" lon="118.8197923873" />
      <trkpt lat="31.8863426892" lon="118.8197926761" />
      <trkpt lat="31.8863444691" lon="118.8197929648" />
      <trkpt lat="31.8863462489" lon="118.8197932535" />
      <trkpt lat="31.8863480287" lon="118.8197935423" />
      <trkpt lat="31.8863498085" lon="118.8197938310" />
      <trkpt lat="31.8863515884" lon="118.8197941197" />
      <trkpt lat="31.8863533682" lon="118.8197944084" />
      <trkpt lat="31.8863551480" lon="118.8197946972" />
      <trkpt lat="31.8863569278" lon="118.8197949859" />
      <trkpt lat="31.8863587077" lon="118.8197952746" />
      <trkpt lat="31.8863604875" lon="118.8197955634" />
      <trkpt lat="31.8863622673" lon="118.8197958521" />
      <trkpt lat="31.8863640471" lon="118.8197961408" />
      <trkpt lat="31.8863658270" lon="118.8197964295" />
      <trkpt lat="31.8863676068" lon="118.8197967183" />
      <trkpt lat="31.8863693866" lon="118.8197970070" />
      <trkpt lat="31.8863711664" lon="118.8197972957" />
      <trkpt lat="31.8863729463" lon="118.8197975845" />
      <trkpt lat="31.8863747261" lon="118.8197978732" />
      <trkpt lat="31.8863765059" lon="118.8197981619" />
      <trkpt lat="31.8863782857" lon="118.8197984506" />
      <trkpt lat="31.8863800656" lon="118.8197987394" />
      <trkpt lat="31.8863818454" lon="118.8197990281" />
      <trkpt lat="31.8863836252" lon="118.8197993168" />
      <trkpt lat="31.8863854051" lon="118.8197996055" />
      <trkpt lat="31.8863871849" lon="118.8197998943" />
      <trkpt lat="31.8863889647" lon="118.8198001830" />
      <trkpt lat="31.8863907445" lon="118.8198004717" />
      <trkpt lat="31.8863925244" lon="118.8198007605" />
      <trkpt lat="31.8863943042" lon="118.8198010492" />
      <trkpt lat="31.8863960840" lon="118.8198013379" />
      <trkpt lat="31.8863978638" lon="118.8198016266" />
      <trkpt lat="31.8863996437" lon="118.8198019154" />
      <trkpt lat="31.8864014235" lon="118.8198022041" />
      <trkpt lat="31.8864032033" lon="118.8198024928" />
      <trkpt lat="31.8864049831" lon="118.8198027816" />
      <trkpt lat="31.8864067630" lon="118.8198030703" />
      <trkpt lat="31.8864085428" lon="118.8198033590" />
      <trkpt lat="31.8864103226" lon="118.8198036477" />
      <trkpt lat="31.8864121024" lon="118.8198039365" />
      <trkpt lat="31.8864138823" lon="118.8198042252" />
      <trkpt lat="31.8864156621" lon="118.8198045139" />
      <trkpt lat="31.8864174419" lon="118.8198048027" />
      <trkpt lat="31.8864192218" lon="118.8198050914" />
      <trkpt lat="31.8864210016" lon="118.8198053801" />
      <trkpt lat="31.8864227814" lon="118.8198056688" />
      <trkpt lat="31.8864245612" lon="118.8198059576" />
      <trkpt lat="31.8864263411" lon="118.8198062463" />
      <trkpt lat="31.8864281209" lon="118.8198065350" />
      <trkpt lat="31.8864299007" lon="118.8198068238" />
      <trkpt lat="31.8864316805" lon="118.8198071125" />
      <trkpt lat="31.8864334604" lon="118.8198074012" />
      <trkpt lat="31.8864352402" lon="118.8198076899" />
      <trkpt lat="31.8864370200" lon="118.8198079787" />
      <trkpt lat="31.8864387998" lon="118.8198082674" />
      <trkpt lat="31.8864405797" lon="118.8198085561" />
      <trkpt lat="31.8864423595" lon="118.8198088449" />
      <trkpt lat="31.8864441393" lon="118.8198091336" />
      <trkpt lat="31.8864459191" lon="118.8198094223" />
      <trkpt lat="31.8864476990" lon="118.8198097110" />
      <trkpt lat="31.8864494788" lon="118.8198099998" />
      <trkpt lat="31.8864512586" lon="118.8198102885" />
      <trkpt lat="31.8864530385" lon="118.8198105772" />
      <trkpt lat="31.8864548183" lon="118.8198108659" />
      <trkpt lat="31.8864565981" lon="118.8198111547" />
      <trkpt lat="31.8864583779" lon="118.8198114434" />
      <trkpt lat="31.8864601578" lon="118.8198117321" />
      <trkpt lat="31.8864619376" lon="118.8198120209" />
      <trkpt lat="31.8864637174" lon="118.8198123096" />
      <trkpt lat="31.8864654972" lon="118.8198125983" />
      <trkpt lat="31.8864672771" lon="118.8198128870" />
      <trkpt lat="31.8864690569" lon="118.8198131758" />
      <trkpt lat="31.8864708367" lon="118.8198134645" />
      <trkpt lat="31.8864726165" lon="118.8198137532" />
      <trkpt lat="31.8864743964" lon="118.8198140420" />
      <trkpt lat="31.8864761762" lon="118.8198143307" />
      <trkpt lat="31.8864779560" lon="118.8198146194" />
      <trkpt lat="31.8864797358" lon="118.8198149081" />
      <trkpt lat="31.8864815157" lon="118.8198151969" />
      <trkpt lat="31.8864832955" lon="118.8198154856" />
      <trkpt lat="31.8864850753" lon="118.8198157743" />
      <trkpt lat="31.8864868552" lon="118.8198160631" />
      <trkpt lat="31.8864886350" lon="118.8198163518" />
      <trkpt lat="31.8864904148" lon="118.8198166405" />
      <trkpt lat="31.8864921946" lon="118.8198169292" />
      <trkpt lat="31.8864939745" lon="118.8198172180" />
      <trkpt lat="31.8864957543" lon="118.8198175067" />
      <trkpt lat="31.8864975341" lon="118.8198177954" />
      <trkpt lat="31.8864993139" lon="118.8198180842" />
      <trkpt lat="31.8865010938" lon="118.8198183729" />
      <trkpt lat="31.8865028736" lon="118.8198186616" />
      <trkpt lat="31.8865046534" lon="118.8198189503" />
      <trkpt lat="31.8865064332" lon="118.8198192391" />
      <trkpt lat="31.8865082131" lon="118.8198195278" />
      <trkpt lat="31.8865099929" lon="118.8198198165" />
      <trkpt lat="31.8865117727" lon="118.8198201053" />
      <trkpt lat="31.8865135525" lon="118.8198203940" />
      <trkpt lat="31.8865153324" lon="118.8198206827" />
      <trkpt lat="31.8865171122" lon="118.8198209714" />
      <trkpt lat="31.8865188920" lon="118.8198212602" />
      <trkpt lat="31.8865206719" lon="118.8198215489" />
      <trkpt lat="31.8865224517" lon="118.8198218376" />
      <trkpt lat="31.8865242315" lon="118.8198221264" />
      <trkpt lat="31.8865260113" lon="118.8198224151" />
      <trkpt lat="31.8865277912" lon="118.8198227038" />
      <trkpt lat="31.8865295710" lon="118.8198229925" />
      <trkpt lat="31.8865313508" lon="118.8198232813" />
      <trkpt lat="31.8865331306" lon="118.8198235700" />
      <trkpt lat="31.8865349105" lon="118.8198238587" />
      <trkpt lat="31.8865366903" lon="118.8198241474" />
      <trkpt lat="31.8865384701" lon="118.8198244362" />
      <trkpt lat="31.8865402499" lon="118.8198247249" />
      <trkpt lat="31.8865420298" lon="118.8198250136" />
      <trkpt lat="31.8865438096" lon="118.8198253024" />
      <trkpt lat="31.8865455894" lon="118.8198255911" />
      <trkpt lat="31.8865473692" lon="118.8198258798" />
      <trkpt lat="31.8865491491" lon="118.8198261685" />
      <trkpt lat="31.8865509289" lon="118.8198264573" />
      <trkpt lat="31.8865527087" lon="118.8198267460" />
      <trkpt lat="31.8865544886" lon="118.8198270347" />
      <trkpt lat="31.8865562684" lon="118.8198273235" />
      <trkpt lat="31.8865580482" lon="118.8198276122" />
      <trkpt lat="31.8865598280" lon="118.8198279009" />
      <trkpt lat="31.8865616079" lon="118.8198281896" />
      <trkpt lat="31.8865633877" lon="118.8198284784" />
      <trkpt lat="31.8865651675" lon="118.8198287671" />
      <trkpt lat="31.8865669473" lon="118.8198290558" />
      <trkpt lat="31.8865687272" lon="118.8198293446" />
      <trkpt lat="31.8865705070" lon="118.8198296333" />
      <trkpt lat="31.8865722868" lon="118.8198299220" />
      <trkpt lat="31.8865740666" lon="118.8198302107" />
      <trkpt lat="31.8865758465" lon="118.8198304995" />
      <trkpt lat="31.8865776263" lon="118.8198307882" />
      <trkpt lat="31.8865794061" lon="118.8198310769" />
      <trkpt lat="31.8865811859" lon="118.8198313657" />
      <trkpt lat="31.8865829658" lon="118.8198316544" />
      <trkpt lat="31.8865847456" lon="118.8198319431" />
      <trkpt lat="31.8865865254" lon="118.8198322318" />
      <trkpt lat="31.8865883052" lon="118.8198325206" />
      <trkpt lat="31.8865900851" lon="118.8198328093" />
      <trkpt lat="31.8865918649" lon="118.8198330980" />
      <trkpt lat="31.8865936447" lon="118.8198333868" />
      <trkpt lat="31.8865954246" lon="118.8198336755" />
      <trkpt lat="31.8865972044" lon="118.8198339642" />
      <trkpt lat="31.8865989842" lon="118.8198342529" />
      <trkpt lat="31.8866007640" lon="118.8198345417" />
      <trkpt lat="31.8866025439" lon="118.8198348304" />
      <trkpt lat="31.8866043237" lon="118.8198351191" />
      <trkpt lat="31.8866061035" lon="118.8198354079" />
      <trkpt lat="31.8866078833" lon="118.8198356966" />
      <trkpt lat="31.8866096632" lon="118.8198359853" />
      <trkpt lat="31.8866114430" lon="118.8198362740" />
      <trkpt lat="31.8866132228" lon="118.8198365628" />
      <trkpt lat="31.8866150026" lon="118.8198368515" />
      <trkpt lat="31.8866167825" lon="118.8198371402" />
      <trkpt lat="31.8866185623" lon="118.8198374289" />
      <trkpt lat="31.8866203421" lon="118.8198377177" />
      <trkpt lat="31.8866221219" lon="118.8198380064" />
      <trkpt lat="31.8866239018" lon="118.8198382951" />
      <trkpt lat="31.8866256816" lon="118.8198385839" />
      <trkpt lat="31.8866274614" lon="118.8198388726" />
      <trkpt lat="31.8866292413" lon="118.8198391613" />
      <trkpt lat="31.8866310211" lon="118.8198394500" />
      <trkpt lat="31.8866328009" lon="118.8198397388" />
      <trkpt lat="31.8866345807" lon="118.8198400275" />
      <trkpt lat="31.8866363606" lon="118.8198403162" />
      <trkpt lat="31.8866381404" lon="118.8198406050" />
      <trkpt lat="31.8866399202" lon="118.8198408937" />
      <trkpt lat="31.8866417000" lon="118.8198411824" />
      <trkpt lat="31.8866434799" lon="118.8198414711" />
      <trkpt lat="31.8866452597" lon="118.8198417599" />
      <trkpt lat="31.8866470395" lon="118.8198420486" />
      <trkpt lat="31.8866488193" lon="118.8198423373" />
      <trkpt lat="31.8866505992" lon="118.8198426261" />
      <trkpt lat="31.8866523790" lon="118.8198429148" />
      <trkpt lat="31.8866541588" lon="118.8198432035" />
      <trkpt lat="31.8866559386" lon="118.8198434922" />
      <trkpt lat="31.8866577185" lon="118.8198437810" />
      <trkpt lat="31.8866594983" lon="118.8198440697" />
      <trkpt lat="31.8866612781" lon="118.8198443584" />
      <trkpt lat="31.8866630580" lon="118.8198446472" />
      <trkpt lat="31.8866648378" lon="118.8198449359" />
      <trkpt lat="31.8866666176" lon="118.8198452246" />
      <trkpt lat="31.8866683974" lon="118.8198455133" />
      <trkpt lat="31.8866701773" lon="118.8198458021" />
      <trkpt lat="31.8866719571" lon="118.8198460908" />
      <trkpt lat="31.8866737369" lon="118.8198463795" />
      <trkpt lat="31.8866755167" lon="118.8198466683" />
      <trkpt lat="31.8866772966" lon="118.8198469570" />
      <trkpt lat="31.8866790764" lon="118.8198472457" />
      <trkpt lat="31.8866808562" lon="118.8198475344" />
      <trkpt lat="31.8866826360" lon="118.8198478232" />
      <trkpt lat="31.8866844159" lon="118.8198481119" />
      <trkpt lat="31.8866861957" lon="118.8198484006" />
      <trkpt lat="31.8866879755" lon="118.8198486894" />
      <trkpt lat="31.8866897553" lon="118.8198489781" />
      <trkpt lat="31.8866915352" lon="118.8198492668" />
      <trkpt lat="31.8866933150" lon="118.8198495555" />
      <trkpt lat="31.8866950948" lon="118.8198498443" />
      <trkpt lat="31.8866968747" lon="118.8198501330" />
      <trkpt lat="31.8866986545" lon="118.8198504217" />
      <trkpt lat="31.8867004343" lon="118.8198507104" />
      <trkpt lat="31.8867022141" lon="118.8198509992" />
      <trkpt lat="31.8867039940" lon="118.8198512879" />
      <trkpt lat="31.8867057738" lon="118.8198515766" />
      <trkpt lat="31.8867075536" lon="118.8198518654" />
      <trkpt lat="31.8867093334" lon="118.8198521541" />
      <trkpt lat="31.8867111133" lon="118.8198524428" />
      <trkpt lat="31.8867128931" lon="118.8198527315" />
      <trkpt lat="31.8867146729" lon="118.8198530203" />
      <trkpt lat="31.8867164527" lon="118.8198533090" />
      <trkpt lat="31.8867182326" lon="118.8198535977" />
      <trkpt lat="31.8867200124" lon="118.8198538865" />
      <trkpt lat="31.8867217922" lon="118.8198541752" />
      <trkpt lat="31.8867235720" lon="118.8198544639" />
      <trkpt lat="31.8867253519" lon="118.8198547526" />
      <trkpt lat="31.8867271317" lon="118.8198550414" />
      <trkpt lat="31.8867289115" lon="118.8198553301" />
      <trkpt lat="31.8867306914" lon="118.8198556188" />
      <trkpt lat="31.8867324712" lon="118.8198559076" />
      <trkpt lat="31.8867342510" lon="118.8198561963" />
      <trkpt lat="31.8867360308" lon="118.8198564850" />
      <trkpt lat="31.8867378107" lon="118.8198567737" />
      <trkpt lat="31.8867395905" lon="118.8198570625" />
      <trkpt lat="31.8867413703" lon="118.8198573512" />
      <trkpt lat="31.8867431501" lon="118.8198576399" />
      <trkpt lat="31.8867449300" lon="118.8198579287" />
      <trkpt lat="31.8867467098" lon="118.8198582174" />
      <trkpt lat="31.8867484896" lon="118.8198585061" />
      <trkpt lat="31.8867502694" lon="118.8198587948" />
      <trkpt lat="31.8867520493" lon="118.8198590836" />
      <trkpt lat="31.8867538291" lon="118.8198593723" />
      <trkpt lat="31.8867556089" lon="118.8198596610" />
      <trkpt lat="31.8867573887" lon="118.8198599498" />
      <trkpt lat="31.8867591686" lon="118.8198602385" />
      <trkpt lat="31.8867609484" lon="118.8198605272" />
      <trkpt lat="31.8867627282" lon="118.8198608159" />
      <trkpt lat="31.8867645080" lon="118.8198611047" />
      <trkpt lat="31.8867662879" lon="118.8198613934" />
      <trkpt lat="31.8867680677" lon="118.8198616821" />
      <trkpt lat="31.8867698475" lon="118.8198619709" />
      <trkpt lat="31.8867716274" lon="118.8198622596" />
      <trkpt lat="31.8867734072" lon="118.8198625483" />
      <trkpt lat="31.8867751870" lon="118.8198628370" />
      <trkpt lat="31.8867769668" lon="118.8198631258" />
      <trkpt lat="31.8867787467" lon="118.8198634145" />
      <trkpt lat="31.8867805265" lon="118.8198637032" />
      <trkpt lat="31.8867823063" lon="118.8198639919" />
      <trkpt lat="31.8867840861" lon="118.8198642807" />
      <trkpt lat="31.8867858660" lon="118.8198645694" />
      <trkpt lat="31.8867876458" lon="118.8198648581" />
      <trkpt lat="31.8867894256" lon="118.8198651469" />
      <trkpt lat="31.8867912054" lon="118.8198654356" />
      <trkpt lat="31.8867929853" lon="118.8198657243" />
      <trkpt lat="31.8867947651" lon="118.8198660130" />
      <trkpt lat="31.8867965449" lon="118.8198663018" />
      <trkpt lat="31.8867983247" lon="118.8198665905" />
      <trkpt lat="31.8868001046" lon="118.8198668792" />
      <trkpt lat="31.8868018844" lon="118.8198671680" />
      <trkpt lat="31.8868036642" lon="118.8198674567" />
      <trkpt lat="31.8868054441" lon="118.8198677454" />
      <trkpt lat="31.8868072239" lon="118.8198680341" />
      <trkpt lat="31.8868090037" lon="118.8198683229" />
      <trkpt lat="31.8868107835" lon="118.8198686116" />
      <trkpt lat="31.8868125634" lon="118.8198689003" />
      <trkpt lat="31.8868143432" lon="118.8198691891" />
      <trkpt lat="31.8868161230" lon="118.8198694778" />
      <trkpt lat="31.8868179028" lon="118.8198697665" />
      <trkpt lat="31.8868196827" lon="118.8198700552" />
      <trkpt lat="31.8868214625" lon="118.8198703440" />
      <trkpt lat="31.8868232423" lon="118.8198706327" />
      <trkpt lat="31.8868250221" lon="118.8198709214" />
      <trkpt lat="31.8868268020" lon="118.8198712102" />
      <trkpt lat="31.8868285818" lon="118.8198714989" />
      <trkpt lat="31.8868303616" lon="118.8198717876" />
      <trkpt lat="31.8868321414" lon="118.8198720763" />
      <trkpt lat="31.8868339213" lon="118.8198723651" />
      <trkpt lat="31.8868357011" lon="118.8198726538" />
      <trkpt lat="31.8868374809" lon="118.8198729425" />
      <trkpt lat="31.8868392608" lon="118.8198732313" />
      <trkpt lat="31.8868410406" lon="118.8198735200" />
      <trkpt lat="31.8868428204" lon="118.8198738087" />
      <trkpt lat="31.8868446002" lon="118.8198740974" />
      <trkpt lat="31.8868463801" lon="118.8198743862" />
      <trkpt lat="31.8868481599" lon="118.8198746749" />
      <trkpt lat="31.8868499397" lon="118.8198749636" />
      <trkpt lat="31.8868517195" lon="118.8198752524" />
      <trkpt lat="31.8868534994" lon="118.8198755411" />
      <trkpt lat="31.8868552792" lon="118.8198758298" />
      <trkpt lat="31.8868570590" lon="118.8198761185" />
      <trkpt lat="31.8868588388" lon="118.8198764073" />
      <trkpt lat="31.8868606187" lon="118.8198766960" />
      <trkpt lat="31.8868623985" lon="118.8198769847" />
      <trkpt lat="31.8868641783" lon="118.8198772734" />
      <trkpt lat="31.8868659581" lon="118.8198775622" />
      <trkpt lat="31.8868677380" lon="118.8198778509" />
      <trkpt lat="31.8868695178" lon="118.8198781396" />
      <trkpt lat="31.8868712976" lon="118.8198784284" />
      <trkpt lat="31.8868730775" lon="118.8198787171" />
      <trkpt lat="31.8868748573" lon="118.8198790058" />
      <trkpt lat="31.8868766371" lon="118.8198792945" />
      <trkpt lat="31.8868784169" lon="118.8198795833" />
      <trkpt lat="31.8868801968" lon="118.8198798720" />
      <trkpt lat="31.8868819766" lon="118.8198801607" />
      <trkpt lat="31.8868837564" lon="118.8198804495" />
      <trkpt lat="31.8868855362" lon="118.8198807382" />
      <trkpt lat="31.8868873161" lon="118.8198810269" />
      <trkpt lat="31.8868890959" lon="118.8198813156" />
      <trkpt lat="31.8868908757" lon="118.8198816044" />
      <trkpt lat="31.8868926555" lon="118.8198818931" />
      <trkpt lat="31.8868944354" lon="118.8198821818" />
      <trkpt lat="31.8868962152" lon="118.8198824706" />
      <trkpt lat="31.8868979950" lon="118.8198827593" />
      <trkpt lat="31.8868997748" lon="118.8198830480" />
      <trkpt lat="31.8869015547" lon="118.8198833367" />
      <trkpt lat="31.8869033345" lon="118.8198836255" />
      <trkpt lat="31.8869051143" lon="118.8198839142" />
      <trkpt lat="31.8869068942" lon="118.8198842029" />
      <trkpt lat="31.8869086740" lon="118.8198844917" />
      <trkpt lat="31.8869104538" lon="118.8198847804" />
      <trkpt lat="31.8869122336" lon="118.8198850691" />
      <trkpt lat="31.8869140135" lon="118.8198853578" />
      <trkpt lat="31.8869157933" lon="118.8198856466" />
      <trkpt lat="31.8869175731" lon="118.8198859353" />
      <trkpt lat="31.8869193529" lon="118.8198862240" />
      <trkpt lat="31.8869211328" lon="118.8198865128" />
      <trkpt lat="31.8869229126" lon="118.8198868015" />
      <trkpt lat="31.8869246924" lon="118.8198870902" />
      <trkpt lat="31.8869264722" lon="118.8198873789" />
      <trkpt lat="31.8869282521" lon="118.8198876677" />
      <trkpt lat="31.8869300319" lon="118.8198879564" />
      <trkpt lat="31.8869318117" lon="118.8198882451" />
      <trkpt lat="31.8869335915" lon="118.8198885339" />
      <trkpt lat="31.8869353714" lon="118.8198888226" />
      <trkpt lat="31.8869371512" lon="118.8198891113" />
      <trkpt lat="31.8869389310" lon="118.8198894000" />
      <trkpt lat="31.8869407108" lon="118.8198896888" />
      <trkpt lat="31.8869424907" lon="118.8198899775" />
      <trkpt lat="31.8869442705" lon="118.8198902662" />
      <trkpt lat="31.8869460503" lon="118.8198905549" />
      <trkpt lat="31.8869478302" lon="118.8198908437" />
      <trkpt lat="31.8869496100" lon="118.8198911324" />
      <trkpt lat="31.8869513898" lon="118.8198914211" />
      <trkpt lat="31.8869531696" lon="118.8198917099" />
      <trkpt lat="31.8869549495" lon="118.8198919986" />
      <trkpt lat="31.8869567293" lon="118.8198922873" />
      <trkpt lat="31.8869585091" lon="118.8198925760" />
      <trkpt lat="31.8869602889" lon="118.8198928648" />
      <trkpt lat="31.8869620688" lon="118.8198931535" />
      <trkpt lat="31.8869638486" lon="118.8198934422" />
      <trkpt lat="31.8869656284" lon="118.8198937310" />
      <trkpt lat="31.8869674082" lon="118.8198940197" />
      <trkpt lat="31.8869691881" lon="118.8198943084" />
      <trkpt lat="31.8869709679" lon="118.8198945971" />
      <trkpt lat="31.8869727477" lon="118.8198948859" />
      <trkpt lat="31.8869745275" lon="118.8198951746" />
      <trkpt lat="31.8869763074" lon="118.8198954633" />
      <trkpt lat="31.8869780872" lon="118.8198957521" />
      <trkpt lat="31.8869798670" lon="118.8198960408" />
      <trkpt lat="31.8869816469" lon="118.8198963295" />
      <trkpt lat="31.8869834267" lon="118.8198966182" />
      <trkpt lat="31.8869852065" lon="118.8198969070" />
      <trkpt lat="31.8869869863" lon="118.8198971957" />
      <trkpt lat="31.8869887662" lon="118.8198974844" />
      <trkpt lat="31.8869905460" lon="118.8198977732" />
      <trkpt lat="31.8869923258" lon="118.8198980619" />
      <trkpt lat="31.8869941056" lon="118.8198983506" />
      <trkpt lat="31.8869958855" lon="118.8198986393" />
      <trkpt lat="31.8869976653" lon="118.8198989281" />
      <trkpt lat="31.8869994451" lon="118.8198992168" />
      <trkpt lat="31.8870012249" lon="118.8198995055" />
      <trkpt lat="31.8870030048" lon="118.8198997943" />
      <trkpt lat="31.8870047846" lon="118.8199000830" />
      <trkpt lat="31.8870065644" lon="118.8199003717" />
      <trkpt lat="31.8870083442" lon="118.8199006604" />
      <trkpt lat="31.8870101241" lon="118.8199009492" />
      <trkpt lat="31.8870119039" lon="118.8199012379" />
      <trkpt lat="31.8870136837" lon="118.8199015266" />
      <trkpt lat="31.8870154636" lon="118.8199018154" />
      <trkpt lat="31.8870172434" lon="118.8199021041" />
      <trkpt lat="31.8870190232" lon="118.8199023928" />
      <trkpt lat="31.8870208030" lon="118.8199026815" />
      <trkpt lat="31.8870225829" lon="118.8199029703" />
      <trkpt lat="31.8870243627" lon="118.8199032590" />
      <trkpt lat="31.8870261425" lon="118.8199035477" />
      <trkpt lat="31.8870279223" lon="118.8199038364" />
      <trkpt lat="31.8870297022" lon="118.8199041252" />
      <trkpt lat="31.8870314820" lon="118.8199044139" />
      <trkpt lat="31.8870332618" lon="118.8199047026" />
      <trkpt lat="31.8870350416" lon="118.8199049914" />
      <trkpt lat="31.8870368215" lon="118.8199052801" />
      <trkpt lat="31.8870386013" lon="118.8199055688" />
      <trkpt lat="31.8870403811" lon="118.8199058575" />
      <trkpt lat="31.8870421609" lon="118.8199061463" />
      <trkpt lat="31.8870439408" lon="118.8199064350" />
      <trkpt lat="31.8870457206" lon="118.8199067237" />
      <trkpt lat="31.8870475004" lon="118.8199070125" />
      <trkpt lat="31.8870492803" lon="118.8199073012" />
      <trkpt lat="31.8870510601" lon="118.8199075899" />
      <trkpt lat="31.8870528399" lon="118.8199078786" />
      <trkpt lat="31.8870546197" lon="118.8199081674" />
      <trkpt lat="31.8870563996" lon="118.8199084561" />
      <trkpt lat="31.8870581794" lon="118.8199087448" />
      <trkpt lat="31.8870599592" lon="118.8199090336" />
      <trkpt lat="31.8870617390" lon="118.8199093223" />
      <trkpt lat="31.8870635189" lon="118.8199096110" />
      <trkpt lat="31.8870652987" lon="118.8199098997" />
      <trkpt lat="31.8870670785" lon="118.8199101885" />
      <trkpt lat="31.8870688583" lon="118.8199104772" />
      <trkpt lat="31.8870706382" lon="118.8199107659" />
      <trkpt lat="31.8870724180" lon="118.8199110547" />
      <trkpt lat="31.8870741978" lon="118.8199113434" />
      <trkpt lat="31.8870759776" lon="118.8199116321" />
      <trkpt lat="31.8870777575" lon="118.8199119208" />
      <trkpt lat="31.8870795373" lon="118.8199122096" />
      <trkpt lat="31.8870813171" lon="118.8199124983" />
      <trkpt lat="31.8870830970" lon="118.8199127870" />
      <trkpt lat="31.8870848768" lon="118.8199130758" />
      <trkpt lat="31.8870866566" lon="118.8199133645" />
      <trkpt lat="31.8870884364" lon="118.8199136532" />
      <trkpt lat="31.8870902163" lon="118.8199139419" />
      <trkpt lat="31.8870919961" lon="118.8199142307" />
      <trkpt lat="31.8870937759" lon="118.8199145194" />
      <trkpt lat="31.8870955557" lon="118.8199148081" />
      <trkpt lat="31.8870973356" lon="118.8199150969" />
      <trkpt lat="31.8870991154" lon="118.8199153856" />
      <trkpt lat="31.8871008952" lon="118.8199156743" />
      <trkpt lat="31.8871026750" lon="118.8199159630" />
      <trkpt lat="31.8871044549" lon="118.8199162518" />
      <trkpt lat="31.8871062347" lon="118.8199165405" />
      <trkpt lat="31.8871080145" lon="118.8199168292" />
      <trkpt lat="31.8871097943" lon="118.8199171179" />
      <trkpt lat="31.8871115742" lon="118.8199174067" />
      <trkpt lat="31.8871133540" lon="118.8199176954" />
      <trkpt lat="31.8871151338" lon="118.8199179841" />
      <trkpt lat="31.8871169137" lon="118.8199182729" />
      <trkpt lat="31.8871186935" lon="118.8199185616" />
      <trkpt lat="31.8871204733" lon="118.8199188503" />
      <trkpt lat="31.8871222531" lon="118.8199191390" />
      <trkpt lat="31.8871240330" lon="118.8199194278" />
      <trkpt lat="31.8871258128" lon="118.8199197165" />
      <trkpt lat="31.8871275926" lon="118.8199200052" />
      <trkpt lat="31.8871293724" lon="118.8199202940" />
      <trkpt lat="31.8871311523" lon="118.8199205827" />
      <trkpt lat="31.8871329321" lon="118.8199208714" />
      <trkpt lat="31.8871347119" lon="118.8199211601" />
      <trkpt lat="31.8871364917" lon="118.8199214489" />
      <trkpt lat="31.8871382716" lon="118.8199217376" />
      <trkpt lat="31.8871400514" lon="118.8199220263" />
      <trkpt lat="31.8871418312" lon="118.8199223151" />
      <trkpt lat="31.8871436110" lon="118.8199226038" />
      <trkpt lat="31.8871453909" lon="118.8199228925" />
      <trkpt lat="31.8871471707" lon="118.8199231812" />
      <trkpt lat="31.8871489505" lon="118.8199234700" />
      <trkpt lat="31.8871507303" lon="118.8199237587" />
      <trkpt lat="31.8871525102" lon="118.8199240474" />
      <trkpt lat="31.8871542900" lon="118.8199243362" />
      <trkpt lat="31.8871560698" lon="118.8199246249" />
      <trkpt lat="31.8871578497" lon="118.8199249136" />
      <trkpt lat="31.8871596295" lon="118.8199252023" />
      <trkpt lat="31.8871614093" lon="118.8199254911" />
      <trkpt lat="31.8871631891" lon="118.8199257798" />
      <trkpt lat="31.8871649690" lon="118.8199260685" />
      <trkpt lat="31.8871667488" lon="118.8199263573" />
      <trkpt lat="31.8871685286" lon="118.8199266460" />
      <trkpt lat="31.8871703084" lon="118.8199269347" />
      <trkpt lat="31.8871720883" lon="118.8199272234" />
      <trkpt lat="31.8871738681" lon="118.8199275122" />
      <trkpt lat="31.8871756479" lon="118.8199278009" />
      <trkpt lat="31.8871774277" lon="118.8199280896" />
      <trkpt lat="31.8871792076" lon="118.8199283784" />
      <trkpt lat="31.8871809874" lon="118.8199286671" />
      <trkpt lat="31.8871827672" lon="118.8199289558" />
      <trkpt lat="31.8871845470" lon="118.8199292445" />
      <trkpt lat="31.8871863269" lon="118.8199295333" />
      <trkpt lat="31.8871881067" lon="118.8199298220" />
      <trkpt lat="31.8871898865" lon="118.8199301107" />
      <trkpt lat="31.8871916664" lon="118.8199303994" />
      <trkpt lat="31.8871934462" lon="118.8199306882" />
      <trkpt lat="31.8871952260" lon="118.8199309769" />
      <trkpt lat="31.8871970058" lon="118.8199312656" />
      <trkpt lat="31.8871987857" lon="118.8199315544" />
      <trkpt lat="31.8872005655" lon="118.8199318431" />
      <trkpt lat="31.8872023453" lon="118.8199321318" />
      <trkpt lat="31.8872041251" lon="118.8199324205" />
      <trkpt lat="31.8872059050" lon="118.8199327093" />
      <trkpt lat="31.8872076848" lon="118.8199329980" />
      <trkpt lat="31.8872094646" lon="118.8199332867" />
      <trkpt lat="31.8872112444" lon="118.8199335755" />
      <trkpt lat="31.8872130243" lon="118.8199338642" />
      <trkpt lat="31.8872148041" lon="118.8199341529" />
      <trkpt lat="31.8872165839" lon="118.8199344416" />
      <trkpt lat="31.8872183637" lon="118.8199347304" />
      <trkpt lat="31.8872201436" lon="118.8199350191" />
      <trkpt lat="31.8872219234" lon="118.8199353078" />
      <trkpt lat="31.8872237032" lon="118.8199355966" />
      <trkpt lat="31.8872254831" lon="118.8199358853" />
      <trkpt lat="31.8872272629" lon="118.8199361740" />
      <trkpt lat="31.8872290427" lon="118.8199364627" />
      <trkpt lat="31.8872308225" lon="118.8199367515" />
      <trkpt lat="31.8872326024" lon="118.8199370402" />
      <trkpt lat="31.8872343822" lon="118.8199373289" />
      <trkpt lat="31.8872361620" lon="118.8199376177" />
      <trkpt lat="31.8872379418" lon="118.8199379064" />
      <trkpt lat="31.8872397217" lon="118.8199381951" />
      <trkpt lat="31.8872415015" lon="118.8199384838" />
      <trkpt lat="31.8872432813" lon="118.8199387726" />
      <trkpt lat="31.8872450611" lon="118.8199390613" />
      <trkpt lat="31.8872468410" lon="118.8199393500" />
      <trkpt lat="31.8872486208" lon="118.8199396388" />
      <trkpt lat="31.8872504006" lon="118.8199399275" />
      <trkpt lat="31.8872521804" lon="118.8199402162" />
      <trkpt lat="31.8872539603" lon="118.8199405049" />
      <trkpt lat="31.8872557401" lon="118.8199407937" />
      <trkpt lat="31.8872575199" lon="118.8199410824" />
      <trkpt lat="31.8872592998" lon="118.8199413711" />
      <trkpt lat="31.8872610796" lon="118.8199416599" />
      <trkpt lat="31.8872628594" lon="118.8199419486" />
      <trkpt lat="31.8872646392" lon="118.8199422373" />
      <trkpt lat="31.8872664191" lon="118.8199425260" />
      <trkpt lat="31.8872681989" lon="118.8199428148" />
      <trkpt lat="31.8872699787" lon="118.8199431035" />
      <trkpt lat="31.8872717585" lon="118.8199433922" />
      <trkpt lat="31.8872735384" lon="118.8199436809" />
      <trkpt lat="31.8872753182" lon="118.8199439697" />
      <trkpt lat="31.8872770980" lon="118.8199442584" />
      <trkpt lat="31.8872788778" lon="118.8199445471" />
      <trkpt lat="31.8872806577" lon="118.8199448359" />
      <trkpt lat="31.8872824375" lon="118.8199451246" />
      <trkpt lat="31.8872842173" lon="118.8199454133" />
      <trkpt lat="31.8872859971" lon="118.8199457020" />
      <trkpt lat="31.8872877770" lon="118.8199459908" />
      <trkpt lat="31.8872895568" lon="118.8199462795" />
      <trkpt lat="31.8872913366" lon="118.8199465682" />
      <trkpt lat="31.8872931165" lon="118.8199468570" />
      <trkpt lat="31.8872948963" lon="118.8199471457" />
      <trkpt lat="31.8872966761" lon="118.8199474344" />
      <trkpt lat="31.8872984559" lon="118.8199477231" />
      <trkpt lat="31.8873002358" lon="118.8199480119" />
      <trkpt lat="31.8873020156" lon="118.8199483006" />
      <trkpt lat="31.8873037954" lon="118.8199485893" />
      <trkpt lat="31.8873055752" lon="118.8199488781" />
      <trkpt lat="31.8873073551" lon="118.8199491668" />
      <trkpt lat="31.8873091349" lon="118.8199494555" />
      <trkpt lat="31.8873109147" lon="118.8199497442" />
      <trkpt lat="31.8873126945" lon="118.8199500330" />
      <trkpt lat="31.8873144744" lon="118.8199503217" />
      <trkpt lat="31.8873162542" lon="118.8199506104" />
      <trkpt lat="31.8873180340" lon="118.8199508992" />
      <trkpt lat="31.8873198138" lon="118.8199511879" />
      <trkpt lat="31.8873215937" lon="118.8199514766" />
      <trkpt lat="31.8873233735" lon="118.8199517653" />
      <trkpt lat="31.8873251533" lon="118.8199520541" />
      <trkpt lat="31.8873269331" lon="118.8199523428" />
      <trkpt lat="31.8873287130" lon="118.8199526315" />
      <trkpt lat="31.8873304928" lon="118.8199529203" />
      <trkpt lat="31.8873322726" lon="118.8199532090" />
      <trkpt lat="31.8873340525" lon="118.8199534977" />
      <trkpt lat="31.8873358323" lon="118.8199537864" />
      <trkpt lat="31.8873376121" lon="118.8199540752" />
      <trkpt lat="31.8873393919" lon="118.8199543639" />
      <trkpt lat="31.8873411718" lon="118.8199546526" />
      <trkpt lat="31.8873429516" lon="118.8199549414" />
      <trkpt lat="31.8873447314" lon="118.8199552301" />
      <trkpt lat="31.8873465112" lon="118.8199555188" />
      <trkpt lat="31.8873482911" lon="118.8199558075" />
      <trkpt lat="31.8873500709" lon="118.8199560963" />
      <trkpt lat="31.8873518507" lon="118.8199563850" />
      <trkpt lat="31.8873536305" lon="118.8199566737" />
      <trkpt lat="31.8873554104" lon="118.8199569624" />
      <trkpt lat="31.8873571902" lon="118.8199572512" />
      <trkpt lat="31.8873589700" lon="118.8199575399" />
      <trkpt lat="31.8873607498" lon="118.8199578286" />
      <trkpt lat="31.8873625297" lon="118.8199581174" />
      <trkpt lat="31.8873643095" lon="118.8199584061" />
      <trkpt lat="31.8873660893" lon="118.8199586948" />
      <trkpt lat="31.8873678692" lon="118.8199589835" />
      <trkpt lat="31.8873696490" lon="118.8199592723" />
      <trkpt lat="31.8873714288" lon="118.8199595610" />
      <trkpt lat="31.8873732086" lon="118.8199598497" />
      <trkpt lat="31.8873749885" lon="118.8199601385" />
      <trkpt lat="31.8873767683" lon="118.8199604272" />
      <trkpt lat="31.8873785481" lon="118.8199607159" />
      <trkpt lat="31.8873803279" lon="118.8199610046" />
      <trkpt lat="31.8873821078" lon="118.8199612934" />
      <trkpt lat="31.8873838876" lon="118.8199615821" />
      <trkpt lat="31.8873856674" lon="118.8199618708" />
      <trkpt lat="31.8873874472" lon="118.8199621596" />
      <trkpt lat="31.8873892271" lon="118.8199624483" />
      <trkpt lat="31.8873910069" lon="118.8199627370" />
      <trkpt lat="31.8873927867" lon="118.8199630257" />
      <trkpt lat="31.8873945665" lon="118.8199633145" />
      <trkpt lat="31.8873963464" lon="118.8199636032" />
      <trkpt lat="31.8873981262" lon="118.8199638919" />
      <trkpt lat="31.8873999060" lon="118.8199641807" />
      <trkpt lat="31.8874016859" lon="118.8199644694" />
      <trkpt lat="31.8874034657" lon="118.8199647581" />
      <trkpt lat="31.8874052455" lon="118.8199650468" />
      <trkpt lat="31.8874070253" lon="118.8199653356" />
      <trkpt lat="31.8874088052" lon="118.8199656243" />
      <trkpt lat="31.8874105850" lon="118.8199659130" />
      <trkpt lat="31.8874123648" lon="118.8199662018" />
      <trkpt lat="31.8874141446" lon="118.8199664905" />
      <trkpt lat="31.8874159245" lon="118.8199667792" />
      <trkpt lat="31.8874177043" lon="118.8199670679" />
      <trkpt lat="31.8874194841" lon="118.8199673567" />
      <trkpt lat="31.8874212639" lon="118.8199676454" />
      <trkpt lat="31.8874230438" lon="118.8199679341" />
      <trkpt lat="31.8874248236" lon="118.8199682229" />
      <trkpt lat="31.8874266034" lon="118.8199685116" />
      <trkpt lat="31.8874283832" lon="118.8199688003" />
      <trkpt lat="31.8874301631" lon="118.8199690890" />
      <trkpt lat="31.8874319429" lon="118.8199693778" />
      <trkpt lat="31.8874337227" lon="118.8199696665" />
      <trkpt lat="31.8874355026" lon="118.8199699552" />
      <trkpt lat="31.8874372824" lon="118.8199702439" />
      <trkpt lat="31.8874390622" lon="118.8199705327" />
      <trkpt lat="31.8874408420" lon="118.8199708214" />
      <trkpt lat="31.8874426219" lon="118.8199711101" />
      <trkpt lat="31.8874444017" lon="118.8199713989" />
      <trkpt lat="31.8874461815" lon="118.8199716876" />
      <trkpt lat="31.8874479613" lon="118.8199719763" />
      <trkpt lat="31.8874497412" lon="118.8199722650" />
      <trkpt lat="31.8874515210" lon="118.8199725538" />
      <trkpt lat="31.8874533008" lon="118.8199728425" />
      <trkpt lat="31.8874550806" lon="118.8199731312" />
      <trkpt lat="31.8874568605" lon="118.8199734200" />
      <trkpt lat="31.8874586403" lon="118.8199737087" />
      <trkpt lat="31.8874604201" lon="118.8199739974" />
      <trkpt lat="31.8874621999" lon="118.8199742861" />
      <trkpt lat="31.8874639798" lon="118.8199745749" />
      <trkpt lat="31.8874657596" lon="118.8199748636" />
      <trkpt lat="31.8874675394" lon="118.8199751523" />
      <trkpt lat="31.8874693193" lon="118.8199754411" />
      <trkpt lat="31.8874710991" lon="118.8199757298" />
      <trkpt lat="31.8874728789" lon="118.8199760185" />
      <trkpt lat="31.8874746587" lon="118.8199763072" />
      <trkpt lat="31.8874764386" lon="118.8199765960" />
      <trkpt lat="31.8874782184" lon="118.8199768847" />
      <trkpt lat="31.8874799982" lon="118.8199771734" />
      <trkpt lat="31.8874817780" lon="118.8199774622" />
      <trkpt lat="31.8874835579" lon="118.8199777509" />
      <trkpt lat="31.8874853377" lon="118.8199780396" />
      <trkpt lat="31.8874871175" lon="118.8199783283" />
      <trkpt lat="31.8874888973" lon="118.8199786171" />
      <trkpt lat="31.8874906772" lon="118.8199789058" />
      <trkpt lat="31.8874924570" lon="118.8199791945" />
      <trkpt lat="31.8874942368" lon="118.8199794833" />
      <trkpt lat="31.8874960166" lon="118.8199797720" />
      <trkpt lat="31.8874977965" lon="118.8199800607" />
      <trkpt lat="31.8874995763" lon="118.8199803494" />
      <trkpt lat="31.8875013561" lon="118.8199806382" />
      <trkpt lat="31.8875031359" lon="118.8199809269" />
      <trkpt lat="31.8875049158" lon="118.8199812156" />
      <trkpt lat="31.8875066956" lon="118.8199815044" />
      <trkpt lat="31.8875084754" lon="118.8199817931" />
      <trkpt lat="31.8875102553" lon="118.8199820818" />
      <trkpt lat="31.8875120351" lon="118.8199823705" />
      <trkpt lat="31.8875138149" lon="118.8199826593" />
      <trkpt lat="31.8875155947" lon="118.8199829480" />
      <trkpt lat="31.8875173746" lon="118.8199832367" />
      <trkpt lat="31.8875191544" lon="118.8199835254" />
      <trkpt lat="31.8875209342" lon="118.8199838142" />
      <trkpt lat="31.8875227140" lon="118.8199841029" />
      <trkpt lat="31.8875244939" lon="118.8199843916" />
      <trkpt lat="31.8875262737" lon="118.8199846804" />
      <trkpt lat="31.8875280535" lon="118.8199849691" />
      <trkpt lat="31.8875298333" lon="118.8199852578" />
      <trkpt lat="31.8875316132" lon="118.8199855465" />
      <trkpt lat="31.8875333930" lon="118.8199858353" />
      <trkpt lat="31.8875351728" lon="118.8199861240" />
      <trkpt lat="31.8875369526" lon="118.8199864127" />
      <trkpt lat="31.8875387325" lon="118.8199867015" />
      <trkpt lat="31.8875405123" lon="118.8199869902" />
      <trkpt lat="31.8875422921" lon="118.8199872789" />
      <trkpt lat="31.8875440720" lon="118.8199875676" />
      <trkpt lat="31.8875458518" lon="118.8199878564" />
      <trkpt lat="31.8875476316" lon="118.8199881451" />
      <trkpt lat="31.8875494114" lon="118.8199884338" />
      <trkpt lat="31.8875511913" lon="118.8199887226" />
      <trkpt lat="31.8875529711" lon="118.8199890113" />
      <trkpt lat="31.8875547509" lon="118.8199893000" />
      <trkpt lat="31.8875565307" lon="118.8199895887" />
      <trkpt lat="31.8875583106" lon="118.8199898775" />
      <trkpt lat="31.8875600904" lon="118.8199901662" />
      <trkpt lat="31.8875618702" lon="118.8199904549" />
      <trkpt lat="31.8875636500" lon="118.8199907437" />
      <trkpt lat="31.8875654299" lon="118.8199910324" />
      <trkpt lat="31.8875672097" lon="118.8199913211" />
      <trkpt lat="31.8875689895" lon="118.8199916098" />
      <trkpt lat="31.8875707693" lon="118.8199918986" />
      <trkpt lat="31.8875725492" lon="118.8199921873" />
      <trkpt lat="31.8875743290" lon="118.8199924760" />
      <trkpt lat="31.8875761088" lon="118.8199927648" />
      <trkpt lat="31.8875778887" lon="118.8199930535" />
      <trkpt lat="31.8875796685" lon="118.8199933422" />
      <trkpt lat="31.8875814483" lon="118.8199936309" />
      <trkpt lat="31.8875832281" lon="118.8199939197" />
      <trkpt lat="31.8875850080" lon="118.8199942084" />
      <trkpt lat="31.8875867878" lon="118.8199944971" />
      <trkpt lat="31.8875885676" lon="118.8199947859" />
      <trkpt lat="31.8875903474" lon="118.8199950746" />
      <trkpt lat="31.8875921273" lon="118.8199953633" />
      <trkpt lat="31.8875939071" lon="118.8199956520" />
      <trkpt lat="31.8875956869" lon="118.8199959408" />
      <trkpt lat="31.8875974667" lon="118.8199962295" />
      <trkpt lat="31.8875992466" lon="118.8199965182" />
      <trkpt lat="31.8876010264" lon="118.8199968069" />
      <trkpt lat="31.8876028062" lon="118.8199970957" />
      <trkpt lat="31.8876045860" lon="118.8199973844" />
      <trkpt lat="31.8876063659" lon="118.8199976731" />
      <trkpt lat="31.8876081457" lon="118.8199979619" />
      <trkpt lat="31.8876099255" lon="118.8199982506" />
      <trkpt lat="31.8876117054" lon="118.8199985393" />
      <trkpt lat="31.8876134852" lon="118.8199988280" />
      <trkpt lat="31.8876152650" lon="118.8199991168" />
      <trkpt lat="31.8876170448" lon="118.8199994055" />
      <trkpt lat="31.8876188247" lon="118.8199996942" />
      <trkpt lat="31.8876206045" lon="118.8199999830" />
      <trkpt lat="31.8876223843" lon="118.8200002717" />
      <trkpt lat="31.8876241641" lon="118.8200005604" />
      <trkpt lat="31.8876259440" lon="118.8200008491" />
      <trkpt lat="31.8876277238" lon="118.8200011379" />
      <trkpt lat="31.8876295036" lon="118.8200014266" />
      <trkpt lat="31.8876312834" lon="118.8200017153" />
      <trkpt lat="31.8876330633" lon="118.8200020041" />
      <trkpt lat="31.8876348431" lon="118.8200022928" />
      <trkpt lat="31.8876366229" lon="118.8200025815" />
      <trkpt lat="31.8876384027" lon="118.8200028702" />
      <trkpt lat="31.8876401826" lon="118.8200031590" />
      <trkpt lat="31.8876419624" lon="118.8200034477" />
      <trkpt lat="31.8876437422" lon="118.8200037364" />
      <trkpt lat="31.8876455221" lon="118.8200040252" />
      <trkpt lat="31.8876473019" lon="118.8200043139" />
      <trkpt lat="31.8876490817" lon="118.8200046026" />
      <trkpt lat="31.8876508615" lon="118.8200048913" />
      <trkpt lat="31.8876526414" lon="118.8200051801" />
      <trkpt lat="31.8876544212" lon="118.8200054688" />
      <trkpt lat="31.8876562010" lon="118.8200057575" />
      <trkpt lat="31.8876579808" lon="118.8200060463" />
      <trkpt lat="31.8876597607" lon="118.8200063350" />
      <trkpt lat="31.8876615405" lon="118.8200066237" />
      <trkpt lat="31.8876633203" lon="118.8200069124" />
      <trkpt lat="31.8876651001" lon="118.8200072012" />
      <trkpt lat="31.8876668800" lon="118.8200074899" />
      <trkpt lat="31.8876686598" lon="118.8200077786" />
      <trkpt lat="31.8876704396" lon="118.8200080674" />
      <trkpt lat="31.8876722194" lon="118.8200083561" />
      <trkpt lat="31.8876739993" lon="118.8200086448" />
      <trkpt lat="31.8876757791" lon="118.8200089335" />
      <trkpt lat="31.8876775589" lon="118.8200092223" />
      <trkpt lat="31.8876793388" lon="118.8200095110" />
      <trkpt lat="31.8876811186" lon="118.8200097997" />
      <trkpt lat="31.8876828984" lon="118.8200100884" />
      <trkpt lat="31.8876846782" lon="118.8200103772" />
      <trkpt lat="31.8876864581" lon="118.8200106659" />
      <trkpt lat="31.8876882379" lon="118.8200109546" />
      <trkpt lat="31.8876900177" lon="118.8200112434" />
      <trkpt lat="31.8876917975" lon="118.8200115321" />
      <trkpt lat="31.8876935774" lon="118.8200118208" />
      <trkpt lat="31.8876953572" lon="118.8200121095" />
      <trkpt lat="31.8876971370" lon="118.8200123983" />
      <trkpt lat="31.8876989168" lon="118.8200126870" />
      <trkpt lat="31.8877006967" lon="118.8200129757" />
      <trkpt lat="31.8877024765" lon="118.8200132645" />
      <trkpt lat="31.8877042563" lon="118.8200135532" />
      <trkpt lat="31.8877060361" lon="118.8200138419" />
      <trkpt lat="31.8877078160" lon="118.8200141306" />
      <trkpt lat="31.8877095958" lon="118.8200144194" />
      <trkpt lat="31.8877113756" lon="118.8200147081" />
      <trkpt lat="31.8877131554" lon="118.8200149968" />
      <trkpt lat="31.8877149353" lon="118.8200152856" />
      <trkpt lat="31.8877167151" lon="118.8200155743" />
      <trkpt lat="31.8877184949" lon="118.8200158630" />
      <trkpt lat="31.8877202748" lon="118.8200161517" />
      <trkpt lat="31.8877220546" lon="118.8200164405" />
      <trkpt lat="31.8877238344" lon="118.8200167292" />
      <trkpt lat="31.8877256142" lon="118.8200170179" />
      <trkpt lat="31.8877273941" lon="118.8200173067" />
      <trkpt lat="31.8877291739" lon="118.8200175954" />
      <trkpt lat="31.8877309537" lon="118.8200178841" />
      <trkpt lat="31.8877327335" lon="118.8200181728" />
      <trkpt lat="31.8877345134" lon="118.8200184616" />
      <trkpt lat="31.8877362932" lon="118.8200187503" />
      <trkpt lat="31.8877380730" lon="118.8200190390" />
      <trkpt lat="31.8877398528" lon="118.8200193278" />
      <trkpt lat="31.8877416327" lon="118.8200196165" />
      <trkpt lat="31.8877434125" lon="118.8200199052" />
      <trkpt lat="31.8877451923" lon="118.8200201939" />
      <trkpt lat="31.8877469721" lon="118.8200204827" />
      <trkpt lat="31.8877487520" lon="118.8200207714" />
      <trkpt lat="31.8877505318" lon="118.8200210601" />
      <trkpt lat="31.8877523116" lon="118.8200213489" />
      <trkpt lat="31.8877540915" lon="118.8200216376" />
      <trkpt lat="31.8877558713" lon="118.8200219263" />
      <trkpt lat="31.8877576511" lon="118.8200222150" />
      <trkpt lat="31.8877594309" lon="118.8200225038" />
      <trkpt lat="31.8877612108" lon="118.8200227925" />
      <trkpt lat="31.8877629906" lon="118.8200230812" />
      <trkpt lat="31.8877647704" lon="118.8200233699" />
      <trkpt lat="31.8877665502" lon="118.8200236587" />
      <trkpt lat="31.8877683301" lon="118.8200239474" />
      <trkpt lat="31.8877701099" lon="118.8200242361" />
      <trkpt lat="31.8877718897" lon="118.8200245249" />
      <trkpt lat="31.8877736695" lon="118.8200248136" />
      <trkpt lat="31.8877754494" lon="118.8200251023" />
      <trkpt lat="31.8877772292" lon="118.8200253910" />
      <trkpt lat="31.8877790090" lon="118.8200256798" />
      <trkpt lat="31.8877807888" lon="118.8200259685" />
      <trkpt lat="31.8877825687" lon="118.8200262572" />
      <trkpt lat="31.8877843485" lon="118.8200265460" />
      <trkpt lat="31.8877861283" lon="118.8200268347" />
      <trkpt lat="31.8877879082" lon="118.8200271234" />
      <trkpt lat="31.8877896880" lon="118.8200274121" />
      <trkpt lat="31.8877914678" lon="118.8200277009" />
      <trkpt lat="31.8877932476" lon="118.8200279896" />
      <trkpt lat="31.8877950275" lon="118.8200282783" />
      <trkpt lat="31.8877968073" lon="118.8200285671" />
      <trkpt lat="31.8877985871" lon="118.8200288558" />
      <trkpt lat="31.8878003669" lon="118.8200291445" />
      <trkpt lat="31.8878021468" lon="118.8200294332" />
      <trkpt lat="31.8878039266" lon="118.8200297220" />
      <trkpt lat="31.8878057064" lon="118.8200300107" />
      <trkpt lat="31.8878074862" lon="118.8200302994" />
      <trkpt lat="31.8878092661" lon="118.8200305882" />
      <trkpt lat="31.8878110459" lon="118.8200308769" />
      <trkpt lat="31.8878128257" lon="118.8200311656" />
      <trkpt lat="31.8878146055" lon="118.8200314543" />
      <trkpt lat="31.8878163854" lon="118.8200317431" />
      <trkpt lat="31.8878181652" lon="118.8200320318" />
      <trkpt lat="31.8878199450" lon="118.8200323205" />
      <trkpt lat="31.8878217249" lon="118.8200326093" />
      <trkpt lat="31.8878235047" lon="118.8200328980" />
      <trkpt lat="31.8878252845" lon="118.8200331867" />
      <trkpt lat="31.8878270643" lon="118.8200334754" />
      <trkpt lat="31.8878288442" lon="118.8200337642" />
      <trkpt lat="31.8878306240" lon="118.8200340529" />
      <trkpt lat="31.8878324038" lon="118.8200343416" />
      <trkpt lat="31.8878341836" lon="118.8200346303" />
      <trkpt lat="31.8878359635" lon="118.8200349191" />
      <trkpt lat="31.8878377433" lon="118.8200352078" />
      <trkpt lat="31.8878395231" lon="118.8200354965" />
      <trkpt lat="31.8878413029" lon="118.8200357853" />
      <trkpt lat="31.8878430828" lon="118.8200360740" />
      <trkpt lat="31.8878448626" lon="118.8200363627" />
      <trkpt lat="31.8878466424" lon="118.8200366514" />
      <trkpt lat="31.8878484222" lon="118.8200369402" />
      <trkpt lat="31.8878502021" lon="118.8200372289" />
      <trkpt lat="31.8878519819" lon="118.8200375176" />
      <trkpt lat="31.8878537617" lon="118.8200378064" />
      <trkpt lat="31.8878555416" lon="118.8200380951" />
      <trkpt lat="31.8878573214" lon="118.8200383838" />
      <trkpt lat="31.8878591012" lon="118.8200386725" />
      <trkpt lat="31.8878608810" lon="118.8200389613" />
      <trkpt lat="31.8878626609" lon="118.8200392500" />
      <trkpt lat="31.8878644407" lon="118.8200395387" />
      <trkpt lat="31.8878662205" lon="118.8200398275" />
      <trkpt lat="31.8878680003" lon="118.8200401162" />
      <trkpt lat="31.8878697802" lon="118.8200404049" />
      <trkpt lat="31.8878715600" lon="118.8200406936" />
      <trkpt lat="31.8878733398" lon="118.8200409824" />
      <trkpt lat="31.8878751196" lon="118.8200412711" />
      <trkpt lat="31.8878768995" lon="118.8200415598" />
      <trkpt lat="31.8878786793" lon="118.8200418486" />
      <trkpt lat="31.8878804591" lon="118.8200421373" />
      <trkpt lat="31.8878822389" lon="118.8200424260" />
      <trkpt lat="31.8878840188" lon="118.8200427147" />
      <trkpt lat="31.8878857986" lon="118.8200430035" />
      <trkpt lat="31.8878875784" lon="118.8200432922" />
      <trkpt lat="31.8878893582" lon="118.8200435809" />
      <trkpt lat="31.8878911381" lon="118.8200438697" />
      <trkpt lat="31.8878929179" lon="118.8200441584" />
      <trkpt lat="31.8878946977" lon="118.8200444471" />
      <trkpt lat="31.8878964776" lon="118.8200447358" />
      <trkpt lat="31.8878982574" lon="118.8200450246" />
      <trkpt lat="31.8879000372" lon="118.8200453133" />
      <trkpt lat="31.8879018170" lon="118.8200456020" />
      <trkpt lat="31.8879035969" lon="118.8200458908" />
      <trkpt lat="31.8879053767" lon="118.8200461795" />
      <trkpt lat="31.8879071565" lon="118.8200464682" />
      <trkpt lat="31.8879089363" lon="118.8200467569" />
      <trkpt lat="31.8879107162" lon="118.8200470457" />
      <trkpt lat="31.8879124960" lon="118.8200473344" />
      <trkpt lat="31.8879142758" lon="118.8200476231" />
      <trkpt lat="31.8879160556" lon="118.8200479118" />
      <trkpt lat="31.8879178355" lon="118.8200482006" />
      <trkpt lat="31.8879196153" lon="118.8200484893" />
      <trkpt lat="31.8879213951" lon="118.8200487780" />
      <trkpt lat="31.8879231749" lon="118.8200490668" />
      <trkpt lat="31.8879249548" lon="118.8200493555" />
      <trkpt lat="31.8879267346" lon="118.8200496442" />
      <trkpt lat="31.8879285144" lon="118.8200499329" />
      <trkpt lat="31.8879302943" lon="118.8200502217" />
      <trkpt lat="31.8879320741" lon="118.8200505104" />
      <trkpt lat="31.8879338539" lon="118.8200507991" />
      <trkpt lat="31.8879356337" lon="118.8200510879" />
      <trkpt lat="31.8879374136" lon="118.8200513766" />
      <trkpt lat="31.8879391934" lon="118.8200516653" />
      <trkpt lat="31.8879409732" lon="118.8200519540" />
      <trkpt lat="31.8879427530" lon="118.8200522428" />
      <trkpt lat="31.8879445329" lon="118.8200525315" />
      <trkpt lat="31.8879463127" lon="118.8200528202" />
      <trkpt lat="31.8879480925" lon="118.8200531090" />
      <trkpt lat="31.8879498723" lon="118.8200533977" />
      <trkpt lat="31.8879516522" lon="118.8200536864" />
      <trkpt lat="31.8879534320" lon="118.8200539751" />
      <trkpt lat="31.8879552118" lon="118.8200542639" />
      <trkpt lat="31.8879569916" lon="118.8200545526" />
      <trkpt lat="31.8879587715" lon="118.8200548413" />
      <trkpt lat="31.8879605513" lon="118.8200551301" />
      <trkpt lat="31.8879623311" lon="118.8200554188" />
      <trkpt lat="31.8879641110" lon="118.8200557075" />
      <trkpt lat="31.8879658908" lon="118.8200559962" />
      <trkpt lat="31.8879676706" lon="118.8200562850" />
      <trkpt lat="31.8879694504" lon="118.8200565737" />
      <trkpt lat="31.8879712303" lon="118.8200568624" />
      <trkpt lat="31.8879730101" lon="118.8200571512" />
      <trkpt lat="31.8879747899" lon="118.8200574399" />
      <trkpt lat="31.8879765697" lon="118.8200577286" />
      <trkpt lat="31.8879783496" lon="118.8200580173" />
      <trkpt lat="31.8879801294" lon="118.8200583061" />
      <trkpt lat="31.8879819092" lon="118.8200585948" />
      <trkpt lat="31.8879836890" lon="118.8200588835" />
      <trkpt lat="31.8879854689" lon="118.8200591723" />
      <trkpt lat="31.8879872487" lon="118.8200594610" />
      <trkpt lat="31.8879890285" lon="118.8200597497" />
      <trkpt lat="31.8879908083" lon="118.8200600384" />
      <trkpt lat="31.8879925882" lon="118.8200603272" />
      <trkpt lat="31.8879943680" lon="118.8200606159" />
      <trkpt lat="31.8879961478" lon="118.8200609046" />
      <trkpt lat="31.8879979277" lon="118.8200611933" />
      <trkpt lat="31.8879997075" lon="118.8200614821" />
      <trkpt lat="31.8880014873" lon="118.8200617708" />
      <trkpt lat="31.8880032671" lon="118.8200620595" />
      <trkpt lat="31.8880050470" lon="118.8200623483" />
      <trkpt lat="31.8880068268" lon="118.8200626370" />
      <trkpt lat="31.8880086066" lon="118.8200629257" />
      <trkpt lat="31.8880103864" lon="118.8200632144" />
      <trkpt lat="31.8880121663" lon="118.8200635032" />
      <trkpt lat="31.8880139461" lon="118.8200637919" />
      <trkpt lat="31.8880157259" lon="118.8200640806" />
      <trkpt lat="31.8880175057" lon="118.8200643694" />
      <trkpt lat="31.8880192856" lon="118.8200646581" />
      <trkpt lat="31.8880210654" lon="118.8200649468" />
      <trkpt lat="31.8880228452" lon="118.8200652355" />
      <trkpt lat="31.8880246250" lon="118.8200655243" />
      <trkpt lat="31.8880264049" lon="118.8200658130" />
      <trkpt lat="31.8880281847" lon="118.8200661017" />
      <trkpt lat="31.8880299645" lon="118.8200663904" />
      <trkpt lat="31.8880317444" lon="118.8200666786" />
      <trkpt lat="31.8880335244" lon="118.8200669658" />
      <trkpt lat="31.8880353046" lon="118.8200672512" />
      <trkpt lat="31.8880370851" lon="118.8200675344" />
      <trkpt lat="31.8880388659" lon="118.8200678148" />
      <trkpt lat="31.8880406471" lon="118.8200680917" />
      <trkpt lat="31.8880424287" lon="118.8200683648" />
      <trkpt lat="31.8880442108" lon="118.8200686335" />
      <trkpt lat="31.8880459934" lon="118.8200688974" />
      <trkpt lat="31.8880477765" lon="118.8200691560" />
      <trkpt lat="31.8880495603" lon="118.8200694088" />
      <trkpt lat="31.8880513447" lon="118.8200696555" />
      <trkpt lat="31.8880531297" lon="118.8200698957" />
      <trkpt lat="31.8880549153" lon="118.8200701291" />
      <trkpt lat="31.8880567017" lon="118.8200703551" />
      <trkpt lat="31.8880584887" lon="118.8200705737" />
      <trkpt lat="31.8880602764" lon="118.8200707844" />
      <trkpt lat="31.8880620648" lon="118.8200709870" />
      <trkpt lat="31.8880638538" lon="118.8200711811" />
      <trkpt lat="31.8880656436" lon="118.8200713667" />
      <trkpt lat="31.8880674339" lon="118.8200715434" />
      <trkpt lat="31.8880692249" lon="118.8200717110" />
      <trkpt lat="31.8880710165" lon="118.8200718694" />
      <trkpt lat="31.8880728086" lon="118.8200720184" />
      <trkpt lat="31.8880746014" lon="118.8200721579" />
      <trkpt lat="31.8880763946" lon="118.8200722878" />
      <trkpt lat="31.8880781883" lon="118.8200724079" />
      <trkpt lat="31.8880799825" lon="118.8200725181" />
      <trkpt lat="31.8880817771" lon="118.8200726185" />
      <trkpt lat="31.8880835721" lon="118.8200727089" />
      <trkpt lat="31.8880853675" lon="118.8200727894" />
      <trkpt lat="31.8880871631" lon="118.8200728599" />
      <trkpt lat="31.8880889590" lon="118.8200729205" />
      <trkpt lat="31.8880907551" lon="118.8200729711" />
      <trkpt lat="31.8880925514" lon="118.8200730120" />
      <trkpt lat="31.8880943478" lon="118.8200730430" />
      <trkpt lat="31.8880961444" lon="118.8200730644" />
      <trkpt lat="31.8880979410" lon="118.8200730762" />
      <trkpt lat="31.8880997376" lon="118.8200730785" />
      <trkpt lat="31.8881015342" lon="118.8200730716" />
      <trkpt lat="31.8881033308" lon="118.8200730555" />
      <trkpt lat="31.8881051273" lon="118.8200730305" />
      <trkpt lat="31.8881069237" lon="118.8200729968" />
      <trkpt lat="31.8881087200" lon="118.8200729546" />
      <trkpt lat="31.8881105161" lon="118.8200729041" />
      <trkpt lat="31.8881123120" lon="118.8200728456" />
      <trkpt lat="31.8881141078" lon="118.8200727794" />
      <trkpt lat="31.8881159033" lon="118.8200727057" />
      <trkpt lat="31.8881176986" lon="118.8200726250" />
      <trkpt lat="31.8881194937" lon="118.8200725375" />
      <trkpt lat="31.8881212886" lon="118.8200724435" />
      <trkpt lat="31.8881230832" lon="118.8200723435" />
      <trkpt lat="31.8881248776" lon="118.8200722379" />
      <trkpt lat="31.8881266718" lon="118.8200721269" />
      <trkpt lat="31.8881284657" lon="118.8200720112" />
      <trkpt lat="31.8881302594" lon="118.8200718910" />
      <trkpt lat="31.8881320530" lon="118.8200717670" />
      <trkpt lat="31.8881338463" lon="118.8200716394" />
      <trkpt lat="31.8881356395" lon="118.8200715090" />
      <trkpt lat="31.8881374326" lon="118.8200713761" />
      <trkpt lat="31.8881392256" lon="118.8200712412" />
      <trkpt lat="31.8881410185" lon="118.8200711051" />
      <trkpt lat="31.8881428114" lon="118.8200709681" />
      <trkpt lat="31.8881446042" lon="118.8200708309" />
      <trkpt lat="31.8881463971" lon="118.8200706937" />
      <trkpt lat="31.8881481899" lon="118.8200705565" />
      <trkpt lat="31.8881499828" lon="118.8200704193" />
      <trkpt lat="31.8881517756" lon="118.8200702821" />
      <trkpt lat="31.8881535685" lon="118.8200701449" />
      <trkpt lat="31.8881553613" lon="118.8200700077" />
      <trkpt lat="31.8881571542" lon="118.8200698705" />
      <trkpt lat="31.8881589470" lon="118.8200697333" />
      <trkpt lat="31.8881607399" lon="118.8200695961" />
      <trkpt lat="31.8881625327" lon="118.8200694589" />
      <trkpt lat="31.8881643256" lon="118.8200693217" />
      <trkpt lat="31.8881661184" lon="118.8200691845" />
      <trkpt lat="31.8881679113" lon="118.8200690473" />
      <trkpt lat="31.8881697041" lon="118.8200689101" />
      <trkpt lat="31.8881714970" lon="118.8200687729" />
      <trkpt lat="31.8881732898" lon="118.8200686357" />
      <trkpt lat="31.8881750827" lon="118.8200684985" />
      <trkpt lat="31.8881768755" lon="118.8200683613" />
      <trkpt lat="31.8881786684" lon="118.8200682241" />
      <trkpt lat="31.8881804612" lon="118.8200680869" />
      <trkpt lat="31.8881822541" lon="118.8200679497" />
      <trkpt lat="31.8881840469" lon="118.8200678125" />
      <trkpt lat="31.8881858398" lon="118.8200676753" />
      <trkpt lat="31.8881876326" lon="118.8200675381" />
      <trkpt lat="31.8881894255" lon="118.8200674009" />
      <trkpt lat="31.8881912183" lon="118.8200672637" />
      <trkpt lat="31.8881930112" lon="118.8200671265" />
      <trkpt lat="31.8881948040" lon="118.8200669893" />
      <trkpt lat="31.8881965969" lon="118.8200668521" />
      <trkpt lat="31.8881983897" lon="118.8200667149" />
      <trkpt lat="31.8882001826" lon="118.8200665777" />
      <trkpt lat="31.8882019754" lon="118.8200664405" />
      <trkpt lat="31.8882037683" lon="118.8200663033" />
      <trkpt lat="31.8882055611" lon="118.8200661661" />
      <trkpt lat="31.8882073540" lon="118.8200660289" />
      <trkpt lat="31.8882091468" lon="118.8200658917" />
      <trkpt lat="31.8882109397" lon="118.8200657545" />
      <trkpt lat="31.8882127325" lon="118.8200656173" />
      <trkpt lat="31.8882145254" lon="118.8200654801" />
      <trkpt lat="31.8882163182" lon="118.8200653429" />
      <trkpt lat="31.8882181111" lon="118.8200652057" />
      <trkpt lat="31.8882199039" lon="118.8200650685" />
      <trkpt lat="31.8882216968" lon="118.8200649313" />
      <trkpt lat="31.8882234896" lon="118.8200647941" />
      <trkpt lat="31.8882252825" lon="118.8200646569" />
      <trkpt lat="31.8882270753" lon="118.8200645197" />
      <trkpt lat="31.8882288682" lon="118.8200643825" />
      <trkpt lat="31.8882306610" lon="118.8200642453" />
      <trkpt lat="31.8882324539" lon="118.8200641081" />
      <trkpt lat="31.8882342467" lon="118.8200639709" />
      <trkpt lat="31.8882360396" lon="118.8200638337" />
      <trkpt lat="31.8882378324" lon="118.8200636965" />
      <trkpt lat="31.8882396253" lon="118.8200635593" />
      <trkpt lat="31.8882414181" lon="118.8200634221" />
      <trkpt lat="31.8882432110" lon="118.8200632849" />
      <trkpt lat="31.8882450038" lon="118.8200631477" />
      <trkpt lat="31.8882467967" lon="118.8200630105" />
      <trkpt lat="31.8882485895" lon="118.8200628733" />
      <trkpt lat="31.8882503824" lon="118.8200627361" />
      <trkpt lat="31.8882521752" lon="118.8200625989" />
      <trkpt lat="31.8882539681" lon="118.8200624617" />
      <trkpt lat="31.8882557609" lon="118.8200623245" />
      <trkpt lat="31.8882575538" lon="118.8200621873" />
      <trkpt lat="31.8882593466" lon="118.8200620501" />
      <trkpt lat="31.8882611395" lon="118.8200619129" />
      <trkpt lat="31.8882629323" lon="118.8200617757" />
      <trkpt lat="31.8882647252" lon="118.8200616385" />
      <trkpt lat="31.8882665180" lon="118.8200615013" />
      <trkpt lat="31.8882683109" lon="118.8200613641" />
      <trkpt lat="31.8882701037" lon="118.8200612269" />
      <trkpt lat="31.8882718966" lon="118.8200610897" />
      <trkpt lat="31.8882736894" lon="118.8200609525" />
      <trkpt lat="31.8882754823" lon="118.8200608153" />
      <trkpt lat="31.8882772751" lon="118.8200606781" />
      <trkpt lat="31.8882790680" lon="118.8200605409" />
      <trkpt lat="31.8882808608" lon="118.8200604037" />
      <trkpt lat="31.8882826537" lon="118.8200602665" />
      <trkpt lat="31.8882844465" lon="118.8200601293" />
      <trkpt lat="31.8882862394" lon="118.8200599921" />
      <trkpt lat="31.8882880322" lon="118.8200598549" />
      <trkpt lat="31.8882898251" lon="118.8200597177" />
      <trkpt lat="31.8882916179" lon="118.8200595805" />
      <trkpt lat="31.8882934108" lon="118.8200594433" />
      <trkpt lat="31.8882952036" lon="118.8200593061" />
      <trkpt lat="31.8882969965" lon="118.8200591689" />
      <trkpt lat="31.8882987893" lon="118.8200590317" />
      <trkpt lat="31.8883005822" lon="118.8200588945" />
      <trkpt lat="31.8883023750" lon="118.8200587573" />
      <trkpt lat="31.8883041679" lon="118.8200586201" />
      <trkpt lat="31.8883059607" lon="118.8200584829" />
      <trkpt lat="31.8883077536" lon="118.8200583457" />
      <trkpt lat="31.8883095464" lon="118.8200582085" />
      <trkpt lat="31.8883113393" lon="118.8200580713" />
      <trkpt lat="31.8883131321" lon="118.8200579341" />
      <trkpt lat="31.8883149250" lon="118.8200577969" />
      <trkpt lat="31.8883167178" lon="118.8200576597" />
      <trkpt lat="31.8883185107" lon="118.8200575225" />
      <trkpt lat="31.8883203035" lon="118.8200573853" />
      <trkpt lat="31.8883220964" lon="118.8200572481" />
      <trkpt lat="31.8883238892" lon="118.8200571109" />
      <trkpt lat="31.8883256821" lon="118.8200569737" />
      <trkpt lat="31.8883274749" lon="118.8200568365" />
      <trkpt lat="31.8883292678" lon="118.8200566993" />
      <trkpt lat="31.8883310606" lon="118.8200565621" />
      <trkpt lat="31.8883328535" lon="118.8200564249" />
      <trkpt lat="31.8883346463" lon="118.8200562877" />
      <trkpt lat="31.8883364392" lon="118.8200561505" />
      <trkpt lat="31.8883382320" lon="118.8200560133" />
      <trkpt lat="31.8883400249" lon="118.8200558761" />
      <trkpt lat="31.8883418177" lon="118.8200557389" />
      <trkpt lat="31.8883436106" lon="118.8200556017" />
      <trkpt lat="31.8883454034" lon="118.8200554645" />
      <trkpt lat="31.8883471963" lon="118.8200553273" />
      <trkpt lat="31.8883489891" lon="118.8200551901" />
      <trkpt lat="31.8883507820" lon="118.8200550529" />
      <trkpt lat="31.8883525748" lon="118.8200549157" />
      <trkpt lat="31.8883543677" lon="118.8200547785" />
      <trkpt lat="31.8883561605" lon="118.8200546413" />
      <trkpt lat="31.8883579534" lon="118.8200545041" />
      <trkpt lat="31.8883597462" lon="118.8200543669" />
      <trkpt lat="31.8883615391" lon="118.8200542297" />
      <trkpt lat="31.8883633319" lon="118.8200540925" />
      <trkpt lat="31.8883651248" lon="118.8200539553" />
      <trkpt lat="31.8883669176" lon="118.8200538181" />
      <trkpt lat="31.8883687105" lon="118.8200536809" />
      <trkpt lat="31.8883705033" lon="118.8200535437" />
      <trkpt lat="31.8883722962" lon="118.8200534065" />
      <trkpt lat="31.8883740890" lon="118.8200532693" />
      <trkpt lat="31.8883758819" lon="118.8200531321" />
      <trkpt lat="31.8883776747" lon="118.8200529949" />
      <trkpt lat="31.8883794676" lon="118.8200528577" />
      <trkpt lat="31.8883812604" lon="118.8200527205" />
      <trkpt lat="31.8883830533" lon="118.8200525833" />
      <trkpt lat="31.8883848461" lon="118.8200524461" />
      <trkpt lat="31.8883866390" lon="118.8200523089" />
      <trkpt lat="31.8883884318" lon="118.8200521717" />
      <trkpt lat="31.8883902247" lon="118.8200520345" />
      <trkpt lat="31.8883920175" lon="118.8200518973" />
      <trkpt lat="31.8883938104" lon="118.8200517601" />
      <trkpt lat="31.8883956032" lon="118.8200516229" />
      <trkpt lat="31.8883973961" lon="118.8200514857" />
      <trkpt lat="31.8883991889" lon="118.8200513485" />
      <trkpt lat="31.8884009818" lon="118.8200512113" />
      <trkpt lat="31.8884027746" lon="118.8200510741" />
      <trkpt lat="31.8884045675" lon="118.8200509369" />
      <trkpt lat="31.8884063603" lon="118.8200507997" />
      <trkpt lat="31.8884081532" lon="118.8200506625" />
      <trkpt lat="31.8884099460" lon="118.8200505253" />
      <trkpt lat="31.8884117389" lon="118.8200503881" />
      <trkpt lat="31.8884135317" lon="118.8200502509" />
      <trkpt lat="31.8884153246" lon="118.8200501137" />
      <trkpt lat="31.8884171174" lon="118.8200499765" />
      <trkpt lat="31.8884189103" lon="118.8200498393" />
      <trkpt lat="31.8884207031" lon="118.8200497021" />
      <trkpt lat="31.8884224960" lon="118.8200495649" />
      <trkpt lat="31.8884242888" lon="118.8200494277" />
      <trkpt lat="31.8884260817" lon="118.8200492905" />
      <trkpt lat="31.8884278745" lon="118.8200491533" />
      <trkpt lat="31.8884296674" lon="118.8200490161" />
      <trkpt lat="31.8884314602" lon="118.8200488789" />
      <trkpt lat="31.8884332531" lon="118.8200487417" />
      <trkpt lat="31.8884350459" lon="118.8200486045" />
      <trkpt lat="31.8884368388" lon="118.8200484673" />
      <trkpt lat="31.8884386316" lon="118.8200483301" />
      <trkpt lat="31.8884404245" lon="118.8200481929" />
      <trkpt lat="31.8884422173" lon="118.8200480557" />
      <trkpt lat="31.8884440102" lon="118.8200479185" />
      <trkpt lat="31.8884458030" lon="118.8200477813" />
      <trkpt lat="31.8884475959" lon="118.8200476441" />
      <trkpt lat="31.8884493887" lon="118.8200475069" />
      <trkpt lat="31.8884511816" lon="118.8200473697" />
      <trkpt lat="31.8884529744" lon="118.8200472325" />
      <trkpt lat="31.8884547672" lon="118.8200470953" />
      <trkpt lat="31.8884565601" lon="118.8200469581" />
      <trkpt lat="31.8884583529" lon="118.8200468209" />
      <trkpt lat="31.8884601458" lon="118.8200466837" />
      <trkpt lat="31.8884619386" lon="118.8200465465" />
      <trkpt lat="31.8884637315" lon="118.8200464093" />
      <trkpt lat="31.8884655243" lon="118.8200462721" />
      <trkpt lat="31.8884673172" lon="118.8200461349" />
      <trkpt lat="31.8884691100" lon="118.8200459977" />
      <trkpt lat="31.8884709029" lon="118.8200458605" />
      <trkpt lat="31.8884726957" lon="118.8200457233" />
      <trkpt lat="31.8884744886" lon="118.8200455861" />
      <trkpt lat="31.8884762814" lon="118.8200454489" />
      <trkpt lat="31.8884780743" lon="118.8200453117" />
      <trkpt lat="31.8884798671" lon="118.8200451745" />
      <trkpt lat="31.8884816600" lon="118.8200450373" />
      <trkpt lat="31.8884834528" lon="118.8200449001" />
      <trkpt lat="31.8884852457" lon="118.8200447629" />
      <trkpt lat="31.8884870385" lon="118.8200446257" />
      <trkpt lat="31.8884888314" lon="118.8200444885" />
      <trkpt lat="31.8884906242" lon="118.8200443513" />
      <trkpt lat="31.8884924171" lon="118.8200442141" />
      <trkpt lat="31.8884942099" lon="118.8200440769" />
      <trkpt lat="31.8884960028" lon="118.8200439397" />
      <trkpt lat="31.8884977956" lon="118.8200438025" />
      <trkpt lat="31.8884995885" lon="118.8200436653" />
      <trkpt lat="31.8885013813" lon="118.8200435281" />
      <trkpt lat="31.8885031742" lon="118.8200433909" />
      <trkpt lat="31.8885049670" lon="118.8200432537" />
      <trkpt lat="31.8885067599" lon="118.8200431165" />
      <trkpt lat="31.8885085527" lon="118.8200429793" />
      <trkpt lat="31.8885103456" lon="118.8200428421" />
      <trkpt lat="31.8885121384" lon="118.8200427049" />
      <trkpt lat="31.8885139313" lon="118.8200425677" />
      <trkpt lat="31.8885157241" lon="118.8200424305" />
      <trkpt lat="31.8885175170" lon="118.8200422933" />
      <trkpt lat="31.8885193098" lon="118.8200421561" />
      <trkpt lat="31.8885211027" lon="118.8200420189" />
      <trkpt lat="31.8885228955" lon="118.8200418817" />
      <trkpt lat="31.8885246884" lon="118.8200417445" />
      <trkpt lat="31.8885264812" lon="118.8200416073" />
      <trkpt lat="31.8885282741" lon="118.8200414701" />
      <trkpt lat="31.8885300669" lon="118.8200413329" />
      <trkpt lat="31.8885318598" lon="118.8200411957" />
      <trkpt lat="31.8885336526" lon="118.8200410585" />
      <trkpt lat="31.8885354455" lon="118.8200409213" />
      <trkpt lat="31.8885372383" lon="118.8200407841" />
      <trkpt lat="31.8885390312" lon="118.8200406469" />
      <trkpt lat="31.8885408240" lon="118.8200405097" />
      <trkpt lat="31.8885426169" lon="118.8200403725" />
      <trkpt lat="31.8885444097" lon="118.8200402353" />
      <trkpt lat="31.8885462026" lon="118.8200400981" />
      <trkpt lat="31.8885479954" lon="118.8200399609" />
      <trkpt lat="31.8885497883" lon="118.8200398237" />
      <trkpt lat="31.8885515811" lon="118.8200396865" />
      <trkpt lat="31.8885533740" lon="118.8200395493" />
      <trkpt lat="31.8885551668" lon="118.8200394121" />
      <trkpt lat="31.8885569597" lon="118.8200392749" />
      <trkpt lat="31.8885587525" lon="118.8200391377" />
      <trkpt lat="31.8885605454" lon="118.8200390005" />
      <trkpt lat="31.8885623382" lon="118.8200388633" />
      <trkpt lat="31.8885641311" lon="118.8200387261" />
      <trkpt lat="31.8885659239" lon="118.8200385889" />
      <trkpt lat="31.8885677168" lon="118.8200384517" />
      <trkpt lat="31.8885695096" lon="118.8200383145" />
      <trkpt lat="31.8885713025" lon="118.8200381773" />
      <trkpt lat="31.8885730953" lon="118.8200380401" />
      <trkpt lat="31.8885748882" lon="118.8200379029" />
      <trkpt lat="31.8885766810" lon="118.8200377657" />
      <trkpt lat="31.8885784739" lon="118.8200376285" />
      <trkpt lat="31.8885802667" lon="118.8200374913" />
      <trkpt lat="31.8885820596" lon="118.8200373541" />
      <trkpt lat="31.8885838524" lon="118.8200372169" />
      <trkpt lat="31.8885856453" lon="118.8200370797" />
      <trkpt lat="31.8885874381" lon="118.8200369425" />
      <trkpt lat="31.8885892309" lon="118.8200368040" />
      <trkpt lat="31.8885910235" lon="118.8200366621" />
      <trkpt lat="31.8885928160" lon="118.8200365183" />
      <trkpt lat="31.8885946085" lon="118.8200363746" />
      <trkpt lat="31.8885964010" lon="118.8200362310" />
      <trkpt lat="31.8885981934" lon="118.8200360873" />
      <trkpt lat="31.8885999859" lon="118.8200359437" />
      <trkpt lat="31.8886017784" lon="118.8200358001" />
      <trkpt lat="31.8886035709" lon="118.8200356564" />
      <trkpt lat="31.8886053634" lon="118.8200355128" />
      <trkpt lat="31.8886071559" lon="118.8200353692" />
      <trkpt lat="31.8886089484" lon="118.8200352255" />
      <trkpt lat="31.8886107408" lon="118.8200350819" />
      <trkpt lat="31.8886125333" lon="118.8200349383" />
      <trkpt lat="31.8886143258" lon="118.8200347946" />
      <trkpt lat="31.8886161183" lon="118.8200346510" />
      <trkpt lat="31.8886179108" lon="118.8200345074" />
      <trkpt lat="31.8886197033" lon="118.8200343637" />
      <trkpt lat="31.8886214958" lon="118.8200342201" />
      <trkpt lat="31.8886232882" lon="118.8200340764" />
      <trkpt lat="31.8886250807" lon="118.8200339328" />
      <trkpt lat="31.8886268732" lon="118.8200337892" />
      <trkpt lat="31.8886286657" lon="118.8200336455" />
      <trkpt lat="31.8886304582" lon="118.8200335019" />
      <trkpt lat="31.8886322507" lon="118.8200333583" />
      <trkpt lat="31.8886340432" lon="118.8200332146" />
      <trkpt lat="31.8886358357" lon="118.8200330710" />
      <trkpt lat="31.8886376281" lon="118.8200329274" />
      <trkpt lat="31.8886394206" lon="118.8200327837" />
      <trkpt lat="31.8886412131" lon="118.8200326401" />
      <trkpt lat="31.8886430056" lon="118.8200324965" />
      <trkpt lat="31.8886447981" lon="118.8200323528" />
      <trkpt lat="31.8886465906" lon="118.8200322092" />
      <trkpt lat="31.8886483831" lon="118.8200320655" />
      <trkpt lat="31.8886501755" lon="118.8200319219" />
      <trkpt lat="31.8886519680" lon="118.8200317783" />
      <trkpt lat="31.8886537605" lon="118.8200316346" />
      <trkpt lat="31.8886555530" lon="118.8200314910" />
      <trkpt lat="31.8886573455" lon="118.8200313474" />
      <trkpt lat="31.8886591380" lon="118.8200312037" />
      <trkpt lat="31.8886609305" lon="118.8200310601" />
      <trkpt lat="31.8886627230" lon="118.8200309165" />
      <trkpt lat="31.8886645154" lon="118.8200307728" />
      <trkpt lat="31.8886663079" lon="118.8200306292" />
      <trkpt lat="31.8886681004" lon="118.8200304856" />
      <trkpt lat="31.8886698929" lon="118.8200303419" />
      <trkpt lat="31.8886716854" lon="118.8200301983" />
      <trkpt lat="31.8886734779" lon="118.8200300546" />
      <trkpt lat="31.8886752704" lon="118.8200299110" />
      <trkpt lat="31.8886770628" lon="118.8200297674" />
      <trkpt lat="31.8886788553" lon="118.8200296237" />
      <trkpt lat="31.8886806478" lon="118.8200294801" />
      <trkpt lat="31.8886824403" lon="118.8200293365" />
      <trkpt lat="31.8886842328" lon="118.8200291928" />
      <trkpt lat="31.8886860253" lon="118.8200290492" />
      <trkpt lat="31.8886878178" lon="118.8200289056" />
      <trkpt lat="31.8886896102" lon="118.8200287619" />
      <trkpt lat="31.8886914027" lon="118.8200286183" />
      <trkpt lat="31.8886931952" lon="118.8200284746" />
      <trkpt lat="31.8886949877" lon="118.8200283310" />
      <trkpt lat="31.8886967802" lon="118.8200281874" />
      <trkpt lat="31.8886985727" lon="118.8200280437" />
      <trkpt lat="31.8887003652" lon="118.8200279001" />
      <trkpt lat="31.8887021577" lon="118.8200277565" />
      <trkpt lat="31.8887039501" lon="118.8200276128" />
      <trkpt lat="31.8887057426" lon="118.8200274692" />
      <trkpt lat="31.8887075351" lon="118.8200273256" />
      <trkpt lat="31.8887093276" lon="118.8200271819" />
      <trkpt lat="31.8887111201" lon="118.8200270383" />
      <trkpt lat="31.8887129126" lon="118.8200268947" />
      <trkpt lat="31.8887147051" lon="118.8200267510" />
      <trkpt lat="31.8887164975" lon="118.8200266074" />
      <trkpt lat="31.8887182900" lon="118.8200264637" />
      <trkpt lat="31.8887200825" lon="118.8200263201" />
      <trkpt lat="31.8887218750" lon="118.8200261765" />
      <trkpt lat="31.8887236675" lon="118.8200260328" />
      <trkpt lat="31.8887254600" lon="118.8200258892" />
      <trkpt lat="31.8887272525" lon="118.8200257456" />
      <trkpt lat="31.8887290449" lon="118.8200256019" />
      <trkpt lat="31.8887308374" lon="118.8200254583" />
      <trkpt lat="31.8887326299" lon="118.8200253147" />
      <trkpt lat="31.8887344224" lon="118.8200251710" />
      <trkpt lat="31.8887362149" lon="118.8200250274" />
      <trkpt lat="31.8887380074" lon="118.8200248838" />
      <trkpt lat="31.8887397999" lon="118.8200247401" />
      <trkpt lat="31.8887415924" lon="118.8200245965" />
      <trkpt lat="31.8887433848" lon="118.8200244528" />
      <trkpt lat="31.8887451773" lon="118.8200243092" />
      <trkpt lat="31.8887469698" lon="118.8200241656" />
      <trkpt lat="31.8887487623" lon="118.8200240219" />
      <trkpt lat="31.8887505548" lon="118.8200238783" />
      <trkpt lat="31.8887523473" lon="118.8200237347" />
      <trkpt lat="31.8887541398" lon="118.8200235910" />
      <trkpt lat="31.8887559322" lon="118.8200234474" />
      <trkpt lat="31.8887577247" lon="118.8200233038" />
      <trkpt lat="31.8887595172" lon="118.8200231601" />
      <trkpt lat="31.8887613097" lon="118.8200230165" />
      <trkpt lat="31.8887631022" lon="118.8200228729" />
      <trkpt lat="31.8887648947" lon="118.8200227292" />
      <trkpt lat="31.8887666872" lon="118.8200225856" />
      <trkpt lat="31.8887684797" lon="118.8200224419" />
      <trkpt lat="31.8887702721" lon="118.8200222983" />
      <trkpt lat="31.8887720646" lon="118.8200221547" />
      <trkpt lat="31.8887738571" lon="118.8200220110" />
      <trkpt lat="31.8887756496" lon="118.8200218674" />
      <trkpt lat="31.8887774421" lon="118.8200217238" />
      <trkpt lat="31.8887792346" lon="118.8200215801" />
      <trkpt lat="31.8887810271" lon="118.8200214365" />
      <trkpt lat="31.8887828195" lon="118.8200212929" />
      <trkpt lat="31.8887846120" lon="118.8200211492" />
      <trkpt lat="31.8887864045" lon="118.8200210056" />
      <trkpt lat="31.8887881970" lon="118.8200208620" />
      <trkpt lat="31.8887899895" lon="118.8200207183" />
      <trkpt lat="31.8887917820" lon="118.8200205747" />
      <trkpt lat="31.8887935745" lon="118.8200204310" />
      <trkpt lat="31.8887953669" lon="118.8200202874" />
      <trkpt lat="31.8887971594" lon="118.8200201438" />
      <trkpt lat="31.8887989519" lon="118.8200200001" />
      <trkpt lat="31.8888007444" lon="118.8200198565" />
      <trkpt lat="31.8888025369" lon="118.8200197129" />
      <trkpt lat="31.8888043294" lon="118.8200195692" />
      <trkpt lat="31.8888061219" lon="118.8200194256" />
      <trkpt lat="31.8888079144" lon="118.8200192820" />
      <trkpt lat="31.8888097068" lon="118.8200191383" />
      <trkpt lat="31.8888114993" lon="118.8200189947" />
      <trkpt lat="31.8888132918" lon="118.8200188510" />
      <trkpt lat="31.8888150843" lon="118.8200187074" />
      <trkpt lat="31.8888168768" lon="118.8200185638" />
      <trkpt lat="31.8888186693" lon="118.8200184201" />
      <trkpt lat="31.8888204618" lon="118.8200182765" />
      <trkpt lat="31.8888222542" lon="118.8200181329" />
      <trkpt lat="31.8888240467" lon="118.8200179892" />
      <trkpt lat="31.8888258392" lon="118.8200178456" />
      <trkpt lat="31.8888276317" lon="118.8200177020" />
      <trkpt lat="31.8888294242" lon="118.8200175583" />
      <trkpt lat="31.8888312166" lon="118.8200174138" />
      <trkpt lat="31.8888330086" lon="118.8200172618" />
      <trkpt lat="31.8888348005" lon="118.8200171082" />
      <trkpt lat="31.8888365924" lon="118.8200169544" />
      <trkpt lat="31.8888383843" lon="118.8200168006" />
      <trkpt lat="31.8888401761" lon="118.8200166469" />
      <trkpt lat="31.8888419680" lon="118.8200164931" />
      <trkpt lat="31.8888437599" lon="118.8200163393" />
      <trkpt lat="31.8888455518" lon="118.8200161856" />
      <trkpt lat="31.8888473437" lon="118.8200160318" />
      <trkpt lat="31.8888491355" lon="118.8200158780" />
      <trkpt lat="31.8888509274" lon="118.8200157242" />
      <trkpt lat="31.8888527193" lon="118.8200155705" />
      <trkpt lat="31.8888545112" lon="118.8200154167" />
      <trkpt lat="31.8888563031" lon="118.8200152629" />
      <trkpt lat="31.8888580949" lon="118.8200151092" />
      <trkpt lat="31.8888598868" lon="118.8200149554" />
      <trkpt lat="31.8888616787" lon="118.8200148016" />
      <trkpt lat="31.8888634706" lon="118.8200146478" />
      <trkpt lat="31.8888652625" lon="118.8200144941" />
      <trkpt lat="31.8888670543" lon="118.8200143403" />
      <trkpt lat="31.8888688462" lon="118.8200141865" />
      <trkpt lat="31.8888706381" lon="118.8200140328" />
      <trkpt lat="31.8888724300" lon="118.8200138790" />
      <trkpt lat="31.8888742219" lon="118.8200137252" />
      <trkpt lat="31.8888760137" lon="118.8200135714" />
      <trkpt lat="31.8888778056" lon="118.8200134177" />
      <trkpt lat="31.8888795975" lon="118.8200132639" />
      <trkpt lat="31.8888813894" lon="118.8200131101" />
      <trkpt lat="31.8888831813" lon="118.8200129564" />
      <trkpt lat="31.8888849731" lon="118.8200128026" />
      <trkpt lat="31.8888867650" lon="118.8200126488" />
      <trkpt lat="31.8888885569" lon="118.8200124950" />
      <trkpt lat="31.8888903488" lon="118.8200123413" />
      <trkpt lat="31.8888921406" lon="118.8200121869" />
      <trkpt lat="31.8888939323" lon="118.8200120297" />
      <trkpt lat="31.8888957236" lon="118.8200118675" />
      <trkpt lat="31.8888975145" lon="118.8200116979" />
      <trkpt lat="31.8888993047" lon="118.8200115189" />
      <trkpt lat="31.8889010940" lon="118.8200113282" />
      <trkpt lat="31.8889028822" lon="118.8200111237" />
      <trkpt lat="31.8889046691" lon="118.8200109035" />
      <trkpt lat="31.8889064543" lon="118.8200106653" />
      <trkpt lat="31.8889082375" lon="118.8200104072" />
      <trkpt lat="31.8889100183" lon="118.8200101271" />
      <trkpt lat="31.8889117963" lon="118.8200098230" />
      <trkpt lat="31.8889135709" lon="118.8200094928" />
      <trkpt lat="31.8889153416" lon="118.8200091345" />
      <trkpt lat="31.8889171076" lon="118.8200087460" />
      <trkpt lat="31.8889188684" lon="118.8200083253" />
      <trkpt lat="31.8889206229" lon="118.8200078702" />
      <trkpt lat="31.8889223704" lon="118.8200073787" />
      <trkpt lat="31.8889241097" lon="118.8200068487" />
      <trkpt lat="31.8889258398" lon="118.8200062782" />
      <trkpt lat="31.8889275593" lon="118.8200056650" />
      <trkpt lat="31.8889292668" lon="118.8200050071" />
      <trkpt lat="31.8889309609" lon="118.8200043025" />
      <trkpt lat="31.8889326398" lon="118.8200035493" />
      <trkpt lat="31.8889343017" lon="118.8200027456" />
      <trkpt lat="31.8889359447" lon="118.8200018896" />
      <trkpt lat="31.8889375667" lon="118.8200009797" />
      <trkpt lat="31.8889391654" lon="118.8200000144" />
      <trkpt lat="31.8889407385" lon="118.8199989923" />
      <trkpt lat="31.8889422834" lon="118.8199979125" />
      <trkpt lat="31.8889437978" lon="118.8199967740" />
      <trkpt lat="31.8889452788" lon="118.8199955764" />
      <trkpt lat="31.8889467240" lon="118.8199943194" />
      <trkpt lat="31.8889481306" lon="118.8199930032" />
      <trkpt lat="31.8889494960" lon="118.8199916281" />
      <trkpt lat="31.8889508178" lon="118.8199901952" />
      <trkpt lat="31.8889520937" lon="118.8199887056" />
      <trkpt lat="31.8889533214" lon="118.8199871609" />
      <trkpt lat="31.8889544990" lon="118.8199855630" />
      <trkpt lat="31.8889556248" lon="118.8199839141" />
      <trkpt lat="31.8889566976" lon="118.8199822169" />
      <trkpt lat="31.8889577161" lon="118.8199804739" />
      <trkpt lat="31.8889586797" lon="118.8199786882" />
      <trkpt lat="31.8889595880" lon="118.8199768627" />
      <trkpt lat="31.8889604409" lon="118.8199750005" />
      <trkpt lat="31.8889612387" lon="118.8199731047" />
      <trkpt lat="31.8889619820" lon="118.8199711783" />
      <trkpt lat="31.8889626714" lon="118.8199692244" />
      <trkpt lat="31.8889633081" lon="118.8199672459" />
      <trkpt lat="31.8889638934" lon="118.8199652454" />
      <trkpt lat="31.8889644286" lon="118.8199632256" />
      <trkpt lat="31.8889649153" lon="118.8199611888" />
      <trkpt lat="31.8889653552" lon="118.8199591373" />
      <trkpt lat="31.8889657501" lon="118.8199570731" />
      <trkpt lat="31.8889661018" lon="118.8199549981" />
      <trkpt lat="31.8889664122" lon="118.8199529140" />
      <trkpt lat="31.8889666832" lon="118.8199508223" />
      <trkpt lat="31.8889669168" lon="118.8199487243" />
      <trkpt lat="31.8889671149" lon="118.8199466213" />
      <trkpt lat="31.8889672794" lon="118.8199445142" />
      <trkpt lat="31.8889674123" lon="118.8199424040" />
      <trkpt lat="31.8889675153" lon="118.8199402916" />
      <trkpt lat="31.8889675905" lon="118.8199381775" />
      <trkpt lat="31.8889676397" lon="118.8199360623" />
      <trkpt lat="31.8889676647" lon="118.8199339465" />
      <trkpt lat="31.8889676674" lon="118.8199318306" />
      <trkpt lat="31.8889676495" lon="118.8199297147" />
      <trkpt lat="31.8889676129" lon="118.8199275992" />
      <trkpt lat="31.8889675593" lon="118.8199254841" />
      <trkpt lat="31.8889674906" lon="118.8199233697" />
      <trkpt lat="31.8889674086" lon="118.8199212559" />
      <trkpt lat="31.8889673150" lon="118.8199191428" />
      <trkpt lat="31.8889672116" lon="118.8199170304" />
      <trkpt lat="31.8889671005" lon="118.8199149184" />
      <trkpt lat="31.8889669833" lon="118.8199128070" />
      <trkpt lat="31.8889668621" lon="118.8199106958" />
      <trkpt lat="31.8889667389" lon="118.8199085848" />
      <trkpt lat="31.8889666153" lon="118.8199064738" />
      <trkpt lat="31.8889664918" lon="118.8199043629" />
      <trkpt lat="31.8889663682" lon="118.8199022519" />
      <trkpt lat="31.8889662447" lon="118.8199001409" />
      <trkpt lat="31.8889661211" lon="118.8198980300" />
      <trkpt lat="31.8889659975" lon="118.8198959190" />
      <trkpt lat="31.8889658740" lon="118.8198938080" />
      <trkpt lat="31.8889657504" lon="118.8198916971" />
      <trkpt lat="31.8889656268" lon="118.8198895861" />
      <trkpt lat="31.8889655033" lon="118.8198874751" />
      <trkpt lat="31.8889653797" lon="118.8198853642" />
      <trkpt lat="31.8889652562" lon="118.8198832532" />
      <trkpt lat="31.8889651326" lon="118.8198811422" />
      <trkpt lat="31.8889650090" lon="118.8198790312" />
      <trkpt lat="31.8889648855" lon="118.8198769203" />
      <trkpt lat="31.8889647619" lon="118.8198748093" />
      <trkpt lat="31.8889646383" lon="118.8198726983" />
      <trkpt lat="31.8889645148" lon="118.8198705874" />
      <trkpt lat="31.8889643912" lon="118.8198684764" />
      <trkpt lat="31.8889642677" lon="118.8198663654" />
      <trkpt lat="31.8889641441" lon="118.8198642545" />
      <trkpt lat="31.8889640205" lon="118.8198621435" />
      <trkpt lat="31.8889638970" lon="118.8198600325" />
      <trkpt lat="31.8889637734" lon="118.8198579216" />
      <trkpt lat="31.8889636498" lon="118.8198558106" />
      <trkpt lat="31.8889635263" lon="118.8198536996" />
      <trkpt lat="31.8889634027" lon="118.8198515887" />
      <trkpt lat="31.8889632792" lon="118.8198494777" />
      <trkpt lat="31.8889631556" lon="118.8198473667" />
      <trkpt lat="31.8889630320" lon="118.8198452557" />
      <trkpt lat="31.8889629085" lon="118.8198431448" />
      <trkpt lat="31.8889627849" lon="118.8198410338" />
      <trkpt lat="31.8889626613" lon="118.8198389228" />
      <trkpt lat="31.8889625378" lon="118.8198368119" />
      <trkpt lat="31.8889624142" lon="118.8198347009" />
      <trkpt lat="31.8889622906" lon="118.8198325899" />
      <trkpt lat="31.8889621671" lon="118.8198304790" />
      <trkpt lat="31.8889620435" lon="118.8198283680" />
      <trkpt lat="31.8889619200" lon="118.8198262570" />
      <trkpt lat="31.8889617964" lon="118.8198241461" />
      <trkpt lat="31.8889616728" lon="118.8198220351" />
      <trkpt lat="31.8889615493" lon="118.8198199241" />
      <trkpt lat="31.8889614257" lon="118.8198178132" />
      <trkpt lat="31.8889613021" lon="118.8198157022" />
      <trkpt lat="31.8889611786" lon="118.8198135912" />
      <trkpt lat="31.8889610550" lon="118.8198114802" />
      <trkpt lat="31.8889609315" lon="118.8198093693" />
      <trkpt lat="31.8889608079" lon="118.8198072583" />
      <trkpt lat="31.8889606843" lon="118.8198051473" />
      <trkpt lat="31.8889605608" lon="118.8198030364" />
      <trkpt lat="31.8889604372" lon="118.8198009254" />
      <trkpt lat="31.8889603136" lon="118.8197988144" />
      <trkpt lat="31.8889601901" lon="118.8197967035" />
      <trkpt lat="31.8889600665" lon="118.8197945925" />
      <trkpt lat="31.8889599430" lon="118.8197924815" />
      <trkpt lat="31.8889598194" lon="118.8197903706" />
      <trkpt lat="31.8889596958" lon="118.8197882596" />
      <trkpt lat="31.8889595723" lon="118.8197861486" />
      <trkpt lat="31.8889594487" lon="118.8197840377" />
      <trkpt lat="31.8889593251" lon="118.8197819267" />
      <trkpt lat="31.8889592016" lon="118.8197798157" />
      <trkpt lat="31.8889590780" lon="118.8197777047" />
      <trkpt lat="31.8889589545" lon="118.8197755938" />
      <trkpt lat="31.8889588309" lon="118.8197734828" />
      <trkpt lat="31.8889587073" lon="118.8197713718" />
      <trkpt lat="31.8889585838" lon="118.8197692609" />
      <trkpt lat="31.8889584602" lon="118.8197671499" />
      <trkpt lat="31.8889583366" lon="118.8197650389" />
      <trkpt lat="31.8889582131" lon="118.8197629280" />
      <trkpt lat="31.8889580895" lon="118.8197608170" />
      <trkpt lat="31.8889579660" lon="118.8197587060" />
      <trkpt lat="31.8889578424" lon="118.8197565951" />
      <trkpt lat="31.8889577188" lon="118.8197544841" />
      <trkpt lat="31.8889575953" lon="118.8197523731" />
      <trkpt lat="31.8889574717" lon="118.8197502622" />
      <trkpt lat="31.8889573481" lon="118.8197481512" />
      <trkpt lat="31.8889572246" lon="118.8197460402" />
      <trkpt lat="31.8889571010" lon="118.8197439292" />
      <trkpt lat="31.8889569775" lon="118.8197418183" />
      <trkpt lat="31.8889568539" lon="118.8197397073" />
      <trkpt lat="31.8889567303" lon="118.8197375963" />
      <trkpt lat="31.8889566068" lon="118.8197354854" />
      <trkpt lat="31.8889564832" lon="118.8197333744" />
      <trkpt lat="31.8889563596" lon="118.8197312634" />
      <trkpt lat="31.8889562361" lon="118.8197291525" />
      <trkpt lat="31.8889561125" lon="118.8197270415" />
      <trkpt lat="31.8889559890" lon="118.8197249305" />
      <trkpt lat="31.8889558654" lon="118.8197228196" />
      <trkpt lat="31.8889557418" lon="118.8197207086" />
      <trkpt lat="31.8889556183" lon="118.8197185976" />
      <trkpt lat="31.8889554947" lon="118.8197164867" />
      <trkpt lat="31.8889553711" lon="118.8197143757" />
      <trkpt lat="31.8889552476" lon="118.8197122647" />
      <trkpt lat="31.8889551240" lon="118.8197101537" />
      <trkpt lat="31.8889550004" lon="118.8197080428" />
      <trkpt lat="31.8889548769" lon="118.8197059318" />
      <trkpt lat="31.8889547533" lon="118.8197038208" />
      <trkpt lat="31.8889546298" lon="118.8197017099" />
      <trkpt lat="31.8889545062" lon="118.8196995989" />
      <trkpt lat="31.8889543826" lon="118.8196974879" />
      <trkpt lat="31.8889542591" lon="118.8196953770" />
      <trkpt lat="31.8889541355" lon="118.8196932660" />
      <trkpt lat="31.8889540119" lon="118.8196911550" />
      <trkpt lat="31.8889538884" lon="118.8196890441" />
      <trkpt lat="31.8889537648" lon="118.8196869331" />
      <trkpt lat="31.8889536413" lon="118.8196848221" />
      <trkpt lat="31.8889535177" lon="118.8196827112" />
      <trkpt lat="31.8889533941" lon="118.8196806002" />
      <trkpt lat="31.8889532706" lon="118.8196784892" />
      <trkpt lat="31.8889531470" lon="118.8196763782" />
      <trkpt lat="31.8889530234" lon="118.8196742673" />
      <trkpt lat="31.8889528999" lon="118.8196721563" />
      <trkpt lat="31.8889527763" lon="118.8196700453" />
      <trkpt lat="31.8889526528" lon="118.8196679344" />
      <trkpt lat="31.8889525292" lon="118.8196658234" />
      <trkpt lat="31.8889524056" lon="118.8196637124" />
      <trkpt lat="31.8889522821" lon="118.8196616015" />
      <trkpt lat="31.8889521585" lon="118.8196594905" />
      <trkpt lat="31.8889520349" lon="118.8196573795" />
      <trkpt lat="31.8889519114" lon="118.8196552686" />
      <trkpt lat="31.8889517878" lon="118.8196531576" />
      <trkpt lat="31.8889516643" lon="118.8196510466" />
      <trkpt lat="31.8889515407" lon="118.8196489357" />
      <trkpt lat="31.8889514171" lon="118.8196468247" />
      <trkpt lat="31.8889512936" lon="118.8196447137" />
      <trkpt lat="31.8889511700" lon="118.8196426028" />
      <trkpt lat="31.8889510464" lon="118.8196404918" />
      <trkpt lat="31.8889509229" lon="118.8196383808" />
      <trkpt lat="31.8889507993" lon="118.8196362698" />
      <trkpt lat="31.8889506758" lon="118.8196341589" />
      <trkpt lat="31.8889505522" lon="118.8196320479" />
      <trkpt lat="31.8889504286" lon="118.8196299369" />
      <trkpt lat="31.8889503051" lon="118.8196278260" />
      <trkpt lat="31.8889501815" lon="118.8196257150" />
      <trkpt lat="31.8889500579" lon="118.8196236040" />
      <trkpt lat="31.8889499344" lon="118.8196214931" />
      <trkpt lat="31.8889498108" lon="118.8196193821" />
      <trkpt lat="31.8889496873" lon="118.8196172711" />
      <trkpt lat="31.8889495637" lon="118.8196151602" />
      <trkpt lat="31.8889494401" lon="118.8196130492" />
      <trkpt lat="31.8889493166" lon="118.8196109382" />
      <trkpt lat="31.8889491930" lon="118.8196088273" />
      <trkpt lat="31.8889490694" lon="118.8196067163" />
      <trkpt lat="31.8889489459" lon="118.8196046053" />
      <trkpt lat="31.8889488223" lon="118.8196024943" />
      <trkpt lat="31.8889486988" lon="118.8196003834" />
      <trkpt lat="31.8889485752" lon="118.8195982724" />
      <trkpt lat="31.8889484516" lon="118.8195961614" />
      <trkpt lat="31.8889483281" lon="118.8195940505" />
      <trkpt lat="31.8889482045" lon="118.8195919395" />
      <trkpt lat="31.8889480809" lon="118.8195898285" />
      <trkpt lat="31.8889479574" lon="118.8195877176" />
      <trkpt lat="31.8889478338" lon="118.8195856066" />
      <trkpt lat="31.8889477102" lon="118.8195834956" />
      <trkpt lat="31.8889475867" lon="118.8195813847" />
      <trkpt lat="31.8889474631" lon="118.8195792737" />
      <trkpt lat="31.8889473396" lon="118.8195771627" />
      <trkpt lat="31.8889472160" lon="118.8195750518" />
      <trkpt lat="31.8889470924" lon="118.8195729408" />
      <trkpt lat="31.8889469689" lon="118.8195708298" />
      <trkpt lat="31.8889468453" lon="118.8195687188" />
      <trkpt lat="31.8889467217" lon="118.8195666079" />
      <trkpt lat="31.8889465982" lon="118.8195644969" />
      <trkpt lat="31.8889464746" lon="118.8195623859" />
      <trkpt lat="31.8889463511" lon="118.8195602750" />
      <trkpt lat="31.8889462275" lon="118.8195581640" />
      <trkpt lat="31.8889461039" lon="118.8195560530" />
      <trkpt lat="31.8889459804" lon="118.8195539421" />
      <trkpt lat="31.8889458568" lon="118.8195518311" />
      <trkpt lat="31.8889457332" lon="118.8195497201" />
      <trkpt lat="31.8889456097" lon="118.8195476092" />
      <trkpt lat="31.8889454861" lon="118.8195454982" />
      <trkpt lat="31.8889453626" lon="118.8195433872" />
      <trkpt lat="31.8889452390" lon="118.8195412763" />
      <trkpt lat="31.8889451154" lon="118.8195391653" />
      <trkpt lat="31.8889449919" lon="118.8195370543" />
      <trkpt lat="31.8889448683" lon="118.8195349433" />
      <trkpt lat="31.8889447447" lon="118.8195328324" />
      <trkpt lat="31.8889446212" lon="118.8195307214" />
      <trkpt lat="31.8889444976" lon="118.8195286104" />
      <trkpt lat="31.8889443741" lon="118.8195264995" />
      <trkpt lat="31.8889442505" lon="118.8195243885" />
      <trkpt lat="31.8889441269" lon="118.8195222775" />
      <trkpt lat="31.8889440034" lon="118.8195201666" />
      <trkpt lat="31.8889438798" lon="118.8195180556" />
      <trkpt lat="31.8889437562" lon="118.8195159446" />
      <trkpt lat="31.8889436327" lon="118.8195138337" />
      <trkpt lat="31.8889435091" lon="118.8195117227" />
      <trkpt lat="31.8889433856" lon="118.8195096117" />
      <trkpt lat="31.8889432620" lon="118.8195075008" />
      <trkpt lat="31.8889431384" lon="118.8195053898" />
      <trkpt lat="31.8889430149" lon="118.8195032788" />
      <trkpt lat="31.8889428913" lon="118.8195011678" />
      <trkpt lat="31.8889427677" lon="118.8194990569" />
      <trkpt lat="31.8889426442" lon="118.8194969459" />
      <trkpt lat="31.8889425206" lon="118.8194948349" />
      <trkpt lat="31.8889423971" lon="118.8194927240" />
      <trkpt lat="31.8889422735" lon="118.8194906130" />
      <trkpt lat="31.8889421499" lon="118.8194885020" />
      <trkpt lat="31.8889420264" lon="118.8194863911" />
      <trkpt lat="31.8889419028" lon="118.8194842801" />
      <trkpt lat="31.8889417792" lon="118.8194821691" />
      <trkpt lat="31.8889416557" lon="118.8194800582" />
      <trkpt lat="31.8889415321" lon="118.8194779472" />
      <trkpt lat="31.8889414086" lon="118.8194758362" />
      <trkpt lat="31.8889412850" lon="118.8194737253" />
      <trkpt lat="31.8889411614" lon="118.8194716143" />
      <trkpt lat="31.8889410379" lon="118.8194695033" />
      <trkpt lat="31.8889409143" lon="118.8194673923" />
      <trkpt lat="31.8889407907" lon="118.8194652814" />
      <trkpt lat="31.8889406672" lon="118.8194631704" />
      <trkpt lat="31.8889405436" lon="118.8194610594" />
      <trkpt lat="31.8889404200" lon="118.8194589485" />
      <trkpt lat="31.8889402965" lon="118.8194568375" />
      <trkpt lat="31.8889401729" lon="118.8194547265" />
      <trkpt lat="31.8889400494" lon="118.8194526156" />
      <trkpt lat="31.8889399258" lon="118.8194505046" />
      <trkpt lat="31.8889398022" lon="118.8194483936" />
      <trkpt lat="31.8889396787" lon="118.8194462827" />
      <trkpt lat="31.8889395551" lon="118.8194441717" />
      <trkpt lat="31.8889394315" lon="118.8194420607" />
      <trkpt lat="31.8889393080" lon="118.8194399498" />
      <trkpt lat="31.8889391844" lon="118.8194378388" />
      <trkpt lat="31.8889390609" lon="118.8194357278" />
      <trkpt lat="31.8889389373" lon="118.8194336168" />
      <trkpt lat="31.8889388137" lon="118.8194315059" />
      <trkpt lat="31.8889386902" lon="118.8194293949" />
      <trkpt lat="31.8889385666" lon="118.8194272839" />
      <trkpt lat="31.8889384430" lon="118.8194251730" />
      <trkpt lat="31.8889383195" lon="118.8194230620" />
      <trkpt lat="31.8889381959" lon="118.8194209510" />
      <trkpt lat="31.8889380724" lon="118.8194188401" />
      <trkpt lat="31.8889379488" lon="118.8194167291" />
      <trkpt lat="31.8889378252" lon="118.8194146181" />
      <trkpt lat="31.8889377017" lon="118.8194125072" />
      <trkpt lat="31.8889375781" lon="118.8194103962" />
      <trkpt lat="31.8889374545" lon="118.8194082852" />
      <trkpt lat="31.8889373310" lon="118.8194061743" />
      <trkpt lat="31.8889372074" lon="118.8194040633" />
      <trkpt lat="31.8889370839" lon="118.8194019523" />
      <trkpt lat="31.8889369603" lon="118.8193998413" />
      <trkpt lat="31.8889368367" lon="118.8193977304" />
      <trkpt lat="31.8889367132" lon="118.8193956194" />
      <trkpt lat="31.8889365896" lon="118.8193935084" />
      <trkpt lat="31.8889364660" lon="118.8193913975" />
      <trkpt lat="31.8889363425" lon="118.8193892865" />
      <trkpt lat="31.8889362189" lon="118.8193871755" />
      <trkpt lat="31.8889360954" lon="118.8193850646" />
      <trkpt lat="31.8889359718" lon="118.8193829536" />
      <trkpt lat="31.8889358482" lon="118.8193808426" />
      <trkpt lat="31.8889357247" lon="118.8193787317" />
      <trkpt lat="31.8889356011" lon="118.8193766207" />
      <trkpt lat="31.8889354775" lon="118.8193745097" />
      <trkpt lat="31.8889353540" lon="118.8193723988" />
      <trkpt lat="31.8889352304" lon="118.8193702878" />
      <trkpt lat="31.8889351069" lon="118.8193681768" />
      <trkpt lat="31.8889349833" lon="118.8193660658" />
      <trkpt lat="31.8889348597" lon="118.8193639549" />
      <trkpt lat="31.8889347362" lon="118.8193618439" />
      <trkpt lat="31.8889346126" lon="118.8193597329" />
      <trkpt lat="31.8889344890" lon="118.8193576220" />
      <trkpt lat="31.8889343655" lon="118.8193555110" />
      <trkpt lat="31.8889342419" lon="118.8193534000" />
      <trkpt lat="31.8889341184" lon="118.8193512891" />
      <trkpt lat="31.8889339948" lon="118.8193491781" />
      <trkpt lat="31.8889338712" lon="118.8193470671" />
      <trkpt lat="31.8889337477" lon="118.8193449562" />
      <trkpt lat="31.8889336241" lon="118.8193428452" />
      <trkpt lat="31.8889335005" lon="118.8193407342" />
      <trkpt lat="31.8889333770" lon="118.8193386233" />
      <trkpt lat="31.8889332534" lon="118.8193365123" />
      <trkpt lat="31.8889331298" lon="118.8193344013" />
      <trkpt lat="31.8889330063" lon="118.8193322903" />
      <trkpt lat="31.8889328827" lon="118.8193301794" />
      <trkpt lat="31.8889327592" lon="118.8193280684" />
      <trkpt lat="31.8889326356" lon="118.8193259574" />
      <trkpt lat="31.8889325120" lon="118.8193238465" />
      <trkpt lat="31.8889323885" lon="118.8193217355" />
      <trkpt lat="31.8889322649" lon="118.8193196245" />
      <trkpt lat="31.8889321413" lon="118.8193175136" />
      <trkpt lat="31.8889320178" lon="118.8193154026" />
      <trkpt lat="31.8889318942" lon="118.8193132916" />
      <trkpt lat="31.8889317707" lon="118.8193111807" />
      <trkpt lat="31.8889316471" lon="118.8193090697" />
      <trkpt lat="31.8889315235" lon="118.8193069587" />
      <trkpt lat="31.8889314000" lon="118.8193048478" />
      <trkpt lat="31.8889312764" lon="118.8193027368" />
      <trkpt lat="31.8889311528" lon="118.8193006258" />
      <trkpt lat="31.8889310293" lon="118.8192985148" />
      <trkpt lat="31.8889309057" lon="118.8192964039" />
      <trkpt lat="31.8889307822" lon="118.8192942929" />
      <trkpt lat="31.8889306586" lon="118.8192921819" />
      <trkpt lat="31.8889305350" lon="118.8192900710" />
      <trkpt lat="31.8889304115" lon="118.8192879600" />
      <trkpt lat="31.8889302879" lon="118.8192858490" />
      <trkpt lat="31.8889301643" lon="118.8192837381" />
      <trkpt lat="31.8889300408" lon="118.8192816271" />
      <trkpt lat="31.8889299172" lon="118.8192795161" />
      <trkpt lat="31.8889297937" lon="118.8192774052" />
      <trkpt lat="31.8889296701" lon="118.8192752942" />
      <trkpt lat="31.8889295465" lon="118.8192731832" />
      <trkpt lat="31.8889294230" lon="118.8192710723" />
      <trkpt lat="31.8889292994" lon="118.8192689613" />
      <trkpt lat="31.8889291758" lon="118.8192668503" />
      <trkpt lat="31.8889290523" lon="118.8192647393" />
      <trkpt lat="31.8889289287" lon="118.8192626284" />
      <trkpt lat="31.8889288052" lon="118.8192605174" />
      <trkpt lat="31.8889286816" lon="118.8192584064" />
      <trkpt lat="31.8889285580" lon="118.8192562955" />
      <trkpt lat="31.8889284345" lon="118.8192541845" />
      <trkpt lat="31.8889283109" lon="118.8192520735" />
      <trkpt lat="31.8889281873" lon="118.8192499626" />
      <trkpt lat="31.8889280638" lon="118.8192478516" />
      <trkpt lat="31.8889279402" lon="118.8192457406" />
      <trkpt lat="31.8889278167" lon="118.8192436297" />
      <trkpt lat="31.8889276931" lon="118.8192415187" />
      <trkpt lat="31.8889275695" lon="118.8192394077" />
      <trkpt lat="31.8889274460" lon="118.8192372968" />
      <trkpt lat="31.8889273224" lon="118.8192351858" />
      <trkpt lat="31.8889271988" lon="118.8192330748" />
      <trkpt lat="31.8889270753" lon="118.8192309639" />
      <trkpt lat="31.8889269517" lon="118.8192288529" />
      <trkpt lat="31.8889268282" lon="118.8192267419" />
      <trkpt lat="31.8889267046" lon="118.8192246309" />
      <trkpt lat="31.8889265810" lon="118.8192225200" />
      <trkpt lat="31.8889264575" lon="118.8192204090" />
      <trkpt lat="31.8889263339" lon="118.8192182980" />
      <trkpt lat="31.8889262103" lon="118.8192161871" />
      <trkpt lat="31.8889260868" lon="118.8192140761" />
      <trkpt lat="31.8889259632" lon="118.8192119651" />
      <trkpt lat="31.8889258396" lon="118.8192098542" />
      <trkpt lat="31.8889257161" lon="118.8192077432" />
      <trkpt lat="31.8889255925" lon="118.8192056322" />
      <trkpt lat="31.8889254690" lon="118.8192035213" />
      <trkpt lat="31.8889253454" lon="118.8192014103" />
      <trkpt lat="31.8889252218" lon="118.8191992993" />
      <trkpt lat="31.8889250983" lon="118.8191971884" />
      <trkpt lat="31.8889249747" lon="118.8191950774" />
      <trkpt lat="31.8889248511" lon="118.8191929664" />
      <trkpt lat="31.8889247276" lon="118.8191908554" />
      <trkpt lat="31.8889246040" lon="118.8191887445" />
      <trkpt lat="31.8889244805" lon="118.8191866335" />
      <trkpt lat="31.8889243569" lon="118.8191845225" />
      <trkpt lat="31.8889242333" lon="118.8191824116" />
      <trkpt lat="31.8889241098" lon="118.8191803006" />
      <trkpt lat="31.8889239862" lon="118.8191781896" />
      <trkpt lat="31.8889238626" lon="118.8191760787" />
      <trkpt lat="31.8889237391" lon="118.8191739677" />
      <trkpt lat="31.8889236155" lon="118.8191718567" />
      <trkpt lat="31.8889234920" lon="118.8191697458" />
      <trkpt lat="31.8889233684" lon="118.8191676348" />
      <trkpt lat="31.8889232448" lon="118.8191655238" />
      <trkpt lat="31.8889231213" lon="118.8191634129" />
      <trkpt lat="31.8889229977" lon="118.8191613019" />
      <trkpt lat="31.8889228741" lon="118.8191591909" />
      <trkpt lat="31.8889227506" lon="118.8191570799" />
      <trkpt lat="31.8889226270" lon="118.8191549690" />
      <trkpt lat="31.8889225035" lon="118.8191528580" />
      <trkpt lat="31.8889223799" lon="118.8191507470" />
      <trkpt lat="31.8889222563" lon="118.8191486361" />
      <trkpt lat="31.8889221328" lon="118.8191465251" />
      <trkpt lat="31.8889220092" lon="118.8191444141" />
      <trkpt lat="31.8889218856" lon="118.8191423032" />
      <trkpt lat="31.8889217621" lon="118.8191401922" />
      <trkpt lat="31.8889216385" lon="118.8191380812" />
      <trkpt lat="31.8889215150" lon="118.8191359703" />
      <trkpt lat="31.8889213914" lon="118.8191338593" />
      <trkpt lat="31.8889212678" lon="118.8191317483" />
      <trkpt lat="31.8889211443" lon="118.8191296374" />
      <trkpt lat="31.8889210207" lon="118.8191275264" />
      <trkpt lat="31.8889208971" lon="118.8191254154" />
      <trkpt lat="31.8889207736" lon="118.8191233044" />
      <trkpt lat="31.8889206500" lon="118.8191211935" />
      <trkpt lat="31.8889205265" lon="118.8191190825" />
      <trkpt lat="31.8889204029" lon="118.8191169715" />
      <trkpt lat="31.8889202793" lon="118.8191148606" />
      <trkpt lat="31.8889201558" lon="118.8191127496" />
      <trkpt lat="31.8889200322" lon="118.8191106386" />
      <trkpt lat="31.8889199086" lon="118.8191085277" />
      <trkpt lat="31.8889197851" lon="118.8191064167" />
      <trkpt lat="31.8889196615" lon="118.8191043057" />
      <trkpt lat="31.8889195380" lon="118.8191021948" />
      <trkpt lat="31.8889194144" lon="118.8191000838" />
      <trkpt lat="31.8889192908" lon="118.8190979728" />
      <trkpt lat="31.8889191673" lon="118.8190958619" />
      <trkpt lat="31.8889190437" lon="118.8190937509" />
      <trkpt lat="31.8889189201" lon="118.8190916399" />
      <trkpt lat="31.8889187966" lon="118.8190895289" />
      <trkpt lat="31.8889186730" lon="118.8190874180" />
      <trkpt lat="31.8889185494" lon="118.8190853070" />
      <trkpt lat="31.8889184259" lon="118.8190831960" />
      <trkpt lat="31.8889183023" lon="118.8190810851" />
      <trkpt lat="31.8889181788" lon="118.8190789741" />
      <trkpt lat="31.8889180552" lon="118.8190768631" />
      <trkpt lat="31.8889179316" lon="118.8190747522" />
      <trkpt lat="31.8889178081" lon="118.8190726412" />
      <trkpt lat="31.8889176845" lon="118.8190705302" />
      <trkpt lat="31.8889175609" lon="118.8190684193" />
      <trkpt lat="31.8889174374" lon="118.8190663083" />
      <trkpt lat="31.8889173138" lon="118.8190641973" />
      <trkpt lat="31.8889171903" lon="118.8190620864" />
      <trkpt lat="31.8889170667" lon="118.8190599754" />
      <trkpt lat="31.8889169431" lon="118.8190578644" />
      <trkpt lat="31.8889168196" lon="118.8190557534" />
      <trkpt lat="31.8889166960" lon="118.8190536425" />
      <trkpt lat="31.8889165724" lon="118.8190515315" />
      <trkpt lat="31.8889164489" lon="118.8190494205" />
      <trkpt lat="31.8889163253" lon="118.8190473096" />
      <trkpt lat="31.8889162018" lon="118.8190451986" />
      <trkpt lat="31.8889160782" lon="118.8190430876" />
      <trkpt lat="31.8889159546" lon="118.8190409767" />
      <trkpt lat="31.8889158311" lon="118.8190388657" />
      <trkpt lat="31.8889157075" lon="118.8190367547" />
      <trkpt lat="31.8889155839" lon="118.8190346438" />
      <trkpt lat="31.8889154604" lon="118.8190325328" />
      <trkpt lat="31.8889153368" lon="118.8190304218" />
      <trkpt lat="31.8889152133" lon="118.8190283109" />
      <trkpt lat="31.8889150897" lon="118.8190261999" />
      <trkpt lat="31.8889149661" lon="118.8190240889" />
      <trkpt lat="31.8889148426" lon="118.8190219779" />
      <trkpt lat="31.8889147190" lon="118.8190198670" />
      <trkpt lat="31.8889145954" lon="118.8190177560" />
      <trkpt lat="31.8889144719" lon="118.8190156450" />
      <trkpt lat="31.8889143483" lon="118.8190135341" />
      <trkpt lat="31.8889142248" lon="118.8190114231" />
      <trkpt lat="31.8889141012" lon="118.8190093121" />
      <trkpt lat="31.8889139776" lon="118.8190072012" />
      <trkpt lat="31.8889138541" lon="118.8190050902" />
      <trkpt lat="31.8889137305" lon="118.8190029792" />
      <trkpt lat="31.8889136069" lon="118.8190008683" />
      <trkpt lat="31.8889134834" lon="118.8189987573" />
      <trkpt lat="31.8889133598" lon="118.8189966463" />
      <trkpt lat="31.8889132363" lon="118.8189945354" />
      <trkpt lat="31.8889131127" lon="118.8189924244" />
      <trkpt lat="31.8889129891" lon="118.8189903134" />
      <trkpt lat="31.8889128656" lon="118.8189882024" />
      <trkpt lat="31.8889127420" lon="118.8189860915" />
      <trkpt lat="31.8889126184" lon="118.8189839805" />
      <trkpt lat="31.8889124949" lon="118.8189818695" />
      <trkpt lat="31.8889123713" lon="118.8189797586" />
      <trkpt lat="31.8889122478" lon="118.8189776476" />
      <trkpt lat="31.8889121242" lon="118.8189755366" />
      <trkpt lat="31.8889120006" lon="118.8189734257" />
      <trkpt lat="31.8889118771" lon="118.8189713147" />
      <trkpt lat="31.8889117535" lon="118.8189692037" />
      <trkpt lat="31.8889116299" lon="118.8189670928" />
      <trkpt lat="31.8889115064" lon="118.8189649818" />
      <trkpt lat="31.8889113828" lon="118.8189628708" />
      <trkpt lat="31.8889112592" lon="118.8189607599" />
      <trkpt lat="31.8889111357" lon="118.8189586489" />
      <trkpt lat="31.8889110121" lon="118.8189565379" />
      <trkpt lat="31.8889108886" lon="118.8189544269" />
      <trkpt lat="31.8889107650" lon="118.8189523160" />
      <trkpt lat="31.8889106414" lon="118.8189502050" />
      <trkpt lat="31.8889105179" lon="118.8189480940" />
      <trkpt lat="31.8889103943" lon="118.8189459831" />
      <trkpt lat="31.8889102707" lon="118.8189438721" />
      <trkpt lat="31.8889101472" lon="118.8189417611" />
      <trkpt lat="31.8889100236" lon="118.8189396502" />
      <trkpt lat="31.8889099001" lon="118.8189375392" />
      <trkpt lat="31.8889097765" lon="118.8189354282" />
      <trkpt lat="31.8889096529" lon="118.8189333173" />
      <trkpt lat="31.8889095294" lon="118.8189312063" />
      <trkpt lat="31.8889094058" lon="118.8189290953" />
      <trkpt lat="31.8889092822" lon="118.8189269844" />
      <trkpt lat="31.8889091587" lon="118.8189248734" />
      <trkpt lat="31.8889090351" lon="118.8189227624" />
      <trkpt lat="31.8889089116" lon="118.8189206514" />
      <trkpt lat="31.8889087880" lon="118.8189185405" />
      <trkpt lat="31.8889086644" lon="118.8189164295" />
      <trkpt lat="31.8889085409" lon="118.8189143185" />
      <trkpt lat="31.8889084173" lon="118.8189122076" />
      <trkpt lat="31.8889082937" lon="118.8189100966" />
      <trkpt lat="31.8889081702" lon="118.8189079856" />
      <trkpt lat="31.8889080466" lon="118.8189058747" />
      <trkpt lat="31.8889079231" lon="118.8189037637" />
      <trkpt lat="31.8889077995" lon="118.8189016527" />
      <trkpt lat="31.8889076759" lon="118.8188995418" />
      <trkpt lat="31.8889075524" lon="118.8188974308" />
      <trkpt lat="31.8889074288" lon="118.8188953198" />
      <trkpt lat="31.8889073052" lon="118.8188932089" />
      <trkpt lat="31.8889071817" lon="118.8188910979" />
      <trkpt lat="31.8889070581" lon="118.8188889869" />
      <trkpt lat="31.8889069346" lon="118.8188868759" />
      <trkpt lat="31.8889068110" lon="118.8188847650" />
      <trkpt lat="31.8889066874" lon="118.8188826540" />
      <trkpt lat="31.8889065639" lon="118.8188805430" />
      <trkpt lat="31.8889064403" lon="118.8188784321" />
      <trkpt lat="31.8889063167" lon="118.8188763211" />
      <trkpt lat="31.8889061932" lon="118.8188742101" />
      <trkpt lat="31.8889060696" lon="118.8188720992" />
      <trkpt lat="31.8889059461" lon="118.8188699882" />
      <trkpt lat="31.8889058225" lon="118.8188678772" />
      <trkpt lat="31.8889056989" lon="118.8188657663" />
      <trkpt lat="31.8889055754" lon="118.8188636553" />
      <trkpt lat="31.8889054518" lon="118.8188615443" />
      <trkpt lat="31.8889053282" lon="118.8188594334" />
      <trkpt lat="31.8889052047" lon="118.8188573224" />
      <trkpt lat="31.8889050811" lon="118.8188552114" />
      <trkpt lat="31.8889049576" lon="118.8188531004" />
      <trkpt lat="31.8889048340" lon="118.8188509895" />
      <trkpt lat="31.8889047104" lon="118.8188488785" />
      <trkpt lat="31.8889045869" lon="118.8188467675" />
      <trkpt lat="31.8889044633" lon="118.8188446566" />
      <trkpt lat="31.8889043397" lon="118.8188425456" />
      <trkpt lat="31.8889042162" lon="118.8188404346" />
      <trkpt lat="31.8889040926" lon="118.8188383237" />
      <trkpt lat="31.8889039690" lon="118.8188362127" />
      <trkpt lat="31.8889038455" lon="118.8188341017" />
      <trkpt lat="31.8889037219" lon="118.8188319908" />
      <trkpt lat="31.8889035984" lon="118.8188298798" />
      <trkpt lat="31.8889034748" lon="118.8188277688" />
      <trkpt lat="31.8889033512" lon="118.8188256579" />
      <trkpt lat="31.8889032277" lon="118.8188235469" />
      <trkpt lat="31.8889031041" lon="118.8188214359" />
      <trkpt lat="31.8889029805" lon="118.8188193249" />
      <trkpt lat="31.8889028570" lon="118.8188172140" />
      <trkpt lat="31.8889027334" lon="118.8188151030" />
      <trkpt lat="31.8889026099" lon="118.8188129920" />
      <trkpt lat="31.8889024863" lon="118.8188108811" />
      <trkpt lat="31.8889023627" lon="118.8188087701" />
      <trkpt lat="31.8889022392" lon="118.8188066591" />
      <trkpt lat="31.8889021156" lon="118.8188045482" />
      <trkpt lat="31.8889019920" lon="118.8188024372" />
      <trkpt lat="31.8889018685" lon="118.8188003262" />
      <trkpt lat="31.8889017449" lon="118.8187982153" />
      <trkpt lat="31.8889016214" lon="118.8187961043" />
      <trkpt lat="31.8889014978" lon="118.8187939933" />
      <trkpt lat="31.8889013742" lon="118.8187918824" />
      <trkpt lat="31.8889012507" lon="118.8187897714" />
      <trkpt lat="31.8889011271" lon="118.8187876604" />
      <trkpt lat="31.8889010035" lon="118.8187855495" />
      <trkpt lat="31.8889008800" lon="118.8187834385" />
      <trkpt lat="31.8889007564" lon="118.8187813275" />
      <trkpt lat="31.8889006329" lon="118.8187792165" />
      <trkpt lat="31.8889005093" lon="118.8187771056" />
      <trkpt lat="31.8889003857" lon="118.8187749946" />
      <trkpt lat="31.8889002622" lon="118.8187728836" />
      <trkpt lat="31.8889001386" lon="118.8187707727" />
      <trkpt lat="31.8889000150" lon="118.8187686617" />
      <trkpt lat="31.8888998915" lon="118.8187665507" />
      <trkpt lat="31.8888997679" lon="118.8187644398" />
      <trkpt lat="31.8888996444" lon="118.8187623288" />
      <trkpt lat="31.8888995208" lon="118.8187602178" />
      <trkpt lat="31.8888993972" lon="118.8187581069" />
      <trkpt lat="31.8888992737" lon="118.8187559959" />
      <trkpt lat="31.8888991501" lon="118.8187538849" />
      <trkpt lat="31.8888990265" lon="118.8187517740" />
      <trkpt lat="31.8888989030" lon="118.8187496630" />
      <trkpt lat="31.8888987794" lon="118.8187475520" />
      <trkpt lat="31.8888986559" lon="118.8187454410" />
      <trkpt lat="31.8888985323" lon="118.8187433301" />
      <trkpt lat="31.8888984087" lon="118.8187412191" />
      <trkpt lat="31.8888982852" lon="118.8187391081" />
      <trkpt lat="31.8888981616" lon="118.8187369972" />
      <trkpt lat="31.8888980380" lon="118.8187348862" />
      <trkpt lat="31.8888979145" lon="118.8187327752" />
      <trkpt lat="31.8888977909" lon="118.8187306643" />
      <trkpt lat="31.8888976674" lon="118.8187285533" />
      <trkpt lat="31.8888975438" lon="118.8187264423" />
      <trkpt lat="31.8888974202" lon="118.8187243314" />
      <trkpt lat="31.8888972967" lon="118.8187222204" />
      <trkpt lat="31.8888971731" lon="118.8187201094" />
      <trkpt lat="31.8888970495" lon="118.8187179985" />
      <trkpt lat="31.8888969260" lon="118.8187158875" />
      <trkpt lat="31.8888968024" lon="118.8187137765" />
      <trkpt lat="31.8888966788" lon="118.8187116655" />
      <trkpt lat="31.8888965553" lon="118.8187095546" />
      <trkpt lat="31.8888964317" lon="118.8187074436" />
      <trkpt lat="31.8888963082" lon="118.8187053326" />
      <trkpt lat="31.8888961846" lon="118.8187032217" />
      <trkpt lat="31.8888960610" lon="118.8187011107" />
      <trkpt lat="31.8888959375" lon="118.8186989997" />
      <trkpt lat="31.8888958139" lon="118.8186968888" />
      <trkpt lat="31.8888956903" lon="118.8186947778" />
      <trkpt lat="31.8888955668" lon="118.8186926668" />
      <trkpt lat="31.8888954432" lon="118.8186905559" />
      <trkpt lat="31.8888953197" lon="118.8186884449" />
      <trkpt lat="31.8888951961" lon="118.8186863339" />
      <trkpt lat="31.8888950725" lon="118.8186842230" />
      <trkpt lat="31.8888949490" lon="118.8186821120" />
      <trkpt lat="31.8888948254" lon="118.8186800010" />
      <trkpt lat="31.8888947018" lon="118.8186778900" />
      <trkpt lat="31.8888945783" lon="118.8186757791" />
      <trkpt lat="31.8888944547" lon="118.8186736681" />
      <trkpt lat="31.8888943312" lon="118.8186715571" />
      <trkpt lat="31.8888942076" lon="118.8186694462" />
      <trkpt lat="31.8888940840" lon="118.8186673352" />
      <trkpt lat="31.8888939605" lon="118.8186652242" />
      <trkpt lat="31.8888938369" lon="118.8186631133" />
      <trkpt lat="31.8888937133" lon="118.8186610023" />
      <trkpt lat="31.8888935898" lon="118.8186588913" />
      <trkpt lat="31.8888934662" lon="118.8186567804" />
      <trkpt lat="31.8888933427" lon="118.8186546694" />
      <trkpt lat="31.8888932191" lon="118.8186525584" />
      <trkpt lat="31.8888930955" lon="118.8186504475" />
      <trkpt lat="31.8888929720" lon="118.8186483365" />
      <trkpt lat="31.8888928484" lon="118.8186462255" />
      <trkpt lat="31.8888927248" lon="118.8186441145" />
      <trkpt lat="31.8888926013" lon="118.8186420036" />
      <trkpt lat="31.8888924777" lon="118.8186398926" />
      <trkpt lat="31.8888923542" lon="118.8186377816" />
      <trkpt lat="31.8888922306" lon="118.8186356707" />
      <trkpt lat="31.8888921070" lon="118.8186335597" />
      <trkpt lat="31.8888919835" lon="118.8186314487" />
      <trkpt lat="31.8888918599" lon="118.8186293378" />
      <trkpt lat="31.8888917363" lon="118.8186272268" />
      <trkpt lat="31.8888916128" lon="118.8186251158" />
      <trkpt lat="31.8888914892" lon="118.8186230049" />
      <trkpt lat="31.8888913657" lon="118.8186208939" />
      <trkpt lat="31.8888912421" lon="118.8186187829" />
      <trkpt lat="31.8888911185" lon="118.8186166720" />
      <trkpt lat="31.8888909950" lon="118.8186145610" />
      <trkpt lat="31.8888908714" lon="118.8186124500" />
      <trkpt lat="31.8888907478" lon="118.8186103390" />
      <trkpt lat="31.8888906243" lon="118.8186082281" />
      <trkpt lat="31.8888905007" lon="118.8186061171" />
      <trkpt lat="31.8888903772" lon="118.8186040061" />
      <trkpt lat="31.8888902536" lon="118.8186018952" />
      <trkpt lat="31.8888901300" lon="118.8185997842" />
      <trkpt lat="31.8888900065" lon="118.8185976732" />
      <trkpt lat="31.8888898829" lon="118.8185955623" />
      <trkpt lat="31.8888897593" lon="118.8185934513" />
      <trkpt lat="31.8888896358" lon="118.8185913403" />
      <trkpt lat="31.8888895122" lon="118.8185892294" />
      <trkpt lat="31.8888893886" lon="118.8185871184" />
      <trkpt lat="31.8888892651" lon="118.8185850074" />
      <trkpt lat="31.8888891415" lon="118.8185828965" />
      <trkpt lat="31.8888890180" lon="118.8185807855" />
      <trkpt lat="31.8888888944" lon="118.8185786745" />
      <trkpt lat="31.8888887708" lon="118.8185765635" />
      <trkpt lat="31.8888886473" lon="118.8185744526" />
      <trkpt lat="31.8888885237" lon="118.8185723416" />
      <trkpt lat="31.8888884001" lon="118.8185702306" />
      <trkpt lat="31.8888882766" lon="118.8185681197" />
      <trkpt lat="31.8888881530" lon="118.8185660087" />
      <trkpt lat="31.8888880295" lon="118.8185638977" />
      <trkpt lat="31.8888879059" lon="118.8185617868" />
      <trkpt lat="31.8888877823" lon="118.8185596758" />
      <trkpt lat="31.8888876588" lon="118.8185575648" />
      <trkpt lat="31.8888875352" lon="118.8185554539" />
      <trkpt lat="31.8888874116" lon="118.8185533429" />
      <trkpt lat="31.8888872881" lon="118.8185512319" />
      <trkpt lat="31.8888871645" lon="118.8185491210" />
      <trkpt lat="31.8888870410" lon="118.8185470100" />
      <trkpt lat="31.8888869174" lon="118.8185448990" />
      <trkpt lat="31.8888867938" lon="118.8185427880" />
      <trkpt lat="31.8888866703" lon="118.8185406771" />
      <trkpt lat="31.8888865467" lon="118.8185385661" />
      <trkpt lat="31.8888864231" lon="118.8185364551" />
      <trkpt lat="31.8888862996" lon="118.8185343442" />
      <trkpt lat="31.8888861760" lon="118.8185322332" />
      <trkpt lat="31.8888860525" lon="118.8185301222" />
      <trkpt lat="31.8888859289" lon="118.8185280113" />
      <trkpt lat="31.8888858053" lon="118.8185259003" />
      <trkpt lat="31.8888856818" lon="118.8185237893" />
      <trkpt lat="31.8888855582" lon="118.8185216784" />
      <trkpt lat="31.8888854346" lon="118.8185195674" />
      <trkpt lat="31.8888853111" lon="118.8185174564" />
      <trkpt lat="31.8888851875" lon="118.8185153455" />
      <trkpt lat="31.8888850640" lon="118.8185132345" />
      <trkpt lat="31.8888849404" lon="118.8185111235" />
      <trkpt lat="31.8888848168" lon="118.8185090125" />
      <trkpt lat="31.8888846933" lon="118.8185069016" />
      <trkpt lat="31.8888845697" lon="118.8185047906" />
      <trkpt lat="31.8888844461" lon="118.8185026796" />
      <trkpt lat="31.8888843226" lon="118.8185005687" />
      <trkpt lat="31.8888841990" lon="118.8184984577" />
      <trkpt lat="31.8888840755" lon="118.8184963467" />
      <trkpt lat="31.8888839519" lon="118.8184942358" />
      <trkpt lat="31.8888838283" lon="118.8184921248" />
      <trkpt lat="31.8888837048" lon="118.8184900138" />
      <trkpt lat="31.8888835812" lon="118.8184879029" />
      <trkpt lat="31.8888834576" lon="118.8184857919" />
      <trkpt lat="31.8888833341" lon="118.8184836809" />
      <trkpt lat="31.8888832105" lon="118.8184815700" />
      <trkpt lat="31.8888830870" lon="118.8184794590" />
      <trkpt lat="31.8888829634" lon="118.8184773480" />
      <trkpt lat="31.8888828398" lon="118.8184752370" />
      <trkpt lat="31.8888827163" lon="118.8184731261" />
      <trkpt lat="31.8888825927" lon="118.8184710151" />
      <trkpt lat="31.8888824691" lon="118.8184689041" />
      <trkpt lat="31.8888823456" lon="118.8184667932" />
      <trkpt lat="31.8888822220" lon="118.8184646822" />
      <trkpt lat="31.8888820984" lon="118.8184625712" />
      <trkpt lat="31.8888819749" lon="118.8184604603" />
      <trkpt lat="31.8888818513" lon="118.8184583493" />
      <trkpt lat="31.8888817278" lon="118.8184562383" />
      <trkpt lat="31.8888816042" lon="118.8184541274" />
      <trkpt lat="31.8888814806" lon="118.8184520164" />
      <trkpt lat="31.8888813571" lon="118.8184499054" />
      <trkpt lat="31.8888812335" lon="118.8184477945" />
      <trkpt lat="31.8888811099" lon="118.8184456835" />
      <trkpt lat="31.8888809864" lon="118.8184435725" />
      <trkpt lat="31.8888808628" lon="118.8184414615" />
      <trkpt lat="31.8888807393" lon="118.8184393506" />
      <trkpt lat="31.8888806157" lon="118.8184372396" />
      <trkpt lat="31.8888804933" lon="118.8184351285" />
      <trkpt lat="31.8888803739" lon="118.8184330172" />
      <trkpt lat="31.8888802595" lon="118.8184309056" />
      <trkpt lat="31.8888801520" lon="118.8184287934" />
      <trkpt lat="31.8888800533" lon="118.8184266806" />
      <trkpt lat="31.8888799652" lon="118.8184245672" />
      <trkpt lat="31.8888798895" lon="118.8184224531" />
      <trkpt lat="31.8888798280" lon="118.8184203383" />
      <trkpt lat="31.8888797825" lon="118.8184182230" />
      <trkpt lat="31.8888797547" lon="118.8184161073" />
      <trkpt lat="31.8888797466" lon="118.8184139914" />
      <trkpt lat="31.8888797598" lon="118.8184118755" />
      <trkpt lat="31.8888797961" lon="118.8184097599" />
      <trkpt lat="31.8888798575" lon="118.8184076452" />
      <trkpt lat="31.8888799456" lon="118.8184055318" />
      <trkpt lat="31.8888800625" lon="118.8184034203" />
      <trkpt lat="31.8888802100" lon="118.8184013115" />
      <trkpt lat="31.8888803900" lon="118.8183992062" />
      <trkpt lat="31.8888806044" lon="118.8183971054" />
      <trkpt lat="31.8888808551" lon="118.8183950102" />
      <trkpt lat="31.8888811441" lon="118.8183929218" />
      <trkpt lat="31.8888814734" lon="118.8183908417" />
      <trkpt lat="31.8888818447" lon="118.8183887714" />
      <trkpt lat="31.8888822600" lon="118.8183867128" />
      <trkpt lat="31.8888827211" lon="118.8183846678" />
      <trkpt lat="31.8888832297" lon="118.8183826385" />
      <trkpt lat="31.8888837876" lon="118.8183806272" />
      <trkpt lat="31.8888843962" lon="118.8183786364" />
      <trkpt lat="31.8888850569" lon="118.8183766687" />
      <trkpt lat="31.8888857708" lon="118.8183747271" />
      <trkpt lat="31.8888865390" lon="118.8183728144" />
      <trkpt lat="31.8888873622" lon="118.8183709337" />
      <trkpt lat="31.8888882407" lon="118.8183690881" />
      <trkpt lat="31.8888891748" lon="118.8183672807" />
      <trkpt lat="31.8888901642" lon="118.8183655146" />
      <trkpt lat="31.8888912084" lon="118.8183637929" />
      <trkpt lat="31.8888923065" lon="118.8183621184" />
      <trkpt lat="31.8888934575" lon="118.8183604937" />
      <trkpt lat="31.8888946597" lon="118.8183589214" />
      <trkpt lat="31.8888959113" lon="118.8183574036" />
      <trkpt lat="31.8888972104" lon="118.8183559421" />
      <trkpt lat="31.8888985547" lon="118.8183545384" />
      <trkpt lat="31.8888999416" lon="118.8183531936" />
      <trkpt lat="31.8889013687" lon="118.8183519083" />
      <trkpt lat="31.8889028334" lon="118.8183506830" />
      <trkpt lat="31.8889043328" lon="118.8183495176" />
      <trkpt lat="31.8889058645" lon="118.8183484117" />
      <trkpt lat="31.8889074256" lon="118.8183473647" />
      <trkpt lat="31.8889090138" lon="118.8183463756" />
      <trkpt lat="31.8889106266" lon="118.8183454433" />
      <trkpt lat="31.8889122616" lon="118.8183445662" />
      <trkpt lat="31.8889139166" lon="118.8183437429" />
      <trkpt lat="31.8889155895" lon="118.8183429716" />
      <trkpt lat="31.8889172785" lon="118.8183422505" />
      <trkpt lat="31.8889189819" lon="118.8183415776" />
      <trkpt lat="31.8889206978" lon="118.8183409508" />
      <trkpt lat="31.8889224250" lon="118.8183403683" />
      <trkpt lat="31.8889241620" lon="118.8183398277" />
      <trkpt lat="31.8889259076" lon="118.8183393272" />
      <trkpt lat="31.8889276607" lon="118.8183388644" />
      <trkpt lat="31.8889294204" lon="118.8183384374" />
      <trkpt lat="31.8889311856" lon="118.8183380440" />
      <trkpt lat="31.8889329558" lon="118.8183376821" />
      <trkpt lat="31.8889347301" lon="118.8183373496" />
      <trkpt lat="31.8889365079" lon="118.8183370445" />
      <trkpt lat="31.8889382888" lon="118.8183367646" />
      <trkpt lat="31.8889400721" lon="118.8183365078" />
      <trkpt lat="31.8889418576" lon="118.8183362722" />
      <trkpt lat="31.8889436447" lon="118.8183360556" />
      <trkpt lat="31.8889454334" lon="118.8183358560" />
      <trkpt lat="31.8889472231" lon="118.8183356713" />
      <trkpt lat="31.8889490138" lon="118.8183354992" />
      <trkpt lat="31.8889508052" lon="118.8183353378" />
      <trkpt lat="31.8889525971" lon="118.8183351847" />
      <trkpt lat="31.8889543894" lon="118.8183350379" />
      <trkpt lat="31.8889561819" lon="118.8183348948" />
      <trkpt lat="31.8889579745" lon="118.8183347533" />
      <trkpt lat="31.8889597672" lon="118.8183346119" />
      <trkpt lat="31.8889615598" lon="118.8183344704" />
      <trkpt lat="31.8889633524" lon="118.8183343290" />
      <trkpt lat="31.8889651450" lon="118.8183341875" />
      <trkpt lat="31.8889669376" lon="118.8183340461" />
      <trkpt lat="31.8889687302" lon="118.8183339047" />
      <trkpt lat="31.8889705228" lon="118.8183337632" />
      <trkpt lat="31.8889723154" lon="118.8183336218" />
      <trkpt lat="31.8889741081" lon="118.8183334804" />
      <trkpt lat="31.8889759007" lon="118.8183333389" />
      <trkpt lat="31.8889776933" lon="118.8183331975" />
      <trkpt lat="31.8889794859" lon="118.8183330560" />
      <trkpt lat="31.8889812785" lon="118.8183329146" />
      <trkpt lat="31.8889830711" lon="118.8183327732" />
      <trkpt lat="31.8889848637" lon="118.8183326317" />
      <trkpt lat="31.8889866563" lon="118.8183324903" />
      <trkpt lat="31.8889884490" lon="118.8183323489" />
      <trkpt lat="31.8889902416" lon="118.8183322074" />
      <trkpt lat="31.8889920342" lon="118.8183320660" />
      <trkpt lat="31.8889938268" lon="118.8183319245" />
      <trkpt lat="31.8889956194" lon="118.8183317831" />
      <trkpt lat="31.8889974120" lon="118.8183316417" />
      <trkpt lat="31.8889992046" lon="118.8183315002" />
      <trkpt lat="31.8890009972" lon="118.8183313588" />
      <trkpt lat="31.8890027899" lon="118.8183312174" />
      <trkpt lat="31.8890045825" lon="118.8183310759" />
      <trkpt lat="31.8890063751" lon="118.8183309345" />
      <trkpt lat="31.8890081677" lon="118.8183307930" />
      <trkpt lat="31.8890099603" lon="118.8183306516" />
      <trkpt lat="31.8890117529" lon="118.8183305102" />
      <trkpt lat="31.8890135455" lon="118.8183303687" />
      <trkpt lat="31.8890153381" lon="118.8183302273" />
      <trkpt lat="31.8890171308" lon="118.8183300859" />
      <trkpt lat="31.8890189234" lon="118.8183299444" />
      <trkpt lat="31.8890207160" lon="118.8183298030" />
      <trkpt lat="31.8890225086" lon="118.8183296615" />
      <trkpt lat="31.8890243012" lon="118.8183295201" />
      <trkpt lat="31.8890260938" lon="118.8183293787" />
      <trkpt lat="31.8890278864" lon="118.8183292372" />
      <trkpt lat="31.8890296790" lon="118.8183290958" />
      <trkpt lat="31.8890314717" lon="118.8183289544" />
      <trkpt lat="31.8890332643" lon="118.8183288129" />
      <trkpt lat="31.8890350569" lon="118.8183286715" />
      <trkpt lat="31.8890368495" lon="118.8183285300" />
      <trkpt lat="31.8890386421" lon="118.8183283886" />
      <trkpt lat="31.8890404347" lon="118.8183282472" />
      <trkpt lat="31.8890422273" lon="118.8183281057" />
      <trkpt lat="31.8890440199" lon="118.8183279643" />
      <trkpt lat="31.8890458126" lon="118.8183278229" />
      <trkpt lat="31.8890476052" lon="118.8183276814" />
      <trkpt lat="31.8890493978" lon="118.8183275400" />
      <trkpt lat="31.8890511904" lon="118.8183273985" />
      <trkpt lat="31.8890529830" lon="118.8183272571" />
      <trkpt lat="31.8890547756" lon="118.8183271157" />
      <trkpt lat="31.8890565682" lon="118.8183269742" />
      <trkpt lat="31.8890583608" lon="118.8183268328" />
      <trkpt lat="31.8890601535" lon="118.8183266914" />
      <trkpt lat="31.8890619461" lon="118.8183265499" />
      <trkpt lat="31.8890637387" lon="118.8183264085" />
      <trkpt lat="31.8890655313" lon="118.8183262670" />
      <trkpt lat="31.8890673239" lon="118.8183261256" />
      <trkpt lat="31.8890691165" lon="118.8183259842" />
      <trkpt lat="31.8890709091" lon="118.8183258427" />
      <trkpt lat="31.8890727017" lon="118.8183257013" />
      <trkpt lat="31.8890744944" lon="118.8183255599" />
      <trkpt lat="31.8890762870" lon="118.8183254184" />
      <trkpt lat="31.8890780796" lon="118.8183252770" />
      <trkpt lat="31.8890798722" lon="118.8183251355" />
      <trkpt lat="31.8890816648" lon="118.8183249941" />
      <trkpt lat="31.8890834574" lon="118.8183248527" />
      <trkpt lat="31.8890852500" lon="118.8183247112" />
      <trkpt lat="31.8890870426" lon="118.8183245698" />
      <trkpt lat="31.8890888353" lon="118.8183244284" />
      <trkpt lat="31.8890906279" lon="118.8183242869" />
      <trkpt lat="31.8890924205" lon="118.8183241455" />
      <trkpt lat="31.8890942131" lon="118.8183240040" />
      <trkpt lat="31.8890960057" lon="118.8183238626" />
      <trkpt lat="31.8890977983" lon="118.8183237212" />
      <trkpt lat="31.8890995909" lon="118.8183235797" />
      <trkpt lat="31.8891013835" lon="118.8183234383" />
      <trkpt lat="31.8891031762" lon="118.8183232969" />
      <trkpt lat="31.8891049688" lon="118.8183231554" />
      <trkpt lat="31.8891067614" lon="118.8183230140" />
      <trkpt lat="31.8891085540" lon="118.8183228725" />
      <trkpt lat="31.8891103466" lon="118.8183227311" />
      <trkpt lat="31.8891121392" lon="118.8183225897" />
      <trkpt lat="31.8891139318" lon="118.8183224482" />
      <trkpt lat="31.8891157244" lon="118.8183223068" />
      <trkpt lat="31.8891175171" lon="118.8183221654" />
      <trkpt lat="31.8891193097" lon="118.8183220239" />
      <trkpt lat="31.8891211023" lon="118.8183218825" />
      <trkpt lat="31.8891228949" lon="118.8183217410" />
      <trkpt lat="31.8891246875" lon="118.8183215996" />
      <trkpt lat="31.8891264801" lon="118.8183214582" />
      <trkpt lat="31.8891282727" lon="118.8183213167" />
      <trkpt lat="31.8891300653" lon="118.8183211753" />
      <trkpt lat="31.8891318580" lon="118.8183210339" />
      <trkpt lat="31.8891336506" lon="118.8183208924" />
      <trkpt lat="31.8891354432" lon="118.8183207510" />
      <trkpt lat="31.8891372358" lon="118.8183206095" />
      <trkpt lat="31.8891390284" lon="118.8183204681" />
      <trkpt lat="31.8891408210" lon="118.8183203267" />
      <trkpt lat="31.8891426136" lon="118.8183201852" />
      <trkpt lat="31.8891444062" lon="118.8183200438" />
      <trkpt lat="31.8891461989" lon="118.8183199024" />
      <trkpt lat="31.8891479915" lon="118.8183197609" />
      <trkpt lat="31.8891497841" lon="118.8183196195" />
      <trkpt lat="31.8891515767" lon="118.8183194780" />
      <trkpt lat="31.8891533693" lon="118.8183193366" />
      <trkpt lat="31.8891551619" lon="118.8183191952" />
      <trkpt lat="31.8891569545" lon="118.8183190537" />
      <trkpt lat="31.8891587471" lon="118.8183189123" />
      <trkpt lat="31.8891605398" lon="118.8183187709" />
      <trkpt lat="31.8891623324" lon="118.8183186294" />
      <trkpt lat="31.8891641250" lon="118.8183184880" />
      <trkpt lat="31.8891659176" lon="118.8183183465" />
      <trkpt lat="31.8891677102" lon="118.8183182051" />
      <trkpt lat="31.8891695028" lon="118.8183180637" />
      <trkpt lat="31.8891712954" lon="118.8183179222" />
      <trkpt lat="31.8891730880" lon="118.8183177808" />
      <trkpt lat="31.8891748807" lon="118.8183176394" />
      <trkpt lat="31.8891766733" lon="118.8183174979" />
      <trkpt lat="31.8891784659" lon="118.8183173565" />
      <trkpt lat="31.8891802585" lon="118.8183172151" />
      <trkpt lat="31.8891820511" lon="118.8183170736" />
      <trkpt lat="31.8891838437" lon="118.8183169322" />
      <trkpt lat="31.8891856363" lon="118.8183167907" />
      <trkpt lat="31.8891874289" lon="118.8183166493" />
      <trkpt lat="31.8891892216" lon="118.8183165079" />
      <trkpt lat="31.8891910142" lon="118.8183163664" />
      <trkpt lat="31.8891928068" lon="118.8183162250" />
      <trkpt lat="31.8891945994" lon="118.8183160836" />
      <trkpt lat="31.8891963920" lon="118.8183159421" />
      <trkpt lat="31.8891981846" lon="118.8183158007" />
      <trkpt lat="31.8891999772" lon="118.8183156592" />
      <trkpt lat="31.8892017698" lon="118.8183155178" />
      <trkpt lat="31.8892035625" lon="118.8183153764" />
      <trkpt lat="31.8892053551" lon="118.8183152349" />
      <trkpt lat="31.8892071477" lon="118.8183150935" />
      <trkpt lat="31.8892089403" lon="118.8183149521" />
      <trkpt lat="31.8892107329" lon="118.8183148106" />
      <trkpt lat="31.8892125255" lon="118.8183146692" />
      <trkpt lat="31.8892143181" lon="118.8183145277" />
      <trkpt lat="31.8892161107" lon="118.8183143863" />
      <trkpt lat="31.8892179034" lon="118.8183142449" />
      <trkpt lat="31.8892196960" lon="118.8183141034" />
      <trkpt lat="31.8892214886" lon="118.8183139620" />
      <trkpt lat="31.8892232812" lon="118.8183138206" />
      <trkpt lat="31.8892250738" lon="118.8183136791" />
      <trkpt lat="31.8892268664" lon="118.8183135377" />
      <trkpt lat="31.8892286590" lon="118.8183133962" />
      <trkpt lat="31.8892304516" lon="118.8183132548" />
      <trkpt lat="31.8892322443" lon="118.8183131134" />
      <trkpt lat="31.8892340369" lon="118.8183129719" />
      <trkpt lat="31.8892358295" lon="118.8183128305" />
      <trkpt lat="31.8892376221" lon="118.8183126891" />
      <trkpt lat="31.8892394147" lon="118.8183125476" />
      <trkpt lat="31.8892412073" lon="118.8183124062" />
      <trkpt lat="31.8892429999" lon="118.8183122647" />
      <trkpt lat="31.8892447925" lon="118.8183121233" />
      <trkpt lat="31.8892465852" lon="118.8183119819" />
      <trkpt lat="31.8892483778" lon="118.8183118404" />
      <trkpt lat="31.8892501704" lon="118.8183116990" />
      <trkpt lat="31.8892519630" lon="118.8183115576" />
      <trkpt lat="31.8892537556" lon="118.8183114161" />
      <trkpt lat="31.8892555482" lon="118.8183112747" />
      <trkpt lat="31.8892573408" lon="118.8183111332" />
      <trkpt lat="31.8892591334" lon="118.8183109918" />
      <trkpt lat="31.8892609261" lon="118.8183108504" />
      <trkpt lat="31.8892627187" lon="118.8183107089" />
      <trkpt lat="31.8892645113" lon="118.8183105675" />
      <trkpt lat="31.8892663039" lon="118.8183104261" />
      <trkpt lat="31.8892680965" lon="118.8183102846" />
      <trkpt lat="31.8892698891" lon="118.8183101432" />
      <trkpt lat="31.8892716817" lon="118.8183100017" />
      <trkpt lat="31.8892734743" lon="118.8183098603" />
      <trkpt lat="31.8892752670" lon="118.8183097189" />
      <trkpt lat="31.8892770596" lon="118.8183095774" />
      <trkpt lat="31.8892788522" lon="118.8183094360" />
      <trkpt lat="31.8892806448" lon="118.8183092946" />
      <trkpt lat="31.8892824374" lon="118.8183091531" />
      <trkpt lat="31.8892842300" lon="118.8183090117" />
      <trkpt lat="31.8892860226" lon="118.8183088702" />
      <trkpt lat="31.8892878152" lon="118.8183087288" />
      <trkpt lat="31.8892896079" lon="118.8183085874" />
      <trkpt lat="31.8892914005" lon="118.8183084459" />
      <trkpt lat="31.8892931931" lon="118.8183083045" />
      <trkpt lat="31.8892949857" lon="118.8183081631" />
      <trkpt lat="31.8892967783" lon="118.8183080216" />
      <trkpt lat="31.8892985709" lon="118.8183078802" />
      <trkpt lat="31.8893003635" lon="118.8183077387" />
      <trkpt lat="31.8893021561" lon="118.8183075973" />
      <trkpt lat="31.8893039488" lon="118.8183074559" />
      <trkpt lat="31.8893057414" lon="118.8183073144" />
      <trkpt lat="31.8893075340" lon="118.8183071730" />
      <trkpt lat="31.8893093266" lon="118.8183070316" />
      <trkpt lat="31.8893111192" lon="118.8183068901" />
      <trkpt lat="31.8893129118" lon="118.8183067487" />
      <trkpt lat="31.8893147044" lon="118.8183066072" />
      <trkpt lat="31.8893164970" lon="118.8183064658" />
      <trkpt lat="31.8893182897" lon="118.8183063244" />
      <trkpt lat="31.8893200823" lon="118.8183061829" />
      <trkpt lat="31.8893218749" lon="118.8183060415" />
      <trkpt lat="31.8893236675" lon="118.8183059001" />
      <trkpt lat="31.8893254601" lon="118.8183057586" />
      <trkpt lat="31.8893272527" lon="118.8183056172" />
      <trkpt lat="31.8893290453" lon="118.8183054757" />
      <trkpt lat="31.8893308379" lon="118.8183053343" />
      <trkpt lat="31.8893326306" lon="118.8183051929" />
      <trkpt lat="31.8893344232" lon="118.8183050514" />
      <trkpt lat="31.8893362158" lon="118.8183049100" />
      <trkpt lat="31.8893380084" lon="118.8183047686" />
      <trkpt lat="31.8893398010" lon="118.8183046271" />
      <trkpt lat="31.8893415936" lon="118.8183044857" />
      <trkpt lat="31.8893433862" lon="118.8183043442" />
      <trkpt lat="31.8893451788" lon="118.8183042028" />
      <trkpt lat="31.8893469715" lon="118.8183040614" />
      <trkpt lat="31.8893487641" lon="118.8183039199" />
      <trkpt lat="31.8893505567" lon="118.8183037785" />
      <trkpt lat="31.8893523493" lon="118.8183036371" />
      <trkpt lat="31.8893541419" lon="118.8183034956" />
      <trkpt lat="31.8893559345" lon="118.8183033542" />
      <trkpt lat="31.8893577271" lon="118.8183032127" />
      <trkpt lat="31.8893595197" lon="118.8183030713" />
      <trkpt lat="31.8893613124" lon="118.8183029299" />
      <trkpt lat="31.8893631050" lon="118.8183027884" />
      <trkpt lat="31.8893648976" lon="118.8183026470" />
      <trkpt lat="31.8893666902" lon="118.8183025056" />
      <trkpt lat="31.8893684828" lon="118.8183023641" />
      <trkpt lat="31.8893702754" lon="118.8183022227" />
      <trkpt lat="31.8893720680" lon="118.8183020812" />
      <trkpt lat="31.8893738606" lon="118.8183019398" />
      <trkpt lat="31.8893756533" lon="118.8183017984" />
      <trkpt lat="31.8893769000" lon="118.8183017000" />
    </trkseg>
  </trk>
</gpx>