<?xml version="1.0" encoding="UTF-8"?>
<gpx xmlns="http://www.topografix.com/GPX/1/1" version="1.1"
     creator="VDM_tracking build_dorm_route.py">
 <trk>
  <name>橘园8舍_to_教学楼1</name>
  <trkseg>
   <trkpt lat="31.8866468" lon="118.8068928">
   </trkpt>
   <trkpt lat="31.8866513" lon="118.8068923">
   </trkpt>
   <trkpt lat="31.8866557" lon="118.8068917">
   </trkpt>
   <trkpt lat="31.8866602" lon="118.8068912">
   </trkpt>
   <trkpt lat="31.8866647" lon="118.8068906">
   </trkpt>
   <trkpt lat="31.8866691" lon="118.8068901">
   </trkpt>
   <trkpt lat="31.8866736" lon="118.8068896">
   </trkpt>
   <trkpt lat="31.8866781" lon="118.8068890">
   </trkpt>
   <trkpt lat="31.8866825" lon="118.8068885">
   </trkpt>
   <trkpt lat="31.8866870" lon="118.8068879">
   </trkpt>
   <trkpt lat="31.8866915" lon="118.8068874">
   </trkpt>
   <trkpt lat="31.8866959" lon="118.8068868">
   </trkpt>
   <trkpt lat="31.8867004" lon="118.8068863">
   </trkpt>
   <trkpt lat="31.8867049" lon="118.8068858">
   </trkpt>
   <trkpt lat="31.8867094" lon="118.8068852">
   </trkpt>
   <trkpt lat="31.8867138" lon="118.8068847">
   </trkpt>
   <trkpt lat="31.8867183" lon="118.8068841">
   </trkpt>
   <trkpt lat="31.8867228" lon="118.8068836">
   </trkpt>
   <trkpt lat="31.8867272" lon="118.8068831">
   </trkpt>
   <trkpt lat="31.8867317" lon="118.8068825">
   </trkpt>
   <trkpt lat="31.8867362" lon="118.8068820">
   </trkpt>
   <trkpt lat="31.8867406" lon="118.8068814">
   </trkpt>
   <trkpt lat="31.8867451" lon="118.8068809">
   </trkpt>
   <trkpt lat="31.8867496" lon="118.8068804">
   </trkpt>
   <trkpt lat="31.8867540" lon="118.8068798">
   </trkpt>
   <trkpt lat="31.8867585" lon="118.8068793">
   </trkpt>
   <trkpt lat="31.8867630" lon="118.8068787">
   </trkpt>
   <trkpt lat="31.8867674" lon="118.8068782">
   </trkpt>
   <trkpt lat="31.8867719" lon="118.8068776">
   </trkpt>
   <trkpt lat="31.8867764" lon="118.8068771">
   </trkpt>
   <trkpt lat="31.8867808" lon="118.8068775">
   </trkpt>
   <trkpt lat="31.8867850" lon="118.8068792">
   </trkpt>
   <trkpt lat="31.8867893" lon="118.8068809">
   </trkpt>
   <trkpt lat="31.8867935" lon="118.8068825">
   </trkpt>
   <trkpt lat="31.8867978" lon="118.8068842">
   </trkpt>
   <trkpt lat="31.8868021" lon="118.8068859">
   </trkpt>
   <trkpt lat="31.8868063" lon="118.8068875">
   </trkpt>
   <trkpt lat="31.8868106" lon="118.8068892">
   </trkpt>
   <trkpt lat="31.8868148" lon="118.8068909">
   </trkpt>
   <trkpt lat="31.8868191" lon="118.8068925">
   </trkpt>
   <trkpt lat="31.8868234" lon="118.8068942">
   </trkpt>
   <trkpt lat="31.8868276" lon="118.8068959">
   </trkpt>
   <trkpt lat="31.8868319" lon="118.8068975">
   </trkpt>
   <trkpt lat="31.8868362" lon="118.8068992">
   </trkpt>
   <trkpt lat="31.8868404" lon="118.8069009">
   </trkpt>
   <trkpt lat="31.8868447" lon="118.8069026">
   </trkpt>
   <trkpt lat="31.8868489" lon="118.8069042">
   </trkpt>
   <trkpt lat="31.8868532" lon="118.8069059">
   </trkpt>
   <trkpt lat="31.8868575" lon="118.8069076">
   </trkpt>
   <trkpt lat="31.8868617" lon="118.8069093">
   </trkpt>
   <trkpt lat="31.8868659" lon="118.8069111">
   </trkpt>
   <trkpt lat="31.8868702" lon="118.8069129">
   </trkpt>
   <trkpt lat="31.8868744" lon="118.8069148">
   </trkpt>
   <trkpt lat="31.8868786" lon="118.8069166">
   </trkpt>
   <trkpt lat="31.8868828" lon="118.8069184">
   </trkpt>
   <trkpt lat="31.8868870" lon="118.8069202">
   </trkpt>
   <trkpt lat="31.8868912" lon="118.8069221">
   </trkpt>
   <trkpt lat="31.8868954" lon="118.8069239">
   </trkpt>
   <trkpt lat="31.8868996" lon="118.8069257">
   </trkpt>
   <trkpt lat="31.8869039" lon="118.8069276">
   </trkpt>
   <trkpt lat="31.8869081" lon="118.8069294">
   </trkpt>
   <trkpt lat="31.8869123" lon="118.8069312">
   </trkpt>
   <trkpt lat="31.8869165" lon="118.8069331">
   </trkpt>
   <trkpt lat="31.8869207" lon="118.8069349">
   </trkpt>
   <trkpt lat="31.8869249" lon="118.8069367">
   </trkpt>
   <trkpt lat="31.8869291" lon="118.8069386">
   </trkpt>
   <trkpt lat="31.8869334" lon="118.8069404">
   </trkpt>
   <trkpt lat="31.8869376" lon="118.8069422">
   </trkpt>
   <trkpt lat="31.8869418" lon="118.8069441">
   </trkpt>
   <trkpt lat="31.8869460" lon="118.8069459">
   </trkpt>
   <trkpt lat="31.8869500" lon="118.8069482">
   </trkpt>
   <trkpt lat="31.8869539" lon="118.8069508">
   </trkpt>
   <trkpt lat="31.8869578" lon="118.8069534">
   </trkpt>
   <trkpt lat="31.8869618" lon="118.8069560">
   </trkpt>
   <trkpt lat="31.8869657" lon="118.8069586">
   </trkpt>
   <trkpt lat="31.8869696" lon="118.8069612">
   </trkpt>
   <trkpt lat="31.8869735" lon="118.8069638">
   </trkpt>
   <trkpt lat="31.8869774" lon="118.8069664">
   </trkpt>
   <trkpt lat="31.8869813" lon="118.8069690">
   </trkpt>
   <trkpt lat="31.8869852" lon="118.8069716">
   </trkpt>
   <trkpt lat="31.8869892" lon="118.8069742">
   </trkpt>
   <trkpt lat="31.8869931" lon="118.8069768">
   </trkpt>
   <trkpt lat="31.8869970" lon="118.8069794">
   </trkpt>
   <trkpt lat="31.8870009" lon="118.8069819">
   </trkpt>
   <trkpt lat="31.8870048" lon="118.8069845">
   </trkpt>
   <trkpt lat="31.8870087" lon="118.8069871">
   </trkpt>
   <trkpt lat="31.8870126" lon="118.8069897">
   </trkpt>
   <trkpt lat="31.8870166" lon="118.8069923">
   </trkpt>
   <trkpt lat="31.8870205" lon="118.8069949">
   </trkpt>
   <trkpt lat="31.8870241" lon="118.8069981">
   </trkpt>
   <trkpt lat="31.8870277" lon="118.8070012">
   </trkpt>
   <trkpt lat="31.8870313" lon="118.8070043">
   </trkpt>
   <trkpt lat="31.8870350" lon="118.8070075">
   </trkpt>
   <trkpt lat="31.8870386" lon="118.8070106">
   </trkpt>
   <trkpt lat="31.8870422" lon="118.8070137">
   </trkpt>
   <trkpt lat="31.8870458" lon="118.8070168">
   </trkpt>
   <trkpt lat="31.8870494" lon="118.8070200">
   </trkpt>
   <trkpt lat="31.8870531" lon="118.8070231">
   </trkpt>
   <trkpt lat="31.8870567" lon="118.8070262">
   </trkpt>
   <trkpt lat="31.8870603" lon="118.8070294">
   </trkpt>
   <trkpt lat="31.8870639" lon="118.8070325">
   </trkpt>
   <trkpt lat="31.8870675" lon="118.8070356">
   </trkpt>
   <trkpt lat="31.8870712" lon="118.8070387">
   </trkpt>
   <trkpt lat="31.8870748" lon="118.8070419">
   </trkpt>
   <trkpt lat="31.8870784" lon="118.8070450">
   </trkpt>
   <trkpt lat="31.8870820" lon="118.8070481">
   </trkpt>
   <trkpt lat="31.8870857" lon="118.8070513">
   </trkpt>
   <trkpt lat="31.8870893" lon="118.8070543">
   </trkpt>
   <trkpt lat="31.8870933" lon="118.8070567">
   </trkpt>
   <trkpt lat="31.8870973" lon="118.8070592">
   </trkpt>
   <trkpt lat="31.8871013" lon="118.8070617">
   </trkpt>
   <trkpt lat="31.8871052" lon="118.8070642">
   </trkpt>
   <trkpt lat="31.8871092" lon="118.8070666">
   </trkpt>
   <trkpt lat="31.8871132" lon="118.8070691">
   </trkpt>
   <trkpt lat="31.8871171" lon="118.8070716">
   </trkpt>
   <trkpt lat="31.8871211" lon="118.8070741">
   </trkpt>
   <trkpt lat="31.8871251" lon="118.8070766">
   </trkpt>
   <trkpt lat="31.8871290" lon="118.8070790">
   </trkpt>
   <trkpt lat="31.8871330" lon="118.8070815">
   </trkpt>
   <trkpt lat="31.8871370" lon="118.8070840">
   </trkpt>
   <trkpt lat="31.8871409" lon="118.8070865">
   </trkpt>
   <trkpt lat="31.8871449" lon="118.8070889">
   </trkpt>
   <trkpt lat="31.8871489" lon="118.8070914">
   </trkpt>
   <trkpt lat="31.8871528" lon="118.8070939">
   </trkpt>
   <trkpt lat="31.8871568" lon="118.8070964">
   </trkpt>
   <trkpt lat="31.8871608" lon="118.8070988">
   </trkpt>
   <trkpt lat="31.8871648" lon="118.8071013">
   </trkpt>
   <trkpt lat="31.8871662" lon="118.8071057">
   </trkpt>
   <trkpt lat="31.8871664" lon="118.8071110">
   </trkpt>
   <trkpt lat="31.8871666" lon="118.8071163">
   </trkpt>
   <trkpt lat="31.8871668" lon="118.8071216">
   </trkpt>
   <trkpt lat="31.8871671" lon="118.8071269">
   </trkpt>
   <trkpt lat="31.8871673" lon="118.8071321">
   </trkpt>
   <trkpt lat="31.8871675" lon="118.8071374">
   </trkpt>
   <trkpt lat="31.8871678" lon="118.8071427">
   </trkpt>
   <trkpt lat="31.8871680" lon="118.8071480">
   </trkpt>
   <trkpt lat="31.8871682" lon="118.8071533">
   </trkpt>
   <trkpt lat="31.8871684" lon="118.8071586">
   </trkpt>
   <trkpt lat="31.8871687" lon="118.8071638">
   </trkpt>
   <trkpt lat="31.8871689" lon="118.8071691">
   </trkpt>
   <trkpt lat="31.8871691" lon="118.8071744">
   </trkpt>
   <trkpt lat="31.8871694" lon="118.8071797">
   </trkpt>
   <trkpt lat="31.8871696" lon="118.8071850">
   </trkpt>
   <trkpt lat="31.8871698" lon="118.8071903">
   </trkpt>
   <trkpt lat="31.8871700" lon="118.8071955">
   </trkpt>
   <trkpt lat="31.8871703" lon="118.8072008">
   </trkpt>
   <trkpt lat="31.8871705" lon="118.8072061">
   </trkpt>
   <trkpt lat="31.8871707" lon="118.8072114">
   </trkpt>
   <trkpt lat="31.8871710" lon="118.8072167">
   </trkpt>
   <trkpt lat="31.8871712" lon="118.8072220">
   </trkpt>
   <trkpt lat="31.8871714" lon="118.8072272">
   </trkpt>
   <trkpt lat="31.8871716" lon="118.8072325">
   </trkpt>
   <trkpt lat="31.8871719" lon="118.8072378">
   </trkpt>
   <trkpt lat="31.8871721" lon="118.8072431">
   </trkpt>
   <trkpt lat="31.8871723" lon="118.8072484">
   </trkpt>
   <trkpt lat="31.8871726" lon="118.8072536">
   </trkpt>
   <trkpt lat="31.8871728" lon="118.8072589">
   </trkpt>
   <trkpt lat="31.8871730" lon="118.8072642">
   </trkpt>
   <trkpt lat="31.8871732" lon="118.8072695">
   </trkpt>
   <trkpt lat="31.8871735" lon="118.8072748">
   </trkpt>
   <trkpt lat="31.8871737" lon="118.8072801">
   </trkpt>
   <trkpt lat="31.8871739" lon="118.8072853">
   </trkpt>
   <trkpt lat="31.8871742" lon="118.8072906">
   </trkpt>
   <trkpt lat="31.8871744" lon="118.8072959">
   </trkpt>
   <trkpt lat="31.8871746" lon="118.8073012">
   </trkpt>
   <trkpt lat="31.8871748" lon="118.8073065">
   </trkpt>
   <trkpt lat="31.8871751" lon="118.8073118">
   </trkpt>
   <trkpt lat="31.8871753" lon="118.8073170">
   </trkpt>
   <trkpt lat="31.8871755" lon="118.8073223">
   </trkpt>
   <trkpt lat="31.8871758" lon="118.8073276">
   </trkpt>
   <trkpt lat="31.8871760" lon="118.8073329">
   </trkpt>
   <trkpt lat="31.8871762" lon="118.8073382">
   </trkpt>
   <trkpt lat="31.8871764" lon="118.8073435">
   </trkpt>
   <trkpt lat="31.8871767" lon="118.8073487">
   </trkpt>
   <trkpt lat="31.8871769" lon="118.8073540">
   </trkpt>
   <trkpt lat="31.8871771" lon="118.8073593">
   </trkpt>
   <trkpt lat="31.8871774" lon="118.8073646">
   </trkpt>
   <trkpt lat="31.8871776" lon="118.8073699">
   </trkpt>
   <trkpt lat="31.8871778" lon="118.8073752">
   </trkpt>
   <trkpt lat="31.8871780" lon="118.8073804">
   </trkpt>
   <trkpt lat="31.8871783" lon="118.8073857">
   </trkpt>
   <trkpt lat="31.8871785" lon="118.8073910">
   </trkpt>
   <trkpt lat="31.8871787" lon="118.8073963">
   </trkpt>
   <trkpt lat="31.8871790" lon="118.8074016">
   </trkpt>
   <trkpt lat="31.8871792" lon="118.8074069">
   </trkpt>
   <trkpt lat="31.8871794" lon="118.8074121">
   </trkpt>
   <trkpt lat="31.8871797" lon="118.8074174">
   </trkpt>
   <trkpt lat="31.8871799" lon="118.8074227">
   </trkpt>
   <trkpt lat="31.8871801" lon="118.8074280">
   </trkpt>
   <trkpt lat="31.8871803" lon="118.8074333">
   </trkpt>
   <trkpt lat="31.8871806" lon="118.8074386">
   </trkpt>
   <trkpt lat="31.8871808" lon="118.8074438">
   </trkpt>
   <trkpt lat="31.8871810" lon="118.8074491">
   </trkpt>
   <trkpt lat="31.8871813" lon="118.8074544">
   </trkpt>
   <trkpt lat="31.8871815" lon="118.8074597">
   </trkpt>
   <trkpt lat="31.8871817" lon="118.8074650">
   </trkpt>
   <trkpt lat="31.8871819" lon="118.8074703">
   </trkpt>
   <trkpt lat="31.8871822" lon="118.8074755">
   </trkpt>
   <trkpt lat="31.8871824" lon="118.8074808">
   </trkpt>
   <trkpt lat="31.8871826" lon="118.8074861">
   </trkpt>
   <trkpt lat="31.8871829" lon="118.8074914">
   </trkpt>
   <trkpt lat="31.8871831" lon="118.8074967">
   </trkpt>
   <trkpt lat="31.8871833" lon="118.8075020">
   </trkpt>
   <trkpt lat="31.8871835" lon="118.8075072">
   </trkpt>
   <trkpt lat="31.8871838" lon="118.8075125">
   </trkpt>
   <trkpt lat="31.8871840" lon="118.8075178">
   </trkpt>
   <trkpt lat="31.8871842" lon="118.8075231">
   </trkpt>
   <trkpt lat="31.8871845" lon="118.8075284">
   </trkpt>
   <trkpt lat="31.8871847" lon="118.8075337">
   </trkpt>
   <trkpt lat="31.8871849" lon="118.8075389">
   </trkpt>
   <trkpt lat="31.8871851" lon="118.8075442">
   </trkpt>
   <trkpt lat="31.8871854" lon="118.8075495">
   </trkpt>
   <trkpt lat="31.8871856" lon="118.8075548">
   </trkpt>
   <trkpt lat="31.8871858" lon="118.8075601">
   </trkpt>
   <trkpt lat="31.8871861" lon="118.8075654">
   </trkpt>
   <trkpt lat="31.8871863" lon="118.8075706">
   </trkpt>
   <trkpt lat="31.8871865" lon="118.8075759">
   </trkpt>
   <trkpt lat="31.8871867" lon="118.8075812">
   </trkpt>
   <trkpt lat="31.8871870" lon="118.8075865">
   </trkpt>
   <trkpt lat="31.8871872" lon="118.8075918">
   </trkpt>
   <trkpt lat="31.8871874" lon="118.8075970">
   </trkpt>
   <trkpt lat="31.8871877" lon="118.8076023">
   </trkpt>
   <trkpt lat="31.8871879" lon="118.8076076">
   </trkpt>
   <trkpt lat="31.8871881" lon="118.8076129">
   </trkpt>
   <trkpt lat="31.8871883" lon="118.8076182">
   </trkpt>
   <trkpt lat="31.8871886" lon="118.8076235">
   </trkpt>
   <trkpt lat="31.8871888" lon="118.8076287">
   </trkpt>
   <trkpt lat="31.8871890" lon="118.8076340">
   </trkpt>
   <trkpt lat="31.8871893" lon="118.8076393">
   </trkpt>
   <trkpt lat="31.8871895" lon="118.8076446">
   </trkpt>
   <trkpt lat="31.8871897" lon="118.8076499">
   </trkpt>
   <trkpt lat="31.8871899" lon="118.8076552">
   </trkpt>
   <trkpt lat="31.8871902" lon="118.8076604">
   </trkpt>
   <trkpt lat="31.8871904" lon="118.8076657">
   </trkpt>
   <trkpt lat="31.8871906" lon="118.8076710">
   </trkpt>
   <trkpt lat="31.8871909" lon="118.8076763">
   </trkpt>
   <trkpt lat="31.8871911" lon="118.8076816">
   </trkpt>
   <trkpt lat="31.8871913" lon="118.8076869">
   </trkpt>
   <trkpt lat="31.8871915" lon="118.8076921">
   </trkpt>
   <trkpt lat="31.8871918" lon="118.8076974">
   </trkpt>
   <trkpt lat="31.8871920" lon="118.8077027">
   </trkpt>
   <trkpt lat="31.8871922" lon="118.8077080">
   </trkpt>
   <trkpt lat="31.8871925" lon="118.8077133">
   </trkpt>
   <trkpt lat="31.8871927" lon="118.8077186">
   </trkpt>
   <trkpt lat="31.8871929" lon="118.8077238">
   </trkpt>
   <trkpt lat="31.8871931" lon="118.8077291">
   </trkpt>
   <trkpt lat="31.8871934" lon="118.8077344">
   </trkpt>
   <trkpt lat="31.8871936" lon="118.8077397">
   </trkpt>
   <trkpt lat="31.8871938" lon="118.8077450">
   </trkpt>
   <trkpt lat="31.8871941" lon="118.8077503">
   </trkpt>
   <trkpt lat="31.8871943" lon="118.8077555">
   </trkpt>
   <trkpt lat="31.8871945" lon="118.8077608">
   </trkpt>
   <trkpt lat="31.8871947" lon="118.8077661">
   </trkpt>
   <trkpt lat="31.8871950" lon="118.8077714">
   </trkpt>
   <trkpt lat="31.8871952" lon="118.8077767">
   </trkpt>
   <trkpt lat="31.8871954" lon="118.8077820">
   </trkpt>
   <trkpt lat="31.8871957" lon="118.8077872">
   </trkpt>
   <trkpt lat="31.8871959" lon="118.8077925">
   </trkpt>
   <trkpt lat="31.8871961" lon="118.8077978">
   </trkpt>
   <trkpt lat="31.8871963" lon="118.8078031">
   </trkpt>
   <trkpt lat="31.8871966" lon="118.8078084">
   </trkpt>
   <trkpt lat="31.8871968" lon="118.8078137">
   </trkpt>
   <trkpt lat="31.8871970" lon="118.8078189">
   </trkpt>
   <trkpt lat="31.8871973" lon="118.8078242">
   </trkpt>
   <trkpt lat="31.8871975" lon="118.8078295">
   </trkpt>
   <trkpt lat="31.8871977" lon="118.8078348">
   </trkpt>
   <trkpt lat="31.8871979" lon="118.8078401">
   </trkpt>
   <trkpt lat="31.8871982" lon="118.8078454">
   </trkpt>
   <trkpt lat="31.8871984" lon="118.8078506">
   </trkpt>
   <trkpt lat="31.8871986" lon="118.8078559">
   </trkpt>
   <trkpt lat="31.8871989" lon="118.8078612">
   </trkpt>
   <trkpt lat="31.8871991" lon="118.8078665">
   </trkpt>
   <trkpt lat="31.8871993" lon="118.8078718">
   </trkpt>
   <trkpt lat="31.8871995" lon="118.8078771">
   </trkpt>
   <trkpt lat="31.8871998" lon="118.8078823">
   </trkpt>
   <trkpt lat="31.8872000" lon="118.8078876">
   </trkpt>
   <trkpt lat="31.8872002" lon="118.8078929">
   </trkpt>
   <trkpt lat="31.8872005" lon="118.8078982">
   </trkpt>
   <trkpt lat="31.8872007" lon="118.8079035">
   </trkpt>
   <trkpt lat="31.8872009" lon="118.8079088">
   </trkpt>
   <trkpt lat="31.8872011" lon="118.8079140">
   </trkpt>
   <trkpt lat="31.8872014" lon="118.8079193">
   </trkpt>
   <trkpt lat="31.8872016" lon="118.8079246">
   </trkpt>
   <trkpt lat="31.8872018" lon="118.8079299">
   </trkpt>
   <trkpt lat="31.8872021" lon="118.8079352">
   </trkpt>
   <trkpt lat="31.8872023" lon="118.8079404">
   </trkpt>
   <trkpt lat="31.8872025" lon="118.8079457">
   </trkpt>
   <trkpt lat="31.8872027" lon="118.8079510">
   </trkpt>
   <trkpt lat="31.8872030" lon="118.8079563">
   </trkpt>
   <trkpt lat="31.8872032" lon="118.8079616">
   </trkpt>
   <trkpt lat="31.8872034" lon="118.8079669">
   </trkpt>
   <trkpt lat="31.8872037" lon="118.8079721">
   </trkpt>
   <trkpt lat="31.8872039" lon="118.8079774">
   </trkpt>
   <trkpt lat="31.8872041" lon="118.8079827">
   </trkpt>
   <trkpt lat="31.8872043" lon="118.8079880">
   </trkpt>
   <trkpt lat="31.8872046" lon="118.8079933">
   </trkpt>
   <trkpt lat="31.8872048" lon="118.8079986">
   </trkpt>
   <trkpt lat="31.8872050" lon="118.8080038">
   </trkpt>
   <trkpt lat="31.8872053" lon="118.8080091">
   </trkpt>
   <trkpt lat="31.8872055" lon="118.8080144">
   </trkpt>
   <trkpt lat="31.8872057" lon="118.8080197">
   </trkpt>
   <trkpt lat="31.8872060" lon="118.8080250">
   </trkpt>
   <trkpt lat="31.8872062" lon="118.8080303">
   </trkpt>
   <trkpt lat="31.8872064" lon="118.8080355">
   </trkpt>
   <trkpt lat="31.8872066" lon="118.8080408">
   </trkpt>
   <trkpt lat="31.8872069" lon="118.8080461">
   </trkpt>
   <trkpt lat="31.8872071" lon="118.8080514">
   </trkpt>
   <trkpt lat="31.8872073" lon="118.8080567">
   </trkpt>
   <trkpt lat="31.8872076" lon="118.8080620">
   </trkpt>
   <trkpt lat="31.8872078" lon="118.8080672">
   </trkpt>
   <trkpt lat="31.8872080" lon="118.8080725">
   </trkpt>
   <trkpt lat="31.8872082" lon="118.8080778">
   </trkpt>
   <trkpt lat="31.8872085" lon="118.8080831">
   </trkpt>
   <trkpt lat="31.8872087" lon="118.8080884">
   </trkpt>
   <trkpt lat="31.8872089" lon="118.8080937">
   </trkpt>
   <trkpt lat="31.8872092" lon="118.8080989">
   </trkpt>
   <trkpt lat="31.8872094" lon="118.8081042">
   </trkpt>
   <trkpt lat="31.8872096" lon="118.8081095">
   </trkpt>
   <trkpt lat="31.8872098" lon="118.8081148">
   </trkpt>
   <trkpt lat="31.8872101" lon="118.8081201">
   </trkpt>
   <trkpt lat="31.8872103" lon="118.8081254">
   </trkpt>
   <trkpt lat="31.8872105" lon="118.8081306">
   </trkpt>
   <trkpt lat="31.8872108" lon="118.8081359">
   </trkpt>
   <trkpt lat="31.8872110" lon="118.8081412">
   </trkpt>
   <trkpt lat="31.8872112" lon="118.8081465">
   </trkpt>
   <trkpt lat="31.8872114" lon="118.8081518">
   </trkpt>
   <trkpt lat="31.8872117" lon="118.8081571">
   </trkpt>
   <trkpt lat="31.8872119" lon="118.8081623">
   </trkpt>
   <trkpt lat="31.8872121" lon="118.8081676">
   </trkpt>
   <trkpt lat="31.8872124" lon="118.8081729">
   </trkpt>
   <trkpt lat="31.8872126" lon="118.8081782">
   </trkpt>
   <trkpt lat="31.8872128" lon="118.8081835">
   </trkpt>
   <trkpt lat="31.8872130" lon="118.8081888">
   </trkpt>
   <trkpt lat="31.8872133" lon="118.8081940">
   </trkpt>
   <trkpt lat="31.8872135" lon="118.8081993">
   </trkpt>
   <trkpt lat="31.8872137" lon="118.8082046">
   </trkpt>
   <trkpt lat="31.8872140" lon="118.8082099">
   </trkpt>
   <trkpt lat="31.8872142" lon="118.8082152">
   </trkpt>
   <trkpt lat="31.8872144" lon="118.8082205">
   </trkpt>
   <trkpt lat="31.8872146" lon="118.8082257">
   </trkpt>
   <trkpt lat="31.8872149" lon="118.8082310">
   </trkpt>
   <trkpt lat="31.8872151" lon="118.8082363">
   </trkpt>
   <trkpt lat="31.8872153" lon="118.8082416">
   </trkpt>
   <trkpt lat="31.8872156" lon="118.8082469">
   </trkpt>
   <trkpt lat="31.8872158" lon="118.8082522">
   </trkpt>
   <trkpt lat="31.8872160" lon="118.8082574">
   </trkpt>
   <trkpt lat="31.8872162" lon="118.8082627">
   </trkpt>
   <trkpt lat="31.8872165" lon="118.8082680">
   </trkpt>
   <trkpt lat="31.8872167" lon="118.8082733">
   </trkpt>
   <trkpt lat="31.8872169" lon="118.8082786">
   </trkpt>
   <trkpt lat="31.8872172" lon="118.8082839">
   </trkpt>
   <trkpt lat="31.8872174" lon="118.8082891">
   </trkpt>
   <trkpt lat="31.8872176" lon="118.8082944">
   </trkpt>
   <trkpt lat="31.8872178" lon="118.8082997">
   </trkpt>
   <trkpt lat="31.8872181" lon="118.8083050">
   </trkpt>
   <trkpt lat="31.8872183" lon="118.8083103">
   </trkpt>
   <trkpt lat="31.8872185" lon="118.8083155">
   </trkpt>
   <trkpt lat="31.8872188" lon="118.8083208">
   </trkpt>
   <trkpt lat="31.8872190" lon="118.8083261">
   </trkpt>
   <trkpt lat="31.8872192" lon="118.8083314">
   </trkpt>
   <trkpt lat="31.8872194" lon="118.8083367">
   </trkpt>
   <trkpt lat="31.8872197" lon="118.8083420">
   </trkpt>
   <trkpt lat="31.8872199" lon="118.8083472">
   </trkpt>
   <trkpt lat="31.8872201" lon="118.8083525">
   </trkpt>
   <trkpt lat="31.8872204" lon="118.8083578">
   </trkpt>
   <trkpt lat="31.8872206" lon="118.8083631">
   </trkpt>
   <trkpt lat="31.8872208" lon="118.8083684">
   </trkpt>
   <trkpt lat="31.8872210" lon="118.8083737">
   </trkpt>
   <trkpt lat="31.8872213" lon="118.8083789">
   </trkpt>
   <trkpt lat="31.8872215" lon="118.8083842">
   </trkpt>
   <trkpt lat="31.8872217" lon="118.8083895">
   </trkpt>
   <trkpt lat="31.8872220" lon="118.8083948">
   </trkpt>
   <trkpt lat="31.8872222" lon="118.8084001">
   </trkpt>
   <trkpt lat="31.8872224" lon="118.8084054">
   </trkpt>
   <trkpt lat="31.8872226" lon="118.8084106">
   </trkpt>
   <trkpt lat="31.8872229" lon="118.8084159">
   </trkpt>
   <trkpt lat="31.8872231" lon="118.8084212">
   </trkpt>
   <trkpt lat="31.8872233" lon="118.8084265">
   </trkpt>
   <trkpt lat="31.8872236" lon="118.8084318">
   </trkpt>
   <trkpt lat="31.8872238" lon="118.8084371">
   </trkpt>
   <trkpt lat="31.8872240" lon="118.8084423">
   </trkpt>
   <trkpt lat="31.8872242" lon="118.8084476">
   </trkpt>
   <trkpt lat="31.8872245" lon="118.8084529">
   </trkpt>
   <trkpt lat="31.8872247" lon="118.8084582">
   </trkpt>
   <trkpt lat="31.8872249" lon="118.8084635">
   </trkpt>
   <trkpt lat="31.8872252" lon="118.8084688">
   </trkpt>
   <trkpt lat="31.8872254" lon="118.8084740">
   </trkpt>
   <trkpt lat="31.8872256" lon="118.8084793">
   </trkpt>
   <trkpt lat="31.8872258" lon="118.8084846">
   </trkpt>
   <trkpt lat="31.8872261" lon="118.8084899">
   </trkpt>
   <trkpt lat="31.8872263" lon="118.8084952">
   </trkpt>
   <trkpt lat="31.8872265" lon="118.8085005">
   </trkpt>
   <trkpt lat="31.8872268" lon="118.8085057">
   </trkpt>
   <trkpt lat="31.8872270" lon="118.8085110">
   </trkpt>
   <trkpt lat="31.8872272" lon="118.8085163">
   </trkpt>
   <trkpt lat="31.8872274" lon="118.8085216">
   </trkpt>
   <trkpt lat="31.8872277" lon="118.8085269">
   </trkpt>
   <trkpt lat="31.8872279" lon="118.8085322">
   </trkpt>
   <trkpt lat="31.8872281" lon="118.8085374">
   </trkpt>
   <trkpt lat="31.8872284" lon="118.8085427">
   </trkpt>
   <trkpt lat="31.8872286" lon="118.8085480">
   </trkpt>
   <trkpt lat="31.8872288" lon="118.8085533">
   </trkpt>
   <trkpt lat="31.8872290" lon="118.8085586">
   </trkpt>
   <trkpt lat="31.8872293" lon="118.8085639">
   </trkpt>
   <trkpt lat="31.8872295" lon="118.8085691">
   </trkpt>
   <trkpt lat="31.8872297" lon="118.8085744">
   </trkpt>
   <trkpt lat="31.8872300" lon="118.8085797">
   </trkpt>
   <trkpt lat="31.8872302" lon="118.8085850">
   </trkpt>
   <trkpt lat="31.8872304" lon="118.8085903">
   </trkpt>
   <trkpt lat="31.8872307" lon="118.8085956">
   </trkpt>
   <trkpt lat="31.8872309" lon="118.8086008">
   </trkpt>
   <trkpt lat="31.8872311" lon="118.8086061">
   </trkpt>
   <trkpt lat="31.8872313" lon="118.8086114">
   </trkpt>
   <trkpt lat="31.8872316" lon="118.8086167">
   </trkpt>
   <trkpt lat="31.8872318" lon="118.8086220">
   </trkpt>
   <trkpt lat="31.8872320" lon="118.8086273">
   </trkpt>
   <trkpt lat="31.8872323" lon="118.8086325">
   </trkpt>
   <trkpt lat="31.8872325" lon="118.8086378">
   </trkpt>
   <trkpt lat="31.8872327" lon="118.8086431">
   </trkpt>
   <trkpt lat="31.8872329" lon="118.8086484">
   </trkpt>
   <trkpt lat="31.8872332" lon="118.8086537">
   </trkpt>
   <trkpt lat="31.8872334" lon="118.8086589">
   </trkpt>
   <trkpt lat="31.8872336" lon="118.8086642">
   </trkpt>
   <trkpt lat="31.8872339" lon="118.8086695">
   </trkpt>
   <trkpt lat="31.8872341" lon="118.8086748">
   </trkpt>
   <trkpt lat="31.8872343" lon="118.8086801">
   </trkpt>
   <trkpt lat="31.8872345" lon="118.8086854">
   </trkpt>
   <trkpt lat="31.8872348" lon="118.8086906">
   </trkpt>
   <trkpt lat="31.8872350" lon="118.8086959">
   </trkpt>
   <trkpt lat="31.8872352" lon="118.8087012">
   </trkpt>
   <trkpt lat="31.8872355" lon="118.8087065">
   </trkpt>
   <trkpt lat="31.8872357" lon="118.8087118">
   </trkpt>
   <trkpt lat="31.8872359" lon="118.8087171">
   </trkpt>
   <trkpt lat="31.8872361" lon="118.8087223">
   </trkpt>
   <trkpt lat="31.8872364" lon="118.8087276">
   </trkpt>
   <trkpt lat="31.8872366" lon="118.8087329">
   </trkpt>
   <trkpt lat="31.8872368" lon="118.8087382">
   </trkpt>
   <trkpt lat="31.8872371" lon="118.8087435">
   </trkpt>
   <trkpt lat="31.8872373" lon="118.8087488">
   </trkpt>
   <trkpt lat="31.8872375" lon="118.8087540">
   </trkpt>
   <trkpt lat="31.8872377" lon="118.8087593">
   </trkpt>
   <trkpt lat="31.8872380" lon="118.8087646">
   </trkpt>
   <trkpt lat="31.8872382" lon="118.8087699">
   </trkpt>
   <trkpt lat="31.8872384" lon="118.8087752">
   </trkpt>
   <trkpt lat="31.8872386" lon="118.8087805">
   </trkpt>
   <trkpt lat="31.8872389" lon="118.8087857">
   </trkpt>
   <trkpt lat="31.8872391" lon="118.8087910">
   </trkpt>
   <trkpt lat="31.8872393" lon="118.8087963">
   </trkpt>
   <trkpt lat="31.8872396" lon="118.8088016">
   </trkpt>
   <trkpt lat="31.8872398" lon="118.8088069">
   </trkpt>
   <trkpt lat="31.8872400" lon="118.8088122">
   </trkpt>
   <trkpt lat="31.8872402" lon="118.8088174">
   </trkpt>
   <trkpt lat="31.8872405" lon="118.8088227">
   </trkpt>
   <trkpt lat="31.8872407" lon="118.8088280">
   </trkpt>
   <trkpt lat="31.8872409" lon="118.8088333">
   </trkpt>
   <trkpt lat="31.8872420" lon="118.8088384">
   </trkpt>
   <trkpt lat="31.8872436" lon="118.8088433">
   </trkpt>
   <trkpt lat="31.8872452" lon="118.8088483">
   </trkpt>
   <trkpt lat="31.8872468" lon="118.8088532">
   </trkpt>
   <trkpt lat="31.8872484" lon="118.8088582">
   </trkpt>
   <trkpt lat="31.8872500" lon="118.8088631">
   </trkpt>
   <trkpt lat="31.8872516" lon="118.8088680">
   </trkpt>
   <trkpt lat="31.8872531" lon="118.8088730">
   </trkpt>
   <trkpt lat="31.8872547" lon="118.8088779">
   </trkpt>
   <trkpt lat="31.8872563" lon="118.8088829">
   </trkpt>
   <trkpt lat="31.8872579" lon="118.8088878">
   </trkpt>
   <trkpt lat="31.8872595" lon="118.8088928">
   </trkpt>
   <trkpt lat="31.8872611" lon="118.8088977">
   </trkpt>
   <trkpt lat="31.8872627" lon="118.8089027">
   </trkpt>
   <trkpt lat="31.8872643" lon="118.8089076">
   </trkpt>
   <trkpt lat="31.8872659" lon="118.8089126">
   </trkpt>
   <trkpt lat="31.8872675" lon="118.8089175">
   </trkpt>
   <trkpt lat="31.8872691" lon="118.8089225">
   </trkpt>
   <trkpt lat="31.8872706" lon="118.8089274">
   </trkpt>
   <trkpt lat="31.8872722" lon="118.8089324">
   </trkpt>
   <trkpt lat="31.8872738" lon="118.8089373">
   </trkpt>
   <trkpt lat="31.8872754" lon="118.8089423">
   </trkpt>
   <trkpt lat="31.8872770" lon="118.8089472">
   </trkpt>
   <trkpt lat="31.8872786" lon="118.8089521">
   </trkpt>
   <trkpt lat="31.8872802" lon="118.8089571">
   </trkpt>
   <trkpt lat="31.8872818" lon="118.8089620">
   </trkpt>
   <trkpt lat="31.8872834" lon="118.8089670">
   </trkpt>
   <trkpt lat="31.8872850" lon="118.8089719">
   </trkpt>
   <trkpt lat="31.8872865" lon="118.8089769">
   </trkpt>
   <trkpt lat="31.8872881" lon="118.8089818">
   </trkpt>
   <trkpt lat="31.8872897" lon="118.8089868">
   </trkpt>
   <trkpt lat="31.8872913" lon="118.8089917">
   </trkpt>
   <trkpt lat="31.8872929" lon="118.8089967">
   </trkpt>
   <trkpt lat="31.8872945" lon="118.8090016">
   </trkpt>
   <trkpt lat="31.8872961" lon="118.8090066">
   </trkpt>
   <trkpt lat="31.8872977" lon="118.8090115">
   </trkpt>
   <trkpt lat="31.8872993" lon="118.8090165">
   </trkpt>
   <trkpt lat="31.8873009" lon="118.8090214">
   </trkpt>
   <trkpt lat="31.8873024" lon="118.8090264">
   </trkpt>
   <trkpt lat="31.8873040" lon="118.8090313">
   </trkpt>
   <trkpt lat="31.8873056" lon="118.8090363">
   </trkpt>
   <trkpt lat="31.8873072" lon="118.8090412">
   </trkpt>
   <trkpt lat="31.8873088" lon="118.8090461">
   </trkpt>
   <trkpt lat="31.8873104" lon="118.8090511">
   </trkpt>
   <trkpt lat="31.8873120" lon="118.8090560">
   </trkpt>
   <trkpt lat="31.8873136" lon="118.8090610">
   </trkpt>
   <trkpt lat="31.8873152" lon="118.8090659">
   </trkpt>
   <trkpt lat="31.8873168" lon="118.8090709">
   </trkpt>
   <trkpt lat="31.8873184" lon="118.8090758">
   </trkpt>
   <trkpt lat="31.8873199" lon="118.8090808">
   </trkpt>
   <trkpt lat="31.8873215" lon="118.8090857">
   </trkpt>
   <trkpt lat="31.8873231" lon="118.8090907">
   </trkpt>
   <trkpt lat="31.8873247" lon="118.8090956">
   </trkpt>
   <trkpt lat="31.8873263" lon="118.8091006">
   </trkpt>
   <trkpt lat="31.8873279" lon="118.8091055">
   </trkpt>
   <trkpt lat="31.8873295" lon="118.8091105">
   </trkpt>
   <trkpt lat="31.8873311" lon="118.8091154">
   </trkpt>
   <trkpt lat="31.8873327" lon="118.8091204">
   </trkpt>
   <trkpt lat="31.8873343" lon="118.8091253">
   </trkpt>
   <trkpt lat="31.8873358" lon="118.8091303">
   </trkpt>
   <trkpt lat="31.8873374" lon="118.8091352">
   </trkpt>
   <trkpt lat="31.8873390" lon="118.8091401">
   </trkpt>
   <trkpt lat="31.8873406" lon="118.8091451">
   </trkpt>
   <trkpt lat="31.8873422" lon="118.8091500">
   </trkpt>
   <trkpt lat="31.8873438" lon="118.8091550">
   </trkpt>
   <trkpt lat="31.8873454" lon="118.8091599">
   </trkpt>
   <trkpt lat="31.8873470" lon="118.8091649">
   </trkpt>
   <trkpt lat="31.8873486" lon="118.8091698">
   </trkpt>
   <trkpt lat="31.8873502" lon="118.8091748">
   </trkpt>
   <trkpt lat="31.8873517" lon="118.8091797">
   </trkpt>
   <trkpt lat="31.8873521" lon="118.8091850">
   </trkpt>
   <trkpt lat="31.8873523" lon="118.8091903">
   </trkpt>
   <trkpt lat="31.8873525" lon="118.8091955">
   </trkpt>
   <trkpt lat="31.8873527" lon="118.8092008">
   </trkpt>
   <trkpt lat="31.8873529" lon="118.8092061">
   </trkpt>
   <trkpt lat="31.8873531" lon="118.8092114">
   </trkpt>
   <trkpt lat="31.8873533" lon="118.8092167">
   </trkpt>
   <trkpt lat="31.8873536" lon="118.8092220">
   </trkpt>
   <trkpt lat="31.8873538" lon="118.8092272">
   </trkpt>
   <trkpt lat="31.8873540" lon="118.8092325">
   </trkpt>
   <trkpt lat="31.8873542" lon="118.8092378">
   </trkpt>
   <trkpt lat="31.8873544" lon="118.8092431">
   </trkpt>
   <trkpt lat="31.8873546" lon="118.8092484">
   </trkpt>
   <trkpt lat="31.8873548" lon="118.8092537">
   </trkpt>
   <trkpt lat="31.8873550" lon="118.8092590">
   </trkpt>
   <trkpt lat="31.8873552" lon="118.8092642">
   </trkpt>
   <trkpt lat="31.8873555" lon="118.8092695">
   </trkpt>
   <trkpt lat="31.8873557" lon="118.8092748">
   </trkpt>
   <trkpt lat="31.8873560" lon="118.8092801">
   </trkpt>
   <trkpt lat="31.8873563" lon="118.8092854">
   </trkpt>
   <trkpt lat="31.8873566" lon="118.8092906">
   </trkpt>
   <trkpt lat="31.8873568" lon="118.8092959">
   </trkpt>
   <trkpt lat="31.8873571" lon="118.8093012">
   </trkpt>
   <trkpt lat="31.8873574" lon="118.8093065">
   </trkpt>
   <trkpt lat="31.8873576" lon="118.8093118">
   </trkpt>
   <trkpt lat="31.8873579" lon="118.8093170">
   </trkpt>
   <trkpt lat="31.8873582" lon="118.8093223">
   </trkpt>
   <trkpt lat="31.8873585" lon="118.8093276">
   </trkpt>
   <trkpt lat="31.8873587" lon="118.8093329">
   </trkpt>
   <trkpt lat="31.8873590" lon="118.8093382">
   </trkpt>
   <trkpt lat="31.8873593" lon="118.8093434">
   </trkpt>
   <trkpt lat="31.8873596" lon="118.8093487">
   </trkpt>
   <trkpt lat="31.8873598" lon="118.8093540">
   </trkpt>
   <trkpt lat="31.8873601" lon="118.8093593">
   </trkpt>
   <trkpt lat="31.8873604" lon="118.8093646">
   </trkpt>
   <trkpt lat="31.8873607" lon="118.8093698">
   </trkpt>
   <trkpt lat="31.8873609" lon="118.8093751">
   </trkpt>
   <trkpt lat="31.8873612" lon="118.8093804">
   </trkpt>
   <trkpt lat="31.8873615" lon="118.8093857">
   </trkpt>
   <trkpt lat="31.8873618" lon="118.8093910">
   </trkpt>
   <trkpt lat="31.8873620" lon="118.8093962">
   </trkpt>
   <trkpt lat="31.8873623" lon="118.8094015">
   </trkpt>
   <trkpt lat="31.8873626" lon="118.8094068">
   </trkpt>
   <trkpt lat="31.8873629" lon="118.8094121">
   </trkpt>
   <trkpt lat="31.8873631" lon="118.8094174">
   </trkpt>
   <trkpt lat="31.8873634" lon="118.8094226">
   </trkpt>
   <trkpt lat="31.8873637" lon="118.8094279">
   </trkpt>
   <trkpt lat="31.8873639" lon="118.8094332">
   </trkpt>
   <trkpt lat="31.8873642" lon="118.8094385">
   </trkpt>
   <trkpt lat="31.8873645" lon="118.8094438">
   </trkpt>
   <trkpt lat="31.8873648" lon="118.8094490">
   </trkpt>
   <trkpt lat="31.8873650" lon="118.8094543">
   </trkpt>
   <trkpt lat="31.8873653" lon="118.8094596">
   </trkpt>
   <trkpt lat="31.8873656" lon="118.8094649">
   </trkpt>
   <trkpt lat="31.8873659" lon="118.8094702">
   </trkpt>
   <trkpt lat="31.8873661" lon="118.8094754">
   </trkpt>
   <trkpt lat="31.8873664" lon="118.8094807">
   </trkpt>
   <trkpt lat="31.8873667" lon="118.8094860">
   </trkpt>
   <trkpt lat="31.8873670" lon="118.8094913">
   </trkpt>
   <trkpt lat="31.8873672" lon="118.8094966">
   </trkpt>
   <trkpt lat="31.8873675" lon="118.8095018">
   </trkpt>
   <trkpt lat="31.8873678" lon="118.8095071">
   </trkpt>
   <trkpt lat="31.8873681" lon="118.8095124">
   </trkpt>
   <trkpt lat="31.8873683" lon="118.8095177">
   </trkpt>
   <trkpt lat="31.8873686" lon="118.8095230">
   </trkpt>
   <trkpt lat="31.8873689" lon="118.8095282">
   </trkpt>
   <trkpt lat="31.8873692" lon="118.8095335">
   </trkpt>
   <trkpt lat="31.8873694" lon="118.8095388">
   </trkpt>
   <trkpt lat="31.8873697" lon="118.8095441">
   </trkpt>
   <trkpt lat="31.8873700" lon="118.8095494">
   </trkpt>
   <trkpt lat="31.8873702" lon="118.8095546">
   </trkpt>
   <trkpt lat="31.8873705" lon="118.8095599">
   </trkpt>
   <trkpt lat="31.8873708" lon="118.8095652">
   </trkpt>
   <trkpt lat="31.8873711" lon="118.8095705">
   </trkpt>
   <trkpt lat="31.8873713" lon="118.8095758">
   </trkpt>
   <trkpt lat="31.8873716" lon="118.8095810">
   </trkpt>
   <trkpt lat="31.8873719" lon="118.8095863">
   </trkpt>
   <trkpt lat="31.8873722" lon="118.8095916">
   </trkpt>
   <trkpt lat="31.8873724" lon="118.8095969">
   </trkpt>
   <trkpt lat="31.8873727" lon="118.8096022">
   </trkpt>
   <trkpt lat="31.8873730" lon="118.8096074">
   </trkpt>
   <trkpt lat="31.8873733" lon="118.8096127">
   </trkpt>
   <trkpt lat="31.8873735" lon="118.8096180">
   </trkpt>
   <trkpt lat="31.8873738" lon="118.8096233">
   </trkpt>
   <trkpt lat="31.8873741" lon="118.8096286">
   </trkpt>
   <trkpt lat="31.8873744" lon="118.8096338">
   </trkpt>
   <trkpt lat="31.8873746" lon="118.8096391">
   </trkpt>
   <trkpt lat="31.8873749" lon="118.8096444">
   </trkpt>
   <trkpt lat="31.8873752" lon="118.8096497">
   </trkpt>
   <trkpt lat="31.8873755" lon="118.8096550">
   </trkpt>
   <trkpt lat="31.8873757" lon="118.8096602">
   </trkpt>
   <trkpt lat="31.8873760" lon="118.8096655">
   </trkpt>
   <trkpt lat="31.8873763" lon="118.8096708">
   </trkpt>
   <trkpt lat="31.8873765" lon="118.8096761">
   </trkpt>
   <trkpt lat="31.8873768" lon="118.8096814">
   </trkpt>
   <trkpt lat="31.8873771" lon="118.8096866">
   </trkpt>
   <trkpt lat="31.8873774" lon="118.8096919">
   </trkpt>
   <trkpt lat="31.8873776" lon="118.8096972">
   </trkpt>
   <trkpt lat="31.8873779" lon="118.8097025">
   </trkpt>
   <trkpt lat="31.8873782" lon="118.8097078">
   </trkpt>
   <trkpt lat="31.8873785" lon="118.8097130">
   </trkpt>
   <trkpt lat="31.8873787" lon="118.8097183">
   </trkpt>
   <trkpt lat="31.8873790" lon="118.8097236">
   </trkpt>
   <trkpt lat="31.8873793" lon="118.8097289">
   </trkpt>
   <trkpt lat="31.8873796" lon="118.8097342">
   </trkpt>
   <trkpt lat="31.8873798" lon="118.8097395">
   </trkpt>
   <trkpt lat="31.8873801" lon="118.8097447">
   </trkpt>
   <trkpt lat="31.8873804" lon="118.8097500">
   </trkpt>
   <trkpt lat="31.8873807" lon="118.8097553">
   </trkpt>
   <trkpt lat="31.8873809" lon="118.8097606">
   </trkpt>
   <trkpt lat="31.8873812" lon="118.8097659">
   </trkpt>
   <trkpt lat="31.8873815" lon="118.8097711">
   </trkpt>
   <trkpt lat="31.8873818" lon="118.8097764">
   </trkpt>
   <trkpt lat="31.8873820" lon="118.8097817">
   </trkpt>
   <trkpt lat="31.8873823" lon="118.8097870">
   </trkpt>
   <trkpt lat="31.8873826" lon="118.8097923">
   </trkpt>
   <trkpt lat="31.8873828" lon="118.8097975">
   </trkpt>
   <trkpt lat="31.8873831" lon="118.8098028">
   </trkpt>
   <trkpt lat="31.8873834" lon="118.8098081">
   </trkpt>
   <trkpt lat="31.8873837" lon="118.8098134">
   </trkpt>
   <trkpt lat="31.8873839" lon="118.8098187">
   </trkpt>
   <trkpt lat="31.8873842" lon="118.8098239">
   </trkpt>
   <trkpt lat="31.8873845" lon="118.8098292">
   </trkpt>
   <trkpt lat="31.8873848" lon="118.8098345">
   </trkpt>
   <trkpt lat="31.8873850" lon="118.8098398">
   </trkpt>
   <trkpt lat="31.8873853" lon="118.8098451">
   </trkpt>
   <trkpt lat="31.8873856" lon="118.8098503">
   </trkpt>
   <trkpt lat="31.8873859" lon="118.8098556">
   </trkpt>
   <trkpt lat="31.8873861" lon="118.8098609">
   </trkpt>
   <trkpt lat="31.8873864" lon="118.8098662">
   </trkpt>
   <trkpt lat="31.8873867" lon="118.8098715">
   </trkpt>
   <trkpt lat="31.8873870" lon="118.8098767">
   </trkpt>
   <trkpt lat="31.8873872" lon="118.8098820">
   </trkpt>
   <trkpt lat="31.8873875" lon="118.8098873">
   </trkpt>
   <trkpt lat="31.8873878" lon="118.8098926">
   </trkpt>
   <trkpt lat="31.8873881" lon="118.8098979">
   </trkpt>
   <trkpt lat="31.8873883" lon="118.8099031">
   </trkpt>
   <trkpt lat="31.8873886" lon="118.8099084">
   </trkpt>
   <trkpt lat="31.8873889" lon="118.8099137">
   </trkpt>
   <trkpt lat="31.8873891" lon="118.8099190">
   </trkpt>
   <trkpt lat="31.8873894" lon="118.8099243">
   </trkpt>
   <trkpt lat="31.8873897" lon="118.8099295">
   </trkpt>
   <trkpt lat="31.8873900" lon="118.8099348">
   </trkpt>
   <trkpt lat="31.8873902" lon="118.8099401">
   </trkpt>
   <trkpt lat="31.8873905" lon="118.8099454">
   </trkpt>
   <trkpt lat="31.8873908" lon="118.8099507">
   </trkpt>
   <trkpt lat="31.8873911" lon="118.8099559">
   </trkpt>
   <trkpt lat="31.8873913" lon="118.8099612">
   </trkpt>
   <trkpt lat="31.8873916" lon="118.8099665">
   </trkpt>
   <trkpt lat="31.8873919" lon="118.8099718">
   </trkpt>
   <trkpt lat="31.8873922" lon="118.8099771">
   </trkpt>
   <trkpt lat="31.8873924" lon="118.8099823">
   </trkpt>
   <trkpt lat="31.8873927" lon="118.8099876">
   </trkpt>
   <trkpt lat="31.8873930" lon="118.8099929">
   </trkpt>
   <trkpt lat="31.8873933" lon="118.8099982">
   </trkpt>
   <trkpt lat="31.8873935" lon="118.8100035">
   </trkpt>
   <trkpt lat="31.8873938" lon="118.8100087">
   </trkpt>
   <trkpt lat="31.8873941" lon="118.8100140">
   </trkpt>
   <trkpt lat="31.8873944" lon="118.8100193">
   </trkpt>
   <trkpt lat="31.8873946" lon="118.8100246">
   </trkpt>
   <trkpt lat="31.8873949" lon="118.8100299">
   </trkpt>
   <trkpt lat="31.8873952" lon="118.8100351">
   </trkpt>
   <trkpt lat="31.8873954" lon="118.8100404">
   </trkpt>
   <trkpt lat="31.8873957" lon="118.8100457">
   </trkpt>
   <trkpt lat="31.8873960" lon="118.8100510">
   </trkpt>
   <trkpt lat="31.8873963" lon="118.8100563">
   </trkpt>
   <trkpt lat="31.8873965" lon="118.8100615">
   </trkpt>
   <trkpt lat="31.8873968" lon="118.8100668">
   </trkpt>
   <trkpt lat="31.8873971" lon="118.8100721">
   </trkpt>
   <trkpt lat="31.8873974" lon="118.8100774">
   </trkpt>
   <trkpt lat="31.8873976" lon="118.8100827">
   </trkpt>
   <trkpt lat="31.8873979" lon="118.8100879">
   </trkpt>
   <trkpt lat="31.8873982" lon="118.8100932">
   </trkpt>
   <trkpt lat="31.8873985" lon="118.8100985">
   </trkpt>
   <trkpt lat="31.8873987" lon="118.8101038">
   </trkpt>
   <trkpt lat="31.8873990" lon="118.8101091">
   </trkpt>
   <trkpt lat="31.8874021" lon="118.8101106">
   </trkpt>
   <trkpt lat="31.8874066" lon="118.8101103">
   </trkpt>
   <trkpt lat="31.8874111" lon="118.8101101">
   </trkpt>
   <trkpt lat="31.8874156" lon="118.8101098">
   </trkpt>
   <trkpt lat="31.8874200" lon="118.8101095">
   </trkpt>
   <trkpt lat="31.8874245" lon="118.8101093">
   </trkpt>
   <trkpt lat="31.8874290" lon="118.8101090">
   </trkpt>
   <trkpt lat="31.8874335" lon="118.8101087">
   </trkpt>
   <trkpt lat="31.8874380" lon="118.8101084">
   </trkpt>
   <trkpt lat="31.8874425" lon="118.8101082">
   </trkpt>
   <trkpt lat="31.8874470" lon="118.8101079">
   </trkpt>
   <trkpt lat="31.8874514" lon="118.8101076">
   </trkpt>
   <trkpt lat="31.8874559" lon="118.8101073">
   </trkpt>
   <trkpt lat="31.8874604" lon="118.8101071">
   </trkpt>
   <trkpt lat="31.8874649" lon="118.8101068">
   </trkpt>
   <trkpt lat="31.8874694" lon="118.8101065">
   </trkpt>
   <trkpt lat="31.8874739" lon="118.8101063">
   </trkpt>
   <trkpt lat="31.8874784" lon="118.8101060">
   </trkpt>
   <trkpt lat="31.8874828" lon="118.8101057">
   </trkpt>
   <trkpt lat="31.8874873" lon="118.8101054">
   </trkpt>
   <trkpt lat="31.8874918" lon="118.8101052">
   </trkpt>
   <trkpt lat="31.8874963" lon="118.8101049">
   </trkpt>
   <trkpt lat="31.8875008" lon="118.8101046">
   </trkpt>
   <trkpt lat="31.8875053" lon="118.8101044">
   </trkpt>
   <trkpt lat="31.8875098" lon="118.8101041">
   </trkpt>
   <trkpt lat="31.8875142" lon="118.8101038">
   </trkpt>
   <trkpt lat="31.8875187" lon="118.8101035">
   </trkpt>
   <trkpt lat="31.8875232" lon="118.8101033">
   </trkpt>
   <trkpt lat="31.8875277" lon="118.8101030">
   </trkpt>
   <trkpt lat="31.8875322" lon="118.8101027">
   </trkpt>
   <trkpt lat="31.8875367" lon="118.8101024">
   </trkpt>
   <trkpt lat="31.8875412" lon="118.8101022">
   </trkpt>
   <trkpt lat="31.8875456" lon="118.8101019">
   </trkpt>
   <trkpt lat="31.8875501" lon="118.8101016">
   </trkpt>
   <trkpt lat="31.8875546" lon="118.8101014">
   </trkpt>
   <trkpt lat="31.8875591" lon="118.8101011">
   </trkpt>
   <trkpt lat="31.8875636" lon="118.8101008">
   </trkpt>
   <trkpt lat="31.8875681" lon="118.8101005">
   </trkpt>
   <trkpt lat="31.8875726" lon="118.8101003">
   </trkpt>
   <trkpt lat="31.8875770" lon="118.8101000">
   </trkpt>
   <trkpt lat="31.8875815" lon="118.8100997">
   </trkpt>
   <trkpt lat="31.8875860" lon="118.8100995">
   </trkpt>
   <trkpt lat="31.8875905" lon="118.8100992">
   </trkpt>
   <trkpt lat="31.8875950" lon="118.8100989">
   </trkpt>
   <trkpt lat="31.8875995" lon="118.8100986">
   </trkpt>
   <trkpt lat="31.8876040" lon="118.8100984">
   </trkpt>
   <trkpt lat="31.8876084" lon="118.8100981">
   </trkpt>
   <trkpt lat="31.8876129" lon="118.8100978">
   </trkpt>
   <trkpt lat="31.8876174" lon="118.8100975">
   </trkpt>
   <trkpt lat="31.8876219" lon="118.8100973">
   </trkpt>
   <trkpt lat="31.8876264" lon="118.8100970">
   </trkpt>
   <trkpt lat="31.8876309" lon="118.8100967">
   </trkpt>
   <trkpt lat="31.8876354" lon="118.8100965">
   </trkpt>
   <trkpt lat="31.8876398" lon="118.8100962">
   </trkpt>
   <trkpt lat="31.8876443" lon="118.8100959">
   </trkpt>
   <trkpt lat="31.8876488" lon="118.8100956">
   </trkpt>
   <trkpt lat="31.8876533" lon="118.8100954">
   </trkpt>
   <trkpt lat="31.8876578" lon="118.8100951">
   </trkpt>
   <trkpt lat="31.8876623" lon="118.8100948">
   </trkpt>
   <trkpt lat="31.8876668" lon="118.8100946">
   </trkpt>
   <trkpt lat="31.8876712" lon="118.8100943">
   </trkpt>
   <trkpt lat="31.8876757" lon="118.8100940">
   </trkpt>
   <trkpt lat="31.8876802" lon="118.8100937">
   </trkpt>
   <trkpt lat="31.8876847" lon="118.8100935">
   </trkpt>
   <trkpt lat="31.8876892" lon="118.8100932">
   </trkpt>
   <trkpt lat="31.8876937" lon="118.8100929">
   </trkpt>
   <trkpt lat="31.8876982" lon="118.8100926">
   </trkpt>
   <trkpt lat="31.8877026" lon="118.8100924">
   </trkpt>
   <trkpt lat="31.8877071" lon="118.8100921">
   </trkpt>
   <trkpt lat="31.8877116" lon="118.8100918">
   </trkpt>
   <trkpt lat="31.8877161" lon="118.8100916">
   </trkpt>
   <trkpt lat="31.8877206" lon="118.8100913">
   </trkpt>
   <trkpt lat="31.8877251" lon="118.8100910">
   </trkpt>
   <trkpt lat="31.8877296" lon="118.8100907">
   </trkpt>
   <trkpt lat="31.8877340" lon="118.8100905">
   </trkpt>
   <trkpt lat="31.8877385" lon="118.8100902">
   </trkpt>
   <trkpt lat="31.8877430" lon="118.8100899">
   </trkpt>
   <trkpt lat="31.8877475" lon="118.8100896">
   </trkpt>
   <trkpt lat="31.8877520" lon="118.8100894">
   </trkpt>
   <trkpt lat="31.8877565" lon="118.8100891">
   </trkpt>
   <trkpt lat="31.8877610" lon="118.8100888">
   </trkpt>
   <trkpt lat="31.8877654" lon="118.8100886">
   </trkpt>
   <trkpt lat="31.8877699" lon="118.8100883">
   </trkpt>
   <trkpt lat="31.8877744" lon="118.8100880">
   </trkpt>
   <trkpt lat="31.8877789" lon="118.8100877">
   </trkpt>
   <trkpt lat="31.8877834" lon="118.8100875">
   </trkpt>
   <trkpt lat="31.8877879" lon="118.8100872">
   </trkpt>
   <trkpt lat="31.8877924" lon="118.8100869">
   </trkpt>
   <trkpt lat="31.8877968" lon="118.8100867">
   </trkpt>
   <trkpt lat="31.8878013" lon="118.8100864">
   </trkpt>
   <trkpt lat="31.8878058" lon="118.8100861">
   </trkpt>
   <trkpt lat="31.8878103" lon="118.8100858">
   </trkpt>
   <trkpt lat="31.8878148" lon="118.8100856">
   </trkpt>
   <trkpt lat="31.8878193" lon="118.8100853">
   </trkpt>
   <trkpt lat="31.8878238" lon="118.8100850">
   </trkpt>
   <trkpt lat="31.8878282" lon="118.8100847">
   </trkpt>
   <trkpt lat="31.8878327" lon="118.8100845">
   </trkpt>
   <trkpt lat="31.8878372" lon="118.8100842">
   </trkpt>
   <trkpt lat="31.8878417" lon="118.8100839">
   </trkpt>
   <trkpt lat="31.8878462" lon="118.8100837">
   </trkpt>
   <trkpt lat="31.8878507" lon="118.8100834">
   </trkpt>
   <trkpt lat="31.8878552" lon="118.8100831">
   </trkpt>
   <trkpt lat="31.8878596" lon="118.8100828">
   </trkpt>
   <trkpt lat="31.8878641" lon="118.8100826">
   </trkpt>
   <trkpt lat="31.8878686" lon="118.8100823">
   </trkpt>
   <trkpt lat="31.8878731" lon="118.8100820">
   </trkpt>
   <trkpt lat="31.8878776" lon="118.8100818">
   </trkpt>
   <trkpt lat="31.8878821" lon="118.8100815">
   </trkpt>
   <trkpt lat="31.8878866" lon="118.8100812">
   </trkpt>
   <trkpt lat="31.8878910" lon="118.8100809">
   </trkpt>
   <trkpt lat="31.8878955" lon="118.8100807">
   </trkpt>
   <trkpt lat="31.8879000" lon="118.8100804">
   </trkpt>
   <trkpt lat="31.8879045" lon="118.8100801">
   </trkpt>
   <trkpt lat="31.8879090" lon="118.8100798">
   </trkpt>
   <trkpt lat="31.8879135" lon="118.8100796">
   </trkpt>
   <trkpt lat="31.8879180" lon="118.8100793">
   </trkpt>
   <trkpt lat="31.8879224" lon="118.8100790">
   </trkpt>
   <trkpt lat="31.8879269" lon="118.8100788">
   </trkpt>
   <trkpt lat="31.8879314" lon="118.8100785">
   </trkpt>
   <trkpt lat="31.8879359" lon="118.8100782">
   </trkpt>
   <trkpt lat="31.8879404" lon="118.8100779">
   </trkpt>
   <trkpt lat="31.8879449" lon="118.8100777">
   </trkpt>
   <trkpt lat="31.8879494" lon="118.8100774">
   </trkpt>
   <trkpt lat="31.8879538" lon="118.8100771">
   </trkpt>
   <trkpt lat="31.8879583" lon="118.8100768">
   </trkpt>
   <trkpt lat="31.8879628" lon="118.8100766">
   </trkpt>
   <trkpt lat="31.8879673" lon="118.8100763">
   </trkpt>
   <trkpt lat="31.8879718" lon="118.8100760">
   </trkpt>
   <trkpt lat="31.8879763" lon="118.8100758">
   </trkpt>
   <trkpt lat="31.8879807" lon="118.8100755">
   </trkpt>
   <trkpt lat="31.8879852" lon="118.8100752">
   </trkpt>
   <trkpt lat="31.8879897" lon="118.8100749">
   </trkpt>
   <trkpt lat="31.8879942" lon="118.8100747">
   </trkpt>
   <trkpt lat="31.8879987" lon="118.8100744">
   </trkpt>
   <trkpt lat="31.8880032" lon="118.8100741">
   </trkpt>
   <trkpt lat="31.8880077" lon="118.8100738">
   </trkpt>
   <trkpt lat="31.8880121" lon="118.8100736">
   </trkpt>
   <trkpt lat="31.8880166" lon="118.8100733">
   </trkpt>
   <trkpt lat="31.8880211" lon="118.8100730">
   </trkpt>
   <trkpt lat="31.8880256" lon="118.8100728">
   </trkpt>
   <trkpt lat="31.8880301" lon="118.8100725">
   </trkpt>
   <trkpt lat="31.8880346" lon="118.8100722">
   </trkpt>
   <trkpt lat="31.8880391" lon="118.8100719">
   </trkpt>
   <trkpt lat="31.8880435" lon="118.8100717">
   </trkpt>
   <trkpt lat="31.8880480" lon="118.8100714">
   </trkpt>
   <trkpt lat="31.8880525" lon="118.8100711">
   </trkpt>
   <trkpt lat="31.8880570" lon="118.8100708">
   </trkpt>
   <trkpt lat="31.8880615" lon="118.8100706">
   </trkpt>
   <trkpt lat="31.8880660" lon="118.8100703">
   </trkpt>
   <trkpt lat="31.8880705" lon="118.8100700">
   </trkpt>
   <trkpt lat="31.8880749" lon="118.8100698">
   </trkpt>
   <trkpt lat="31.8880794" lon="118.8100695">
   </trkpt>
   <trkpt lat="31.8880839" lon="118.8100692">
   </trkpt>
   <trkpt lat="31.8880884" lon="118.8100689">
   </trkpt>
   <trkpt lat="31.8880929" lon="118.8100687">
   </trkpt>
   <trkpt lat="31.8880974" lon="118.8100684">
   </trkpt>
   <trkpt lat="31.8881019" lon="118.8100681">
   </trkpt>
   <trkpt lat="31.8881063" lon="118.8100679">
   </trkpt>
   <trkpt lat="31.8881108" lon="118.8100676">
   </trkpt>
   <trkpt lat="31.8881153" lon="118.8100673">
   </trkpt>
   <trkpt lat="31.8881198" lon="118.8100670">
   </trkpt>
   <trkpt lat="31.8881243" lon="118.8100668">
   </trkpt>
   <trkpt lat="31.8881288" lon="118.8100665">
   </trkpt>
   <trkpt lat="31.8881333" lon="118.8100662">
   </trkpt>
   <trkpt lat="31.8881377" lon="118.8100659">
   </trkpt>
   <trkpt lat="31.8881422" lon="118.8100657">
   </trkpt>
   <trkpt lat="31.8881467" lon="118.8100654">
   </trkpt>
   <trkpt lat="31.8881512" lon="118.8100651">
   </trkpt>
   <trkpt lat="31.8881557" lon="118.8100649">
   </trkpt>
   <trkpt lat="31.8881602" lon="118.8100646">
   </trkpt>
   <trkpt lat="31.8881647" lon="118.8100643">
   </trkpt>
   <trkpt lat="31.8881691" lon="118.8100640">
   </trkpt>
   <trkpt lat="31.8881736" lon="118.8100638">
   </trkpt>
   <trkpt lat="31.8881781" lon="118.8100635">
   </trkpt>
   <trkpt lat="31.8881826" lon="118.8100632">
   </trkpt>
   <trkpt lat="31.8881871" lon="118.8100629">
   </trkpt>
   <trkpt lat="31.8881916" lon="118.8100627">
   </trkpt>
   <trkpt lat="31.8881961" lon="118.8100624">
   </trkpt>
   <trkpt lat="31.8882005" lon="118.8100621">
   </trkpt>
   <trkpt lat="31.8882050" lon="118.8100619">
   </trkpt>
   <trkpt lat="31.8882095" lon="118.8100616">
   </trkpt>
   <trkpt lat="31.8882140" lon="118.8100613">
   </trkpt>
   <trkpt lat="31.8882185" lon="118.8100610">
   </trkpt>
   <trkpt lat="31.8882230" lon="118.8100608">
   </trkpt>
   <trkpt lat="31.8882275" lon="118.8100605">
   </trkpt>
   <trkpt lat="31.8882319" lon="118.8100602">
   </trkpt>
   <trkpt lat="31.8882364" lon="118.8100599">
   </trkpt>
   <trkpt lat="31.8882409" lon="118.8100597">
   </trkpt>
   <trkpt lat="31.8882454" lon="118.8100594">
   </trkpt>
   <trkpt lat="31.8882499" lon="118.8100591">
   </trkpt>
   <trkpt lat="31.8882544" lon="118.8100589">
   </trkpt>
   <trkpt lat="31.8882589" lon="118.8100586">
   </trkpt>
   <trkpt lat="31.8882633" lon="118.8100583">
   </trkpt>
   <trkpt lat="31.8882678" lon="118.8100580">
   </trkpt>
   <trkpt lat="31.8882723" lon="118.8100578">
   </trkpt>
   <trkpt lat="31.8882768" lon="118.8100575">
   </trkpt>
   <trkpt lat="31.8882813" lon="118.8100572">
   </trkpt>
   <trkpt lat="31.8882858" lon="118.8100569">
   </trkpt>
   <trkpt lat="31.8882903" lon="118.8100567">
   </trkpt>
   <trkpt lat="31.8882947" lon="118.8100564">
   </trkpt>
   <trkpt lat="31.8882992" lon="118.8100561">
   </trkpt>
   <trkpt lat="31.8883037" lon="118.8100559">
   </trkpt>
   <trkpt lat="31.8883082" lon="118.8100556">
   </trkpt>
   <trkpt lat="31.8883127" lon="118.8100553">
   </trkpt>
   <trkpt lat="31.8883172" lon="118.8100550">
   </trkpt>
   <trkpt lat="31.8883217" lon="118.8100548">
   </trkpt>
   <trkpt lat="31.8883261" lon="118.8100545">
   </trkpt>
   <trkpt lat="31.8883306" lon="118.8100542">
   </trkpt>
   <trkpt lat="31.8883351" lon="118.8100539">
   </trkpt>
   <trkpt lat="31.8883396" lon="118.8100537">
   </trkpt>
   <trkpt lat="31.8883441" lon="118.8100534">
   </trkpt>
   <trkpt lat="31.8883486" lon="118.8100531">
   </trkpt>
   <trkpt lat="31.8883531" lon="118.8100529">
   </trkpt>
   <trkpt lat="31.8883575" lon="118.8100526">
   </trkpt>
   <trkpt lat="31.8883620" lon="118.8100523">
   </trkpt>
   <trkpt lat="31.8883665" lon="118.8100520">
   </trkpt>
   <trkpt lat="31.8883710" lon="118.8100518">
   </trkpt>
   <trkpt lat="31.8883755" lon="118.8100515">
   </trkpt>
   <trkpt lat="31.8883800" lon="118.8100512">
   </trkpt>
   <trkpt lat="31.8883845" lon="118.8100510">
   </trkpt>
   <trkpt lat="31.8883889" lon="118.8100507">
   </trkpt>
   <trkpt lat="31.8883934" lon="118.8100504">
   </trkpt>
   <trkpt lat="31.8883979" lon="118.8100501">
   </trkpt>
   <trkpt lat="31.8884024" lon="118.8100499">
   </trkpt>
   <trkpt lat="31.8884069" lon="118.8100496">
   </trkpt>
   <trkpt lat="31.8884114" lon="118.8100493">
   </trkpt>
   <trkpt lat="31.8884159" lon="118.8100490">
   </trkpt>
   <trkpt lat="31.8884203" lon="118.8100488">
   </trkpt>
   <trkpt lat="31.8884248" lon="118.8100485">
   </trkpt>
   <trkpt lat="31.8884293" lon="118.8100482">
   </trkpt>
   <trkpt lat="31.8884338" lon="118.8100480">
   </trkpt>
   <trkpt lat="31.8884364" lon="118.8100501">
   </trkpt>
   <trkpt lat="31.8884367" lon="118.8100554">
   </trkpt>
   <trkpt lat="31.8884370" lon="118.8100607">
   </trkpt>
   <trkpt lat="31.8884373" lon="118.8100660">
   </trkpt>
   <trkpt lat="31.8884375" lon="118.8100713">
   </trkpt>
   <trkpt lat="31.8884378" lon="118.8100765">
   </trkpt>
   <trkpt lat="31.8884381" lon="118.8100818">
   </trkpt>
   <trkpt lat="31.8884384" lon="118.8100871">
   </trkpt>
   <trkpt lat="31.8884386" lon="118.8100924">
   </trkpt>
   <trkpt lat="31.8884389" lon="118.8100977">
   </trkpt>
   <trkpt lat="31.8884392" lon="118.8101029">
   </trkpt>
   <trkpt lat="31.8884395" lon="118.8101082">
   </trkpt>
   <trkpt lat="31.8884397" lon="118.8101135">
   </trkpt>
   <trkpt lat="31.8884400" lon="118.8101188">
   </trkpt>
   <trkpt lat="31.8884403" lon="118.8101241">
   </trkpt>
   <trkpt lat="31.8884406" lon="118.8101293">
   </trkpt>
   <trkpt lat="31.8884408" lon="118.8101346">
   </trkpt>
   <trkpt lat="31.8884411" lon="118.8101399">
   </trkpt>
   <trkpt lat="31.8884414" lon="118.8101452">
   </trkpt>
   <trkpt lat="31.8884417" lon="118.8101505">
   </trkpt>
   <trkpt lat="31.8884419" lon="118.8101557">
   </trkpt>
   <trkpt lat="31.8884422" lon="118.8101610">
   </trkpt>
   <trkpt lat="31.8884425" lon="118.8101663">
   </trkpt>
   <trkpt lat="31.8884428" lon="118.8101716">
   </trkpt>
   <trkpt lat="31.8884431" lon="118.8101769">
   </trkpt>
   <trkpt lat="31.8884433" lon="118.8101821">
   </trkpt>
   <trkpt lat="31.8884436" lon="118.8101874">
   </trkpt>
   <trkpt lat="31.8884439" lon="118.8101927">
   </trkpt>
   <trkpt lat="31.8884442" lon="118.8101980">
   </trkpt>
   <trkpt lat="31.8884444" lon="118.8102033">
   </trkpt>
   <trkpt lat="31.8884447" lon="118.8102085">
   </trkpt>
   <trkpt lat="31.8884450" lon="118.8102138">
   </trkpt>
   <trkpt lat="31.8884453" lon="118.8102191">
   </trkpt>
   <trkpt lat="31.8884455" lon="118.8102244">
   </trkpt>
   <trkpt lat="31.8884458" lon="118.8102297">
   </trkpt>
   <trkpt lat="31.8884461" lon="118.8102349">
   </trkpt>
   <trkpt lat="31.8884464" lon="118.8102402">
   </trkpt>
   <trkpt lat="31.8884466" lon="118.8102455">
   </trkpt>
   <trkpt lat="31.8884469" lon="118.8102508">
   </trkpt>
   <trkpt lat="31.8884472" lon="118.8102561">
   </trkpt>
   <trkpt lat="31.8884475" lon="118.8102613">
   </trkpt>
   <trkpt lat="31.8884478" lon="118.8102666">
   </trkpt>
   <trkpt lat="31.8884480" lon="118.8102719">
   </trkpt>
   <trkpt lat="31.8884483" lon="118.8102772">
   </trkpt>
   <trkpt lat="31.8884486" lon="118.8102824">
   </trkpt>
   <trkpt lat="31.8884489" lon="118.8102877">
   </trkpt>
   <trkpt lat="31.8884491" lon="118.8102930">
   </trkpt>
   <trkpt lat="31.8884494" lon="118.8102983">
   </trkpt>
   <trkpt lat="31.8884497" lon="118.8103036">
   </trkpt>
   <trkpt lat="31.8884500" lon="118.8103088">
   </trkpt>
   <trkpt lat="31.8884502" lon="118.8103141">
   </trkpt>
   <trkpt lat="31.8884505" lon="118.8103194">
   </trkpt>
   <trkpt lat="31.8884508" lon="118.8103247">
   </trkpt>
   <trkpt lat="31.8884511" lon="118.8103300">
   </trkpt>
   <trkpt lat="31.8884513" lon="118.8103352">
   </trkpt>
   <trkpt lat="31.8884516" lon="118.8103405">
   </trkpt>
   <trkpt lat="31.8884519" lon="118.8103458">
   </trkpt>
   <trkpt lat="31.8884522" lon="118.8103511">
   </trkpt>
   <trkpt lat="31.8884524" lon="118.8103564">
   </trkpt>
   <trkpt lat="31.8884527" lon="118.8103616">
   </trkpt>
   <trkpt lat="31.8884530" lon="118.8103669">
   </trkpt>
   <trkpt lat="31.8884533" lon="118.8103722">
   </trkpt>
   <trkpt lat="31.8884536" lon="118.8103775">
   </trkpt>
   <trkpt lat="31.8884538" lon="118.8103828">
   </trkpt>
   <trkpt lat="31.8884541" lon="118.8103880">
   </trkpt>
   <trkpt lat="31.8884544" lon="118.8103933">
   </trkpt>
   <trkpt lat="31.8884547" lon="118.8103986">
   </trkpt>
   <trkpt lat="31.8884549" lon="118.8104039">
   </trkpt>
   <trkpt lat="31.8884552" lon="118.8104092">
   </trkpt>
   <trkpt lat="31.8884555" lon="118.8104144">
   </trkpt>
   <trkpt lat="31.8884558" lon="118.8104197">
   </trkpt>
   <trkpt lat="31.8884560" lon="118.8104250">
   </trkpt>
   <trkpt lat="31.8884563" lon="118.8104303">
   </trkpt>
   <trkpt lat="31.8884566" lon="118.8104356">
   </trkpt>
   <trkpt lat="31.8884569" lon="118.8104408">
   </trkpt>
   <trkpt lat="31.8884571" lon="118.8104461">
   </trkpt>
   <trkpt lat="31.8884574" lon="118.8104514">
   </trkpt>
   <trkpt lat="31.8884577" lon="118.8104567">
   </trkpt>
   <trkpt lat="31.8884580" lon="118.8104620">
   </trkpt>
   <trkpt lat="31.8884583" lon="118.8104672">
   </trkpt>
   <trkpt lat="31.8884585" lon="118.8104725">
   </trkpt>
   <trkpt lat="31.8884588" lon="118.8104778">
   </trkpt>
   <trkpt lat="31.8884591" lon="118.8104831">
   </trkpt>
   <trkpt lat="31.8884594" lon="118.8104884">
   </trkpt>
   <trkpt lat="31.8884596" lon="118.8104936">
   </trkpt>
   <trkpt lat="31.8884599" lon="118.8104989">
   </trkpt>
   <trkpt lat="31.8884602" lon="118.8105042">
   </trkpt>
   <trkpt lat="31.8884605" lon="118.8105095">
   </trkpt>
   <trkpt lat="31.8884607" lon="118.8105148">
   </trkpt>
   <trkpt lat="31.8884610" lon="118.8105200">
   </trkpt>
   <trkpt lat="31.8884613" lon="118.8105253">
   </trkpt>
   <trkpt lat="31.8884616" lon="118.8105306">
   </trkpt>
   <trkpt lat="31.8884618" lon="118.8105359">
   </trkpt>
   <trkpt lat="31.8884621" lon="118.8105412">
   </trkpt>
   <trkpt lat="31.8884624" lon="118.8105464">
   </trkpt>
   <trkpt lat="31.8884627" lon="118.8105517">
   </trkpt>
   <trkpt lat="31.8884629" lon="118.8105570">
   </trkpt>
   <trkpt lat="31.8884632" lon="118.8105623">
   </trkpt>
   <trkpt lat="31.8884635" lon="118.8105676">
   </trkpt>
   <trkpt lat="31.8884638" lon="118.8105728">
   </trkpt>
   <trkpt lat="31.8884641" lon="118.8105781">
   </trkpt>
   <trkpt lat="31.8884643" lon="118.8105834">
   </trkpt>
   <trkpt lat="31.8884646" lon="118.8105887">
   </trkpt>
   <trkpt lat="31.8884649" lon="118.8105940">
   </trkpt>
   <trkpt lat="31.8884652" lon="118.8105992">
   </trkpt>
   <trkpt lat="31.8884654" lon="118.8106045">
   </trkpt>
   <trkpt lat="31.8884657" lon="118.8106098">
   </trkpt>
   <trkpt lat="31.8884660" lon="118.8106151">
   </trkpt>
   <trkpt lat="31.8884663" lon="118.8106204">
   </trkpt>
   <trkpt lat="31.8884665" lon="118.8106256">
   </trkpt>
   <trkpt lat="31.8884668" lon="118.8106309">
   </trkpt>
   <trkpt lat="31.8884671" lon="118.8106362">
   </trkpt>
   <trkpt lat="31.8884674" lon="118.8106415">
   </trkpt>
   <trkpt lat="31.8884676" lon="118.8106468">
   </trkpt>
   <trkpt lat="31.8884679" lon="118.8106520">
   </trkpt>
   <trkpt lat="31.8884682" lon="118.8106573">
   </trkpt>
   <trkpt lat="31.8884685" lon="118.8106626">
   </trkpt>
   <trkpt lat="31.8884688" lon="118.8106679">
   </trkpt>
   <trkpt lat="31.8884690" lon="118.8106732">
   </trkpt>
   <trkpt lat="31.8884693" lon="118.8106784">
   </trkpt>
   <trkpt lat="31.8884696" lon="118.8106837">
   </trkpt>
   <trkpt lat="31.8884699" lon="118.8106890">
   </trkpt>
   <trkpt lat="31.8884701" lon="118.8106943">
   </trkpt>
   <trkpt lat="31.8884704" lon="118.8106996">
   </trkpt>
   <trkpt lat="31.8884707" lon="118.8107048">
   </trkpt>
   <trkpt lat="31.8884710" lon="118.8107101">
   </trkpt>
   <trkpt lat="31.8884712" lon="118.8107154">
   </trkpt>
   <trkpt lat="31.8884715" lon="118.8107207">
   </trkpt>
   <trkpt lat="31.8884718" lon="118.8107260">
   </trkpt>
   <trkpt lat="31.8884721" lon="118.8107312">
   </trkpt>
   <trkpt lat="31.8884723" lon="118.8107365">
   </trkpt>
   <trkpt lat="31.8884726" lon="118.8107418">
   </trkpt>
   <trkpt lat="31.8884729" lon="118.8107471">
   </trkpt>
   <trkpt lat="31.8884732" lon="118.8107524">
   </trkpt>
   <trkpt lat="31.8884734" lon="118.8107576">
   </trkpt>
   <trkpt lat="31.8884737" lon="118.8107629">
   </trkpt>
   <trkpt lat="31.8884740" lon="118.8107682">
   </trkpt>
   <trkpt lat="31.8884743" lon="118.8107735">
   </trkpt>
   <trkpt lat="31.8884746" lon="118.8107788">
   </trkpt>
   <trkpt lat="31.8884748" lon="118.8107840">
   </trkpt>
   <trkpt lat="31.8884751" lon="118.8107893">
   </trkpt>
   <trkpt lat="31.8884754" lon="118.8107946">
   </trkpt>
   <trkpt lat="31.8884757" lon="118.8107999">
   </trkpt>
   <trkpt lat="31.8884759" lon="118.8108052">
   </trkpt>
   <trkpt lat="31.8884762" lon="118.8108104">
   </trkpt>
   <trkpt lat="31.8884765" lon="118.8108157">
   </trkpt>
   <trkpt lat="31.8884768" lon="118.8108210">
   </trkpt>
   <trkpt lat="31.8884770" lon="118.8108263">
   </trkpt>
   <trkpt lat="31.8884773" lon="118.8108316">
   </trkpt>
   <trkpt lat="31.8884776" lon="118.8108368">
   </trkpt>
   <trkpt lat="31.8884779" lon="118.8108421">
   </trkpt>
   <trkpt lat="31.8884781" lon="118.8108474">
   </trkpt>
   <trkpt lat="31.8884784" lon="118.8108527">
   </trkpt>
   <trkpt lat="31.8884787" lon="118.8108580">
   </trkpt>
   <trkpt lat="31.8884790" lon="118.8108632">
   </trkpt>
   <trkpt lat="31.8884793" lon="118.8108685">
   </trkpt>
   <trkpt lat="31.8884795" lon="118.8108738">
   </trkpt>
   <trkpt lat="31.8884798" lon="118.8108791">
   </trkpt>
   <trkpt lat="31.8884801" lon="118.8108844">
   </trkpt>
   <trkpt lat="31.8884804" lon="118.8108896">
   </trkpt>
   <trkpt lat="31.8884806" lon="118.8108949">
   </trkpt>
   <trkpt lat="31.8884809" lon="118.8109002">
   </trkpt>
   <trkpt lat="31.8884812" lon="118.8109055">
   </trkpt>
   <trkpt lat="31.8884815" lon="118.8109108">
   </trkpt>
   <trkpt lat="31.8884817" lon="118.8109160">
   </trkpt>
   <trkpt lat="31.8884820" lon="118.8109213">
   </trkpt>
   <trkpt lat="31.8884823" lon="118.8109266">
   </trkpt>
   <trkpt lat="31.8884826" lon="118.8109319">
   </trkpt>
   <trkpt lat="31.8884828" lon="118.8109372">
   </trkpt>
   <trkpt lat="31.8884831" lon="118.8109424">
   </trkpt>
   <trkpt lat="31.8884834" lon="118.8109477">
   </trkpt>
   <trkpt lat="31.8884837" lon="118.8109530">
   </trkpt>
   <trkpt lat="31.8884839" lon="118.8109583">
   </trkpt>
   <trkpt lat="31.8884842" lon="118.8109636">
   </trkpt>
   <trkpt lat="31.8884845" lon="118.8109688">
   </trkpt>
   <trkpt lat="31.8884848" lon="118.8109741">
   </trkpt>
   <trkpt lat="31.8884851" lon="118.8109794">
   </trkpt>
   <trkpt lat="31.8884853" lon="118.8109847">
   </trkpt>
   <trkpt lat="31.8884856" lon="118.8109900">
   </trkpt>
   <trkpt lat="31.8884859" lon="118.8109952">
   </trkpt>
   <trkpt lat="31.8884862" lon="118.8110005">
   </trkpt>
   <trkpt lat="31.8884864" lon="118.8110058">
   </trkpt>
   <trkpt lat="31.8884867" lon="118.8110111">
   </trkpt>
   <trkpt lat="31.8884870" lon="118.8110164">
   </trkpt>
   <trkpt lat="31.8884873" lon="118.8110216">
   </trkpt>
   <trkpt lat="31.8884875" lon="118.8110269">
   </trkpt>
   <trkpt lat="31.8884878" lon="118.8110322">
   </trkpt>
   <trkpt lat="31.8884881" lon="118.8110375">
   </trkpt>
   <trkpt lat="31.8884884" lon="118.8110428">
   </trkpt>
   <trkpt lat="31.8884886" lon="118.8110480">
   </trkpt>
   <trkpt lat="31.8884889" lon="118.8110533">
   </trkpt>
   <trkpt lat="31.8884892" lon="118.8110586">
   </trkpt>
   <trkpt lat="31.8884895" lon="118.8110639">
   </trkpt>
   <trkpt lat="31.8884898" lon="118.8110692">
   </trkpt>
   <trkpt lat="31.8884900" lon="118.8110744">
   </trkpt>
   <trkpt lat="31.8884903" lon="118.8110797">
   </trkpt>
   <trkpt lat="31.8884906" lon="118.8110850">
   </trkpt>
   <trkpt lat="31.8884909" lon="118.8110903">
   </trkpt>
   <trkpt lat="31.8884911" lon="118.8110956">
   </trkpt>
   <trkpt lat="31.8884914" lon="118.8111008">
   </trkpt>
   <trkpt lat="31.8884917" lon="118.8111061">
   </trkpt>
   <trkpt lat="31.8884920" lon="118.8111114">
   </trkpt>
   <trkpt lat="31.8884922" lon="118.8111167">
   </trkpt>
   <trkpt lat="31.8884925" lon="118.8111220">
   </trkpt>
   <trkpt lat="31.8884928" lon="118.8111272">
   </trkpt>
   <trkpt lat="31.8884931" lon="118.8111325">
   </trkpt>
   <trkpt lat="31.8884933" lon="118.8111378">
   </trkpt>
   <trkpt lat="31.8884936" lon="118.8111431">
   </trkpt>
   <trkpt lat="31.8884939" lon="118.8111484">
   </trkpt>
   <trkpt lat="31.8884942" lon="118.8111536">
   </trkpt>
   <trkpt lat="31.8884945" lon="118.8111589">
   </trkpt>
   <trkpt lat="31.8884947" lon="118.8111642">
   </trkpt>
   <trkpt lat="31.8884950" lon="118.8111695">
   </trkpt>
   <trkpt lat="31.8884953" lon="118.8111748">
   </trkpt>
   <trkpt lat="31.8884956" lon="118.8111800">
   </trkpt>
   <trkpt lat="31.8884958" lon="118.8111853">
   </trkpt>
   <trkpt lat="31.8884961" lon="118.8111906">
   </trkpt>
   <trkpt lat="31.8884964" lon="118.8111959">
   </trkpt>
   <trkpt lat="31.8884967" lon="118.8112012">
   </trkpt>
   <trkpt lat="31.8884969" lon="118.8112064">
   </trkpt>
   <trkpt lat="31.8884972" lon="118.8112117">
   </trkpt>
   <trkpt lat="31.8884975" lon="118.8112170">
   </trkpt>
   <trkpt lat="31.8884978" lon="118.8112223">
   </trkpt>
   <trkpt lat="31.8884980" lon="118.8112276">
   </trkpt>
   <trkpt lat="31.8884983" lon="118.8112328">
   </trkpt>
   <trkpt lat="31.8884986" lon="118.8112381">
   </trkpt>
   <trkpt lat="31.8884989" lon="118.8112434">
   </trkpt>
   <trkpt lat="31.8884991" lon="118.8112487">
   </trkpt>
   <trkpt lat="31.8884994" lon="118.8112540">
   </trkpt>
   <trkpt lat="31.8884997" lon="118.8112592">
   </trkpt>
   <trkpt lat="31.8885000" lon="118.8112645">
   </trkpt>
   <trkpt lat="31.8885003" lon="118.8112698">
   </trkpt>
   <trkpt lat="31.8885005" lon="118.8112751">
   </trkpt>
   <trkpt lat="31.8885008" lon="118.8112804">
   </trkpt>
   <trkpt lat="31.8885011" lon="118.8112856">
   </trkpt>
   <trkpt lat="31.8885014" lon="118.8112909">
   </trkpt>
   <trkpt lat="31.8885016" lon="118.8112962">
   </trkpt>
   <trkpt lat="31.8885019" lon="118.8113015">
   </trkpt>
   <trkpt lat="31.8885022" lon="118.8113068">
   </trkpt>
   <trkpt lat="31.8885025" lon="118.8113120">
   </trkpt>
   <trkpt lat="31.8885028" lon="118.8113173">
   </trkpt>
   <trkpt lat="31.8885031" lon="118.8113226">
   </trkpt>
   <trkpt lat="31.8885034" lon="118.8113279">
   </trkpt>
   <trkpt lat="31.8885036" lon="118.8113331">
   </trkpt>
   <trkpt lat="31.8885039" lon="118.8113384">
   </trkpt>
   <trkpt lat="31.8885042" lon="118.8113437">
   </trkpt>
   <trkpt lat="31.8885045" lon="118.8113490">
   </trkpt>
   <trkpt lat="31.8885048" lon="118.8113543">
   </trkpt>
   <trkpt lat="31.8885051" lon="118.8113595">
   </trkpt>
   <trkpt lat="31.8885054" lon="118.8113648">
   </trkpt>
   <trkpt lat="31.8885057" lon="118.8113701">
   </trkpt>
   <trkpt lat="31.8885060" lon="118.8113754">
   </trkpt>
   <trkpt lat="31.8885063" lon="118.8113807">
   </trkpt>
   <trkpt lat="31.8885065" lon="118.8113859">
   </trkpt>
   <trkpt lat="31.8885068" lon="118.8113912">
   </trkpt>
   <trkpt lat="31.8885070" lon="118.8113965">
   </trkpt>
   <trkpt lat="31.8885073" lon="118.8114018">
   </trkpt>
   <trkpt lat="31.8885075" lon="118.8114071">
   </trkpt>
   <trkpt lat="31.8885078" lon="118.8114123">
   </trkpt>
   <trkpt lat="31.8885081" lon="118.8114176">
   </trkpt>
   <trkpt lat="31.8885083" lon="118.8114229">
   </trkpt>
   <trkpt lat="31.8885086" lon="118.8114282">
   </trkpt>
   <trkpt lat="31.8885085" lon="118.8114331">
   </trkpt>
   <trkpt lat="31.8885040" lon="118.8114337">
   </trkpt>
   <trkpt lat="31.8884996" lon="118.8114342">
   </trkpt>
   <trkpt lat="31.8884951" lon="118.8114348">
   </trkpt>
   <trkpt lat="31.8884906" lon="118.8114354">
   </trkpt>
   <trkpt lat="31.8884862" lon="118.8114359">
   </trkpt>
   <trkpt lat="31.8884817" lon="118.8114365">
   </trkpt>
   <trkpt lat="31.8884772" lon="118.8114370">
   </trkpt>
   <trkpt lat="31.8884727" lon="118.8114376">
   </trkpt>
   <trkpt lat="31.8884683" lon="118.8114381">
   </trkpt>
   <trkpt lat="31.8884638" lon="118.8114387">
   </trkpt>
   <trkpt lat="31.8884593" lon="118.8114392">
   </trkpt>
   <trkpt lat="31.8884549" lon="118.8114398">
   </trkpt>
   <trkpt lat="31.8884504" lon="118.8114403">
   </trkpt>
   <trkpt lat="31.8884459" lon="118.8114409">
   </trkpt>
   <trkpt lat="31.8884415" lon="118.8114414">
   </trkpt>
   <trkpt lat="31.8884370" lon="118.8114420">
   </trkpt>
   <trkpt lat="31.8884325" lon="118.8114426">
   </trkpt>
   <trkpt lat="31.8884281" lon="118.8114431">
   </trkpt>
   <trkpt lat="31.8884236" lon="118.8114437">
   </trkpt>
   <trkpt lat="31.8884191" lon="118.8114442">
   </trkpt>
   <trkpt lat="31.8884147" lon="118.8114448">
   </trkpt>
   <trkpt lat="31.8884102" lon="118.8114453">
   </trkpt>
   <trkpt lat="31.8884057" lon="118.8114459">
   </trkpt>
   <trkpt lat="31.8884013" lon="118.8114464">
   </trkpt>
   <trkpt lat="31.8883968" lon="118.8114470">
   </trkpt>
   <trkpt lat="31.8883923" lon="118.8114476">
   </trkpt>
   <trkpt lat="31.8883879" lon="118.8114482">
   </trkpt>
   <trkpt lat="31.8883834" lon="118.8114488">
   </trkpt>
   <trkpt lat="31.8883790" lon="118.8114495">
   </trkpt>
   <trkpt lat="31.8883745" lon="118.8114501">
   </trkpt>
   <trkpt lat="31.8883701" lon="118.8114508">
   </trkpt>
   <trkpt lat="31.8883656" lon="118.8114514">
   </trkpt>
   <trkpt lat="31.8883611" lon="118.8114520">
   </trkpt>
   <trkpt lat="31.8883567" lon="118.8114527">
   </trkpt>
   <trkpt lat="31.8883522" lon="118.8114533">
   </trkpt>
   <trkpt lat="31.8883478" lon="118.8114539">
   </trkpt>
   <trkpt lat="31.8883433" lon="118.8114546">
   </trkpt>
   <trkpt lat="31.8883388" lon="118.8114552">
   </trkpt>
   <trkpt lat="31.8883344" lon="118.8114559">
   </trkpt>
   <trkpt lat="31.8883299" lon="118.8114565">
   </trkpt>
   <trkpt lat="31.8883255" lon="118.8114571">
   </trkpt>
   <trkpt lat="31.8883210" lon="118.8114578">
   </trkpt>
   <trkpt lat="31.8883165" lon="118.8114584">
   </trkpt>
   <trkpt lat="31.8883121" lon="118.8114591">
   </trkpt>
   <trkpt lat="31.8883076" lon="118.8114597">
   </trkpt>
   <trkpt lat="31.8883032" lon="118.8114603">
   </trkpt>
   <trkpt lat="31.8882987" lon="118.8114610">
   </trkpt>
   <trkpt lat="31.8882943" lon="118.8114616">
   </trkpt>
   <trkpt lat="31.8882898" lon="118.8114624">
   </trkpt>
   <trkpt lat="31.8882854" lon="118.8114635">
   </trkpt>
   <trkpt lat="31.8882810" lon="118.8114647">
   </trkpt>
   <trkpt lat="31.8882767" lon="118.8114658">
   </trkpt>
   <trkpt lat="31.8882723" lon="118.8114669">
   </trkpt>
   <trkpt lat="31.8882679" lon="118.8114680">
   </trkpt>
   <trkpt lat="31.8882635" lon="118.8114691">
   </trkpt>
   <trkpt lat="31.8882591" lon="118.8114703">
   </trkpt>
   <trkpt lat="31.8882547" lon="118.8114714">
   </trkpt>
   <trkpt lat="31.8882503" lon="118.8114725">
   </trkpt>
   <trkpt lat="31.8882459" lon="118.8114736">
   </trkpt>
   <trkpt lat="31.8882415" lon="118.8114747">
   </trkpt>
   <trkpt lat="31.8882371" lon="118.8114759">
   </trkpt>
   <trkpt lat="31.8882328" lon="118.8114770">
   </trkpt>
   <trkpt lat="31.8882284" lon="118.8114781">
   </trkpt>
   <trkpt lat="31.8882240" lon="118.8114792">
   </trkpt>
   <trkpt lat="31.8882196" lon="118.8114803">
   </trkpt>
   <trkpt lat="31.8882152" lon="118.8114815">
   </trkpt>
   <trkpt lat="31.8882108" lon="118.8114826">
   </trkpt>
   <trkpt lat="31.8882064" lon="118.8114837">
   </trkpt>
   <trkpt lat="31.8882020" lon="118.8114848">
   </trkpt>
   <trkpt lat="31.8881976" lon="118.8114859">
   </trkpt>
   <trkpt lat="31.8881932" lon="118.8114871">
   </trkpt>
   <trkpt lat="31.8881889" lon="118.8114882">
   </trkpt>
   <trkpt lat="31.8881845" lon="118.8114893">
   </trkpt>
   <trkpt lat="31.8881801" lon="118.8114904">
   </trkpt>
   <trkpt lat="31.8881757" lon="118.8114915">
   </trkpt>
   <trkpt lat="31.8881713" lon="118.8114927">
   </trkpt>
   <trkpt lat="31.8881669" lon="118.8114938">
   </trkpt>
   <trkpt lat="31.8881625" lon="118.8114949">
   </trkpt>
   <trkpt lat="31.8881581" lon="118.8114960">
   </trkpt>
   <trkpt lat="31.8881537" lon="118.8114971">
   </trkpt>
   <trkpt lat="31.8881493" lon="118.8114983">
   </trkpt>
   <trkpt lat="31.8881450" lon="118.8114994">
   </trkpt>
   <trkpt lat="31.8881406" lon="118.8115005">
   </trkpt>
   <trkpt lat="31.8881362" lon="118.8115016">
   </trkpt>
   <trkpt lat="31.8881318" lon="118.8115027">
   </trkpt>
   <trkpt lat="31.8881274" lon="118.8115039">
   </trkpt>
   <trkpt lat="31.8881230" lon="118.8115050">
   </trkpt>
   <trkpt lat="31.8881186" lon="118.8115061">
   </trkpt>
   <trkpt lat="31.8881142" lon="118.8115072">
   </trkpt>
   <trkpt lat="31.8881098" lon="118.8115083">
   </trkpt>
   <trkpt lat="31.8881054" lon="118.8115094">
   </trkpt>
   <trkpt lat="31.8881011" lon="118.8115106">
   </trkpt>
   <trkpt lat="31.8880967" lon="118.8115117">
   </trkpt>
   <trkpt lat="31.8880923" lon="118.8115128">
   </trkpt>
   <trkpt lat="31.8880879" lon="118.8115139">
   </trkpt>
   <trkpt lat="31.8880835" lon="118.8115150">
   </trkpt>
   <trkpt lat="31.8880791" lon="118.8115162">
   </trkpt>
   <trkpt lat="31.8880747" lon="118.8115173">
   </trkpt>
   <trkpt lat="31.8880703" lon="118.8115184">
   </trkpt>
   <trkpt lat="31.8880659" lon="118.8115195">
   </trkpt>
   <trkpt lat="31.8880616" lon="118.8115206">
   </trkpt>
   <trkpt lat="31.8880572" lon="118.8115218">
   </trkpt>
   <trkpt lat="31.8880528" lon="118.8115229">
   </trkpt>
   <trkpt lat="31.8880484" lon="118.8115240">
   </trkpt>
   <trkpt lat="31.8880440" lon="118.8115251">
   </trkpt>
   <trkpt lat="31.8880396" lon="118.8115262">
   </trkpt>
   <trkpt lat="31.8880352" lon="118.8115274">
   </trkpt>
   <trkpt lat="31.8880308" lon="118.8115285">
   </trkpt>
   <trkpt lat="31.8880264" lon="118.8115296">
   </trkpt>
   <trkpt lat="31.8880220" lon="118.8115307">
   </trkpt>
   <trkpt lat="31.8880177" lon="118.8115318">
   </trkpt>
   <trkpt lat="31.8880133" lon="118.8115330">
   </trkpt>
   <trkpt lat="31.8880089" lon="118.8115341">
   </trkpt>
   <trkpt lat="31.8880047" lon="118.8115359">
   </trkpt>
   <trkpt lat="31.8880005" lon="118.8115378">
   </trkpt>
   <trkpt lat="31.8879963" lon="118.8115397">
   </trkpt>
   <trkpt lat="31.8879921" lon="118.8115417">
   </trkpt>
   <trkpt lat="31.8879879" lon="118.8115436">
   </trkpt>
   <trkpt lat="31.8879838" lon="118.8115455">
   </trkpt>
   <trkpt lat="31.8879796" lon="118.8115475">
   </trkpt>
   <trkpt lat="31.8879754" lon="118.8115494">
   </trkpt>
   <trkpt lat="31.8879712" lon="118.8115513">
   </trkpt>
   <trkpt lat="31.8879670" lon="118.8115533">
   </trkpt>
   <trkpt lat="31.8879629" lon="118.8115552">
   </trkpt>
   <trkpt lat="31.8879587" lon="118.8115572">
   </trkpt>
   <trkpt lat="31.8879545" lon="118.8115591">
   </trkpt>
   <trkpt lat="31.8879503" lon="118.8115610">
   </trkpt>
   <trkpt lat="31.8879461" lon="118.8115630">
   </trkpt>
   <trkpt lat="31.8879420" lon="118.8115649">
   </trkpt>
   <trkpt lat="31.8879378" lon="118.8115668">
   </trkpt>
   <trkpt lat="31.8879336" lon="118.8115688">
   </trkpt>
   <trkpt lat="31.8879294" lon="118.8115707">
   </trkpt>
   <trkpt lat="31.8879252" lon="118.8115727">
   </trkpt>
   <trkpt lat="31.8879211" lon="118.8115746">
   </trkpt>
   <trkpt lat="31.8879169" lon="118.8115765">
   </trkpt>
   <trkpt lat="31.8879127" lon="118.8115785">
   </trkpt>
   <trkpt lat="31.8879085" lon="118.8115804">
   </trkpt>
   <trkpt lat="31.8879043" lon="118.8115823">
   </trkpt>
   <trkpt lat="31.8879002" lon="118.8115843">
   </trkpt>
   <trkpt lat="31.8878960" lon="118.8115862">
   </trkpt>
   <trkpt lat="31.8878918" lon="118.8115882">
   </trkpt>
   <trkpt lat="31.8878876" lon="118.8115901">
   </trkpt>
   <trkpt lat="31.8878834" lon="118.8115920">
   </trkpt>
   <trkpt lat="31.8878793" lon="118.8115940">
   </trkpt>
   <trkpt lat="31.8878751" lon="118.8115959">
   </trkpt>
   <trkpt lat="31.8878709" lon="118.8115978">
   </trkpt>
   <trkpt lat="31.8878667" lon="118.8115998">
   </trkpt>
   <trkpt lat="31.8878625" lon="118.8116017">
   </trkpt>
   <trkpt lat="31.8878584" lon="118.8116037">
   </trkpt>
   <trkpt lat="31.8878542" lon="118.8116056">
   </trkpt>
   <trkpt lat="31.8878500" lon="118.8116075">
   </trkpt>
   <trkpt lat="31.8878458" lon="118.8116095">
   </trkpt>
   <trkpt lat="31.8878416" lon="118.8116114">
   </trkpt>
   <trkpt lat="31.8878375" lon="118.8116133">
   </trkpt>
   <trkpt lat="31.8878333" lon="118.8116153">
   </trkpt>
   <trkpt lat="31.8878291" lon="118.8116172">
   </trkpt>
   <trkpt lat="31.8878249" lon="118.8116191">
   </trkpt>
   <trkpt lat="31.8878207" lon="118.8116211">
   </trkpt>
   <trkpt lat="31.8878166" lon="118.8116230">
   </trkpt>
   <trkpt lat="31.8878124" lon="118.8116250">
   </trkpt>
   <trkpt lat="31.8878082" lon="118.8116269">
   </trkpt>
   <trkpt lat="31.8878040" lon="118.8116288">
   </trkpt>
   <trkpt lat="31.8877999" lon="118.8116308">
   </trkpt>
   <trkpt lat="31.8877957" lon="118.8116327">
   </trkpt>
   <trkpt lat="31.8877915" lon="118.8116346">
   </trkpt>
   <trkpt lat="31.8877873" lon="118.8116366">
   </trkpt>
   <trkpt lat="31.8877831" lon="118.8116385">
   </trkpt>
   <trkpt lat="31.8877790" lon="118.8116405">
   </trkpt>
   <trkpt lat="31.8877748" lon="118.8116424">
   </trkpt>
   <trkpt lat="31.8877706" lon="118.8116443">
   </trkpt>
   <trkpt lat="31.8877664" lon="118.8116463">
   </trkpt>
   <trkpt lat="31.8877622" lon="118.8116482">
   </trkpt>
   <trkpt lat="31.8877581" lon="118.8116501">
   </trkpt>
   <trkpt lat="31.8877539" lon="118.8116521">
   </trkpt>
   <trkpt lat="31.8877497" lon="118.8116540">
   </trkpt>
   <trkpt lat="31.8877455" lon="118.8116560">
   </trkpt>
   <trkpt lat="31.8877413" lon="118.8116579">
   </trkpt>
   <trkpt lat="31.8877372" lon="118.8116598">
   </trkpt>
   <trkpt lat="31.8877330" lon="118.8116618">
   </trkpt>
   <trkpt lat="31.8877288" lon="118.8116637">
   </trkpt>
   <trkpt lat="31.8877246" lon="118.8116656">
   </trkpt>
   <trkpt lat="31.8877204" lon="118.8116676">
   </trkpt>
   <trkpt lat="31.8877163" lon="118.8116695">
   </trkpt>
   <trkpt lat="31.8877121" lon="118.8116715">
   </trkpt>
   <trkpt lat="31.8877079" lon="118.8116734">
   </trkpt>
   <trkpt lat="31.8877037" lon="118.8116753">
   </trkpt>
   <trkpt lat="31.8876995" lon="118.8116773">
   </trkpt>
   <trkpt lat="31.8876954" lon="118.8116792">
   </trkpt>
   <trkpt lat="31.8876912" lon="118.8116811">
   </trkpt>
   <trkpt lat="31.8876870" lon="118.8116831">
   </trkpt>
   <trkpt lat="31.8876828" lon="118.8116850">
   </trkpt>
   <trkpt lat="31.8876786" lon="118.8116870">
   </trkpt>
   <trkpt lat="31.8876745" lon="118.8116889">
   </trkpt>
   <trkpt lat="31.8876703" lon="118.8116908">
   </trkpt>
   <trkpt lat="31.8876661" lon="118.8116928">
   </trkpt>
   <trkpt lat="31.8876619" lon="118.8116947">
   </trkpt>
   <trkpt lat="31.8876579" lon="118.8116971">
   </trkpt>
   <trkpt lat="31.8876541" lon="118.8116998">
   </trkpt>
   <trkpt lat="31.8876502" lon="118.8117025">
   </trkpt>
   <trkpt lat="31.8876464" lon="118.8117052">
   </trkpt>
   <trkpt lat="31.8876425" lon="118.8117079">
   </trkpt>
   <trkpt lat="31.8876386" lon="118.8117106">
   </trkpt>
   <trkpt lat="31.8876348" lon="118.8117133">
   </trkpt>
   <trkpt lat="31.8876309" lon="118.8117160">
   </trkpt>
   <trkpt lat="31.8876271" lon="118.8117187">
   </trkpt>
   <trkpt lat="31.8876232" lon="118.8117214">
   </trkpt>
   <trkpt lat="31.8876193" lon="118.8117242">
   </trkpt>
   <trkpt lat="31.8876155" lon="118.8117269">
   </trkpt>
   <trkpt lat="31.8876116" lon="118.8117296">
   </trkpt>
   <trkpt lat="31.8876078" lon="118.8117323">
   </trkpt>
   <trkpt lat="31.8876039" lon="118.8117350">
   </trkpt>
   <trkpt lat="31.8876000" lon="118.8117377">
   </trkpt>
   <trkpt lat="31.8875962" lon="118.8117404">
   </trkpt>
   <trkpt lat="31.8875923" lon="118.8117431">
   </trkpt>
   <trkpt lat="31.8875885" lon="118.8117458">
   </trkpt>
   <trkpt lat="31.8875846" lon="118.8117485">
   </trkpt>
   <trkpt lat="31.8875808" lon="118.8117512">
   </trkpt>
   <trkpt lat="31.8875769" lon="118.8117539">
   </trkpt>
   <trkpt lat="31.8875730" lon="118.8117566">
   </trkpt>
   <trkpt lat="31.8875692" lon="118.8117593">
   </trkpt>
   <trkpt lat="31.8875653" lon="118.8117620">
   </trkpt>
   <trkpt lat="31.8875615" lon="118.8117648">
   </trkpt>
   <trkpt lat="31.8875576" lon="118.8117675">
   </trkpt>
   <trkpt lat="31.8875537" lon="118.8117702">
   </trkpt>
   <trkpt lat="31.8875499" lon="118.8117729">
   </trkpt>
   <trkpt lat="31.8875460" lon="118.8117756">
   </trkpt>
   <trkpt lat="31.8875422" lon="118.8117783">
   </trkpt>
   <trkpt lat="31.8875383" lon="118.8117810">
   </trkpt>
   <trkpt lat="31.8875344" lon="118.8117837">
   </trkpt>
   <trkpt lat="31.8875306" lon="118.8117864">
   </trkpt>
   <trkpt lat="31.8875267" lon="118.8117891">
   </trkpt>
   <trkpt lat="31.8875229" lon="118.8117918">
   </trkpt>
   <trkpt lat="31.8875190" lon="118.8117945">
   </trkpt>
   <trkpt lat="31.8875151" lon="118.8117972">
   </trkpt>
   <trkpt lat="31.8875113" lon="118.8117999">
   </trkpt>
   <trkpt lat="31.8875074" lon="118.8118026">
   </trkpt>
   <trkpt lat="31.8875036" lon="118.8118054">
   </trkpt>
   <trkpt lat="31.8874997" lon="118.8118081">
   </trkpt>
   <trkpt lat="31.8874959" lon="118.8118108">
   </trkpt>
   <trkpt lat="31.8874920" lon="118.8118135">
   </trkpt>
   <trkpt lat="31.8874881" lon="118.8118162">
   </trkpt>
   <trkpt lat="31.8874843" lon="118.8118189">
   </trkpt>
   <trkpt lat="31.8874804" lon="118.8118216">
   </trkpt>
   <trkpt lat="31.8874766" lon="118.8118243">
   </trkpt>
   <trkpt lat="31.8874727" lon="118.8118270">
   </trkpt>
   <trkpt lat="31.8874688" lon="118.8118297">
   </trkpt>
   <trkpt lat="31.8874650" lon="118.8118324">
   </trkpt>
   <trkpt lat="31.8874611" lon="118.8118351">
   </trkpt>
   <trkpt lat="31.8874573" lon="118.8118378">
   </trkpt>
   <trkpt lat="31.8874534" lon="118.8118405">
   </trkpt>
   <trkpt lat="31.8874495" lon="118.8118432">
   </trkpt>
   <trkpt lat="31.8874457" lon="118.8118460">
   </trkpt>
   <trkpt lat="31.8874418" lon="118.8118487">
   </trkpt>
   <trkpt lat="31.8874380" lon="118.8118514">
   </trkpt>
   <trkpt lat="31.8874341" lon="118.8118541">
   </trkpt>
   <trkpt lat="31.8874302" lon="118.8118568">
   </trkpt>
   <trkpt lat="31.8874264" lon="118.8118595">
   </trkpt>
   <trkpt lat="31.8874225" lon="118.8118622">
   </trkpt>
   <trkpt lat="31.8874187" lon="118.8118649">
   </trkpt>
   <trkpt lat="31.8874148" lon="118.8118676">
   </trkpt>
   <trkpt lat="31.8874109" lon="118.8118703">
   </trkpt>
   <trkpt lat="31.8874071" lon="118.8118730">
   </trkpt>
   <trkpt lat="31.8874032" lon="118.8118757">
   </trkpt>
   <trkpt lat="31.8873994" lon="118.8118784">
   </trkpt>
   <trkpt lat="31.8873955" lon="118.8118811">
   </trkpt>
   <trkpt lat="31.8873917" lon="118.8118838">
   </trkpt>
   <trkpt lat="31.8873878" lon="118.8118865">
   </trkpt>
   <trkpt lat="31.8873839" lon="118.8118893">
   </trkpt>
   <trkpt lat="31.8873801" lon="118.8118920">
   </trkpt>
   <trkpt lat="31.8873762" lon="118.8118947">
   </trkpt>
   <trkpt lat="31.8873724" lon="118.8118974">
   </trkpt>
   <trkpt lat="31.8873685" lon="118.8119001">
   </trkpt>
   <trkpt lat="31.8873646" lon="118.8119028">
   </trkpt>
   <trkpt lat="31.8873608" lon="118.8119055">
   </trkpt>
   <trkpt lat="31.8873569" lon="118.8119082">
   </trkpt>
   <trkpt lat="31.8873531" lon="118.8119109">
   </trkpt>
   <trkpt lat="31.8873492" lon="118.8119136">
   </trkpt>
   <trkpt lat="31.8873453" lon="118.8119163">
   </trkpt>
   <trkpt lat="31.8873415" lon="118.8119190">
   </trkpt>
   <trkpt lat="31.8873378" lon="118.8119220">
   </trkpt>
   <trkpt lat="31.8873343" lon="118.8119254">
   </trkpt>
   <trkpt lat="31.8873309" lon="118.8119288">
   </trkpt>
   <trkpt lat="31.8873275" lon="118.8119322">
   </trkpt>
   <trkpt lat="31.8873240" lon="118.8119356">
   </trkpt>
   <trkpt lat="31.8873206" lon="118.8119390">
   </trkpt>
   <trkpt lat="31.8873172" lon="118.8119424">
   </trkpt>
   <trkpt lat="31.8873137" lon="118.8119458">
   </trkpt>
   <trkpt lat="31.8873103" lon="118.8119492">
   </trkpt>
   <trkpt lat="31.8873068" lon="118.8119526">
   </trkpt>
   <trkpt lat="31.8873034" lon="118.8119560">
   </trkpt>
   <trkpt lat="31.8873000" lon="118.8119594">
   </trkpt>
   <trkpt lat="31.8872965" lon="118.8119629">
   </trkpt>
   <trkpt lat="31.8872931" lon="118.8119663">
   </trkpt>
   <trkpt lat="31.8872897" lon="118.8119697">
   </trkpt>
   <trkpt lat="31.8872862" lon="118.8119731">
   </trkpt>
   <trkpt lat="31.8872828" lon="118.8119765">
   </trkpt>
   <trkpt lat="31.8872793" lon="118.8119799">
   </trkpt>
   <trkpt lat="31.8872759" lon="118.8119833">
   </trkpt>
   <trkpt lat="31.8872725" lon="118.8119867">
   </trkpt>
   <trkpt lat="31.8872690" lon="118.8119901">
   </trkpt>
   <trkpt lat="31.8872656" lon="118.8119935">
   </trkpt>
   <trkpt lat="31.8872622" lon="118.8119969">
   </trkpt>
   <trkpt lat="31.8872587" lon="118.8120003">
   </trkpt>
   <trkpt lat="31.8872553" lon="118.8120037">
   </trkpt>
   <trkpt lat="31.8872518" lon="118.8120071">
   </trkpt>
   <trkpt lat="31.8872484" lon="118.8120105">
   </trkpt>
   <trkpt lat="31.8872450" lon="118.8120139">
   </trkpt>
   <trkpt lat="31.8872415" lon="118.8120173">
   </trkpt>
   <trkpt lat="31.8872381" lon="118.8120207">
   </trkpt>
   <trkpt lat="31.8872346" lon="118.8120241">
   </trkpt>
   <trkpt lat="31.8872312" lon="118.8120275">
   </trkpt>
   <trkpt lat="31.8872278" lon="118.8120309">
   </trkpt>
   <trkpt lat="31.8872243" lon="118.8120343">
   </trkpt>
   <trkpt lat="31.8872209" lon="118.8120377">
   </trkpt>
   <trkpt lat="31.8872175" lon="118.8120412">
   </trkpt>
   <trkpt lat="31.8872140" lon="118.8120446">
   </trkpt>
   <trkpt lat="31.8872106" lon="118.8120480">
   </trkpt>
   <trkpt lat="31.8872071" lon="118.8120514">
   </trkpt>
   <trkpt lat="31.8872037" lon="118.8120548">
   </trkpt>
   <trkpt lat="31.8872003" lon="118.8120582">
   </trkpt>
   <trkpt lat="31.8871968" lon="118.8120616">
   </trkpt>
   <trkpt lat="31.8871934" lon="118.8120650">
   </trkpt>
   <trkpt lat="31.8871900" lon="118.8120684">
   </trkpt>
   <trkpt lat="31.8871865" lon="118.8120718">
   </trkpt>
   <trkpt lat="31.8871831" lon="118.8120752">
   </trkpt>
   <trkpt lat="31.8871796" lon="118.8120786">
   </trkpt>
   <trkpt lat="31.8871762" lon="118.8120820">
   </trkpt>
   <trkpt lat="31.8871728" lon="118.8120854">
   </trkpt>
   <trkpt lat="31.8871693" lon="118.8120888">
   </trkpt>
   <trkpt lat="31.8871659" lon="118.8120922">
   </trkpt>
   <trkpt lat="31.8871625" lon="118.8120956">
   </trkpt>
   <trkpt lat="31.8871590" lon="118.8120990">
   </trkpt>
   <trkpt lat="31.8871556" lon="118.8121024">
   </trkpt>
   <trkpt lat="31.8871521" lon="118.8121058">
   </trkpt>
   <trkpt lat="31.8871487" lon="118.8121092">
   </trkpt>
   <trkpt lat="31.8871453" lon="118.8121126">
   </trkpt>
   <trkpt lat="31.8871418" lon="118.8121160">
   </trkpt>
   <trkpt lat="31.8871384" lon="118.8121194">
   </trkpt>
   <trkpt lat="31.8871349" lon="118.8121229">
   </trkpt>
   <trkpt lat="31.8871315" lon="118.8121263">
   </trkpt>
   <trkpt lat="31.8871281" lon="118.8121297">
   </trkpt>
   <trkpt lat="31.8871246" lon="118.8121331">
   </trkpt>
   <trkpt lat="31.8871212" lon="118.8121365">
   </trkpt>
   <trkpt lat="31.8871178" lon="118.8121399">
   </trkpt>
   <trkpt lat="31.8871143" lon="118.8121433">
   </trkpt>
   <trkpt lat="31.8871109" lon="118.8121467">
   </trkpt>
   <trkpt lat="31.8871074" lon="118.8121501">
   </trkpt>
   <trkpt lat="31.8871040" lon="118.8121535">
   </trkpt>
   <trkpt lat="31.8871006" lon="118.8121569">
   </trkpt>
   <trkpt lat="31.8870971" lon="118.8121603">
   </trkpt>
   <trkpt lat="31.8870937" lon="118.8121637">
   </trkpt>
   <trkpt lat="31.8870903" lon="118.8121671">
   </trkpt>
   <trkpt lat="31.8870868" lon="118.8121705">
   </trkpt>
   <trkpt lat="31.8870834" lon="118.8121739">
   </trkpt>
   <trkpt lat="31.8870799" lon="118.8121773">
   </trkpt>
   <trkpt lat="31.8870765" lon="118.8121807">
   </trkpt>
   <trkpt lat="31.8870731" lon="118.8121841">
   </trkpt>
   <trkpt lat="31.8870696" lon="118.8121875">
   </trkpt>
   <trkpt lat="31.8870662" lon="118.8121909">
   </trkpt>
   <trkpt lat="31.8870628" lon="118.8121943">
   </trkpt>
   <trkpt lat="31.8870593" lon="118.8121977">
   </trkpt>
   <trkpt lat="31.8870559" lon="118.8122012">
   </trkpt>
   <trkpt lat="31.8870525" lon="118.8122047">
   </trkpt>
   <trkpt lat="31.8870496" lon="118.8122087">
   </trkpt>
   <trkpt lat="31.8870467" lon="118.8122127">
   </trkpt>
   <trkpt lat="31.8870438" lon="118.8122167">
   </trkpt>
   <trkpt lat="31.8870408" lon="118.8122207">
   </trkpt>
   <trkpt lat="31.8870379" lon="118.8122247">
   </trkpt>
   <trkpt lat="31.8870350" lon="118.8122288">
   </trkpt>
   <trkpt lat="31.8870321" lon="118.8122328">
   </trkpt>
   <trkpt lat="31.8870291" lon="118.8122368">
   </trkpt>
   <trkpt lat="31.8870262" lon="118.8122408">
   </trkpt>
   <trkpt lat="31.8870233" lon="118.8122448">
   </trkpt>
   <trkpt lat="31.8870203" lon="118.8122488">
   </trkpt>
   <trkpt lat="31.8870174" lon="118.8122528">
   </trkpt>
   <trkpt lat="31.8870145" lon="118.8122568">
   </trkpt>
   <trkpt lat="31.8870116" lon="118.8122608">
   </trkpt>
   <trkpt lat="31.8870086" lon="118.8122649">
   </trkpt>
   <trkpt lat="31.8870057" lon="118.8122689">
   </trkpt>
   <trkpt lat="31.8870028" lon="118.8122729">
   </trkpt>
   <trkpt lat="31.8869998" lon="118.8122769">
   </trkpt>
   <trkpt lat="31.8869969" lon="118.8122809">
   </trkpt>
   <trkpt lat="31.8869940" lon="118.8122849">
   </trkpt>
   <trkpt lat="31.8869911" lon="118.8122889">
   </trkpt>
   <trkpt lat="31.8869881" lon="118.8122929">
   </trkpt>
   <trkpt lat="31.8869852" lon="118.8122970">
   </trkpt>
   <trkpt lat="31.8869823" lon="118.8123010">
   </trkpt>
   <trkpt lat="31.8869794" lon="118.8123050">
   </trkpt>
   <trkpt lat="31.8869764" lon="118.8123090">
   </trkpt>
   <trkpt lat="31.8869735" lon="118.8123130">
   </trkpt>
   <trkpt lat="31.8869706" lon="118.8123170">
   </trkpt>
   <trkpt lat="31.8869676" lon="118.8123210">
   </trkpt>
   <trkpt lat="31.8869647" lon="118.8123250">
   </trkpt>
   <trkpt lat="31.8869618" lon="118.8123290">
   </trkpt>
   <trkpt lat="31.8869589" lon="118.8123331">
   </trkpt>
   <trkpt lat="31.8869559" lon="118.8123371">
   </trkpt>
   <trkpt lat="31.8869530" lon="118.8123411">
   </trkpt>
   <trkpt lat="31.8869501" lon="118.8123451">
   </trkpt>
   <trkpt lat="31.8869472" lon="118.8123491">
   </trkpt>
   <trkpt lat="31.8869442" lon="118.8123531">
   </trkpt>
   <trkpt lat="31.8869413" lon="118.8123571">
   </trkpt>
   <trkpt lat="31.8869384" lon="118.8123611">
   </trkpt>
   <trkpt lat="31.8869354" lon="118.8123652">
   </trkpt>
   <trkpt lat="31.8869325" lon="118.8123692">
   </trkpt>
   <trkpt lat="31.8869296" lon="118.8123732">
   </trkpt>
   <trkpt lat="31.8869267" lon="118.8123772">
   </trkpt>
   <trkpt lat="31.8869237" lon="118.8123812">
   </trkpt>
   <trkpt lat="31.8869208" lon="118.8123852">
   </trkpt>
   <trkpt lat="31.8869179" lon="118.8123892">
   </trkpt>
   <trkpt lat="31.8869150" lon="118.8123932">
   </trkpt>
   <trkpt lat="31.8869120" lon="118.8123973">
   </trkpt>
   <trkpt lat="31.8869091" lon="118.8124013">
   </trkpt>
   <trkpt lat="31.8869062" lon="118.8124053">
   </trkpt>
   <trkpt lat="31.8869032" lon="118.8124093">
   </trkpt>
   <trkpt lat="31.8869003" lon="118.8124133">
   </trkpt>
   <trkpt lat="31.8868974" lon="118.8124173">
   </trkpt>
   <trkpt lat="31.8868945" lon="118.8124213">
   </trkpt>
   <trkpt lat="31.8868915" lon="118.8124253">
   </trkpt>
   <trkpt lat="31.8868886" lon="118.8124293">
   </trkpt>
   <trkpt lat="31.8868857" lon="118.8124334">
   </trkpt>
   <trkpt lat="31.8868828" lon="118.8124374">
   </trkpt>
   <trkpt lat="31.8868798" lon="118.8124414">
   </trkpt>
   <trkpt lat="31.8868769" lon="118.8124454">
   </trkpt>
   <trkpt lat="31.8868740" lon="118.8124494">
   </trkpt>
   <trkpt lat="31.8868710" lon="118.8124534">
   </trkpt>
   <trkpt lat="31.8868681" lon="118.8124574">
   </trkpt>
   <trkpt lat="31.8868652" lon="118.8124614">
   </trkpt>
   <trkpt lat="31.8868623" lon="118.8124655">
   </trkpt>
   <trkpt lat="31.8868593" lon="118.8124695">
   </trkpt>
   <trkpt lat="31.8868564" lon="118.8124735">
   </trkpt>
   <trkpt lat="31.8868535" lon="118.8124775">
   </trkpt>
   <trkpt lat="31.8868505" lon="118.8124815">
   </trkpt>
   <trkpt lat="31.8868476" lon="118.8124855">
   </trkpt>
   <trkpt lat="31.8868447" lon="118.8124895">
   </trkpt>
   <trkpt lat="31.8868418" lon="118.8124935">
   </trkpt>
   <trkpt lat="31.8868388" lon="118.8124976">
   </trkpt>
   <trkpt lat="31.8868359" lon="118.8125016">
   </trkpt>
   <trkpt lat="31.8868330" lon="118.8125056">
   </trkpt>
   <trkpt lat="31.8868301" lon="118.8125096">
   </trkpt>
   <trkpt lat="31.8868271" lon="118.8125136">
   </trkpt>
   <trkpt lat="31.8868242" lon="118.8125176">
   </trkpt>
   <trkpt lat="31.8868213" lon="118.8125216">
   </trkpt>
   <trkpt lat="31.8868183" lon="118.8125256">
   </trkpt>
   <trkpt lat="31.8868154" lon="118.8125296">
   </trkpt>
   <trkpt lat="31.8868125" lon="118.8125337">
   </trkpt>
   <trkpt lat="31.8868096" lon="118.8125377">
   </trkpt>
   <trkpt lat="31.8868072" lon="118.8125422">
   </trkpt>
   <trkpt lat="31.8868049" lon="118.8125467">
   </trkpt>
   <trkpt lat="31.8868026" lon="118.8125512">
   </trkpt>
   <trkpt lat="31.8868003" lon="118.8125558">
   </trkpt>
   <trkpt lat="31.8867979" lon="118.8125603">
   </trkpt>
   <trkpt lat="31.8867956" lon="118.8125648">
   </trkpt>
   <trkpt lat="31.8867933" lon="118.8125694">
   </trkpt>
   <trkpt lat="31.8867910" lon="118.8125739">
   </trkpt>
   <trkpt lat="31.8867886" lon="118.8125784">
   </trkpt>
   <trkpt lat="31.8867863" lon="118.8125829">
   </trkpt>
   <trkpt lat="31.8867840" lon="118.8125875">
   </trkpt>
   <trkpt lat="31.8867817" lon="118.8125920">
   </trkpt>
   <trkpt lat="31.8867793" lon="118.8125965">
   </trkpt>
   <trkpt lat="31.8867770" lon="118.8126010">
   </trkpt>
   <trkpt lat="31.8867747" lon="118.8126056">
   </trkpt>
   <trkpt lat="31.8867724" lon="118.8126101">
   </trkpt>
   <trkpt lat="31.8867700" lon="118.8126146">
   </trkpt>
   <trkpt lat="31.8867677" lon="118.8126191">
   </trkpt>
   <trkpt lat="31.8867654" lon="118.8126237">
   </trkpt>
   <trkpt lat="31.8867631" lon="118.8126282">
   </trkpt>
   <trkpt lat="31.8867607" lon="118.8126327">
   </trkpt>
   <trkpt lat="31.8867584" lon="118.8126372">
   </trkpt>
   <trkpt lat="31.8867561" lon="118.8126418">
   </trkpt>
   <trkpt lat="31.8867537" lon="118.8126463">
   </trkpt>
   <trkpt lat="31.8867514" lon="118.8126508">
   </trkpt>
   <trkpt lat="31.8867491" lon="118.8126553">
   </trkpt>
   <trkpt lat="31.8867468" lon="118.8126599">
   </trkpt>
   <trkpt lat="31.8867444" lon="118.8126644">
   </trkpt>
   <trkpt lat="31.8867421" lon="118.8126689">
   </trkpt>
   <trkpt lat="31.8867398" lon="118.8126734">
   </trkpt>
   <trkpt lat="31.8867375" lon="118.8126780">
   </trkpt>
   <trkpt lat="31.8867351" lon="118.8126825">
   </trkpt>
   <trkpt lat="31.8867328" lon="118.8126870">
   </trkpt>
   <trkpt lat="31.8867305" lon="118.8126915">
   </trkpt>
   <trkpt lat="31.8867282" lon="118.8126961">
   </trkpt>
   <trkpt lat="31.8867258" lon="118.8127006">
   </trkpt>
   <trkpt lat="31.8867235" lon="118.8127051">
   </trkpt>
   <trkpt lat="31.8867212" lon="118.8127096">
   </trkpt>
   <trkpt lat="31.8867188" lon="118.8127142">
   </trkpt>
   <trkpt lat="31.8867165" lon="118.8127187">
   </trkpt>
   <trkpt lat="31.8867142" lon="118.8127232">
   </trkpt>
   <trkpt lat="31.8867119" lon="118.8127277">
   </trkpt>
   <trkpt lat="31.8867095" lon="118.8127323">
   </trkpt>
   <trkpt lat="31.8867072" lon="118.8127368">
   </trkpt>
   <trkpt lat="31.8867049" lon="118.8127413">
   </trkpt>
   <trkpt lat="31.8867026" lon="118.8127458">
   </trkpt>
   <trkpt lat="31.8867002" lon="118.8127504">
   </trkpt>
   <trkpt lat="31.8866979" lon="118.8127549">
   </trkpt>
   <trkpt lat="31.8866956" lon="118.8127594">
   </trkpt>
   <trkpt lat="31.8866932" lon="118.8127639">
   </trkpt>
   <trkpt lat="31.8866909" lon="118.8127685">
   </trkpt>
   <trkpt lat="31.8866886" lon="118.8127730">
   </trkpt>
   <trkpt lat="31.8866863" lon="118.8127775">
   </trkpt>
   <trkpt lat="31.8866839" lon="118.8127820">
   </trkpt>
   <trkpt lat="31.8866816" lon="118.8127865">
   </trkpt>
   <trkpt lat="31.8866793" lon="118.8127911">
   </trkpt>
   <trkpt lat="31.8866770" lon="118.8127956">
   </trkpt>
   <trkpt lat="31.8866746" lon="118.8128001">
   </trkpt>
   <trkpt lat="31.8866723" lon="118.8128046">
   </trkpt>
   <trkpt lat="31.8866700" lon="118.8128092">
   </trkpt>
   <trkpt lat="31.8866677" lon="118.8128137">
   </trkpt>
   <trkpt lat="31.8866653" lon="118.8128182">
   </trkpt>
   <trkpt lat="31.8866630" lon="118.8128227">
   </trkpt>
   <trkpt lat="31.8866607" lon="118.8128273">
   </trkpt>
   <trkpt lat="31.8866583" lon="118.8128318">
   </trkpt>
   <trkpt lat="31.8866560" lon="118.8128363">
   </trkpt>
   <trkpt lat="31.8866537" lon="118.8128408">
   </trkpt>
   <trkpt lat="31.8866514" lon="118.8128454">
   </trkpt>
   <trkpt lat="31.8866490" lon="118.8128499">
   </trkpt>
   <trkpt lat="31.8866467" lon="118.8128544">
   </trkpt>
   <trkpt lat="31.8866444" lon="118.8128589">
   </trkpt>
   <trkpt lat="31.8866421" lon="118.8128635">
   </trkpt>
   <trkpt lat="31.8866397" lon="118.8128680">
   </trkpt>
   <trkpt lat="31.8866374" lon="118.8128725">
   </trkpt>
   <trkpt lat="31.8866351" lon="118.8128770">
   </trkpt>
   <trkpt lat="31.8866328" lon="118.8128816">
   </trkpt>
   <trkpt lat="31.8866304" lon="118.8128861">
   </trkpt>
   <trkpt lat="31.8866281" lon="118.8128906">
   </trkpt>
   <trkpt lat="31.8866258" lon="118.8128951">
   </trkpt>
   <trkpt lat="31.8866234" lon="118.8128997">
   </trkpt>
   <trkpt lat="31.8866211" lon="118.8129042">
   </trkpt>
   <trkpt lat="31.8866188" lon="118.8129087">
   </trkpt>
   <trkpt lat="31.8866165" lon="118.8129132">
   </trkpt>
   <trkpt lat="31.8866141" lon="118.8129178">
   </trkpt>
   <trkpt lat="31.8866118" lon="118.8129223">
   </trkpt>
   <trkpt lat="31.8866095" lon="118.8129268">
   </trkpt>
   <trkpt lat="31.8866074" lon="118.8129315">
   </trkpt>
   <trkpt lat="31.8866057" lon="118.8129364">
   </trkpt>
   <trkpt lat="31.8866041" lon="118.8129413">
   </trkpt>
   <trkpt lat="31.8866024" lon="118.8129462">
   </trkpt>
   <trkpt lat="31.8866008" lon="118.8129512">
   </trkpt>
   <trkpt lat="31.8865991" lon="118.8129561">
   </trkpt>
   <trkpt lat="31.8865975" lon="118.8129610">
   </trkpt>
   <trkpt lat="31.8865958" lon="118.8129659">
   </trkpt>
   <trkpt lat="31.8865942" lon="118.8129708">
   </trkpt>
   <trkpt lat="31.8865925" lon="118.8129758">
   </trkpt>
   <trkpt lat="31.8865909" lon="118.8129807">
   </trkpt>
   <trkpt lat="31.8865893" lon="118.8129856">
   </trkpt>
   <trkpt lat="31.8865876" lon="118.8129905">
   </trkpt>
   <trkpt lat="31.8865860" lon="118.8129954">
   </trkpt>
   <trkpt lat="31.8865843" lon="118.8130004">
   </trkpt>
   <trkpt lat="31.8865827" lon="118.8130053">
   </trkpt>
   <trkpt lat="31.8865810" lon="118.8130102">
   </trkpt>
   <trkpt lat="31.8865794" lon="118.8130151">
   </trkpt>
   <trkpt lat="31.8865777" lon="118.8130201">
   </trkpt>
   <trkpt lat="31.8865761" lon="118.8130250">
   </trkpt>
   <trkpt lat="31.8865744" lon="118.8130299">
   </trkpt>
   <trkpt lat="31.8865728" lon="118.8130348">
   </trkpt>
   <trkpt lat="31.8865711" lon="118.8130397">
   </trkpt>
   <trkpt lat="31.8865695" lon="118.8130447">
   </trkpt>
   <trkpt lat="31.8865678" lon="118.8130496">
   </trkpt>
   <trkpt lat="31.8865662" lon="118.8130545">
   </trkpt>
   <trkpt lat="31.8865645" lon="118.8130594">
   </trkpt>
   <trkpt lat="31.8865629" lon="118.8130643">
   </trkpt>
   <trkpt lat="31.8865612" lon="118.8130693">
   </trkpt>
   <trkpt lat="31.8865596" lon="118.8130742">
   </trkpt>
   <trkpt lat="31.8865580" lon="118.8130791">
   </trkpt>
   <trkpt lat="31.8865563" lon="118.8130840">
   </trkpt>
   <trkpt lat="31.8865547" lon="118.8130890">
   </trkpt>
   <trkpt lat="31.8865530" lon="118.8130939">
   </trkpt>
   <trkpt lat="31.8865514" lon="118.8130988">
   </trkpt>
   <trkpt lat="31.8865497" lon="118.8131037">
   </trkpt>
   <trkpt lat="31.8865481" lon="118.8131086">
   </trkpt>
   <trkpt lat="31.8865464" lon="118.8131136">
   </trkpt>
   <trkpt lat="31.8865448" lon="118.8131185">
   </trkpt>
   <trkpt lat="31.8865431" lon="118.8131234">
   </trkpt>
   <trkpt lat="31.8865415" lon="118.8131283">
   </trkpt>
   <trkpt lat="31.8865398" lon="118.8131332">
   </trkpt>
   <trkpt lat="31.8865382" lon="118.8131382">
   </trkpt>
   <trkpt lat="31.8865365" lon="118.8131431">
   </trkpt>
   <trkpt lat="31.8865349" lon="118.8131480">
   </trkpt>
   <trkpt lat="31.8865332" lon="118.8131529">
   </trkpt>
   <trkpt lat="31.8865316" lon="118.8131579">
   </trkpt>
   <trkpt lat="31.8865299" lon="118.8131628">
   </trkpt>
   <trkpt lat="31.8865283" lon="118.8131677">
   </trkpt>
   <trkpt lat="31.8865267" lon="118.8131726">
   </trkpt>
   <trkpt lat="31.8865250" lon="118.8131775">
   </trkpt>
   <trkpt lat="31.8865234" lon="118.8131825">
   </trkpt>
   <trkpt lat="31.8865217" lon="118.8131874">
   </trkpt>
   <trkpt lat="31.8865201" lon="118.8131923">
   </trkpt>
   <trkpt lat="31.8865184" lon="118.8131972">
   </trkpt>
   <trkpt lat="31.8865168" lon="118.8132021">
   </trkpt>
   <trkpt lat="31.8865151" lon="118.8132071">
   </trkpt>
   <trkpt lat="31.8865135" lon="118.8132120">
   </trkpt>
   <trkpt lat="31.8865118" lon="118.8132169">
   </trkpt>
   <trkpt lat="31.8865102" lon="118.8132218">
   </trkpt>
   <trkpt lat="31.8865085" lon="118.8132267">
   </trkpt>
   <trkpt lat="31.8865069" lon="118.8132317">
   </trkpt>
   <trkpt lat="31.8865052" lon="118.8132366">
   </trkpt>
   <trkpt lat="31.8865036" lon="118.8132415">
   </trkpt>
   <trkpt lat="31.8865019" lon="118.8132464">
   </trkpt>
   <trkpt lat="31.8865003" lon="118.8132514">
   </trkpt>
   <trkpt lat="31.8864986" lon="118.8132563">
   </trkpt>
   <trkpt lat="31.8864970" lon="118.8132612">
   </trkpt>
   <trkpt lat="31.8864954" lon="118.8132661">
   </trkpt>
   <trkpt lat="31.8864937" lon="118.8132710">
   </trkpt>
   <trkpt lat="31.8864921" lon="118.8132760">
   </trkpt>
   <trkpt lat="31.8864904" lon="118.8132809">
   </trkpt>
   <trkpt lat="31.8864888" lon="118.8132858">
   </trkpt>
   <trkpt lat="31.8864871" lon="118.8132907">
   </trkpt>
   <trkpt lat="31.8864855" lon="118.8132956">
   </trkpt>
   <trkpt lat="31.8864838" lon="118.8133006">
   </trkpt>
   <trkpt lat="31.8864822" lon="118.8133055">
   </trkpt>
   <trkpt lat="31.8864805" lon="118.8133104">
   </trkpt>
   <trkpt lat="31.8864789" lon="118.8133153">
   </trkpt>
   <trkpt lat="31.8864772" lon="118.8133203">
   </trkpt>
   <trkpt lat="31.8864756" lon="118.8133252">
   </trkpt>
   <trkpt lat="31.8864739" lon="118.8133301">
   </trkpt>
   <trkpt lat="31.8864723" lon="118.8133350">
   </trkpt>
   <trkpt lat="31.8864706" lon="118.8133399">
   </trkpt>
   <trkpt lat="31.8864690" lon="118.8133449">
   </trkpt>
   <trkpt lat="31.8864673" lon="118.8133498">
   </trkpt>
   <trkpt lat="31.8864657" lon="118.8133547">
   </trkpt>
   <trkpt lat="31.8864646" lon="118.8133598">
   </trkpt>
   <trkpt lat="31.8864636" lon="118.8133650">
   </trkpt>
   <trkpt lat="31.8864627" lon="118.8133702">
   </trkpt>
   <trkpt lat="31.8864618" lon="118.8133753">
   </trkpt>
   <trkpt lat="31.8864609" lon="118.8133805">
   </trkpt>
   <trkpt lat="31.8864599" lon="118.8133857">
   </trkpt>
   <trkpt lat="31.8864590" lon="118.8133909">
   </trkpt>
   <trkpt lat="31.8864581" lon="118.8133960">
   </trkpt>
   <trkpt lat="31.8864572" lon="118.8134012">
   </trkpt>
   <trkpt lat="31.8864563" lon="118.8134064">
   </trkpt>
   <trkpt lat="31.8864553" lon="118.8134116">
   </trkpt>
   <trkpt lat="31.8864544" lon="118.8134167">
   </trkpt>
   <trkpt lat="31.8864535" lon="118.8134219">
   </trkpt>
   <trkpt lat="31.8864526" lon="118.8134271">
   </trkpt>
   <trkpt lat="31.8864516" lon="118.8134323">
   </trkpt>
   <trkpt lat="31.8864507" lon="118.8134375">
   </trkpt>
   <trkpt lat="31.8864498" lon="118.8134426">
   </trkpt>
   <trkpt lat="31.8864489" lon="118.8134478">
   </trkpt>
   <trkpt lat="31.8864479" lon="118.8134530">
   </trkpt>
   <trkpt lat="31.8864470" lon="118.8134582">
   </trkpt>
   <trkpt lat="31.8864461" lon="118.8134633">
   </trkpt>
   <trkpt lat="31.8864452" lon="118.8134685">
   </trkpt>
   <trkpt lat="31.8864443" lon="118.8134737">
   </trkpt>
   <trkpt lat="31.8864433" lon="118.8134789">
   </trkpt>
   <trkpt lat="31.8864424" lon="118.8134841">
   </trkpt>
   <trkpt lat="31.8864415" lon="118.8134892">
   </trkpt>
   <trkpt lat="31.8864406" lon="118.8134944">
   </trkpt>
   <trkpt lat="31.8864396" lon="118.8134996">
   </trkpt>
   <trkpt lat="31.8864387" lon="118.8135048">
   </trkpt>
   <trkpt lat="31.8864378" lon="118.8135099">
   </trkpt>
   <trkpt lat="31.8864369" lon="118.8135151">
   </trkpt>
   <trkpt lat="31.8864359" lon="118.8135203">
   </trkpt>
   <trkpt lat="31.8864350" lon="118.8135255">
   </trkpt>
   <trkpt lat="31.8864341" lon="118.8135306">
   </trkpt>
   <trkpt lat="31.8864332" lon="118.8135358">
   </trkpt>
   <trkpt lat="31.8864323" lon="118.8135410">
   </trkpt>
   <trkpt lat="31.8864313" lon="118.8135462">
   </trkpt>
   <trkpt lat="31.8864304" lon="118.8135514">
   </trkpt>
   <trkpt lat="31.8864295" lon="118.8135565">
   </trkpt>
   <trkpt lat="31.8864286" lon="118.8135617">
   </trkpt>
   <trkpt lat="31.8864276" lon="118.8135669">
   </trkpt>
   <trkpt lat="31.8864267" lon="118.8135721">
   </trkpt>
   <trkpt lat="31.8864258" lon="118.8135772">
   </trkpt>
   <trkpt lat="31.8864249" lon="118.8135824">
   </trkpt>
   <trkpt lat="31.8864239" lon="118.8135876">
   </trkpt>
   <trkpt lat="31.8864230" lon="118.8135928">
   </trkpt>
   <trkpt lat="31.8864221" lon="118.8135979">
   </trkpt>
   <trkpt lat="31.8864212" lon="118.8136031">
   </trkpt>
   <trkpt lat="31.8864202" lon="118.8136083">
   </trkpt>
   <trkpt lat="31.8864193" lon="118.8136135">
   </trkpt>
   <trkpt lat="31.8864184" lon="118.8136187">
   </trkpt>
   <trkpt lat="31.8864175" lon="118.8136238">
   </trkpt>
   <trkpt lat="31.8864166" lon="118.8136290">
   </trkpt>
   <trkpt lat="31.8864156" lon="118.8136342">
   </trkpt>
   <trkpt lat="31.8864147" lon="118.8136394">
   </trkpt>
   <trkpt lat="31.8864138" lon="118.8136445">
   </trkpt>
   <trkpt lat="31.8864129" lon="118.8136497">
   </trkpt>
   <trkpt lat="31.8864119" lon="118.8136549">
   </trkpt>
   <trkpt lat="31.8864110" lon="118.8136601">
   </trkpt>
   <trkpt lat="31.8864101" lon="118.8136652">
   </trkpt>
   <trkpt lat="31.8864092" lon="118.8136704">
   </trkpt>
   <trkpt lat="31.8864082" lon="118.8136756">
   </trkpt>
   <trkpt lat="31.8864073" lon="118.8136808">
   </trkpt>
   <trkpt lat="31.8864064" lon="118.8136860">
   </trkpt>
   <trkpt lat="31.8864055" lon="118.8136911">
   </trkpt>
   <trkpt lat="31.8864045" lon="118.8136963">
   </trkpt>
   <trkpt lat="31.8864036" lon="118.8137015">
   </trkpt>
   <trkpt lat="31.8864027" lon="118.8137067">
   </trkpt>
   <trkpt lat="31.8864018" lon="118.8137118">
   </trkpt>
   <trkpt lat="31.8864008" lon="118.8137170">
   </trkpt>
   <trkpt lat="31.8863999" lon="118.8137222">
   </trkpt>
   <trkpt lat="31.8863990" lon="118.8137274">
   </trkpt>
   <trkpt lat="31.8863981" lon="118.8137325">
   </trkpt>
   <trkpt lat="31.8863972" lon="118.8137377">
   </trkpt>
   <trkpt lat="31.8863962" lon="118.8137429">
   </trkpt>
   <trkpt lat="31.8863953" lon="118.8137481">
   </trkpt>
   <trkpt lat="31.8863944" lon="118.8137533">
   </trkpt>
   <trkpt lat="31.8863935" lon="118.8137584">
   </trkpt>
   <trkpt lat="31.8863925" lon="118.8137636">
   </trkpt>
   <trkpt lat="31.8863916" lon="118.8137688">
   </trkpt>
   <trkpt lat="31.8863907" lon="118.8137740">
   </trkpt>
   <trkpt lat="31.8863898" lon="118.8137791">
   </trkpt>
   <trkpt lat="31.8863888" lon="118.8137843">
   </trkpt>
   <trkpt lat="31.8863879" lon="118.8137895">
   </trkpt>
   <trkpt lat="31.8863870" lon="118.8137947">
   </trkpt>
   <trkpt lat="31.8863861" lon="118.8137998">
   </trkpt>
   <trkpt lat="31.8863852" lon="118.8138050">
   </trkpt>
   <trkpt lat="31.8863850" lon="118.8138103">
   </trkpt>
   <trkpt lat="31.8863848" lon="118.8138156">
   </trkpt>
   <trkpt lat="31.8863847" lon="118.8138209">
   </trkpt>
   <trkpt lat="31.8863845" lon="118.8138262">
   </trkpt>
   <trkpt lat="31.8863843" lon="118.8138315">
   </trkpt>
   <trkpt lat="31.8863842" lon="118.8138367">
   </trkpt>
   <trkpt lat="31.8863840" lon="118.8138420">
   </trkpt>
   <trkpt lat="31.8863838" lon="118.8138473">
   </trkpt>
   <trkpt lat="31.8863836" lon="118.8138526">
   </trkpt>
   <trkpt lat="31.8863835" lon="118.8138579">
   </trkpt>
   <trkpt lat="31.8863833" lon="118.8138632">
   </trkpt>
   <trkpt lat="31.8863831" lon="118.8138685">
   </trkpt>
   <trkpt lat="31.8863830" lon="118.8138737">
   </trkpt>
   <trkpt lat="31.8863828" lon="118.8138790">
   </trkpt>
   <trkpt lat="31.8863826" lon="118.8138843">
   </trkpt>
   <trkpt lat="31.8863824" lon="118.8138896">
   </trkpt>
   <trkpt lat="31.8863823" lon="118.8138949">
   </trkpt>
   <trkpt lat="31.8863822" lon="118.8139002">
   </trkpt>
   <trkpt lat="31.8863821" lon="118.8139055">
   </trkpt>
   <trkpt lat="31.8863820" lon="118.8139108">
   </trkpt>
   <trkpt lat="31.8863819" lon="118.8139160">
   </trkpt>
   <trkpt lat="31.8863818" lon="118.8139213">
   </trkpt>
   <trkpt lat="31.8863817" lon="118.8139266">
   </trkpt>
   <trkpt lat="31.8863816" lon="118.8139319">
   </trkpt>
   <trkpt lat="31.8863815" lon="118.8139372">
   </trkpt>
   <trkpt lat="31.8863815" lon="118.8139425">
   </trkpt>
   <trkpt lat="31.8863814" lon="118.8139478">
   </trkpt>
   <trkpt lat="31.8863813" lon="118.8139531">
   </trkpt>
   <trkpt lat="31.8863812" lon="118.8139584">
   </trkpt>
   <trkpt lat="31.8863811" lon="118.8139636">
   </trkpt>
   <trkpt lat="31.8863810" lon="118.8139689">
   </trkpt>
   <trkpt lat="31.8863809" lon="118.8139742">
   </trkpt>
   <trkpt lat="31.8863808" lon="118.8139795">
   </trkpt>
   <trkpt lat="31.8863807" lon="118.8139848">
   </trkpt>
   <trkpt lat="31.8863806" lon="118.8139901">
   </trkpt>
   <trkpt lat="31.8863805" lon="118.8139954">
   </trkpt>
   <trkpt lat="31.8863804" lon="118.8140007">
   </trkpt>
   <trkpt lat="31.8863803" lon="118.8140060">
   </trkpt>
   <trkpt lat="31.8863802" lon="118.8140112">
   </trkpt>
   <trkpt lat="31.8863801" lon="118.8140165">
   </trkpt>
   <trkpt lat="31.8863800" lon="118.8140218">
   </trkpt>
   <trkpt lat="31.8863799" lon="118.8140271">
   </trkpt>
   <trkpt lat="31.8863798" lon="118.8140324">
   </trkpt>
   <trkpt lat="31.8863797" lon="118.8140377">
   </trkpt>
   <trkpt lat="31.8863796" lon="118.8140430">
   </trkpt>
   <trkpt lat="31.8863795" lon="118.8140483">
   </trkpt>
   <trkpt lat="31.8863794" lon="118.8140536">
   </trkpt>
   <trkpt lat="31.8863793" lon="118.8140588">
   </trkpt>
   <trkpt lat="31.8863792" lon="118.8140641">
   </trkpt>
   <trkpt lat="31.8863791" lon="118.8140694">
   </trkpt>
   <trkpt lat="31.8863790" lon="118.8140747">
   </trkpt>
   <trkpt lat="31.8863789" lon="118.8140800">
   </trkpt>
   <trkpt lat="31.8863788" lon="118.8140853">
   </trkpt>
   <trkpt lat="31.8863787" lon="118.8140906">
   </trkpt>
   <trkpt lat="31.8863786" lon="118.8140959">
   </trkpt>
   <trkpt lat="31.8863785" lon="118.8141012">
   </trkpt>
   <trkpt lat="31.8863784" lon="118.8141064">
   </trkpt>
   <trkpt lat="31.8863783" lon="118.8141117">
   </trkpt>
   <trkpt lat="31.8863782" lon="118.8141170">
   </trkpt>
   <trkpt lat="31.8863781" lon="118.8141223">
   </trkpt>
   <trkpt lat="31.8863780" lon="118.8141276">
   </trkpt>
   <trkpt lat="31.8863779" lon="118.8141329">
   </trkpt>
   <trkpt lat="31.8863778" lon="118.8141382">
   </trkpt>
   <trkpt lat="31.8863777" lon="118.8141435">
   </trkpt>
   <trkpt lat="31.8863776" lon="118.8141487">
   </trkpt>
   <trkpt lat="31.8863775" lon="118.8141540">
   </trkpt>
   <trkpt lat="31.8863774" lon="118.8141593">
   </trkpt>
   <trkpt lat="31.8863774" lon="118.8141646">
   </trkpt>
   <trkpt lat="31.8863773" lon="118.8141699">
   </trkpt>
   <trkpt lat="31.8863772" lon="118.8141752">
   </trkpt>
   <trkpt lat="31.8863771" lon="118.8141805">
   </trkpt>
   <trkpt lat="31.8863770" lon="118.8141858">
   </trkpt>
   <trkpt lat="31.8863769" lon="118.8141911">
   </trkpt>
   <trkpt lat="31.8863768" lon="118.8141963">
   </trkpt>
   <trkpt lat="31.8863767" lon="118.8142016">
   </trkpt>
   <trkpt lat="31.8863766" lon="118.8142069">
   </trkpt>
   <trkpt lat="31.8863765" lon="118.8142122">
   </trkpt>
   <trkpt lat="31.8863764" lon="118.8142175">
   </trkpt>
   <trkpt lat="31.8863763" lon="118.8142228">
   </trkpt>
   <trkpt lat="31.8863762" lon="118.8142281">
   </trkpt>
   <trkpt lat="31.8863761" lon="118.8142334">
   </trkpt>
   <trkpt lat="31.8863760" lon="118.8142387">
   </trkpt>
   <trkpt lat="31.8863759" lon="118.8142439">
   </trkpt>
   <trkpt lat="31.8863758" lon="118.8142492">
   </trkpt>
   <trkpt lat="31.8863757" lon="118.8142545">
   </trkpt>
   <trkpt lat="31.8863756" lon="118.8142598">
   </trkpt>
   <trkpt lat="31.8863755" lon="118.8142651">
   </trkpt>
   <trkpt lat="31.8863754" lon="118.8142704">
   </trkpt>
   <trkpt lat="31.8863753" lon="118.8142757">
   </trkpt>
   <trkpt lat="31.8863752" lon="118.8142810">
   </trkpt>
   <trkpt lat="31.8863751" lon="118.8142863">
   </trkpt>
   <trkpt lat="31.8863750" lon="118.8142915">
   </trkpt>
   <trkpt lat="31.8863749" lon="118.8142968">
   </trkpt>
   <trkpt lat="31.8863748" lon="118.8143021">
   </trkpt>
   <trkpt lat="31.8863753" lon="118.8143074">
   </trkpt>
   <trkpt lat="31.8863759" lon="118.8143126">
   </trkpt>
   <trkpt lat="31.8863765" lon="118.8143179">
   </trkpt>
   <trkpt lat="31.8863771" lon="118.8143231">
   </trkpt>
   <trkpt lat="31.8863776" lon="118.8143284">
   </trkpt>
   <trkpt lat="31.8863782" lon="118.8143336">
   </trkpt>
   <trkpt lat="31.8863788" lon="118.8143388">
   </trkpt>
   <trkpt lat="31.8863794" lon="118.8143441">
   </trkpt>
   <trkpt lat="31.8863800" lon="118.8143493">
   </trkpt>
   <trkpt lat="31.8863806" lon="118.8143546">
   </trkpt>
   <trkpt lat="31.8863811" lon="118.8143598">
   </trkpt>
   <trkpt lat="31.8863817" lon="118.8143651">
   </trkpt>
   <trkpt lat="31.8863823" lon="118.8143703">
   </trkpt>
   <trkpt lat="31.8863829" lon="118.8143756">
   </trkpt>
   <trkpt lat="31.8863835" lon="118.8143808">
   </trkpt>
   <trkpt lat="31.8863841" lon="118.8143860">
   </trkpt>
   <trkpt lat="31.8863846" lon="118.8143913">
   </trkpt>
   <trkpt lat="31.8863852" lon="118.8143965">
   </trkpt>
   <trkpt lat="31.8863858" lon="118.8144018">
   </trkpt>
   <trkpt lat="31.8863864" lon="118.8144070">
   </trkpt>
   <trkpt lat="31.8863870" lon="118.8144123">
   </trkpt>
   <trkpt lat="31.8863876" lon="118.8144175">
   </trkpt>
   <trkpt lat="31.8863882" lon="118.8144228">
   </trkpt>
   <trkpt lat="31.8863887" lon="118.8144280">
   </trkpt>
   <trkpt lat="31.8863893" lon="118.8144333">
   </trkpt>
   <trkpt lat="31.8863899" lon="118.8144385">
   </trkpt>
   <trkpt lat="31.8863905" lon="118.8144437">
   </trkpt>
   <trkpt lat="31.8863911" lon="118.8144490">
   </trkpt>
   <trkpt lat="31.8863917" lon="118.8144542">
   </trkpt>
   <trkpt lat="31.8863922" lon="118.8144595">
   </trkpt>
   <trkpt lat="31.8863928" lon="118.8144647">
   </trkpt>
   <trkpt lat="31.8863934" lon="118.8144700">
   </trkpt>
   <trkpt lat="31.8863940" lon="118.8144752">
   </trkpt>
   <trkpt lat="31.8863946" lon="118.8144805">
   </trkpt>
   <trkpt lat="31.8863952" lon="118.8144857">
   </trkpt>
   <trkpt lat="31.8863957" lon="118.8144909">
   </trkpt>
   <trkpt lat="31.8863963" lon="118.8144962">
   </trkpt>
   <trkpt lat="31.8863969" lon="118.8145014">
   </trkpt>
   <trkpt lat="31.8863975" lon="118.8145067">
   </trkpt>
   <trkpt lat="31.8863981" lon="118.8145119">
   </trkpt>
   <trkpt lat="31.8863987" lon="118.8145172">
   </trkpt>
   <trkpt lat="31.8863992" lon="118.8145224">
   </trkpt>
   <trkpt lat="31.8863998" lon="118.8145277">
   </trkpt>
   <trkpt lat="31.8864004" lon="118.8145329">
   </trkpt>
   <trkpt lat="31.8864010" lon="118.8145382">
   </trkpt>
   <trkpt lat="31.8864016" lon="118.8145434">
   </trkpt>
   <trkpt lat="31.8864022" lon="118.8145486">
   </trkpt>
   <trkpt lat="31.8864027" lon="118.8145539">
   </trkpt>
   <trkpt lat="31.8864033" lon="118.8145591">
   </trkpt>
   <trkpt lat="31.8864039" lon="118.8145644">
   </trkpt>
   <trkpt lat="31.8864045" lon="118.8145696">
   </trkpt>
   <trkpt lat="31.8864051" lon="118.8145749">
   </trkpt>
   <trkpt lat="31.8864057" lon="118.8145801">
   </trkpt>
   <trkpt lat="31.8864062" lon="118.8145854">
   </trkpt>
   <trkpt lat="31.8864068" lon="118.8145906">
   </trkpt>
   <trkpt lat="31.8864074" lon="118.8145959">
   </trkpt>
   <trkpt lat="31.8864080" lon="118.8146011">
   </trkpt>
   <trkpt lat="31.8864086" lon="118.8146063">
   </trkpt>
   <trkpt lat="31.8864092" lon="118.8146116">
   </trkpt>
   <trkpt lat="31.8864098" lon="118.8146168">
   </trkpt>
   <trkpt lat="31.8864103" lon="118.8146221">
   </trkpt>
   <trkpt lat="31.8864109" lon="118.8146273">
   </trkpt>
   <trkpt lat="31.8864115" lon="118.8146326">
   </trkpt>
   <trkpt lat="31.8864121" lon="118.8146378">
   </trkpt>
   <trkpt lat="31.8864127" lon="118.8146431">
   </trkpt>
   <trkpt lat="31.8864133" lon="118.8146483">
   </trkpt>
   <trkpt lat="31.8864138" lon="118.8146535">
   </trkpt>
   <trkpt lat="31.8864144" lon="118.8146588">
   </trkpt>
   <trkpt lat="31.8864150" lon="118.8146640">
   </trkpt>
   <trkpt lat="31.8864156" lon="118.8146693">
   </trkpt>
   <trkpt lat="31.8864162" lon="118.8146745">
   </trkpt>
   <trkpt lat="31.8864168" lon="118.8146798">
   </trkpt>
   <trkpt lat="31.8864173" lon="118.8146850">
   </trkpt>
   <trkpt lat="31.8864179" lon="118.8146903">
   </trkpt>
   <trkpt lat="31.8864185" lon="118.8146955">
   </trkpt>
   <trkpt lat="31.8864191" lon="118.8147008">
   </trkpt>
   <trkpt lat="31.8864197" lon="118.8147060">
   </trkpt>
   <trkpt lat="31.8864203" lon="118.8147112">
   </trkpt>
   <trkpt lat="31.8864208" lon="118.8147165">
   </trkpt>
   <trkpt lat="31.8864221" lon="118.8147216">
   </trkpt>
   <trkpt lat="31.8864234" lon="118.8147266">
   </trkpt>
   <trkpt lat="31.8864247" lon="118.8147317">
   </trkpt>
   <trkpt lat="31.8864261" lon="118.8147367">
   </trkpt>
   <trkpt lat="31.8864274" lon="118.8147418">
   </trkpt>
   <trkpt lat="31.8864287" lon="118.8147468">
   </trkpt>
   <trkpt lat="31.8864300" lon="118.8147519">
   </trkpt>
   <trkpt lat="31.8864314" lon="118.8147569">
   </trkpt>
   <trkpt lat="31.8864327" lon="118.8147620">
   </trkpt>
   <trkpt lat="31.8864340" lon="118.8147671">
   </trkpt>
   <trkpt lat="31.8864353" lon="118.8147721">
   </trkpt>
   <trkpt lat="31.8864366" lon="118.8147772">
   </trkpt>
   <trkpt lat="31.8864380" lon="118.8147822">
   </trkpt>
   <trkpt lat="31.8864393" lon="118.8147873">
   </trkpt>
   <trkpt lat="31.8864406" lon="118.8147923">
   </trkpt>
   <trkpt lat="31.8864419" lon="118.8147974">
   </trkpt>
   <trkpt lat="31.8864433" lon="118.8148024">
   </trkpt>
   <trkpt lat="31.8864446" lon="118.8148075">
   </trkpt>
   <trkpt lat="31.8864459" lon="118.8148126">
   </trkpt>
   <trkpt lat="31.8864472" lon="118.8148176">
   </trkpt>
   <trkpt lat="31.8864486" lon="118.8148227">
   </trkpt>
   <trkpt lat="31.8864499" lon="118.8148277">
   </trkpt>
   <trkpt lat="31.8864512" lon="118.8148328">
   </trkpt>
   <trkpt lat="31.8864525" lon="118.8148378">
   </trkpt>
   <trkpt lat="31.8864539" lon="118.8148429">
   </trkpt>
   <trkpt lat="31.8864552" lon="118.8148479">
   </trkpt>
   <trkpt lat="31.8864565" lon="118.8148530">
   </trkpt>
   <trkpt lat="31.8864578" lon="118.8148581">
   </trkpt>
   <trkpt lat="31.8864591" lon="118.8148631">
   </trkpt>
   <trkpt lat="31.8864605" lon="118.8148682">
   </trkpt>
   <trkpt lat="31.8864618" lon="118.8148732">
   </trkpt>
   <trkpt lat="31.8864631" lon="118.8148783">
   </trkpt>
   <trkpt lat="31.8864644" lon="118.8148833">
   </trkpt>
   <trkpt lat="31.8864658" lon="118.8148884">
   </trkpt>
   <trkpt lat="31.8864671" lon="118.8148934">
   </trkpt>
   <trkpt lat="31.8864684" lon="118.8148985">
   </trkpt>
   <trkpt lat="31.8864697" lon="118.8149035">
   </trkpt>
   <trkpt lat="31.8864711" lon="118.8149086">
   </trkpt>
   <trkpt lat="31.8864724" lon="118.8149137">
   </trkpt>
   <trkpt lat="31.8864737" lon="118.8149187">
   </trkpt>
   <trkpt lat="31.8864750" lon="118.8149238">
   </trkpt>
   <trkpt lat="31.8864763" lon="118.8149288">
   </trkpt>
   <trkpt lat="31.8864777" lon="118.8149339">
   </trkpt>
   <trkpt lat="31.8864790" lon="118.8149389">
   </trkpt>
   <trkpt lat="31.8864803" lon="118.8149440">
   </trkpt>
   <trkpt lat="31.8864816" lon="118.8149490">
   </trkpt>
   <trkpt lat="31.8864830" lon="118.8149541">
   </trkpt>
   <trkpt lat="31.8864843" lon="118.8149592">
   </trkpt>
   <trkpt lat="31.8864856" lon="118.8149642">
   </trkpt>
   <trkpt lat="31.8864869" lon="118.8149693">
   </trkpt>
   <trkpt lat="31.8864883" lon="118.8149743">
   </trkpt>
   <trkpt lat="31.8864896" lon="118.8149794">
   </trkpt>
   <trkpt lat="31.8864909" lon="118.8149844">
   </trkpt>
   <trkpt lat="31.8864922" lon="118.8149895">
   </trkpt>
   <trkpt lat="31.8864935" lon="118.8149945">
   </trkpt>
   <trkpt lat="31.8864949" lon="118.8149996">
   </trkpt>
   <trkpt lat="31.8864962" lon="118.8150047">
   </trkpt>
   <trkpt lat="31.8864975" lon="118.8150097">
   </trkpt>
   <trkpt lat="31.8864988" lon="118.8150148">
   </trkpt>
   <trkpt lat="31.8865002" lon="118.8150198">
   </trkpt>
   <trkpt lat="31.8865015" lon="118.8150249">
   </trkpt>
   <trkpt lat="31.8865028" lon="118.8150299">
   </trkpt>
   <trkpt lat="31.8865041" lon="118.8150350">
   </trkpt>
   <trkpt lat="31.8865055" lon="118.8150400">
   </trkpt>
   <trkpt lat="31.8865068" lon="118.8150451">
   </trkpt>
   <trkpt lat="31.8865081" lon="118.8150501">
   </trkpt>
   <trkpt lat="31.8865094" lon="118.8150552">
   </trkpt>
   <trkpt lat="31.8865107" lon="118.8150603">
   </trkpt>
   <trkpt lat="31.8865121" lon="118.8150653">
   </trkpt>
   <trkpt lat="31.8865134" lon="118.8150704">
   </trkpt>
   <trkpt lat="31.8865147" lon="118.8150754">
   </trkpt>
   <trkpt lat="31.8865160" lon="118.8150805">
   </trkpt>
   <trkpt lat="31.8865174" lon="118.8150855">
   </trkpt>
   <trkpt lat="31.8865187" lon="118.8150906">
   </trkpt>
   <trkpt lat="31.8865200" lon="118.8150956">
   </trkpt>
   <trkpt lat="31.8865213" lon="118.8151007">
   </trkpt>
   <trkpt lat="31.8865226" lon="118.8151058">
   </trkpt>
   <trkpt lat="31.8865240" lon="118.8151108">
   </trkpt>
   <trkpt lat="31.8865253" lon="118.8151159">
   </trkpt>
   <trkpt lat="31.8865266" lon="118.8151209">
   </trkpt>
   <trkpt lat="31.8865279" lon="118.8151260">
   </trkpt>
   <trkpt lat="31.8865293" lon="118.8151310">
   </trkpt>
   <trkpt lat="31.8865306" lon="118.8151361">
   </trkpt>
   <trkpt lat="31.8865319" lon="118.8151411">
   </trkpt>
   <trkpt lat="31.8865332" lon="118.8151462">
   </trkpt>
   <trkpt lat="31.8865345" lon="118.8151513">
   </trkpt>
   <trkpt lat="31.8865361" lon="118.8151562">
   </trkpt>
   <trkpt lat="31.8865381" lon="118.8151609">
   </trkpt>
   <trkpt lat="31.8865401" lon="118.8151657">
   </trkpt>
   <trkpt lat="31.8865421" lon="118.8151704">
   </trkpt>
   <trkpt lat="31.8865442" lon="118.8151751">
   </trkpt>
   <trkpt lat="31.8865462" lon="118.8151798">
   </trkpt>
   <trkpt lat="31.8865482" lon="118.8151846">
   </trkpt>
   <trkpt lat="31.8865502" lon="118.8151893">
   </trkpt>
   <trkpt lat="31.8865523" lon="118.8151940">
   </trkpt>
   <trkpt lat="31.8865543" lon="118.8151987">
   </trkpt>
   <trkpt lat="31.8865563" lon="118.8152034">
   </trkpt>
   <trkpt lat="31.8865583" lon="118.8152082">
   </trkpt>
   <trkpt lat="31.8865604" lon="118.8152129">
   </trkpt>
   <trkpt lat="31.8865624" lon="118.8152176">
   </trkpt>
   <trkpt lat="31.8865644" lon="118.8152223">
   </trkpt>
   <trkpt lat="31.8865664" lon="118.8152270">
   </trkpt>
   <trkpt lat="31.8865685" lon="118.8152318">
   </trkpt>
   <trkpt lat="31.8865705" lon="118.8152365">
   </trkpt>
   <trkpt lat="31.8865725" lon="118.8152412">
   </trkpt>
   <trkpt lat="31.8865745" lon="118.8152459">
   </trkpt>
   <trkpt lat="31.8865766" lon="118.8152507">
   </trkpt>
   <trkpt lat="31.8865786" lon="118.8152554">
   </trkpt>
   <trkpt lat="31.8865806" lon="118.8152601">
   </trkpt>
   <trkpt lat="31.8865826" lon="118.8152648">
   </trkpt>
   <trkpt lat="31.8865847" lon="118.8152695">
   </trkpt>
   <trkpt lat="31.8865867" lon="118.8152743">
   </trkpt>
   <trkpt lat="31.8865887" lon="118.8152790">
   </trkpt>
   <trkpt lat="31.8865907" lon="118.8152837">
   </trkpt>
   <trkpt lat="31.8865928" lon="118.8152884">
   </trkpt>
   <trkpt lat="31.8865948" lon="118.8152932">
   </trkpt>
   <trkpt lat="31.8865968" lon="118.8152979">
   </trkpt>
   <trkpt lat="31.8865988" lon="118.8153026">
   </trkpt>
   <trkpt lat="31.8866009" lon="118.8153073">
   </trkpt>
   <trkpt lat="31.8866029" lon="118.8153120">
   </trkpt>
   <trkpt lat="31.8866049" lon="118.8153168">
   </trkpt>
   <trkpt lat="31.8866069" lon="118.8153215">
   </trkpt>
   <trkpt lat="31.8866090" lon="118.8153262">
   </trkpt>
   <trkpt lat="31.8866110" lon="118.8153309">
   </trkpt>
   <trkpt lat="31.8866130" lon="118.8153357">
   </trkpt>
   <trkpt lat="31.8866150" lon="118.8153404">
   </trkpt>
   <trkpt lat="31.8866171" lon="118.8153451">
   </trkpt>
   <trkpt lat="31.8866191" lon="118.8153498">
   </trkpt>
   <trkpt lat="31.8866211" lon="118.8153545">
   </trkpt>
   <trkpt lat="31.8866231" lon="118.8153593">
   </trkpt>
   <trkpt lat="31.8866252" lon="118.8153640">
   </trkpt>
   <trkpt lat="31.8866272" lon="118.8153687">
   </trkpt>
   <trkpt lat="31.8866292" lon="118.8153734">
   </trkpt>
   <trkpt lat="31.8866312" lon="118.8153781">
   </trkpt>
   <trkpt lat="31.8866333" lon="118.8153829">
   </trkpt>
   <trkpt lat="31.8866353" lon="118.8153876">
   </trkpt>
   <trkpt lat="31.8866373" lon="118.8153923">
   </trkpt>
   <trkpt lat="31.8866393" lon="118.8153970">
   </trkpt>
   <trkpt lat="31.8866414" lon="118.8154018">
   </trkpt>
   <trkpt lat="31.8866434" lon="118.8154065">
   </trkpt>
   <trkpt lat="31.8866454" lon="118.8154112">
   </trkpt>
   <trkpt lat="31.8866474" lon="118.8154159">
   </trkpt>
   <trkpt lat="31.8866495" lon="118.8154206">
   </trkpt>
   <trkpt lat="31.8866515" lon="118.8154254">
   </trkpt>
   <trkpt lat="31.8866535" lon="118.8154301">
   </trkpt>
   <trkpt lat="31.8866555" lon="118.8154348">
   </trkpt>
   <trkpt lat="31.8866576" lon="118.8154395">
   </trkpt>
   <trkpt lat="31.8866596" lon="118.8154443">
   </trkpt>
   <trkpt lat="31.8866616" lon="118.8154490">
   </trkpt>
   <trkpt lat="31.8866636" lon="118.8154537">
   </trkpt>
   <trkpt lat="31.8866657" lon="118.8154584">
   </trkpt>
   <trkpt lat="31.8866677" lon="118.8154631">
   </trkpt>
   <trkpt lat="31.8866697" lon="118.8154679">
   </trkpt>
   <trkpt lat="31.8866717" lon="118.8154726">
   </trkpt>
   <trkpt lat="31.8866738" lon="118.8154773">
   </trkpt>
   <trkpt lat="31.8866758" lon="118.8154820">
   </trkpt>
   <trkpt lat="31.8866778" lon="118.8154867">
   </trkpt>
   <trkpt lat="31.8866798" lon="118.8154915">
   </trkpt>
   <trkpt lat="31.8866819" lon="118.8154962">
   </trkpt>
   <trkpt lat="31.8866839" lon="118.8155009">
   </trkpt>
   <trkpt lat="31.8866859" lon="118.8155056">
   </trkpt>
   <trkpt lat="31.8866879" lon="118.8155104">
   </trkpt>
   <trkpt lat="31.8866900" lon="118.8155151">
   </trkpt>
   <trkpt lat="31.8866920" lon="118.8155198">
   </trkpt>
   <trkpt lat="31.8866940" lon="118.8155245">
   </trkpt>
   <trkpt lat="31.8866960" lon="118.8155292">
   </trkpt>
   <trkpt lat="31.8866981" lon="118.8155340">
   </trkpt>
   <trkpt lat="31.8867001" lon="118.8155387">
   </trkpt>
   <trkpt lat="31.8867021" lon="118.8155434">
   </trkpt>
   <trkpt lat="31.8867041" lon="118.8155481">
   </trkpt>
   <trkpt lat="31.8867062" lon="118.8155529">
   </trkpt>
   <trkpt lat="31.8867082" lon="118.8155576">
   </trkpt>
   <trkpt lat="31.8867102" lon="118.8155623">
   </trkpt>
   <trkpt lat="31.8867127" lon="118.8155667">
   </trkpt>
   <trkpt lat="31.8867153" lon="118.8155710">
   </trkpt>
   <trkpt lat="31.8867180" lon="118.8155752">
   </trkpt>
   <trkpt lat="31.8867207" lon="118.8155795">
   </trkpt>
   <trkpt lat="31.8867233" lon="118.8155837">
   </trkpt>
   <trkpt lat="31.8867260" lon="118.8155880">
   </trkpt>
   <trkpt lat="31.8867287" lon="118.8155922">
   </trkpt>
   <trkpt lat="31.8867314" lon="118.8155965">
   </trkpt>
   <trkpt lat="31.8867340" lon="118.8156007">
   </trkpt>
   <trkpt lat="31.8867367" lon="118.8156050">
   </trkpt>
   <trkpt lat="31.8867394" lon="118.8156093">
   </trkpt>
   <trkpt lat="31.8867420" lon="118.8156135">
   </trkpt>
   <trkpt lat="31.8867447" lon="118.8156178">
   </trkpt>
   <trkpt lat="31.8867474" lon="118.8156220">
   </trkpt>
   <trkpt lat="31.8867500" lon="118.8156263">
   </trkpt>
   <trkpt lat="31.8867527" lon="118.8156305">
   </trkpt>
   <trkpt lat="31.8867554" lon="118.8156348">
   </trkpt>
   <trkpt lat="31.8867580" lon="118.8156390">
   </trkpt>
   <trkpt lat="31.8867607" lon="118.8156433">
   </trkpt>
   <trkpt lat="31.8867634" lon="118.8156475">
   </trkpt>
   <trkpt lat="31.8867661" lon="118.8156518">
   </trkpt>
   <trkpt lat="31.8867687" lon="118.8156561">
   </trkpt>
   <trkpt lat="31.8867714" lon="118.8156603">
   </trkpt>
   <trkpt lat="31.8867741" lon="118.8156646">
   </trkpt>
   <trkpt lat="31.8867767" lon="118.8156688">
   </trkpt>
   <trkpt lat="31.8867794" lon="118.8156731">
   </trkpt>
   <trkpt lat="31.8867821" lon="118.8156773">
   </trkpt>
   <trkpt lat="31.8867847" lon="118.8156816">
   </trkpt>
   <trkpt lat="31.8867874" lon="118.8156858">
   </trkpt>
   <trkpt lat="31.8867901" lon="118.8156901">
   </trkpt>
   <trkpt lat="31.8867928" lon="118.8156943">
   </trkpt>
   <trkpt lat="31.8867954" lon="118.8156986">
   </trkpt>
   <trkpt lat="31.8867981" lon="118.8157028">
   </trkpt>
   <trkpt lat="31.8868008" lon="118.8157071">
   </trkpt>
   <trkpt lat="31.8868034" lon="118.8157114">
   </trkpt>
   <trkpt lat="31.8868061" lon="118.8157156">
   </trkpt>
   <trkpt lat="31.8868088" lon="118.8157199">
   </trkpt>
   <trkpt lat="31.8868114" lon="118.8157241">
   </trkpt>
   <trkpt lat="31.8868141" lon="118.8157284">
   </trkpt>
   <trkpt lat="31.8868168" lon="118.8157326">
   </trkpt>
   <trkpt lat="31.8868194" lon="118.8157369">
   </trkpt>
   <trkpt lat="31.8868221" lon="118.8157411">
   </trkpt>
   <trkpt lat="31.8868248" lon="118.8157454">
   </trkpt>
   <trkpt lat="31.8868275" lon="118.8157496">
   </trkpt>
   <trkpt lat="31.8868301" lon="118.8157539">
   </trkpt>
   <trkpt lat="31.8868328" lon="118.8157582">
   </trkpt>
   <trkpt lat="31.8868355" lon="118.8157624">
   </trkpt>
   <trkpt lat="31.8868381" lon="118.8157667">
   </trkpt>
   <trkpt lat="31.8868408" lon="118.8157709">
   </trkpt>
   <trkpt lat="31.8868435" lon="118.8157752">
   </trkpt>
   <trkpt lat="31.8868461" lon="118.8157794">
   </trkpt>
   <trkpt lat="31.8868488" lon="118.8157837">
   </trkpt>
   <trkpt lat="31.8868515" lon="118.8157879">
   </trkpt>
   <trkpt lat="31.8868542" lon="118.8157922">
   </trkpt>
   <trkpt lat="31.8868568" lon="118.8157964">
   </trkpt>
   <trkpt lat="31.8868595" lon="118.8158007">
   </trkpt>
   <trkpt lat="31.8868622" lon="118.8158049">
   </trkpt>
   <trkpt lat="31.8868648" lon="118.8158092">
   </trkpt>
   <trkpt lat="31.8868675" lon="118.8158135">
   </trkpt>
   <trkpt lat="31.8868702" lon="118.8158177">
   </trkpt>
   <trkpt lat="31.8868728" lon="118.8158220">
   </trkpt>
   <trkpt lat="31.8868755" lon="118.8158262">
   </trkpt>
   <trkpt lat="31.8868782" lon="118.8158305">
   </trkpt>
   <trkpt lat="31.8868808" lon="118.8158347">
   </trkpt>
   <trkpt lat="31.8868835" lon="118.8158390">
   </trkpt>
   <trkpt lat="31.8868862" lon="118.8158432">
   </trkpt>
   <trkpt lat="31.8868889" lon="118.8158475">
   </trkpt>
   <trkpt lat="31.8868915" lon="118.8158517">
   </trkpt>
   <trkpt lat="31.8868942" lon="118.8158560">
   </trkpt>
   <trkpt lat="31.8868969" lon="118.8158603">
   </trkpt>
   <trkpt lat="31.8868995" lon="118.8158645">
   </trkpt>
   <trkpt lat="31.8869022" lon="118.8158688">
   </trkpt>
   <trkpt lat="31.8869049" lon="118.8158730">
   </trkpt>
   <trkpt lat="31.8869075" lon="118.8158773">
   </trkpt>
   <trkpt lat="31.8869102" lon="118.8158815">
   </trkpt>
   <trkpt lat="31.8869129" lon="118.8158858">
   </trkpt>
   <trkpt lat="31.8869156" lon="118.8158900">
   </trkpt>
   <trkpt lat="31.8869182" lon="118.8158943">
   </trkpt>
   <trkpt lat="31.8869209" lon="118.8158985">
   </trkpt>
   <trkpt lat="31.8869236" lon="118.8159028">
   </trkpt>
   <trkpt lat="31.8869262" lon="118.8159070">
   </trkpt>
   <trkpt lat="31.8869289" lon="118.8159113">
   </trkpt>
   <trkpt lat="31.8869316" lon="118.8159156">
   </trkpt>
   <trkpt lat="31.8869342" lon="118.8159198">
   </trkpt>
   <trkpt lat="31.8869369" lon="118.8159241">
   </trkpt>
   <trkpt lat="31.8869396" lon="118.8159283">
   </trkpt>
   <trkpt lat="31.8869423" lon="118.8159326">
   </trkpt>
   <trkpt lat="31.8869455" lon="118.8159362">
   </trkpt>
   <trkpt lat="31.8869487" lon="118.8159399">
   </trkpt>
   <trkpt lat="31.8869520" lon="118.8159436">
   </trkpt>
   <trkpt lat="31.8869552" lon="118.8159472">
   </trkpt>
   <trkpt lat="31.8869584" lon="118.8159509">
   </trkpt>
   <trkpt lat="31.8869617" lon="118.8159546">
   </trkpt>
   <trkpt lat="31.8869649" lon="118.8159582">
   </trkpt>
   <trkpt lat="31.8869681" lon="118.8159619">
   </trkpt>
   <trkpt lat="31.8869714" lon="118.8159656">
   </trkpt>
   <trkpt lat="31.8869746" lon="118.8159693">
   </trkpt>
   <trkpt lat="31.8869778" lon="118.8159729">
   </trkpt>
   <trkpt lat="31.8869811" lon="118.8159766">
   </trkpt>
   <trkpt lat="31.8869843" lon="118.8159803">
   </trkpt>
   <trkpt lat="31.8869876" lon="118.8159839">
   </trkpt>
   <trkpt lat="31.8869908" lon="118.8159876">
   </trkpt>
   <trkpt lat="31.8869940" lon="118.8159913">
   </trkpt>
   <trkpt lat="31.8869973" lon="118.8159949">
   </trkpt>
   <trkpt lat="31.8870005" lon="118.8159986">
   </trkpt>
   <trkpt lat="31.8870037" lon="118.8160023">
   </trkpt>
   <trkpt lat="31.8870070" lon="118.8160059">
   </trkpt>
   <trkpt lat="31.8870102" lon="118.8160096">
   </trkpt>
   <trkpt lat="31.8870135" lon="118.8160133">
   </trkpt>
   <trkpt lat="31.8870167" lon="118.8160169">
   </trkpt>
   <trkpt lat="31.8870199" lon="118.8160206">
   </trkpt>
   <trkpt lat="31.8870232" lon="118.8160243">
   </trkpt>
   <trkpt lat="31.8870264" lon="118.8160279">
   </trkpt>
   <trkpt lat="31.8870297" lon="118.8160316">
   </trkpt>
   <trkpt lat="31.8870329" lon="118.8160352">
   </trkpt>
   <trkpt lat="31.8870361" lon="118.8160389">
   </trkpt>
   <trkpt lat="31.8870394" lon="118.8160426">
   </trkpt>
   <trkpt lat="31.8870426" lon="118.8160462">
   </trkpt>
   <trkpt lat="31.8870458" lon="118.8160499">
   </trkpt>
   <trkpt lat="31.8870491" lon="118.8160536">
   </trkpt>
   <trkpt lat="31.8870523" lon="118.8160572">
   </trkpt>
   <trkpt lat="31.8870556" lon="118.8160609">
   </trkpt>
   <trkpt lat="31.8870588" lon="118.8160646">
   </trkpt>
   <trkpt lat="31.8870620" lon="118.8160682">
   </trkpt>
   <trkpt lat="31.8870653" lon="118.8160719">
   </trkpt>
   <trkpt lat="31.8870685" lon="118.8160756">
   </trkpt>
   <trkpt lat="31.8870718" lon="118.8160792">
   </trkpt>
   <trkpt lat="31.8870750" lon="118.8160829">
   </trkpt>
   <trkpt lat="31.8870782" lon="118.8160866">
   </trkpt>
   <trkpt lat="31.8870815" lon="118.8160902">
   </trkpt>
   <trkpt lat="31.8870847" lon="118.8160939">
   </trkpt>
   <trkpt lat="31.8870879" lon="118.8160976">
   </trkpt>
   <trkpt lat="31.8870912" lon="118.8161012">
   </trkpt>
   <trkpt lat="31.8870944" lon="118.8161049">
   </trkpt>
   <trkpt lat="31.8870977" lon="118.8161086">
   </trkpt>
   <trkpt lat="31.8871009" lon="118.8161122">
   </trkpt>
   <trkpt lat="31.8871041" lon="118.8161159">
   </trkpt>
   <trkpt lat="31.8871074" lon="118.8161196">
   </trkpt>
   <trkpt lat="31.8871106" lon="118.8161232">
   </trkpt>
   <trkpt lat="31.8871139" lon="118.8161269">
   </trkpt>
   <trkpt lat="31.8871171" lon="118.8161306">
   </trkpt>
   <trkpt lat="31.8871203" lon="118.8161342">
   </trkpt>
   <trkpt lat="31.8871236" lon="118.8161379">
   </trkpt>
   <trkpt lat="31.8871268" lon="118.8161416">
   </trkpt>
   <trkpt lat="31.8871300" lon="118.8161452">
   </trkpt>
   <trkpt lat="31.8871333" lon="118.8161489">
   </trkpt>
   <trkpt lat="31.8871365" lon="118.8161525">
   </trkpt>
   <trkpt lat="31.8871398" lon="118.8161562">
   </trkpt>
   <trkpt lat="31.8871430" lon="118.8161599">
   </trkpt>
   <trkpt lat="31.8871462" lon="118.8161635">
   </trkpt>
   <trkpt lat="31.8871495" lon="118.8161672">
   </trkpt>
   <trkpt lat="31.8871527" lon="118.8161709">
   </trkpt>
   <trkpt lat="31.8871560" lon="118.8161745">
   </trkpt>
   <trkpt lat="31.8871592" lon="118.8161782">
   </trkpt>
   <trkpt lat="31.8871624" lon="118.8161819">
   </trkpt>
   <trkpt lat="31.8871657" lon="118.8161855">
   </trkpt>
   <trkpt lat="31.8871689" lon="118.8161892">
   </trkpt>
   <trkpt lat="31.8871721" lon="118.8161929">
   </trkpt>
   <trkpt lat="31.8871754" lon="118.8161965">
   </trkpt>
   <trkpt lat="31.8871786" lon="118.8162002">
   </trkpt>
   <trkpt lat="31.8871819" lon="118.8162039">
   </trkpt>
   <trkpt lat="31.8871851" lon="118.8162075">
   </trkpt>
   <trkpt lat="31.8871883" lon="118.8162112">
   </trkpt>
   <trkpt lat="31.8871916" lon="118.8162149">
   </trkpt>
   <trkpt lat="31.8871948" lon="118.8162185">
   </trkpt>
   <trkpt lat="31.8871981" lon="118.8162222">
   </trkpt>
   <trkpt lat="31.8872013" lon="118.8162259">
   </trkpt>
   <trkpt lat="31.8872045" lon="118.8162295">
   </trkpt>
   <trkpt lat="31.8872078" lon="118.8162332">
   </trkpt>
   <trkpt lat="31.8872110" lon="118.8162369">
   </trkpt>
   <trkpt lat="31.8872142" lon="118.8162405">
   </trkpt>
   <trkpt lat="31.8872175" lon="118.8162442">
   </trkpt>
   <trkpt lat="31.8872207" lon="118.8162479">
   </trkpt>
   <trkpt lat="31.8872241" lon="118.8162513">
   </trkpt>
   <trkpt lat="31.8872279" lon="118.8162542">
   </trkpt>
   <trkpt lat="31.8872316" lon="118.8162572">
   </trkpt>
   <trkpt lat="31.8872353" lon="118.8162602">
   </trkpt>
   <trkpt lat="31.8872390" lon="118.8162632">
   </trkpt>
   <trkpt lat="31.8872427" lon="118.8162661">
   </trkpt>
   <trkpt lat="31.8872464" lon="118.8162691">
   </trkpt>
   <trkpt lat="31.8872501" lon="118.8162721">
   </trkpt>
   <trkpt lat="31.8872538" lon="118.8162751">
   </trkpt>
   <trkpt lat="31.8872576" lon="118.8162780">
   </trkpt>
   <trkpt lat="31.8872613" lon="118.8162810">
   </trkpt>
   <trkpt lat="31.8872650" lon="118.8162840">
   </trkpt>
   <trkpt lat="31.8872687" lon="118.8162870">
   </trkpt>
   <trkpt lat="31.8872724" lon="118.8162899">
   </trkpt>
   <trkpt lat="31.8872761" lon="118.8162929">
   </trkpt>
   <trkpt lat="31.8872798" lon="118.8162959">
   </trkpt>
   <trkpt lat="31.8872836" lon="118.8162989">
   </trkpt>
   <trkpt lat="31.8872873" lon="118.8163018">
   </trkpt>
   <trkpt lat="31.8872910" lon="118.8163048">
   </trkpt>
   <trkpt lat="31.8872947" lon="118.8163078">
   </trkpt>
   <trkpt lat="31.8872984" lon="118.8163108">
   </trkpt>
   <trkpt lat="31.8873021" lon="118.8163137">
   </trkpt>
   <trkpt lat="31.8873059" lon="118.8163167">
   </trkpt>
   <trkpt lat="31.8873096" lon="118.8163197">
   </trkpt>
   <trkpt lat="31.8873133" lon="118.8163226">
   </trkpt>
   <trkpt lat="31.8873170" lon="118.8163256">
   </trkpt>
   <trkpt lat="31.8873207" lon="118.8163286">
   </trkpt>
   <trkpt lat="31.8873244" lon="118.8163316">
   </trkpt>
   <trkpt lat="31.8873281" lon="118.8163345">
   </trkpt>
   <trkpt lat="31.8873319" lon="118.8163375">
   </trkpt>
   <trkpt lat="31.8873356" lon="118.8163405">
   </trkpt>
   <trkpt lat="31.8873393" lon="118.8163435">
   </trkpt>
   <trkpt lat="31.8873430" lon="118.8163464">
   </trkpt>
   <trkpt lat="31.8873467" lon="118.8163494">
   </trkpt>
   <trkpt lat="31.8873504" lon="118.8163524">
   </trkpt>
   <trkpt lat="31.8873541" lon="118.8163554">
   </trkpt>
   <trkpt lat="31.8873579" lon="118.8163583">
   </trkpt>
   <trkpt lat="31.8873616" lon="118.8163613">
   </trkpt>
   <trkpt lat="31.8873653" lon="118.8163643">
   </trkpt>
   <trkpt lat="31.8873690" lon="118.8163673">
   </trkpt>
   <trkpt lat="31.8873727" lon="118.8163702">
   </trkpt>
   <trkpt lat="31.8873764" lon="118.8163732">
   </trkpt>
   <trkpt lat="31.8873801" lon="118.8163762">
   </trkpt>
   <trkpt lat="31.8873839" lon="118.8163791">
   </trkpt>
   <trkpt lat="31.8873876" lon="118.8163821">
   </trkpt>
   <trkpt lat="31.8873913" lon="118.8163851">
   </trkpt>
   <trkpt lat="31.8873950" lon="118.8163881">
   </trkpt>
   <trkpt lat="31.8873987" lon="118.8163910">
   </trkpt>
   <trkpt lat="31.8874024" lon="118.8163940">
   </trkpt>
   <trkpt lat="31.8874061" lon="118.8163970">
   </trkpt>
   <trkpt lat="31.8874099" lon="118.8164000">
   </trkpt>
   <trkpt lat="31.8874136" lon="118.8164029">
   </trkpt>
   <trkpt lat="31.8874173" lon="118.8164059">
   </trkpt>
   <trkpt lat="31.8874210" lon="118.8164089">
   </trkpt>
   <trkpt lat="31.8874247" lon="118.8164119">
   </trkpt>
   <trkpt lat="31.8874284" lon="118.8164148">
   </trkpt>
   <trkpt lat="31.8874321" lon="118.8164178">
   </trkpt>
   <trkpt lat="31.8874359" lon="118.8164208">
   </trkpt>
   <trkpt lat="31.8874396" lon="118.8164238">
   </trkpt>
   <trkpt lat="31.8874433" lon="118.8164267">
   </trkpt>
   <trkpt lat="31.8874470" lon="118.8164297">
   </trkpt>
   <trkpt lat="31.8874507" lon="118.8164327">
   </trkpt>
   <trkpt lat="31.8874544" lon="118.8164357">
   </trkpt>
   <trkpt lat="31.8874581" lon="118.8164386">
   </trkpt>
   <trkpt lat="31.8874619" lon="118.8164416">
   </trkpt>
   <trkpt lat="31.8874656" lon="118.8164446">
   </trkpt>
   <trkpt lat="31.8874693" lon="118.8164476">
   </trkpt>
   <trkpt lat="31.8874730" lon="118.8164505">
   </trkpt>
   <trkpt lat="31.8874767" lon="118.8164535">
   </trkpt>
   <trkpt lat="31.8874804" lon="118.8164565">
   </trkpt>
   <trkpt lat="31.8874841" lon="118.8164595">
   </trkpt>
   <trkpt lat="31.8874879" lon="118.8164624">
   </trkpt>
   <trkpt lat="31.8874916" lon="118.8164654">
   </trkpt>
   <trkpt lat="31.8874953" lon="118.8164684">
   </trkpt>
   <trkpt lat="31.8874990" lon="118.8164714">
   </trkpt>
   <trkpt lat="31.8875027" lon="118.8164743">
   </trkpt>
   <trkpt lat="31.8875064" lon="118.8164773">
   </trkpt>
   <trkpt lat="31.8875101" lon="118.8164803">
   </trkpt>
   <trkpt lat="31.8875139" lon="118.8164832">
   </trkpt>
   <trkpt lat="31.8875176" lon="118.8164862">
   </trkpt>
   <trkpt lat="31.8875213" lon="118.8164892">
   </trkpt>
   <trkpt lat="31.8875250" lon="118.8164922">
   </trkpt>
   <trkpt lat="31.8875287" lon="118.8164951">
   </trkpt>
   <trkpt lat="31.8875324" lon="118.8164981">
   </trkpt>
   <trkpt lat="31.8875362" lon="118.8165011">
   </trkpt>
   <trkpt lat="31.8875399" lon="118.8165041">
   </trkpt>
   <trkpt lat="31.8875436" lon="118.8165070">
   </trkpt>
   <trkpt lat="31.8875476" lon="118.8165094">
   </trkpt>
   <trkpt lat="31.8875517" lon="118.8165116">
   </trkpt>
   <trkpt lat="31.8875558" lon="118.8165138">
   </trkpt>
   <trkpt lat="31.8875598" lon="118.8165160">
   </trkpt>
   <trkpt lat="31.8875639" lon="118.8165182">
   </trkpt>
   <trkpt lat="31.8875680" lon="118.8165204">
   </trkpt>
   <trkpt lat="31.8875721" lon="118.8165226">
   </trkpt>
   <trkpt lat="31.8875762" lon="118.8165248">
   </trkpt>
   <trkpt lat="31.8875803" lon="118.8165270">
   </trkpt>
   <trkpt lat="31.8875844" lon="118.8165292">
   </trkpt>
   <trkpt lat="31.8875884" lon="118.8165314">
   </trkpt>
   <trkpt lat="31.8875925" lon="118.8165336">
   </trkpt>
   <trkpt lat="31.8875966" lon="118.8165358">
   </trkpt>
   <trkpt lat="31.8876007" lon="118.8165380">
   </trkpt>
   <trkpt lat="31.8876048" lon="118.8165402">
   </trkpt>
   <trkpt lat="31.8876089" lon="118.8165424">
   </trkpt>
   <trkpt lat="31.8876130" lon="118.8165446">
   </trkpt>
   <trkpt lat="31.8876170" lon="118.8165468">
   </trkpt>
   <trkpt lat="31.8876211" lon="118.8165490">
   </trkpt>
   <trkpt lat="31.8876252" lon="118.8165512">
   </trkpt>
   <trkpt lat="31.8876293" lon="118.8165534">
   </trkpt>
   <trkpt lat="31.8876334" lon="118.8165556">
   </trkpt>
   <trkpt lat="31.8876375" lon="118.8165578">
   </trkpt>
   <trkpt lat="31.8876416" lon="118.8165600">
   </trkpt>
   <trkpt lat="31.8876456" lon="118.8165622">
   </trkpt>
   <trkpt lat="31.8876497" lon="118.8165643">
   </trkpt>
   <trkpt lat="31.8876538" lon="118.8165665">
   </trkpt>
   <trkpt lat="31.8876579" lon="118.8165687">
   </trkpt>
   <trkpt lat="31.8876620" lon="118.8165709">
   </trkpt>
   <trkpt lat="31.8876661" lon="118.8165731">
   </trkpt>
   <trkpt lat="31.8876702" lon="118.8165753">
   </trkpt>
   <trkpt lat="31.8876742" lon="118.8165775">
   </trkpt>
   <trkpt lat="31.8876783" lon="118.8165797">
   </trkpt>
   <trkpt lat="31.8876824" lon="118.8165819">
   </trkpt>
   <trkpt lat="31.8876865" lon="118.8165841">
   </trkpt>
   <trkpt lat="31.8876906" lon="118.8165863">
   </trkpt>
   <trkpt lat="31.8876947" lon="118.8165885">
   </trkpt>
   <trkpt lat="31.8876988" lon="118.8165907">
   </trkpt>
   <trkpt lat="31.8877028" lon="118.8165929">
   </trkpt>
   <trkpt lat="31.8877069" lon="118.8165951">
   </trkpt>
   <trkpt lat="31.8877110" lon="118.8165973">
   </trkpt>
   <trkpt lat="31.8877151" lon="118.8165995">
   </trkpt>
   <trkpt lat="31.8877192" lon="118.8166017">
   </trkpt>
   <trkpt lat="31.8877233" lon="118.8166039">
   </trkpt>
   <trkpt lat="31.8877274" lon="118.8166061">
   </trkpt>
   <trkpt lat="31.8877314" lon="118.8166083">
   </trkpt>
   <trkpt lat="31.8877355" lon="118.8166105">
   </trkpt>
   <trkpt lat="31.8877396" lon="118.8166127">
   </trkpt>
   <trkpt lat="31.8877437" lon="118.8166149">
   </trkpt>
   <trkpt lat="31.8877478" lon="118.8166171">
   </trkpt>
   <trkpt lat="31.8877519" lon="118.8166193">
   </trkpt>
   <trkpt lat="31.8877560" lon="118.8166215">
   </trkpt>
   <trkpt lat="31.8877600" lon="118.8166237">
   </trkpt>
   <trkpt lat="31.8877641" lon="118.8166259">
   </trkpt>
   <trkpt lat="31.8877682" lon="118.8166281">
   </trkpt>
   <trkpt lat="31.8877723" lon="118.8166303">
   </trkpt>
   <trkpt lat="31.8877764" lon="118.8166325">
   </trkpt>
   <trkpt lat="31.8877805" lon="118.8166347">
   </trkpt>
   <trkpt lat="31.8877846" lon="118.8166369">
   </trkpt>
   <trkpt lat="31.8877886" lon="118.8166391">
   </trkpt>
   <trkpt lat="31.8877927" lon="118.8166413">
   </trkpt>
   <trkpt lat="31.8877968" lon="118.8166435">
   </trkpt>
   <trkpt lat="31.8878009" lon="118.8166457">
   </trkpt>
   <trkpt lat="31.8878050" lon="118.8166479">
   </trkpt>
   <trkpt lat="31.8878091" lon="118.8166501">
   </trkpt>
   <trkpt lat="31.8878132" lon="118.8166522">
   </trkpt>
   <trkpt lat="31.8878172" lon="118.8166544">
   </trkpt>
   <trkpt lat="31.8878213" lon="118.8166566">
   </trkpt>
   <trkpt lat="31.8878254" lon="118.8166588">
   </trkpt>
   <trkpt lat="31.8878295" lon="118.8166610">
   </trkpt>
   <trkpt lat="31.8878336" lon="118.8166632">
   </trkpt>
   <trkpt lat="31.8878377" lon="118.8166654">
   </trkpt>
   <trkpt lat="31.8878418" lon="118.8166676">
   </trkpt>
   <trkpt lat="31.8878458" lon="118.8166698">
   </trkpt>
   <trkpt lat="31.8878499" lon="118.8166720">
   </trkpt>
   <trkpt lat="31.8878540" lon="118.8166742">
   </trkpt>
   <trkpt lat="31.8878581" lon="118.8166764">
   </trkpt>
   <trkpt lat="31.8878622" lon="118.8166786">
   </trkpt>
   <trkpt lat="31.8878663" lon="118.8166808">
   </trkpt>
   <trkpt lat="31.8878704" lon="118.8166830">
   </trkpt>
   <trkpt lat="31.8878744" lon="118.8166852">
   </trkpt>
   <trkpt lat="31.8878785" lon="118.8166874">
   </trkpt>
   <trkpt lat="31.8878826" lon="118.8166896">
   </trkpt>
   <trkpt lat="31.8878867" lon="118.8166918">
   </trkpt>
   <trkpt lat="31.8878908" lon="118.8166940">
   </trkpt>
   <trkpt lat="31.8878949" lon="118.8166962">
   </trkpt>
   <trkpt lat="31.8878990" lon="118.8166983">
   </trkpt>
   <trkpt lat="31.8879033" lon="118.8166996">
   </trkpt>
   <trkpt lat="31.8879077" lon="118.8167010">
   </trkpt>
   <trkpt lat="31.8879120" lon="118.8167023">
   </trkpt>
   <trkpt lat="31.8879164" lon="118.8167037">
   </trkpt>
   <trkpt lat="31.8879207" lon="118.8167051">
   </trkpt>
   <trkpt lat="31.8879250" lon="118.8167064">
   </trkpt>
   <trkpt lat="31.8879294" lon="118.8167078">
   </trkpt>
   <trkpt lat="31.8879337" lon="118.8167091">
   </trkpt>
   <trkpt lat="31.8879381" lon="118.8167105">
   </trkpt>
   <trkpt lat="31.8879424" lon="118.8167118">
   </trkpt>
   <trkpt lat="31.8879467" lon="118.8167132">
   </trkpt>
   <trkpt lat="31.8879511" lon="118.8167145">
   </trkpt>
   <trkpt lat="31.8879554" lon="118.8167159">
   </trkpt>
   <trkpt lat="31.8879598" lon="118.8167173">
   </trkpt>
   <trkpt lat="31.8879641" lon="118.8167186">
   </trkpt>
   <trkpt lat="31.8879685" lon="118.8167200">
   </trkpt>
   <trkpt lat="31.8879728" lon="118.8167213">
   </trkpt>
   <trkpt lat="31.8879771" lon="118.8167227">
   </trkpt>
   <trkpt lat="31.8879815" lon="118.8167240">
   </trkpt>
   <trkpt lat="31.8879858" lon="118.8167254">
   </trkpt>
   <trkpt lat="31.8879902" lon="118.8167268">
   </trkpt>
   <trkpt lat="31.8879945" lon="118.8167281">
   </trkpt>
   <trkpt lat="31.8879988" lon="118.8167295">
   </trkpt>
   <trkpt lat="31.8880032" lon="118.8167308">
   </trkpt>
   <trkpt lat="31.8880075" lon="118.8167322">
   </trkpt>
   <trkpt lat="31.8880119" lon="118.8167336">
   </trkpt>
   <trkpt lat="31.8880162" lon="118.8167349">
   </trkpt>
   <trkpt lat="31.8880205" lon="118.8167363">
   </trkpt>
   <trkpt lat="31.8880249" lon="118.8167376">
   </trkpt>
   <trkpt lat="31.8880292" lon="118.8167390">
   </trkpt>
   <trkpt lat="31.8880336" lon="118.8167403">
   </trkpt>
   <trkpt lat="31.8880379" lon="118.8167417">
   </trkpt>
   <trkpt lat="31.8880422" lon="118.8167431">
   </trkpt>
   <trkpt lat="31.8880466" lon="118.8167444">
   </trkpt>
   <trkpt lat="31.8880509" lon="118.8167458">
   </trkpt>
   <trkpt lat="31.8880553" lon="118.8167471">
   </trkpt>
   <trkpt lat="31.8880596" lon="118.8167485">
   </trkpt>
   <trkpt lat="31.8880640" lon="118.8167499">
   </trkpt>
   <trkpt lat="31.8880683" lon="118.8167512">
   </trkpt>
   <trkpt lat="31.8880726" lon="118.8167526">
   </trkpt>
   <trkpt lat="31.8880770" lon="118.8167539">
   </trkpt>
   <trkpt lat="31.8880813" lon="118.8167553">
   </trkpt>
   <trkpt lat="31.8880857" lon="118.8167566">
   </trkpt>
   <trkpt lat="31.8880900" lon="118.8167580">
   </trkpt>
   <trkpt lat="31.8880943" lon="118.8167594">
   </trkpt>
   <trkpt lat="31.8880987" lon="118.8167607">
   </trkpt>
   <trkpt lat="31.8881030" lon="118.8167621">
   </trkpt>
   <trkpt lat="31.8881074" lon="118.8167634">
   </trkpt>
   <trkpt lat="31.8881117" lon="118.8167648">
   </trkpt>
   <trkpt lat="31.8881160" lon="118.8167662">
   </trkpt>
   <trkpt lat="31.8881204" lon="118.8167675">
   </trkpt>
   <trkpt lat="31.8881247" lon="118.8167689">
   </trkpt>
   <trkpt lat="31.8881291" lon="118.8167702">
   </trkpt>
   <trkpt lat="31.8881334" lon="118.8167716">
   </trkpt>
   <trkpt lat="31.8881378" lon="118.8167729">
   </trkpt>
   <trkpt lat="31.8881421" lon="118.8167743">
   </trkpt>
   <trkpt lat="31.8881464" lon="118.8167757">
   </trkpt>
   <trkpt lat="31.8881508" lon="118.8167770">
   </trkpt>
   <trkpt lat="31.8881551" lon="118.8167784">
   </trkpt>
   <trkpt lat="31.8881595" lon="118.8167797">
   </trkpt>
   <trkpt lat="31.8881638" lon="118.8167811">
   </trkpt>
   <trkpt lat="31.8881681" lon="118.8167825">
   </trkpt>
   <trkpt lat="31.8881725" lon="118.8167838">
   </trkpt>
   <trkpt lat="31.8881768" lon="118.8167852">
   </trkpt>
   <trkpt lat="31.8881812" lon="118.8167865">
   </trkpt>
   <trkpt lat="31.8881855" lon="118.8167879">
   </trkpt>
   <trkpt lat="31.8881898" lon="118.8167892">
   </trkpt>
   <trkpt lat="31.8881942" lon="118.8167906">
   </trkpt>
   <trkpt lat="31.8881985" lon="118.8167920">
   </trkpt>
   <trkpt lat="31.8882029" lon="118.8167933">
   </trkpt>
   <trkpt lat="31.8882072" lon="118.8167947">
   </trkpt>
   <trkpt lat="31.8882115" lon="118.8167960">
   </trkpt>
   <trkpt lat="31.8882159" lon="118.8167974">
   </trkpt>
   <trkpt lat="31.8882202" lon="118.8167988">
   </trkpt>
   <trkpt lat="31.8882246" lon="118.8168001">
   </trkpt>
   <trkpt lat="31.8882289" lon="118.8168015">
   </trkpt>
   <trkpt lat="31.8882333" lon="118.8168028">
   </trkpt>
   <trkpt lat="31.8882376" lon="118.8168042">
   </trkpt>
   <trkpt lat="31.8882419" lon="118.8168055">
   </trkpt>
   <trkpt lat="31.8882463" lon="118.8168069">
   </trkpt>
   <trkpt lat="31.8882506" lon="118.8168083">
   </trkpt>
   <trkpt lat="31.8882550" lon="118.8168096">
   </trkpt>
   <trkpt lat="31.8882593" lon="118.8168110">
   </trkpt>
   <trkpt lat="31.8882636" lon="118.8168123">
   </trkpt>
   <trkpt lat="31.8882680" lon="118.8168137">
   </trkpt>
   <trkpt lat="31.8882723" lon="118.8168150">
   </trkpt>
   <trkpt lat="31.8882767" lon="118.8168160">
   </trkpt>
   <trkpt lat="31.8882812" lon="118.8168164">
   </trkpt>
   <trkpt lat="31.8882857" lon="118.8168169">
   </trkpt>
   <trkpt lat="31.8882902" lon="118.8168174">
   </trkpt>
   <trkpt lat="31.8882946" lon="118.8168179">
   </trkpt>
   <trkpt lat="31.8882991" lon="118.8168184">
   </trkpt>
   <trkpt lat="31.8883036" lon="118.8168188">
   </trkpt>
   <trkpt lat="31.8883080" lon="118.8168193">
   </trkpt>
   <trkpt lat="31.8883125" lon="118.8168198">
   </trkpt>
   <trkpt lat="31.8883170" lon="118.8168203">
   </trkpt>
   <trkpt lat="31.8883215" lon="118.8168208">
   </trkpt>
   <trkpt lat="31.8883259" lon="118.8168212">
   </trkpt>
   <trkpt lat="31.8883304" lon="118.8168217">
   </trkpt>
   <trkpt lat="31.8883349" lon="118.8168222">
   </trkpt>
   <trkpt lat="31.8883394" lon="118.8168227">
   </trkpt>
   <trkpt lat="31.8883438" lon="118.8168232">
   </trkpt>
   <trkpt lat="31.8883483" lon="118.8168236">
   </trkpt>
   <trkpt lat="31.8883528" lon="118.8168241">
   </trkpt>
   <trkpt lat="31.8883572" lon="118.8168246">
   </trkpt>
   <trkpt lat="31.8883617" lon="118.8168251">
   </trkpt>
   <trkpt lat="31.8883662" lon="118.8168256">
   </trkpt>
   <trkpt lat="31.8883707" lon="118.8168260">
   </trkpt>
   <trkpt lat="31.8883751" lon="118.8168265">
   </trkpt>
   <trkpt lat="31.8883796" lon="118.8168270">
   </trkpt>
   <trkpt lat="31.8883841" lon="118.8168275">
   </trkpt>
   <trkpt lat="31.8883886" lon="118.8168280">
   </trkpt>
   <trkpt lat="31.8883930" lon="118.8168285">
   </trkpt>
   <trkpt lat="31.8883975" lon="118.8168289">
   </trkpt>
   <trkpt lat="31.8884020" lon="118.8168294">
   </trkpt>
   <trkpt lat="31.8884064" lon="118.8168299">
   </trkpt>
   <trkpt lat="31.8884109" lon="118.8168304">
   </trkpt>
   <trkpt lat="31.8884154" lon="118.8168309">
   </trkpt>
   <trkpt lat="31.8884199" lon="118.8168313">
   </trkpt>
   <trkpt lat="31.8884243" lon="118.8168318">
   </trkpt>
   <trkpt lat="31.8884288" lon="118.8168323">
   </trkpt>
   <trkpt lat="31.8884333" lon="118.8168328">
   </trkpt>
   <trkpt lat="31.8884378" lon="118.8168333">
   </trkpt>
   <trkpt lat="31.8884422" lon="118.8168337">
   </trkpt>
   <trkpt lat="31.8884467" lon="118.8168342">
   </trkpt>
   <trkpt lat="31.8884512" lon="118.8168347">
   </trkpt>
   <trkpt lat="31.8884557" lon="118.8168352">
   </trkpt>
   <trkpt lat="31.8884601" lon="118.8168357">
   </trkpt>
   <trkpt lat="31.8884646" lon="118.8168361">
   </trkpt>
   <trkpt lat="31.8884691" lon="118.8168366">
   </trkpt>
   <trkpt lat="31.8884735" lon="118.8168371">
   </trkpt>
   <trkpt lat="31.8884780" lon="118.8168376">
   </trkpt>
   <trkpt lat="31.8884825" lon="118.8168381">
   </trkpt>
   <trkpt lat="31.8884870" lon="118.8168386">
   </trkpt>
   <trkpt lat="31.8884914" lon="118.8168390">
   </trkpt>
   <trkpt lat="31.8884959" lon="118.8168395">
   </trkpt>
   <trkpt lat="31.8885004" lon="118.8168400">
   </trkpt>
   <trkpt lat="31.8885049" lon="118.8168405">
   </trkpt>
   <trkpt lat="31.8885093" lon="118.8168410">
   </trkpt>
   <trkpt lat="31.8885138" lon="118.8168414">
   </trkpt>
   <trkpt lat="31.8885183" lon="118.8168419">
   </trkpt>
   <trkpt lat="31.8885227" lon="118.8168424">
   </trkpt>
   <trkpt lat="31.8885272" lon="118.8168429">
   </trkpt>
   <trkpt lat="31.8885317" lon="118.8168434">
   </trkpt>
   <trkpt lat="31.8885362" lon="118.8168438">
   </trkpt>
   <trkpt lat="31.8885406" lon="118.8168443">
   </trkpt>
   <trkpt lat="31.8885451" lon="118.8168448">
   </trkpt>
   <trkpt lat="31.8885496" lon="118.8168453">
   </trkpt>
   <trkpt lat="31.8885541" lon="118.8168458">
   </trkpt>
   <trkpt lat="31.8885585" lon="118.8168462">
   </trkpt>
   <trkpt lat="31.8885630" lon="118.8168467">
   </trkpt>
   <trkpt lat="31.8885675" lon="118.8168472">
   </trkpt>
   <trkpt lat="31.8885719" lon="118.8168477">
   </trkpt>
   <trkpt lat="31.8885764" lon="118.8168482">
   </trkpt>
   <trkpt lat="31.8885809" lon="118.8168487">
   </trkpt>
   <trkpt lat="31.8885854" lon="118.8168491">
   </trkpt>
   <trkpt lat="31.8885898" lon="118.8168496">
   </trkpt>
   <trkpt lat="31.8885943" lon="118.8168501">
   </trkpt>
   <trkpt lat="31.8885988" lon="118.8168506">
   </trkpt>
   <trkpt lat="31.8886033" lon="118.8168511">
   </trkpt>
   <trkpt lat="31.8886077" lon="118.8168515">
   </trkpt>
   <trkpt lat="31.8886122" lon="118.8168520">
   </trkpt>
   <trkpt lat="31.8886167" lon="118.8168525">
   </trkpt>
   <trkpt lat="31.8886211" lon="118.8168530">
   </trkpt>
   <trkpt lat="31.8886256" lon="118.8168535">
   </trkpt>
   <trkpt lat="31.8886301" lon="118.8168540">
   </trkpt>
   <trkpt lat="31.8886346" lon="118.8168544">
   </trkpt>
   <trkpt lat="31.8886390" lon="118.8168549">
   </trkpt>
   <trkpt lat="31.8886435" lon="118.8168554">
   </trkpt>
   <trkpt lat="31.8886480" lon="118.8168559">
   </trkpt>
   <trkpt lat="31.8886525" lon="118.8168564">
   </trkpt>
   <trkpt lat="31.8886569" lon="118.8168569">
   </trkpt>
   <trkpt lat="31.8886614" lon="118.8168573">
   </trkpt>
   <trkpt lat="31.8886659" lon="118.8168568">
   </trkpt>
   <trkpt lat="31.8886703" lon="118.8168562">
   </trkpt>
   <trkpt lat="31.8886748" lon="118.8168555">
   </trkpt>
   <trkpt lat="31.8886792" lon="118.8168550">
   </trkpt>
   <trkpt lat="31.8886837" lon="118.8168546">
   </trkpt>
   <trkpt lat="31.8886882" lon="118.8168542">
   </trkpt>
   <trkpt lat="31.8886927" lon="118.8168538">
   </trkpt>
   <trkpt lat="31.8886972" lon="118.8168534">
   </trkpt>
   <trkpt lat="31.8887016" lon="118.8168530">
   </trkpt>
   <trkpt lat="31.8887061" lon="118.8168526">
   </trkpt>
   <trkpt lat="31.8887106" lon="118.8168522">
   </trkpt>
   <trkpt lat="31.8887151" lon="118.8168518">
   </trkpt>
   <trkpt lat="31.8887196" lon="118.8168514">
   </trkpt>
   <trkpt lat="31.8887240" lon="118.8168510">
   </trkpt>
   <trkpt lat="31.8887285" lon="118.8168506">
   </trkpt>
   <trkpt lat="31.8887330" lon="118.8168502">
   </trkpt>
   <trkpt lat="31.8887375" lon="118.8168498">
   </trkpt>
   <trkpt lat="31.8887419" lon="118.8168494">
   </trkpt>
   <trkpt lat="31.8887464" lon="118.8168490">
   </trkpt>
   <trkpt lat="31.8887509" lon="118.8168486">
   </trkpt>
   <trkpt lat="31.8887554" lon="118.8168482">
   </trkpt>
   <trkpt lat="31.8887599" lon="118.8168478">
   </trkpt>
   <trkpt lat="31.8887643" lon="118.8168474">
   </trkpt>
   <trkpt lat="31.8887688" lon="118.8168470">
   </trkpt>
   <trkpt lat="31.8887733" lon="118.8168466">
   </trkpt>
   <trkpt lat="31.8887778" lon="118.8168462">
   </trkpt>
   <trkpt lat="31.8887823" lon="118.8168458">
   </trkpt>
   <trkpt lat="31.8887867" lon="118.8168454">
   </trkpt>
   <trkpt lat="31.8887878" lon="118.8168497">
   </trkpt>
   <trkpt lat="31.8887881" lon="118.8168550">
   </trkpt>
   <trkpt lat="31.8887884" lon="118.8168602">
   </trkpt>
   <trkpt lat="31.8887887" lon="118.8168655">
   </trkpt>
   <trkpt lat="31.8887890" lon="118.8168708">
   </trkpt>
   <trkpt lat="31.8887893" lon="118.8168761">
   </trkpt>
   <trkpt lat="31.8887896" lon="118.8168813">
   </trkpt>
   <trkpt lat="31.8887899" lon="118.8168866">
   </trkpt>
   <trkpt lat="31.8887902" lon="118.8168919">
   </trkpt>
   <trkpt lat="31.8887905" lon="118.8168972">
   </trkpt>
   <trkpt lat="31.8887908" lon="118.8169025">
   </trkpt>
   <trkpt lat="31.8887911" lon="118.8169077">
   </trkpt>
   <trkpt lat="31.8887915" lon="118.8169130">
   </trkpt>
   <trkpt lat="31.8887918" lon="118.8169183">
   </trkpt>
   <trkpt lat="31.8887921" lon="118.8169236">
   </trkpt>
   <trkpt lat="31.8887924" lon="118.8169288">
   </trkpt>
   <trkpt lat="31.8887927" lon="118.8169341">
   </trkpt>
   <trkpt lat="31.8887930" lon="118.8169394">
   </trkpt>
   <trkpt lat="31.8887933" lon="118.8169447">
   </trkpt>
   <trkpt lat="31.8887936" lon="118.8169499">
   </trkpt>
   <trkpt lat="31.8887939" lon="118.8169552">
   </trkpt>
   <trkpt lat="31.8887942" lon="118.8169605">
   </trkpt>
   <trkpt lat="31.8887945" lon="118.8169658">
   </trkpt>
   <trkpt lat="31.8887949" lon="118.8169711">
   </trkpt>
   <trkpt lat="31.8887987" lon="118.8169716">
   </trkpt>
   <trkpt lat="31.8888032" lon="118.8169713">
   </trkpt>
   <trkpt lat="31.8888076" lon="118.8169711">
   </trkpt>
   <trkpt lat="31.8888121" lon="118.8169708">
   </trkpt>
   <trkpt lat="31.8888166" lon="118.8169705">
   </trkpt>
   <trkpt lat="31.8888211" lon="118.8169702">
   </trkpt>
   <trkpt lat="31.8888256" lon="118.8169699">
   </trkpt>
   <trkpt lat="31.8888301" lon="118.8169696">
   </trkpt>
   <trkpt lat="31.8888345" lon="118.8169693">
   </trkpt>
   <trkpt lat="31.8888390" lon="118.8169690">
   </trkpt>
   <trkpt lat="31.8888435" lon="118.8169687">
   </trkpt>
   <trkpt lat="31.8888480" lon="118.8169684">
   </trkpt>
   <trkpt lat="31.8888525" lon="118.8169681">
   </trkpt>
   <trkpt lat="31.8888570" lon="118.8169678">
   </trkpt>
   <trkpt lat="31.8888615" lon="118.8169675">
   </trkpt>
   <trkpt lat="31.8888659" lon="118.8169672">
   </trkpt>
   <trkpt lat="31.8888704" lon="118.8169669">
   </trkpt>
   <trkpt lat="31.8888749" lon="118.8169666">
   </trkpt>
   <trkpt lat="31.8888794" lon="118.8169663">
   </trkpt>
   <trkpt lat="31.8888839" lon="118.8169660">
   </trkpt>
   <trkpt lat="31.8888884" lon="118.8169657">
   </trkpt>
   <trkpt lat="31.8888928" lon="118.8169653">
   </trkpt>
   <trkpt lat="31.8888973" lon="118.8169644">
   </trkpt>
   <trkpt lat="31.8889017" lon="118.8169635">
   </trkpt>
   <trkpt lat="31.8889061" lon="118.8169625">
   </trkpt>
   <trkpt lat="31.8889105" lon="118.8169616">
   </trkpt>
   <trkpt lat="31.8889149" lon="118.8169607">
   </trkpt>
   <trkpt lat="31.8889194" lon="118.8169598">
   </trkpt>
   <trkpt lat="31.8889238" lon="118.8169588">
   </trkpt>
   <trkpt lat="31.8889282" lon="118.8169579">
   </trkpt>
   <trkpt lat="31.8889326" lon="118.8169570">
   </trkpt>
   <trkpt lat="31.8889371" lon="118.8169561">
   </trkpt>
   <trkpt lat="31.8889415" lon="118.8169551">
   </trkpt>
   <trkpt lat="31.8889459" lon="118.8169542">
   </trkpt>
   <trkpt lat="31.8889503" lon="118.8169533">
   </trkpt>
   <trkpt lat="31.8889547" lon="118.8169524">
   </trkpt>
   <trkpt lat="31.8889592" lon="118.8169514">
   </trkpt>
   <trkpt lat="31.8889636" lon="118.8169505">
   </trkpt>
   <trkpt lat="31.8889680" lon="118.8169496">
   </trkpt>
   <trkpt lat="31.8889724" lon="118.8169487">
   </trkpt>
   <trkpt lat="31.8889769" lon="118.8169477">
   </trkpt>
   <trkpt lat="31.8889813" lon="118.8169468">
   </trkpt>
   <trkpt lat="31.8889857" lon="118.8169459">
   </trkpt>
   <trkpt lat="31.8889901" lon="118.8169450">
   </trkpt>
   <trkpt lat="31.8889946" lon="118.8169440">
   </trkpt>
   <trkpt lat="31.8889990" lon="118.8169431">
   </trkpt>
   <trkpt lat="31.8890034" lon="118.8169422">
   </trkpt>
   <trkpt lat="31.8890078" lon="118.8169413">
   </trkpt>
   <trkpt lat="31.8890122" lon="118.8169404">
   </trkpt>
   <trkpt lat="31.8890167" lon="118.8169394">
   </trkpt>
   <trkpt lat="31.8890211" lon="118.8169385">
   </trkpt>
   <trkpt lat="31.8890255" lon="118.8169376">
   </trkpt>
   <trkpt lat="31.8890299" lon="118.8169367">
   </trkpt>
   <trkpt lat="31.8890344" lon="118.8169357">
   </trkpt>
   <trkpt lat="31.8890388" lon="118.8169348">
   </trkpt>
   <trkpt lat="31.8890432" lon="118.8169339">
   </trkpt>
   <trkpt lat="31.8890476" lon="118.8169330">
   </trkpt>
   <trkpt lat="31.8890520" lon="118.8169320">
   </trkpt>
   <trkpt lat="31.8890565" lon="118.8169311">
   </trkpt>
   <trkpt lat="31.8890609" lon="118.8169302">
   </trkpt>
   <trkpt lat="31.8890653" lon="118.8169293">
   </trkpt>
   <trkpt lat="31.8890697" lon="118.8169283">
   </trkpt>
   <trkpt lat="31.8890742" lon="118.8169274">
   </trkpt>
   <trkpt lat="31.8890786" lon="118.8169265">
   </trkpt>
   <trkpt lat="31.8890830" lon="118.8169256">
   </trkpt>
   <trkpt lat="31.8890874" lon="118.8169246">
   </trkpt>
   <trkpt lat="31.8890918" lon="118.8169237">
   </trkpt>
   <trkpt lat="31.8890963" lon="118.8169228">
   </trkpt>
   <trkpt lat="31.8891007" lon="118.8169219">
   </trkpt>
   <trkpt lat="31.8891051" lon="118.8169209">
   </trkpt>
   <trkpt lat="31.8891095" lon="118.8169200">
   </trkpt>
   <trkpt lat="31.8891140" lon="118.8169191">
   </trkpt>
   <trkpt lat="31.8891184" lon="118.8169182">
   </trkpt>
   <trkpt lat="31.8891228" lon="118.8169172">
   </trkpt>
   <trkpt lat="31.8891272" lon="118.8169163">
   </trkpt>
   <trkpt lat="31.8891316" lon="118.8169154">
   </trkpt>
   <trkpt lat="31.8891361" lon="118.8169145">
   </trkpt>
   <trkpt lat="31.8891405" lon="118.8169135">
   </trkpt>
   <trkpt lat="31.8891449" lon="118.8169126">
   </trkpt>
   <trkpt lat="31.8891493" lon="118.8169117">
   </trkpt>
   <trkpt lat="31.8891538" lon="118.8169108">
   </trkpt>
   <trkpt lat="31.8891582" lon="118.8169098">
   </trkpt>
   <trkpt lat="31.8891626" lon="118.8169089">
   </trkpt>
   <trkpt lat="31.8891670" lon="118.8169080">
   </trkpt>
   <trkpt lat="31.8891715" lon="118.8169071">
   </trkpt>
   <trkpt lat="31.8891759" lon="118.8169061">
   </trkpt>
   <trkpt lat="31.8891803" lon="118.8169052">
   </trkpt>
   <trkpt lat="31.8891847" lon="118.8169043">
   </trkpt>
   <trkpt lat="31.8891891" lon="118.8169034">
   </trkpt>
   <trkpt lat="31.8891936" lon="118.8169024">
   </trkpt>
   <trkpt lat="31.8891980" lon="118.8169015">
   </trkpt>
   <trkpt lat="31.8892024" lon="118.8169006">
   </trkpt>
   <trkpt lat="31.8892068" lon="118.8168997">
   </trkpt>
   <trkpt lat="31.8892113" lon="118.8168988">
   </trkpt>
   <trkpt lat="31.8892157" lon="118.8168978">
   </trkpt>
   <trkpt lat="31.8892201" lon="118.8168969">
   </trkpt>
   <trkpt lat="31.8892245" lon="118.8168960">
   </trkpt>
   <trkpt lat="31.8892289" lon="118.8168951">
   </trkpt>
   <trkpt lat="31.8892334" lon="118.8168941">
   </trkpt>
   <trkpt lat="31.8892378" lon="118.8168932">
   </trkpt>
   <trkpt lat="31.8892422" lon="118.8168923">
   </trkpt>
   <trkpt lat="31.8892466" lon="118.8168914">
   </trkpt>
   <trkpt lat="31.8892511" lon="118.8168904">
   </trkpt>
   <trkpt lat="31.8892555" lon="118.8168895">
   </trkpt>
   <trkpt lat="31.8892599" lon="118.8168886">
   </trkpt>
   <trkpt lat="31.8892643" lon="118.8168877">
   </trkpt>
   <trkpt lat="31.8892687" lon="118.8168867">
   </trkpt>
   <trkpt lat="31.8892732" lon="118.8168858">
   </trkpt>
   <trkpt lat="31.8892776" lon="118.8168849">
   </trkpt>
   <trkpt lat="31.8892780" lon="118.8168848">
   </trkpt>
  </trkseg>
 </trk>
</gpx>
