<?xml version="1.0" encoding="UTF-8"?>
<gpx xmlns="http://www.topografix.com/GPX/1/1" version="1.1"
     creator="VDM_tracking build_dorm_route.py">
 <trk>
  <name>橘园8舍_to_教学楼1</name>
  <trkseg>
   <trkpt lat="31.8866468" lon="118.8068928">
   </trkpt>
   <trkpt lat="31.8866513" lon="118.8068923">
   </trkpt>
   <trkpt lat="31.8866557" lon="118.8068917">
   </trkpt>
   <trkpt lat="31.8866602" lon="118.8068912">
   </trkpt>
   <trkpt lat="31.8866647" lon="118.8068906">
   </trkpt>
   <trkpt lat="31.8866691" lon="118.8068901">
   </trkpt>
   <trkpt lat="31.8866736" lon="118.8068896">
   </trkpt>
   <trkpt lat="31.8866781" lon="118.8068890">
   </trkpt>
   <trkpt lat="31.8866825" lon="118.8068885">
   </trkpt>
   <trkpt lat="31.8866870" lon="118.8068879">
   </trkpt>
   <trkpt lat="31.8866915" lon="118.8068874">
   </trkpt>
   <trkpt lat="31.8866959" lon="118.8068868">
   </trkpt>
   <trkpt lat="31.8867004" lon="118.8068863">
   </trkpt>
   <trkpt lat="31.8867049" lon="118.8068858">
   </trkpt>
   <trkpt lat="31.8867094" lon="118.8068852">
   </trkpt>
   <trkpt lat="31.8867138" lon="118.8068847">
   </trkpt>
   <trkpt lat="31.8867183" lon="118.8068841">
   </trkpt>
   <trkpt lat="31.8867228" lon="118.8068836">
   </trkpt>
   <trkpt lat="31.8867272" lon="118.8068831">
   </trkpt>
   <trkpt lat="31.8867317" lon="118.8068825">
   </trkpt>
   <trkpt lat="31.8867362" lon="118.8068820">
   </trkpt>
   <trkpt lat="31.8867406" lon="118.8068814">
   </trkpt>
   <trkpt lat="31.8867451" lon="118.8068809">
   </trkpt>
   <trkpt lat="31.8867496" lon="118.8068804">
   </trkpt>
   <trkpt lat="31.8867540" lon="118.8068798">
   </trkpt>
   <trkpt lat="31.8867585" lon="118.8068793">
   </trkpt>
   <trkpt lat="31.8867630" lon="118.8068787">
   </trkpt>
   <trkpt lat="31.8867674" lon="118.8068784">
   </trkpt>
   <trkpt lat="31.8867719" lon="118.8068783">
   </trkpt>
   <trkpt lat="31.8867764" lon="118.8068785">
   </trkpt>
   <trkpt lat="31.8867809" lon="118.8068791">
   </trkpt>
   <trkpt lat="31.8867853" lon="118.8068800">
   </trkpt>
   <trkpt lat="31.8867897" lon="118.8068812">
   </trkpt>
   <trkpt lat="31.8867940" lon="118.8068827">
   </trkpt>
   <trkpt lat="31.8867982" lon="118.8068844">
   </trkpt>
   <trkpt lat="31.8868025" lon="118.8068860">
   </trkpt>
   <trkpt lat="31.8868068" lon="118.8068877">
   </trkpt>
   <trkpt lat="31.8868110" lon="118.8068894">
   </trkpt>
   <trkpt lat="31.8868153" lon="118.8068910">
   </trkpt>
   <trkpt lat="31.8868196" lon="118.8068927">
   </trkpt>
   <trkpt lat="31.8868238" lon="118.8068944">
   </trkpt>
   <trkpt lat="31.8868281" lon="118.8068961">
   </trkpt>
   <trkpt lat="31.8868323" lon="118.8068977">
   </trkpt>
   <trkpt lat="31.8868366" lon="118.8068994">
   </trkpt>
   <trkpt lat="31.8868409" lon="118.8069011">
   </trkpt>
   <trkpt lat="31.8868451" lon="118.8069027">
   </trkpt>
   <trkpt lat="31.8868494" lon="118.8069044">
   </trkpt>
   <trkpt lat="31.8868537" lon="118.8069061">
   </trkpt>
   <trkpt lat="31.8868579" lon="118.8069077">
   </trkpt>
   <trkpt lat="31.8868622" lon="118.8069094">
   </trkpt>
   <trkpt lat="31.8868664" lon="118.8069113">
   </trkpt>
   <trkpt lat="31.8868706" lon="118.8069131">
   </trkpt>
   <trkpt lat="31.8868748" lon="118.8069149">
   </trkpt>
   <trkpt lat="31.8868790" lon="118.8069168">
   </trkpt>
   <trkpt lat="31.8868832" lon="118.8069186">
   </trkpt>
   <trkpt lat="31.8868874" lon="118.8069204">
   </trkpt>
   <trkpt lat="31.8868917" lon="118.8069223">
   </trkpt>
   <trkpt lat="31.8868959" lon="118.8069241">
   </trkpt>
   <trkpt lat="31.8869001" lon="118.8069259">
   </trkpt>
   <trkpt lat="31.8869043" lon="118.8069278">
   </trkpt>
   <trkpt lat="31.8869085" lon="118.8069296">
   </trkpt>
   <trkpt lat="31.8869127" lon="118.8069314">
   </trkpt>
   <trkpt lat="31.8869169" lon="118.8069333">
   </trkpt>
   <trkpt lat="31.8869212" lon="118.8069351">
   </trkpt>
   <trkpt lat="31.8869254" lon="118.8069369">
   </trkpt>
   <trkpt lat="31.8869296" lon="118.8069388">
   </trkpt>
   <trkpt lat="31.8869338" lon="118.8069406">
   </trkpt>
   <trkpt lat="31.8869380" lon="118.8069424">
   </trkpt>
   <trkpt lat="31.8869422" lon="118.8069443">
   </trkpt>
   <trkpt lat="31.8869464" lon="118.8069461">
   </trkpt>
   <trkpt lat="31.8869504" lon="118.8069485">
   </trkpt>
   <trkpt lat="31.8869543" lon="118.8069511">
   </trkpt>
   <trkpt lat="31.8869583" lon="118.8069537">
   </trkpt>
   <trkpt lat="31.8869622" lon="118.8069563">
   </trkpt>
   <trkpt lat="31.8869661" lon="118.8069589">
   </trkpt>
   <trkpt lat="31.8869700" lon="118.8069615">
   </trkpt>
   <trkpt lat="31.8869739" lon="118.8069641">
   </trkpt>
   <trkpt lat="31.8869778" lon="118.8069667">
   </trkpt>
   <trkpt lat="31.8869817" lon="118.8069693">
   </trkpt>
   <trkpt lat="31.8869857" lon="118.8069718">
   </trkpt>
   <trkpt lat="31.8869896" lon="118.8069744">
   </trkpt>
   <trkpt lat="31.8869935" lon="118.8069770">
   </trkpt>
   <trkpt lat="31.8869974" lon="118.8069796">
   </trkpt>
   <trkpt lat="31.8870013" lon="118.8069822">
   </trkpt>
   <trkpt lat="31.8870052" lon="118.8069848">
   </trkpt>
   <trkpt lat="31.8870091" lon="118.8069874">
   </trkpt>
   <trkpt lat="31.8870131" lon="118.8069900">
   </trkpt>
   <trkpt lat="31.8870170" lon="118.8069926">
   </trkpt>
   <trkpt lat="31.8870208" lon="118.8069953">
   </trkpt>
   <trkpt lat="31.8870245" lon="118.8069984">
   </trkpt>
   <trkpt lat="31.8870281" lon="118.8070015">
   </trkpt>
   <trkpt lat="31.8870317" lon="118.8070047">
   </trkpt>
   <trkpt lat="31.8870353" lon="118.8070078">
   </trkpt>
   <trkpt lat="31.8870390" lon="118.8070109">
   </trkpt>
   <trkpt lat="31.8870426" lon="118.8070140">
   </trkpt>
   <trkpt lat="31.8870462" lon="118.8070172">
   </trkpt>
   <trkpt lat="31.8870498" lon="118.8070203">
   </trkpt>
   <trkpt lat="31.8870534" lon="118.8070234">
   </trkpt>
   <trkpt lat="31.8870571" lon="118.8070266">
   </trkpt>
   <trkpt lat="31.8870607" lon="118.8070297">
   </trkpt>
   <trkpt lat="31.8870643" lon="118.8070328">
   </trkpt>
   <trkpt lat="31.8870679" lon="118.8070359">
   </trkpt>
   <trkpt lat="31.8870715" lon="118.8070391">
   </trkpt>
   <trkpt lat="31.8870752" lon="118.8070422">
   </trkpt>
   <trkpt lat="31.8870788" lon="118.8070453">
   </trkpt>
   <trkpt lat="31.8870824" lon="118.8070485">
   </trkpt>
   <trkpt lat="31.8870860" lon="118.8070516">
   </trkpt>
   <trkpt lat="31.8870898" lon="118.8070545">
   </trkpt>
   <trkpt lat="31.8870937" lon="118.8070570">
   </trkpt>
   <trkpt lat="31.8870977" lon="118.8070595">
   </trkpt>
   <trkpt lat="31.8871017" lon="118.8070620">
   </trkpt>
   <trkpt lat="31.8871056" lon="118.8070644">
   </trkpt>
   <trkpt lat="31.8871096" lon="118.8070669">
   </trkpt>
   <trkpt lat="31.8871136" lon="118.8070694">
   </trkpt>
   <trkpt lat="31.8871175" lon="118.8070719">
   </trkpt>
   <trkpt lat="31.8871215" lon="118.8070743">
   </trkpt>
   <trkpt lat="31.8871255" lon="118.8070768">
   </trkpt>
   <trkpt lat="31.8871294" lon="118.8070793">
   </trkpt>
   <trkpt lat="31.8871334" lon="118.8070819">
   </trkpt>
   <trkpt lat="31.8871372" lon="118.8070846">
   </trkpt>
   <trkpt lat="31.8871408" lon="118.8070877">
   </trkpt>
   <trkpt lat="31.8871443" lon="118.8070911">
   </trkpt>
   <trkpt lat="31.8871476" lon="118.8070947">
   </trkpt>
   <trkpt lat="31.8871507" lon="118.8070985">
   </trkpt>
   <trkpt lat="31.8871535" lon="118.8071026">
   </trkpt>
   <trkpt lat="31.8871562" lon="118.8071069">
   </trkpt>
   <trkpt lat="31.8871586" lon="118.8071113">
   </trkpt>
   <trkpt lat="31.8871607" lon="118.8071160">
   </trkpt>
   <trkpt lat="31.8871626" lon="118.8071208">
   </trkpt>
   <trkpt lat="31.8871642" lon="118.8071257">
   </trkpt>
   <trkpt lat="31.8871655" lon="118.8071308">
   </trkpt>
   <trkpt lat="31.8871666" lon="118.8071359">
   </trkpt>
   <trkpt lat="31.8871674" lon="118.8071411">
   </trkpt>
   <trkpt lat="31.8871679" lon="118.8071464">
   </trkpt>
   <trkpt lat="31.8871681" lon="118.8071517">
   </trkpt>
   <trkpt lat="31.8871684" lon="118.8071569">
   </trkpt>
   <trkpt lat="31.8871686" lon="118.8071622">
   </trkpt>
   <trkpt lat="31.8871688" lon="118.8071675">
   </trkpt>
   <trkpt lat="31.8871691" lon="118.8071728">
   </trkpt>
   <trkpt lat="31.8871693" lon="118.8071781">
   </trkpt>
   <trkpt lat="31.8871695" lon="118.8071834">
   </trkpt>
   <trkpt lat="31.8871697" lon="118.8071886">
   </trkpt>
   <trkpt lat="31.8871700" lon="118.8071939">
   </trkpt>
   <trkpt lat="31.8871702" lon="118.8071992">
   </trkpt>
   <trkpt lat="31.8871704" lon="118.8072045">
   </trkpt>
   <trkpt lat="31.8871707" lon="118.8072098">
   </trkpt>
   <trkpt lat="31.8871709" lon="118.8072151">
   </trkpt>
   <trkpt lat="31.8871711" lon="118.8072203">
   </trkpt>
   <trkpt lat="31.8871713" lon="118.8072256">
   </trkpt>
   <trkpt lat="31.8871716" lon="118.8072309">
   </trkpt>
   <trkpt lat="31.8871718" lon="118.8072362">
   </trkpt>
   <trkpt lat="31.8871720" lon="118.8072415">
   </trkpt>
   <trkpt lat="31.8871723" lon="118.8072468">
   </trkpt>
   <trkpt lat="31.8871725" lon="118.8072520">
   </trkpt>
   <trkpt lat="31.8871727" lon="118.8072573">
   </trkpt>
   <trkpt lat="31.8871729" lon="118.8072626">
   </trkpt>
   <trkpt lat="31.8871732" lon="118.8072679">
   </trkpt>
   <trkpt lat="31.8871734" lon="118.8072732">
   </trkpt>
   <trkpt lat="31.8871736" lon="118.8072785">
   </trkpt>
   <trkpt lat="31.8871739" lon="118.8072837">
   </trkpt>
   <trkpt lat="31.8871741" lon="118.8072890">
   </trkpt>
   <trkpt lat="31.8871743" lon="118.8072943">
   </trkpt>
   <trkpt lat="31.8871745" lon="118.8072996">
   </trkpt>
   <trkpt lat="31.8871748" lon="118.8073049">
   </trkpt>
   <trkpt lat="31.8871750" lon="118.8073102">
   </trkpt>
   <trkpt lat="31.8871752" lon="118.8073154">
   </trkpt>
   <trkpt lat="31.8871755" lon="118.8073207">
   </trkpt>
   <trkpt lat="31.8871757" lon="118.8073260">
   </trkpt>
   <trkpt lat="31.8871759" lon="118.8073313">
   </trkpt>
   <trkpt lat="31.8871762" lon="118.8073366">
   </trkpt>
   <trkpt lat="31.8871764" lon="118.8073419">
   </trkpt>
   <trkpt lat="31.8871766" lon="118.8073471">
   </trkpt>
   <trkpt lat="31.8871768" lon="118.8073524">
   </trkpt>
   <trkpt lat="31.8871771" lon="118.8073577">
   </trkpt>
   <trkpt lat="31.8871773" lon="118.8073630">
   </trkpt>
   <trkpt lat="31.8871775" lon="118.8073683">
   </trkpt>
   <trkpt lat="31.8871778" lon="118.8073736">
   </trkpt>
   <trkpt lat="31.8871780" lon="118.8073788">
   </trkpt>
   <trkpt lat="31.8871782" lon="118.8073841">
   </trkpt>
   <trkpt lat="31.8871784" lon="118.8073894">
   </trkpt>
   <trkpt lat="31.8871787" lon="118.8073947">
   </trkpt>
   <trkpt lat="31.8871789" lon="118.8074000">
   </trkpt>
   <trkpt lat="31.8871791" lon="118.8074053">
   </trkpt>
   <trkpt lat="31.8871794" lon="118.8074105">
   </trkpt>
   <trkpt lat="31.8871796" lon="118.8074158">
   </trkpt>
   <trkpt lat="31.8871798" lon="118.8074211">
   </trkpt>
   <trkpt lat="31.8871800" lon="118.8074264">
   </trkpt>
   <trkpt lat="31.8871803" lon="118.8074317">
   </trkpt>
   <trkpt lat="31.8871805" lon="118.8074369">
   </trkpt>
   <trkpt lat="31.8871807" lon="118.8074422">
   </trkpt>
   <trkpt lat="31.8871810" lon="118.8074475">
   </trkpt>
   <trkpt lat="31.8871812" lon="118.8074528">
   </trkpt>
   <trkpt lat="31.8871814" lon="118.8074581">
   </trkpt>
   <trkpt lat="31.8871816" lon="118.8074634">
   </trkpt>
   <trkpt lat="31.8871819" lon="118.8074686">
   </trkpt>
   <trkpt lat="31.8871821" lon="118.8074739">
   </trkpt>
   <trkpt lat="31.8871823" lon="118.8074792">
   </trkpt>
   <trkpt lat="31.8871826" lon="118.8074845">
   </trkpt>
   <trkpt lat="31.8871828" lon="118.8074898">
   </trkpt>
   <trkpt lat="31.8871830" lon="118.8074951">
   </trkpt>
   <trkpt lat="31.8871832" lon="118.8075003">
   </trkpt>
   <trkpt lat="31.8871835" lon="118.8075056">
   </trkpt>
   <trkpt lat="31.8871837" lon="118.8075109">
   </trkpt>
   <trkpt lat="31.8871839" lon="118.8075162">
   </trkpt>
   <trkpt lat="31.8871842" lon="118.8075215">
   </trkpt>
   <trkpt lat="31.8871844" lon="118.8075268">
   </trkpt>
   <trkpt lat="31.8871846" lon="118.8075320">
   </trkpt>
   <trkpt lat="31.8871848" lon="118.8075373">
   </trkpt>
   <trkpt lat="31.8871851" lon="118.8075426">
   </trkpt>
   <trkpt lat="31.8871853" lon="118.8075479">
   </trkpt>
   <trkpt lat="31.8871855" lon="118.8075532">
   </trkpt>
   <trkpt lat="31.8871858" lon="118.8075585">
   </trkpt>
   <trkpt lat="31.8871860" lon="118.8075637">
   </trkpt>
   <trkpt lat="31.8871862" lon="118.8075690">
   </trkpt>
   <trkpt lat="31.8871864" lon="118.8075743">
   </trkpt>
   <trkpt lat="31.8871867" lon="118.8075796">
   </trkpt>
   <trkpt lat="31.8871869" lon="118.8075849">
   </trkpt>
   <trkpt lat="31.8871871" lon="118.8075902">
   </trkpt>
   <trkpt lat="31.8871874" lon="118.8075954">
   </trkpt>
   <trkpt lat="31.8871876" lon="118.8076007">
   </trkpt>
   <trkpt lat="31.8871878" lon="118.8076060">
   </trkpt>
   <trkpt lat="31.8871880" lon="118.8076113">
   </trkpt>
   <trkpt lat="31.8871883" lon="118.8076166">
   </trkpt>
   <trkpt lat="31.8871885" lon="118.8076219">
   </trkpt>
   <trkpt lat="31.8871887" lon="118.8076271">
   </trkpt>
   <trkpt lat="31.8871890" lon="118.8076324">
   </trkpt>
   <trkpt lat="31.8871892" lon="118.8076377">
   </trkpt>
   <trkpt lat="31.8871894" lon="118.8076430">
   </trkpt>
   <trkpt lat="31.8871896" lon="118.8076483">
   </trkpt>
   <trkpt lat="31.8871899" lon="118.8076536">
   </trkpt>
   <trkpt lat="31.8871901" lon="118.8076588">
   </trkpt>
   <trkpt lat="31.8871903" lon="118.8076641">
   </trkpt>
   <trkpt lat="31.8871906" lon="118.8076694">
   </trkpt>
   <trkpt lat="31.8871908" lon="118.8076747">
   </trkpt>
   <trkpt lat="31.8871910" lon="118.8076800">
   </trkpt>
   <trkpt lat="31.8871912" lon="118.8076853">
   </trkpt>
   <trkpt lat="31.8871915" lon="118.8076905">
   </trkpt>
   <trkpt lat="31.8871917" lon="118.8076958">
   </trkpt>
   <trkpt lat="31.8871919" lon="118.8077011">
   </trkpt>
   <trkpt lat="31.8871922" lon="118.8077064">
   </trkpt>
   <trkpt lat="31.8871924" lon="118.8077117">
   </trkpt>
   <trkpt lat="31.8871926" lon="118.8077170">
   </trkpt>
   <trkpt lat="31.8871928" lon="118.8077222">
   </trkpt>
   <trkpt lat="31.8871931" lon="118.8077275">
   </trkpt>
   <trkpt lat="31.8871933" lon="118.8077328">
   </trkpt>
   <trkpt lat="31.8871935" lon="118.8077381">
   </trkpt>
   <trkpt lat="31.8871938" lon="118.8077434">
   </trkpt>
   <trkpt lat="31.8871940" lon="118.8077487">
   </trkpt>
   <trkpt lat="31.8871942" lon="118.8077539">
   </trkpt>
   <trkpt lat="31.8871944" lon="118.8077592">
   </trkpt>
   <trkpt lat="31.8871947" lon="118.8077645">
   </trkpt>
   <trkpt lat="31.8871949" lon="118.8077698">
   </trkpt>
   <trkpt lat="31.8871951" lon="118.8077751">
   </trkpt>
   <trkpt lat="31.8871954" lon="118.8077803">
   </trkpt>
   <trkpt lat="31.8871956" lon="118.8077856">
   </trkpt>
   <trkpt lat="31.8871958" lon="118.8077909">
   </trkpt>
   <trkpt lat="31.8871960" lon="118.8077962">
   </trkpt>
   <trkpt lat="31.8871963" lon="118.8078015">
   </trkpt>
   <trkpt lat="31.8871965" lon="118.8078068">
   </trkpt>
   <trkpt lat="31.8871967" lon="118.8078120">
   </trkpt>
   <trkpt lat="31.8871970" lon="118.8078173">
   </trkpt>
   <trkpt lat="31.8871972" lon="118.8078226">
   </trkpt>
   <trkpt lat="31.8871974" lon="118.8078279">
   </trkpt>
   <trkpt lat="31.8871976" lon="118.8078332">
   </trkpt>
   <trkpt lat="31.8871979" lon="118.8078385">
   </trkpt>
   <trkpt lat="31.8871981" lon="118.8078437">
   </trkpt>
   <trkpt lat="31.8871983" lon="118.8078490">
   </trkpt>
   <trkpt lat="31.8871986" lon="118.8078543">
   </trkpt>
   <trkpt lat="31.8871988" lon="118.8078596">
   </trkpt>
   <trkpt lat="31.8871990" lon="118.8078649">
   </trkpt>
   <trkpt lat="31.8871992" lon="118.8078702">
   </trkpt>
   <trkpt lat="31.8871995" lon="118.8078754">
   </trkpt>
   <trkpt lat="31.8871997" lon="118.8078807">
   </trkpt>
   <trkpt lat="31.8871999" lon="118.8078860">
   </trkpt>
   <trkpt lat="31.8872002" lon="118.8078913">
   </trkpt>
   <trkpt lat="31.8872004" lon="118.8078966">
   </trkpt>
   <trkpt lat="31.8872006" lon="118.8079019">
   </trkpt>
   <trkpt lat="31.8872008" lon="118.8079071">
   </trkpt>
   <trkpt lat="31.8872011" lon="118.8079124">
   </trkpt>
   <trkpt lat="31.8872013" lon="118.8079177">
   </trkpt>
   <trkpt lat="31.8872015" lon="118.8079230">
   </trkpt>
   <trkpt lat="31.8872018" lon="118.8079283">
   </trkpt>
   <trkpt lat="31.8872020" lon="118.8079336">
   </trkpt>
   <trkpt lat="31.8872022" lon="118.8079388">
   </trkpt>
   <trkpt lat="31.8872025" lon="118.8079441">
   </trkpt>
   <trkpt lat="31.8872027" lon="118.8079494">
   </trkpt>
   <trkpt lat="31.8872029" lon="118.8079547">
   </trkpt>
   <trkpt lat="31.8872031" lon="118.8079600">
   </trkpt>
   <trkpt lat="31.8872034" lon="118.8079653">
   </trkpt>
   <trkpt lat="31.8872036" lon="118.8079705">
   </trkpt>
   <trkpt lat="31.8872038" lon="118.8079758">
   </trkpt>
   <trkpt lat="31.8872041" lon="118.8079811">
   </trkpt>
   <trkpt lat="31.8872043" lon="118.8079864">
   </trkpt>
   <trkpt lat="31.8872045" lon="118.8079917">
   </trkpt>
   <trkpt lat="31.8872047" lon="118.8079970">
   </trkpt>
   <trkpt lat="31.8872050" lon="118.8080022">
   </trkpt>
   <trkpt lat="31.8872052" lon="118.8080075">
   </trkpt>
   <trkpt lat="31.8872054" lon="118.8080128">
   </trkpt>
   <trkpt lat="31.8872057" lon="118.8080181">
   </trkpt>
   <trkpt lat="31.8872059" lon="118.8080234">
   </trkpt>
   <trkpt lat="31.8872061" lon="118.8080287">
   </trkpt>
   <trkpt lat="31.8872063" lon="118.8080339">
   </trkpt>
   <trkpt lat="31.8872066" lon="118.8080392">
   </trkpt>
   <trkpt lat="31.8872068" lon="118.8080445">
   </trkpt>
   <trkpt lat="31.8872070" lon="118.8080498">
   </trkpt>
   <trkpt lat="31.8872073" lon="118.8080551">
   </trkpt>
   <trkpt lat="31.8872075" lon="118.8080604">
   </trkpt>
   <trkpt lat="31.8872077" lon="118.8080656">
   </trkpt>
   <trkpt lat="31.8872079" lon="118.8080709">
   </trkpt>
   <trkpt lat="31.8872082" lon="118.8080762">
   </trkpt>
   <trkpt lat="31.8872084" lon="118.8080815">
   </trkpt>
   <trkpt lat="31.8872086" lon="118.8080868">
   </trkpt>
   <trkpt lat="31.8872089" lon="118.8080921">
   </trkpt>
   <trkpt lat="31.8872091" lon="118.8080973">
   </trkpt>
   <trkpt lat="31.8872093" lon="118.8081026">
   </trkpt>
   <trkpt lat="31.8872095" lon="118.8081079">
   </trkpt>
   <trkpt lat="31.8872098" lon="118.8081132">
   </trkpt>
   <trkpt lat="31.8872100" lon="118.8081185">
   </trkpt>
   <trkpt lat="31.8872102" lon="118.8081237">
   </trkpt>
   <trkpt lat="31.8872105" lon="118.8081290">
   </trkpt>
   <trkpt lat="31.8872107" lon="118.8081343">
   </trkpt>
   <trkpt lat="31.8872109" lon="118.8081396">
   </trkpt>
   <trkpt lat="31.8872111" lon="118.8081449">
   </trkpt>
   <trkpt lat="31.8872114" lon="118.8081502">
   </trkpt>
   <trkpt lat="31.8872116" lon="118.8081554">
   </trkpt>
   <trkpt lat="31.8872118" lon="118.8081607">
   </trkpt>
   <trkpt lat="31.8872121" lon="118.8081660">
   </trkpt>
   <trkpt lat="31.8872123" lon="118.8081713">
   </trkpt>
   <trkpt lat="31.8872125" lon="118.8081766">
   </trkpt>
   <trkpt lat="31.8872127" lon="118.8081819">
   </trkpt>
   <trkpt lat="31.8872130" lon="118.8081871">
   </trkpt>
   <trkpt lat="31.8872132" lon="118.8081924">
   </trkpt>
   <trkpt lat="31.8872134" lon="118.8081977">
   </trkpt>
   <trkpt lat="31.8872137" lon="118.8082030">
   </trkpt>
   <trkpt lat="31.8872139" lon="118.8082083">
   </trkpt>
   <trkpt lat="31.8872141" lon="118.8082136">
   </trkpt>
   <trkpt lat="31.8872143" lon="118.8082188">
   </trkpt>
   <trkpt lat="31.8872146" lon="118.8082241">
   </trkpt>
   <trkpt lat="31.8872148" lon="118.8082294">
   </trkpt>
   <trkpt lat="31.8872150" lon="118.8082347">
   </trkpt>
   <trkpt lat="31.8872153" lon="118.8082400">
   </trkpt>
   <trkpt lat="31.8872155" lon="118.8082453">
   </trkpt>
   <trkpt lat="31.8872157" lon="118.8082505">
   </trkpt>
   <trkpt lat="31.8872159" lon="118.8082558">
   </trkpt>
   <trkpt lat="31.8872162" lon="118.8082611">
   </trkpt>
   <trkpt lat="31.8872164" lon="118.8082664">
   </trkpt>
   <trkpt lat="31.8872166" lon="118.8082717">
   </trkpt>
   <trkpt lat="31.8872169" lon="118.8082770">
   </trkpt>
   <trkpt lat="31.8872171" lon="118.8082822">
   </trkpt>
   <trkpt lat="31.8872173" lon="118.8082875">
   </trkpt>
   <trkpt lat="31.8872175" lon="118.8082928">
   </trkpt>
   <trkpt lat="31.8872178" lon="118.8082981">
   </trkpt>
   <trkpt lat="31.8872180" lon="118.8083034">
   </trkpt>
   <trkpt lat="31.8872182" lon="118.8083087">
   </trkpt>
   <trkpt lat="31.8872185" lon="118.8083139">
   </trkpt>
   <trkpt lat="31.8872187" lon="118.8083192">
   </trkpt>
   <trkpt lat="31.8872189" lon="118.8083245">
   </trkpt>
   <trkpt lat="31.8872191" lon="118.8083298">
   </trkpt>
   <trkpt lat="31.8872194" lon="118.8083351">
   </trkpt>
   <trkpt lat="31.8872196" lon="118.8083404">
   </trkpt>
   <trkpt lat="31.8872198" lon="118.8083456">
   </trkpt>
   <trkpt lat="31.8872201" lon="118.8083509">
   </trkpt>
   <trkpt lat="31.8872203" lon="118.8083562">
   </trkpt>
   <trkpt lat="31.8872205" lon="118.8083615">
   </trkpt>
   <trkpt lat="31.8872207" lon="118.8083668">
   </trkpt>
   <trkpt lat="31.8872210" lon="118.8083721">
   </trkpt>
   <trkpt lat="31.8872212" lon="118.8083773">
   </trkpt>
   <trkpt lat="31.8872214" lon="118.8083826">
   </trkpt>
   <trkpt lat="31.8872217" lon="118.8083879">
   </trkpt>
   <trkpt lat="31.8872219" lon="118.8083932">
   </trkpt>
   <trkpt lat="31.8872221" lon="118.8083985">
   </trkpt>
   <trkpt lat="31.8872223" lon="118.8084038">
   </trkpt>
   <trkpt lat="31.8872226" lon="118.8084090">
   </trkpt>
   <trkpt lat="31.8872228" lon="118.8084143">
   </trkpt>
   <trkpt lat="31.8872230" lon="118.8084196">
   </trkpt>
   <trkpt lat="31.8872233" lon="118.8084249">
   </trkpt>
   <trkpt lat="31.8872235" lon="118.8084302">
   </trkpt>
   <trkpt lat="31.8872237" lon="118.8084355">
   </trkpt>
   <trkpt lat="31.8872239" lon="118.8084407">
   </trkpt>
   <trkpt lat="31.8872242" lon="118.8084460">
   </trkpt>
   <trkpt lat="31.8872244" lon="118.8084513">
   </trkpt>
   <trkpt lat="31.8872246" lon="118.8084566">
   </trkpt>
   <trkpt lat="31.8872249" lon="118.8084619">
   </trkpt>
   <trkpt lat="31.8872251" lon="118.8084672">
   </trkpt>
   <trkpt lat="31.8872253" lon="118.8084724">
   </trkpt>
   <trkpt lat="31.8872255" lon="118.8084777">
   </trkpt>
   <trkpt lat="31.8872258" lon="118.8084830">
   </trkpt>
   <trkpt lat="31.8872260" lon="118.8084883">
   </trkpt>
   <trkpt lat="31.8872262" lon="118.8084936">
   </trkpt>
   <trkpt lat="31.8872265" lon="118.8084988">
   </trkpt>
   <trkpt lat="31.8872267" lon="118.8085041">
   </trkpt>
   <trkpt lat="31.8872269" lon="118.8085094">
   </trkpt>
   <trkpt lat="31.8872272" lon="118.8085147">
   </trkpt>
   <trkpt lat="31.8872274" lon="118.8085200">
   </trkpt>
   <trkpt lat="31.8872276" lon="118.8085253">
   </trkpt>
   <trkpt lat="31.8872278" lon="118.8085305">
   </trkpt>
   <trkpt lat="31.8872281" lon="118.8085358">
   </trkpt>
   <trkpt lat="31.8872283" lon="118.8085411">
   </trkpt>
   <trkpt lat="31.8872285" lon="118.8085464">
   </trkpt>
   <trkpt lat="31.8872288" lon="118.8085517">
   </trkpt>
   <trkpt lat="31.8872290" lon="118.8085570">
   </trkpt>
   <trkpt lat="31.8872292" lon="118.8085622">
   </trkpt>
   <trkpt lat="31.8872294" lon="118.8085675">
   </trkpt>
   <trkpt lat="31.8872297" lon="118.8085728">
   </trkpt>
   <trkpt lat="31.8872299" lon="118.8085781">
   </trkpt>
   <trkpt lat="31.8872301" lon="118.8085834">
   </trkpt>
   <trkpt lat="31.8872304" lon="118.8085887">
   </trkpt>
   <trkpt lat="31.8872306" lon="118.8085939">
   </trkpt>
   <trkpt lat="31.8872308" lon="118.8085992">
   </trkpt>
   <trkpt lat="31.8872310" lon="118.8086045">
   </trkpt>
   <trkpt lat="31.8872313" lon="118.8086098">
   </trkpt>
   <trkpt lat="31.8872315" lon="118.8086151">
   </trkpt>
   <trkpt lat="31.8872317" lon="118.8086204">
   </trkpt>
   <trkpt lat="31.8872320" lon="118.8086256">
   </trkpt>
   <trkpt lat="31.8872322" lon="118.8086309">
   </trkpt>
   <trkpt lat="31.8872324" lon="118.8086362">
   </trkpt>
   <trkpt lat="31.8872326" lon="118.8086415">
   </trkpt>
   <trkpt lat="31.8872329" lon="118.8086468">
   </trkpt>
   <trkpt lat="31.8872331" lon="118.8086521">
   </trkpt>
   <trkpt lat="31.8872333" lon="118.8086573">
   </trkpt>
   <trkpt lat="31.8872336" lon="118.8086626">
   </trkpt>
   <trkpt lat="31.8872338" lon="118.8086679">
   </trkpt>
   <trkpt lat="31.8872340" lon="118.8086732">
   </trkpt>
   <trkpt lat="31.8872342" lon="118.8086785">
   </trkpt>
   <trkpt lat="31.8872345" lon="118.8086838">
   </trkpt>
   <trkpt lat="31.8872347" lon="118.8086890">
   </trkpt>
   <trkpt lat="31.8872349" lon="118.8086943">
   </trkpt>
   <trkpt lat="31.8872352" lon="118.8086996">
   </trkpt>
   <trkpt lat="31.8872354" lon="118.8087049">
   </trkpt>
   <trkpt lat="31.8872356" lon="118.8087102">
   </trkpt>
   <trkpt lat="31.8872358" lon="118.8087155">
   </trkpt>
   <trkpt lat="31.8872361" lon="118.8087207">
   </trkpt>
   <trkpt lat="31.8872363" lon="118.8087260">
   </trkpt>
   <trkpt lat="31.8872365" lon="118.8087313">
   </trkpt>
   <trkpt lat="31.8872368" lon="118.8087366">
   </trkpt>
   <trkpt lat="31.8872370" lon="118.8087419">
   </trkpt>
   <trkpt lat="31.8872372" lon="118.8087472">
   </trkpt>
   <trkpt lat="31.8872374" lon="118.8087524">
   </trkpt>
   <trkpt lat="31.8872377" lon="118.8087577">
   </trkpt>
   <trkpt lat="31.8872379" lon="118.8087630">
   </trkpt>
   <trkpt lat="31.8872381" lon="118.8087683">
   </trkpt>
   <trkpt lat="31.8872383" lon="118.8087736">
   </trkpt>
   <trkpt lat="31.8872386" lon="118.8087789">
   </trkpt>
   <trkpt lat="31.8872388" lon="118.8087841">
   </trkpt>
   <trkpt lat="31.8872390" lon="118.8087894">
   </trkpt>
   <trkpt lat="31.8872393" lon="118.8087947">
   </trkpt>
   <trkpt lat="31.8872395" lon="118.8088000">
   </trkpt>
   <trkpt lat="31.8872397" lon="118.8088053">
   </trkpt>
   <trkpt lat="31.8872399" lon="118.8088106">
   </trkpt>
   <trkpt lat="31.8872402" lon="118.8088158">
   </trkpt>
   <trkpt lat="31.8872404" lon="118.8088211">
   </trkpt>
   <trkpt lat="31.8872406" lon="118.8088264">
   </trkpt>
   <trkpt lat="31.8872408" lon="118.8088317">
   </trkpt>
   <trkpt lat="31.8872415" lon="118.8088369">
   </trkpt>
   <trkpt lat="31.8872431" lon="118.8088418">
   </trkpt>
   <trkpt lat="31.8872447" lon="118.8088468">
   </trkpt>
   <trkpt lat="31.8872463" lon="118.8088517">
   </trkpt>
   <trkpt lat="31.8872479" lon="118.8088566">
   </trkpt>
   <trkpt lat="31.8872495" lon="118.8088616">
   </trkpt>
   <trkpt lat="31.8872511" lon="118.8088665">
   </trkpt>
   <trkpt lat="31.8872527" lon="118.8088715">
   </trkpt>
   <trkpt lat="31.8872543" lon="118.8088764">
   </trkpt>
   <trkpt lat="31.8872558" lon="118.8088814">
   </trkpt>
   <trkpt lat="31.8872574" lon="118.8088863">
   </trkpt>
   <trkpt lat="31.8872590" lon="118.8088913">
   </trkpt>
   <trkpt lat="31.8872606" lon="118.8088962">
   </trkpt>
   <trkpt lat="31.8872622" lon="118.8089012">
   </trkpt>
   <trkpt lat="31.8872638" lon="118.8089061">
   </trkpt>
   <trkpt lat="31.8872654" lon="118.8089111">
   </trkpt>
   <trkpt lat="31.8872670" lon="118.8089160">
   </trkpt>
   <trkpt lat="31.8872686" lon="118.8089210">
   </trkpt>
   <trkpt lat="31.8872702" lon="118.8089259">
   </trkpt>
   <trkpt lat="31.8872717" lon="118.8089309">
   </trkpt>
   <trkpt lat="31.8872733" lon="118.8089358">
   </trkpt>
   <trkpt lat="31.8872749" lon="118.8089407">
   </trkpt>
   <trkpt lat="31.8872765" lon="118.8089457">
   </trkpt>
   <trkpt lat="31.8872781" lon="118.8089506">
   </trkpt>
   <trkpt lat="31.8872797" lon="118.8089556">
   </trkpt>
   <trkpt lat="31.8872813" lon="118.8089605">
   </trkpt>
   <trkpt lat="31.8872829" lon="118.8089655">
   </trkpt>
   <trkpt lat="31.8872845" lon="118.8089704">
   </trkpt>
   <trkpt lat="31.8872861" lon="118.8089754">
   </trkpt>
   <trkpt lat="31.8872877" lon="118.8089803">
   </trkpt>
   <trkpt lat="31.8872892" lon="118.8089853">
   </trkpt>
   <trkpt lat="31.8872908" lon="118.8089902">
   </trkpt>
   <trkpt lat="31.8872924" lon="118.8089952">
   </trkpt>
   <trkpt lat="31.8872940" lon="118.8090001">
   </trkpt>
   <trkpt lat="31.8872956" lon="118.8090051">
   </trkpt>
   <trkpt lat="31.8872972" lon="118.8090100">
   </trkpt>
   <trkpt lat="31.8872988" lon="118.8090150">
   </trkpt>
   <trkpt lat="31.8873004" lon="118.8090199">
   </trkpt>
   <trkpt lat="31.8873020" lon="118.8090249">
   </trkpt>
   <trkpt lat="31.8873036" lon="118.8090298">
   </trkpt>
   <trkpt lat="31.8873051" lon="118.8090347">
   </trkpt>
   <trkpt lat="31.8873067" lon="118.8090397">
   </trkpt>
   <trkpt lat="31.8873083" lon="118.8090446">
   </trkpt>
   <trkpt lat="31.8873099" lon="118.8090496">
   </trkpt>
   <trkpt lat="31.8873115" lon="118.8090545">
   </trkpt>
   <trkpt lat="31.8873131" lon="118.8090595">
   </trkpt>
   <trkpt lat="31.8873147" lon="118.8090644">
   </trkpt>
   <trkpt lat="31.8873163" lon="118.8090694">
   </trkpt>
   <trkpt lat="31.8873179" lon="118.8090743">
   </trkpt>
   <trkpt lat="31.8873195" lon="118.8090793">
   </trkpt>
   <trkpt lat="31.8873210" lon="118.8090842">
   </trkpt>
   <trkpt lat="31.8873226" lon="118.8090892">
   </trkpt>
   <trkpt lat="31.8873242" lon="118.8090941">
   </trkpt>
   <trkpt lat="31.8873258" lon="118.8090991">
   </trkpt>
   <trkpt lat="31.8873274" lon="118.8091040">
   </trkpt>
   <trkpt lat="31.8873290" lon="118.8091090">
   </trkpt>
   <trkpt lat="31.8873306" lon="118.8091139">
   </trkpt>
   <trkpt lat="31.8873322" lon="118.8091189">
   </trkpt>
   <trkpt lat="31.8873338" lon="118.8091238">
   </trkpt>
   <trkpt lat="31.8873354" lon="118.8091287">
   </trkpt>
   <trkpt lat="31.8873370" lon="118.8091337">
   </trkpt>
   <trkpt lat="31.8873385" lon="118.8091386">
   </trkpt>
   <trkpt lat="31.8873401" lon="118.8091436">
   </trkpt>
   <trkpt lat="31.8873417" lon="118.8091485">
   </trkpt>
   <trkpt lat="31.8873433" lon="118.8091535">
   </trkpt>
   <trkpt lat="31.8873449" lon="118.8091584">
   </trkpt>
   <trkpt lat="31.8873465" lon="118.8091634">
   </trkpt>
   <trkpt lat="31.8873481" lon="118.8091683">
   </trkpt>
   <trkpt lat="31.8873497" lon="118.8091733">
   </trkpt>
   <trkpt lat="31.8873513" lon="118.8091782">
   </trkpt>
   <trkpt lat="31.8873520" lon="118.8091834">
   </trkpt>
   <trkpt lat="31.8873522" lon="118.8091887">
   </trkpt>
   <trkpt lat="31.8873524" lon="118.8091939">
   </trkpt>
   <trkpt lat="31.8873527" lon="118.8091992">
   </trkpt>
   <trkpt lat="31.8873529" lon="118.8092045">
   </trkpt>
   <trkpt lat="31.8873531" lon="118.8092098">
   </trkpt>
   <trkpt lat="31.8873533" lon="118.8092151">
   </trkpt>
   <trkpt lat="31.8873535" lon="118.8092204">
   </trkpt>
   <trkpt lat="31.8873537" lon="118.8092256">
   </trkpt>
   <trkpt lat="31.8873539" lon="118.8092309">
   </trkpt>
   <trkpt lat="31.8873541" lon="118.8092362">
   </trkpt>
   <trkpt lat="31.8873543" lon="118.8092415">
   </trkpt>
   <trkpt lat="31.8873545" lon="118.8092468">
   </trkpt>
   <trkpt lat="31.8873548" lon="118.8092521">
   </trkpt>
   <trkpt lat="31.8873550" lon="118.8092573">
   </trkpt>
   <trkpt lat="31.8873552" lon="118.8092626">
   </trkpt>
   <trkpt lat="31.8873554" lon="118.8092679">
   </trkpt>
   <trkpt lat="31.8873556" lon="118.8092732">
   </trkpt>
   <trkpt lat="31.8873559" lon="118.8092785">
   </trkpt>
   <trkpt lat="31.8873562" lon="118.8092838">
   </trkpt>
   <trkpt lat="31.8873565" lon="118.8092890">
   </trkpt>
   <trkpt lat="31.8873567" lon="118.8092943">
   </trkpt>
   <trkpt lat="31.8873570" lon="118.8092996">
   </trkpt>
   <trkpt lat="31.8873573" lon="118.8093049">
   </trkpt>
   <trkpt lat="31.8873576" lon="118.8093102">
   </trkpt>
   <trkpt lat="31.8873578" lon="118.8093154">
   </trkpt>
   <trkpt lat="31.8873581" lon="118.8093207">
   </trkpt>
   <trkpt lat="31.8873584" lon="118.8093260">
   </trkpt>
   <trkpt lat="31.8873587" lon="118.8093313">
   </trkpt>
   <trkpt lat="31.8873589" lon="118.8093366">
   </trkpt>
   <trkpt lat="31.8873592" lon="118.8093418">
   </trkpt>
   <trkpt lat="31.8873595" lon="118.8093471">
   </trkpt>
   <trkpt lat="31.8873598" lon="118.8093524">
   </trkpt>
   <trkpt lat="31.8873600" lon="118.8093577">
   </trkpt>
   <trkpt lat="31.8873603" lon="118.8093630">
   </trkpt>
   <trkpt lat="31.8873606" lon="118.8093682">
   </trkpt>
   <trkpt lat="31.8873609" lon="118.8093735">
   </trkpt>
   <trkpt lat="31.8873611" lon="118.8093788">
   </trkpt>
   <trkpt lat="31.8873614" lon="118.8093841">
   </trkpt>
   <trkpt lat="31.8873617" lon="118.8093894">
   </trkpt>
   <trkpt lat="31.8873619" lon="118.8093946">
   </trkpt>
   <trkpt lat="31.8873622" lon="118.8093999">
   </trkpt>
   <trkpt lat="31.8873625" lon="118.8094052">
   </trkpt>
   <trkpt lat="31.8873628" lon="118.8094105">
   </trkpt>
   <trkpt lat="31.8873630" lon="118.8094158">
   </trkpt>
   <trkpt lat="31.8873633" lon="118.8094210">
   </trkpt>
   <trkpt lat="31.8873636" lon="118.8094263">
   </trkpt>
   <trkpt lat="31.8873639" lon="118.8094316">
   </trkpt>
   <trkpt lat="31.8873641" lon="118.8094369">
   </trkpt>
   <trkpt lat="31.8873644" lon="118.8094422">
   </trkpt>
   <trkpt lat="31.8873647" lon="118.8094474">
   </trkpt>
   <trkpt lat="31.8873650" lon="118.8094527">
   </trkpt>
   <trkpt lat="31.8873652" lon="118.8094580">
   </trkpt>
   <trkpt lat="31.8873655" lon="118.8094633">
   </trkpt>
   <trkpt lat="31.8873658" lon="118.8094686">
   </trkpt>
   <trkpt lat="31.8873661" lon="118.8094738">
   </trkpt>
   <trkpt lat="31.8873663" lon="118.8094791">
   </trkpt>
   <trkpt lat="31.8873666" lon="118.8094844">
   </trkpt>
   <trkpt lat="31.8873669" lon="118.8094897">
   </trkpt>
   <trkpt lat="31.8873672" lon="118.8094950">
   </trkpt>
   <trkpt lat="31.8873674" lon="118.8095002">
   </trkpt>
   <trkpt lat="31.8873677" lon="118.8095055">
   </trkpt>
   <trkpt lat="31.8873680" lon="118.8095108">
   </trkpt>
   <trkpt lat="31.8873682" lon="118.8095161">
   </trkpt>
   <trkpt lat="31.8873685" lon="118.8095214">
   </trkpt>
   <trkpt lat="31.8873688" lon="118.8095266">
   </trkpt>
   <trkpt lat="31.8873691" lon="118.8095319">
   </trkpt>
   <trkpt lat="31.8873693" lon="118.8095372">
   </trkpt>
   <trkpt lat="31.8873696" lon="118.8095425">
   </trkpt>
   <trkpt lat="31.8873699" lon="118.8095478">
   </trkpt>
   <trkpt lat="31.8873702" lon="118.8095530">
   </trkpt>
   <trkpt lat="31.8873704" lon="118.8095583">
   </trkpt>
   <trkpt lat="31.8873707" lon="118.8095636">
   </trkpt>
   <trkpt lat="31.8873710" lon="118.8095689">
   </trkpt>
   <trkpt lat="31.8873713" lon="118.8095742">
   </trkpt>
   <trkpt lat="31.8873715" lon="118.8095794">
   </trkpt>
   <trkpt lat="31.8873718" lon="118.8095847">
   </trkpt>
   <trkpt lat="31.8873721" lon="118.8095900">
   </trkpt>
   <trkpt lat="31.8873724" lon="118.8095953">
   </trkpt>
   <trkpt lat="31.8873726" lon="118.8096006">
   </trkpt>
   <trkpt lat="31.8873729" lon="118.8096058">
   </trkpt>
   <trkpt lat="31.8873732" lon="118.8096111">
   </trkpt>
   <trkpt lat="31.8873735" lon="118.8096164">
   </trkpt>
   <trkpt lat="31.8873737" lon="118.8096217">
   </trkpt>
   <trkpt lat="31.8873740" lon="118.8096270">
   </trkpt>
   <trkpt lat="31.8873743" lon="118.8096322">
   </trkpt>
   <trkpt lat="31.8873745" lon="118.8096375">
   </trkpt>
   <trkpt lat="31.8873748" lon="118.8096428">
   </trkpt>
   <trkpt lat="31.8873751" lon="118.8096481">
   </trkpt>
   <trkpt lat="31.8873754" lon="118.8096534">
   </trkpt>
   <trkpt lat="31.8873756" lon="118.8096586">
   </trkpt>
   <trkpt lat="31.8873759" lon="118.8096639">
   </trkpt>
   <trkpt lat="31.8873762" lon="118.8096692">
   </trkpt>
   <trkpt lat="31.8873765" lon="118.8096745">
   </trkpt>
   <trkpt lat="31.8873767" lon="118.8096798">
   </trkpt>
   <trkpt lat="31.8873770" lon="118.8096850">
   </trkpt>
   <trkpt lat="31.8873773" lon="118.8096903">
   </trkpt>
   <trkpt lat="31.8873776" lon="118.8096956">
   </trkpt>
   <trkpt lat="31.8873778" lon="118.8097009">
   </trkpt>
   <trkpt lat="31.8873781" lon="118.8097062">
   </trkpt>
   <trkpt lat="31.8873784" lon="118.8097114">
   </trkpt>
   <trkpt lat="31.8873787" lon="118.8097167">
   </trkpt>
   <trkpt lat="31.8873789" lon="118.8097220">
   </trkpt>
   <trkpt lat="31.8873792" lon="118.8097273">
   </trkpt>
   <trkpt lat="31.8873795" lon="118.8097326">
   </trkpt>
   <trkpt lat="31.8873798" lon="118.8097378">
   </trkpt>
   <trkpt lat="31.8873800" lon="118.8097431">
   </trkpt>
   <trkpt lat="31.8873803" lon="118.8097484">
   </trkpt>
   <trkpt lat="31.8873806" lon="118.8097537">
   </trkpt>
   <trkpt lat="31.8873808" lon="118.8097590">
   </trkpt>
   <trkpt lat="31.8873811" lon="118.8097642">
   </trkpt>
   <trkpt lat="31.8873814" lon="118.8097695">
   </trkpt>
   <trkpt lat="31.8873817" lon="118.8097748">
   </trkpt>
   <trkpt lat="31.8873819" lon="118.8097801">
   </trkpt>
   <trkpt lat="31.8873822" lon="118.8097854">
   </trkpt>
   <trkpt lat="31.8873825" lon="118.8097906">
   </trkpt>
   <trkpt lat="31.8873828" lon="118.8097959">
   </trkpt>
   <trkpt lat="31.8873830" lon="118.8098012">
   </trkpt>
   <trkpt lat="31.8873833" lon="118.8098065">
   </trkpt>
   <trkpt lat="31.8873836" lon="118.8098118">
   </trkpt>
   <trkpt lat="31.8873839" lon="118.8098170">
   </trkpt>
   <trkpt lat="31.8873841" lon="118.8098223">
   </trkpt>
   <trkpt lat="31.8873844" lon="118.8098276">
   </trkpt>
   <trkpt lat="31.8873847" lon="118.8098329">
   </trkpt>
   <trkpt lat="31.8873850" lon="118.8098382">
   </trkpt>
   <trkpt lat="31.8873852" lon="118.8098434">
   </trkpt>
   <trkpt lat="31.8873855" lon="118.8098487">
   </trkpt>
   <trkpt lat="31.8873858" lon="118.8098540">
   </trkpt>
   <trkpt lat="31.8873861" lon="118.8098593">
   </trkpt>
   <trkpt lat="31.8873863" lon="118.8098646">
   </trkpt>
   <trkpt lat="31.8873866" lon="118.8098698">
   </trkpt>
   <trkpt lat="31.8873869" lon="118.8098751">
   </trkpt>
   <trkpt lat="31.8873871" lon="118.8098804">
   </trkpt>
   <trkpt lat="31.8873874" lon="118.8098857">
   </trkpt>
   <trkpt lat="31.8873877" lon="118.8098910">
   </trkpt>
   <trkpt lat="31.8873880" lon="118.8098962">
   </trkpt>
   <trkpt lat="31.8873882" lon="118.8099015">
   </trkpt>
   <trkpt lat="31.8873885" lon="118.8099068">
   </trkpt>
   <trkpt lat="31.8873888" lon="118.8099121">
   </trkpt>
   <trkpt lat="31.8873891" lon="118.8099174">
   </trkpt>
   <trkpt lat="31.8873893" lon="118.8099226">
   </trkpt>
   <trkpt lat="31.8873896" lon="118.8099279">
   </trkpt>
   <trkpt lat="31.8873899" lon="118.8099332">
   </trkpt>
   <trkpt lat="31.8873902" lon="118.8099385">
   </trkpt>
   <trkpt lat="31.8873904" lon="118.8099438">
   </trkpt>
   <trkpt lat="31.8873907" lon="118.8099490">
   </trkpt>
   <trkpt lat="31.8873910" lon="118.8099543">
   </trkpt>
   <trkpt lat="31.8873913" lon="118.8099596">
   </trkpt>
   <trkpt lat="31.8873915" lon="118.8099649">
   </trkpt>
   <trkpt lat="31.8873918" lon="118.8099702">
   </trkpt>
   <trkpt lat="31.8873921" lon="118.8099754">
   </trkpt>
   <trkpt lat="31.8873924" lon="118.8099807">
   </trkpt>
   <trkpt lat="31.8873926" lon="118.8099860">
   </trkpt>
   <trkpt lat="31.8873929" lon="118.8099913">
   </trkpt>
   <trkpt lat="31.8873932" lon="118.8099966">
   </trkpt>
   <trkpt lat="31.8873934" lon="118.8100018">
   </trkpt>
   <trkpt lat="31.8873937" lon="118.8100071">
   </trkpt>
   <trkpt lat="31.8873940" lon="118.8100124">
   </trkpt>
   <trkpt lat="31.8873943" lon="118.8100177">
   </trkpt>
   <trkpt lat="31.8873945" lon="118.8100230">
   </trkpt>
   <trkpt lat="31.8873948" lon="118.8100282">
   </trkpt>
   <trkpt lat="31.8873953" lon="118.8100335">
   </trkpt>
   <trkpt lat="31.8873961" lon="118.8100387">
   </trkpt>
   <trkpt lat="31.8873971" lon="118.8100439">
   </trkpt>
   <trkpt lat="31.8873984" lon="118.8100489">
   </trkpt>
   <trkpt lat="31.8873999" lon="118.8100539">
   </trkpt>
   <trkpt lat="31.8874018" lon="118.8100587">
   </trkpt>
   <trkpt lat="31.8874038" lon="118.8100634">
   </trkpt>
   <trkpt lat="31.8874062" lon="118.8100679">
   </trkpt>
   <trkpt lat="31.8874087" lon="118.8100723">
   </trkpt>
   <trkpt lat="31.8874115" lon="118.8100764">
   </trkpt>
   <trkpt lat="31.8874145" lon="118.8100804">
   </trkpt>
   <trkpt lat="31.8874177" lon="118.8100841">
   </trkpt>
   <trkpt lat="31.8874211" lon="118.8100875">
   </trkpt>
   <trkpt lat="31.8874247" lon="118.8100907">
   </trkpt>
   <trkpt lat="31.8874284" lon="118.8100937">
   </trkpt>
   <trkpt lat="31.8874323" lon="118.8100963">
   </trkpt>
   <trkpt lat="31.8874363" lon="118.8100987">
   </trkpt>
   <trkpt lat="31.8874404" lon="118.8101008">
   </trkpt>
   <trkpt lat="31.8874447" lon="118.8101026">
   </trkpt>
   <trkpt lat="31.8874490" lon="118.8101040">
   </trkpt>
   <trkpt lat="31.8874534" lon="118.8101051">
   </trkpt>
   <trkpt lat="31.8874578" lon="118.8101059">
   </trkpt>
   <trkpt lat="31.8874623" lon="118.8101064">
   </trkpt>
   <trkpt lat="31.8874668" lon="118.8101066">
   </trkpt>
   <trkpt lat="31.8874713" lon="118.8101064">
   </trkpt>
   <trkpt lat="31.8874757" lon="118.8101061">
   </trkpt>
   <trkpt lat="31.8874802" lon="118.8101059">
   </trkpt>
   <trkpt lat="31.8874847" lon="118.8101056">
   </trkpt>
   <trkpt lat="31.8874892" lon="118.8101053">
   </trkpt>
   <trkpt lat="31.8874937" lon="118.8101051">
   </trkpt>
   <trkpt lat="31.8874982" lon="118.8101048">
   </trkpt>
   <trkpt lat="31.8875027" lon="118.8101045">
   </trkpt>
   <trkpt lat="31.8875071" lon="118.8101042">
   </trkpt>
   <trkpt lat="31.8875116" lon="118.8101040">
   </trkpt>
   <trkpt lat="31.8875161" lon="118.8101037">
   </trkpt>
   <trkpt lat="31.8875206" lon="118.8101034">
   </trkpt>
   <trkpt lat="31.8875251" lon="118.8101032">
   </trkpt>
   <trkpt lat="31.8875296" lon="118.8101029">
   </trkpt>
   <trkpt lat="31.8875341" lon="118.8101026">
   </trkpt>
   <trkpt lat="31.8875385" lon="118.8101023">
   </trkpt>
   <trkpt lat="31.8875430" lon="118.8101021">
   </trkpt>
   <trkpt lat="31.8875475" lon="118.8101018">
   </trkpt>
   <trkpt lat="31.8875520" lon="118.8101015">
   </trkpt>
   <trkpt lat="31.8875565" lon="118.8101012">
   </trkpt>
   <trkpt lat="31.8875610" lon="118.8101010">
   </trkpt>
   <trkpt lat="31.8875655" lon="118.8101007">
   </trkpt>
   <trkpt lat="31.8875699" lon="118.8101004">
   </trkpt>
   <trkpt lat="31.8875744" lon="118.8101002">
   </trkpt>
   <trkpt lat="31.8875789" lon="118.8100999">
   </trkpt>
   <trkpt lat="31.8875834" lon="118.8100996">
   </trkpt>
   <trkpt lat="31.8875879" lon="118.8100993">
   </trkpt>
   <trkpt lat="31.8875924" lon="118.8100991">
   </trkpt>
   <trkpt lat="31.8875969" lon="118.8100988">
   </trkpt>
   <trkpt lat="31.8876013" lon="118.8100985">
   </trkpt>
   <trkpt lat="31.8876058" lon="118.8100983">
   </trkpt>
   <trkpt lat="31.8876103" lon="118.8100980">
   </trkpt>
   <trkpt lat="31.8876148" lon="118.8100977">
   </trkpt>
   <trkpt lat="31.8876193" lon="118.8100974">
   </trkpt>
   <trkpt lat="31.8876238" lon="118.8100972">
   </trkpt>
   <trkpt lat="31.8876283" lon="118.8100969">
   </trkpt>
   <trkpt lat="31.8876327" lon="118.8100966">
   </trkpt>
   <trkpt lat="31.8876372" lon="118.8100963">
   </trkpt>
   <trkpt lat="31.8876417" lon="118.8100961">
   </trkpt>
   <trkpt lat="31.8876462" lon="118.8100958">
   </trkpt>
   <trkpt lat="31.8876507" lon="118.8100955">
   </trkpt>
   <trkpt lat="31.8876552" lon="118.8100953">
   </trkpt>
   <trkpt lat="31.8876597" lon="118.8100950">
   </trkpt>
   <trkpt lat="31.8876641" lon="118.8100947">
   </trkpt>
   <trkpt lat="31.8876686" lon="118.8100944">
   </trkpt>
   <trkpt lat="31.8876731" lon="118.8100942">
   </trkpt>
   <trkpt lat="31.8876776" lon="118.8100939">
   </trkpt>
   <trkpt lat="31.8876821" lon="118.8100936">
   </trkpt>
   <trkpt lat="31.8876866" lon="118.8100933">
   </trkpt>
   <trkpt lat="31.8876911" lon="118.8100931">
   </trkpt>
   <trkpt lat="31.8876955" lon="118.8100928">
   </trkpt>
   <trkpt lat="31.8877000" lon="118.8100925">
   </trkpt>
   <trkpt lat="31.8877045" lon="118.8100923">
   </trkpt>
   <trkpt lat="31.8877090" lon="118.8100920">
   </trkpt>
   <trkpt lat="31.8877135" lon="118.8100917">
   </trkpt>
   <trkpt lat="31.8877180" lon="118.8100914">
   </trkpt>
   <trkpt lat="31.8877225" lon="118.8100912">
   </trkpt>
   <trkpt lat="31.8877269" lon="118.8100909">
   </trkpt>
   <trkpt lat="31.8877314" lon="118.8100906">
   </trkpt>
   <trkpt lat="31.8877359" lon="118.8100904">
   </trkpt>
   <trkpt lat="31.8877404" lon="118.8100901">
   </trkpt>
   <trkpt lat="31.8877449" lon="118.8100898">
   </trkpt>
   <trkpt lat="31.8877494" lon="118.8100895">
   </trkpt>
   <trkpt lat="31.8877539" lon="118.8100893">
   </trkpt>
   <trkpt lat="31.8877583" lon="118.8100890">
   </trkpt>
   <trkpt lat="31.8877628" lon="118.8100887">
   </trkpt>
   <trkpt lat="31.8877673" lon="118.8100884">
   </trkpt>
   <trkpt lat="31.8877718" lon="118.8100882">
   </trkpt>
   <trkpt lat="31.8877763" lon="118.8100879">
   </trkpt>
   <trkpt lat="31.8877808" lon="118.8100876">
   </trkpt>
   <trkpt lat="31.8877853" lon="118.8100874">
   </trkpt>
   <trkpt lat="31.8877897" lon="118.8100871">
   </trkpt>
   <trkpt lat="31.8877942" lon="118.8100868">
   </trkpt>
   <trkpt lat="31.8877987" lon="118.8100865">
   </trkpt>
   <trkpt lat="31.8878032" lon="118.8100863">
   </trkpt>
   <trkpt lat="31.8878077" lon="118.8100860">
   </trkpt>
   <trkpt lat="31.8878122" lon="118.8100857">
   </trkpt>
   <trkpt lat="31.8878166" lon="118.8100855">
   </trkpt>
   <trkpt lat="31.8878211" lon="118.8100852">
   </trkpt>
   <trkpt lat="31.8878256" lon="118.8100849">
   </trkpt>
   <trkpt lat="31.8878301" lon="118.8100846">
   </trkpt>
   <trkpt lat="31.8878346" lon="118.8100844">
   </trkpt>
   <trkpt lat="31.8878391" lon="118.8100841">
   </trkpt>
   <trkpt lat="31.8878436" lon="118.8100838">
   </trkpt>
   <trkpt lat="31.8878480" lon="118.8100835">
   </trkpt>
   <trkpt lat="31.8878525" lon="118.8100833">
   </trkpt>
   <trkpt lat="31.8878570" lon="118.8100830">
   </trkpt>
   <trkpt lat="31.8878615" lon="118.8100827">
   </trkpt>
   <trkpt lat="31.8878660" lon="118.8100825">
   </trkpt>
   <trkpt lat="31.8878705" lon="118.8100822">
   </trkpt>
   <trkpt lat="31.8878750" lon="118.8100819">
   </trkpt>
   <trkpt lat="31.8878794" lon="118.8100816">
   </trkpt>
   <trkpt lat="31.8878839" lon="118.8100814">
   </trkpt>
   <trkpt lat="31.8878884" lon="118.8100811">
   </trkpt>
   <trkpt lat="31.8878929" lon="118.8100808">
   </trkpt>
   <trkpt lat="31.8878974" lon="118.8100805">
   </trkpt>
   <trkpt lat="31.8879019" lon="118.8100803">
   </trkpt>
   <trkpt lat="31.8879064" lon="118.8100800">
   </trkpt>
   <trkpt lat="31.8879108" lon="118.8100797">
   </trkpt>
   <trkpt lat="31.8879153" lon="118.8100795">
   </trkpt>
   <trkpt lat="31.8879198" lon="118.8100792">
   </trkpt>
   <trkpt lat="31.8879243" lon="118.8100789">
   </trkpt>
   <trkpt lat="31.8879288" lon="118.8100786">
   </trkpt>
   <trkpt lat="31.8879333" lon="118.8100784">
   </trkpt>
   <trkpt lat="31.8879378" lon="118.8100781">
   </trkpt>
   <trkpt lat="31.8879422" lon="118.8100778">
   </trkpt>
   <trkpt lat="31.8879467" lon="118.8100776">
   </trkpt>
   <trkpt lat="31.8879512" lon="118.8100773">
   </trkpt>
   <trkpt lat="31.8879557" lon="118.8100770">
   </trkpt>
   <trkpt lat="31.8879602" lon="118.8100767">
   </trkpt>
   <trkpt lat="31.8879647" lon="118.8100765">
   </trkpt>
   <trkpt lat="31.8879692" lon="118.8100762">
   </trkpt>
   <trkpt lat="31.8879736" lon="118.8100759">
   </trkpt>
   <trkpt lat="31.8879781" lon="118.8100756">
   </trkpt>
   <trkpt lat="31.8879826" lon="118.8100754">
   </trkpt>
   <trkpt lat="31.8879871" lon="118.8100751">
   </trkpt>
   <trkpt lat="31.8879916" lon="118.8100748">
   </trkpt>
   <trkpt lat="31.8879961" lon="118.8100746">
   </trkpt>
   <trkpt lat="31.8880006" lon="118.8100743">
   </trkpt>
   <trkpt lat="31.8880050" lon="118.8100740">
   </trkpt>
   <trkpt lat="31.8880095" lon="118.8100737">
   </trkpt>
   <trkpt lat="31.8880140" lon="118.8100735">
   </trkpt>
   <trkpt lat="31.8880185" lon="118.8100732">
   </trkpt>
   <trkpt lat="31.8880230" lon="118.8100729">
   </trkpt>
   <trkpt lat="31.8880275" lon="118.8100726">
   </trkpt>
   <trkpt lat="31.8880320" lon="118.8100724">
   </trkpt>
   <trkpt lat="31.8880364" lon="118.8100721">
   </trkpt>
   <trkpt lat="31.8880409" lon="118.8100718">
   </trkpt>
   <trkpt lat="31.8880454" lon="118.8100716">
   </trkpt>
   <trkpt lat="31.8880499" lon="118.8100713">
   </trkpt>
   <trkpt lat="31.8880544" lon="118.8100710">
   </trkpt>
   <trkpt lat="31.8880589" lon="118.8100707">
   </trkpt>
   <trkpt lat="31.8880634" lon="118.8100705">
   </trkpt>
   <trkpt lat="31.8880678" lon="118.8100702">
   </trkpt>
   <trkpt lat="31.8880723" lon="118.8100699">
   </trkpt>
   <trkpt lat="31.8880768" lon="118.8100696">
   </trkpt>
   <trkpt lat="31.8880813" lon="118.8100694">
   </trkpt>
   <trkpt lat="31.8880858" lon="118.8100691">
   </trkpt>
   <trkpt lat="31.8880903" lon="118.8100688">
   </trkpt>
   <trkpt lat="31.8880948" lon="118.8100686">
   </trkpt>
   <trkpt lat="31.8880992" lon="118.8100683">
   </trkpt>
   <trkpt lat="31.8881037" lon="118.8100680">
   </trkpt>
   <trkpt lat="31.8881082" lon="118.8100677">
   </trkpt>
   <trkpt lat="31.8881127" lon="118.8100675">
   </trkpt>
   <trkpt lat="31.8881172" lon="118.8100672">
   </trkpt>
   <trkpt lat="31.8881217" lon="118.8100669">
   </trkpt>
   <trkpt lat="31.8881262" lon="118.8100666">
   </trkpt>
   <trkpt lat="31.8881306" lon="118.8100664">
   </trkpt>
   <trkpt lat="31.8881351" lon="118.8100661">
   </trkpt>
   <trkpt lat="31.8881396" lon="118.8100658">
   </trkpt>
   <trkpt lat="31.8881441" lon="118.8100656">
   </trkpt>
   <trkpt lat="31.8881486" lon="118.8100653">
   </trkpt>
   <trkpt lat="31.8881531" lon="118.8100650">
   </trkpt>
   <trkpt lat="31.8881576" lon="118.8100647">
   </trkpt>
   <trkpt lat="31.8881620" lon="118.8100645">
   </trkpt>
   <trkpt lat="31.8881665" lon="118.8100642">
   </trkpt>
   <trkpt lat="31.8881710" lon="118.8100639">
   </trkpt>
   <trkpt lat="31.8881755" lon="118.8100636">
   </trkpt>
   <trkpt lat="31.8881800" lon="118.8100634">
   </trkpt>
   <trkpt lat="31.8881845" lon="118.8100631">
   </trkpt>
   <trkpt lat="31.8881890" lon="118.8100628">
   </trkpt>
   <trkpt lat="31.8881934" lon="118.8100626">
   </trkpt>
   <trkpt lat="31.8881979" lon="118.8100623">
   </trkpt>
   <trkpt lat="31.8882024" lon="118.8100620">
   </trkpt>
   <trkpt lat="31.8882069" lon="118.8100617">
   </trkpt>
   <trkpt lat="31.8882114" lon="118.8100615">
   </trkpt>
   <trkpt lat="31.8882159" lon="118.8100612">
   </trkpt>
   <trkpt lat="31.8882204" lon="118.8100609">
   </trkpt>
   <trkpt lat="31.8882248" lon="118.8100607">
   </trkpt>
   <trkpt lat="31.8882293" lon="118.8100604">
   </trkpt>
   <trkpt lat="31.8882338" lon="118.8100601">
   </trkpt>
   <trkpt lat="31.8882383" lon="118.8100598">
   </trkpt>
   <trkpt lat="31.8882428" lon="118.8100596">
   </trkpt>
   <trkpt lat="31.8882473" lon="118.8100593">
   </trkpt>
   <trkpt lat="31.8882518" lon="118.8100590">
   </trkpt>
   <trkpt lat="31.8882562" lon="118.8100587">
   </trkpt>
   <trkpt lat="31.8882607" lon="118.8100585">
   </trkpt>
   <trkpt lat="31.8882652" lon="118.8100582">
   </trkpt>
   <trkpt lat="31.8882697" lon="118.8100579">
   </trkpt>
   <trkpt lat="31.8882742" lon="118.8100577">
   </trkpt>
   <trkpt lat="31.8882787" lon="118.8100574">
   </trkpt>
   <trkpt lat="31.8882832" lon="118.8100571">
   </trkpt>
   <trkpt lat="31.8882876" lon="118.8100568">
   </trkpt>
   <trkpt lat="31.8882921" lon="118.8100566">
   </trkpt>
   <trkpt lat="31.8882966" lon="118.8100563">
   </trkpt>
   <trkpt lat="31.8883011" lon="118.8100560">
   </trkpt>
   <trkpt lat="31.8883056" lon="118.8100557">
   </trkpt>
   <trkpt lat="31.8883101" lon="118.8100555">
   </trkpt>
   <trkpt lat="31.8883146" lon="118.8100552">
   </trkpt>
   <trkpt lat="31.8883190" lon="118.8100549">
   </trkpt>
   <trkpt lat="31.8883235" lon="118.8100547">
   </trkpt>
   <trkpt lat="31.8883280" lon="118.8100544">
   </trkpt>
   <trkpt lat="31.8883325" lon="118.8100541">
   </trkpt>
   <trkpt lat="31.8883370" lon="118.8100538">
   </trkpt>
   <trkpt lat="31.8883415" lon="118.8100536">
   </trkpt>
   <trkpt lat="31.8883460" lon="118.8100533">
   </trkpt>
   <trkpt lat="31.8883504" lon="118.8100530">
   </trkpt>
   <trkpt lat="31.8883549" lon="118.8100527">
   </trkpt>
   <trkpt lat="31.8883594" lon="118.8100525">
   </trkpt>
   <trkpt lat="31.8883639" lon="118.8100522">
   </trkpt>
   <trkpt lat="31.8883684" lon="118.8100520">
   </trkpt>
   <trkpt lat="31.8883729" lon="118.8100522">
   </trkpt>
   <trkpt lat="31.8883773" lon="118.8100526">
   </trkpt>
   <trkpt lat="31.8883818" lon="118.8100534">
   </trkpt>
   <trkpt lat="31.8883862" lon="118.8100545">
   </trkpt>
   <trkpt lat="31.8883905" lon="118.8100559">
   </trkpt>
   <trkpt lat="31.8883947" lon="118.8100577">
   </trkpt>
   <trkpt lat="31.8883989" lon="118.8100597">
   </trkpt>
   <trkpt lat="31.8884029" lon="118.8100621">
   </trkpt>
   <trkpt lat="31.8884068" lon="118.8100647">
   </trkpt>
   <trkpt lat="31.8884105" lon="118.8100677">
   </trkpt>
   <trkpt lat="31.8884141" lon="118.8100708">
   </trkpt>
   <trkpt lat="31.8884175" lon="118.8100743">
   </trkpt>
   <trkpt lat="31.8884207" lon="118.8100780">
   </trkpt>
   <trkpt lat="31.8884237" lon="118.8100819">
   </trkpt>
   <trkpt lat="31.8884265" lon="118.8100860">
   </trkpt>
   <trkpt lat="31.8884291" lon="118.8100904">
   </trkpt>
   <trkpt lat="31.8884315" lon="118.8100949">
   </trkpt>
   <trkpt lat="31.8884335" lon="118.8100996">
   </trkpt>
   <trkpt lat="31.8884354" lon="118.8101044">
   </trkpt>
   <trkpt lat="31.8884370" lon="118.8101093">
   </trkpt>
   <trkpt lat="31.8884383" lon="118.8101144">
   </trkpt>
   <trkpt lat="31.8884393" lon="118.8101196">
   </trkpt>
   <trkpt lat="31.8884401" lon="118.8101248">
   </trkpt>
   <trkpt lat="31.8884406" lon="118.8101300">
   </trkpt>
   <trkpt lat="31.8884409" lon="118.8101353">
   </trkpt>
   <trkpt lat="31.8884412" lon="118.8101406">
   </trkpt>
   <trkpt lat="31.8884414" lon="118.8101459">
   </trkpt>
   <trkpt lat="31.8884417" lon="118.8101511">
   </trkpt>
   <trkpt lat="31.8884420" lon="118.8101564">
   </trkpt>
   <trkpt lat="31.8884423" lon="118.8101617">
   </trkpt>
   <trkpt lat="31.8884425" lon="118.8101670">
   </trkpt>
   <trkpt lat="31.8884428" lon="118.8101723">
   </trkpt>
   <trkpt lat="31.8884431" lon="118.8101775">
   </trkpt>
   <trkpt lat="31.8884434" lon="118.8101828">
   </trkpt>
   <trkpt lat="31.8884436" lon="118.8101881">
   </trkpt>
   <trkpt lat="31.8884439" lon="118.8101934">
   </trkpt>
   <trkpt lat="31.8884442" lon="118.8101987">
   </trkpt>
   <trkpt lat="31.8884445" lon="118.8102039">
   </trkpt>
   <trkpt lat="31.8884447" lon="118.8102092">
   </trkpt>
   <trkpt lat="31.8884450" lon="118.8102145">
   </trkpt>
   <trkpt lat="31.8884453" lon="118.8102198">
   </trkpt>
   <trkpt lat="31.8884456" lon="118.8102251">
   </trkpt>
   <trkpt lat="31.8884459" lon="118.8102303">
   </trkpt>
   <trkpt lat="31.8884461" lon="118.8102356">
   </trkpt>
   <trkpt lat="31.8884464" lon="118.8102409">
   </trkpt>
   <trkpt lat="31.8884467" lon="118.8102462">
   </trkpt>
   <trkpt lat="31.8884470" lon="118.8102515">
   </trkpt>
   <trkpt lat="31.8884472" lon="118.8102567">
   </trkpt>
   <trkpt lat="31.8884475" lon="118.8102620">
   </trkpt>
   <trkpt lat="31.8884478" lon="118.8102673">
   </trkpt>
   <trkpt lat="31.8884481" lon="118.8102726">
   </trkpt>
   <trkpt lat="31.8884483" lon="118.8102779">
   </trkpt>
   <trkpt lat="31.8884486" lon="118.8102831">
   </trkpt>
   <trkpt lat="31.8884489" lon="118.8102884">
   </trkpt>
   <trkpt lat="31.8884492" lon="118.8102937">
   </trkpt>
   <trkpt lat="31.8884494" lon="118.8102990">
   </trkpt>
   <trkpt lat="31.8884497" lon="118.8103043">
   </trkpt>
   <trkpt lat="31.8884500" lon="118.8103095">
   </trkpt>
   <trkpt lat="31.8884503" lon="118.8103148">
   </trkpt>
   <trkpt lat="31.8884506" lon="118.8103201">
   </trkpt>
   <trkpt lat="31.8884508" lon="118.8103254">
   </trkpt>
   <trkpt lat="31.8884511" lon="118.8103307">
   </trkpt>
   <trkpt lat="31.8884514" lon="118.8103359">
   </trkpt>
   <trkpt lat="31.8884517" lon="118.8103412">
   </trkpt>
   <trkpt lat="31.8884519" lon="118.8103465">
   </trkpt>
   <trkpt lat="31.8884522" lon="118.8103518">
   </trkpt>
   <trkpt lat="31.8884525" lon="118.8103571">
   </trkpt>
   <trkpt lat="31.8884528" lon="118.8103623">
   </trkpt>
   <trkpt lat="31.8884530" lon="118.8103676">
   </trkpt>
   <trkpt lat="31.8884533" lon="118.8103729">
   </trkpt>
   <trkpt lat="31.8884536" lon="118.8103782">
   </trkpt>
   <trkpt lat="31.8884539" lon="118.8103835">
   </trkpt>
   <trkpt lat="31.8884541" lon="118.8103887">
   </trkpt>
   <trkpt lat="31.8884544" lon="118.8103940">
   </trkpt>
   <trkpt lat="31.8884547" lon="118.8103993">
   </trkpt>
   <trkpt lat="31.8884550" lon="118.8104046">
   </trkpt>
   <trkpt lat="31.8884552" lon="118.8104099">
   </trkpt>
   <trkpt lat="31.8884555" lon="118.8104151">
   </trkpt>
   <trkpt lat="31.8884558" lon="118.8104204">
   </trkpt>
   <trkpt lat="31.8884561" lon="118.8104257">
   </trkpt>
   <trkpt lat="31.8884564" lon="118.8104310">
   </trkpt>
   <trkpt lat="31.8884566" lon="118.8104363">
   </trkpt>
   <trkpt lat="31.8884569" lon="118.8104415">
   </trkpt>
   <trkpt lat="31.8884572" lon="118.8104468">
   </trkpt>
   <trkpt lat="31.8884575" lon="118.8104521">
   </trkpt>
   <trkpt lat="31.8884577" lon="118.8104574">
   </trkpt>
   <trkpt lat="31.8884580" lon="118.8104627">
   </trkpt>
   <trkpt lat="31.8884583" lon="118.8104679">
   </trkpt>
   <trkpt lat="31.8884586" lon="118.8104732">
   </trkpt>
   <trkpt lat="31.8884588" lon="118.8104785">
   </trkpt>
   <trkpt lat="31.8884591" lon="118.8104838">
   </trkpt>
   <trkpt lat="31.8884594" lon="118.8104891">
   </trkpt>
   <trkpt lat="31.8884597" lon="118.8104943">
   </trkpt>
   <trkpt lat="31.8884599" lon="118.8104996">
   </trkpt>
   <trkpt lat="31.8884602" lon="118.8105049">
   </trkpt>
   <trkpt lat="31.8884605" lon="118.8105102">
   </trkpt>
   <trkpt lat="31.8884608" lon="118.8105155">
   </trkpt>
   <trkpt lat="31.8884611" lon="118.8105207">
   </trkpt>
   <trkpt lat="31.8884613" lon="118.8105260">
   </trkpt>
   <trkpt lat="31.8884616" lon="118.8105313">
   </trkpt>
   <trkpt lat="31.8884619" lon="118.8105366">
   </trkpt>
   <trkpt lat="31.8884622" lon="118.8105419">
   </trkpt>
   <trkpt lat="31.8884624" lon="118.8105471">
   </trkpt>
   <trkpt lat="31.8884627" lon="118.8105524">
   </trkpt>
   <trkpt lat="31.8884630" lon="118.8105577">
   </trkpt>
   <trkpt lat="31.8884633" lon="118.8105630">
   </trkpt>
   <trkpt lat="31.8884635" lon="118.8105682">
   </trkpt>
   <trkpt lat="31.8884638" lon="118.8105735">
   </trkpt>
   <trkpt lat="31.8884641" lon="118.8105788">
   </trkpt>
   <trkpt lat="31.8884644" lon="118.8105841">
   </trkpt>
   <trkpt lat="31.8884646" lon="118.8105894">
   </trkpt>
   <trkpt lat="31.8884649" lon="118.8105946">
   </trkpt>
   <trkpt lat="31.8884652" lon="118.8105999">
   </trkpt>
   <trkpt lat="31.8884655" lon="118.8106052">
   </trkpt>
   <trkpt lat="31.8884657" lon="118.8106105">
   </trkpt>
   <trkpt lat="31.8884660" lon="118.8106158">
   </trkpt>
   <trkpt lat="31.8884663" lon="118.8106210">
   </trkpt>
   <trkpt lat="31.8884666" lon="118.8106263">
   </trkpt>
   <trkpt lat="31.8884669" lon="118.8106316">
   </trkpt>
   <trkpt lat="31.8884671" lon="118.8106369">
   </trkpt>
   <trkpt lat="31.8884674" lon="118.8106422">
   </trkpt>
   <trkpt lat="31.8884677" lon="118.8106474">
   </trkpt>
   <trkpt lat="31.8884680" lon="118.8106527">
   </trkpt>
   <trkpt lat="31.8884682" lon="118.8106580">
   </trkpt>
   <trkpt lat="31.8884685" lon="118.8106633">
   </trkpt>
   <trkpt lat="31.8884688" lon="118.8106686">
   </trkpt>
   <trkpt lat="31.8884691" lon="118.8106738">
   </trkpt>
   <trkpt lat="31.8884693" lon="118.8106791">
   </trkpt>
   <trkpt lat="31.8884696" lon="118.8106844">
   </trkpt>
   <trkpt lat="31.8884699" lon="118.8106897">
   </trkpt>
   <trkpt lat="31.8884702" lon="118.8106950">
   </trkpt>
   <trkpt lat="31.8884704" lon="118.8107002">
   </trkpt>
   <trkpt lat="31.8884707" lon="118.8107055">
   </trkpt>
   <trkpt lat="31.8884710" lon="118.8107108">
   </trkpt>
   <trkpt lat="31.8884713" lon="118.8107161">
   </trkpt>
   <trkpt lat="31.8884716" lon="118.8107214">
   </trkpt>
   <trkpt lat="31.8884718" lon="118.8107266">
   </trkpt>
   <trkpt lat="31.8884721" lon="118.8107319">
   </trkpt>
   <trkpt lat="31.8884724" lon="118.8107372">
   </trkpt>
   <trkpt lat="31.8884727" lon="118.8107425">
   </trkpt>
   <trkpt lat="31.8884729" lon="118.8107478">
   </trkpt>
   <trkpt lat="31.8884732" lon="118.8107530">
   </trkpt>
   <trkpt lat="31.8884735" lon="118.8107583">
   </trkpt>
   <trkpt lat="31.8884738" lon="118.8107636">
   </trkpt>
   <trkpt lat="31.8884740" lon="118.8107689">
   </trkpt>
   <trkpt lat="31.8884743" lon="118.8107742">
   </trkpt>
   <trkpt lat="31.8884746" lon="118.8107794">
   </trkpt>
   <trkpt lat="31.8884749" lon="118.8107847">
   </trkpt>
   <trkpt lat="31.8884751" lon="118.8107900">
   </trkpt>
   <trkpt lat="31.8884754" lon="118.8107953">
   </trkpt>
   <trkpt lat="31.8884757" lon="118.8108006">
   </trkpt>
   <trkpt lat="31.8884760" lon="118.8108058">
   </trkpt>
   <trkpt lat="31.8884762" lon="118.8108111">
   </trkpt>
   <trkpt lat="31.8884765" lon="118.8108164">
   </trkpt>
   <trkpt lat="31.8884768" lon="118.8108217">
   </trkpt>
   <trkpt lat="31.8884771" lon="118.8108270">
   </trkpt>
   <trkpt lat="31.8884774" lon="118.8108322">
   </trkpt>
   <trkpt lat="31.8884776" lon="118.8108375">
   </trkpt>
   <trkpt lat="31.8884779" lon="118.8108428">
   </trkpt>
   <trkpt lat="31.8884782" lon="118.8108481">
   </trkpt>
   <trkpt lat="31.8884785" lon="118.8108534">
   </trkpt>
   <trkpt lat="31.8884787" lon="118.8108586">
   </trkpt>
   <trkpt lat="31.8884790" lon="118.8108639">
   </trkpt>
   <trkpt lat="31.8884793" lon="118.8108692">
   </trkpt>
   <trkpt lat="31.8884796" lon="118.8108745">
   </trkpt>
   <trkpt lat="31.8884798" lon="118.8108798">
   </trkpt>
   <trkpt lat="31.8884801" lon="118.8108850">
   </trkpt>
   <trkpt lat="31.8884804" lon="118.8108903">
   </trkpt>
   <trkpt lat="31.8884807" lon="118.8108956">
   </trkpt>
   <trkpt lat="31.8884809" lon="118.8109009">
   </trkpt>
   <trkpt lat="31.8884812" lon="118.8109062">
   </trkpt>
   <trkpt lat="31.8884815" lon="118.8109114">
   </trkpt>
   <trkpt lat="31.8884818" lon="118.8109167">
   </trkpt>
   <trkpt lat="31.8884821" lon="118.8109220">
   </trkpt>
   <trkpt lat="31.8884823" lon="118.8109273">
   </trkpt>
   <trkpt lat="31.8884826" lon="118.8109326">
   </trkpt>
   <trkpt lat="31.8884829" lon="118.8109378">
   </trkpt>
   <trkpt lat="31.8884832" lon="118.8109431">
   </trkpt>
   <trkpt lat="31.8884834" lon="118.8109484">
   </trkpt>
   <trkpt lat="31.8884837" lon="118.8109537">
   </trkpt>
   <trkpt lat="31.8884840" lon="118.8109590">
   </trkpt>
   <trkpt lat="31.8884843" lon="118.8109642">
   </trkpt>
   <trkpt lat="31.8884845" lon="118.8109695">
   </trkpt>
   <trkpt lat="31.8884848" lon="118.8109748">
   </trkpt>
   <trkpt lat="31.8884851" lon="118.8109801">
   </trkpt>
   <trkpt lat="31.8884854" lon="118.8109854">
   </trkpt>
   <trkpt lat="31.8884856" lon="118.8109906">
   </trkpt>
   <trkpt lat="31.8884859" lon="118.8109959">
   </trkpt>
   <trkpt lat="31.8884862" lon="118.8110012">
   </trkpt>
   <trkpt lat="31.8884865" lon="118.8110065">
   </trkpt>
   <trkpt lat="31.8884867" lon="118.8110118">
   </trkpt>
   <trkpt lat="31.8884870" lon="118.8110170">
   </trkpt>
   <trkpt lat="31.8884873" lon="118.8110223">
   </trkpt>
   <trkpt lat="31.8884876" lon="118.8110276">
   </trkpt>
   <trkpt lat="31.8884879" lon="118.8110329">
   </trkpt>
   <trkpt lat="31.8884881" lon="118.8110382">
   </trkpt>
   <trkpt lat="31.8884884" lon="118.8110434">
   </trkpt>
   <trkpt lat="31.8884887" lon="118.8110487">
   </trkpt>
   <trkpt lat="31.8884890" lon="118.8110540">
   </trkpt>
   <trkpt lat="31.8884892" lon="118.8110593">
   </trkpt>
   <trkpt lat="31.8884895" lon="118.8110646">
   </trkpt>
   <trkpt lat="31.8884898" lon="118.8110698">
   </trkpt>
   <trkpt lat="31.8884901" lon="118.8110751">
   </trkpt>
   <trkpt lat="31.8884903" lon="118.8110804">
   </trkpt>
   <trkpt lat="31.8884906" lon="118.8110857">
   </trkpt>
   <trkpt lat="31.8884909" lon="118.8110910">
   </trkpt>
   <trkpt lat="31.8884912" lon="118.8110962">
   </trkpt>
   <trkpt lat="31.8884914" lon="118.8111015">
   </trkpt>
   <trkpt lat="31.8884917" lon="118.8111068">
   </trkpt>
   <trkpt lat="31.8884920" lon="118.8111121">
   </trkpt>
   <trkpt lat="31.8884923" lon="118.8111174">
   </trkpt>
   <trkpt lat="31.8884926" lon="118.8111226">
   </trkpt>
   <trkpt lat="31.8884928" lon="118.8111279">
   </trkpt>
   <trkpt lat="31.8884931" lon="118.8111332">
   </trkpt>
   <trkpt lat="31.8884934" lon="118.8111385">
   </trkpt>
   <trkpt lat="31.8884937" lon="118.8111438">
   </trkpt>
   <trkpt lat="31.8884939" lon="118.8111490">
   </trkpt>
   <trkpt lat="31.8884942" lon="118.8111543">
   </trkpt>
   <trkpt lat="31.8884945" lon="118.8111596">
   </trkpt>
   <trkpt lat="31.8884948" lon="118.8111649">
   </trkpt>
   <trkpt lat="31.8884950" lon="118.8111702">
   </trkpt>
   <trkpt lat="31.8884953" lon="118.8111754">
   </trkpt>
   <trkpt lat="31.8884956" lon="118.8111807">
   </trkpt>
   <trkpt lat="31.8884959" lon="118.8111860">
   </trkpt>
   <trkpt lat="31.8884961" lon="118.8111913">
   </trkpt>
   <trkpt lat="31.8884964" lon="118.8111966">
   </trkpt>
   <trkpt lat="31.8884967" lon="118.8112018">
   </trkpt>
   <trkpt lat="31.8884970" lon="118.8112071">
   </trkpt>
   <trkpt lat="31.8884972" lon="118.8112124">
   </trkpt>
   <trkpt lat="31.8884975" lon="118.8112177">
   </trkpt>
   <trkpt lat="31.8884978" lon="118.8112230">
   </trkpt>
   <trkpt lat="31.8884981" lon="118.8112282">
   </trkpt>
   <trkpt lat="31.8884984" lon="118.8112335">
   </trkpt>
   <trkpt lat="31.8884986" lon="118.8112388">
   </trkpt>
   <trkpt lat="31.8884989" lon="118.8112441">
   </trkpt>
   <trkpt lat="31.8884992" lon="118.8112494">
   </trkpt>
   <trkpt lat="31.8884995" lon="118.8112546">
   </trkpt>
   <trkpt lat="31.8884997" lon="118.8112599">
   </trkpt>
   <trkpt lat="31.8885000" lon="118.8112652">
   </trkpt>
   <trkpt lat="31.8885003" lon="118.8112705">
   </trkpt>
   <trkpt lat="31.8885006" lon="118.8112758">
   </trkpt>
   <trkpt lat="31.8885008" lon="118.8112810">
   </trkpt>
   <trkpt lat="31.8885011" lon="118.8112863">
   </trkpt>
   <trkpt lat="31.8885014" lon="118.8112916">
   </trkpt>
   <trkpt lat="31.8885017" lon="118.8112969">
   </trkpt>
   <trkpt lat="31.8885019" lon="118.8113022">
   </trkpt>
   <trkpt lat="31.8885022" lon="118.8113074">
   </trkpt>
   <trkpt lat="31.8885025" lon="118.8113127">
   </trkpt>
   <trkpt lat="31.8885028" lon="118.8113180">
   </trkpt>
   <trkpt lat="31.8885031" lon="118.8113233">
   </trkpt>
   <trkpt lat="31.8885034" lon="118.8113286">
   </trkpt>
   <trkpt lat="31.8885037" lon="118.8113338">
   </trkpt>
   <trkpt lat="31.8885040" lon="118.8113391">
   </trkpt>
   <trkpt lat="31.8885043" lon="118.8113444">
   </trkpt>
   <trkpt lat="31.8885046" lon="118.8113497">
   </trkpt>
   <trkpt lat="31.8885049" lon="118.8113549">
   </trkpt>
   <trkpt lat="31.8885051" lon="118.8113602">
   </trkpt>
   <trkpt lat="31.8885054" lon="118.8113655">
   </trkpt>
   <trkpt lat="31.8885057" lon="118.8113708">
   </trkpt>
   <trkpt lat="31.8885060" lon="118.8113761">
   </trkpt>
   <trkpt lat="31.8885063" lon="118.8113813">
   </trkpt>
   <trkpt lat="31.8885066" lon="118.8113866">
   </trkpt>
   <trkpt lat="31.8885068" lon="118.8113919">
   </trkpt>
   <trkpt lat="31.8885071" lon="118.8113972">
   </trkpt>
   <trkpt lat="31.8885073" lon="118.8114025">
   </trkpt>
   <trkpt lat="31.8885076" lon="118.8114077">
   </trkpt>
   <trkpt lat="31.8885074" lon="118.8114130">
   </trkpt>
   <trkpt lat="31.8885065" lon="118.8114182">
   </trkpt>
   <trkpt lat="31.8885047" lon="118.8114230">
   </trkpt>
   <trkpt lat="31.8885020" lon="118.8114272">
   </trkpt>
   <trkpt lat="31.8884987" lon="118.8114308">
   </trkpt>
   <trkpt lat="31.8884949" lon="118.8114334">
   </trkpt>
   <trkpt lat="31.8884906" lon="118.8114350">
   </trkpt>
   <trkpt lat="31.8884862" lon="118.8114359">
   </trkpt>
   <trkpt lat="31.8884817" lon="118.8114365">
   </trkpt>
   <trkpt lat="31.8884773" lon="118.8114370">
   </trkpt>
   <trkpt lat="31.8884728" lon="118.8114376">
   </trkpt>
   <trkpt lat="31.8884683" lon="118.8114381">
   </trkpt>
   <trkpt lat="31.8884639" lon="118.8114387">
   </trkpt>
   <trkpt lat="31.8884594" lon="118.8114392">
   </trkpt>
   <trkpt lat="31.8884549" lon="118.8114398">
   </trkpt>
   <trkpt lat="31.8884505" lon="118.8114403">
   </trkpt>
   <trkpt lat="31.8884460" lon="118.8114409">
   </trkpt>
   <trkpt lat="31.8884415" lon="118.8114414">
   </trkpt>
   <trkpt lat="31.8884371" lon="118.8114420">
   </trkpt>
   <trkpt lat="31.8884326" lon="118.8114426">
   </trkpt>
   <trkpt lat="31.8884281" lon="118.8114431">
   </trkpt>
   <trkpt lat="31.8884237" lon="118.8114437">
   </trkpt>
   <trkpt lat="31.8884192" lon="118.8114442">
   </trkpt>
   <trkpt lat="31.8884147" lon="118.8114448">
   </trkpt>
   <trkpt lat="31.8884103" lon="118.8114453">
   </trkpt>
   <trkpt lat="31.8884058" lon="118.8114459">
   </trkpt>
   <trkpt lat="31.8884013" lon="118.8114464">
   </trkpt>
   <trkpt lat="31.8883969" lon="118.8114470">
   </trkpt>
   <trkpt lat="31.8883924" lon="118.8114476">
   </trkpt>
   <trkpt lat="31.8883879" lon="118.8114482">
   </trkpt>
   <trkpt lat="31.8883835" lon="118.8114488">
   </trkpt>
   <trkpt lat="31.8883790" lon="118.8114495">
   </trkpt>
   <trkpt lat="31.8883746" lon="118.8114501">
   </trkpt>
   <trkpt lat="31.8883701" lon="118.8114508">
   </trkpt>
   <trkpt lat="31.8883656" lon="118.8114514">
   </trkpt>
   <trkpt lat="31.8883612" lon="118.8114520">
   </trkpt>
   <trkpt lat="31.8883567" lon="118.8114527">
   </trkpt>
   <trkpt lat="31.8883523" lon="118.8114533">
   </trkpt>
   <trkpt lat="31.8883478" lon="118.8114539">
   </trkpt>
   <trkpt lat="31.8883433" lon="118.8114546">
   </trkpt>
   <trkpt lat="31.8883389" lon="118.8114552">
   </trkpt>
   <trkpt lat="31.8883344" lon="118.8114559">
   </trkpt>
   <trkpt lat="31.8883300" lon="118.8114565">
   </trkpt>
   <trkpt lat="31.8883255" lon="118.8114571">
   </trkpt>
   <trkpt lat="31.8883210" lon="118.8114578">
   </trkpt>
   <trkpt lat="31.8883166" lon="118.8114584">
   </trkpt>
   <trkpt lat="31.8883121" lon="118.8114590">
   </trkpt>
   <trkpt lat="31.8883077" lon="118.8114597">
   </trkpt>
   <trkpt lat="31.8883032" lon="118.8114603">
   </trkpt>
   <trkpt lat="31.8882988" lon="118.8114610">
   </trkpt>
   <trkpt lat="31.8882943" lon="118.8114616">
   </trkpt>
   <trkpt lat="31.8882899" lon="118.8114624">
   </trkpt>
   <trkpt lat="31.8882855" lon="118.8114635">
   </trkpt>
   <trkpt lat="31.8882811" lon="118.8114647">
   </trkpt>
   <trkpt lat="31.8882767" lon="118.8114658">
   </trkpt>
   <trkpt lat="31.8882723" lon="118.8114669">
   </trkpt>
   <trkpt lat="31.8882679" lon="118.8114680">
   </trkpt>
   <trkpt lat="31.8882635" lon="118.8114691">
   </trkpt>
   <trkpt lat="31.8882591" lon="118.8114703">
   </trkpt>
   <trkpt lat="31.8882547" lon="118.8114714">
   </trkpt>
   <trkpt lat="31.8882504" lon="118.8114725">
   </trkpt>
   <trkpt lat="31.8882460" lon="118.8114736">
   </trkpt>
   <trkpt lat="31.8882416" lon="118.8114747">
   </trkpt>
   <trkpt lat="31.8882372" lon="118.8114759">
   </trkpt>
   <trkpt lat="31.8882328" lon="118.8114770">
   </trkpt>
   <trkpt lat="31.8882284" lon="118.8114781">
   </trkpt>
   <trkpt lat="31.8882240" lon="118.8114792">
   </trkpt>
   <trkpt lat="31.8882196" lon="118.8114803">
   </trkpt>
   <trkpt lat="31.8882152" lon="118.8114814">
   </trkpt>
   <trkpt lat="31.8882108" lon="118.8114826">
   </trkpt>
   <trkpt lat="31.8882065" lon="118.8114837">
   </trkpt>
   <trkpt lat="31.8882021" lon="118.8114848">
   </trkpt>
   <trkpt lat="31.8881977" lon="118.8114859">
   </trkpt>
   <trkpt lat="31.8881933" lon="118.8114870">
   </trkpt>
   <trkpt lat="31.8881889" lon="118.8114882">
   </trkpt>
   <trkpt lat="31.8881845" lon="118.8114893">
   </trkpt>
   <trkpt lat="31.8881801" lon="118.8114904">
   </trkpt>
   <trkpt lat="31.8881757" lon="118.8114915">
   </trkpt>
   <trkpt lat="31.8881713" lon="118.8114926">
   </trkpt>
   <trkpt lat="31.8881669" lon="118.8114938">
   </trkpt>
   <trkpt lat="31.8881626" lon="118.8114949">
   </trkpt>
   <trkpt lat="31.8881582" lon="118.8114960">
   </trkpt>
   <trkpt lat="31.8881538" lon="118.8114971">
   </trkpt>
   <trkpt lat="31.8881494" lon="118.8114982">
   </trkpt>
   <trkpt lat="31.8881450" lon="118.8114994">
   </trkpt>
   <trkpt lat="31.8881406" lon="118.8115005">
   </trkpt>
   <trkpt lat="31.8881362" lon="118.8115016">
   </trkpt>
   <trkpt lat="31.8881318" lon="118.8115027">
   </trkpt>
   <trkpt lat="31.8881274" lon="118.8115038">
   </trkpt>
   <trkpt lat="31.8881230" lon="118.8115050">
   </trkpt>
   <trkpt lat="31.8881187" lon="118.8115061">
   </trkpt>
   <trkpt lat="31.8881143" lon="118.8115072">
   </trkpt>
   <trkpt lat="31.8881099" lon="118.8115083">
   </trkpt>
   <trkpt lat="31.8881055" lon="118.8115094">
   </trkpt>
   <trkpt lat="31.8881011" lon="118.8115106">
   </trkpt>
   <trkpt lat="31.8880967" lon="118.8115117">
   </trkpt>
   <trkpt lat="31.8880923" lon="118.8115128">
   </trkpt>
   <trkpt lat="31.8880879" lon="118.8115139">
   </trkpt>
   <trkpt lat="31.8880835" lon="118.8115150">
   </trkpt>
   <trkpt lat="31.8880791" lon="118.8115162">
   </trkpt>
   <trkpt lat="31.8880748" lon="118.8115173">
   </trkpt>
   <trkpt lat="31.8880704" lon="118.8115184">
   </trkpt>
   <trkpt lat="31.8880660" lon="118.8115195">
   </trkpt>
   <trkpt lat="31.8880616" lon="118.8115206">
   </trkpt>
   <trkpt lat="31.8880572" lon="118.8115218">
   </trkpt>
   <trkpt lat="31.8880528" lon="118.8115229">
   </trkpt>
   <trkpt lat="31.8880484" lon="118.8115240">
   </trkpt>
   <trkpt lat="31.8880440" lon="118.8115251">
   </trkpt>
   <trkpt lat="31.8880396" lon="118.8115262">
   </trkpt>
   <trkpt lat="31.8880353" lon="118.8115274">
   </trkpt>
   <trkpt lat="31.8880309" lon="118.8115285">
   </trkpt>
   <trkpt lat="31.8880265" lon="118.8115296">
   </trkpt>
   <trkpt lat="31.8880221" lon="118.8115307">
   </trkpt>
   <trkpt lat="31.8880177" lon="118.8115318">
   </trkpt>
   <trkpt lat="31.8880133" lon="118.8115329">
   </trkpt>
   <trkpt lat="31.8880089" lon="118.8115341">
   </trkpt>
   <trkpt lat="31.8880047" lon="118.8115358">
   </trkpt>
   <trkpt lat="31.8880005" lon="118.8115378">
   </trkpt>
   <trkpt lat="31.8879963" lon="118.8115397">
   </trkpt>
   <trkpt lat="31.8879921" lon="118.8115416">
   </trkpt>
   <trkpt lat="31.8879880" lon="118.8115436">
   </trkpt>
   <trkpt lat="31.8879838" lon="118.8115455">
   </trkpt>
   <trkpt lat="31.8879796" lon="118.8115475">
   </trkpt>
   <trkpt lat="31.8879754" lon="118.8115494">
   </trkpt>
   <trkpt lat="31.8879713" lon="118.8115513">
   </trkpt>
   <trkpt lat="31.8879671" lon="118.8115533">
   </trkpt>
   <trkpt lat="31.8879629" lon="118.8115552">
   </trkpt>
   <trkpt lat="31.8879587" lon="118.8115571">
   </trkpt>
   <trkpt lat="31.8879545" lon="118.8115591">
   </trkpt>
   <trkpt lat="31.8879504" lon="118.8115610">
   </trkpt>
   <trkpt lat="31.8879462" lon="118.8115630">
   </trkpt>
   <trkpt lat="31.8879420" lon="118.8115649">
   </trkpt>
   <trkpt lat="31.8879378" lon="118.8115668">
   </trkpt>
   <trkpt lat="31.8879336" lon="118.8115688">
   </trkpt>
   <trkpt lat="31.8879295" lon="118.8115707">
   </trkpt>
   <trkpt lat="31.8879253" lon="118.8115726">
   </trkpt>
   <trkpt lat="31.8879211" lon="118.8115746">
   </trkpt>
   <trkpt lat="31.8879169" lon="118.8115765">
   </trkpt>
   <trkpt lat="31.8879127" lon="118.8115785">
   </trkpt>
   <trkpt lat="31.8879086" lon="118.8115804">
   </trkpt>
   <trkpt lat="31.8879044" lon="118.8115823">
   </trkpt>
   <trkpt lat="31.8879002" lon="118.8115843">
   </trkpt>
   <trkpt lat="31.8878960" lon="118.8115862">
   </trkpt>
   <trkpt lat="31.8878918" lon="118.8115881">
   </trkpt>
   <trkpt lat="31.8878877" lon="118.8115901">
   </trkpt>
   <trkpt lat="31.8878835" lon="118.8115920">
   </trkpt>
   <trkpt lat="31.8878793" lon="118.8115939">
   </trkpt>
   <trkpt lat="31.8878751" lon="118.8115959">
   </trkpt>
   <trkpt lat="31.8878709" lon="118.8115978">
   </trkpt>
   <trkpt lat="31.8878668" lon="118.8115998">
   </trkpt>
   <trkpt lat="31.8878626" lon="118.8116017">
   </trkpt>
   <trkpt lat="31.8878584" lon="118.8116036">
   </trkpt>
   <trkpt lat="31.8878542" lon="118.8116056">
   </trkpt>
   <trkpt lat="31.8878500" lon="118.8116075">
   </trkpt>
   <trkpt lat="31.8878459" lon="118.8116094">
   </trkpt>
   <trkpt lat="31.8878417" lon="118.8116114">
   </trkpt>
   <trkpt lat="31.8878375" lon="118.8116133">
   </trkpt>
   <trkpt lat="31.8878333" lon="118.8116153">
   </trkpt>
   <trkpt lat="31.8878291" lon="118.8116172">
   </trkpt>
   <trkpt lat="31.8878250" lon="118.8116191">
   </trkpt>
   <trkpt lat="31.8878208" lon="118.8116211">
   </trkpt>
   <trkpt lat="31.8878166" lon="118.8116230">
   </trkpt>
   <trkpt lat="31.8878124" lon="118.8116249">
   </trkpt>
   <trkpt lat="31.8878082" lon="118.8116269">
   </trkpt>
   <trkpt lat="31.8878041" lon="118.8116288">
   </trkpt>
   <trkpt lat="31.8877999" lon="118.8116308">
   </trkpt>
   <trkpt lat="31.8877957" lon="118.8116327">
   </trkpt>
   <trkpt lat="31.8877915" lon="118.8116346">
   </trkpt>
   <trkpt lat="31.8877874" lon="118.8116366">
   </trkpt>
   <trkpt lat="31.8877832" lon="118.8116385">
   </trkpt>
   <trkpt lat="31.8877790" lon="118.8116404">
   </trkpt>
   <trkpt lat="31.8877748" lon="118.8116424">
   </trkpt>
   <trkpt lat="31.8877706" lon="118.8116443">
   </trkpt>
   <trkpt lat="31.8877665" lon="118.8116463">
   </trkpt>
   <trkpt lat="31.8877623" lon="118.8116482">
   </trkpt>
   <trkpt lat="31.8877581" lon="118.8116501">
   </trkpt>
   <trkpt lat="31.8877539" lon="118.8116521">
   </trkpt>
   <trkpt lat="31.8877497" lon="118.8116540">
   </trkpt>
   <trkpt lat="31.8877456" lon="118.8116559">
   </trkpt>
   <trkpt lat="31.8877414" lon="118.8116579">
   </trkpt>
   <trkpt lat="31.8877372" lon="118.8116598">
   </trkpt>
   <trkpt lat="31.8877330" lon="118.8116617">
   </trkpt>
   <trkpt lat="31.8877288" lon="118.8116637">
   </trkpt>
   <trkpt lat="31.8877247" lon="118.8116656">
   </trkpt>
   <trkpt lat="31.8877205" lon="118.8116676">
   </trkpt>
   <trkpt lat="31.8877163" lon="118.8116695">
   </trkpt>
   <trkpt lat="31.8877121" lon="118.8116714">
   </trkpt>
   <trkpt lat="31.8877079" lon="118.8116734">
   </trkpt>
   <trkpt lat="31.8877038" lon="118.8116753">
   </trkpt>
   <trkpt lat="31.8876996" lon="118.8116772">
   </trkpt>
   <trkpt lat="31.8876954" lon="118.8116792">
   </trkpt>
   <trkpt lat="31.8876912" lon="118.8116811">
   </trkpt>
   <trkpt lat="31.8876870" lon="118.8116831">
   </trkpt>
   <trkpt lat="31.8876829" lon="118.8116850">
   </trkpt>
   <trkpt lat="31.8876787" lon="118.8116869">
   </trkpt>
   <trkpt lat="31.8876745" lon="118.8116889">
   </trkpt>
   <trkpt lat="31.8876703" lon="118.8116908">
   </trkpt>
   <trkpt lat="31.8876661" lon="118.8116927">
   </trkpt>
   <trkpt lat="31.8876620" lon="118.8116947">
   </trkpt>
   <trkpt lat="31.8876580" lon="118.8116971">
   </trkpt>
   <trkpt lat="31.8876541" lon="118.8116998">
   </trkpt>
   <trkpt lat="31.8876503" lon="118.8117025">
   </trkpt>
   <trkpt lat="31.8876464" lon="118.8117052">
   </trkpt>
   <trkpt lat="31.8876425" lon="118.8117079">
   </trkpt>
   <trkpt lat="31.8876387" lon="118.8117106">
   </trkpt>
   <trkpt lat="31.8876348" lon="118.8117133">
   </trkpt>
   <trkpt lat="31.8876310" lon="118.8117160">
   </trkpt>
   <trkpt lat="31.8876271" lon="118.8117187">
   </trkpt>
   <trkpt lat="31.8876232" lon="118.8117214">
   </trkpt>
   <trkpt lat="31.8876194" lon="118.8117241">
   </trkpt>
   <trkpt lat="31.8876155" lon="118.8117268">
   </trkpt>
   <trkpt lat="31.8876117" lon="118.8117295">
   </trkpt>
   <trkpt lat="31.8876078" lon="118.8117323">
   </trkpt>
   <trkpt lat="31.8876039" lon="118.8117350">
   </trkpt>
   <trkpt lat="31.8876001" lon="118.8117377">
   </trkpt>
   <trkpt lat="31.8875962" lon="118.8117404">
   </trkpt>
   <trkpt lat="31.8875924" lon="118.8117431">
   </trkpt>
   <trkpt lat="31.8875885" lon="118.8117458">
   </trkpt>
   <trkpt lat="31.8875846" lon="118.8117485">
   </trkpt>
   <trkpt lat="31.8875808" lon="118.8117512">
   </trkpt>
   <trkpt lat="31.8875769" lon="118.8117539">
   </trkpt>
   <trkpt lat="31.8875731" lon="118.8117566">
   </trkpt>
   <trkpt lat="31.8875692" lon="118.8117593">
   </trkpt>
   <trkpt lat="31.8875653" lon="118.8117620">
   </trkpt>
   <trkpt lat="31.8875615" lon="118.8117647">
   </trkpt>
   <trkpt lat="31.8875576" lon="118.8117674">
   </trkpt>
   <trkpt lat="31.8875538" lon="118.8117701">
   </trkpt>
   <trkpt lat="31.8875499" lon="118.8117728">
   </trkpt>
   <trkpt lat="31.8875461" lon="118.8117756">
   </trkpt>
   <trkpt lat="31.8875422" lon="118.8117783">
   </trkpt>
   <trkpt lat="31.8875383" lon="118.8117810">
   </trkpt>
   <trkpt lat="31.8875345" lon="118.8117837">
   </trkpt>
   <trkpt lat="31.8875306" lon="118.8117864">
   </trkpt>
   <trkpt lat="31.8875268" lon="118.8117891">
   </trkpt>
   <trkpt lat="31.8875229" lon="118.8117918">
   </trkpt>
   <trkpt lat="31.8875190" lon="118.8117945">
   </trkpt>
   <trkpt lat="31.8875152" lon="118.8117972">
   </trkpt>
   <trkpt lat="31.8875113" lon="118.8117999">
   </trkpt>
   <trkpt lat="31.8875075" lon="118.8118026">
   </trkpt>
   <trkpt lat="31.8875036" lon="118.8118053">
   </trkpt>
   <trkpt lat="31.8874997" lon="118.8118080">
   </trkpt>
   <trkpt lat="31.8874959" lon="118.8118107">
   </trkpt>
   <trkpt lat="31.8874920" lon="118.8118134">
   </trkpt>
   <trkpt lat="31.8874882" lon="118.8118162">
   </trkpt>
   <trkpt lat="31.8874843" lon="118.8118189">
   </trkpt>
   <trkpt lat="31.8874804" lon="118.8118216">
   </trkpt>
   <trkpt lat="31.8874766" lon="118.8118243">
   </trkpt>
   <trkpt lat="31.8874727" lon="118.8118270">
   </trkpt>
   <trkpt lat="31.8874689" lon="118.8118297">
   </trkpt>
   <trkpt lat="31.8874650" lon="118.8118324">
   </trkpt>
   <trkpt lat="31.8874612" lon="118.8118351">
   </trkpt>
   <trkpt lat="31.8874573" lon="118.8118378">
   </trkpt>
   <trkpt lat="31.8874534" lon="118.8118405">
   </trkpt>
   <trkpt lat="31.8874496" lon="118.8118432">
   </trkpt>
   <trkpt lat="31.8874457" lon="118.8118459">
   </trkpt>
   <trkpt lat="31.8874419" lon="118.8118486">
   </trkpt>
   <trkpt lat="31.8874380" lon="118.8118513">
   </trkpt>
   <trkpt lat="31.8874341" lon="118.8118540">
   </trkpt>
   <trkpt lat="31.8874303" lon="118.8118568">
   </trkpt>
   <trkpt lat="31.8874264" lon="118.8118595">
   </trkpt>
   <trkpt lat="31.8874226" lon="118.8118622">
   </trkpt>
   <trkpt lat="31.8874187" lon="118.8118649">
   </trkpt>
   <trkpt lat="31.8874148" lon="118.8118676">
   </trkpt>
   <trkpt lat="31.8874110" lon="118.8118703">
   </trkpt>
   <trkpt lat="31.8874071" lon="118.8118730">
   </trkpt>
   <trkpt lat="31.8874033" lon="118.8118757">
   </trkpt>
   <trkpt lat="31.8873994" lon="118.8118784">
   </trkpt>
   <trkpt lat="31.8873955" lon="118.8118811">
   </trkpt>
   <trkpt lat="31.8873917" lon="118.8118838">
   </trkpt>
   <trkpt lat="31.8873878" lon="118.8118865">
   </trkpt>
   <trkpt lat="31.8873840" lon="118.8118892">
   </trkpt>
   <trkpt lat="31.8873801" lon="118.8118919">
   </trkpt>
   <trkpt lat="31.8873763" lon="118.8118946">
   </trkpt>
   <trkpt lat="31.8873724" lon="118.8118974">
   </trkpt>
   <trkpt lat="31.8873685" lon="118.8119001">
   </trkpt>
   <trkpt lat="31.8873647" lon="118.8119028">
   </trkpt>
   <trkpt lat="31.8873608" lon="118.8119055">
   </trkpt>
   <trkpt lat="31.8873570" lon="118.8119082">
   </trkpt>
   <trkpt lat="31.8873531" lon="118.8119109">
   </trkpt>
   <trkpt lat="31.8873492" lon="118.8119136">
   </trkpt>
   <trkpt lat="31.8873454" lon="118.8119163">
   </trkpt>
   <trkpt lat="31.8873415" lon="118.8119190">
   </trkpt>
   <trkpt lat="31.8873378" lon="118.8119220">
   </trkpt>
   <trkpt lat="31.8873344" lon="118.8119254">
   </trkpt>
   <trkpt lat="31.8873309" lon="118.8119288">
   </trkpt>
   <trkpt lat="31.8873275" lon="118.8119322">
   </trkpt>
   <trkpt lat="31.8873241" lon="118.8119356">
   </trkpt>
   <trkpt lat="31.8873206" lon="118.8119390">
   </trkpt>
   <trkpt lat="31.8873172" lon="118.8119424">
   </trkpt>
   <trkpt lat="31.8873138" lon="118.8119458">
   </trkpt>
   <trkpt lat="31.8873103" lon="118.8119492">
   </trkpt>
   <trkpt lat="31.8873069" lon="118.8119526">
   </trkpt>
   <trkpt lat="31.8873034" lon="118.8119560">
   </trkpt>
   <trkpt lat="31.8873000" lon="118.8119594">
   </trkpt>
   <trkpt lat="31.8872966" lon="118.8119628">
   </trkpt>
   <trkpt lat="31.8872931" lon="118.8119662">
   </trkpt>
   <trkpt lat="31.8872897" lon="118.8119696">
   </trkpt>
   <trkpt lat="31.8872862" lon="118.8119730">
   </trkpt>
   <trkpt lat="31.8872828" lon="118.8119764">
   </trkpt>
   <trkpt lat="31.8872794" lon="118.8119798">
   </trkpt>
   <trkpt lat="31.8872759" lon="118.8119832">
   </trkpt>
   <trkpt lat="31.8872725" lon="118.8119867">
   </trkpt>
   <trkpt lat="31.8872691" lon="118.8119901">
   </trkpt>
   <trkpt lat="31.8872656" lon="118.8119935">
   </trkpt>
   <trkpt lat="31.8872622" lon="118.8119969">
   </trkpt>
   <trkpt lat="31.8872587" lon="118.8120003">
   </trkpt>
   <trkpt lat="31.8872553" lon="118.8120037">
   </trkpt>
   <trkpt lat="31.8872519" lon="118.8120071">
   </trkpt>
   <trkpt lat="31.8872484" lon="118.8120105">
   </trkpt>
   <trkpt lat="31.8872450" lon="118.8120139">
   </trkpt>
   <trkpt lat="31.8872416" lon="118.8120173">
   </trkpt>
   <trkpt lat="31.8872381" lon="118.8120207">
   </trkpt>
   <trkpt lat="31.8872347" lon="118.8120241">
   </trkpt>
   <trkpt lat="31.8872312" lon="118.8120275">
   </trkpt>
   <trkpt lat="31.8872278" lon="118.8120309">
   </trkpt>
   <trkpt lat="31.8872244" lon="118.8120343">
   </trkpt>
   <trkpt lat="31.8872209" lon="118.8120377">
   </trkpt>
   <trkpt lat="31.8872175" lon="118.8120411">
   </trkpt>
   <trkpt lat="31.8872141" lon="118.8120445">
   </trkpt>
   <trkpt lat="31.8872106" lon="118.8120479">
   </trkpt>
   <trkpt lat="31.8872072" lon="118.8120513">
   </trkpt>
   <trkpt lat="31.8872037" lon="118.8120547">
   </trkpt>
   <trkpt lat="31.8872003" lon="118.8120581">
   </trkpt>
   <trkpt lat="31.8871969" lon="118.8120615">
   </trkpt>
   <trkpt lat="31.8871934" lon="118.8120650">
   </trkpt>
   <trkpt lat="31.8871900" lon="118.8120684">
   </trkpt>
   <trkpt lat="31.8871865" lon="118.8120718">
   </trkpt>
   <trkpt lat="31.8871831" lon="118.8120752">
   </trkpt>
   <trkpt lat="31.8871797" lon="118.8120786">
   </trkpt>
   <trkpt lat="31.8871762" lon="118.8120820">
   </trkpt>
   <trkpt lat="31.8871728" lon="118.8120854">
   </trkpt>
   <trkpt lat="31.8871694" lon="118.8120888">
   </trkpt>
   <trkpt lat="31.8871659" lon="118.8120922">
   </trkpt>
   <trkpt lat="31.8871625" lon="118.8120956">
   </trkpt>
   <trkpt lat="31.8871590" lon="118.8120990">
   </trkpt>
   <trkpt lat="31.8871556" lon="118.8121024">
   </trkpt>
   <trkpt lat="31.8871522" lon="118.8121058">
   </trkpt>
   <trkpt lat="31.8871487" lon="118.8121092">
   </trkpt>
   <trkpt lat="31.8871453" lon="118.8121126">
   </trkpt>
   <trkpt lat="31.8871419" lon="118.8121160">
   </trkpt>
   <trkpt lat="31.8871384" lon="118.8121194">
   </trkpt>
   <trkpt lat="31.8871350" lon="118.8121228">
   </trkpt>
   <trkpt lat="31.8871315" lon="118.8121262">
   </trkpt>
   <trkpt lat="31.8871281" lon="118.8121296">
   </trkpt>
   <trkpt lat="31.8871247" lon="118.8121330">
   </trkpt>
   <trkpt lat="31.8871212" lon="118.8121364">
   </trkpt>
   <trkpt lat="31.8871178" lon="118.8121398">
   </trkpt>
   <trkpt lat="31.8871144" lon="118.8121432">
   </trkpt>
   <trkpt lat="31.8871109" lon="118.8121467">
   </trkpt>
   <trkpt lat="31.8871075" lon="118.8121501">
   </trkpt>
   <trkpt lat="31.8871040" lon="118.8121535">
   </trkpt>
   <trkpt lat="31.8871006" lon="118.8121569">
   </trkpt>
   <trkpt lat="31.8870972" lon="118.8121603">
   </trkpt>
   <trkpt lat="31.8870937" lon="118.8121637">
   </trkpt>
   <trkpt lat="31.8870903" lon="118.8121671">
   </trkpt>
   <trkpt lat="31.8870868" lon="118.8121705">
   </trkpt>
   <trkpt lat="31.8870834" lon="118.8121739">
   </trkpt>
   <trkpt lat="31.8870800" lon="118.8121773">
   </trkpt>
   <trkpt lat="31.8870765" lon="118.8121807">
   </trkpt>
   <trkpt lat="31.8870731" lon="118.8121841">
   </trkpt>
   <trkpt lat="31.8870697" lon="118.8121875">
   </trkpt>
   <trkpt lat="31.8870662" lon="118.8121909">
   </trkpt>
   <trkpt lat="31.8870628" lon="118.8121943">
   </trkpt>
   <trkpt lat="31.8870593" lon="118.8121977">
   </trkpt>
   <trkpt lat="31.8870559" lon="118.8122011">
   </trkpt>
   <trkpt lat="31.8870525" lon="118.8122046">
   </trkpt>
   <trkpt lat="31.8870496" lon="118.8122086">
   </trkpt>
   <trkpt lat="31.8870467" lon="118.8122127">
   </trkpt>
   <trkpt lat="31.8870438" lon="118.8122167">
   </trkpt>
   <trkpt lat="31.8870409" lon="118.8122207">
   </trkpt>
   <trkpt lat="31.8870379" lon="118.8122247">
   </trkpt>
   <trkpt lat="31.8870350" lon="118.8122287">
   </trkpt>
   <trkpt lat="31.8870321" lon="118.8122327">
   </trkpt>
   <trkpt lat="31.8870292" lon="118.8122367">
   </trkpt>
   <trkpt lat="31.8870262" lon="118.8122408">
   </trkpt>
   <trkpt lat="31.8870233" lon="118.8122448">
   </trkpt>
   <trkpt lat="31.8870204" lon="118.8122488">
   </trkpt>
   <trkpt lat="31.8870174" lon="118.8122528">
   </trkpt>
   <trkpt lat="31.8870145" lon="118.8122568">
   </trkpt>
   <trkpt lat="31.8870116" lon="118.8122608">
   </trkpt>
   <trkpt lat="31.8870087" lon="118.8122648">
   </trkpt>
   <trkpt lat="31.8870057" lon="118.8122688">
   </trkpt>
   <trkpt lat="31.8870028" lon="118.8122728">
   </trkpt>
   <trkpt lat="31.8869999" lon="118.8122769">
   </trkpt>
   <trkpt lat="31.8869969" lon="118.8122809">
   </trkpt>
   <trkpt lat="31.8869940" lon="118.8122849">
   </trkpt>
   <trkpt lat="31.8869911" lon="118.8122889">
   </trkpt>
   <trkpt lat="31.8869882" lon="118.8122929">
   </trkpt>
   <trkpt lat="31.8869852" lon="118.8122969">
   </trkpt>
   <trkpt lat="31.8869823" lon="118.8123009">
   </trkpt>
   <trkpt lat="31.8869794" lon="118.8123049">
   </trkpt>
   <trkpt lat="31.8869765" lon="118.8123090">
   </trkpt>
   <trkpt lat="31.8869735" lon="118.8123130">
   </trkpt>
   <trkpt lat="31.8869706" lon="118.8123170">
   </trkpt>
   <trkpt lat="31.8869677" lon="118.8123210">
   </trkpt>
   <trkpt lat="31.8869647" lon="118.8123250">
   </trkpt>
   <trkpt lat="31.8869618" lon="118.8123290">
   </trkpt>
   <trkpt lat="31.8869589" lon="118.8123330">
   </trkpt>
   <trkpt lat="31.8869560" lon="118.8123370">
   </trkpt>
   <trkpt lat="31.8869530" lon="118.8123410">
   </trkpt>
   <trkpt lat="31.8869501" lon="118.8123451">
   </trkpt>
   <trkpt lat="31.8869472" lon="118.8123491">
   </trkpt>
   <trkpt lat="31.8869443" lon="118.8123531">
   </trkpt>
   <trkpt lat="31.8869413" lon="118.8123571">
   </trkpt>
   <trkpt lat="31.8869384" lon="118.8123611">
   </trkpt>
   <trkpt lat="31.8869355" lon="118.8123651">
   </trkpt>
   <trkpt lat="31.8869325" lon="118.8123691">
   </trkpt>
   <trkpt lat="31.8869296" lon="118.8123731">
   </trkpt>
   <trkpt lat="31.8869267" lon="118.8123772">
   </trkpt>
   <trkpt lat="31.8869238" lon="118.8123812">
   </trkpt>
   <trkpt lat="31.8869208" lon="118.8123852">
   </trkpt>
   <trkpt lat="31.8869179" lon="118.8123892">
   </trkpt>
   <trkpt lat="31.8869150" lon="118.8123932">
   </trkpt>
   <trkpt lat="31.8869121" lon="118.8123972">
   </trkpt>
   <trkpt lat="31.8869091" lon="118.8124012">
   </trkpt>
   <trkpt lat="31.8869062" lon="118.8124052">
   </trkpt>
   <trkpt lat="31.8869033" lon="118.8124093">
   </trkpt>
   <trkpt lat="31.8869003" lon="118.8124133">
   </trkpt>
   <trkpt lat="31.8868974" lon="118.8124173">
   </trkpt>
   <trkpt lat="31.8868945" lon="118.8124213">
   </trkpt>
   <trkpt lat="31.8868916" lon="118.8124253">
   </trkpt>
   <trkpt lat="31.8868886" lon="118.8124293">
   </trkpt>
   <trkpt lat="31.8868857" lon="118.8124333">
   </trkpt>
   <trkpt lat="31.8868828" lon="118.8124373">
   </trkpt>
   <trkpt lat="31.8868799" lon="118.8124413">
   </trkpt>
   <trkpt lat="31.8868769" lon="118.8124454">
   </trkpt>
   <trkpt lat="31.8868740" lon="118.8124494">
   </trkpt>
   <trkpt lat="31.8868711" lon="118.8124534">
   </trkpt>
   <trkpt lat="31.8868681" lon="118.8124574">
   </trkpt>
   <trkpt lat="31.8868652" lon="118.8124614">
   </trkpt>
   <trkpt lat="31.8868623" lon="118.8124654">
   </trkpt>
   <trkpt lat="31.8868594" lon="118.8124694">
   </trkpt>
   <trkpt lat="31.8868564" lon="118.8124734">
   </trkpt>
   <trkpt lat="31.8868535" lon="118.8124775">
   </trkpt>
   <trkpt lat="31.8868506" lon="118.8124815">
   </trkpt>
   <trkpt lat="31.8868476" lon="118.8124855">
   </trkpt>
   <trkpt lat="31.8868447" lon="118.8124895">
   </trkpt>
   <trkpt lat="31.8868418" lon="118.8124935">
   </trkpt>
   <trkpt lat="31.8868389" lon="118.8124975">
   </trkpt>
   <trkpt lat="31.8868359" lon="118.8125015">
   </trkpt>
   <trkpt lat="31.8868330" lon="118.8125055">
   </trkpt>
   <trkpt lat="31.8868301" lon="118.8125096">
   </trkpt>
   <trkpt lat="31.8868272" lon="118.8125136">
   </trkpt>
   <trkpt lat="31.8868242" lon="118.8125176">
   </trkpt>
   <trkpt lat="31.8868213" lon="118.8125216">
   </trkpt>
   <trkpt lat="31.8868184" lon="118.8125256">
   </trkpt>
   <trkpt lat="31.8868154" lon="118.8125296">
   </trkpt>
   <trkpt lat="31.8868125" lon="118.8125336">
   </trkpt>
   <trkpt lat="31.8868096" lon="118.8125376">
   </trkpt>
   <trkpt lat="31.8868072" lon="118.8125421">
   </trkpt>
   <trkpt lat="31.8868049" lon="118.8125467">
   </trkpt>
   <trkpt lat="31.8868026" lon="118.8125512">
   </trkpt>
   <trkpt lat="31.8868003" lon="118.8125557">
   </trkpt>
   <trkpt lat="31.8867980" lon="118.8125603">
   </trkpt>
   <trkpt lat="31.8867956" lon="118.8125648">
   </trkpt>
   <trkpt lat="31.8867933" lon="118.8125693">
   </trkpt>
   <trkpt lat="31.8867910" lon="118.8125738">
   </trkpt>
   <trkpt lat="31.8867887" lon="118.8125784">
   </trkpt>
   <trkpt lat="31.8867863" lon="118.8125829">
   </trkpt>
   <trkpt lat="31.8867840" lon="118.8125874">
   </trkpt>
   <trkpt lat="31.8867817" lon="118.8125919">
   </trkpt>
   <trkpt lat="31.8867794" lon="118.8125965">
   </trkpt>
   <trkpt lat="31.8867770" lon="118.8126010">
   </trkpt>
   <trkpt lat="31.8867747" lon="118.8126055">
   </trkpt>
   <trkpt lat="31.8867724" lon="118.8126100">
   </trkpt>
   <trkpt lat="31.8867701" lon="118.8126146">
   </trkpt>
   <trkpt lat="31.8867677" lon="118.8126191">
   </trkpt>
   <trkpt lat="31.8867654" lon="118.8126236">
   </trkpt>
   <trkpt lat="31.8867631" lon="118.8126281">
   </trkpt>
   <trkpt lat="31.8867607" lon="118.8126327">
   </trkpt>
   <trkpt lat="31.8867584" lon="118.8126372">
   </trkpt>
   <trkpt lat="31.8867561" lon="118.8126417">
   </trkpt>
   <trkpt lat="31.8867538" lon="118.8126462">
   </trkpt>
   <trkpt lat="31.8867514" lon="118.8126508">
   </trkpt>
   <trkpt lat="31.8867491" lon="118.8126553">
   </trkpt>
   <trkpt lat="31.8867468" lon="118.8126598">
   </trkpt>
   <trkpt lat="31.8867445" lon="118.8126643">
   </trkpt>
   <trkpt lat="31.8867421" lon="118.8126689">
   </trkpt>
   <trkpt lat="31.8867398" lon="118.8126734">
   </trkpt>
   <trkpt lat="31.8867375" lon="118.8126779">
   </trkpt>
   <trkpt lat="31.8867352" lon="118.8126824">
   </trkpt>
   <trkpt lat="31.8867328" lon="118.8126870">
   </trkpt>
   <trkpt lat="31.8867305" lon="118.8126915">
   </trkpt>
   <trkpt lat="31.8867282" lon="118.8126960">
   </trkpt>
   <trkpt lat="31.8867258" lon="118.8127005">
   </trkpt>
   <trkpt lat="31.8867235" lon="118.8127051">
   </trkpt>
   <trkpt lat="31.8867212" lon="118.8127096">
   </trkpt>
   <trkpt lat="31.8867189" lon="118.8127141">
   </trkpt>
   <trkpt lat="31.8867165" lon="118.8127186">
   </trkpt>
   <trkpt lat="31.8867142" lon="118.8127232">
   </trkpt>
   <trkpt lat="31.8867119" lon="118.8127277">
   </trkpt>
   <trkpt lat="31.8867096" lon="118.8127322">
   </trkpt>
   <trkpt lat="31.8867072" lon="118.8127367">
   </trkpt>
   <trkpt lat="31.8867049" lon="118.8127413">
   </trkpt>
   <trkpt lat="31.8867026" lon="118.8127458">
   </trkpt>
   <trkpt lat="31.8867003" lon="118.8127503">
   </trkpt>
   <trkpt lat="31.8866979" lon="118.8127548">
   </trkpt>
   <trkpt lat="31.8866956" lon="118.8127594">
   </trkpt>
   <trkpt lat="31.8866933" lon="118.8127639">
   </trkpt>
   <trkpt lat="31.8866909" lon="118.8127684">
   </trkpt>
   <trkpt lat="31.8866886" lon="118.8127729">
   </trkpt>
   <trkpt lat="31.8866863" lon="118.8127775">
   </trkpt>
   <trkpt lat="31.8866840" lon="118.8127820">
   </trkpt>
   <trkpt lat="31.8866816" lon="118.8127865">
   </trkpt>
   <trkpt lat="31.8866793" lon="118.8127910">
   </trkpt>
   <trkpt lat="31.8866770" lon="118.8127956">
   </trkpt>
   <trkpt lat="31.8866747" lon="118.8128001">
   </trkpt>
   <trkpt lat="31.8866723" lon="118.8128046">
   </trkpt>
   <trkpt lat="31.8866700" lon="118.8128091">
   </trkpt>
   <trkpt lat="31.8866677" lon="118.8128137">
   </trkpt>
   <trkpt lat="31.8866653" lon="118.8128182">
   </trkpt>
   <trkpt lat="31.8866630" lon="118.8128227">
   </trkpt>
   <trkpt lat="31.8866607" lon="118.8128272">
   </trkpt>
   <trkpt lat="31.8866584" lon="118.8128318">
   </trkpt>
   <trkpt lat="31.8866560" lon="118.8128363">
   </trkpt>
   <trkpt lat="31.8866537" lon="118.8128408">
   </trkpt>
   <trkpt lat="31.8866514" lon="118.8128453">
   </trkpt>
   <trkpt lat="31.8866491" lon="118.8128499">
   </trkpt>
   <trkpt lat="31.8866467" lon="118.8128544">
   </trkpt>
   <trkpt lat="31.8866444" lon="118.8128589">
   </trkpt>
   <trkpt lat="31.8866421" lon="118.8128634">
   </trkpt>
   <trkpt lat="31.8866398" lon="118.8128680">
   </trkpt>
   <trkpt lat="31.8866374" lon="118.8128725">
   </trkpt>
   <trkpt lat="31.8866351" lon="118.8128770">
   </trkpt>
   <trkpt lat="31.8866328" lon="118.8128815">
   </trkpt>
   <trkpt lat="31.8866304" lon="118.8128861">
   </trkpt>
   <trkpt lat="31.8866281" lon="118.8128906">
   </trkpt>
   <trkpt lat="31.8866258" lon="118.8128951">
   </trkpt>
   <trkpt lat="31.8866235" lon="118.8128996">
   </trkpt>
   <trkpt lat="31.8866211" lon="118.8129042">
   </trkpt>
   <trkpt lat="31.8866188" lon="118.8129087">
   </trkpt>
   <trkpt lat="31.8866165" lon="118.8129132">
   </trkpt>
   <trkpt lat="31.8866142" lon="118.8129177">
   </trkpt>
   <trkpt lat="31.8866118" lon="118.8129223">
   </trkpt>
   <trkpt lat="31.8866095" lon="118.8129268">
   </trkpt>
   <trkpt lat="31.8866074" lon="118.8129314">
   </trkpt>
   <trkpt lat="31.8866057" lon="118.8129363">
   </trkpt>
   <trkpt lat="31.8866041" lon="118.8129413">
   </trkpt>
   <trkpt lat="31.8866024" lon="118.8129462">
   </trkpt>
   <trkpt lat="31.8866008" lon="118.8129511">
   </trkpt>
   <trkpt lat="31.8865992" lon="118.8129560">
   </trkpt>
   <trkpt lat="31.8865975" lon="118.8129610">
   </trkpt>
   <trkpt lat="31.8865959" lon="118.8129659">
   </trkpt>
   <trkpt lat="31.8865942" lon="118.8129708">
   </trkpt>
   <trkpt lat="31.8865926" lon="118.8129757">
   </trkpt>
   <trkpt lat="31.8865909" lon="118.8129806">
   </trkpt>
   <trkpt lat="31.8865893" lon="118.8129856">
   </trkpt>
   <trkpt lat="31.8865876" lon="118.8129905">
   </trkpt>
   <trkpt lat="31.8865860" lon="118.8129954">
   </trkpt>
   <trkpt lat="31.8865843" lon="118.8130003">
   </trkpt>
   <trkpt lat="31.8865827" lon="118.8130052">
   </trkpt>
   <trkpt lat="31.8865810" lon="118.8130102">
   </trkpt>
   <trkpt lat="31.8865794" lon="118.8130151">
   </trkpt>
   <trkpt lat="31.8865777" lon="118.8130200">
   </trkpt>
   <trkpt lat="31.8865761" lon="118.8130249">
   </trkpt>
   <trkpt lat="31.8865744" lon="118.8130299">
   </trkpt>
   <trkpt lat="31.8865728" lon="118.8130348">
   </trkpt>
   <trkpt lat="31.8865711" lon="118.8130397">
   </trkpt>
   <trkpt lat="31.8865695" lon="118.8130446">
   </trkpt>
   <trkpt lat="31.8865679" lon="118.8130495">
   </trkpt>
   <trkpt lat="31.8865662" lon="118.8130545">
   </trkpt>
   <trkpt lat="31.8865646" lon="118.8130594">
   </trkpt>
   <trkpt lat="31.8865629" lon="118.8130643">
   </trkpt>
   <trkpt lat="31.8865613" lon="118.8130692">
   </trkpt>
   <trkpt lat="31.8865596" lon="118.8130741">
   </trkpt>
   <trkpt lat="31.8865580" lon="118.8130791">
   </trkpt>
   <trkpt lat="31.8865563" lon="118.8130840">
   </trkpt>
   <trkpt lat="31.8865547" lon="118.8130889">
   </trkpt>
   <trkpt lat="31.8865530" lon="118.8130938">
   </trkpt>
   <trkpt lat="31.8865514" lon="118.8130988">
   </trkpt>
   <trkpt lat="31.8865497" lon="118.8131037">
   </trkpt>
   <trkpt lat="31.8865481" lon="118.8131086">
   </trkpt>
   <trkpt lat="31.8865464" lon="118.8131135">
   </trkpt>
   <trkpt lat="31.8865448" lon="118.8131184">
   </trkpt>
   <trkpt lat="31.8865431" lon="118.8131234">
   </trkpt>
   <trkpt lat="31.8865415" lon="118.8131283">
   </trkpt>
   <trkpt lat="31.8865398" lon="118.8131332">
   </trkpt>
   <trkpt lat="31.8865382" lon="118.8131381">
   </trkpt>
   <trkpt lat="31.8865366" lon="118.8131430">
   </trkpt>
   <trkpt lat="31.8865349" lon="118.8131480">
   </trkpt>
   <trkpt lat="31.8865333" lon="118.8131529">
   </trkpt>
   <trkpt lat="31.8865316" lon="118.8131578">
   </trkpt>
   <trkpt lat="31.8865300" lon="118.8131627">
   </trkpt>
   <trkpt lat="31.8865283" lon="118.8131676">
   </trkpt>
   <trkpt lat="31.8865267" lon="118.8131726">
   </trkpt>
   <trkpt lat="31.8865250" lon="118.8131775">
   </trkpt>
   <trkpt lat="31.8865234" lon="118.8131824">
   </trkpt>
   <trkpt lat="31.8865217" lon="118.8131873">
   </trkpt>
   <trkpt lat="31.8865201" lon="118.8131923">
   </trkpt>
   <trkpt lat="31.8865184" lon="118.8131972">
   </trkpt>
   <trkpt lat="31.8865168" lon="118.8132021">
   </trkpt>
   <trkpt lat="31.8865151" lon="118.8132070">
   </trkpt>
   <trkpt lat="31.8865135" lon="118.8132119">
   </trkpt>
   <trkpt lat="31.8865118" lon="118.8132169">
   </trkpt>
   <trkpt lat="31.8865102" lon="118.8132218">
   </trkpt>
   <trkpt lat="31.8865085" lon="118.8132267">
   </trkpt>
   <trkpt lat="31.8865069" lon="118.8132316">
   </trkpt>
   <trkpt lat="31.8865053" lon="118.8132365">
   </trkpt>
   <trkpt lat="31.8865036" lon="118.8132415">
   </trkpt>
   <trkpt lat="31.8865020" lon="118.8132464">
   </trkpt>
   <trkpt lat="31.8865003" lon="118.8132513">
   </trkpt>
   <trkpt lat="31.8864987" lon="118.8132562">
   </trkpt>
   <trkpt lat="31.8864970" lon="118.8132612">
   </trkpt>
   <trkpt lat="31.8864954" lon="118.8132661">
   </trkpt>
   <trkpt lat="31.8864937" lon="118.8132710">
   </trkpt>
   <trkpt lat="31.8864921" lon="118.8132759">
   </trkpt>
   <trkpt lat="31.8864904" lon="118.8132808">
   </trkpt>
   <trkpt lat="31.8864888" lon="118.8132858">
   </trkpt>
   <trkpt lat="31.8864871" lon="118.8132907">
   </trkpt>
   <trkpt lat="31.8864855" lon="118.8132956">
   </trkpt>
   <trkpt lat="31.8864838" lon="118.8133005">
   </trkpt>
   <trkpt lat="31.8864822" lon="118.8133054">
   </trkpt>
   <trkpt lat="31.8864805" lon="118.8133104">
   </trkpt>
   <trkpt lat="31.8864789" lon="118.8133153">
   </trkpt>
   <trkpt lat="31.8864772" lon="118.8133202">
   </trkpt>
   <trkpt lat="31.8864756" lon="118.8133251">
   </trkpt>
   <trkpt lat="31.8864740" lon="118.8133301">
   </trkpt>
   <trkpt lat="31.8864723" lon="118.8133350">
   </trkpt>
   <trkpt lat="31.8864707" lon="118.8133399">
   </trkpt>
   <trkpt lat="31.8864690" lon="118.8133448">
   </trkpt>
   <trkpt lat="31.8864674" lon="118.8133497">
   </trkpt>
   <trkpt lat="31.8864657" lon="118.8133547">
   </trkpt>
   <trkpt lat="31.8864646" lon="118.8133598">
   </trkpt>
   <trkpt lat="31.8864636" lon="118.8133649">
   </trkpt>
   <trkpt lat="31.8864627" lon="118.8133701">
   </trkpt>
   <trkpt lat="31.8864618" lon="118.8133753">
   </trkpt>
   <trkpt lat="31.8864609" lon="118.8133805">
   </trkpt>
   <trkpt lat="31.8864600" lon="118.8133856">
   </trkpt>
   <trkpt lat="31.8864590" lon="118.8133908">
   </trkpt>
   <trkpt lat="31.8864581" lon="118.8133960">
   </trkpt>
   <trkpt lat="31.8864572" lon="118.8134012">
   </trkpt>
   <trkpt lat="31.8864563" lon="118.8134063">
   </trkpt>
   <trkpt lat="31.8864553" lon="118.8134115">
   </trkpt>
   <trkpt lat="31.8864544" lon="118.8134167">
   </trkpt>
   <trkpt lat="31.8864535" lon="118.8134219">
   </trkpt>
   <trkpt lat="31.8864526" lon="118.8134271">
   </trkpt>
   <trkpt lat="31.8864516" lon="118.8134322">
   </trkpt>
   <trkpt lat="31.8864507" lon="118.8134374">
   </trkpt>
   <trkpt lat="31.8864498" lon="118.8134426">
   </trkpt>
   <trkpt lat="31.8864489" lon="118.8134478">
   </trkpt>
   <trkpt lat="31.8864480" lon="118.8134529">
   </trkpt>
   <trkpt lat="31.8864470" lon="118.8134581">
   </trkpt>
   <trkpt lat="31.8864461" lon="118.8134633">
   </trkpt>
   <trkpt lat="31.8864452" lon="118.8134685">
   </trkpt>
   <trkpt lat="31.8864443" lon="118.8134737">
   </trkpt>
   <trkpt lat="31.8864433" lon="118.8134788">
   </trkpt>
   <trkpt lat="31.8864424" lon="118.8134840">
   </trkpt>
   <trkpt lat="31.8864415" lon="118.8134892">
   </trkpt>
   <trkpt lat="31.8864406" lon="118.8134944">
   </trkpt>
   <trkpt lat="31.8864396" lon="118.8134995">
   </trkpt>
   <trkpt lat="31.8864387" lon="118.8135047">
   </trkpt>
   <trkpt lat="31.8864378" lon="118.8135099">
   </trkpt>
   <trkpt lat="31.8864369" lon="118.8135151">
   </trkpt>
   <trkpt lat="31.8864360" lon="118.8135202">
   </trkpt>
   <trkpt lat="31.8864350" lon="118.8135254">
   </trkpt>
   <trkpt lat="31.8864341" lon="118.8135306">
   </trkpt>
   <trkpt lat="31.8864332" lon="118.8135358">
   </trkpt>
   <trkpt lat="31.8864323" lon="118.8135410">
   </trkpt>
   <trkpt lat="31.8864313" lon="118.8135461">
   </trkpt>
   <trkpt lat="31.8864304" lon="118.8135513">
   </trkpt>
   <trkpt lat="31.8864295" lon="118.8135565">
   </trkpt>
   <trkpt lat="31.8864286" lon="118.8135617">
   </trkpt>
   <trkpt lat="31.8864276" lon="118.8135668">
   </trkpt>
   <trkpt lat="31.8864267" lon="118.8135720">
   </trkpt>
   <trkpt lat="31.8864258" lon="118.8135772">
   </trkpt>
   <trkpt lat="31.8864249" lon="118.8135824">
   </trkpt>
   <trkpt lat="31.8864240" lon="118.8135875">
   </trkpt>
   <trkpt lat="31.8864230" lon="118.8135927">
   </trkpt>
   <trkpt lat="31.8864221" lon="118.8135979">
   </trkpt>
   <trkpt lat="31.8864212" lon="118.8136031">
   </trkpt>
   <trkpt lat="31.8864203" lon="118.8136083">
   </trkpt>
   <trkpt lat="31.8864193" lon="118.8136134">
   </trkpt>
   <trkpt lat="31.8864184" lon="118.8136186">
   </trkpt>
   <trkpt lat="31.8864175" lon="118.8136238">
   </trkpt>
   <trkpt lat="31.8864166" lon="118.8136290">
   </trkpt>
   <trkpt lat="31.8864156" lon="118.8136341">
   </trkpt>
   <trkpt lat="31.8864147" lon="118.8136393">
   </trkpt>
   <trkpt lat="31.8864138" lon="118.8136445">
   </trkpt>
   <trkpt lat="31.8864129" lon="118.8136497">
   </trkpt>
   <trkpt lat="31.8864119" lon="118.8136548">
   </trkpt>
   <trkpt lat="31.8864110" lon="118.8136600">
   </trkpt>
   <trkpt lat="31.8864101" lon="118.8136652">
   </trkpt>
   <trkpt lat="31.8864092" lon="118.8136704">
   </trkpt>
   <trkpt lat="31.8864082" lon="118.8136756">
   </trkpt>
   <trkpt lat="31.8864073" lon="118.8136807">
   </trkpt>
   <trkpt lat="31.8864064" lon="118.8136859">
   </trkpt>
   <trkpt lat="31.8864055" lon="118.8136911">
   </trkpt>
   <trkpt lat="31.8864046" lon="118.8136963">
   </trkpt>
   <trkpt lat="31.8864036" lon="118.8137014">
   </trkpt>
   <trkpt lat="31.8864027" lon="118.8137066">
   </trkpt>
   <trkpt lat="31.8864018" lon="118.8137118">
   </trkpt>
   <trkpt lat="31.8864009" lon="118.8137170">
   </trkpt>
   <trkpt lat="31.8863999" lon="118.8137221">
   </trkpt>
   <trkpt lat="31.8863990" lon="118.8137273">
   </trkpt>
   <trkpt lat="31.8863981" lon="118.8137325">
   </trkpt>
   <trkpt lat="31.8863972" lon="118.8137377">
   </trkpt>
   <trkpt lat="31.8863962" lon="118.8137429">
   </trkpt>
   <trkpt lat="31.8863953" lon="118.8137480">
   </trkpt>
   <trkpt lat="31.8863944" lon="118.8137532">
   </trkpt>
   <trkpt lat="31.8863935" lon="118.8137584">
   </trkpt>
   <trkpt lat="31.8863925" lon="118.8137636">
   </trkpt>
   <trkpt lat="31.8863916" lon="118.8137687">
   </trkpt>
   <trkpt lat="31.8863907" lon="118.8137739">
   </trkpt>
   <trkpt lat="31.8863898" lon="118.8137791">
   </trkpt>
   <trkpt lat="31.8863888" lon="118.8137843">
   </trkpt>
   <trkpt lat="31.8863879" lon="118.8137894">
   </trkpt>
   <trkpt lat="31.8863870" lon="118.8137946">
   </trkpt>
   <trkpt lat="31.8863861" lon="118.8137998">
   </trkpt>
   <trkpt lat="31.8863852" lon="118.8138050">
   </trkpt>
   <trkpt lat="31.8863850" lon="118.8138103">
   </trkpt>
   <trkpt lat="31.8863848" lon="118.8138156">
   </trkpt>
   <trkpt lat="31.8863847" lon="118.8138208">
   </trkpt>
   <trkpt lat="31.8863845" lon="118.8138261">
   </trkpt>
   <trkpt lat="31.8863843" lon="118.8138314">
   </trkpt>
   <trkpt lat="31.8863842" lon="118.8138367">
   </trkpt>
   <trkpt lat="31.8863840" lon="118.8138420">
   </trkpt>
   <trkpt lat="31.8863838" lon="118.8138473">
   </trkpt>
   <trkpt lat="31.8863836" lon="118.8138526">
   </trkpt>
   <trkpt lat="31.8863835" lon="118.8138578">
   </trkpt>
   <trkpt lat="31.8863833" lon="118.8138631">
   </trkpt>
   <trkpt lat="31.8863831" lon="118.8138684">
   </trkpt>
   <trkpt lat="31.8863830" lon="118.8138737">
   </trkpt>
   <trkpt lat="31.8863828" lon="118.8138790">
   </trkpt>
   <trkpt lat="31.8863826" lon="118.8138843">
   </trkpt>
   <trkpt lat="31.8863825" lon="118.8138896">
   </trkpt>
   <trkpt lat="31.8863823" lon="118.8138948">
   </trkpt>
   <trkpt lat="31.8863822" lon="118.8139001">
   </trkpt>
   <trkpt lat="31.8863821" lon="118.8139054">
   </trkpt>
   <trkpt lat="31.8863820" lon="118.8139107">
   </trkpt>
   <trkpt lat="31.8863819" lon="118.8139160">
   </trkpt>
   <trkpt lat="31.8863818" lon="118.8139213">
   </trkpt>
   <trkpt lat="31.8863817" lon="118.8139266">
   </trkpt>
   <trkpt lat="31.8863816" lon="118.8139319">
   </trkpt>
   <trkpt lat="31.8863815" lon="118.8139372">
   </trkpt>
   <trkpt lat="31.8863815" lon="118.8139424">
   </trkpt>
   <trkpt lat="31.8863814" lon="118.8139477">
   </trkpt>
   <trkpt lat="31.8863813" lon="118.8139530">
   </trkpt>
   <trkpt lat="31.8863812" lon="118.8139583">
   </trkpt>
   <trkpt lat="31.8863811" lon="118.8139636">
   </trkpt>
   <trkpt lat="31.8863810" lon="118.8139689">
   </trkpt>
   <trkpt lat="31.8863809" lon="118.8139742">
   </trkpt>
   <trkpt lat="31.8863808" lon="118.8139795">
   </trkpt>
   <trkpt lat="31.8863807" lon="118.8139848">
   </trkpt>
   <trkpt lat="31.8863806" lon="118.8139900">
   </trkpt>
   <trkpt lat="31.8863805" lon="118.8139953">
   </trkpt>
   <trkpt lat="31.8863804" lon="118.8140006">
   </trkpt>
   <trkpt lat="31.8863803" lon="118.8140059">
   </trkpt>
   <trkpt lat="31.8863802" lon="118.8140112">
   </trkpt>
   <trkpt lat="31.8863801" lon="118.8140165">
   </trkpt>
   <trkpt lat="31.8863800" lon="118.8140218">
   </trkpt>
   <trkpt lat="31.8863799" lon="118.8140271">
   </trkpt>
   <trkpt lat="31.8863798" lon="118.8140323">
   </trkpt>
   <trkpt lat="31.8863797" lon="118.8140376">
   </trkpt>
   <trkpt lat="31.8863796" lon="118.8140429">
   </trkpt>
   <trkpt lat="31.8863795" lon="118.8140482">
   </trkpt>
   <trkpt lat="31.8863794" lon="118.8140535">
   </trkpt>
   <trkpt lat="31.8863793" lon="118.8140588">
   </trkpt>
   <trkpt lat="31.8863792" lon="118.8140641">
   </trkpt>
   <trkpt lat="31.8863791" lon="118.8140694">
   </trkpt>
   <trkpt lat="31.8863790" lon="118.8140747">
   </trkpt>
   <trkpt lat="31.8863789" lon="118.8140799">
   </trkpt>
   <trkpt lat="31.8863788" lon="118.8140852">
   </trkpt>
   <trkpt lat="31.8863787" lon="118.8140905">
   </trkpt>
   <trkpt lat="31.8863786" lon="118.8140958">
   </trkpt>
   <trkpt lat="31.8863785" lon="118.8141011">
   </trkpt>
   <trkpt lat="31.8863784" lon="118.8141064">
   </trkpt>
   <trkpt lat="31.8863783" lon="118.8141117">
   </trkpt>
   <trkpt lat="31.8863782" lon="118.8141170">
   </trkpt>
   <trkpt lat="31.8863781" lon="118.8141223">
   </trkpt>
   <trkpt lat="31.8863780" lon="118.8141275">
   </trkpt>
   <trkpt lat="31.8863779" lon="118.8141328">
   </trkpt>
   <trkpt lat="31.8863778" lon="118.8141381">
   </trkpt>
   <trkpt lat="31.8863777" lon="118.8141434">
   </trkpt>
   <trkpt lat="31.8863776" lon="118.8141487">
   </trkpt>
   <trkpt lat="31.8863775" lon="118.8141540">
   </trkpt>
   <trkpt lat="31.8863774" lon="118.8141593">
   </trkpt>
   <trkpt lat="31.8863774" lon="118.8141646">
   </trkpt>
   <trkpt lat="31.8863773" lon="118.8141699">
   </trkpt>
   <trkpt lat="31.8863772" lon="118.8141751">
   </trkpt>
   <trkpt lat="31.8863771" lon="118.8141804">
   </trkpt>
   <trkpt lat="31.8863770" lon="118.8141857">
   </trkpt>
   <trkpt lat="31.8863769" lon="118.8141910">
   </trkpt>
   <trkpt lat="31.8863768" lon="118.8141963">
   </trkpt>
   <trkpt lat="31.8863767" lon="118.8142016">
   </trkpt>
   <trkpt lat="31.8863766" lon="118.8142069">
   </trkpt>
   <trkpt lat="31.8863765" lon="118.8142122">
   </trkpt>
   <trkpt lat="31.8863764" lon="118.8142175">
   </trkpt>
   <trkpt lat="31.8863763" lon="118.8142227">
   </trkpt>
   <trkpt lat="31.8863762" lon="118.8142280">
   </trkpt>
   <trkpt lat="31.8863761" lon="118.8142333">
   </trkpt>
   <trkpt lat="31.8863760" lon="118.8142386">
   </trkpt>
   <trkpt lat="31.8863759" lon="118.8142439">
   </trkpt>
   <trkpt lat="31.8863758" lon="118.8142492">
   </trkpt>
   <trkpt lat="31.8863757" lon="118.8142545">
   </trkpt>
   <trkpt lat="31.8863756" lon="118.8142598">
   </trkpt>
   <trkpt lat="31.8863755" lon="118.8142651">
   </trkpt>
   <trkpt lat="31.8863754" lon="118.8142703">
   </trkpt>
   <trkpt lat="31.8863753" lon="118.8142756">
   </trkpt>
   <trkpt lat="31.8863752" lon="118.8142809">
   </trkpt>
   <trkpt lat="31.8863751" lon="118.8142862">
   </trkpt>
   <trkpt lat="31.8863750" lon="118.8142915">
   </trkpt>
   <trkpt lat="31.8863749" lon="118.8142968">
   </trkpt>
   <trkpt lat="31.8863748" lon="118.8143021">
   </trkpt>
   <trkpt lat="31.8863753" lon="118.8143073">
   </trkpt>
   <trkpt lat="31.8863759" lon="118.8143126">
   </trkpt>
   <trkpt lat="31.8863765" lon="118.8143178">
   </trkpt>
   <trkpt lat="31.8863771" lon="118.8143231">
   </trkpt>
   <trkpt lat="31.8863776" lon="118.8143283">
   </trkpt>
   <trkpt lat="31.8863782" lon="118.8143336">
   </trkpt>
   <trkpt lat="31.8863788" lon="118.8143388">
   </trkpt>
   <trkpt lat="31.8863794" lon="118.8143440">
   </trkpt>
   <trkpt lat="31.8863800" lon="118.8143493">
   </trkpt>
   <trkpt lat="31.8863806" lon="118.8143545">
   </trkpt>
   <trkpt lat="31.8863811" lon="118.8143598">
   </trkpt>
   <trkpt lat="31.8863817" lon="118.8143650">
   </trkpt>
   <trkpt lat="31.8863823" lon="118.8143703">
   </trkpt>
   <trkpt lat="31.8863829" lon="118.8143755">
   </trkpt>
   <trkpt lat="31.8863835" lon="118.8143808">
   </trkpt>
   <trkpt lat="31.8863841" lon="118.8143860">
   </trkpt>
   <trkpt lat="31.8863846" lon="118.8143912">
   </trkpt>
   <trkpt lat="31.8863852" lon="118.8143965">
   </trkpt>
   <trkpt lat="31.8863858" lon="118.8144017">
   </trkpt>
   <trkpt lat="31.8863864" lon="118.8144070">
   </trkpt>
   <trkpt lat="31.8863870" lon="118.8144122">
   </trkpt>
   <trkpt lat="31.8863876" lon="118.8144175">
   </trkpt>
   <trkpt lat="31.8863881" lon="118.8144227">
   </trkpt>
   <trkpt lat="31.8863887" lon="118.8144280">
   </trkpt>
   <trkpt lat="31.8863893" lon="118.8144332">
   </trkpt>
   <trkpt lat="31.8863899" lon="118.8144385">
   </trkpt>
   <trkpt lat="31.8863905" lon="118.8144437">
   </trkpt>
   <trkpt lat="31.8863911" lon="118.8144489">
   </trkpt>
   <trkpt lat="31.8863916" lon="118.8144542">
   </trkpt>
   <trkpt lat="31.8863922" lon="118.8144594">
   </trkpt>
   <trkpt lat="31.8863928" lon="118.8144647">
   </trkpt>
   <trkpt lat="31.8863934" lon="118.8144699">
   </trkpt>
   <trkpt lat="31.8863940" lon="118.8144752">
   </trkpt>
   <trkpt lat="31.8863946" lon="118.8144804">
   </trkpt>
   <trkpt lat="31.8863952" lon="118.8144857">
   </trkpt>
   <trkpt lat="31.8863957" lon="118.8144909">
   </trkpt>
   <trkpt lat="31.8863963" lon="118.8144961">
   </trkpt>
   <trkpt lat="31.8863969" lon="118.8145014">
   </trkpt>
   <trkpt lat="31.8863975" lon="118.8145066">
   </trkpt>
   <trkpt lat="31.8863981" lon="118.8145119">
   </trkpt>
   <trkpt lat="31.8863987" lon="118.8145171">
   </trkpt>
   <trkpt lat="31.8863992" lon="118.8145224">
   </trkpt>
   <trkpt lat="31.8863998" lon="118.8145276">
   </trkpt>
   <trkpt lat="31.8864004" lon="118.8145329">
   </trkpt>
   <trkpt lat="31.8864010" lon="118.8145381">
   </trkpt>
   <trkpt lat="31.8864016" lon="118.8145434">
   </trkpt>
   <trkpt lat="31.8864022" lon="118.8145486">
   </trkpt>
   <trkpt lat="31.8864027" lon="118.8145538">
   </trkpt>
   <trkpt lat="31.8864033" lon="118.8145591">
   </trkpt>
   <trkpt lat="31.8864039" lon="118.8145643">
   </trkpt>
   <trkpt lat="31.8864045" lon="118.8145696">
   </trkpt>
   <trkpt lat="31.8864051" lon="118.8145748">
   </trkpt>
   <trkpt lat="31.8864057" lon="118.8145801">
   </trkpt>
   <trkpt lat="31.8864062" lon="118.8145853">
   </trkpt>
   <trkpt lat="31.8864068" lon="118.8145906">
   </trkpt>
   <trkpt lat="31.8864074" lon="118.8145958">
   </trkpt>
   <trkpt lat="31.8864080" lon="118.8146010">
   </trkpt>
   <trkpt lat="31.8864086" lon="118.8146063">
   </trkpt>
   <trkpt lat="31.8864092" lon="118.8146115">
   </trkpt>
   <trkpt lat="31.8864097" lon="118.8146168">
   </trkpt>
   <trkpt lat="31.8864103" lon="118.8146220">
   </trkpt>
   <trkpt lat="31.8864109" lon="118.8146273">
   </trkpt>
   <trkpt lat="31.8864115" lon="118.8146325">
   </trkpt>
   <trkpt lat="31.8864121" lon="118.8146378">
   </trkpt>
   <trkpt lat="31.8864127" lon="118.8146430">
   </trkpt>
   <trkpt lat="31.8864132" lon="118.8146483">
   </trkpt>
   <trkpt lat="31.8864138" lon="118.8146535">
   </trkpt>
   <trkpt lat="31.8864144" lon="118.8146587">
   </trkpt>
   <trkpt lat="31.8864150" lon="118.8146640">
   </trkpt>
   <trkpt lat="31.8864156" lon="118.8146692">
   </trkpt>
   <trkpt lat="31.8864162" lon="118.8146745">
   </trkpt>
   <trkpt lat="31.8864168" lon="118.8146797">
   </trkpt>
   <trkpt lat="31.8864173" lon="118.8146850">
   </trkpt>
   <trkpt lat="31.8864179" lon="118.8146902">
   </trkpt>
   <trkpt lat="31.8864185" lon="118.8146955">
   </trkpt>
   <trkpt lat="31.8864191" lon="118.8147007">
   </trkpt>
   <trkpt lat="31.8864197" lon="118.8147060">
   </trkpt>
   <trkpt lat="31.8864203" lon="118.8147112">
   </trkpt>
   <trkpt lat="31.8864208" lon="118.8147164">
   </trkpt>
   <trkpt lat="31.8864221" lon="118.8147215">
   </trkpt>
   <trkpt lat="31.8864234" lon="118.8147266">
   </trkpt>
   <trkpt lat="31.8864247" lon="118.8147316">
   </trkpt>
   <trkpt lat="31.8864261" lon="118.8147367">
   </trkpt>
   <trkpt lat="31.8864274" lon="118.8147417">
   </trkpt>
   <trkpt lat="31.8864287" lon="118.8147468">
   </trkpt>
   <trkpt lat="31.8864300" lon="118.8147518">
   </trkpt>
   <trkpt lat="31.8864313" lon="118.8147569">
   </trkpt>
   <trkpt lat="31.8864327" lon="118.8147620">
   </trkpt>
   <trkpt lat="31.8864340" lon="118.8147670">
   </trkpt>
   <trkpt lat="31.8864353" lon="118.8147721">
   </trkpt>
   <trkpt lat="31.8864366" lon="118.8147771">
   </trkpt>
   <trkpt lat="31.8864380" lon="118.8147822">
   </trkpt>
   <trkpt lat="31.8864393" lon="118.8147872">
   </trkpt>
   <trkpt lat="31.8864406" lon="118.8147923">
   </trkpt>
   <trkpt lat="31.8864419" lon="118.8147973">
   </trkpt>
   <trkpt lat="31.8864433" lon="118.8148024">
   </trkpt>
   <trkpt lat="31.8864446" lon="118.8148075">
   </trkpt>
   <trkpt lat="31.8864459" lon="118.8148125">
   </trkpt>
   <trkpt lat="31.8864472" lon="118.8148176">
   </trkpt>
   <trkpt lat="31.8864485" lon="118.8148226">
   </trkpt>
   <trkpt lat="31.8864499" lon="118.8148277">
   </trkpt>
   <trkpt lat="31.8864512" lon="118.8148327">
   </trkpt>
   <trkpt lat="31.8864525" lon="118.8148378">
   </trkpt>
   <trkpt lat="31.8864538" lon="118.8148428">
   </trkpt>
   <trkpt lat="31.8864552" lon="118.8148479">
   </trkpt>
   <trkpt lat="31.8864565" lon="118.8148530">
   </trkpt>
   <trkpt lat="31.8864578" lon="118.8148580">
   </trkpt>
   <trkpt lat="31.8864591" lon="118.8148631">
   </trkpt>
   <trkpt lat="31.8864605" lon="118.8148681">
   </trkpt>
   <trkpt lat="31.8864618" lon="118.8148732">
   </trkpt>
   <trkpt lat="31.8864631" lon="118.8148782">
   </trkpt>
   <trkpt lat="31.8864644" lon="118.8148833">
   </trkpt>
   <trkpt lat="31.8864657" lon="118.8148883">
   </trkpt>
   <trkpt lat="31.8864671" lon="118.8148934">
   </trkpt>
   <trkpt lat="31.8864684" lon="118.8148984">
   </trkpt>
   <trkpt lat="31.8864697" lon="118.8149035">
   </trkpt>
   <trkpt lat="31.8864710" lon="118.8149086">
   </trkpt>
   <trkpt lat="31.8864724" lon="118.8149136">
   </trkpt>
   <trkpt lat="31.8864737" lon="118.8149187">
   </trkpt>
   <trkpt lat="31.8864750" lon="118.8149237">
   </trkpt>
   <trkpt lat="31.8864763" lon="118.8149288">
   </trkpt>
   <trkpt lat="31.8864777" lon="118.8149338">
   </trkpt>
   <trkpt lat="31.8864790" lon="118.8149389">
   </trkpt>
   <trkpt lat="31.8864803" lon="118.8149439">
   </trkpt>
   <trkpt lat="31.8864816" lon="118.8149490">
   </trkpt>
   <trkpt lat="31.8864830" lon="118.8149541">
   </trkpt>
   <trkpt lat="31.8864843" lon="118.8149591">
   </trkpt>
   <trkpt lat="31.8864856" lon="118.8149642">
   </trkpt>
   <trkpt lat="31.8864869" lon="118.8149692">
   </trkpt>
   <trkpt lat="31.8864882" lon="118.8149743">
   </trkpt>
   <trkpt lat="31.8864896" lon="118.8149793">
   </trkpt>
   <trkpt lat="31.8864909" lon="118.8149844">
   </trkpt>
   <trkpt lat="31.8864922" lon="118.8149894">
   </trkpt>
   <trkpt lat="31.8864935" lon="118.8149945">
   </trkpt>
   <trkpt lat="31.8864949" lon="118.8149996">
   </trkpt>
   <trkpt lat="31.8864962" lon="118.8150046">
   </trkpt>
   <trkpt lat="31.8864975" lon="118.8150097">
   </trkpt>
   <trkpt lat="31.8864988" lon="118.8150147">
   </trkpt>
   <trkpt lat="31.8865002" lon="118.8150198">
   </trkpt>
   <trkpt lat="31.8865015" lon="118.8150248">
   </trkpt>
   <trkpt lat="31.8865028" lon="118.8150299">
   </trkpt>
   <trkpt lat="31.8865041" lon="118.8150349">
   </trkpt>
   <trkpt lat="31.8865054" lon="118.8150400">
   </trkpt>
   <trkpt lat="31.8865068" lon="118.8150450">
   </trkpt>
   <trkpt lat="31.8865081" lon="118.8150501">
   </trkpt>
   <trkpt lat="31.8865094" lon="118.8150552">
   </trkpt>
   <trkpt lat="31.8865107" lon="118.8150602">
   </trkpt>
   <trkpt lat="31.8865121" lon="118.8150653">
   </trkpt>
   <trkpt lat="31.8865134" lon="118.8150703">
   </trkpt>
   <trkpt lat="31.8865147" lon="118.8150754">
   </trkpt>
   <trkpt lat="31.8865160" lon="118.8150804">
   </trkpt>
   <trkpt lat="31.8865173" lon="118.8150855">
   </trkpt>
   <trkpt lat="31.8865187" lon="118.8150905">
   </trkpt>
   <trkpt lat="31.8865200" lon="118.8150956">
   </trkpt>
   <trkpt lat="31.8865213" lon="118.8151007">
   </trkpt>
   <trkpt lat="31.8865226" lon="118.8151057">
   </trkpt>
   <trkpt lat="31.8865240" lon="118.8151108">
   </trkpt>
   <trkpt lat="31.8865253" lon="118.8151158">
   </trkpt>
   <trkpt lat="31.8865266" lon="118.8151209">
   </trkpt>
   <trkpt lat="31.8865279" lon="118.8151259">
   </trkpt>
   <trkpt lat="31.8865292" lon="118.8151310">
   </trkpt>
   <trkpt lat="31.8865306" lon="118.8151360">
   </trkpt>
   <trkpt lat="31.8865319" lon="118.8151411">
   </trkpt>
   <trkpt lat="31.8865332" lon="118.8151462">
   </trkpt>
   <trkpt lat="31.8865345" lon="118.8151512">
   </trkpt>
   <trkpt lat="31.8865360" lon="118.8151562">
   </trkpt>
   <trkpt lat="31.8865381" lon="118.8151609">
   </trkpt>
   <trkpt lat="31.8865401" lon="118.8151656">
   </trkpt>
   <trkpt lat="31.8865421" lon="118.8151703">
   </trkpt>
   <trkpt lat="31.8865441" lon="118.8151751">
   </trkpt>
   <trkpt lat="31.8865462" lon="118.8151798">
   </trkpt>
   <trkpt lat="31.8865482" lon="118.8151845">
   </trkpt>
   <trkpt lat="31.8865502" lon="118.8151892">
   </trkpt>
   <trkpt lat="31.8865522" lon="118.8151940">
   </trkpt>
   <trkpt lat="31.8865543" lon="118.8151987">
   </trkpt>
   <trkpt lat="31.8865563" lon="118.8152034">
   </trkpt>
   <trkpt lat="31.8865583" lon="118.8152081">
   </trkpt>
   <trkpt lat="31.8865603" lon="118.8152128">
   </trkpt>
   <trkpt lat="31.8865624" lon="118.8152176">
   </trkpt>
   <trkpt lat="31.8865644" lon="118.8152223">
   </trkpt>
   <trkpt lat="31.8865664" lon="118.8152270">
   </trkpt>
   <trkpt lat="31.8865684" lon="118.8152317">
   </trkpt>
   <trkpt lat="31.8865705" lon="118.8152365">
   </trkpt>
   <trkpt lat="31.8865725" lon="118.8152412">
   </trkpt>
   <trkpt lat="31.8865745" lon="118.8152459">
   </trkpt>
   <trkpt lat="31.8865765" lon="118.8152506">
   </trkpt>
   <trkpt lat="31.8865786" lon="118.8152553">
   </trkpt>
   <trkpt lat="31.8865806" lon="118.8152601">
   </trkpt>
   <trkpt lat="31.8865826" lon="118.8152648">
   </trkpt>
   <trkpt lat="31.8865846" lon="118.8152695">
   </trkpt>
   <trkpt lat="31.8865867" lon="118.8152742">
   </trkpt>
   <trkpt lat="31.8865887" lon="118.8152789">
   </trkpt>
   <trkpt lat="31.8865907" lon="118.8152837">
   </trkpt>
   <trkpt lat="31.8865927" lon="118.8152884">
   </trkpt>
   <trkpt lat="31.8865948" lon="118.8152931">
   </trkpt>
   <trkpt lat="31.8865968" lon="118.8152978">
   </trkpt>
   <trkpt lat="31.8865988" lon="118.8153026">
   </trkpt>
   <trkpt lat="31.8866008" lon="118.8153073">
   </trkpt>
   <trkpt lat="31.8866029" lon="118.8153120">
   </trkpt>
   <trkpt lat="31.8866049" lon="118.8153167">
   </trkpt>
   <trkpt lat="31.8866069" lon="118.8153214">
   </trkpt>
   <trkpt lat="31.8866089" lon="118.8153262">
   </trkpt>
   <trkpt lat="31.8866110" lon="118.8153309">
   </trkpt>
   <trkpt lat="31.8866130" lon="118.8153356">
   </trkpt>
   <trkpt lat="31.8866150" lon="118.8153403">
   </trkpt>
   <trkpt lat="31.8866170" lon="118.8153451">
   </trkpt>
   <trkpt lat="31.8866191" lon="118.8153498">
   </trkpt>
   <trkpt lat="31.8866211" lon="118.8153545">
   </trkpt>
   <trkpt lat="31.8866231" lon="118.8153592">
   </trkpt>
   <trkpt lat="31.8866251" lon="118.8153639">
   </trkpt>
   <trkpt lat="31.8866272" lon="118.8153687">
   </trkpt>
   <trkpt lat="31.8866292" lon="118.8153734">
   </trkpt>
   <trkpt lat="31.8866312" lon="118.8153781">
   </trkpt>
   <trkpt lat="31.8866332" lon="118.8153828">
   </trkpt>
   <trkpt lat="31.8866353" lon="118.8153875">
   </trkpt>
   <trkpt lat="31.8866373" lon="118.8153923">
   </trkpt>
   <trkpt lat="31.8866393" lon="118.8153970">
   </trkpt>
   <trkpt lat="31.8866413" lon="118.8154017">
   </trkpt>
   <trkpt lat="31.8866434" lon="118.8154064">
   </trkpt>
   <trkpt lat="31.8866454" lon="118.8154112">
   </trkpt>
   <trkpt lat="31.8866474" lon="118.8154159">
   </trkpt>
   <trkpt lat="31.8866494" lon="118.8154206">
   </trkpt>
   <trkpt lat="31.8866515" lon="118.8154253">
   </trkpt>
   <trkpt lat="31.8866535" lon="118.8154300">
   </trkpt>
   <trkpt lat="31.8866555" lon="118.8154348">
   </trkpt>
   <trkpt lat="31.8866575" lon="118.8154395">
   </trkpt>
   <trkpt lat="31.8866596" lon="118.8154442">
   </trkpt>
   <trkpt lat="31.8866616" lon="118.8154489">
   </trkpt>
   <trkpt lat="31.8866636" lon="118.8154537">
   </trkpt>
   <trkpt lat="31.8866656" lon="118.8154584">
   </trkpt>
   <trkpt lat="31.8866677" lon="118.8154631">
   </trkpt>
   <trkpt lat="31.8866697" lon="118.8154678">
   </trkpt>
   <trkpt lat="31.8866717" lon="118.8154725">
   </trkpt>
   <trkpt lat="31.8866737" lon="118.8154773">
   </trkpt>
   <trkpt lat="31.8866758" lon="118.8154820">
   </trkpt>
   <trkpt lat="31.8866778" lon="118.8154867">
   </trkpt>
   <trkpt lat="31.8866798" lon="118.8154914">
   </trkpt>
   <trkpt lat="31.8866818" lon="118.8154962">
   </trkpt>
   <trkpt lat="31.8866839" lon="118.8155009">
   </trkpt>
   <trkpt lat="31.8866859" lon="118.8155056">
   </trkpt>
   <trkpt lat="31.8866879" lon="118.8155103">
   </trkpt>
   <trkpt lat="31.8866899" lon="118.8155150">
   </trkpt>
   <trkpt lat="31.8866920" lon="118.8155198">
   </trkpt>
   <trkpt lat="31.8866940" lon="118.8155245">
   </trkpt>
   <trkpt lat="31.8866960" lon="118.8155292">
   </trkpt>
   <trkpt lat="31.8866980" lon="118.8155339">
   </trkpt>
   <trkpt lat="31.8867001" lon="118.8155386">
   </trkpt>
   <trkpt lat="31.8867021" lon="118.8155434">
   </trkpt>
   <trkpt lat="31.8867041" lon="118.8155481">
   </trkpt>
   <trkpt lat="31.8867061" lon="118.8155528">
   </trkpt>
   <trkpt lat="31.8867082" lon="118.8155575">
   </trkpt>
   <trkpt lat="31.8867102" lon="118.8155623">
   </trkpt>
   <trkpt lat="31.8867126" lon="118.8155667">
   </trkpt>
   <trkpt lat="31.8867153" lon="118.8155709">
   </trkpt>
   <trkpt lat="31.8867180" lon="118.8155752">
   </trkpt>
   <trkpt lat="31.8867206" lon="118.8155794">
   </trkpt>
   <trkpt lat="31.8867233" lon="118.8155837">
   </trkpt>
   <trkpt lat="31.8867260" lon="118.8155879">
   </trkpt>
   <trkpt lat="31.8867287" lon="118.8155922">
   </trkpt>
   <trkpt lat="31.8867313" lon="118.8155965">
   </trkpt>
   <trkpt lat="31.8867340" lon="118.8156007">
   </trkpt>
   <trkpt lat="31.8867367" lon="118.8156050">
   </trkpt>
   <trkpt lat="31.8867393" lon="118.8156092">
   </trkpt>
   <trkpt lat="31.8867420" lon="118.8156135">
   </trkpt>
   <trkpt lat="31.8867447" lon="118.8156177">
   </trkpt>
   <trkpt lat="31.8867473" lon="118.8156220">
   </trkpt>
   <trkpt lat="31.8867500" lon="118.8156262">
   </trkpt>
   <trkpt lat="31.8867527" lon="118.8156305">
   </trkpt>
   <trkpt lat="31.8867554" lon="118.8156347">
   </trkpt>
   <trkpt lat="31.8867580" lon="118.8156390">
   </trkpt>
   <trkpt lat="31.8867607" lon="118.8156433">
   </trkpt>
   <trkpt lat="31.8867634" lon="118.8156475">
   </trkpt>
   <trkpt lat="31.8867660" lon="118.8156518">
   </trkpt>
   <trkpt lat="31.8867687" lon="118.8156560">
   </trkpt>
   <trkpt lat="31.8867714" lon="118.8156603">
   </trkpt>
   <trkpt lat="31.8867740" lon="118.8156645">
   </trkpt>
   <trkpt lat="31.8867767" lon="118.8156688">
   </trkpt>
   <trkpt lat="31.8867794" lon="118.8156730">
   </trkpt>
   <trkpt lat="31.8867820" lon="118.8156773">
   </trkpt>
   <trkpt lat="31.8867847" lon="118.8156815">
   </trkpt>
   <trkpt lat="31.8867874" lon="118.8156858">
   </trkpt>
   <trkpt lat="31.8867901" lon="118.8156900">
   </trkpt>
   <trkpt lat="31.8867927" lon="118.8156943">
   </trkpt>
   <trkpt lat="31.8867954" lon="118.8156986">
   </trkpt>
   <trkpt lat="31.8867981" lon="118.8157028">
   </trkpt>
   <trkpt lat="31.8868007" lon="118.8157071">
   </trkpt>
   <trkpt lat="31.8868034" lon="118.8157113">
   </trkpt>
   <trkpt lat="31.8868061" lon="118.8157156">
   </trkpt>
   <trkpt lat="31.8868087" lon="118.8157198">
   </trkpt>
   <trkpt lat="31.8868114" lon="118.8157241">
   </trkpt>
   <trkpt lat="31.8868141" lon="118.8157283">
   </trkpt>
   <trkpt lat="31.8868168" lon="118.8157326">
   </trkpt>
   <trkpt lat="31.8868194" lon="118.8157368">
   </trkpt>
   <trkpt lat="31.8868221" lon="118.8157411">
   </trkpt>
   <trkpt lat="31.8868248" lon="118.8157454">
   </trkpt>
   <trkpt lat="31.8868274" lon="118.8157496">
   </trkpt>
   <trkpt lat="31.8868301" lon="118.8157539">
   </trkpt>
   <trkpt lat="31.8868328" lon="118.8157581">
   </trkpt>
   <trkpt lat="31.8868354" lon="118.8157624">
   </trkpt>
   <trkpt lat="31.8868381" lon="118.8157666">
   </trkpt>
   <trkpt lat="31.8868408" lon="118.8157709">
   </trkpt>
   <trkpt lat="31.8868434" lon="118.8157751">
   </trkpt>
   <trkpt lat="31.8868461" lon="118.8157794">
   </trkpt>
   <trkpt lat="31.8868488" lon="118.8157836">
   </trkpt>
   <trkpt lat="31.8868515" lon="118.8157879">
   </trkpt>
   <trkpt lat="31.8868541" lon="118.8157921">
   </trkpt>
   <trkpt lat="31.8868568" lon="118.8157964">
   </trkpt>
   <trkpt lat="31.8868595" lon="118.8158007">
   </trkpt>
   <trkpt lat="31.8868621" lon="118.8158049">
   </trkpt>
   <trkpt lat="31.8868648" lon="118.8158092">
   </trkpt>
   <trkpt lat="31.8868675" lon="118.8158134">
   </trkpt>
   <trkpt lat="31.8868701" lon="118.8158177">
   </trkpt>
   <trkpt lat="31.8868728" lon="118.8158219">
   </trkpt>
   <trkpt lat="31.8868755" lon="118.8158262">
   </trkpt>
   <trkpt lat="31.8868782" lon="118.8158304">
   </trkpt>
   <trkpt lat="31.8868808" lon="118.8158347">
   </trkpt>
   <trkpt lat="31.8868835" lon="118.8158389">
   </trkpt>
   <trkpt lat="31.8868862" lon="118.8158432">
   </trkpt>
   <trkpt lat="31.8868888" lon="118.8158475">
   </trkpt>
   <trkpt lat="31.8868915" lon="118.8158517">
   </trkpt>
   <trkpt lat="31.8868942" lon="118.8158560">
   </trkpt>
   <trkpt lat="31.8868968" lon="118.8158602">
   </trkpt>
   <trkpt lat="31.8868995" lon="118.8158645">
   </trkpt>
   <trkpt lat="31.8869022" lon="118.8158687">
   </trkpt>
   <trkpt lat="31.8869048" lon="118.8158730">
   </trkpt>
   <trkpt lat="31.8869075" lon="118.8158772">
   </trkpt>
   <trkpt lat="31.8869102" lon="118.8158815">
   </trkpt>
   <trkpt lat="31.8869129" lon="118.8158857">
   </trkpt>
   <trkpt lat="31.8869155" lon="118.8158900">
   </trkpt>
   <trkpt lat="31.8869182" lon="118.8158942">
   </trkpt>
   <trkpt lat="31.8869209" lon="118.8158985">
   </trkpt>
   <trkpt lat="31.8869235" lon="118.8159028">
   </trkpt>
   <trkpt lat="31.8869262" lon="118.8159070">
   </trkpt>
   <trkpt lat="31.8869289" lon="118.8159113">
   </trkpt>
   <trkpt lat="31.8869315" lon="118.8159155">
   </trkpt>
   <trkpt lat="31.8869342" lon="118.8159198">
   </trkpt>
   <trkpt lat="31.8869369" lon="118.8159240">
   </trkpt>
   <trkpt lat="31.8869396" lon="118.8159283">
   </trkpt>
   <trkpt lat="31.8869422" lon="118.8159325">
   </trkpt>
   <trkpt lat="31.8869455" lon="118.8159362">
   </trkpt>
   <trkpt lat="31.8869487" lon="118.8159399">
   </trkpt>
   <trkpt lat="31.8869519" lon="118.8159435">
   </trkpt>
   <trkpt lat="31.8869552" lon="118.8159472">
   </trkpt>
   <trkpt lat="31.8869584" lon="118.8159509">
   </trkpt>
   <trkpt lat="31.8869616" lon="118.8159545">
   </trkpt>
   <trkpt lat="31.8869649" lon="118.8159582">
   </trkpt>
   <trkpt lat="31.8869681" lon="118.8159619">
   </trkpt>
   <trkpt lat="31.8869713" lon="118.8159656">
   </trkpt>
   <trkpt lat="31.8869746" lon="118.8159692">
   </trkpt>
   <trkpt lat="31.8869778" lon="118.8159729">
   </trkpt>
   <trkpt lat="31.8869811" lon="118.8159766">
   </trkpt>
   <trkpt lat="31.8869843" lon="118.8159802">
   </trkpt>
   <trkpt lat="31.8869875" lon="118.8159839">
   </trkpt>
   <trkpt lat="31.8869908" lon="118.8159876">
   </trkpt>
   <trkpt lat="31.8869940" lon="118.8159912">
   </trkpt>
   <trkpt lat="31.8869972" lon="118.8159949">
   </trkpt>
   <trkpt lat="31.8870005" lon="118.8159986">
   </trkpt>
   <trkpt lat="31.8870037" lon="118.8160022">
   </trkpt>
   <trkpt lat="31.8870070" lon="118.8160059">
   </trkpt>
   <trkpt lat="31.8870102" lon="118.8160096">
   </trkpt>
   <trkpt lat="31.8870134" lon="118.8160132">
   </trkpt>
   <trkpt lat="31.8870167" lon="118.8160169">
   </trkpt>
   <trkpt lat="31.8870199" lon="118.8160206">
   </trkpt>
   <trkpt lat="31.8870232" lon="118.8160242">
   </trkpt>
   <trkpt lat="31.8870264" lon="118.8160279">
   </trkpt>
   <trkpt lat="31.8870296" lon="118.8160315">
   </trkpt>
   <trkpt lat="31.8870329" lon="118.8160352">
   </trkpt>
   <trkpt lat="31.8870361" lon="118.8160389">
   </trkpt>
   <trkpt lat="31.8870393" lon="118.8160425">
   </trkpt>
   <trkpt lat="31.8870426" lon="118.8160462">
   </trkpt>
   <trkpt lat="31.8870458" lon="118.8160499">
   </trkpt>
   <trkpt lat="31.8870491" lon="118.8160535">
   </trkpt>
   <trkpt lat="31.8870523" lon="118.8160572">
   </trkpt>
   <trkpt lat="31.8870555" lon="118.8160609">
   </trkpt>
   <trkpt lat="31.8870588" lon="118.8160645">
   </trkpt>
   <trkpt lat="31.8870620" lon="118.8160682">
   </trkpt>
   <trkpt lat="31.8870652" lon="118.8160719">
   </trkpt>
   <trkpt lat="31.8870685" lon="118.8160755">
   </trkpt>
   <trkpt lat="31.8870717" lon="118.8160792">
   </trkpt>
   <trkpt lat="31.8870750" lon="118.8160829">
   </trkpt>
   <trkpt lat="31.8870782" lon="118.8160865">
   </trkpt>
   <trkpt lat="31.8870814" lon="118.8160902">
   </trkpt>
   <trkpt lat="31.8870847" lon="118.8160939">
   </trkpt>
   <trkpt lat="31.8870879" lon="118.8160975">
   </trkpt>
   <trkpt lat="31.8870912" lon="118.8161012">
   </trkpt>
   <trkpt lat="31.8870944" lon="118.8161049">
   </trkpt>
   <trkpt lat="31.8870976" lon="118.8161085">
   </trkpt>
   <trkpt lat="31.8871009" lon="118.8161122">
   </trkpt>
   <trkpt lat="31.8871041" lon="118.8161159">
   </trkpt>
   <trkpt lat="31.8871073" lon="118.8161195">
   </trkpt>
   <trkpt lat="31.8871106" lon="118.8161232">
   </trkpt>
   <trkpt lat="31.8871138" lon="118.8161269">
   </trkpt>
   <trkpt lat="31.8871171" lon="118.8161305">
   </trkpt>
   <trkpt lat="31.8871203" lon="118.8161342">
   </trkpt>
   <trkpt lat="31.8871235" lon="118.8161379">
   </trkpt>
   <trkpt lat="31.8871268" lon="118.8161415">
   </trkpt>
   <trkpt lat="31.8871300" lon="118.8161452">
   </trkpt>
   <trkpt lat="31.8871333" lon="118.8161489">
   </trkpt>
   <trkpt lat="31.8871365" lon="118.8161525">
   </trkpt>
   <trkpt lat="31.8871397" lon="118.8161562">
   </trkpt>
   <trkpt lat="31.8871430" lon="118.8161598">
   </trkpt>
   <trkpt lat="31.8871462" lon="118.8161635">
   </trkpt>
   <trkpt lat="31.8871494" lon="118.8161672">
   </trkpt>
   <trkpt lat="31.8871527" lon="118.8161708">
   </trkpt>
   <trkpt lat="31.8871559" lon="118.8161745">
   </trkpt>
   <trkpt lat="31.8871592" lon="118.8161782">
   </trkpt>
   <trkpt lat="31.8871624" lon="118.8161818">
   </trkpt>
   <trkpt lat="31.8871656" lon="118.8161855">
   </trkpt>
   <trkpt lat="31.8871689" lon="118.8161892">
   </trkpt>
   <trkpt lat="31.8871721" lon="118.8161928">
   </trkpt>
   <trkpt lat="31.8871754" lon="118.8161965">
   </trkpt>
   <trkpt lat="31.8871786" lon="118.8162002">
   </trkpt>
   <trkpt lat="31.8871818" lon="118.8162038">
   </trkpt>
   <trkpt lat="31.8871851" lon="118.8162075">
   </trkpt>
   <trkpt lat="31.8871883" lon="118.8162112">
   </trkpt>
   <trkpt lat="31.8871915" lon="118.8162148">
   </trkpt>
   <trkpt lat="31.8871948" lon="118.8162185">
   </trkpt>
   <trkpt lat="31.8871980" lon="118.8162222">
   </trkpt>
   <trkpt lat="31.8872013" lon="118.8162258">
   </trkpt>
   <trkpt lat="31.8872045" lon="118.8162295">
   </trkpt>
   <trkpt lat="31.8872077" lon="118.8162332">
   </trkpt>
   <trkpt lat="31.8872110" lon="118.8162368">
   </trkpt>
   <trkpt lat="31.8872142" lon="118.8162405">
   </trkpt>
   <trkpt lat="31.8872175" lon="118.8162442">
   </trkpt>
   <trkpt lat="31.8872207" lon="118.8162478">
   </trkpt>
   <trkpt lat="31.8872241" lon="118.8162512">
   </trkpt>
   <trkpt lat="31.8872278" lon="118.8162542">
   </trkpt>
   <trkpt lat="31.8872315" lon="118.8162572">
   </trkpt>
   <trkpt lat="31.8872352" lon="118.8162602">
   </trkpt>
   <trkpt lat="31.8872390" lon="118.8162631">
   </trkpt>
   <trkpt lat="31.8872427" lon="118.8162661">
   </trkpt>
   <trkpt lat="31.8872464" lon="118.8162691">
   </trkpt>
   <trkpt lat="31.8872501" lon="118.8162721">
   </trkpt>
   <trkpt lat="31.8872538" lon="118.8162750">
   </trkpt>
   <trkpt lat="31.8872575" lon="118.8162780">
   </trkpt>
   <trkpt lat="31.8872612" lon="118.8162810">
   </trkpt>
   <trkpt lat="31.8872650" lon="118.8162840">
   </trkpt>
   <trkpt lat="31.8872687" lon="118.8162869">
   </trkpt>
   <trkpt lat="31.8872724" lon="118.8162899">
   </trkpt>
   <trkpt lat="31.8872761" lon="118.8162929">
   </trkpt>
   <trkpt lat="31.8872798" lon="118.8162959">
   </trkpt>
   <trkpt lat="31.8872835" lon="118.8162988">
   </trkpt>
   <trkpt lat="31.8872872" lon="118.8163018">
   </trkpt>
   <trkpt lat="31.8872910" lon="118.8163048">
   </trkpt>
   <trkpt lat="31.8872947" lon="118.8163078">
   </trkpt>
   <trkpt lat="31.8872984" lon="118.8163107">
   </trkpt>
   <trkpt lat="31.8873021" lon="118.8163137">
   </trkpt>
   <trkpt lat="31.8873058" lon="118.8163167">
   </trkpt>
   <trkpt lat="31.8873095" lon="118.8163196">
   </trkpt>
   <trkpt lat="31.8873133" lon="118.8163226">
   </trkpt>
   <trkpt lat="31.8873170" lon="118.8163256">
   </trkpt>
   <trkpt lat="31.8873207" lon="118.8163286">
   </trkpt>
   <trkpt lat="31.8873244" lon="118.8163315">
   </trkpt>
   <trkpt lat="31.8873281" lon="118.8163345">
   </trkpt>
   <trkpt lat="31.8873318" lon="118.8163375">
   </trkpt>
   <trkpt lat="31.8873355" lon="118.8163405">
   </trkpt>
   <trkpt lat="31.8873393" lon="118.8163434">
   </trkpt>
   <trkpt lat="31.8873430" lon="118.8163464">
   </trkpt>
   <trkpt lat="31.8873467" lon="118.8163494">
   </trkpt>
   <trkpt lat="31.8873504" lon="118.8163524">
   </trkpt>
   <trkpt lat="31.8873541" lon="118.8163553">
   </trkpt>
   <trkpt lat="31.8873578" lon="118.8163583">
   </trkpt>
   <trkpt lat="31.8873615" lon="118.8163613">
   </trkpt>
   <trkpt lat="31.8873653" lon="118.8163643">
   </trkpt>
   <trkpt lat="31.8873690" lon="118.8163672">
   </trkpt>
   <trkpt lat="31.8873727" lon="118.8163702">
   </trkpt>
   <trkpt lat="31.8873764" lon="118.8163732">
   </trkpt>
   <trkpt lat="31.8873801" lon="118.8163761">
   </trkpt>
   <trkpt lat="31.8873838" lon="118.8163791">
   </trkpt>
   <trkpt lat="31.8873875" lon="118.8163821">
   </trkpt>
   <trkpt lat="31.8873913" lon="118.8163851">
   </trkpt>
   <trkpt lat="31.8873950" lon="118.8163880">
   </trkpt>
   <trkpt lat="31.8873987" lon="118.8163910">
   </trkpt>
   <trkpt lat="31.8874024" lon="118.8163940">
   </trkpt>
   <trkpt lat="31.8874061" lon="118.8163970">
   </trkpt>
   <trkpt lat="31.8874098" lon="118.8163999">
   </trkpt>
   <trkpt lat="31.8874135" lon="118.8164029">
   </trkpt>
   <trkpt lat="31.8874173" lon="118.8164059">
   </trkpt>
   <trkpt lat="31.8874210" lon="118.8164089">
   </trkpt>
   <trkpt lat="31.8874247" lon="118.8164118">
   </trkpt>
   <trkpt lat="31.8874284" lon="118.8164148">
   </trkpt>
   <trkpt lat="31.8874321" lon="118.8164178">
   </trkpt>
   <trkpt lat="31.8874358" lon="118.8164208">
   </trkpt>
   <trkpt lat="31.8874395" lon="118.8164237">
   </trkpt>
   <trkpt lat="31.8874433" lon="118.8164267">
   </trkpt>
   <trkpt lat="31.8874470" lon="118.8164297">
   </trkpt>
   <trkpt lat="31.8874507" lon="118.8164327">
   </trkpt>
   <trkpt lat="31.8874544" lon="118.8164356">
   </trkpt>
   <trkpt lat="31.8874581" lon="118.8164386">
   </trkpt>
   <trkpt lat="31.8874618" lon="118.8164416">
   </trkpt>
   <trkpt lat="31.8874655" lon="118.8164446">
   </trkpt>
   <trkpt lat="31.8874693" lon="118.8164475">
   </trkpt>
   <trkpt lat="31.8874730" lon="118.8164505">
   </trkpt>
   <trkpt lat="31.8874767" lon="118.8164535">
   </trkpt>
   <trkpt lat="31.8874804" lon="118.8164565">
   </trkpt>
   <trkpt lat="31.8874841" lon="118.8164594">
   </trkpt>
   <trkpt lat="31.8874878" lon="118.8164624">
   </trkpt>
   <trkpt lat="31.8874915" lon="118.8164654">
   </trkpt>
   <trkpt lat="31.8874953" lon="118.8164684">
   </trkpt>
   <trkpt lat="31.8874990" lon="118.8164713">
   </trkpt>
   <trkpt lat="31.8875027" lon="118.8164743">
   </trkpt>
   <trkpt lat="31.8875064" lon="118.8164773">
   </trkpt>
   <trkpt lat="31.8875101" lon="118.8164802">
   </trkpt>
   <trkpt lat="31.8875138" lon="118.8164832">
   </trkpt>
   <trkpt lat="31.8875175" lon="118.8164862">
   </trkpt>
   <trkpt lat="31.8875213" lon="118.8164892">
   </trkpt>
   <trkpt lat="31.8875250" lon="118.8164921">
   </trkpt>
   <trkpt lat="31.8875287" lon="118.8164951">
   </trkpt>
   <trkpt lat="31.8875324" lon="118.8164981">
   </trkpt>
   <trkpt lat="31.8875361" lon="118.8165011">
   </trkpt>
   <trkpt lat="31.8875398" lon="118.8165040">
   </trkpt>
   <trkpt lat="31.8875435" lon="118.8165070">
   </trkpt>
   <trkpt lat="31.8875475" lon="118.8165094">
   </trkpt>
   <trkpt lat="31.8875516" lon="118.8165116">
   </trkpt>
   <trkpt lat="31.8875557" lon="118.8165138">
   </trkpt>
   <trkpt lat="31.8875598" lon="118.8165160">
   </trkpt>
   <trkpt lat="31.8875639" lon="118.8165182">
   </trkpt>
   <trkpt lat="31.8875680" lon="118.8165204">
   </trkpt>
   <trkpt lat="31.8875721" lon="118.8165226">
   </trkpt>
   <trkpt lat="31.8875761" lon="118.8165248">
   </trkpt>
   <trkpt lat="31.8875802" lon="118.8165270">
   </trkpt>
   <trkpt lat="31.8875843" lon="118.8165292">
   </trkpt>
   <trkpt lat="31.8875884" lon="118.8165314">
   </trkpt>
   <trkpt lat="31.8875925" lon="118.8165336">
   </trkpt>
   <trkpt lat="31.8875966" lon="118.8165358">
   </trkpt>
   <trkpt lat="31.8876007" lon="118.8165380">
   </trkpt>
   <trkpt lat="31.8876047" lon="118.8165402">
   </trkpt>
   <trkpt lat="31.8876088" lon="118.8165424">
   </trkpt>
   <trkpt lat="31.8876129" lon="118.8165446">
   </trkpt>
   <trkpt lat="31.8876170" lon="118.8165467">
   </trkpt>
   <trkpt lat="31.8876211" lon="118.8165489">
   </trkpt>
   <trkpt lat="31.8876252" lon="118.8165511">
   </trkpt>
   <trkpt lat="31.8876293" lon="118.8165533">
   </trkpt>
   <trkpt lat="31.8876333" lon="118.8165555">
   </trkpt>
   <trkpt lat="31.8876374" lon="118.8165577">
   </trkpt>
   <trkpt lat="31.8876415" lon="118.8165599">
   </trkpt>
   <trkpt lat="31.8876456" lon="118.8165621">
   </trkpt>
   <trkpt lat="31.8876497" lon="118.8165643">
   </trkpt>
   <trkpt lat="31.8876538" lon="118.8165665">
   </trkpt>
   <trkpt lat="31.8876579" lon="118.8165687">
   </trkpt>
   <trkpt lat="31.8876619" lon="118.8165709">
   </trkpt>
   <trkpt lat="31.8876660" lon="118.8165731">
   </trkpt>
   <trkpt lat="31.8876701" lon="118.8165753">
   </trkpt>
   <trkpt lat="31.8876742" lon="118.8165775">
   </trkpt>
   <trkpt lat="31.8876783" lon="118.8165797">
   </trkpt>
   <trkpt lat="31.8876824" lon="118.8165819">
   </trkpt>
   <trkpt lat="31.8876865" lon="118.8165841">
   </trkpt>
   <trkpt lat="31.8876905" lon="118.8165863">
   </trkpt>
   <trkpt lat="31.8876946" lon="118.8165885">
   </trkpt>
   <trkpt lat="31.8876987" lon="118.8165907">
   </trkpt>
   <trkpt lat="31.8877028" lon="118.8165929">
   </trkpt>
   <trkpt lat="31.8877069" lon="118.8165951">
   </trkpt>
   <trkpt lat="31.8877110" lon="118.8165973">
   </trkpt>
   <trkpt lat="31.8877151" lon="118.8165995">
   </trkpt>
   <trkpt lat="31.8877191" lon="118.8166017">
   </trkpt>
   <trkpt lat="31.8877232" lon="118.8166039">
   </trkpt>
   <trkpt lat="31.8877273" lon="118.8166061">
   </trkpt>
   <trkpt lat="31.8877314" lon="118.8166083">
   </trkpt>
   <trkpt lat="31.8877355" lon="118.8166105">
   </trkpt>
   <trkpt lat="31.8877396" lon="118.8166127">
   </trkpt>
   <trkpt lat="31.8877437" lon="118.8166149">
   </trkpt>
   <trkpt lat="31.8877477" lon="118.8166171">
   </trkpt>
   <trkpt lat="31.8877518" lon="118.8166193">
   </trkpt>
   <trkpt lat="31.8877559" lon="118.8166215">
   </trkpt>
   <trkpt lat="31.8877600" lon="118.8166237">
   </trkpt>
   <trkpt lat="31.8877641" lon="118.8166259">
   </trkpt>
   <trkpt lat="31.8877682" lon="118.8166281">
   </trkpt>
   <trkpt lat="31.8877723" lon="118.8166303">
   </trkpt>
   <trkpt lat="31.8877763" lon="118.8166325">
   </trkpt>
   <trkpt lat="31.8877804" lon="118.8166346">
   </trkpt>
   <trkpt lat="31.8877845" lon="118.8166368">
   </trkpt>
   <trkpt lat="31.8877886" lon="118.8166390">
   </trkpt>
   <trkpt lat="31.8877927" lon="118.8166412">
   </trkpt>
   <trkpt lat="31.8877968" lon="118.8166434">
   </trkpt>
   <trkpt lat="31.8878009" lon="118.8166456">
   </trkpt>
   <trkpt lat="31.8878049" lon="118.8166478">
   </trkpt>
   <trkpt lat="31.8878090" lon="118.8166500">
   </trkpt>
   <trkpt lat="31.8878131" lon="118.8166522">
   </trkpt>
   <trkpt lat="31.8878172" lon="118.8166544">
   </trkpt>
   <trkpt lat="31.8878213" lon="118.8166566">
   </trkpt>
   <trkpt lat="31.8878254" lon="118.8166588">
   </trkpt>
   <trkpt lat="31.8878295" lon="118.8166610">
   </trkpt>
   <trkpt lat="31.8878335" lon="118.8166632">
   </trkpt>
   <trkpt lat="31.8878376" lon="118.8166654">
   </trkpt>
   <trkpt lat="31.8878417" lon="118.8166676">
   </trkpt>
   <trkpt lat="31.8878458" lon="118.8166698">
   </trkpt>
   <trkpt lat="31.8878499" lon="118.8166720">
   </trkpt>
   <trkpt lat="31.8878540" lon="118.8166742">
   </trkpt>
   <trkpt lat="31.8878581" lon="118.8166764">
   </trkpt>
   <trkpt lat="31.8878621" lon="118.8166786">
   </trkpt>
   <trkpt lat="31.8878662" lon="118.8166808">
   </trkpt>
   <trkpt lat="31.8878703" lon="118.8166830">
   </trkpt>
   <trkpt lat="31.8878744" lon="118.8166852">
   </trkpt>
   <trkpt lat="31.8878785" lon="118.8166874">
   </trkpt>
   <trkpt lat="31.8878826" lon="118.8166896">
   </trkpt>
   <trkpt lat="31.8878867" lon="118.8166918">
   </trkpt>
   <trkpt lat="31.8878907" lon="118.8166940">
   </trkpt>
   <trkpt lat="31.8878948" lon="118.8166962">
   </trkpt>
   <trkpt lat="31.8878989" lon="118.8166983">
   </trkpt>
   <trkpt lat="31.8879033" lon="118.8166996">
   </trkpt>
   <trkpt lat="31.8879076" lon="118.8167010">
   </trkpt>
   <trkpt lat="31.8879120" lon="118.8167023">
   </trkpt>
   <trkpt lat="31.8879163" lon="118.8167037">
   </trkpt>
   <trkpt lat="31.8879207" lon="118.8167050">
   </trkpt>
   <trkpt lat="31.8879250" lon="118.8167064">
   </trkpt>
   <trkpt lat="31.8879293" lon="118.8167078">
   </trkpt>
   <trkpt lat="31.8879337" lon="118.8167091">
   </trkpt>
   <trkpt lat="31.8879380" lon="118.8167105">
   </trkpt>
   <trkpt lat="31.8879424" lon="118.8167118">
   </trkpt>
   <trkpt lat="31.8879467" lon="118.8167132">
   </trkpt>
   <trkpt lat="31.8879510" lon="118.8167145">
   </trkpt>
   <trkpt lat="31.8879554" lon="118.8167159">
   </trkpt>
   <trkpt lat="31.8879597" lon="118.8167172">
   </trkpt>
   <trkpt lat="31.8879641" lon="118.8167186">
   </trkpt>
   <trkpt lat="31.8879684" lon="118.8167200">
   </trkpt>
   <trkpt lat="31.8879728" lon="118.8167213">
   </trkpt>
   <trkpt lat="31.8879771" lon="118.8167227">
   </trkpt>
   <trkpt lat="31.8879814" lon="118.8167240">
   </trkpt>
   <trkpt lat="31.8879858" lon="118.8167254">
   </trkpt>
   <trkpt lat="31.8879901" lon="118.8167268">
   </trkpt>
   <trkpt lat="31.8879945" lon="118.8167281">
   </trkpt>
   <trkpt lat="31.8879988" lon="118.8167295">
   </trkpt>
   <trkpt lat="31.8880031" lon="118.8167308">
   </trkpt>
   <trkpt lat="31.8880075" lon="118.8167322">
   </trkpt>
   <trkpt lat="31.8880118" lon="118.8167335">
   </trkpt>
   <trkpt lat="31.8880162" lon="118.8167349">
   </trkpt>
   <trkpt lat="31.8880205" lon="118.8167363">
   </trkpt>
   <trkpt lat="31.8880248" lon="118.8167376">
   </trkpt>
   <trkpt lat="31.8880292" lon="118.8167390">
   </trkpt>
   <trkpt lat="31.8880335" lon="118.8167403">
   </trkpt>
   <trkpt lat="31.8880379" lon="118.8167417">
   </trkpt>
   <trkpt lat="31.8880422" lon="118.8167431">
   </trkpt>
   <trkpt lat="31.8880466" lon="118.8167444">
   </trkpt>
   <trkpt lat="31.8880509" lon="118.8167458">
   </trkpt>
   <trkpt lat="31.8880552" lon="118.8167471">
   </trkpt>
   <trkpt lat="31.8880596" lon="118.8167485">
   </trkpt>
   <trkpt lat="31.8880639" lon="118.8167498">
   </trkpt>
   <trkpt lat="31.8880683" lon="118.8167512">
   </trkpt>
   <trkpt lat="31.8880726" lon="118.8167526">
   </trkpt>
   <trkpt lat="31.8880769" lon="118.8167539">
   </trkpt>
   <trkpt lat="31.8880813" lon="118.8167553">
   </trkpt>
   <trkpt lat="31.8880856" lon="118.8167566">
   </trkpt>
   <trkpt lat="31.8880900" lon="118.8167580">
   </trkpt>
   <trkpt lat="31.8880943" lon="118.8167594">
   </trkpt>
   <trkpt lat="31.8880986" lon="118.8167607">
   </trkpt>
   <trkpt lat="31.8881030" lon="118.8167621">
   </trkpt>
   <trkpt lat="31.8881073" lon="118.8167634">
   </trkpt>
   <trkpt lat="31.8881117" lon="118.8167648">
   </trkpt>
   <trkpt lat="31.8881160" lon="118.8167661">
   </trkpt>
   <trkpt lat="31.8881203" lon="118.8167675">
   </trkpt>
   <trkpt lat="31.8881247" lon="118.8167689">
   </trkpt>
   <trkpt lat="31.8881290" lon="118.8167702">
   </trkpt>
   <trkpt lat="31.8881334" lon="118.8167716">
   </trkpt>
   <trkpt lat="31.8881377" lon="118.8167729">
   </trkpt>
   <trkpt lat="31.8881421" lon="118.8167743">
   </trkpt>
   <trkpt lat="31.8881464" lon="118.8167756">
   </trkpt>
   <trkpt lat="31.8881507" lon="118.8167770">
   </trkpt>
   <trkpt lat="31.8881551" lon="118.8167784">
   </trkpt>
   <trkpt lat="31.8881594" lon="118.8167797">
   </trkpt>
   <trkpt lat="31.8881638" lon="118.8167811">
   </trkpt>
   <trkpt lat="31.8881681" lon="118.8167824">
   </trkpt>
   <trkpt lat="31.8881724" lon="118.8167838">
   </trkpt>
   <trkpt lat="31.8881768" lon="118.8167852">
   </trkpt>
   <trkpt lat="31.8881811" lon="118.8167865">
   </trkpt>
   <trkpt lat="31.8881855" lon="118.8167879">
   </trkpt>
   <trkpt lat="31.8881898" lon="118.8167892">
   </trkpt>
   <trkpt lat="31.8881941" lon="118.8167906">
   </trkpt>
   <trkpt lat="31.8881985" lon="118.8167919">
   </trkpt>
   <trkpt lat="31.8882028" lon="118.8167933">
   </trkpt>
   <trkpt lat="31.8882072" lon="118.8167947">
   </trkpt>
   <trkpt lat="31.8882115" lon="118.8167960">
   </trkpt>
   <trkpt lat="31.8882159" lon="118.8167974">
   </trkpt>
   <trkpt lat="31.8882202" lon="118.8167987">
   </trkpt>
   <trkpt lat="31.8882245" lon="118.8168001">
   </trkpt>
   <trkpt lat="31.8882289" lon="118.8168015">
   </trkpt>
   <trkpt lat="31.8882332" lon="118.8168028">
   </trkpt>
   <trkpt lat="31.8882376" lon="118.8168042">
   </trkpt>
   <trkpt lat="31.8882419" lon="118.8168055">
   </trkpt>
   <trkpt lat="31.8882462" lon="118.8168069">
   </trkpt>
   <trkpt lat="31.8882506" lon="118.8168082">
   </trkpt>
   <trkpt lat="31.8882549" lon="118.8168096">
   </trkpt>
   <trkpt lat="31.8882593" lon="118.8168110">
   </trkpt>
   <trkpt lat="31.8882636" lon="118.8168123">
   </trkpt>
   <trkpt lat="31.8882679" lon="118.8168137">
   </trkpt>
   <trkpt lat="31.8882723" lon="118.8168150">
   </trkpt>
   <trkpt lat="31.8882767" lon="118.8168159">
   </trkpt>
   <trkpt lat="31.8882812" lon="118.8168164">
   </trkpt>
   <trkpt lat="31.8882856" lon="118.8168169">
   </trkpt>
   <trkpt lat="31.8882901" lon="118.8168174">
   </trkpt>
   <trkpt lat="31.8882946" lon="118.8168179">
   </trkpt>
   <trkpt lat="31.8882991" lon="118.8168184">
   </trkpt>
   <trkpt lat="31.8883035" lon="118.8168188">
   </trkpt>
   <trkpt lat="31.8883080" lon="118.8168193">
   </trkpt>
   <trkpt lat="31.8883125" lon="118.8168198">
   </trkpt>
   <trkpt lat="31.8883169" lon="118.8168203">
   </trkpt>
   <trkpt lat="31.8883214" lon="118.8168208">
   </trkpt>
   <trkpt lat="31.8883259" lon="118.8168212">
   </trkpt>
   <trkpt lat="31.8883304" lon="118.8168217">
   </trkpt>
   <trkpt lat="31.8883348" lon="118.8168222">
   </trkpt>
   <trkpt lat="31.8883393" lon="118.8168227">
   </trkpt>
   <trkpt lat="31.8883438" lon="118.8168232">
   </trkpt>
   <trkpt lat="31.8883483" lon="118.8168236">
   </trkpt>
   <trkpt lat="31.8883527" lon="118.8168241">
   </trkpt>
   <trkpt lat="31.8883572" lon="118.8168246">
   </trkpt>
   <trkpt lat="31.8883617" lon="118.8168251">
   </trkpt>
   <trkpt lat="31.8883662" lon="118.8168256">
   </trkpt>
   <trkpt lat="31.8883706" lon="118.8168260">
   </trkpt>
   <trkpt lat="31.8883751" lon="118.8168265">
   </trkpt>
   <trkpt lat="31.8883796" lon="118.8168270">
   </trkpt>
   <trkpt lat="31.8883840" lon="118.8168275">
   </trkpt>
   <trkpt lat="31.8883885" lon="118.8168280">
   </trkpt>
   <trkpt lat="31.8883930" lon="118.8168284">
   </trkpt>
   <trkpt lat="31.8883975" lon="118.8168289">
   </trkpt>
   <trkpt lat="31.8884019" lon="118.8168294">
   </trkpt>
   <trkpt lat="31.8884064" lon="118.8168299">
   </trkpt>
   <trkpt lat="31.8884109" lon="118.8168304">
   </trkpt>
   <trkpt lat="31.8884154" lon="118.8168309">
   </trkpt>
   <trkpt lat="31.8884198" lon="118.8168313">
   </trkpt>
   <trkpt lat="31.8884243" lon="118.8168318">
   </trkpt>
   <trkpt lat="31.8884288" lon="118.8168323">
   </trkpt>
   <trkpt lat="31.8884332" lon="118.8168328">
   </trkpt>
   <trkpt lat="31.8884377" lon="118.8168333">
   </trkpt>
   <trkpt lat="31.8884422" lon="118.8168337">
   </trkpt>
   <trkpt lat="31.8884467" lon="118.8168342">
   </trkpt>
   <trkpt lat="31.8884511" lon="118.8168347">
   </trkpt>
   <trkpt lat="31.8884556" lon="118.8168352">
   </trkpt>
   <trkpt lat="31.8884601" lon="118.8168357">
   </trkpt>
   <trkpt lat="31.8884646" lon="118.8168361">
   </trkpt>
   <trkpt lat="31.8884690" lon="118.8168366">
   </trkpt>
   <trkpt lat="31.8884735" lon="118.8168371">
   </trkpt>
   <trkpt lat="31.8884780" lon="118.8168376">
   </trkpt>
   <trkpt lat="31.8884824" lon="118.8168381">
   </trkpt>
   <trkpt lat="31.8884869" lon="118.8168385">
   </trkpt>
   <trkpt lat="31.8884914" lon="118.8168390">
   </trkpt>
   <trkpt lat="31.8884959" lon="118.8168395">
   </trkpt>
   <trkpt lat="31.8885003" lon="118.8168400">
   </trkpt>
   <trkpt lat="31.8885048" lon="118.8168405">
   </trkpt>
   <trkpt lat="31.8885093" lon="118.8168410">
   </trkpt>
   <trkpt lat="31.8885138" lon="118.8168414">
   </trkpt>
   <trkpt lat="31.8885182" lon="118.8168419">
   </trkpt>
   <trkpt lat="31.8885227" lon="118.8168424">
   </trkpt>
   <trkpt lat="31.8885272" lon="118.8168429">
   </trkpt>
   <trkpt lat="31.8885317" lon="118.8168434">
   </trkpt>
   <trkpt lat="31.8885361" lon="118.8168438">
   </trkpt>
   <trkpt lat="31.8885406" lon="118.8168443">
   </trkpt>
   <trkpt lat="31.8885451" lon="118.8168448">
   </trkpt>
   <trkpt lat="31.8885495" lon="118.8168453">
   </trkpt>
   <trkpt lat="31.8885540" lon="118.8168458">
   </trkpt>
   <trkpt lat="31.8885585" lon="118.8168462">
   </trkpt>
   <trkpt lat="31.8885630" lon="118.8168467">
   </trkpt>
   <trkpt lat="31.8885674" lon="118.8168472">
   </trkpt>
   <trkpt lat="31.8885719" lon="118.8168477">
   </trkpt>
   <trkpt lat="31.8885764" lon="118.8168482">
   </trkpt>
   <trkpt lat="31.8885809" lon="118.8168486">
   </trkpt>
   <trkpt lat="31.8885853" lon="118.8168491">
   </trkpt>
   <trkpt lat="31.8885898" lon="118.8168496">
   </trkpt>
   <trkpt lat="31.8885943" lon="118.8168501">
   </trkpt>
   <trkpt lat="31.8885987" lon="118.8168506">
   </trkpt>
   <trkpt lat="31.8886032" lon="118.8168511">
   </trkpt>
   <trkpt lat="31.8886077" lon="118.8168515">
   </trkpt>
   <trkpt lat="31.8886122" lon="118.8168520">
   </trkpt>
   <trkpt lat="31.8886166" lon="118.8168525">
   </trkpt>
   <trkpt lat="31.8886211" lon="118.8168530">
   </trkpt>
   <trkpt lat="31.8886256" lon="118.8168535">
   </trkpt>
   <trkpt lat="31.8886301" lon="118.8168540">
   </trkpt>
   <trkpt lat="31.8886345" lon="118.8168544">
   </trkpt>
   <trkpt lat="31.8886390" lon="118.8168549">
   </trkpt>
   <trkpt lat="31.8886435" lon="118.8168554">
   </trkpt>
   <trkpt lat="31.8886479" lon="118.8168559">
   </trkpt>
   <trkpt lat="31.8886524" lon="118.8168564">
   </trkpt>
   <trkpt lat="31.8886569" lon="118.8168569">
   </trkpt>
   <trkpt lat="31.8886614" lon="118.8168573">
   </trkpt>
   <trkpt lat="31.8886658" lon="118.8168568">
   </trkpt>
   <trkpt lat="31.8886703" lon="118.8168562">
   </trkpt>
   <trkpt lat="31.8886747" lon="118.8168556">
   </trkpt>
   <trkpt lat="31.8886792" lon="118.8168550">
   </trkpt>
   <trkpt lat="31.8886837" lon="118.8168546">
   </trkpt>
   <trkpt lat="31.8886882" lon="118.8168542">
   </trkpt>
   <trkpt lat="31.8886926" lon="118.8168538">
   </trkpt>
   <trkpt lat="31.8886971" lon="118.8168534">
   </trkpt>
   <trkpt lat="31.8887016" lon="118.8168530">
   </trkpt>
   <trkpt lat="31.8887061" lon="118.8168526">
   </trkpt>
   <trkpt lat="31.8887106" lon="118.8168522">
   </trkpt>
   <trkpt lat="31.8887150" lon="118.8168518">
   </trkpt>
   <trkpt lat="31.8887195" lon="118.8168514">
   </trkpt>
   <trkpt lat="31.8887240" lon="118.8168510">
   </trkpt>
   <trkpt lat="31.8887285" lon="118.8168506">
   </trkpt>
   <trkpt lat="31.8887330" lon="118.8168502">
   </trkpt>
   <trkpt lat="31.8887374" lon="118.8168498">
   </trkpt>
   <trkpt lat="31.8887419" lon="118.8168495">
   </trkpt>
   <trkpt lat="31.8887464" lon="118.8168497">
   </trkpt>
   <trkpt lat="31.8887509" lon="118.8168503">
   </trkpt>
   <trkpt lat="31.8887552" lon="118.8168515">
   </trkpt>
   <trkpt lat="31.8887595" lon="118.8168531">
   </trkpt>
   <trkpt lat="31.8887636" lon="118.8168551">
   </trkpt>
   <trkpt lat="31.8887676" lon="118.8168576">
   </trkpt>
   <trkpt lat="31.8887713" lon="118.8168605">
   </trkpt>
   <trkpt lat="31.8887748" lon="118.8168639">
   </trkpt>
   <trkpt lat="31.8887780" lon="118.8168676">
   </trkpt>
   <trkpt lat="31.8887809" lon="118.8168716">
   </trkpt>
   <trkpt lat="31.8887835" lon="118.8168759">
   </trkpt>
   <trkpt lat="31.8887857" lon="118.8168805">
   </trkpt>
   <trkpt lat="31.8887876" lon="118.8168854">
   </trkpt>
   <trkpt lat="31.8887890" lon="118.8168904">
   </trkpt>
   <trkpt lat="31.8887900" lon="118.8168955">
   </trkpt>
   <trkpt lat="31.8887907" lon="118.8169007">
   </trkpt>
   <trkpt lat="31.8887910" lon="118.8169060">
   </trkpt>
   <trkpt lat="31.8887914" lon="118.8169113">
   </trkpt>
   <trkpt lat="31.8887917" lon="118.8169166">
   </trkpt>
   <trkpt lat="31.8887920" lon="118.8169218">
   </trkpt>
   <trkpt lat="31.8887927" lon="118.8169271">
   </trkpt>
   <trkpt lat="31.8887938" lon="118.8169322">
   </trkpt>
   <trkpt lat="31.8887954" lon="118.8169371">
   </trkpt>
   <trkpt lat="31.8887973" lon="118.8169419">
   </trkpt>
   <trkpt lat="31.8887997" lon="118.8169464">
   </trkpt>
   <trkpt lat="31.8888024" lon="118.8169506">
   </trkpt>
   <trkpt lat="31.8888055" lon="118.8169545">
   </trkpt>
   <trkpt lat="31.8888089" lon="118.8169579">
   </trkpt>
   <trkpt lat="31.8888125" lon="118.8169610">
   </trkpt>
   <trkpt lat="31.8888164" lon="118.8169636">
   </trkpt>
   <trkpt lat="31.8888206" lon="118.8169657">
   </trkpt>
   <trkpt lat="31.8888248" lon="118.8169673">
   </trkpt>
   <trkpt lat="31.8888292" lon="118.8169684">
   </trkpt>
   <trkpt lat="31.8888337" lon="118.8169689">
   </trkpt>
   <trkpt lat="31.8888382" lon="118.8169690">
   </trkpt>
   <trkpt lat="31.8888427" lon="118.8169687">
   </trkpt>
   <trkpt lat="31.8888472" lon="118.8169684">
   </trkpt>
   <trkpt lat="31.8888516" lon="118.8169681">
   </trkpt>
   <trkpt lat="31.8888561" lon="118.8169678">
   </trkpt>
   <trkpt lat="31.8888606" lon="118.8169675">
   </trkpt>
   <trkpt lat="31.8888651" lon="118.8169672">
   </trkpt>
   <trkpt lat="31.8888696" lon="118.8169669">
   </trkpt>
   <trkpt lat="31.8888741" lon="118.8169666">
   </trkpt>
   <trkpt lat="31.8888785" lon="118.8169663">
   </trkpt>
   <trkpt lat="31.8888830" lon="118.8169660">
   </trkpt>
   <trkpt lat="31.8888875" lon="118.8169657">
   </trkpt>
   <trkpt lat="31.8888920" lon="118.8169654">
   </trkpt>
   <trkpt lat="31.8888964" lon="118.8169646">
   </trkpt>
   <trkpt lat="31.8889009" lon="118.8169636">
   </trkpt>
   <trkpt lat="31.8889053" lon="118.8169627">
   </trkpt>
   <trkpt lat="31.8889097" lon="118.8169618">
   </trkpt>
   <trkpt lat="31.8889141" lon="118.8169609">
   </trkpt>
   <trkpt lat="31.8889185" lon="118.8169599">
   </trkpt>
   <trkpt lat="31.8889230" lon="118.8169590">
   </trkpt>
   <trkpt lat="31.8889274" lon="118.8169581">
   </trkpt>
   <trkpt lat="31.8889318" lon="118.8169572">
   </trkpt>
   <trkpt lat="31.8889362" lon="118.8169562">
   </trkpt>
   <trkpt lat="31.8889407" lon="118.8169553">
   </trkpt>
   <trkpt lat="31.8889451" lon="118.8169544">
   </trkpt>
   <trkpt lat="31.8889495" lon="118.8169535">
   </trkpt>
   <trkpt lat="31.8889539" lon="118.8169525">
   </trkpt>
   <trkpt lat="31.8889583" lon="118.8169516">
   </trkpt>
   <trkpt lat="31.8889628" lon="118.8169507">
   </trkpt>
   <trkpt lat="31.8889672" lon="118.8169498">
   </trkpt>
   <trkpt lat="31.8889716" lon="118.8169488">
   </trkpt>
   <trkpt lat="31.8889760" lon="118.8169479">
   </trkpt>
   <trkpt lat="31.8889805" lon="118.8169470">
   </trkpt>
   <trkpt lat="31.8889849" lon="118.8169461">
   </trkpt>
   <trkpt lat="31.8889893" lon="118.8169451">
   </trkpt>
   <trkpt lat="31.8889937" lon="118.8169442">
   </trkpt>
   <trkpt lat="31.8889981" lon="118.8169433">
   </trkpt>
   <trkpt lat="31.8890026" lon="118.8169424">
   </trkpt>
   <trkpt lat="31.8890070" lon="118.8169414">
   </trkpt>
   <trkpt lat="31.8890114" lon="118.8169405">
   </trkpt>
   <trkpt lat="31.8890158" lon="118.8169396">
   </trkpt>
   <trkpt lat="31.8890203" lon="118.8169387">
   </trkpt>
   <trkpt lat="31.8890247" lon="118.8169377">
   </trkpt>
   <trkpt lat="31.8890291" lon="118.8169368">
   </trkpt>
   <trkpt lat="31.8890335" lon="118.8169359">
   </trkpt>
   <trkpt lat="31.8890379" lon="118.8169350">
   </trkpt>
   <trkpt lat="31.8890424" lon="118.8169341">
   </trkpt>
   <trkpt lat="31.8890468" lon="118.8169331">
   </trkpt>
   <trkpt lat="31.8890512" lon="118.8169322">
   </trkpt>
   <trkpt lat="31.8890556" lon="118.8169313">
   </trkpt>
   <trkpt lat="31.8890601" lon="118.8169304">
   </trkpt>
   <trkpt lat="31.8890645" lon="118.8169294">
   </trkpt>
   <trkpt lat="31.8890689" lon="118.8169285">
   </trkpt>
   <trkpt lat="31.8890733" lon="118.8169276">
   </trkpt>
   <trkpt lat="31.8890778" lon="118.8169267">
   </trkpt>
   <trkpt lat="31.8890822" lon="118.8169257">
   </trkpt>
   <trkpt lat="31.8890866" lon="118.8169248">
   </trkpt>
   <trkpt lat="31.8890910" lon="118.8169239">
   </trkpt>
   <trkpt lat="31.8890954" lon="118.8169230">
   </trkpt>
   <trkpt lat="31.8890999" lon="118.8169220">
   </trkpt>
   <trkpt lat="31.8891043" lon="118.8169211">
   </trkpt>
   <trkpt lat="31.8891087" lon="118.8169202">
   </trkpt>
   <trkpt lat="31.8891131" lon="118.8169193">
   </trkpt>
   <trkpt lat="31.8891176" lon="118.8169183">
   </trkpt>
   <trkpt lat="31.8891220" lon="118.8169174">
   </trkpt>
   <trkpt lat="31.8891264" lon="118.8169165">
   </trkpt>
   <trkpt lat="31.8891308" lon="118.8169156">
   </trkpt>
   <trkpt lat="31.8891352" lon="118.8169146">
   </trkpt>
   <trkpt lat="31.8891397" lon="118.8169137">
   </trkpt>
   <trkpt lat="31.8891441" lon="118.8169128">
   </trkpt>
   <trkpt lat="31.8891485" lon="118.8169119">
   </trkpt>
   <trkpt lat="31.8891529" lon="118.8169109">
   </trkpt>
   <trkpt lat="31.8891574" lon="118.8169100">
   </trkpt>
   <trkpt lat="31.8891618" lon="118.8169091">
   </trkpt>
   <trkpt lat="31.8891662" lon="118.8169082">
   </trkpt>
   <trkpt lat="31.8891706" lon="118.8169072">
   </trkpt>
   <trkpt lat="31.8891750" lon="118.8169063">
   </trkpt>
   <trkpt lat="31.8891795" lon="118.8169054">
   </trkpt>
   <trkpt lat="31.8891839" lon="118.8169045">
   </trkpt>
   <trkpt lat="31.8891883" lon="118.8169035">
   </trkpt>
   <trkpt lat="31.8891927" lon="118.8169026">
   </trkpt>
   <trkpt lat="31.8891972" lon="118.8169017">
   </trkpt>
   <trkpt lat="31.8892016" lon="118.8169008">
   </trkpt>
   <trkpt lat="31.8892060" lon="118.8168998">
   </trkpt>
   <trkpt lat="31.8892104" lon="118.8168989">
   </trkpt>
   <trkpt lat="31.8892148" lon="118.8168980">
   </trkpt>
   <trkpt lat="31.8892193" lon="118.8168971">
   </trkpt>
   <trkpt lat="31.8892237" lon="118.8168962">
   </trkpt>
   <trkpt lat="31.8892281" lon="118.8168952">
   </trkpt>
   <trkpt lat="31.8892325" lon="118.8168943">
   </trkpt>
   <trkpt lat="31.8892370" lon="118.8168934">
   </trkpt>
   <trkpt lat="31.8892414" lon="118.8168925">
   </trkpt>
   <trkpt lat="31.8892458" lon="118.8168915">
   </trkpt>
   <trkpt lat="31.8892502" lon="118.8168906">
   </trkpt>
   <trkpt lat="31.8892547" lon="118.8168897">
   </trkpt>
   <trkpt lat="31.8892591" lon="118.8168888">
   </trkpt>
   <trkpt lat="31.8892635" lon="118.8168878">
   </trkpt>
   <trkpt lat="31.8892679" lon="118.8168869">
   </trkpt>
   <trkpt lat="31.8892723" lon="118.8168860">
   </trkpt>
   <trkpt lat="31.8892768" lon="118.8168851">
   </trkpt>
   <trkpt lat="31.8892780" lon="118.8168848">
   </trkpt>
  </trkseg>
 </trk>
</gpx>
