time,horizon_index,x,y,v,yaw
0.0,0,-1.2592293795983126e-07,0.0,-1.61834481255317e-07,0.0
0.0,1,-2.677750885980639e-07,0.0,0.19999882999440405,0.0
0.0,2,0.019999490107395067,0.0,0.39999823301606263,0.0
0.0,3,0.05999918997016734,0.0,0.5999982212417527,0.0
0.0,4,0.11999889240860415,0.0,0.7999984006488126,0.0
0.0,5,0.19999861969667768,0.0,0.9999988677540608,0.0
0.0,6,0.29999840496561003,0.0,1.1999998513262398,0.0
0.0,7,0.4199983054101892,0.0,1.400002083108224,0.0
0.0,8,0.5599984524011886,0.0,1.6000054526001688,0.0
0.1,0,7.476740975223668e-16,0.0,0.1999991411329519,0.0
0.1,1,0.019999914113296675,0.0,0.3999991411329524,0.0
0.1,2,0.05999982822659261,0.0,0.5999991411329527,0.0
0.1,3,0.11999974233988854,0.0,0.799999141132953,0.0
0.1,4,0.19999965645318446,0.0,0.9999991411329533,0.0
0.1,5,0.29999957056648036,0.0,1.1999991411329534,0.0
0.1,6,0.41999948467977616,0.0,1.3999991411329535,0.0
0.1,7,0.5599993987930718,0.0,1.5999991411329537,0.0
0.1,8,0.7199993129063674,0.0,1.7999991411329537,0.0
0.2,0,0.019999914113295835,0.0,0.3999991411329519,0.0
0.2,1,0.05999982822659171,0.0,0.5999991411329523,0.0
0.2,2,0.1199997423398876,0.0,0.7999991411329527,0.0
0.2,3,0.1999996564531835,0.0,0.999999141132953,0.0
0.2,4,0.29999957056647936,0.0,1.1999991411329531,0.0
0.2,5,0.41999948467977516,0.0,1.3999991411329533,0.0
0.2,6,0.5599993987930709,0.0,1.5999991411329535,0.0
0.2,7,0.7199993129063668,0.0,1.7999991411329535,0.0
0.2,8,0.8999992270196624,0.0,1.9999991411329534,0.0
0.30000000000000004,0,0.05999982822659092,0.0,0.5999991411329518,0.0
0.30000000000000004,1,0.11999974233988672,0.0,0.7999991411329522,0.0
0.30000000000000004,2,0.19999965645318257,0.0,0.9999991411329526,0.0
0.30000000000000004,3,0.2999995705664784,0.0,1.199999141132953,0.0
0.30000000000000004,4,0.4199994846797742,0.0,1.399999141132953,0.0
0.30000000000000004,5,0.5599993987930699,0.0,1.5999991411329533,0.0
0.30000000000000004,6,0.7199993129063657,0.0,1.7999991411329532,0.0
0.30000000000000004,7,0.8999992270196613,0.0,1.9999991411329534,0.0
0.30000000000000004,8,1.0999991411329568,0.0,2.1999991411329534,0.0
0.4,0,0.119999742339886,0.0,0.7999991411329519,0.0
0.4,1,0.19999965645318177,0.0,0.9999991411329522,0.0
0.4,2,0.2999995705664775,0.0,1.1999991411329525,0.0
0.4,3,0.4199994846797733,0.0,1.3999991411329529,0.0
0.4,4,0.559999398793069,0.0,1.599999141132953,0.0
0.4,5,0.7199993129063648,0.0,1.799999141132953,0.0
0.4,6,0.8999992270196604,0.0,1.9999991411329532,0.0
0.4,7,1.099999141132956,0.0,2.1999991411329534,0.0
0.4,8,1.3199990552462517,0.0,2.399999141132953,0.0
0.5,0,0.19999965645318107,0.0,0.9999991411329517,0.0
0.5,1,0.29999957056647675,0.0,1.199999141132952,0.0
0.5,2,0.41999948467977244,0.0,1.3999991411329524,0.0
0.5,3,0.5599993987930681,0.0,1.5999991411329526,0.0
0.5,4,0.7199993129063638,0.0,1.7999991411329528,0.0
0.5,5,0.8999992270196594,0.0,1.999999141132953,0.0
0.5,6,1.099999141132955,0.0,2.199999141132953,0.0
0.5,7,1.3199990552462508,0.0,2.399999141132953,0.0
0.5,8,1.5599989693595462,0.0,2.5999991411329533,0.0
0.6,0,0.29999957056647636,0.0,1.1999991411329518,0.0
0.6,1,0.4199994846797721,0.0,1.3999991411329522,0.0
0.6,2,0.5599993987930679,0.0,1.5999991411329524,0.0
0.6,3,0.7199993129063637,0.0,1.7999991411329528,0.0
0.6,4,0.8999992270196594,0.0,1.999999141132953,0.0
0.6,5,1.099999141132955,0.0,2.199999141132953,0.0
0.6,6,1.319999055246251,0.0,2.399999141132953,0.0
0.6,7,1.5599989693595466,0.0,2.5999991411329533,0.0
0.6,8,1.8199988834728422,0.0,2.7999991411329535,0.0
0.7,0,0.4199994846797714,0.0,1.3999991411329518,0.0
0.7,1,0.559999398793067,0.0,1.599999141132952,0.0
0.7,2,0.7199993129063628,0.0,1.7999991411329523,0.0
0.7,3,0.8999992270196585,0.0,1.9999991411329525,0.0
0.7,4,1.0999991411329542,0.0,2.1999991411329525,0.0
0.7,5,1.3199990552462497,0.0,2.3999991411329527,0.0
0.7,6,1.5599989693595455,0.0,2.599999141132953,0.0
0.7,7,1.819998883472841,0.0,2.799999141132953,0.0
0.7,8,2.0999987975861365,0.0,2.99999916208093,0.0
0.7999999999999999,0,0.5599993703585768,0.0,1.5999990956722852,0.0
0.7999999999999999,1,0.7199992515287115,0.0,1.7999984049818618,0.0
0.7999999999999999,2,0.8999990637111749,0.0,1.9999976719332815,0.0
0.7999999999999999,3,1.0999988028360788,0.0,2.199997332765663,0.0
0.7999999999999999,4,1.3199985086533377,0.0,2.3999966786565796,0.0
0.7999999999999999,5,1.559998150278707,0.0,2.5999959328529796,0.0
0.7999999999999999,6,1.8199977195397585,0.0,2.79999477607796,0.0
0.7999999999999999,7,2.099997176764237,0.0,2.9999938436472826,0.0
0.7999999999999999,8,2.399996546200822,0.0,3.1951155645264446,0.0
0.8999999999999999,0,0.719999292836482,0.0,1.7999984597065768,0.0
0.8999999999999999,1,0.8999991187598532,0.0,1.9999979335591254,0.0
0.8999999999999999,2,1.0999988921177641,0.0,2.1999973238202846,0.0
0.8999999999999999,3,1.31999860464811,0.0,2.399997056036181,0.0
0.8999999999999999,4,1.5599982907816732,0.0,2.5999964649766234,0.0
0.8999999999999999,5,1.8199979186052313,0.0,2.799995805426759,0.0
0.8999999999999999,6,2.09999748198377,0.0,2.999994865880778,0.0
0.8999999999999999,7,2.399996953961041,0.0,3.199994132563298,0.0
0.8999999999999999,8,2.719996356494368,0.0,3.390237890656589,0.0
0.9999999999999999,0,0.8999991465159489,0.0,1.9999979707581779,0.0
0.9999999999999999,1,1.09999892791166,0.0,2.1999975571360797,0.0
0.9999999999999999,2,1.3199986679759492,0.0,2.3999969797406298,0.0
0.9999999999999999,3,1.5599983503810002,0.0,2.5999967669379953,0.0
0.9999999999999999,4,1.8199980117445917,0.0,2.799996141246572,0.0
0.9999999999999999,5,2.0999976110786154,0.0,2.999995469727059,0.0
0.9999999999999999,6,2.399997144369807,0.0,3.199994585985701,0.0
0.9999999999999999,7,2.7199965912582607,0.0,3.3999939134103414,0.0
0.9999999999999999,8,3.0599959739737024,0.0,3.5853596607118914,0.0
1.0999999999999999,0,1.099998952434731,0.0,2.1999975925299307,0.0
1.0999999999999999,1,1.3199987020979027,0.0,2.399997346187397,0.0
1.0999999999999999,2,1.5599984271387577,0.0,2.5999969022882485,0.0
1.0999999999999999,3,1.819998107807519,0.0,2.7999967751685295,0.0
1.0999999999999999,4,2.0999977758575006,0.0,2.999996281193328,0.0
1.0999999999999999,5,2.3999973947686835,0.0,3.199995707894117,0.0
1.0999999999999999,6,2.719996956966468,0.0,3.3999950800860366,0.0
1.0999999999999999,7,3.059996457571459,0.0,3.599994572583363,0.0
1.0999999999999999,8,3.4199959093521257,0.0,3.780482321055827,0.0
1.2,0,1.3199987167843528,0.0,2.399997367957668,0.0
1.2,1,1.5599984472911583,0.0,2.5999972470683184,0.0
1.2,2,1.8199981657096367,0.0,2.799996831147274,0.0
1.2,3,2.0999978425083414,0.0,2.9999967868886266,0.0
1.2,4,2.3999975148770547,0.0,3.199996310860675,0.0
1.2,5,2.719997139721178,0.0,3.3999957409074635,0.0
1.2,6,3.0599967078934864,0.0,3.599995223109528,0.0
1.2,7,3.419996225039067,0.0,3.799994762719781,0.0
1.2,8,3.799995697456486,0.0,3.9756044747825685,0.0
1.3,0,1.5599984582879287,0.0,2.5999972656586,0.0
1.3,1,1.8199981819628375,0.0,2.799997286038903,0.0
1.3,2,2.099997907670981,0.0,2.999996990599894,0.0
1.3,3,2.399997603787366,0.0,3.19999695416327,0.0
1.3,4,2.719997296205177,0.0,3.39999676216616,0.0
1.3,5,3.0599969693962317,0.0,3.599996082647109,0.0
1.3,6,3.4199965747231884,0.0,3.7999959918125468,0.0
1.3,7,3.7999961713163666,0.0,3.999995583321115,0.0
1.3,8,4.199995727702993,0.0,4.170727219083143,0.0
1.4000000000000001,0,1.819998186214018,0.0,2.7999972681998515,0.0
1.4000000000000001,1,2.0999979108112035,0.0,2.999997451834483,0.0
1.4000000000000001,2,2.3999976537673002,0.0,3.1999971240457947,0.0
1.4000000000000001,3,2.71999736389653,0.0,3.3999970338426997,0.0
1.4000000000000001,4,3.0599970649774617,0.0,3.5999968670356135,0.0
1.4000000000000001,5,3.419996749413364,0.0,3.79999626604122,0.0
1.4000000000000001,6,3.7999963738968856,0.0,3.9999963132487455,0.0
1.4000000000000001,7,4.199996003443697,0.0,4.195893619807572,0.0
1.4000000000000001,8,4.6195853641525275,0.0,4.359846164256635,0.0
1.5000000000000002,0,2.099997915097566,0.0,2.999997271073516,0.0
1.5000000000000002,1,2.399997641607282,0.0,3.1999974749253344,0.0
1.5000000000000002,2,2.7199973884970934,0.0,3.39999714752696,0.0
1.5000000000000002,3,3.0599971026041874,0.0,3.5999972745088527,0.0
1.5000000000000002,4,3.4199968293813163,0.0,3.7999970296900436,0.0
1.5000000000000002,5,3.7999965316605633,0.0,3.999996784586354,0.0
1.5000000000000002,6,4.199996209461784,0.0,4.199996802242373,0.0
1.5000000000000002,7,4.619995889136808,0.0,4.38475215679933,0.0
1.5000000000000002,8,5.058471104428195,0.0,4.538663271568697,0.0
1.6000000000000003,0,2.399997642949905,0.0,3.1999972725558434,0.0
1.6000000000000003,1,2.719997370204169,0.0,3.3999972860567875,0.0
1.6000000000000003,2,3.0599970988083216,0.0,3.59999725084657,0.0
1.6000000000000003,3,3.419996823888917,0.0,3.799997286225703,0.0
1.6000000000000003,4,3.7999965525071464,0.0,3.99999725770626,0.0
1.6000000000000003,5,4.199996278271163,0.0,4.199997268048505,0.0
1.6000000000000003,6,4.619996005068787,0.0,4.399997264026436,0.0
1.6000000000000003,7,5.059995731464541,0.0,4.577244615556758,0.0
1.6000000000000003,8,5.517720193014855,0.0,4.7227983330846035,0.0
1.7000000000000004,0,2.719997444066336,0.0,3.3999973837772113,0.0
1.7000000000000004,1,3.059997256157162,0.0,3.600003286653402,0.0
1.7000000000000004,2,3.4199976582264657,0.0,3.800002570176915,0.0
1.7000000000000004,3,3.7999979871443705,0.0,4.000007903375496,0.0
1.7000000000000004,4,4.199998846550347,0.0,4.2000062764944515,0.0
1.7000000000000004,5,4.619999538425638,0.0,4.400013444987413,0.0
1.7000000000000004,6,5.060000940214781,0.0,4.594584398575201,0.0
1.7000000000000004,7,5.519459427237925,0.0,4.758551502706121,0.0
1.7000000000000004,8,5.995314611169292,0.0,4.893204924009197,0.0
1.8000000000000005,0,3.0599971503806582,0.0,3.5999973498256623,0.0
1.8000000000000005,1,3.4199969381707356,0.0,3.8000022067266457,0.0
1.8000000000000005,2,3.7999972114241864,0.0,4.00000101999462,0.0
1.8000000000000005,3,4.199997364809121,0.0,4.200003033565126,0.0
1.8000000000000005,4,4.619997717415275,0.0,4.400005892046886,0.0
1.8000000000000005,5,5.059998352472444,0.0,4.600007938387101,0.0
1.8000000000000005,6,5.519999186948422,0.0,4.784446191918082,0.0
1.8000000000000005,7,5.998443839346718,0.0,4.937178228410328,0.0
1.8000000000000005,8,6.492161685747403,0.0,5.061994379832923,0.0
1.9000000000000006,0,3.4199968247031416,0.0,3.7999972725384317,0.0
1.9000000000000006,1,3.7999965519345777,0.0,3.999997271046464,0.0
1.9000000000000006,2,4.199996279016826,0.0,4.199997273408321,0.0
1.9000000000000006,3,4.619996006335384,0.0,4.399997262715081,0.0
1.9000000000000006,4,5.059995732584864,0.0,4.599997273705877,0.0
1.9000000000000006,5,5.519995459935171,0.0,4.799997267448973,0.0
1.9000000000000006,6,5.999995186661431,0.0,4.973901129847773,0.0
1.9000000000000006,7,6.497385299630023,0.0,5.115111158499781,0.0
1.9000000000000006,8,7.008896415467862,0.0,5.229966997164251,0.0
2.0000000000000004,0,3.799996585865389,0.0,3.999997319991981,0.0
2.0000000000000004,1,4.199996351679944,0.0,4.20000220134526,0.0
2.0000000000000004,2,4.619996605487734,0.0,4.399997727674956,0.0
2.0000000000000004,3,5.059996410958173,0.0,4.600000796801192,0.0
2.0000000000000004,4,5.51999652203895,0.0,4.80000383323547,0.0
2.0000000000000004,5,5.999996934708043,0.0,4.992395430090344,0.0
2.0000000000000004,6,6.499236503674879,0.0,5.15486661752332,0.0
2.0000000000000004,7,7.014723186570007,0.0,5.2844133021785975,0.0
2.0000000000000004,8,7.543164531746481,0.0,5.389450379417183,0.0
2.1000000000000005,0,4.199996255263274,0.0,4.199997231974655,0.0
2.1000000000000005,1,4.619995954667031,0.0,4.399997560515671,0.0
2.1000000000000005,2,5.059995687011012,0.0,4.59999783751232,0.0
2.1000000000000005,3,5.51999544697402,0.0,4.799991467691426,0.0
2.1000000000000005,4,5.999994569840452,0.0,4.993133608257393,0.0
2.1000000000000005,5,6.499307907716618,0.0,5.163899421541533,0.0
2.1000000000000005,6,7.015697829219871,0.0,5.307204684361309,0.0
2.1000000000000005,7,7.546418280642472,0.0,5.423191708838948,0.0
2.1000000000000005,8,8.08873743940297,0.0,5.51822948950209,0.0
2.2000000000000006,0,4.61999599478473,0.0,4.399997253162895,0.0
2.2000000000000006,1,5.059995708693224,0.0,4.599999776800383,0.0
2.2000000000000006,2,5.519995675002521,0.0,4.799994812278494,0.0
2.2000000000000006,3,5.999995144554349,0.0,4.994271938111966,0.0
2.2000000000000006,4,6.499422326766325,0.0,5.168724670241332,0.0
2.2000000000000006,5,7.0162947828505295,0.0,5.320060457087338,0.0
2.2000000000000006,6,7.5483008188753,0.0,5.447268793966423,0.0
2.2000000000000006,7,8.093027690398422,0.0,5.551233602050367,0.0
2.2000000000000006,8,8.648151045044438,0.0,5.637283910911699,0.0
2.3000000000000007,0,5.059995711711011,0.0,4.599997237141081,0.0
2.3000000000000007,1,5.519995413845914,0.0,4.8000020124607286,0.0
2.3000000000000007,2,5.999995593582864,0.0,4.999992619429545,0.0
2.3000000000000007,3,6.49999483343894,0.0,5.183208421566956,0.0
2.3000000000000007,4,7.018315653653759,0.0,5.342045014506324,0.0
2.3000000000000007,5,7.5525201344094635,0.0,5.476186151917203,0.0
2.3000000000000007,6,8.100138731281996,0.0,5.5877056046374705,0.0
2.3000000000000007,7,8.658909276851288,0.0,5.679641916555557,0.0
2.3000000000000007,8,9.22687345799072,0.0,5.7566927584570085,0.0
2.400000000000001,0,5.519995444149243,0.0,4.799997245280446,0.0
2.400000000000001,1,5.99999515241463,0.0,5.000001041030043,0.0
2.400000000000001,2,6.499995240306454,0.0,5.199993703569962,0.0
2.400000000000001,3,7.019994593981083,0.0,5.387448323873898,0.0
2.400000000000001,4,7.558739409760179,0.0,5.54985318515719,0.0
2.400000000000001,5,8.113724712584428,0.0,5.684870177016887,0.0
2.400000000000001,6,8.682211716377534,0.0,5.793711969556723,0.0
2.400000000000001,7,9.261582902013473,0.0,5.879441434704614,0.0
2.400000000000001,8,9.849527037486325,0.0,5.9485913863747015,0.0
2.500000000000001,0,5.999995155831937,0.0,4.999997233375866,0.0
2.500000000000001,1,6.499994847524821,0.0,5.199993694575221,0.0
2.500000000000001,2,7.0199941854903125,0.0,5.383904799306917,0.0
2.500000000000001,3,7.55838463496658,0.0,5.544548737341916,0.0
2.500000000000001,4,8.112839480320856,0.0,5.681414152527008,0.0
2.500000000000001,5,8.680980870236214,0.0,5.795913346635385,0.0
2.500000000000001,6,9.26057218344856,0.0,5.889817025598086,0.0
2.500000000000001,7,9.849553869166865,0.0,5.965399842568161,0.0
2.500000000000001,8,10.446093841818268,0.0,6.0275036634966614,0.0
2.600000000000001,0,6.499994926544124,0.0,5.199993767214632,0.0
2.600000000000001,1,7.019994303899652,0.0,5.364342770378661,0.0
2.600000000000001,2,7.556428581694216,0.0,5.514540257488859,0.0
2.600000000000001,3,8.107882608229703,0.0,5.647233451316561,0.0
2.600000000000001,4,8.672605954153811,0.0,5.762573901149511,0.0
2.600000000000001,5,9.248863345058187,0.0,5.86146706026664,0.0
2.600000000000001,6,9.835010051850137,0.0,5.944743584693392,0.0
2.600000000000001,7,10.429484411011167,0.0,6.013511827927079,0.0
2.600000000000001,8,11.030835594309158,0.0,6.071117999616369,0.0
2.700000000000001,0,7.019994304135417,0.0,5.364342770349192,0.0
2.700000000000001,1,7.5564285817961645,0.0,5.5351646885253505,0.0
2.700000000000001,2,8.109945051404738,0.0,5.691223909631644,0.0
2.700000000000001,3,8.679067443161658,0.0,5.828649046945607,0.0
2.700000000000001,4,9.2619323486716,0.0,5.947006315091002,0.0
2.700000000000001,5,9.856632981030028,0.0,6.046533662823256,0.0
2.700000000000001,6,10.461286348225439,0.0,6.127447326638141,0.0
2.700000000000001,7,11.074031081937505,0.0,6.19073857665707,0.0
2.700000000000001,8,11.69310494023927,0.0,6.24135044071387,0.0
2.800000000000001,0,7.55642858205473,0.0,5.535164688503343,0.0
2.800000000000001,1,8.109945051523267,0.0,5.687085957728203,0.0
2.800000000000001,2,8.678653648066334,0.0,5.825663454992284,0.0
2.800000000000001,3,9.261219994408073,0.0,5.946927751118364,0.0
2.800000000000001,4,9.855912770460083,0.0,6.0499435460129884,0.0
2.800000000000001,5,10.460907126213602,0.0,6.134848637428249,0.0
2.800000000000001,6,11.074391990871636,0.0,6.2034603719662265,0.0
2.800000000000001,7,11.694738028820176,0.0,6.258154910196993,0.0
2.800000000000001,8,12.32055352036658,0.0,6.302928955489477,0.0
2.9000000000000012,0,8.109945051804218,0.0,5.687085957709751,0.0
2.9000000000000012,1,8.678653648185415,0.0,5.807461408575542,0.0
2.9000000000000012,2,9.25939978984034,0.0,5.9181576127202025,0.0
2.9000000000000012,3,9.851215552039498,0.0,6.015885092774583,0.0
2.9000000000000012,4,10.452804062468129,0.0,6.099727779143073,0.0
2.9000000000000012,5,11.062776841319673,0.0,6.170807269280603,0.0
2.9000000000000012,6,11.679857569073025,0.0,6.230417184528788,0.0
2.9000000000000012,7,12.302899288241115,0.0,6.279812175171256,0.0
2.9000000000000012,8,12.930880506271562,0.0,6.321472849325033,0.0
3.0000000000000013,0,8.678653648475041,0.0,5.8074614085715295,0.0
3.0000000000000013,1,9.259399789911836,0.0,5.892797990738778,0.0
3.0000000000000013,2,9.848679589770043,0.0,5.974254320689262,0.0
3.0000000000000013,3,10.446105022760111,0.0,6.049718231654541,0.0
3.0000000000000013,4,11.051076847073729,0.0,6.11777658563758,0.0
3.0000000000000013,5,11.662854506573176,0.0,6.178499266017866,0.0
3.0000000000000013,6,12.280704433999464,0.0,6.2319780781131655,0.0
3.0000000000000013,7,12.903902242525568,0.0,6.278225419150471,0.0
3.0000000000000013,8,13.531724784953722,0.0,6.318389355839457,0.0
3.1000000000000014,0,9.25939979078092,0.0,5.892797990737009,0.0
3.1000000000000014,1,9.848679590654534,0.0,6.031784433501945,0.0
3.1000000000000014,2,10.451858034953727,0.0,6.152342743391174,0.0
3.1000000000000014,3,11.06709231045785,0.0,6.250471721630149,0.0
3.1000000000000014,4,11.692139483567242,0.0,6.328497739951565,0.0
3.1000000000000014,5,12.324989258413149,0.0,6.390128163721952,0.0
3.1000000000000014,6,12.964002075574488,0.0,6.4387393309201295,0.0
3.1000000000000014,7,13.60787600936697,0.0,6.477153869958549,0.0
3.1000000000000014,8,14.25559139687077,0.0,6.508645014189964,0.0
3.2000000000000015,0,9.84867959076795,0.0,6.031784433496643,0.0
3.2000000000000015,1,10.451858034878404,0.0,6.158228501602936,0.0
3.2000000000000015,2,11.067680885972223,0.0,6.269423345031198,0.0
3.2000000000000015,3,11.694623221636164,0.0,6.361691347182751,0.0
3.2000000000000015,4,12.33079235730583,0.0,6.436589850724843,0.0
3.2000000000000015,5,12.974451343249063,0.0,6.496646689990397,0.0
3.2000000000000015,6,13.624116013090198,0.0,6.543948993084759,0.0
3.2000000000000015,7,14.278510913229642,0.0,6.580173118213139,0.0
3.2000000000000015,8,14.936528225873733,0.0,6.608083103263386,0.0
3.3000000000000016,0,10.451858035040107,0.0,6.1582285016074305,0.0
3.3000000000000016,1,11.067680885917246,0.0,6.256227714581877,0.0
3.3000000000000016,2,11.693303658292407,0.0,6.344044493398508,0.0
3.3000000000000016,3,12.327708108791068,0.0,6.41877479506749,0.0
3.3000000000000016,4,12.969585589261253,0.0,6.48118746230875,0.0
3.3000000000000016,5,13.617704336400138,0.0,6.532528235838619,0.0
3.3000000000000016,6,14.270957160919735,0.0,6.573588970252205,0.0
3.3000000000000016,7,14.928316059001428,0.0,6.605136308727925,0.0
3.3000000000000016,8,15.588829690512682,0.0,6.630156076132463,0.0
3.4000000000000017,0,11.067680886185098,0.0,6.256227714587913,0.0
3.4000000000000017,1,11.693303658408187,0.0,6.330105596874032,0.0
3.4000000000000017,2,12.326314219213913,0.0,6.396513816176927,0.0
3.4000000000000017,3,12.965965601784099,0.0,6.454345383953775,0.0
3.4000000000000017,4,13.611400141087204,0.0,6.504019897523824,0.0
3.4000000000000017,5,14.261802131799083,0.0,6.545827843874548,0.0
3.4000000000000017,6,14.916384917322015,0.0,6.579844851905593,0.0
3.4000000000000017,7,15.574369403354131,0.0,6.607371104216989,0.0
3.4000000000000017,8,16.23510651433488,0.0,6.630374858967382,0.0
3.5000000000000018,0,11.693303658580573,-1.487753639475592e-13,6.330105596876799,-3.095603183545748e-13
3.5000000000000018,1,12.326314218977767,-6.220649095724762e-13,6.3693204039537825,-0.0008881533914354955
3.5000000000000018,2,12.963246035854034,-0.0005656931210427014,6.407529902175629,-0.0013569434241714386
3.5000000000000018,3,13.603998492243614,-0.001435157988532319,6.444807357436053,-0.0010780772769531076
3.5000000000000018,4,14.248478879056615,-0.002129957456710083,6.480864055188515,0.0002473224278014144
3.5000000000000018,5,14.896565271769713,-0.0019696714372668712,6.514682286064026,0.0028826097140484614
3.5000000000000018,6,15.548030968342928,-9.1746729669244e-05,6.544900857808001,0.0069833949154960015
3.5000000000000018,7,16.202505662473797,0.004478778853016691,6.571405321441864,0.012425118884984583
3.5000000000000018,8,16.859596366515547,0.012643623622490344,6.594787856905386,0.018707243282369973
3.600000000000002,0,12.326313246186665,-0.0011101911664413433,6.369320403956214,-0.0008881529315408259
3.600000000000002,1,12.963245036238941,-0.0016758841509430294,6.458100081378586,-0.0018539345791644894
3.600000000000002,2,13.609053977763619,-0.0028731649507029748,6.534269476021835,-0.0010920048840643804
3.600000000000002,3,14.2624807047254,-0.0035866801179583216,6.596167289888177,0.0028199339698750004
3.600000000000002,4,14.922095122676252,-0.0017265491906148377,6.645225638002197,0.011092976857920558
3.600000000000002,5,15.586577122577689,0.005644906651985757,6.6831714040343915,0.024410746258123898
3.600000000000002,6,16.254695276774992,0.02195745820931509,6.711505814955363,0.04222351712857067
3.600000000000002,7,16.92524769484642,0.05028735775226976,6.732740093434599,0.06152702734390095
3.600000000000002,8,17.597248078550063,0.0916857106244203,6.749616812432925,0.07989840834701278
3.700000000000002,0,12.96324282003752,-0.0028831093748485108,6.458100081385179,-0.0018539343016129904
3.700000000000002,1,13.609051719136286,-0.0040803980141429505,6.507335580979039,-0.00223845871634335
3.700000000000002,2,14.259784196783603,-0.0055369566784090616,6.551259903016185,0.000985096367345657
3.700000000000002,3,14.914910391339799,-0.004891445987522449,6.589558029348893,0.01001626763108164
3.700000000000002,4,15.573833194731233,0.00170865671968189,6.622877554770032,0.025918775275822765
3.700000000000002,5,16.23590221278507,0.01887185974629592,6.6514807667188265,0.04832341999827808
3.700000000000002,6,16.900289448699457,0.051000779257108955,6.675254633418572,0.07482740387572392
3.700000000000002,7,17.565981332154674,0.1009034023193284,6.695114967265315,0.10028402775255021
3.700000000000002,8,18.23217659164124,0.16793388878130433,6.712239155374334,0.12258393428688127
3.800000000000002,0,13.609050649350507,-0.004561037051925856,6.50733558098195,-0.0022384464507346526
3.800000000000002,1,14.25978257790386,-0.006017668056584696,6.533283243847527,-0.001200953721807225
3.800000000000002,2,14.913114504488497,-0.0068018068673769945,6.557986239583647,0.00643307419674752
3.800000000000002,3,15.568904914045534,-0.002581974228979092,6.581529065491144,0.023541406734839426
3.800000000000002,4,16.226875773064993,0.012910788149053803,6.603804214151783,0.050274279674528716
3.800000000000002,5,16.886429875232153,0.04609531516325813,6.624397989065617,0.08387261612336405
3.800000000000002,6,17.546591026120325,0.10158898354266768,6.643796471324144,0.1177753421198972
3.800000000000002,7,18.206481062307006,0.17965896408432097,6.662145391844587,0.14716166671227882
3.800000000000002,8,18.865645064188,0.2773567101835107,6.679336441146153,0.17119207728955818
3.900000000000002,0,14.259784189498642,-0.004720025128175674,6.533283243850218,-0.0012003318023437529
3.900000000000002,1,14.91311204412831,-0.0055042357014467745,6.608171122661952,0.014189317085176031
3.900000000000002,2,15.573866145716575,0.003873173254498779,6.670547173927497,0.035530047165694245
3.900000000000002,3,16.24051179225156,0.027572990185800807,6.718791347930254,0.065879998946025
3.900000000000002,4,16.91094968971339,0.07181168214342866,6.754442478038589,0.10394580719828675
3.900000000000002,5,17.582757117422677,0.14190140358698078,6.779729373139686,0.1456234484052969
3.900000000000002,6,18.253554139197384,0.24028215039759349,6.7978979216754185,0.18511038322561635
3.900000000000002,7,18.921739521078436,0.3653966772756434,6.81163195039548,0.21884603680281084
3.900000000000002,8,19.586681145951125,0.5132749373399682,6.822925819342167,0.24690647060866114
4.000000000000002,0,14.912851998056542,0.013728229966405684,6.608171122669665,0.014185379953291171
4.000000000000002,1,15.573602625810013,0.023101857393386542,6.672505349022391,0.03285671231438031
4.000000000000002,2,16.240494003084628,0.04502126028464366,6.72808108514454,0.0619059456200587
4.000000000000002,3,16.912015252550226,0.08664470534421029,6.773561252936149,0.1023941020990112
4.000000000000002,4,17.585824998722845,0.1558799602569746,6.809480430701761,0.1507366128408541
4.000000000000002,5,18.259051911330914,0.25813501175643666,6.836615831540212,0.20138990842867538
4.000000000000002,6,18.928896354434464,0.3948890599192265,6.856681771649197,0.2481093137878609
4.000000000000002,7,19.59356966147559,0.5632717734817343,6.8710501941000235,0.2876657703568924
4.000000000000002,8,20.252445999876635,0.7582184798401354,6.881204297947205,0.3209138057096736
4.100000000000001,0,15.572859996348168,0.046419196955824235,6.672505349028206,0.03284580213203525
4.100000000000001,1,16.23975063384956,0.0683316354390707,6.698481066382096,0.04772100932754231
4.100000000000001,2,16.90883639758206,0.10028556469642193,6.723155081265272,0.08128172629888544
4.100000000000001,3,17.578932233419287,0.15487234487849216,6.746499086018578,0.13235076916648136
4.100000000000001,4,18.247684857802092,0.24390081513308706,6.768169747674321,0.19280809948737104
4.100000000000001,5,18.91197407999438,0.3735871820285678,6.787381945303459,0.25309531767930427
4.100000000000001,6,19.569115790123107,0.5435433816350317,6.804154777946011,0.3050810523757631
4.100000000000001,7,20.218138337228318,0.7479200899006737,6.818217753806312,0.34578764746373275
4.100000000000001,8,20.85961811157256,0.979014523321305,6.829511455421732,0.377749085486729
4.200000000000001,0,16.238881387368743,0.08689990985098704,6.698481044019495,0.04771504365541486
4.200000000000001,1,16.907967074457495,0.11884942860947367,6.69330944486822,0.06749026999413169
4.200000000000001,2,17.575774276390202,0.16398829905841145,6.693347184378799,0.10867875448027611
4.200000000000001,3,18.241160425680597,0.23658758070918243,6.699625910706931,0.1717919608213454
4.200000000000001,4,18.901261229505636,0.35111644149246424,6.710945101711992,0.24471671706466372
4.200000000000001,5,19.55236137362847,0.5137102092799437,6.725081915526962,0.3135712044918312
4.200000000000001,6,20.19207801713152,0.7211508161076976,6.740529014367683,0.368674256903306
4.200000000000001,7,20.82083998693061,0.9640658345482134,6.755573143603242,0.40826303519838314
4.200000000000001,8,21.44087533842947,1.2322730105428161,6.768873374062091,0.4371664331763729
4.300000000000001,0,16.906333786483046,0.14350278299620395,6.693309484375977,0.06747747076743132
4.300000000000001,1,17.57414151197869,0.18863327616622894,6.738803061783138,0.12665844539425003
4.300000000000001,2,18.242623726172916,0.2737578815410824,6.778315175549425,0.19034024330366117
4.300000000000001,3,18.908213554433843,0.4019988629835637,6.81114674519678,0.2557689553319934
4.300000000000001,4,19.567170918992232,0.5743136721154836,6.8376713510971845,0.3191770630618285
4.300000000000001,5,20.21640368891442,0.7888697433503653,6.858221285325164,0.3770303238924335
4.300000000000001,6,20.854055085767026,1.041362709790047,6.873972534424256,0.4257943954408575
4.300000000000001,7,21.480075288529157,1.3252882945252236,6.885708775312938,0.46471627203253246
4.300000000000001,8,22.095622454792846,1.633884584411609,6.894221361783567,0.49638264134116644
4.4,0,17.565142043810354,0.2617214243246837,6.738803077576897,0.12630048296175372
4.4,1,18.2336547012657,0.34660685506021705,6.747533606508992,0.157168192281035
4.4,2,18.900092283568355,0.4522208669161657,6.757692200207487,0.20966325074486153
4.4,3,19.56106542007081,0.592869848266118,6.769837325690168,0.2801548711722439
4.4,4,20.21165689351615,0.7800595210351815,6.783424054282394,0.3563926161064489
4.4,5,20.847373516228203,1.0167304932023868,6.797192133846564,0.42650408987207716
4.4,6,21.466201844279908,1.297923962799573,6.810603533974707,0.4826479826772172
4.4,7,22.069464179497242,1.6140221089297433,6.822799292306068,0.5238088902825642
4.4,8,22.660265085816917,1.9552868130725707,6.833070411181658,0.5547240338750223
4.5,0,18.227708956444154,0.3846836413658542,6.747533578499956,0.1571185344376544
4.5,1,18.89415087491389,0.49026424770310145,6.802586289616939,0.22624568717914392
4.5,2,19.557073415994104,0.6428601906469655,6.8486160208285805,0.29618367495010234
4.5,3,20.21211432393733,0.8427522483383563,6.884591807633281,0.3646283289774752
4.5,4,20.855311697006417,1.088258226327405,6.911472013226141,0.42941722708899194
4.5,5,21.48370866608181,1.376011164075872,6.930416208453845,0.48834133766585514
4.5,6,22.0957423074465,1.701159829355258,6.943418104639814,0.5386930702334978
4.5,7,22.691751533223872,2.0573674104286868,6.951959601304998,0.5798333603670407
4.5,8,23.273320738373435,2.43825470303499,6.957297902154798,0.6140347277712614
4.6,0,18.875341421252003,0.5740623248678252,6.802586289623569,0.22568576908935206
4.6,1,19.538349289802543,0.7262870587997523,6.830193373640011,0.26585374271883233
4.6,2,20.1973732062165,0.9057388889845087,6.85476854696423,0.32379921887266927
4.6,3,20.847228517730557,1.1238377125115933,6.876049403368691,0.3952282073427279
4.6,4,21.481825587891535,1.388578932740723,6.893901878019448,0.4697828080648597
4.6,5,22.096532306256982,1.7006612672952075,6.907831961853003,0.538194024228206
4.6,6,22.689664554649664,2.0547481600604014,6.918193817396888,0.5944798097665491
4.6,7,23.262798150180707,2.4422233592025715,6.9253072311960135,0.6378513753483896
4.6,8,23.81916783548805,2.854610731667716,6.930598964066927,0.6713984928433889
4.699999999999999,0,19.52534532258548,0.7746779565254124,6.830193353032214,0.2657445698868891
4.699999999999999,1,20.184388786760117,0.9540576567784965,6.823426612348635,0.2998938943076833
4.699999999999999,2,20.836277098807372,1.1556345823325054,6.820833702446298,0.35612362071802806
4.699999999999999,3,21.475563628128256,1.393439275784718,6.823321614286366,0.43516376296495707
4.699999999999999,4,22.094304055214806,1.6810818311371947,6.829804189081311,0.5212734492755743
4.699999999999999,5,22.686585045194075,2.02119665308961,6.838192845268948,0.5987569892808149
4.699999999999999,6,23.251465068085967,2.4066137590556345,6.847148400236971,0.6590608352140596
4.699999999999999,7,23.792798284575657,2.8259222950552134,6.855394179753045,0.7020207342910323
4.699999999999999,8,24.316249804904487,3.268622758338882,6.8629434826109925,0.7326621855502109
4.799999999999999,0,20.17191643327257,0.9948172802689665,6.823426648693545,0.29982801951879756
4.799999999999999,1,20.823817949591565,1.1963512141143466,6.8641230230368215,0.3749637016214718
4.799999999999999,2,21.462538971873073,1.447742007109614,6.898546306219876,0.4528384736501299
4.799999999999999,3,22.082862369160516,1.7495669889174743,6.925979987143611,0.5293216749453076
4.799999999999999,4,22.680678186250347,2.0992929362717443,6.946796176268288,0.6003169439334398
4.799999999999999,5,23.25389771869312,2.491720282485102,6.961286565633946,0.6629392126440825
4.799999999999999,6,23.8025772464535,2.920143135765624,6.970619003944638,0.7148436037215247
4.799999999999999,7,24.328995658257483,3.377066909825083,6.975851747995768,0.7561618955752547
4.799999999999999,8,24.836471477604174,3.8557042343786936,6.9789932878970955,0.7893276598523546
4.899999999999999,0,20.790248345296302,1.2833603156987072,6.864123012977328,0.37426184558991316
4.899999999999999,1,21.42914563897398,1.5343026823110448,6.866279201483905,0.41257789419657653
4.899999999999999,2,22.058159332435622,1.8096217146714795,6.870051467910218,0.4732567514748541
4.899999999999999,3,22.66965710203651,2.122751620981533,6.876039117898582,0.5538099181506246
4.899999999999999,4,23.25448527379107,2.4843863093038276,6.883615566317434,0.638770952081545
4.899999999999999,5,23.807123801692455,2.8947957794604537,6.89135910918732,0.7147918191041779
4.899999999999999,6,24.327582381381767,3.346500153688126,6.898599180396774,0.7746228814114148
4.899999999999999,7,24.820620674065644,3.8290274774543223,6.904641395433111,0.8183129425344127
4.899999999999999,8,25.292532426799355,4.333076378013319,6.909914637068725,0.8503906947249164
4.999999999999998,0,21.410128147942807,1.5781669623959829,6.8662792189648645,0.4124861370471121
4.999999999999998,1,22.03916652177685,1.8534279814440857,6.9130899235064485,0.49125720920186966
4.999999999999998,2,22.64872171080099,2.1795425216739925,6.951547431450949,0.570056019825923
4.999999999999998,3,23.23395219980248,2.5547031207730146,6.98071930012019,0.6457275266016935
4.999999999999998,4,23.791475844890947,2.9747886001424013,7.001392275962035,0.7157143053257304
4.999999999999998,5,24.319818390033724,3.4341897125451166,7.014438380088802,0.7780031334515105
4.999999999999998,6,24.81946878000561,3.926504328638027,7.021595729195892,0.8305210262535478
4.999999999999998,7,25.29306968094988,4.44489720068936,7.024403815477634,0.8731890794175492
4.999999999999998,8,25.744307711924254,4.9832348407981435,7.025178398723839,0.9081432938903339
5.099999999999998,0,21.99372337178482,1.9399327971441798,6.913089923514739,0.49045975175958406
5.099999999999998,1,22.603538368510907,2.265561103379844,6.926260973074747,0.533258982636498
5.099999999999998,2,23.199996980754683,2.617652434482551,6.936915710591736,0.5960408300079013
5.099999999999998,3,23.774071649389228,3.007070332399707,6.944907585214,0.6736101380230854
5.099999999999998,4,24.31686821541681,3.4403021953185364,6.950469193411478,0.7541339978669013
5.099999999999998,5,24.823465454551073,3.9161745911164836,6.954721520842096,0.8268517637242868
5.099999999999998,6,25.2944428665799,4.4279149623002665,6.9581815178190185,0.8861304100591187
5.099999999999998,7,25.73450185885648,4.966937609140212,6.960721890591206,0.9312158720243006
5.099999999999998,8,26.14998091330515,5.525463953742371,6.962919099562253,0.9655451832705243
5.1999999999999975,0,22.576595657586303,2.3116422452857197,6.926260950716854,0.5331314092003903
5.1999999999999975,1,23.173099015533136,2.6636573014624707,6.906059813889202,0.5719134119833358
5.1999999999999975,2,23.753806934783462,3.037442631319373,6.890569571946592,0.6330767809708883
5.1999999999999975,3,24.309332891933664,3.4451100944398765,6.880780370296517,0.7173491940587456
5.1999999999999975,4,24.82783498795763,3.897445084440097,6.875929347742385,0.8089489399743721
5.1999999999999975,5,25.302466669128208,4.394967204550649,6.875502497252446,0.8902531081437144
5.1999999999999975,6,25.735116909903823,4.9293755604100475,6.878293992136985,0.9530007056113577
5.1999999999999975,7,26.133570231844274,5.490093051612282,6.882570233239026,0.9970711668760297
5.1999999999999975,8,26.507160299936135,6.068173691349602,6.887520345330316,1.027928956011111
5.299999999999997,0,23.147064854824073,2.7044474426037066,6.9060598533384026,0.5718198652332698
5.299999999999997,1,23.727807531170498,3.0781780568730808,6.933984149655083,0.6527082431493791
5.299999999999997,2,24.278672280889165,3.499306770846372,6.9562546882900875,0.7357738187996758
5.299999999999997,3,24.794347531153413,3.966183460222941,6.972214700646883,0.8164725362175124
5.299999999999997,4,25.271802050775964,4.4742730028788245,6.982506499886409,0.8907268221968682
5.299999999999997,5,25.71089493263134,5.0171831497616495,6.988946051226422,0.9551527974287911
5.299999999999997,6,26.114495404752045,5.587762100667794,6.992795833431677,1.0082254226239695
5.299999999999997,7,26.487465022962496,6.179273394497299,6.99463634711473,1.0500882556906022
5.299999999999997,8,26.835444330922826,6.7860351130450605,6.995664979541718,1.0832728265511853
5.399999999999997,0,23.66754151455338,3.1583643640028853,6.933984131793769,0.6518548014200979
5.399999999999997,1,24.218765510638484,3.5790226828668206,6.924449162987023,0.6928268720145638
5.399999999999997,2,24.751563001003934,4.021297688897083,6.91712604600333,0.7564005460122531
5.399999999999997,3,25.254654005496455,4.496026623004396,6.912635644242353,0.8411496110995543
5.399999999999997,4,25.715456015303612,5.01130364233955,6.910588283886204,0.9303707688425032
5.399999999999997,5,26.128391446473934,5.565428014216257,6.9110632861105445,1.0091352273606948
5.399999999999997,6,26.49647494301762,6.1503717487257745,6.913471183518229,1.070530119180523
5.399999999999997,7,26.82809626428371,6.757021080482957,6.916640580678824,1.114681103785235
5.399999999999997,8,27.13276579651794,7.378016773939519,6.920219784719617,1.146435702874981
5.4999999999999964,0,24.186281579449375,3.6184841461451414,6.92444919429347,0.692716367646097
5.4999999999999964,1,24.71912771158803,4.060700119569708,6.9604363514706105,0.7760988504790344
5.4999999999999964,2,25.21586045037347,4.54827916975335,6.988665814132689,0.8586244774353309
5.4999999999999964,3,25.67255529187598,5.077282327541428,7.00820079996019,0.9369129374040515
5.4999999999999964,4,26.087635776992038,5.641956615546038,7.020033812366584,1.0086853402522848
5.4999999999999964,5,26.461785053263537,6.2359441213865185,7.026508778261377,1.071714015896302
5.4999999999999964,6,26.798087836422326,6.852887205209269,7.029425800296732,1.1247252720634626
5.4999999999999964,7,27.101354421043485,7.487046257508756,7.029843037992912,1.167518144585249
5.4999999999999964,8,27.377230531752897,8.133636797269801,7.029318689673277,1.2021779351969517
5.599999999999996,0,24.647370404501093,4.135085495260778,6.9604363317668065,0.7751697858916669
5.599999999999996,1,25.144555980574673,4.622202722148004,6.956842148671097,0.8150866116430899
5.599999999999996,2,25.621660010457973,5.128511237020314,6.9536861858898185,0.8777255774912562
5.599999999999996,3,26.0659327860919,5.663450053202324,6.9513844478978015,0.9600556499117754
5.599999999999996,4,26.46457741133083,6.2329258400114895,6.94987606473809,1.0468680438475073
5.599999999999996,5,26.81227209971859,6.834696330691018,6.94971197625726,1.124451078112891
5.599999999999996,6,27.112278142055192,7.461603005514385,6.9507725363534725,1.1860880182136024
5.599999999999996,7,27.37314470012005,8.105917331399997,6.952291009152215,1.2314503767233043
5.599999999999996,8,27.604582976476376,8.761565593313168,6.954195361596293,1.264873762823619
5.699999999999996,0,25.10845328001951,4.656506003329307,6.956842167799353,0.8149847180875627
5.699999999999996,1,25.5856088871945,5.162765838641954,6.9226235034062125,0.8567841195383454
5.699999999999996,2,26.038951490012536,5.685936990518896,6.895738545477228,0.9209816487269034
5.699999999999996,3,26.456169917698,6.234975004101251,6.877650618408569,1.0082878390850003
5.699999999999996,4,26.82296211759418,6.816768995607104,6.867304056214477,1.1046235297391092
5.699999999999996,5,27.13164896505083,7.430237897235194,6.86364977130541,1.1894379742689676
5.699999999999996,6,27.387148772511573,8.067351113780223,6.86489695061539,1.2535756301076442
5.699999999999996,7,27.60133402269364,8.719660287691655,6.86873995220834,1.2973290684985876
5.699999999999996,8,27.786880751584647,9.381072047156728,6.873816051828665,1.3269683912485046
5.799999999999995,0,25.546352248600684,5.1970808090904645,6.922623530524754,0.8566675358708139
5.799999999999995,1,25.99975593269362,5.720198640813329,6.938812444292729,0.9391680380768014
5.799999999999995,2,26.409464831786913,6.280207393796978,6.951693063532046,1.0257733458620604
5.799999999999995,3,26.769866840170266,6.874657359553004,6.9610072240142005,1.1107138809429657
5.799999999999995,4,27.078950864392578,7.498374671497402,6.967105495342663,1.1883742652573233
5.799999999999995,5,27.338941409779032,8.144757303960157,6.971300185766037,1.2545696617797653
5.799999999999995,6,27.55573668008264,8.807320565338433,6.974313835353188,1.3078239916492906
5.799999999999995,7,27.737035258188453,9.480775361042038,6.97621117292412,1.3488086444916625
5.799999999999995,8,27.8906297792049,10.161278077720807,6.9777169188133525,1.3805748389616719
5.899999999999995,0,25.917729448256217,5.781294859226766,6.938812431087732,0.9382674418951217
5.899999999999995,1,26.32794257013487,6.340934334172137,6.919701634163901,0.9814717176691385
5.899999999999995,2,26.712539725066208,6.916180953977373,6.904869541102932,1.0472313397343163
5.899999999999995,3,27.057764145338762,7.514174518547285,6.8952595216094315,1.1359847090163093
5.899999999999995,4,27.348220790240084,8.139543180373288,6.890195115283516,1.2289937625343388
5.899999999999995,5,27.579171282081088,8.788708734319968,6.889288668144368,1.3098249877336134
5.899999999999995,6,27.756929511900232,9.454319717037082,6.891460290212612,1.371420200661516
5.899999999999995,7,27.89342297616632,10.129835619742071,6.895082175844398,1.4145456413607018
5.899999999999995,8,28.00072510857333,10.810983103704256,6.899407920700584,1.4446991457347482
5.999999999999995,0,26.283278421934916,6.371078902927201,6.9197016572103305,0.9813428098207303
5.999999999999995,1,26.66794937504074,6.946275364400465,6.947929430666352,1.0668523995025057
5.999999999999995,2,27.00345302472645,7.55469507050492,6.9702146648371235,1.1522682525721994
5.999999999999995,3,27.286733715851856,8.191555329977664,6.985885995587366,1.2333648605814076
5.999999999999995,4,27.51801160821116,8.850749229501139,6.995661120964538,1.3070758141126664
5.999999999999995,5,27.700370472075146,9.526129131567515,7.001452915722758,1.370812931582115
5.999999999999995,6,27.839456478401647,10.21232045084576,7.004615710802978,1.4234374302866213
5.999999999999995,7,27.94230256943026,10.905190645007249,7.005801824904046,1.4651548301754844
5.999999999999995,8,28.016175326596503,11.601865183580419,7.0062389092962585,1.4983908702602649
6.099999999999994,0,26.57563290127226,6.99825629176378,6.947929414550808,1.0658499823458922
6.099999999999994,1,26.91174634302946,7.6063393007170275,6.9382475166169275,1.1071838907838512
6.099999999999994,2,27.222012455259733,8.226926125416817,6.930579730559439,1.171158735590009
6.099999999999994,3,27.491670612413753,8.865373505952054,6.92554871799708,1.2559817590404
6.099999999999994,4,27.706113506866316,9.523895449377822,6.922830201710322,1.345155002626496
6.099999999999994,5,27.860999293328582,10.198640042928389,6.922581451283318,1.423910895511093
6.099999999999994,6,27.96231690047272,10.883468928566483,6.924283315198053,1.485399959028696
6.099999999999994,7,28.021375017378862,11.57342274094481,6.926814668750141,1.5297488231915768
6.099999999999994,8,28.04979652180873,12.26559725296923,6.929834483508604,1.5617439342819015
6.199999999999994,0,26.865725285561606,7.629591177683583,6.938247544826214,1.107070723540466
6.199999999999994,1,27.176061550727606,8.250142701500218,6.973831696427283,1.190874165518201
6.199999999999994,2,27.434684833376327,8.897797922120029,7.0015188982070775,1.2734950113682628
6.199999999999994,3,27.63978802243091,9.567234531007593,7.020383408532856,1.351693456212098
6.199999999999994,4,27.79237890170339,10.252489187782242,7.0314748707199115,1.4233735451231595
6.199999999999994,5,27.895663801323863,10.948009659289326,7.03720133354278,1.4864233980089492
6.199999999999994,6,27.954968317661272,11.64922652158038,7.039418745063805,1.539583553159526
6.199999999999994,7,27.97693673309211,12.352825563743721,7.03922235410016,1.5826065984178086
6.199999999999994,8,27.968623416024577,13.05669872488511,7.038169910919538,1.6175360224975943
6.299999999999994,0,27.079942351198728,8.289518250622114,6.97383167770254,1.1899348149536113
6.299999999999994,1,27.339173990253638,8.936930169634023,6.969666849065336,1.2298304280840102
6.299999999999994,2,27.57223800016867,9.593773941795225,6.96584422812322,1.292476816183235
6.299999999999994,3,27.763617684915804,10.263552923142921,6.962797068403193,1.3747666457602827
6.299999999999994,4,27.89923629802917,10.94649919608091,6.960514810134404,1.461558595489257
6.299999999999994,5,27.97511926926918,11.638410549453697,6.959601702324451,1.5392178200034217
6.299999999999994,6,27.997090307121614,12.334046858825356,6.959982700940246,1.6010302355726085
6.299999999999994,7,27.97604444682818,13.029771744706123,6.960918013063465,1.646622930323642
6.299999999999994,8,27.92330106134933,13.72393333230228,6.9623274821509336,1.6802955903053256
6.399999999999993,0,27.292335040362076,8.953771703638642,6.9696668663691215,1.2297290360018218
6.399999999999993,1,27.525465669473217,9.610591798160964,6.934775349766109,1.2715109741381436
6.399999999999993,2,27.72992851762487,10.273242862401688,6.907154418151062,1.3357244750519666
6.399999999999993,3,27.890803674055963,10.944963656811264,6.888288031281059,1.4230753447955236
6.399999999999993,4,27.992188768396385,11.62629041637204,6.877164349248314,1.5194975142523353
6.399999999999993,5,28.027465455491797,12.313124749892662,6.872778577381744,1.6044527174551493
6.399999999999993,6,28.004358913669353,13.000082719885242,6.873375657631213,1.6687729016950978
6.399999999999993,7,27.937141127033048,13.684207622552007,6.876669447130941,1.7127226188722307
6.399999999999993,8,27.839883689543548,14.365032375512829,6.881284236098058,1.7425571524317458
6.499999999999993,0,27.47573146719896,9.626176642873933,6.934775377039008,1.2713949538380125
6.499999999999993,1,27.680271464507666,10.288803601253486,6.95018559528658,1.354086707411849
6.499999999999993,2,27.82971253201768,10.967565835003917,6.962259413056938,1.4407624693851209
6.499999999999993,3,27.919990560742626,11.6579138957195,6.970762987126888,1.525716352610638
6.499999999999993,4,27.951404101954605,12.35428201682058,6.976083710285694,1.6034120320007577
6.499999999999993,5,27.928655148732794,13.05151936945175,6.979568506603885,1.669710750676062
6.499999999999993,6,27.859729674541242,13.746064577486582,6.981966210772802,1.7231265496239752
6.499999999999993,7,27.75378407728076,14.43617620151459,6.983353066821,1.7642954697085353
6.499999999999993,8,27.61949845623024,15.121478743115858,6.984435604799284,1.7962490184753843
6.5999999999999925,0,27.580349402738,10.311717384718879,6.9501855820142,1.3531830254831307
6.5999999999999925,1,27.730403864954052,10.990344249869448,6.930247160140046,1.3963948415241627
6.5999999999999925,2,27.850656724060887,11.67285682075794,6.914583080791542,1.4621899060978873
6.5999999999999925,3,27.9256059615967,12.36024392322726,6.904162915166616,1.5510259656764598
6.5999999999999925,4,27.9392543861692,13.050528852352858,6.898341638067773,1.6441488804483742
6.5999999999999925,5,27.888697625244365,13.738512428617728,6.896758935297856,1.7251265306667671
6.5999999999999925,6,27.78267928409991,14.420000597717253,6.898354161325727,1.7868856136167668
6.5999999999999925,7,27.63476428530671,15.09381384959418,6.901505299293983,1.8301710187646256
6.5999999999999925,8,27.457744747391953,15.760916722596408,6.905444749595953,1.8604740867459268
6.699999999999992,0,27.67736880270248,10.999931095986845,6.930247183304953,1.3962662439570566
6.699999999999992,1,27.79770934410941,11.682427554237435,6.957605099901468,1.4819451286050147
6.699999999999992,2,27.859447194395287,12.375443520311535,6.979039464065364,1.5674580941571565
6.699999999999992,3,27.861776958033115,13.07334358999638,6.993906602365097,1.6486214383042914
6.699999999999992,4,27.80740173085622,13.770617325744153,7.0029499308247996,1.7224092544478071
6.699999999999992,5,27.70163424945582,14.462879083917535,7.008102368615457,1.7862560665971419
6.699999999999992,6,27.551803431029125,15.147485342844721,7.010730628467946,1.8390149189009641
6.699999999999992,7,27.366009152406477,15.823491214043855,7.011487383419819,1.8808704198934338
6.699999999999992,8,27.15206820211056,16.491202849365347,7.011576352165757,1.9142401721591726
6.799999999999992,0,27.692063365167712,11.692799951201374,6.957605083532045,1.4809398255736892
6.799999999999992,1,27.754497971515814,12.385753459162533,6.94705117050575,1.5223077997801355
6.799999999999992,2,27.78817000004657,13.07964225302007,6.938545235589391,1.5863411904633784
6.799999999999992,3,27.777384217520414,13.77341377460312,6.932737902781749,1.6712838744554714
6.799999999999992,4,27.707834705054424,14.463193431159361,6.9293262148702075,1.7605982435510852
6.799999999999992,5,27.577099077945054,15.143691684348338,6.9284820380552485,1.8394994103466904
6.799999999999992,6,27.39315085627957,15.811700870665572,6.929693558164889,1.901124059473388
6.799999999999992,7,27.168363575629375,16.467249845902103,6.931836239384032,1.9455894737974766
6.799999999999992,8,26.91456885989581,17.11238365923238,6.934543980550735,1.9776852892702435
6.8999999999999915,0,27.70296571349848,12.38847509790423,6.947051199164216,1.5221946530407653
6.8999999999999915,1,27.736716256246645,13.082359890764721,6.981762228358629,1.6061585602042432
6.8999999999999915,2,27.71203233290351,13.780099630135094,7.0086249745924025,1.6888950937355174
6.8999999999999915,3,27.62945360853395,14.47608024659892,7.026741818421953,1.7671869574311798
6.8999999999999915,4,27.4923403494873,15.165247173796917,7.037179163289316,1.8389576023076157
6.8999999999999915,5,27.305884023381434,15.843814088046084,7.04235422515065,1.9021071268752208
6.8999999999999915,6,27.076808320963032,16.50975097921644,7.044125384715193,1.9553712362942812
6.8999999999999915,7,26.812537286796076,17.162711855744032,7.043580885147478,1.998491555187135
6.8999999999999915,8,26.520387340480923,17.803624291356314,7.042252327256451,2.033510117713027
6.999999999999991,0,27.6326829463242,13.079615786761579,6.9817622089760745,1.6052162091331903
6.999999999999991,1,27.608656671930497,13.777378443161533,6.9767528994265495,1.6451567096254656
6.999999999999991,2,27.556825137186397,14.47312574594939,6.972142588312736,1.7078707091765202
6.999999999999991,3,27.461553803041088,15.163800258618057,6.9683918349023015,1.7902923385191818
6.999999999999991,4,27.30982447349697,15.843922013534108,6.965503363500377,1.8772309669332907
6.999999999999991,5,27.099697786461775,16.508031204623293,6.964086692759811,1.9550242606285289
6.999999999999991,6,26.838641709245614,17.15368349690845,6.964065810322512,2.016945068121399
6.999999999999991,7,26.53812223119966,17.78196112756343,6.9646916843001065,2.062618666602572
6.999999999999991,8,26.209187465929595,18.395939792070024,6.965858167191278,2.096353504730647
7.099999999999991,0,27.558948347121937,13.773887540091234,6.9767529176514405,1.6450552097498399
7.099999999999991,1,27.50718746355848,14.469640073369927,6.9410602958915755,1.6869135130972404
7.099999999999991,2,27.42677042385755,15.159072212424334,6.912699666231864,1.7512206964792778
7.099999999999991,3,27.30272213546708,15.839122210581085,6.893180894636375,1.8386798050912754
7.099999999999991,4,27.120266088253363,16.503854623396848,6.881502383063262,1.935268126897348
7.099999999999991,5,26.874973874723253,17.14682754301658,6.876661526010242,2.0203719419758697
7.099999999999991,6,26.57611637405376,17.766233006149697,6.8768998115429545,2.0847965136099327
7.099999999999991,7,26.237985922143814,18.365146669379968,6.879920511033013,2.1288095571287675
7.099999999999991,8,25.87367592651413,18.94884777568,6.884322791121385,2.1586827173914203
7.19999999999999,0,27.45529881983383,14.463820625931879,6.941060323598708,1.686797091763698
7.19999999999999,1,27.374962444470558,15.153261886755107,6.955702139395068,1.7696115770815617
7.19999999999999,2,27.23758172374888,15.83513024998424,6.9670749210267084,1.856412102249491
7.19999999999999,3,27.041285549442396,16.503612970623045,6.974969800493902,1.941485833781711
7.19999999999999,4,26.788611555408977,17.153734416561505,6.979781358506412,2.0192866584598455
7.19999999999999,5,26.485964285195763,17.782684422051652,6.982855478274463,2.085672459803133
7.19999999999999,6,26.142109598189503,18.390439851623732,6.98493485471397,2.139154990753621
7.19999999999999,7,25.7661458444464,18.979120076064113,6.986083504674289,2.1803708559224666
7.19999999999999,8,25.366179521269256,19.551903253792105,6.986983248515758,2.212357746936422
7.29999999999999,0,27.274143645081008,15.133869824834946,6.9557021259394425,1.7687055235704452
7.29999999999999,1,27.137380873003806,15.815862370112278,6.935047619737822,1.8119747183495023
7.29999999999999,2,26.97173910760928,16.489295787028812,6.918736067862775,1.877840180438541
7.29999999999999,3,26.762624641116517,17.148813846209265,6.907760289302862,1.9668213359298654
7.29999999999999,4,26.496153110745368,17.78612802559934,6.901480163093579,2.0600972315229025
7.29999999999999,5,26.171774645162827,18.395298851827874,6.899532260186095,2.1411915666487036
7.29999999999999,6,25.79921816930122,18.976031372290834,6.900848259098391,2.2030205508721146
7.29999999999999,7,25.39140479377847,19.532749880656482,6.903793322933229,2.24633901856076
7.29999999999999,8,24.95966975658352,20.071528874299716,6.90757644381371,2.276654318764563
7.39999999999999,0,27.084919720583176,15.803207027418125,6.93504764322707,1.8118458172836578
7.39999999999999,1,26.919364943913763,16.47666116488854,6.961734629245661,1.8976478972180297
7.39999999999999,2,26.69584948852078,17.135977732199173,6.982568358460655,1.9832781769158159
7.39999999999999,3,26.415929315073868,17.77567087920381,6.996927064760461,2.0645461810246863
7.39999999999999,4,26.084323108802586,18.391793626703908,7.005556913692523,2.1384191845373492
7.39999999999999,5,25.707683900715224,18.982489155770963,7.010385674570722,2.202329640396905
7.39999999999999,6,25.293802626831315,19.54831366883935,7.012770841472286,2.2551306837046052
7.39999999999999,7,24.850485136197243,20.091691220078626,7.01335157777713,2.2970099866645217
7.39999999999999,8,24.3847681690544,20.61607534897893,7.013309215613392,2.330391539269233
7.499999999999989,0,26.818381920195122,16.44344635507462,6.961734612539443,1.8966396713720703
7.499999999999989,1,26.595531425337164,17.102987940938466,6.950566501441485,1.9380553746563591
7.499999999999989,2,26.345965272333906,17.751694922240986,6.9415152571608125,2.0021471854426793
7.499999999999989,3,26.055741044716562,18.382264031846855,6.935251530280967,2.0872107055086406
7.499999999999989,4,25.71329990944038,18.98535257327458,6.931473485274877,2.1766523425891
7.499999999999989,5,25.318568615912483,19.55513723101897,6.930346613339601,2.2556472741455007
7.499999999999989,6,24.880165751994216,20.09191898527269,6.931349146861254,2.3173220853070955
7.499999999999989,7,24.409426195646724,20.60074872708159,6.933343074175281,2.3618037713052473
7.499999999999989,8,23.91636351171335,21.08830154787721,6.9359415003946925,2.3938967883709017
7.599999999999989,0,26.547233717773047,17.084645395372767,6.950566530696575,1.937941978411746
7.599999999999989,1,26.297741205024238,17.733380501807428,6.984714167581585,2.022000563185546
7.599999999999989,2,25.99317304604821,18.361950751215634,7.011081131698022,2.104831946836994
7.599999999999989,3,25.636301174567397,18.96543652406087,7.028788290612563,2.1832106090057732
7.599999999999989,4,25.232255005547216,19.5405760160195,7.03890173017032,2.2550510976089306
7.599999999999989,5,24.787328996303895,20.086013760994852,7.043831167502104,2.3182491842810142
7.599999999999989,6,24.30850844896137,20.60262439475263,7.045424346143327,2.3715403240391044
7.599999999999989,7,23.80273555654837,21.09310771071685,7.044756032558562,2.414669981670875
7.599999999999989,8,23.2763351395064,21.561283425580243,7.043338415454087,2.44968657327516
7.699999999999989,0,26.203575224111802,17.688799782487706,6.984714147586298,2.021055989457648
7.699999999999989,1,25.89960106105973,18.317657457102143,6.979198294739463,2.061033547607937
7.699999999999989,2,25.570995912619587,18.93337715940325,6.974145820700973,2.123794474146485
7.699999999999989,3,25.204685109118596,19.526844668798333,6.970033876657244,2.2063136887048445
7.699999999999989,4,24.7909464180534,20.087769424063367,6.966863788508794,2.293354718762708
7.699999999999989,5,24.330216479770712,20.61037037089997,6.965237017772925,2.3712209044989914
7.699999999999989,6,23.830335979236043,21.095444548322277,6.965066794622447,2.4331759993676023
7.699999999999989,7,23.301376219878193,21.548639740062654,6.965591100087749,2.4788539854360243
7.699999999999989,8,22.752211794970144,21.977255880513745,6.966686100395244,2.5125764102645483
7.799999999999988,0,25.855498792143973,18.29436162045301,6.979198313904109,2.0609318621751376
7.799999999999988,1,25.5269562939042,18.910114721486945,6.943054898022358,2.1028450691368534
7.799999999999988,2,25.17473469297398,19.508446111850485,6.914303836574899,2.1672124373851824
7.799999999999988,3,24.786369264262134,20.08050387799918,6.894469793614707,2.254735865596542
7.799999999999988,4,24.350741408678658,20.61488713625304,6.882548982125468,2.3514173606836173
7.799999999999988,5,23.866394420066907,21.103900981421745,6.877530476349694,2.436590298155799
7.799999999999988,6,23.342557264874237,21.549651452710634,6.877645143529704,2.501045138843297
7.799999999999988,7,22.791078920554074,21.960753010298845,6.880583938426136,2.5450578910450194
7.799999999999988,8,22.221812382627547,22.34734858883551,6.884930083899327,2.57491430391641
7.899999999999988,0,25.48178347458849,18.883792708926876,6.94305492598963,2.1027282748257043
7.899999999999988,1,25.12963221996884,19.482165178294455,6.957295409578596,2.185584487628788
7.899999999999988,2,24.728345519700035,20.05050361885522,6.968323569300425,2.272453271711237
7.899999999999988,3,24.27855130962613,20.58272585480018,6.9759437716186605,2.3576040996277765
7.899999999999988,4,23.78458276181432,21.075303760549076,6.980547736805884,2.4354678636661813
7.899999999999988,5,23.25344533324528,21.528264576141893,6.983472841263797,2.50189026637384
7.899999999999988,6,22.69317984544992,21.94514767023009,6.985451326888391,2.55538333583437
7.899999999999988,7,22.111261229979103,22.331587871197648,6.986535505110231,2.5965913700400916
7.899999999999988,8,21.51382397806686,22.693783280780053,6.987392774922313,2.628560324294615
7.999999999999988,0,25.045203080326225,19.423660876357665,6.957295396008773,2.1846775897206596
7.999999999999988,1,24.644432051209947,19.99236303143438,6.936289998775074,2.2279816332421762
7.999999999999988,2,24.220700025630414,20.54151991025721,6.919679797715455,2.2938852377002137
7.999999999999988,3,23.762820087007718,21.060335421905023,6.908469132155688,2.3829473842728883
7.999999999999988,4,23.261422090761876,21.535597928527835,6.902014535260703,2.4763039788635393
7.999999999999988,5,22.718409998801132,21.961652023298065,6.899944167120971,2.5574472164737783
7.999999999999988,6,22.142819438453152,22.342179104177497,6.90117969938143,2.619288868592876
7.999999999999988,7,21.54469368947128,22.686473246860714,6.904075442168282,2.662595111041126
7.999999999999988,8,20.931950539298104,23.004691054978107,6.907827623044487,2.6928857802123254
8.099999999999987,0,24.601524648535268,19.959561133332972,6.936290022466554,2.2278524934561084
8.099999999999987,1,24.177863967736794,20.508772223460454,6.96267008146106,2.3137007397925604
8.099999999999987,2,23.706888157434154,21.021577778275997,6.983244996861621,2.3993893278384384
8.099999999999987,3,23.192236198642888,21.493584648096103,6.9974031635976015,2.4807143050400535
8.099999999999987,4,22.639823813256932,21.92309262105302,7.005887096596384,2.5546293143956085
8.099999999999987,5,22.056495198386756,22.3111033050458,7.010616302788823,2.618560046749778
8.099999999999987,6,21.449159647219517,22.6612903301276,7.012938687386429,2.671361129625554
8.099999999999987,7,20.823981817622354,22.979041464176063,7.013483293422758,2.7132267242027504
8.099999999999987,8,20.186003301651336,23.270370996860613,7.013420094161076,2.7465869712129543
8.199999999999987,0,24.098876196484923,20.437541973640926,6.962670064569859,2.3126912576272165
8.199999999999987,1,23.628418392914707,20.950822751821022,6.951238063386521,2.3541308119685915
8.199999999999987,2,23.137906891367066,21.44336294639023,6.941966619838255,2.4182488440788377
8.199999999999987,3,22.617538523428927,21.90284847464911,6.935535079977667,2.5033701990707593
8.199999999999987,4,22.060503573110807,22.316047155393072,6.931637733383643,2.5928702201126423
8.199999999999987,5,21.469092293854885,22.67760330896163,6.93043212104811,2.6718992683476253
8.199999999999987,6,20.8510768183258,22.991291816437307,6.9313874746021185,2.733579514189066
8.199999999999987,7,20.214790433227222,23.266334442421318,6.933356537280006,2.7780467246820635
8.199999999999987,8,19.5666960493079,23.51289921720446,6.9359425060410045,2.8101151240943505
8.299999999999986,0,23.591633541284203,20.91450390300739,6.951238092969425,2.3540172596542197
8.299999999999986,1,23.101178114644725,21.407099666279315,6.985160326063765,2.438105573885159
8.299999999999986,2,22.568496003615593,21.858956300956457,7.011341246792919,2.520977137835299
8.299999999999986,3,21.998108891567675,22.26669105246799,7.028909223158407,2.599395813376173
8.299999999999986,4,21.396028543327965,22.629396160694583,7.038926422616471,2.671265455694107
8.299999999999986,5,20.7685644570454,22.948384847022446,7.0437950028096,2.7344758539778597
8.299999999999986,6,20.12175645944906,23.227293400274892,7.045354307188506,2.7877631219776147
8.299999999999986,7,19.460865066226646,23.47140976173013,7.044670672780543,2.8308777447419704
8.299999999999986,8,18.79013122304861,23.68679310222454,7.0432476640495825,2.8658729460830594
8.399999999999986,0,23.033042210308956,21.328234234659682,6.985160305771565,2.43716018454554
8.399999999999986,1,22.5007876297167,21.7805943291985,6.979455055325674,2.4771528141538326
8.399999999999986,2,21.951321476852122,22.21096031765822,6.974248317994369,2.5399309820081473
8.399999999999986,3,21.37636690010534,22.605711921186263,6.970023517782995,2.62249008200254
8.399999999999986,4,20.771182344105345,22.95149584083659,6.9667780338593115,2.709571599222052
8.399999999999986,5,20.13850574207926,23.24320155663066,6.965106222280736,2.7874601188916204
8.399999999999986,6,19.48519233589906,23.48474011532856,6.9649135826410005,2.849415574022175
8.399999999999986,7,18.818174322504113,23.68536409681664,6.9654305300240145,2.8950784949634887
8.399999999999986,8,18.14261815183719,23.855349131625914,6.966525857367355,2.928777871212065
8.499999999999986,0,22.46985357102245,21.741445109765504,6.9794550749744335,2.4770510340580807
8.499999999999986,1,21.920431264608908,22.1718670238141,6.943153778638342,2.5189857269670335
8.499999999999986,2,21.356396063288756,22.57676030900665,6.914276110319188,2.5833746863800187
8.499999999999986,3,20.769924883245068,22.942991826488615,6.894351936647563,2.6709193088267256
8.499999999999986,4,20.155456843867306,23.25564158937775,6.882373558197777,2.767629664475688
8.499999999999986,5,19.514768454818935,23.507079462766036,6.877323402614444,2.85281910805752
8.499999999999986,6,18.855452732760405,23.702971355939123,6.877425246840345,2.9172727715603335
8.499999999999986,7,18.184866599429345,23.85599871240562,6.880363270125152,2.96127136059728
8.499999999999986,8,17.507921199902423,23.97943087234325,6.88471442135646,2.9911070550571894
8.599999999999985,0,21.88973807773108,22.12950951332622,6.943153806680247,2.518868808210974
8.599999999999985,1,21.32575070155321,22.534468879828765,6.957266363648452,2.6017266398407557
8.599999999999985,2,20.728972003204184,22.8920870314592,6.9681936570322245,2.6886160300500626
8.599999999999985,3,20.102427992377777,23.19704577781141,6.975744345162768,2.7737953133392
8.599999999999985,4,19.451506218948424,23.447866312958595,6.980306472901541,2.851680874565294
8.599999999999985,5,18.782605019684997,23.64741072305859,6.983211382672332,2.9181101952077264
8.599999999999985,6,18.101650039949945,23.802177416719438,6.985184963459652,2.9715958906850704
8.599999999999985,7,17.413200467518134,23.920352192038514,6.986273579321423,3.0127876425088664
8.599999999999985,8,16.72036047052863,24.010090282570737,6.987139402269778,3.0447359859770264
8.699999999999985,0,21.272175466212534,22.446826783751064,6.957266350036424,2.60081971350432
8.699999999999985,1,20.67572141182287,22.804986075470048,6.936158845280197,2.644135473526439
8.699999999999985,2,20.066171996292496,23.135974640414503,6.919470011347285,2.710050333048991
8.699999999999985,3,19.43765879487562,23.425397732193407,6.908207593453953,2.7991384417957303
8.699999999999985,4,18.786948101187424,23.657375908602326,6.90172459466561,2.892519243337751
8.699999999999985,5,18.1180690048216,23.827508035615388,6.899643669531137,2.973671808322229
8.699999999999985,6,17.437799933563532,23.942824234067366,6.900880805525241,3.0355069288404737
8.699999999999985,7,16.751569629724244,24.01589612692399,6.903785126778385,3.078796748790123
8.699999999999985,8,16.062512648959824,24.059220748633713,6.907548573135656,3.10906659536544
8.799999999999985,0,20.649729111839804,22.757625932691546,6.936158869046506,2.6440062373404296
8.799999999999985,1,20.040223073088264,23.088692978027762,6.9624594935643795,2.729859781988223
8.799999999999985,2,19.402163296217868,23.367329205855118,6.982975006502619,2.815564003877058
8.799999999999985,3,18.740650862909796,23.590982323131257,6.997096495112652,2.8969067133123785
8.799999999999985,4,18.061783125902537,23.760488136801257,7.005563195934175,2.9708331039085536
8.799999999999985,5,17.371415695594425,23.87953430996233,7.0102896721441565,3.0347643014080967
8.799999999999985,6,16.67438309105524,23.954281721552015,7.012618797261016,3.087555919619642
8.799999999999985,7,15.97414478576918,23.992157188693092,7.01317512543501,3.1294061219389455
8.799999999999985,8,15.272879346444649,24.000703609148367,7.0131251605816445,3.162748088774424
8.899999999999984,0,19.996769332227736,22.99160563437373,6.9624594766129375,2.728850076244534
8.899999999999984,1,19.358991294171403,23.270886051812937,6.950967367548506,2.77029587850224
8.899999999999984,2,18.711259911277182,23.52308399522295,6.941652890336511,2.834419537445871
8.899999999999984,3,18.04958609870818,23.73297542223854,6.935197415385184,2.9195558467306877
8.899999999999984,4,17.373088137845976,23.8856999419568,6.931292146158053,3.0090699350262913
8.899999999999984,5,16.686026092700004,23.97728598806183,6.930090179278192,3.088102883661424
8.899999999999984,6,15.993983045890305,24.01433505065191,6.9310563100527265,3.1497758257131934
8.899999999999984,7,15.300851984177825,24.00865781311697,6.933039431476098,3.1942287307377697
8.899999999999984,8,14.608432111907536,23.972171297739358,6.935639992449909,3.226279645609271
8.999999999999984,0,19.34002546996283,23.2227894342009,6.950967397238238,2.7701822735112973
8.999999999999984,1,18.69232292642475,23.475060902922213,6.984846815721353,2.85427069544566
8.999999999999984,2,18.022471764649236,23.67300097813486,7.010999074064085,2.9371500873524887
8.999999999999984,3,17.335972732170276,23.815339247427573,7.028554019134446,3.015578419399964
8.999999999999984,4,16.63869041216759,23.90367482400933,7.038571017010695,3.08745368415845
8.999999999999984,5,15.935864494265735,23.941762320065873,7.043448317358464,3.150662196058427
8.999999999999984,6,15.231548570137459,23.93537432742746,7.045021421865141,3.2039405547801185
8.999999999999984,7,14.528415234941072,23.89147855211238,7.044353420579455,3.2470420342527317
8.999999999999984,8,13.827892758307854,23.817333872579734,7.042945775620362,3.2820219422415704
9.099999999999984,0,18.66188476926799,23.37538247926393,6.984846795347624,2.8533252284769404
9.099999999999984,1,17.99222112702531,23.573955897212095,6.97911280620754,2.893320317207256
9.099999999999984,2,17.31570893001671,23.745453455530495,6.973889077537058,2.956100359023456
9.099999999999984,3,16.630283164578586,23.87407309417145,6.969660023650869,3.038666745693652
9.099999999999984,4,15.937003709500024,23.94568179872025,6.966420437947167,3.1257550112449044
9.099999999999984,5,15.240440421815558,23.95671270301513,6.96476122459423,3.2036436019013106
9.099999999999984,6,14.545281813171997,23.91351855498577,6.964584560304841,3.2655916335743713
9.099999999999984,7,13.854126666877216,23.827369022737226,6.965118141531018,3.3112424716779354
9.099999999999984,8,13.1675451687354,23.70975365413036,6.9662292021761045,3.344927638085547
9.199999999999983,0,17.979753134541145,23.52563994651216,6.9791128259957125,2.89321851207328
9.199999999999983,1,17.30325843731513,23.697206395559945,6.942793978398558,2.9351565979965164
9.199999999999983,2,16.62371983995689,23.839514564482556,6.913908441141207,2.999547828272048
9.199999999999983,3,15.93929072375357,23.93739161468851,6.893986713985446,3.087093632021665
9.199999999999983,4,15.250915647773995,23.974944809907868,6.882018748895097,3.183804840733779
9.199999999999983,5,14.563303076649746,23.945913982984717,6.876983936375793,3.2689908407861017
9.199999999999983,6,13.881106317014172,23.85855325635022,6.877103178423277,3.33343647733608
9.199999999999983,7,13.205926526765792,23.72743781034437,6.880058372502385,3.3774243894382994
9.199999999999983,8,12.536890590130817,23.56669058256722,6.884425336258356,3.407248366697087
9.299999999999983,0,17.292307810785093,23.646052168417356,6.942794006449688,2.935039641557627
9.299999999999983,1,16.61278624786221,23.788440134399515,6.956900017422644,3.01788905272939
9.299999999999983,2,15.922412385133835,23.874280176282294,6.967828256130987,3.1047781479700522
9.299999999999983,3,15.226101679645934,23.899926101564887,6.975387649271953,3.1899610433899594
9.299999999999983,4,14.52937869880818,23.866200432220907,6.9799641745460015,3.2678485606729453
9.299999999999983,5,13.836938118507888,23.778308208722322,6.982886607437614,3.33427480612478
9.299999999999983,6,13.151571877371513,23.64459145214375,6.984878458945418,3.387752729390817
9.299999999999983,7,12.474139743951294,23.474382824152524,6.985984282976726,3.4289342386430164
9.299999999999983,8,11.804183382425457,23.276397373310832,6.986865556162538,3.4608713922394685
9.399999999999983,0,16.599215277914706,23.686630789834638,6.956900003804892,3.0169823065308217
9.399999999999983,1,15.908919572340803,23.77309686452874,6.935793917036952,3.0602987637624146
9.399999999999983,2,15.217630078073375,23.829418578228214,6.919112334221161,3.126213259198029
9.399999999999983,3,14.525797825828898,23.840059044959027,6.907862992532452,3.215302356103467
9.399999999999983,4,13.836883694487883,23.789186687187517,6.901397040294,3.308682973193134
9.399999999999983,5,13.156351379651905,23.67440543545284,6.89933493182021,3.3898315089063473
9.399999999999983,6,12.487557810465272,23.50488737339544,6.900590669953096,3.451658995186214
9.399999999999983,7,11.830385214730992,23.294327091642874,6.903511941548452,3.494939429267024
9.399999999999983,8,11.18264811508008,23.055422450194254,6.90729031941976,3.525199399899453
9.499999999999982,0,15.904291381725658,23.719270697860875,6.935793940813435,3.0601695120551065
9.499999999999982,1,15.213009838506194,23.775681735024854,6.962103061273905,3.146016536069554
9.499999999999982,2,14.516806341921054,23.772601796419515,6.982631274151957,3.231719183695288
9.499999999999982,3,13.821377205899045,23.70975492949203,6.996769430492667,3.313062214059328
9.499999999999982,4,13.131960947025448,23.590368673857288,7.005255163340696,3.3869876220553405
9.499999999999982,5,12.452422144301332,23.420183369872294,7.010001215886769,3.45091465271086
9.499999999999982,6,11.784691350513452,23.206789902703136,7.012348865097721,3.503699293894191
9.499999999999982,7,11.128929691451134,22.958380917893034,7.012921580200998,3.5455412023516435
9.499999999999982,8,10.48408020032561,22.682736529291418,7.012885793001769,3.5788744268320793
9.599999999999982,0,15.212512822920607,23.669322807228774,6.962103044319017,-3.1381783546712443
9.599999999999982,1,14.516306606480862,23.66694584708714,6.950624235208017,-3.096733344760944
9.599999999999982,2,13.821943225561519,23.635776265847582,6.9413260563581,-3.0326114531054253
9.599999999999982,3,13.131927789793238,23.56027808762525,6.934889471466574,-2.947477011727162
9.599999999999982,4,12.451460410748995,23.426503233928358,6.931004270148777,-2.857965531900083
9.599999999999982,5,11.786042378526094,23.232541393186278,6.929822026929731,-2.778937278521732
9.599999999999982,6,11.13811088211612,22.986688158580016,6.930806248777387,-2.71727092089382
9.599999999999982,7,10.50645164823047,22.701320270245986,6.932805021283609,-2.6728253498152204
9.599999999999982,8,9.88789282094179,22.388064790193248,6.935418934253779,-2.6407818698728596
9.699999999999982,0,14.518402539070678,23.615288393322714,6.950624264903888,-3.0968469636403944
9.699999999999982,1,13.824035814675366,23.58419771895,6.984521291503354,-3.012765138035794
9.699999999999982,2,13.131371613455755,23.49446654832308,7.0106929564087554,-2.9298889524812215
9.699999999999982,3,12.445954134718832,23.34715374707151,7.02826855970334,-2.851462412779896
9.699999999999982,4,11.77250072331476,23.146091110789918,7.038306271729039,-2.77958947881711
9.699999999999982,5,11.114285794729078,22.896830669209123,7.043203128197082,-2.716385082648708
9.699999999999982,6,10.47268294861615,22.60629155645327,7.044793647546764,-2.663112425161959
9.699999999999982,7,9.84731961252613,22.281927669921274,7.044140377158718,-2.6200172979809215
9.699999999999982,8,9.236567735063348,21.930955729028632,7.042745114184349,-2.5850439253860547
9.799999999999981,0,13.836489126784425,23.4807303869167,6.984521271135092,-3.013710466337387
9.799999999999981,1,13.14374043262195,23.391654188436064,6.978807369245308,-2.9737169604651097
9.799999999999981,2,12.455670526892538,23.275046564800295,6.973604684617613,-2.9109394057690148
9.799999999999981,3,11.776777955622155,23.115620392905612,6.9693969940845095,-2.8283764974984917
9.799999999999981,4,11.113744549505627,22.9008780999117,6.966178059212692,-2.741292218037776
9.799999999999981,5,10.472191440582034,22.62940446369161,6.964537805231522,-2.6634085075978176
9.799999999999981,6,9.853838540084922,22.308905182587218,6.964377659764565,-2.6014660189082175
9.799999999999981,7,9.256507080805005,21.950738358670613,6.964924975566134,-2.555820752302367
9.799999999999981,8,8.676074338793807,21.565643002130663,6.96604744736908,-2.522140965832797
9.89999999999998,0,13.15186756808316,23.342423766521918,6.978807389031317,-2.9738187624934707
9.89999999999998,1,12.463785821368006,23.22588622311398,6.942509907639852,-2.9318829795473356
9.89999999999998,2,11.784744673912908,23.08135942060634,6.91364605330714,-2.867494884685838
9.89999999999998,3,11.119188034832515,22.89421986835012,6.89374564859476,-2.779952965317704
9.89999999999998,4,10.47440357434533,22.65031363621562,6.881797767900311,-2.6832476723268908
9.89999999999998,5,9.857227371102468,22.34581900906768,6.876781020270897,-2.598067823782536
9.89999999999998,6,9.268578619615965,21.990165955477583,6.876915744702135,-2.5336277263097715
9.89999999999998,7,8.704030425204476,21.597331886257507,6.87988364178565,-2.489644465743549
9.89999999999998,8,8.157075990274407,21.17988058539035,6.884261063853888,-2.4598244985772224
9.99999999999998,0,12.474447801972346,23.17467397532082,6.942509935677697,-2.9319999369337215
9.99999999999998,1,11.795389980447762,23.030227036032233,6.956638930923796,-2.84915710940106
9.99999999999998,2,11.129260784610395,22.829677413246266,6.96758974958612,-2.762272798837361
9.99999999999998,3,10.482029733805902,22.57167539381979,6.975170582618394,-2.677093533185388
9.99999999999998,4,9.858417355379888,22.259205151642334,6.979766696321849,-2.5992093866289077
9.99999999999998,5,9.260613653713616,21.89892447349968,6.9827063019717475,-2.5327869295953533
9.99999999999998,6,8.687800194642488,21.499591760263087,6.984712553581394,-2.479313101297918
9.99999999999998,7,8.136990968508183,21.07009054660044,6.985829974572824,-2.4381355444316863
9.99999999999998,8,7.604244247644667,20.61820656058287,6.986720668431954,-2.4062020899145056
10.09999999999998,0,11.824129908472665,22.93162853388157,6.956638917311032,-2.8500637043698935
10.09999999999998,1,11.15781917196601,22.73168299313062,6.9355560285054505,-2.8067493415479934
10.09999999999998,2,10.502781766286976,22.503765684295203,6.9188968061307525,-2.7408376165250443
10.09999999999998,3,9.86571029767926,22.233848648865315,6.907668242095448,-2.6517535157168712
10.09999999999998,4,9.256168823671597,21.908851781483378,6.901220897027034,-2.558378360311289
10.09999999999998,5,8.680122768175226,21.52879179208894,6.899174814246007,-2.4772348371660047
10.09999999999998,6,8.136935093975357,21.103414002402204,6.900443781818895,-2.41541152823285
10.09999999999998,7,7.620963002647453,20.645195742598478,6.903375563243924,-2.372134388129317
10.09999999999998,8,7.1250755423717305,20.164867143172142,6.90716239416152,-2.341877107489566
10.19999999999998,0,11.175343384219694,22.680582133408343,6.935556052273115,-2.8068785939006053
10.19999999999998,1,10.520277147383382,22.452749729841855,6.961888622905123,-2.7210375521057335
10.19999999999998,2,9.884752474565808,22.168518615193154,6.982439004921339,-2.63533951609468
10.19999999999998,3,9.274091035976765,21.8299375041279,6.996597292197952,-2.55400015659928
10.19999999999998,4,8.691779821294443,21.442074877296704,7.005100659101229,-2.4800779745753134
10.19999999999998,5,8.139033480816739,21.011742611996638,7.009861593821475,-2.4161541085226665
10.19999999999998,6,7.614549647562221,20.546663781451677,7.01222130056727,-2.3633725161922623
10.19999999999998,7,7.115164380285522,20.05439673839647,7.012803431421986,-2.321533324484154
10.19999999999998,8,6.636766479109406,19.54163015202064,7.012775118949778,-2.288202514561264
10.29999999999998,0,10.562812845645944,22.355273488544384,6.961888605960885,-2.722046984635443
10.29999999999998,1,9.927001572415193,22.071684151242046,6.9504325601431445,-2.680603946288256
10.29999999999998,2,9.304511536652772,21.762505305996125,6.941155625048918,-2.616484604563797
10.29999999999998,3,8.703913733991744,21.414539938591247,6.934738027733862,-2.5313548227393756
10.29999999999998,4,8.135601631127786,21.017133452190556,6.930869195940395,-2.4418483449033648
10.29999999999998,5,7.605378883718005,20.570762008176473,6.929700558364429,-2.362824394219321
10.29999999999998,6,7.112121810045419,20.083997532468985,6.93069564508533,-2.301161271043091
10.29999999999998,7,6.6497176466945564,19.567668891442537,6.932702788605096,-2.25671795214851
10.29999999999998,8,6.210566208270112,19.03112826836332,6.9353232784764325,-2.224676103673954
10.399999999999979,0,9.949798771237951,22.025284575020674,6.950432589820128,-2.6807175550733273
10.399999999999979,1,9.327273785350322,21.7161765436406,6.984351773005175,-2.5966406121465253
10.399999999999979,2,8.73000544065785,21.354123752963872,7.010543832654859,-2.513768508083584
10.399999999999979,3,8.162636866246974,20.94233476170784,7.028137348286886,-2.4353454069046547
10.399999999999979,4,7.627934229273884,20.486220382004383,7.038190225905342,-2.3634754182184343
10.399999999999979,5,7.1266486574614705,19.992181820552908,7.043099464066817,-2.300273630415643
10.399999999999979,6,6.657240093979909,19.467102601524296,7.044699698128225,-2.2470032068015775
10.399999999999979,7,6.21635523108974,18.91764966113385,7.044053784812402,-2.203909865257973
10.399999999999979,8,5.799588340983206,18.34976558920507,7.042664222662194,-2.168937943345088
10.499999999999979,0,9.380484977792774,21.626577967222268,6.984351763832289,-2.597585698275971
10.499999999999979,1,8.78287471364547,21.265089868793524,6.978657776353911,-2.5575542575418715
10.499999999999979,2,8.200685258295696,20.880288460179926,6.973473398979228,-2.494817565629318
10.499999999999979,3,7.644180190603631,20.460055592900808,6.969281726995778,-2.4122736287728515
10.499999999999979,4,7.124529892570048,19.995647273826254,6.966076289889398,-2.3251948161061997
10.499999999999979,5,6.6474533424425815,19.488033105990013,6.964447005944337,-2.2473103169735547
10.499999999999979,6,6.211412414820338,18.944953204816166,6.964295434971572,-2.185365444121178
10.499999999999979,7,5.8098246689214506,18.375915263816506,6.964849224523587,-2.1397181779498897
10.499999999999979,8,5.434578654956653,17.789075877215918,6.965976701792554,-2.1060369785092092
10.599999999999978,0,8.810235289471265,21.22330761532514,6.978657776250363,-2.5576565667493414
10.599999999999978,1,8.22800646079217,20.838565886385986,6.942377294554603,-2.515749042025418
10.599999999999978,2,7.665348111627162,20.43189397812435,6.913529079848006,-2.451390081256081
10.599999999999978,3,7.132234170283806,19.991711986099062,6.893642392999452,-2.3638783447204252
10.599999999999978,4,6.641048805553442,19.508017919896496,6.881706128667175,-2.2671754395003876
10.599999999999978,5,6.19960181469146,18.980064128587177,6.876698896610738,-2.181986306109487
10.599999999999978,6,5.804929313976394,18.416842645876056,6.876841135662538,-2.117535892819776
10.599999999999978,7,5.44733412532185,17.829349356795134,6.87981477098723,-2.0735450639931576
10.599999999999978,8,5.115785490764589,17.226447614477962,6.884196671973432,-2.0437200458724325
10.699999999999978,0,8.258439660142175,20.79606268618001,6.942377322665191,-2.5158657707048215
10.699999999999978,1,7.695733870268698,20.38945695070751,6.956523209142704,-2.4330479643214993
10.699999999999978,2,7.167518319313797,19.936775508721105,6.967489296400236,-2.3461778909929683
10.699999999999978,3,6.679801995338263,19.439189471685385,6.975083242837605,-2.261002580327876
10.699999999999978,4,6.235701067551728,18.901330537956383,6.979690216148825,-2.1831166016375647
10.699999999999978,5,5.834531002517923,18.330170896986466,6.982638505288302,-2.116690408981828
10.699999999999978,6,5.4720046763118635,17.733390309568186,6.984651437888533,-2.0632131471209716
10.699999999999978,7,5.141800425846663,17.117907806460007,6.985773825721834,-2.0220331804318237
10.699999999999978,8,4.837165555543762,16.48925213257443,6.986668311914824,-1.9900980538675068
10.799999999999978,0,7.7618560167438435,20.310912479814604,6.956523195530488,-2.4339537819153225
10.799999999999978,1,7.233230602149436,19.85870977378734,6.935456621506168,-2.3906415037105138
10.799999999999978,2,6.726220371202323,19.385479238140675,6.918811958206944,-2.324732124779846
10.799999999999978,3,6.252616819871863,18.881095258603473,6.907595679385473,-2.235650402566774
10.799999999999978,4,5.826454851225609,18.337459613528274,6.901158301653434,-2.1422771565255476
10.799999999999978,5,5.453184444591667,17.756998427549785,6.8991200081160065,-2.0611344913122114
10.799999999999978,6,5.128284691583929,17.148367475464703,6.900394818734918,-1.9993110905304543
10.799999999999978,7,4.841551803876664,16.520698339881278,6.903330828044081,-1.9560334273910869
10.799999999999978,8,4.582126685422638,15.880923234032121,6.907120812446615,-1.9257753813617995
10.899999999999977,0,7.269912888498633,19.81905466915725,6.935456645272879,-2.390770740365724
10.899999999999977,1,6.762841975910389,19.345890131594423,6.961804220719835,-2.3049319950971148
10.899999999999977,2,6.296438883606339,18.829038760424577,6.9823678892597725,-2.2192354089977107
10.899999999999977,3,5.874743624089877,18.27252484480219,6.996537260022158,-2.1378967846486114
10.899999999999977,4,5.498897569004836,17.68239340983807,7.005049494626004,-2.0639749279146455
10.899999999999977,5,5.167258842864495,17.065365888097595,7.009817249930817,-2.0000511527109452
10.899999999999977,6,4.87551490902217,16.427979921688028,7.012181982165558,-1.9472694944466757
10.899999999999977,7,4.617716998938131,15.775870107124025,7.012767677290529,-1.9054301197409174
10.899999999999977,8,4.387401371217673,15.113492706492266,7.012741975538723,-1.872099027322264
10.999999999999977,0,6.841146145267893,19.27392655101263,6.961804203779881,-2.305941376691054
10.999999999999977,1,6.374221533879194,18.757546320184936,6.950361705749013,-2.26449830502857
10.999999999999977,2,5.929823662049735,18.223143770495973,6.941096677966459,-2.2003790935482455
10.999999999999977,3,5.5211263954577285,17.66211259634237,6.934688909209356,-2.1152503302623202
10.999999999999977,4,5.161942527362059,17.06890883950574,6.930827842775114,-2.025745091558432
10.999999999999977,5,4.857388025303139,16.44631390855733,6.929665092264435,-1.9467220145598827
10.999999999999977,6,4.602970707773221,15.801713952970827,6.930664445246676,-1.885059207980406
10.999999999999977,7,4.388722906646948,15.142542942358844,6.932674557908952,-1.8406157632186666
10.999999999999977,8,4.203913227534721,14.474283051325607,6.935297184696033,-1.8085735224226271
11.099999999999977,0,6.413828279727883,18.724320665366584,6.95036173541844,-2.2646119162359577
11.099999999999977,1,5.969369815906775,18.189968760971034,6.984293051417699,-2.180535429947083
11.099999999999977,2,5.569411763450226,17.617398195474813,7.010495699600377,-2.0976639332859905
11.099999999999977,3,5.216904252924852,17.01142049059662,7.028097864290701,-2.019241522223921
11.099999999999977,4,4.9121905073960495,16.37810286042375,7.038157487461193,-1.9473721550255694
11.099999999999977,5,4.653370406319832,15.723603913407633,7.043071761362642,-1.8841707725190286
11.099999999999977,6,4.436253268929163,15.053597322267379,7.044675578240413,-1.8309004735348755
11.099999999999977,7,4.255077449743695,14.37282575979713,7.044032104480324,-1.7878070055341446
11.099999999999977,8,4.103411419521726,13.684943996125158,7.042644261145892,-1.7528347785417506
11.199999999999976,0,6.054255915037623,18.129524047864653,6.984293042249014,-2.1814805204860535
11.199999999999976,1,5.653756872319987,17.557331783582935,6.978609803882463,-2.1414490835021525
11.199999999999976,2,5.276785269717974,16.970047864900508,6.9734347380221235,-2.078712509626146
11.199999999999976,3,4.937627059938928,16.36073688545055,6.969250590068244,-1.9961695537410846
11.199999999999976,4,4.650033351243865,15.725916408972244,6.966050943084201,-1.9090919233567918
11.199999999999976,5,4.41884318377896,15.068784950814724,6.964425912545419,-1.8312082371168712
11.199999999999976,6,4.239521481066697,14.39580035946197,6.964277308894324,-1.7692636188975321
11.199999999999976,7,4.102204952659345,13.71299837787806,6.964833070717808,-1.7236161575678677
11.199999999999976,8,3.996177787516099,13.02456099283018,6.965961904065664,-1.6899345008153113
11.299999999999976,0,5.695671208109001,17.53017399231355,6.978609803773605,-2.1415513944933133
11.299999999999976,1,5.318639468662955,16.942928746491347,6.942338788109225,-2.099644286014101
11.299999999999976,2,4.968371565870225,16.34353446181475,6.913498711666901,-2.0352858206698405
11.299999999999976,3,4.6586709658889,15.725430911056288,6.893618525999904,-1.9477746218740737
11.299999999999976,4,4.4049079623604905,15.08447532780897,6.881687191689419,-1.8510727403383587
11.299999999999976,5,4.214527933105847,14.42314070178567,6.876683515276192,-1.7658843339539312
11.299999999999976,6,4.081185625654435,13.748453719388403,6.876828177543902,-1.701434110865886
11.299999999999976,7,3.9915672373156865,13.066552384330091,6.879803375544709,-1.6574430382977785
11.299999999999976,8,3.9320010519690123,12.381085174474162,6.884186316749551,-1.627617535642687
11.399999999999975,0,5.3636552074184785,16.91635371715946,6.942338816216027,-2.0997610122391515
11.399999999999975,1,5.013317166367731,16.317000782272338,6.9564929689806485,-2.0169432098981104
11.399999999999975,2,4.713149514074383,15.689444147865593,6.967466108107915,-1.9300737195681898
11.399999999999975,3,4.468174900596928,15.037184012336064,6.975065620868933,-1.8448993038156045
11.399999999999975,4,4.279371377344955,14.365716486708209,6.979676749039899,-1.7670141122551537
11.399999999999975,5,4.1432948360364215,13.681142128778651,6.982627973601748,-1.7005883247180171
11.399999999999975,6,4.052920155402406,12.988752532501682,6.984642852071081,-1.6471110499654011
11.399999999999975,7,3.9996687727088873,12.292321165086241,6.985766447603891,-1.605930770298609
11.399999999999975,8,3.9751297223350583,11.594175646814922,6.98666170287269,-1.5739951602683058
11.499999999999975,0,5.10554485396132,16.27188515329717,6.956492955370256,-2.017849037960838
11.499999999999975,1,4.804808802538142,15.644600739052484,6.935433526388454,-1.974537008800656
11.499999999999975,2,4.532342422207972,15.006819129096376,6.9187949052434385,-1.9086279232172074
11.499999999999975,3,4.303023846095144,14.35404493187165,6.907583331963858,-1.8195472162611377
11.499999999999975,4,4.132963277290077,13.684544047043236,6.901149404136672,-1.7261750354046341
11.499999999999975,5,4.026165047416104,13.00273843266347,6.899113490456599,-1.6450329561298407
11.499999999999975,6,3.974995748894076,12.314717872224604,6.900389827019776,-1.5832095695488226
11.499999999999975,7,3.9664317381377012,11.62471043284255,6.9033267380583405,-1.539931524601956
11.499999999999975,8,3.987738819893403,10.93466765962785,6.907117262084617,-1.5096728982624996
11.599999999999975,0,4.854389345808577,15.623156506079352,6.93543355015194,-1.974666243914792
11.599999999999975,1,4.581840786033409,14.985410734579707,6.961787271726235,-1.8888278105925764
11.599999999999975,2,4.364147532252789,14.324143412130168,6.9823560910806,-1.8031318579210116
11.599999999999975,3,4.203378134558033,13.644668480022307,6.99652941473114,-1.7217939587657385
11.599999999999975,4,4.098133197739102,12.95297651596312,7.005044487753879,-1.6478726490884354
11.599999999999975,5,4.04419433493169,12.254551784952422,7.009814144059661,-1.5839490773842706
11.599999999999975,6,4.034974768758352,11.553630992501706,7.012180042014447,-1.531167280527535
11.599999999999975,7,4.062756098752024,10.852963526214243,7.012766377402239,-1.4893275331579865
11.599999999999975,8,4.119825084237419,10.154012842815566,7.012741019678352,-1.4559959356023597
11.699999999999974,0,4.682550678650562,14.951238449830715,6.961787264040494,-1.8898370823667434
11.699999999999974,1,4.464190096922238,14.29019120721621,6.95034925720453,-1.8483620745201081
11.699999999999974,2,4.27373984285831,13.621758319162927,6.941087957161153,-1.7842743966030195
11.699999999999974,3,4.126685927225513,12.943404872994723,6.934683016605371,-1.6991580043855083
11.699999999999974,4,4.037915990984848,12.255638276022893,6.9308239624648404,-1.6096543371681826
11.699999999999974,5,4.010992628143184,11.563068730894972,6.9296625546663835,-1.5306283847766216
11.699999999999974,6,4.038824670045283,10.87063650349003,6.930662734610038,-1.4689619267409106
11.699999999999974,7,4.109290748634439,10.181112823152478,6.932673308821721,-1.4245154846358647
11.699999999999974,8,4.210358816472029,9.495174770183267,6.935296191180168,-1.3924709473670651
11.799999999999974,0,4.513885282042365,14.275800228116221,6.950349270467323,-1.8484761470984854
11.799999999999974,1,4.323358775196665,13.607389275733173,6.984283005324648,-1.7644341316156287
11.799999999999974,2,4.188960235097275,12.92201410451607,7.010487670721189,-1.6815807027902774
11.799999999999974,3,4.111453753344129,12.225262970112315,7.028091394143839,-1.6031619883980706
11.799999999999974,4,4.088710839645188,11.522821842634531,7.038152174158485,-1.5312886882189654
11.799999999999974,5,4.116509686668672,10.819555753430084,7.043067279998149,-1.4680809539971835
11.799999999999974,6,4.188725679424096,10.118961075763387,7.0446716758891474,-1.4148048368478243
11.799999999999974,7,4.298171442514783,9.423047523199623,7.044028593643555,-1.3717071115600619
11.799999999999974,8,4.437485862509797,8.732558636108687,7.042641026921964,-1.3367317847753861
11.899999999999974,0,4.425392221206226,13.586421859064584,6.984282996145644,-1.7653780774973429
11.899999999999974,1,4.290346729948113,12.901173887532952,6.978602953056726,-1.7253493610994366
11.899999999999974,2,4.18291917219887,12.211631753789806,6.973430503362465,-1.662615511374213
11.899999999999974,3,4.118979772760571,11.51722601897593,6.969248299007712,-1.5800730497120408
11.899999999999974,4,4.112515444568037,10.820329280823525,6.966049994641384,-1.4929947137031103
11.899999999999974,5,4.166660365663374,10.125823135714203,6.9644258192478095,-1.415109651168047
11.899999999999974,6,4.274656658591503,9.437781590733405,6.9642777023654565,-1.3531634573596645
11.899999999999974,7,4.425043131397647,8.757738896645076,6.964833699041193,-1.307514692197556
11.899999999999974,8,4.6063277724762495,8.085188996020719,6.965962631626207,-1.2738318590701776
11.999999999999973,0,4.339658351530033,12.893275567542137,6.978602952963039,-1.7254516511287552
11.999999999999973,1,4.232160171515474,12.203744497615482,6.9423347035921745,-1.6835450906806557
11.999999999999973,2,4.154052289353155,11.513918647508994,6.913496873481917,-1.6191871720922744
11.999999999999973,3,4.120611994560581,10.823376865914437,6.893618327037213,-1.5316765082905093
11.999999999999973,4,4.147572599277016,10.134542473627588,6.881688089061145,-1.434973562878103
11.999999999999973,5,4.240745735693288,9.452686965503478,6.8766850729924,-1.3497835855638844
11.999999999999973,6,4.391487750862101,8.781672985424507,6.876830072036463,-1.2853319305281952
11.999999999999973,7,4.585139792987606,8.121733559311354,6.879805391017539,-1.2413397819841947
11.999999999999973,8,4.807721758770175,7.4706798087408846,6.884188342079295,-1.2115134526407125
12.099999999999973,0,4.284075677845616,12.197632284439663,6.942334731704553,-1.6836618121462354
12.099999999999973,1,4.205886931662201,11.507815905673455,6.956491071858016,-1.6008440083649078
12.099999999999973,2,4.184987435922325,10.812480809476348,6.9674659662714635,-1.5139740395697325
12.099999999999973,3,4.224556871821558,10.116858724124526,6.975066733791784,-1.4287987913186155
12.099999999999973,4,4.323268594967688,9.426372258410186,6.979678672413414,-1.3509126849390074
12.099999999999973,5,4.475506603624379,8.745209477688835,6.9826303544908,-1.2844860373042153
12.099999999999973,6,4.672706312173736,8.075371031959511,6.984645433347603,-1.231008026006621
12.099999999999973,7,4.9054958184418975,7.4168410283635575,6.985769063058757,-1.189827149518226
12.099999999999973,8,5.165240919909202,6.768348794517771,6.986664271208342,-1.1578910254800623
12.199999999999973,0,4.308480642393065,11.503827899919276,6.956491065630956,-1.6017497554523068
12.199999999999973,1,4.2869513200883045,10.808512034196173,6.935432682870877,-1.5584117740472383
12.199999999999973,2,4.295540401643116,10.11502126573274,6.918794924076331,-1.4925260928828739
12.199999999999973,3,4.349639279448059,9.425257179271538,6.907583968369063,-1.4034545550790696
12.199999999999973,4,4.464694411750197,8.744144520502934,6.901150431191266,-1.310082624398681
12.199999999999973,5,4.642587320297222,8.077346928821784,6.899114730103114,-1.2289370823733894
12.199999999999973,6,4.873876914695963,7.427350088055642,6.900391154213045,-1.1671099327479424
12.199999999999973,7,5.144941931958001,6.792757659968563,6.903328074559394,-1.1238291146459551
12.199999999999973,8,5.44334522566521,6.17020752314816,6.907118570496045,-1.0935685687444598
12.299999999999972,0,4.341000962421424,10.808939346093727,6.935432693545079,-1.558541370906282
12.299999999999972,1,4.349500093728537,10.115448154765918,6.961786148309123,-1.472728981602228
12.299999999999972,2,4.417663105351255,9.422614500916662,6.982354720275473,-1.3870462680165945
12.299999999999972,3,4.545243142694319,8.736133528699707,6.996527844483928,-1.3057102306821793
12.299999999999972,4,4.728546832477604,8.060919631191373,7.005042786929426,-1.2317848578114579
12.299999999999972,5,4.961503030515491,7.400285332010607,7.009812385024715,-1.1678555822439076
12.299999999999972,6,5.236375485905549,6.755444387048052,7.012178286513935,-1.1150688283547483
12.299999999999972,7,5.54499245276725,6.125792084474224,7.012764667204507,-1.073225622751443
12.299999999999972,8,5.8797062558137405,5.509549147722996,7.01273937329168,-1.0398916365159048
12.399999999999972,0,4.4553973450826865,10.12489568160263,6.961786140623331,-1.4737373468075288
12.399999999999972,1,4.522861643587261,9.431993659214093,6.950348661720509,-1.4322635908351387
12.399999999999972,2,4.6188391420027415,8.74361725053632,6.941087805043202,-1.3681771462231467
12.399999999999972,3,4.758519094451351,8.06370715165739,6.934683188650096,-1.28306080025185
12.399999999999972,4,4.955314552692382,7.398745100176377,6.930824345970987,-1.1935560751288907
12.399999999999972,5,5.210621414583459,6.754388207877207,6.929663058155683,-1.1145283899404639
12.399999999999972,6,5.5159571104965295,6.132289331471202,6.930663292069396,-1.0528601894528782
12.399999999999972,7,5.859114363929483,5.530083987231884,6.932673878675138,-1.0084124980111961
12.399999999999972,8,6.228813777101409,4.943528078270125,6.93529675318061,-0.9763669949452091
12.499999999999972,0,4.574131735037188,9.438916956385295,6.950348674983101,-1.432377632793154
12.499999999999972,1,4.67003063667907,8.75052980589243,6.982651846915957,-1.3480037286090383
12.499999999999972,2,4.82431516472826,8.069522791058539,7.00704018128773,-1.2650864532490387
12.499999999999972,3,5.0352062055350615,7.401307922421629,7.022538410352191,-1.1868193940603387
12.499999999999972,4,5.298278076642174,6.750190621918627,7.030133783840361,-1.1151908111903377
12.499999999999972,5,5.607608318471782,6.118888214852021,7.032173923774941,-1.0522229611961205
12.499999999999972,6,5.9561521267405215,5.508124746406542,7.030480211419624,-0.9991245000778453
12.499999999999972,7,6.336528416334389,4.916862985477488,7.026193896517791,-0.9561252869918425
12.499999999999972,8,6.74172186820206,4.342848783340884,7.021136704940177,-0.9211861204464137
12.599999999999971,0,4.772221559850274,8.772708366032312,6.982651839949287,-1.3489587493769888
12.599999999999971,1,4.925855595854999,8.091554320742539,6.974107485917495,-1.3086523668939376
12.599999999999971,2,5.1065909036798445,7.417969481243412,6.965674970565222,-1.245679438480919
12.599999999999971,3,5.329088373771212,6.757892704215454,6.957631730309234,-1.1634884907680818
12.599999999999971,4,5.604708674338871,6.119048101158564,6.949843062275134,-1.0770895475658548
12.599999999999971,5,5.9340630868402275,5.507050373271952,6.942823890723023,-0.9998766112007533
12.599999999999971,6,6.309273657098513,4.922859890325332,6.936495119299862,-0.9383809521632537
12.599999999999971,7,6.719318068483703,4.3633262456632655,6.930342627363104,-0.8929159796918841
12.599999999999971,8,7.154001108021429,3.8234665091234428,6.925118032200496,-0.859220038667729
12.69999999999997,0,4.974478317142953,8.104377256785309,6.974107489270426,-1.3087568066412318
12.69999999999997,1,5.155143205059815,7.430773566321417,6.9336899548692665,-1.2666984851345209
12.69999999999997,2,5.362760865267907,6.769217952788393,6.900025546109469,-1.202263191200836
12.69999999999997,3,5.611334284828538,6.125543950529299,6.874312225328085,-1.1147927012581085
12.69999999999997,4,5.914053342877084,5.508354336468837,6.855355235863162,-1.019074677532986
12.69999999999997,5,6.273381861447859,4.924510893462759,6.8420650665099245,-0.935009384796632
12.69999999999997,6,6.679691152508741,4.373932903485036,6.832811779780536,-0.871337758107496
12.69999999999997,7,7.119617810032203,3.8510235391465124,6.82597776901508,-0.8276525102671237
12.69999999999997,8,7.581492047669201,3.3483389481063246,6.821355903632642,-0.7977794124685089
12.79999999999997,0,5.205267414407686,7.446260125227048,6.933689969859209,-1.2668168902600412
12.79999999999997,1,5.412806317554841,6.7846800689722375,6.938586090501185,-1.1824006147317083
12.79999999999997,2,5.675573423935329,6.14250157356502,6.938930076512476,-1.0956066409019356
12.79999999999997,3,5.993034422096658,5.525487776070763,6.933929085466482,-1.0118696972510413
12.79999999999997,4,6.360724372674004,4.937612079729761,6.923832515111383,-0.935901981225436
12.79999999999997,5,6.771371656498814,4.380150527962105,6.9104903531162005,-0.871146191163594
12.79999999999997,6,7.216372726281946,3.851451346636182,6.895761285023524,-0.8187239725748694
12.79999999999997,7,7.687459157212967,3.3478713395142607,6.880979498568762,-0.7779491743135896
12.79999999999997,8,8.17762872751046,2.8649504451194785,6.867870517415935,-0.7459412752906563
12.89999999999997,0,5.509980411403474,6.823435467788716,6.938586086300077,-1.1833615454330215
12.89999999999997,1,5.772130280808257,6.1810047669680275,6.906152179718831,-1.1394698086130468
12.89999999999997,2,6.06086031704441,5.5536412909917825,6.876188022010839,-1.073192252165245
12.89999999999997,3,6.389076754998998,4.949409545903457,6.8489532610391795,-0.9863703251327305
12.89999999999997,4,6.766950075159354,4.378184723711598,6.823851048478077,-0.8965052587715537
12.89999999999997,5,7.192997676658353,3.8451355605948834,6.8017997308630065,-0.8184587451200025
12.89999999999997,6,7.657807754628889,3.348531486676491,6.783117168455804,-0.7584145783702625
12.89999999999997,7,8.150235524750075,2.8819901265584384,6.767497633643455,-0.7155621480231594
12.89999999999997,8,8.661033768458308,2.437985049519276,6.755088525414287,-0.6848032489779157
12.99999999999997,0,5.821955582961792,6.203668360532372,6.906152186799325,-1.139605616565575
12.99999999999997,1,6.1106001637473675,5.5762660275212514,6.913790201025951,-1.0525192418644662
12.99999999999997,2,6.453099021239883,4.975682997749217,6.912836631178431,-0.9682951070706662
12.99999999999997,3,6.844861604655396,4.406115400691968,6.902175365836236,-0.8903037579600859
12.99999999999997,4,7.2791617629593395,3.8696152566082516,6.883478937203768,-0.8200399244485621
12.99999999999997,5,7.748804776364634,3.3662811838296145,6.860628367483808,-0.7590573702363564
12.99999999999997,6,8.2466097680383,2.894068282870764,6.836575785761915,-0.7079956815121418
12.99999999999997,7,8.766045459167481,2.449440514580022,6.813291767495591,-0.6665879116168935
12.99999999999997,8,9.301597717672779,2.028143556407308,6.792655681120685,-0.6328213716340403
13.09999999999997,0,6.204768948956744,5.628861151212883,6.913790207202356,-1.0535802348107706
13.09999999999997,1,6.546629843104836,5.027915150354344,6.8814682060032135,-1.0115576805093953
13.09999999999997,2,6.9117200903992275,4.444601102812517,6.847867248703271,-0.9473440965049409
13.09999999999997,3,7.31152744820641,3.8886447717425394,6.813664542410773,-0.8666112532459986
13.09999999999997,4,7.752655489120981,3.3693474570232715,6.779697182830948,-0.7835001569912015
13.09999999999997,5,8.232970541562329,2.8908562745598982,6.748199547994195,-0.7099660657508186
13.09999999999997,6,8.744764522174142,2.450991211523255,6.720323590065417,-0.6513470793829501
13.09999999999997,7,9.279248578646323,2.043545213093194,6.6963164351170406,-0.6075081148853547
13.09999999999997,8,9.829124866269554,1.6612725621144304,6.676467556493376,-0.5744054638931619
13.199999999999969,0,6.591173621700615,5.055540681825384,6.881468195067343,-1.0116784461645763
13.199999999999969,1,6.95619326642669,4.472182553899147,6.885718005553239,-0.9265228949782327
13.199999999999969,2,7.369761609581253,3.9216443010295006,6.878979056146179,-0.8467103569770662
13.199999999999969,3,7.8254685991300725,3.4063328205300967,6.860774809800631,-0.7740396533303944
13.199999999999969,4,8.316123675498638,2.92671825128415,6.833433596517957,-0.7081409345402756
13.199999999999969,5,8.835268928291576,2.482204980999329,6.801500401888639,-0.6495294716061077
13.199999999999969,6,9.377052551077345,2.070779643809938,6.768546481622608,-0.5987584927544789
13.199999999999969,7,9.936301714327296,1.6892348820607663,6.737052837891203,-0.556075949266972
13.199999999999969,8,10.50861997584038,1.3335752688663758,6.709074219332705,-0.5201258644419792
13.299999999999969,0,7.04107817449169,4.5348373690610355,6.8857180055618254,-0.9275236846825261
13.299999999999969,1,7.454095392794655,3.9838855535230584,6.849795686094007,-0.8863324404317544
13.299999999999969,2,7.887178995883609,3.4531919426982958,6.810754590523024,-0.8250843191759958
13.299999999999969,3,8.349285352112439,2.952870540317755,6.76943049058634,-0.7497453913132575
13.299999999999969,4,8.844715621791867,2.491566119841994,6.727162031955078,-0.6721470246658694
13.299999999999969,5,9.371112078059152,2.072686561900846,6.686814334935101,-0.6021214244480642
13.299999999999969,6,9.92220838638525,1.6939472426465751,6.650169509642368,-0.5443873165516774
13.299999999999969,7,10.491114594265575,1.349532495183573,6.618012176185591,-0.4993900456372358
13.299999999999969,8,11.072128565464011,1.0325910989252587,6.5908407649843,-0.46391477280173693
13.399999999999968,0,7.494029145027422,4.016217554628222,6.8497956755204275,-0.8864471361301175
13.399999999999968,1,7.92705184498158,3.4854743724509287,6.777004286485026,-0.8486556632802204
13.399999999999968,2,8.375006636696916,2.9769327924754183,6.710044393571871,-0.7892511012765002
13.399999999999968,3,8.8476466028494,2.500635435844646,6.651287516990527,-0.7078625209240745
13.399999999999968,4,9.35298040245689,2.068159035429281,6.600464423725485,-0.6187416313824994
13.399999999999968,5,9.890660852129606,1.6853211435444917,6.556374566474542,-0.5394638000821763
13.399999999999968,6,10.453187827171575,1.348532670567078,6.519154817193767,-0.47818363500465916
13.399999999999968,7,11.031979181939594,1.0485417669766797,6.488233179651484,-0.43417150445282426
13.399999999999968,8,11.620604275280039,0.7756089642580934,6.463036209651461,-0.40194988884756594
13.499999999999968,0,7.9625419789164456,3.516524877068119,6.777004304958196,-0.8487447956829576
13.499999999999968,1,8.410451568322008,3.0079436403306445,6.737175906905143,-0.772547469689799
13.499999999999968,2,8.892924348305398,2.5377144223348758,6.694514407055952,-0.6922893316421463
13.499999999999968,3,9.408259278450398,2.1104027403268937,6.650344260576306,-0.6129875613735982
13.499999999999968,4,9.952212814263493,1.7277993558944027,6.606033436190433,-0.5398521095489586
13.499999999999968,5,10.518868341447046,1.388243141601493,6.562826495458111,-0.47624004236019263
13.499999999999968,6,11.102123546695214,1.0873761014027674,6.523298593204146,-0.4240966116292334
13.499999999999968,7,11.696665124955143,0.8189434197305095,6.488602489784782,-0.3827000026573941
13.499999999999968,8,12.298588255393508,0.5766411254441031,6.4579011643306306,-0.3487233959896784
13.599999999999968,0,8.476874899972216,3.075231857688877,6.737175912834395,-0.7732887494696838
13.599999999999968,1,8.958998953834794,2.6046451976629967,6.667645375930999,-0.7286338847221779
13.599999999999968,2,9.456462101918529,2.160679194491981,6.601531875102522,-0.6626347996252513
13.599999999999968,3,9.97691088815057,1.7545548191843274,6.541109207712806,-0.5817630585690525
13.599999999999968,4,10.523418484487939,1.3951218243465788,6.486859384068155,-0.4999545246177388
13.599999999999968,5,11.092708625500407,1.084150975989143,6.438613773321209,-0.428003164616934
13.599999999999968,6,11.678491684298,0.8169131070866583,6.39749120214837,-0.371105331737849
13.599999999999968,7,12.274691507677588,0.5849107912403713,6.363300433842204,-0.3285230428180784
13.599999999999968,8,12.876990976889964,0.37960178753471285,6.334039583454408,-0.29533790200469867
13.699999999999967,0,8.996208741310939,2.646060858261981,6.667645365064172,-0.7287859087891106
13.699999999999967,1,9.49360408080246,2.202019391068191,6.643176400843593,-0.6411610293771892
13.699999999999967,2,10.02598975625552,1.804672701804129,6.6112575831506915,-0.5608414986161749
13.699999999999967,3,10.585840793895418,1.4530203384814993,6.572449450572623,-0.4895413828347755
13.699999999999967,4,11.16594426693884,1.1439548427864226,6.528756605245514,-0.42626243528908525
13.699999999999967,5,11.760556487398372,0.8739666188162164,6.4825575998758485,-0.37008130546747753
13.699999999999967,6,12.365180357055923,0.6394391085313076,6.437719665270203,-0.32150654085661545
13.699999999999967,7,12.976276129477545,0.435952510193552,6.396623099516261,-0.2802158154350342
13.699999999999967,8,13.591297883537871,0.2590021482524215,6.359381545638274,-0.24425202528123235
13.799999999999967,0,9.559006376756264,2.2885223708635616,6.643176400846494,-0.6423175903320497
13.799999999999967,1,10.090931856867812,1.8905610516102638,6.586811330546777,-0.598755189403197
13.799999999999967,2,10.635028376857075,1.5193186569691375,6.5294012447662855,-0.5383497966885937
13.799999999999967,3,11.195616745322614,1.1845433771061842,6.472536070359018,-0.4664210104313735
13.799999999999967,4,11.773735470413511,0.8934790561772353,6.417372737593705,-0.39305096323896294
13.799999999999967,5,12.366537675862979,0.6476889427430085,6.364889412782376,-0.3263417323382307
13.799999999999967,6,12.969433598138934,0.44364309647642997,6.31748936516194,-0.2707886014279133
13.799999999999967,7,13.578162133896226,0.27465410752553415,6.276178027670326,-0.2265512128716587
13.799999999999967,8,14.189743052849053,0.1336778095428108,6.23983021587674,-0.1902714564401548
13.899999999999967,0,10.121666081795457,1.935348210297447,6.58681133170386,-0.5988992400458812
13.899999999999967,1,10.665708151671952,1.5640275064759361,6.50663124096757,-0.5580540212610537
13.899999999999967,2,11.2176575494864,1.2194773059439685,6.430598680060578,-0.49648055013033976
13.899999999999967,3,11.78307811221064,0.9131647176943517,6.361043052433789,-0.4195842795739784
13.899999999999967,4,12.364005963579647,0.6540271725871982,6.298328434458552,-0.34086977186013445
13.899999999999967,5,12.9576015608543,0.44347019007318295,6.242219397687472,-0.27097645562053535
13.899999999999967,6,13.559052940225827,0.27638434827438774,6.193897685184137,-0.21501710846271088
13.899999999999967,7,14.164202042894793,0.14422985631291038,6.1532671408081985,-0.17238783440899785
13.899999999999967,8,14.770446470683863,0.038680884198024866,6.118282204219275,-0.1385264348308433
13.999999999999966,0,10.692777663893569,1.6071830167888845,6.506631238912194,-0.5581755734620737
13.999999999999966,1,11.244684968650585,1.2625660861421604,6.448355771007584,-0.4850603249605326
13.999999999999966,2,11.81513784809837,0.9619039810658404,6.386314479480156,-0.41158140317282577
13.999999999999966,3,12.400448719715673,0.7064123929145383,6.322095987265527,-0.34093897342050783
13.999999999999966,4,12.996307764557994,0.49501521679074845,6.257901127455547,-0.27597597103052063
13.999999999999966,5,13.598480758135159,0.32449311994742447,6.19618907358004,-0.21892770587509117
13.999999999999966,6,14.203369326165062,0.18992462907549484,6.140987418484325,-0.1715623076167927
13.999999999999966,7,14.808493389579128,0.08509038261032989,6.0946546538260105,-0.13362301684933514
13.999999999999966,8,15.41255038694736,0.0039004273602667645,6.05632156681229,-0.10244788077673654
14.099999999999966,0,11.287256587685906,1.342688572233118,6.448355771004803,-0.48576810633814343
14.099999999999966,1,11.857495387627635,1.0416227429424176,6.359049709894128,-0.4456128235322636
14.099999999999966,2,12.43130214146053,0.7675407426781331,6.273269218696968,-0.3869558448457816
14.099999999999966,3,13.012245952158388,0.5308057145511159,6.194035951634692,-0.3150753162486677
14.099999999999966,4,13.601158497093833,0.3388599525689524,6.122748514374846,-0.2412691803658589
14.099999999999966,5,14.195699560233335,0.19256597168182982,6.059834229660346,-0.17511379334418942
14.099999999999966,6,14.792416411393638,0.08699149952715463,6.005466539607017,-0.12144107907394777
14.099999999999966,7,15.388542597871238,0.014239671964875548,5.960965837692409,-0.08089975485249254
14.099999999999966,8,15.982694860856157,-0.03393170706180888,5.924760551646283,-0.049375730477039415
14.199999999999966,0,11.87913997022617,1.0867843241150439,6.359049709882115,-0.44573392678960955
14.199999999999966,1,12.452913527483885,0.8126328366734357,6.2552063496743,-0.402230741424897
14.199999999999966,2,13.028511707893067,0.5677591132529016,6.158496410944737,-0.3392267240120369
14.199999999999966,3,13.60926585738541,0.36283053825647515,6.072370207172787,-0.26333520330753196
14.199999999999966,4,14.195569754669961,0.2047655059023053,5.9975776348805265,-0.18774574794576698
14.199999999999966,5,14.78478826132056,0.09282388075842807,5.933626313869569,-0.12298834552345374
14.199999999999966,6,15.373669096845939,0.020031536928875597,5.879798302216323,-0.07365901617657836
14.199999999999966,7,15.960054976318814,-0.023238445766399104,5.836666790090698,-0.03960704404849018
14.199999999999966,8,16.543264512178794,-0.04634859316910315,5.802099668821625,-0.01570463135936069
14.299999999999965,0,12.474185926780867,0.8625178674915018,6.255206349667871,-0.4023883661077714
14.299999999999965,1,13.049745162652322,0.6175533152209465,6.208534416621347,-0.31648901983771904
14.299999999999965,2,13.639767561808235,0.4243234216660648,6.155818569534308,-0.24046859902546586
14.299999999999965,3,14.237669215037952,0.27771457044038633,6.098362705172789,-0.17648245224737577
14.299999999999965,4,14.838121885836497,0.17064211253224723,6.038677870934341,-0.124231623799365
14.299999999999965,5,15.437477086236372,0.09581469122070696,5.979275388045499,-0.08349786112982989
14.299999999999965,6,16.03347537943739,0.04595337798199016,5.922694176370909,-0.05385264496781245
14.299999999999965,7,16.625008852334823,0.01408417165406302,5.872625525341858,-0.03335221070749261
14.299999999999965,8,17.212027433205034,-0.005487795946802082,5.829572290361266,-0.01814378012626878
14.399999999999965,0,13.082896594929233,0.7184783299838187,6.208534416617806,-0.31771106360702894
14.399999999999965,1,13.672678156393204,0.5245280614215999,6.129107070684382,-0.27832427668279813
14.399999999999965,2,14.262002335580519,0.35613403254580345,6.051790168966459,-0.22572377295874763
14.399999999999965,3,14.851829401799629,0.22068780638635394,5.977405040564447,-0.1666353519039524
14.399999999999965,4,15.441290265138932,0.12154342613675562,5.908170256075007,-0.11168969893854976
14.399999999999965,5,16.02842602621722,0.055692360005217545,5.845436242509567,-0.06790209558332286
14.399999999999965,6,16.611622595886942,0.016031116687855246,5.789833759199265,-0.03751087007849953
14.399999999999965,7,17.190198687475572,-0.005681960778187096,5.741474840357862,-0.018145157683540046
14.399999999999965,8,17.76425165666962,-0.01609938573553552,5.700287204850259,-0.004923418224510364
14.499999999999964,0,13.68616451824268,0.5717581545157999,6.129107070680002,-0.27844753447885684
14.499999999999964,1,14.275467935900169,0.4032914884104495,6.036705018308568,-0.23871896606088194
14.499999999999964,2,14.862019373869193,0.26054868940651965,5.9494508091484235,-0.18710342724104162
14.499999999999964,3,15.446580976906036,0.14988077057703347,5.86852419128995,-0.13151049043029628
14.499999999999964,4,16.02836593455457,0.07292581036967208,5.795612643811497,-0.08263401564120601
14.499999999999964,5,16.60595000480151,0.02508887824260509,5.73130234886009,-0.0461879560404215
14.499999999999964,6,17.17847023341542,-0.0013733099068895542,5.675487049497738,-0.02218810324474866
14.499999999999964,7,17.745881020048856,-0.013964933256306166,5.627664366952931,-0.007660096404264744
14.499999999999964,8,18.308632589604038,-0.018275547836834355,5.587307903582563,0.001785074582068887
14.599999999999964,0,14.28714836473255,0.4514337918932379,6.036705018300351,-0.23884870030750346
14.599999999999964,1,14.873681264106352,0.30861490845696227,5.922930715347029,-0.20365500932934105
14.599999999999964,2,15.4537339600626,0.18882354636282705,5.818835132290223,-0.15666811421431637
14.599999999999964,3,16.02849093377121,0.09803342627853476,5.726495498300993,-0.1064549537386378
14.599999999999964,4,16.597898760677293,0.037187111060038885,5.647271759484848,-0.06343619418660683
14.599999999999964,5,17.16149011348366,0.0013869750350703372,5.581046268153539,-0.03189856445869622
14.599999999999964,6,17.719310875624455,-0.016412753214217923,5.526831825285701,-0.01160299537785746
14.599999999999964,7,18.27195690078443,-0.022825398315724093,5.482783832029728,0.00018479085640999197
14.599999999999964,8,18.820235342387814,-0.022724090670253924,5.445554830894723,0.007383405499104838
14.699999999999964,0,14.882510314785486,0.35162284583927383,5.9229307153351805,-0.20374806149836044
14.699999999999964,1,15.462551846824633,0.23177750964038424,5.84679413700751,-0.15114469909489547
14.699999999999964,2,16.040566894945847,0.14374223934783864,5.769306185103,-0.10471498365502216
14.699999999999964,3,16.61434088645147,0.08343906276120061,5.691218086992494,-0.06873811845075183
14.699999999999964,4,17.18212185354936,0.044349442641351405,5.6161036440685965,-0.042886896316841186
14.699999999999964,5,17.743216749258842,0.02027115676269209,5.547211518394883,-0.025377840756055883
14.699999999999964,6,18.297759296957253,0.006195029089761566,5.487131296542142,-0.01413688674324244
14.699999999999964,7,18.846418795004993,-0.0015619443694852488,5.437204210368378,-0.007118895603005777
14.699999999999964,8,19.390128476628156,-0.005432813824956912,5.395927882518626,-0.002301976978605056
14.799999999999963,0,15.472234191809429,0.2965153822186104,5.846794137000263,-0.15146173168020638
14.799999999999963,1,16.050219952634098,0.2082970284689071,5.7613765996643025,-0.12165231089854549
14.799999999999963,2,16.62209966431893,0.13838124049015044,5.676674243226179,-0.09188572797680786
14.799999999999963,3,17.187372629249708,0.08629357546785169,5.593653339885995,-0.06560479129491281
14.799999999999963,4,17.74553538509963,0.04962174905615833,5.515522762812964,-0.04449471451603166
14.799999999999963,5,18.29654262831648,0.025087330295790123,5.445025311819419,-0.028829076206749158
14.799999999999963,6,18.840819347212996,0.009390949947922625,5.384274663400903,-0.017971133449716174
14.799999999999963,7,19.379159904222476,-0.00028498918925681896,5.334219837721935,-0.010732054688965518
14.799999999999963,8,19.912551328302307,-0.006008988175459711,5.2930555368888115,-0.005531583759454398
14.899999999999963,0,16.054660557767026,0.24523628230496922,5.761376599656402,-0.12171263494090391
14.899999999999963,1,16.626536042216145,0.17528605525664281,5.666528768784591,-0.10256773393184013
14.899999999999963,2,17.19021090683846,0.1172676104855346,5.576165976696308,-0.08031746467101317
14.899999999999963,3,17.746029910863605,0.07252939000469714,5.491276235145596,-0.05819725506627809
14.899999999999963,4,18.294227993300026,0.04058964587976224,5.412230124762367,-0.039475479147867885
14.899999999999963,5,18.83502977818317,0.019230025727987137,5.341457725775594,-0.025277823751361513
14.899999999999963,6,19.369005640576106,0.005729237802323879,5.280782552762455,-0.015398736327156033
14.899999999999963,7,19.897022199079572,-0.002402381876002257,5.230942193689655,-0.008870362831218961
14.899999999999963,8,20.420096729055928,-0.0070425503280901885,5.190014776443345,-0.004249599728539786
14.999999999999963,0,16.62894637321143,0.1990799559828974,5.666528768772412,-0.10258421809864196
14.999999999999963,1,17.192620272572594,0.14105221478009436,5.56909103677553,-0.08571162425761908
14.999999999999963,2,17.747484970833277,0.09337705505930435,5.476976491419736,-0.06658066259104552
14.999999999999963,3,18.293969104525665,0.05693791909719658,5.39116014662663,-0.0478721814706982
14.999999999999963,4,18.832467480482666,0.03113911590025465,5.31176177344539,-0.0321913295827569
14.999999999999963,5,19.363368485398716,0.014042799556471745,5.240958915231728,-0.020393637529347954
14.999999999999963,6,19.8873555061759,0.0033553140647210188,5.180372355118273,-0.012250086526473095
14.999999999999963,7,20.405354105072234,-0.002990534537346226,5.130618756253801,-0.006916713589509631
14.999999999999963,8,20.918404038992705,-0.00653921470833603,5.089741399187152,-0.003172850962073349
15.099999999999962,0,17.19438853462011,0.16205771954515769,5.5690910367611375,-0.08572329534261011
15.099999999999962,1,17.749252672967753,0.11437608401009762,5.464774578418408,-0.0725760226847669
15.099999999999962,2,18.29429154701295,0.07474973200653362,5.368747334038811,-0.0568522155981614
15.099999999999962,3,18.8302988862175,0.0442436538590516,5.282468557599646,-0.04079580614894156
15.099999999999962,4,19.358106224494563,0.02269937444502689,5.205115197714798,-0.026908567045556855
15.099999999999962,5,19.878429358600783,0.0086948421149576,5.13589739323197,-0.016455049636769234
15.099999999999962,6,20.391949741092027,0.00024407167728910143,5.076387620573269,-0.00934128699743822
15.099999999999962,7,20.899566694728396,-0.004497867969096017,5.027255825095467,-0.0047911034956759
15.099999999999962,8,21.4022869707621,-0.006906478282607891,4.986707563891826,-0.0016743864990889567
15.199999999999962,0,17.750417689228012,0.13076346193993177,5.464774578400879,-0.07258173511814695
15.199999999999962,1,18.29545632843601,0.09113399661793428,5.42258021791285,-0.05531091674036486
15.199999999999962,2,18.83688552061617,0.06115647853057811,5.374555886628247,-0.04013034460896679
15.199999999999962,3,19.37390924466098,0.03959396330407598,5.320206836041512,-0.0278380416026281
15.199999999999962,4,19.90572420135267,0.02478545789394998,5.260886600771851,-0.01851455213894848
15.199999999999962,5,20.431722712561815,0.015045716580747479,5.1986834590168325,-0.011876576226896075
15.199999999999962,6,20.951555618273183,0.008871574820028864,5.136462016101602,-0.007448680710927002
15.199999999999962,7,21.465191450478404,0.005045558016176182,5.078971946338346,-0.004559560137678629
15.199999999999962,8,21.973089672021366,0.002729694745248111,5.027909538663954,-0.0024841670861457045
15.299999999999962,0,18.296595883579663,0.11268051640982346,5.422580217900123,-0.05532379251127684
15.299999999999962,1,18.838024267210926,0.08269604726056849,5.371259284996379,-0.04541882736400007
15.299999999999962,2,19.3745971238993,0.05830882464647684,5.315409741319961,-0.035335739451982096
15.299999999999962,3,19.905806755950785,0.03953040265925173,5.254725205326687,-0.025828079619492444
15.299999999999962,4,20.431104516734788,0.025959841738377364,5.19038957852627,-0.01768057222730004
15.299999999999962,5,20.950069759777925,0.01678275750172191,5.12424840172878,-0.011383571877451424
15.299999999999962,6,21.462482937235563,0.010948356304143772,5.058951576491445,-0.007021082898897077
15.299999999999962,7,21.968399637733082,0.007394751067967704,4.9990839125006605,-0.004164107525067106
15.299999999999962,8,22.468341722567857,0.005311348679355536,4.946120136121445,-0.0021392934271404845
15.399999999999961,0,18.838567668081577,0.09506382079155234,5.371259284981386,-0.045420673444460935
15.399999999999961,1,19.37513963705303,0.07067558703969617,5.302664120614992,-0.03830155827094331
15.399999999999961,2,19.90501726175976,0.05037052120079881,5.232813664308135,-0.030653069028916666
15.399999999999961,3,20.42805291606323,0.03433285514210434,5.162258634394034,-0.023162260548768555
15.399999999999961,4,20.94414031694768,0.02237696459385638,5.0921564598670415,-0.01656908016640806
15.399999999999961,5,21.45328662744624,0.01394008759677318,5.023878255484979,-0.011305182395313038
15.399999999999961,6,21.955644580375733,0.008260553698181008,4.958917814592894,-0.007464263034810705
15.399999999999961,7,22.45152686504015,0.00455902135646403,4.898894329884575,-0.004840661641113345
15.399999999999961,8,22.94141599333821,0.002187536242929058,4.845532315752992,-0.0029255431898939158
15.499999999999961,0,19.375470013657306,0.07956752014150817,5.302664120597639,-0.038302462864891695
15.499999999999961,1,19.90534750269645,0.05926197639431256,5.191296745618349,-0.03330857101292163
15.499999999999961,2,20.424189227724476,0.041973705966782085,5.085188267780749,-0.027438716907464546
15.499999999999961,3,20.932516639749192,0.02802235263718039,4.986747623224514,-0.021342932539008336
15.499999999999961,4,21.431077828848537,0.017379978835903004,4.89741745714323,-0.015804641015730765
15.499999999999961,5,21.92075841149694,0.009640108502425207,4.818386070630111,-0.011292860681307238
15.499999999999961,6,22.402566297120238,0.004198887705176258,4.7506924066821,-0.007922795179269738
15.499999999999961,7,22.877620631528075,0.0004350505237759242,4.6946980932535425,-0.005529470604971585
15.499999999999961,8,23.347083267551138,-0.0021608560130692814,4.648281924534812,-0.0037333142738377703
15.59999999999996,0,19.90554981361427,0.06550073747187997,5.191296745598226,-0.03330891698466517
15.59999999999996,1,20.424391532462444,0.04821228751828352,5.086727276070375,-0.028199423581562237
15.59999999999996,2,20.932862024902338,0.03386991082180308,4.986227542324677,-0.022731511509289093
15.59999999999996,3,21.431355963282734,0.022536437993319884,4.891861564854163,-0.017418823571909128
15.59999999999996,4,21.92046791136647,0.01401582149564445,4.805084661857949,-0.01278587440442744
15.59999999999996,5,22.400937102788433,0.00787226798404932,4.727268027434352,-0.009105522565272695
15.59999999999996,6,22.87364431062813,0.0035679028926513703,4.659731525384841,-0.006397338388458284
15.59999999999996,7,23.33960793723658,0.0005869352621422598,4.603183159442448,-0.004488402420042532
15.59999999999996,8,23.799921636440594,-0.0014791516876583024,4.555880298834471,-0.003058412949730506
15.69999999999996,0,20.42456495419969,0.05459643725142271,5.0867272760484,-0.028199809857869775
15.69999999999996,1,20.933035440162158,0.04025386416039166,4.989059028933651,-0.023683955884564477
15.69999999999996,2,21.43180142540071,0.028438903392175568,4.894091521297797,-0.01899948983333443
15.69999999999996,3,21.921122247469683,0.019140938607845888,4.803533031402697,-0.01455130213887718
15.69999999999996,4,22.401424700092946,0.01215141914721269,4.718898073631776,-0.01072331660687333
15.69999999999996,5,22.873287399770923,0.007091291959663851,4.64180238831087,-0.0077015635913778024
15.69999999999996,6,23.33745393873731,0.003516412957602054,4.573906901326524,-0.005480573212522925
15.69999999999996,7,23.794837879380996,0.0010096613934872133,4.516314550836238,-0.003910265193094809
15.69999999999996,8,24.246466041351148,-0.0007563338377561417,4.467682186314775,-0.0027281851614050414
15.79999999999996,0,20.933163286896946,0.04589697328612571,4.9890590289114805,-0.023684233656418356
15.79999999999996,1,21.4319292681354,0.034081873974083396,4.898243677550878,-0.019862920608482465
15.79999999999996,2,21.921657013803866,0.024353171195687195,4.808607690710119,-0.015958192284535065
15.79999999999996,3,22.402456556079393,0.016679828272532234,4.721497439500876,-0.012287972127207319
15.79999999999996,4,22.874570663236817,0.010878211178289085,4.63852982161106,-0.00914258384929094
15.79999999999996,5,23.338404303007977,0.006637454793873322,4.561621122290807,-0.006658200944098379
15.79999999999996,6,23.79455641247166,0.0036002570046211723,4.49282758346639,-0.004823820059921969
15.79999999999996,7,24.243834123459926,0.0014330046675791867,4.433690108485587,-0.0035164144981191152
15.79999999999996,8,24.687200619147816,-0.000126062926112351,4.383280553919013,-0.0025239766260735552
15.89999999999996,0,21.43201952530495,0.03885749853049352,4.898243677528406,-0.019863095535344016
15.89999999999996,1,21.921747268629517,0.029128710078251446,4.814104946384168,-0.016677755425213943
15.89999999999996,2,22.403090814485875,0.021100235787325394,4.729495620341493,-0.013453120166017801
15.89999999999996,3,22.8759975794048,0.0147377804077075,4.645397756199315,-0.010438389517895668
15.89999999999996,4,23.340512058370102,0.00988882111276497,4.563570682778349,-0.007856285679241262
15.89999999999996,5,23.7968550945024,0.006303585787897704,4.486282190619926,-0.005810035856975253
15.89999999999996,6,24.24547586278232,0.0036970531788578405,4.416032973580593,-0.004288927826356744
15.89999999999996,7,24.687075292434393,0.0018030527611616878,4.354840252637534,-0.0031941857729261627
15.89999999999996,8,25.12255733295256,0.00041203667418588204,4.302201999094501,-0.002355355083342986
15.99999999999996,0,21.921810170307637,0.033109789860595935,4.814104946361317,-0.01667786050818755
15.99999999999996,1,22.403153714764102,0.02508126498065763,4.736360727488195,-0.014035653237007072
15.99999999999996,2,22.87674313637423,0.01843369157145671,4.656387325948934,-0.011379088903630057
15.99999999999996,3,23.34235172408534,0.01313526136594581,4.574802963959163,-0.00890346751831327
15.99999999999996,4,23.79981390023117,0.009062154014167788,4.493546569028313,-0.006781008120388074
15.99999999999996,5,24.249158278629658,0.006015099172414558,4.415284041555611,-0.005091527614042444
15.99999999999996,6,24.690681079983833,0.0037670537601688318,4.343005393980112,-0.0038262070166316248
15.99999999999996,7,25.124978627767547,0.0021053327146354217,4.2792387736038755,-0.0029063399644608133
15.99999999999996,8,25.552900922199825,0.0008616408597847664,4.223915948354184,-0.0021949174553668083
16.09999999999996,0,22.403197466585734,0.028383676105957933,4.736360727464585,-0.014035715312497287
16.09999999999996,1,22.876786887326187,0.021736073291406005,4.664641863462453,-0.011845835402891053
16.09999999999996,2,23.34321834709506,0.016210544549148734,4.588842828169908,-0.009656088995286388
16.09999999999996,3,23.80208123810006,0.011779585918034147,4.509220571958275,-0.007619687625964063
16.09999999999996,4,24.25299021772779,0.00834373377226224,4.427928209070396,-0.005870633193471295
16.09999999999996,5,24.695775459459366,0.005744273966404062,4.348072717403383,-0.004471555956116997
16.09999999999996,6,25.13057849767749,0.003800014536677584,4.273174914565367,-0.0034157964026240643
16.09999999999996,7,25.557893669406624,0.0023403867517730907,4.206305705736354,-0.0026407623167798437
16.09999999999996,8,25.97852297718058,0.0012296016067401589,4.147835868255244,-0.0020360924120371767
16.19999999999996,0,22.87681739705409,0.02447321894838086,4.664641863436522,-0.011845871909234787
16.19999999999996,1,23.343248856263326,0.018947673172483456,4.571062669124892,-0.01021172590929335
16.19999999999996,2,23.800331290957153,0.01427991038386927,4.475580295489008,-0.008530024659238666
16.19999999999996,3,24.24787304053423,0.01046227562034693,4.379320270450148,-0.006930080037956303
16.19999999999996,4,24.685794557983364,0.007427395830501116,4.284924997407314,-0.005535292703070687
16.19999999999996,5,25.11428050528231,0.005055576401240132,4.195946789312795,-0.004405427586993384
16.19999999999996,6,25.53387112796232,0.0032070882532544984,4.116351828067183,-0.003537228298216153
16.19999999999996,7,25.94550375024388,0.0017510435353590326,4.049424547456592,-0.0028794419350844213
16.19999999999996,8,26.350444537028718,0.0005850367571823311,3.994752751992222,-0.002345484428270853
16.29999999999996,0,23.343268580809724,0.02099024578836807,4.571062669095236,-0.010211741551098715
16.29999999999996,1,23.800351015195837,0.016322475851682554,4.466123843069472,-0.008910136251067406
16.29999999999996,2,24.24694567208183,0.01234315130803455,4.361178190223912,-0.007550655539462319
16.29999999999996,3,24.683051060333696,0.00905020716665945,4.258297250371628,-0.006232429081393634
16.29999999999996,4,25.108872517208617,0.006396270773407419,4.160704238489879,-0.005054850850827609
16.29999999999996,5,25.52493762885794,0.004293105773679841,4.072175895225069,-0.004068916704968619
16.29999999999996,6,25.93215185220931,0.002636175867424086,3.995961679938589,-0.003280949457561941
16.29999999999996,7,26.331745875896303,0.0013251233609869225,3.9319125022041095,-0.0026726451269979915
16.29999999999996,8,26.724935728976114,0.00027426390693367075,3.8779394276675894,-0.0021835868879930224
16.399999999999963,0,23.800364734122567,0.01794941692198904,4.466123843038138,-0.008910144488409929
16.399999999999963,1,24.246959390841177,0.013970088698007255,4.367173871180682,-0.007725103227812819
16.399999999999963,2,24.683663747773895,0.010596435355563396,4.267383296160142,-0.006523097932911064
16.399999999999963,3,25.11039299918565,0.007812799180695931,4.16893451707978,-0.005376511642066928
16.399999999999963,4,25.527280426364108,0.0055713774814715915,4.075307280430241,-0.00435313818107857
16.399999999999963,5,25.934807294851957,0.0037973455073503594,3.9899416611004876,-0.0034904560862882308
16.399999999999963,6,26.333799034206287,0.002404676710436246,3.913733727466873,-0.002807253633411294
16.399999999999963,7,26.725170870815813,0.0013059938184006577,3.8478404377358615,-0.002286125564404913
16.399999999999963,8,27.109953916671166,0.00042632993260945877,3.791263453898429,-0.0018706964160394338
16.499999999999964,0,24.246970132349087,0.01545134521458176,4.367173871152039,-0.007725109749262745
16.499999999999964,1,24.6836744889854,0.012077689021907046,4.212270700858278,-0.00728601689402092
16.499999999999964,2,25.104890379229595,0.009008648626675332,4.071806673361499,-0.00654984580971084
16.499999999999964,3,25.51206231339861,0.006341697108887748,3.9502849641093034,-0.005603597543322755
16.499999999999964,4,25.90708460880493,0.004128127983070019,3.8483004886092567,-0.004610867283086101
16.499999999999964,5,26.291910568263635,0.0023537339907165346,3.7630269724368586,-0.003715001371049612
16.499999999999964,6,26.668210670199027,0.000955772172528255,3.6925206858926223,-0.0029896450129214287
16.499999999999964,7,27.03746108987115,-0.00014815878589809661,3.6352280893614193,-0.002438771465913271
16.499999999999964,8,27.40098281874337,-0.0010347069581425812,3.588032232653769,-0.0020065115708809127
16.599999999999966,0,24.683678384404644,0.012626540950801351,4.212270700826247,-0.007286017238223094
16.599999999999966,1,25.104894274443524,0.009557500408776797,4.084224618923488,-0.006353348491058165
16.599999999999966,2,25.51330849466141,0.0069626676335274446,3.9651506759275814,-0.005362117373424437
16.599999999999966,3,25.909817864976702,0.004836517492517736,3.8584737343283746,-0.004381112284488273
16.599999999999966,4,26.295661541089363,0.003146082242804247,3.7653273930442017,-0.0034917668365426133
16.599999999999966,5,26.672191994119483,0.001831320404466666,3.6839600280821108,-0.0027550902624400796
16.599999999999966,6,27.04058661054975,0.0008163574841890147,3.613733946862991,-0.002189376962980781
16.599999999999966,7,27.40195915184042,2.5175577614759715e-05,3.554453253106634,-0.001773226519981099
16.599999999999966,8,27.757403930236777,-0.0006051091176496752,3.504287751777712,-0.001451443385470473
16.699999999999967,0,25.104901155589417,0.01072331281414324,4.084224618888861,-0.006353351964133728
16.699999999999967,1,25.513315375045337,0.008128478618664633,3.9765557210518807,-0.005451888409188546
16.699999999999967,2,25.910965038006655,0.005960515553619381,3.8749578086211134,-0.004534176924261881
16.699999999999967,3,26.29845683610756,0.0042035471460523405,3.7816630570623264,-0.0036552734908541274
16.699999999999967,4,26.676620616193436,0.0028212489520367014,3.6954285003710567,-0.002885260621431468
16.699999999999967,5,27.046161929197265,0.0017550229981742789,3.6160761951571105,-0.002263870684538506
16.699999999999967,6,27.407768624037313,0.0009363908076990625,3.544471092504341,-0.001795439275138771
16.699999999999967,7,27.762215165092165,0.00030000288766151846,3.4818352957483985,-0.0014550714622251692
16.699999999999967,8,28.110398330199224,-0.00020662885208921599,3.4275774628067635,-0.001193582731529572
16.79999999999997,0,25.51332097997242,0.009255290908989362,3.9765557210125952,-0.005451891840586861
16.79999999999997,1,25.91097064288755,0.007087326478158552,3.8624109985333255,-0.004703814690436464
16.79999999999997,2,26.297207470429214,0.005270526617886627,3.753452071597728,-0.00395707009914402
16.79999999999997,3,26.672549739482292,0.003785263197612277,3.652257422147101,-0.0032530983108576815
16.79999999999997,4,27.037773550124516,0.0025971500474004042,3.5584200134768693,-0.0026418621417450953
16.79999999999997,5,27.393614311025484,0.0016570656280090884,3.4729013831324846,-0.002149615701512945
16.79999999999997,6,27.740903648624226,0.0009105258673716987,3.397793119593999,-0.0017758908305560948
16.79999999999997,7,28.08068242658696,0.000307115218950456,3.3352915847645286,-0.001498728902741723
16.79999999999997,8,28.414211212032086,-0.00019275438425096685,3.2846734823072428,-0.0012794004050321025
16.89999999999997,0,25.91097464168451,0.008022412430617624,3.862410998484654,-0.004703816757833063
16.89999999999997,1,26.29721146920288,0.006205611770734063,3.7594249326775837,-0.004039246992900182
16.89999999999997,2,26.673150896286437,0.004687091314105062,3.6583534187035105,-0.003397737344268817
16.89999999999997,3,27.03898412701455,0.003444081302551518,3.561508998130756,-0.0028098107048939447
16.89999999999997,4,27.395133621968643,0.0024433660077331698,3.469285407357306,-0.0023072147901508147
16.89999999999997,5,27.742061240902988,0.0016429280562169277,3.383846335192783,-0.001903825568431282
16.89999999999997,6,28.08044526330582,0.0009987031263380334,3.308388561753566,-0.0015949391618689504
16.89999999999997,7,28.41128370113001,0.0004710355001766668,3.245439424497454,-0.0013618472399966706
16.89999999999997,8,28.735827345571938,2.90563628158387e-05,3.1922532742116387,-0.0011763678717337047
16.99999999999997,0,26.297214483549805,0.00703631707096775,3.759424932623763,-0.004039248528576772
16.99999999999997,1,26.67315391064236,0.005517796035997976,3.6777820868784663,-0.0034354111394975084
16.99999999999997,2,27.04092994977746,0.004254329165685967,3.5924575486287673,-0.002871833494259689
16.99999999999997,3,27.40017422400254,0.003222636591352146,3.5047984414921274,-0.002371859148383829
16.99999999999997,4,27.750653084006004,0.0023913485437107107,3.415878217161624,-0.0019540475520754517
16.99999999999997,5,28.09224025650732,0.0017238701174553527,3.3292015088693936,-0.001623247108005522
16.99999999999997,6,28.425159972980634,0.0011834586771148374,3.249499784181875,-0.0013714228279288617
16.99999999999997,7,28.750109650859617,0.0007378149924003067,3.180786433271274,-0.0011812246836565873
16.99999999999997,8,29.06818807804993,0.00036209272909218165,3.121427089177753,-0.001029335948399442
17.099999999999973,0,26.673156201268842,0.006272588163607561,3.6777820868309314,-0.003435412350670594
17.099999999999973,1,27.040932240099366,0.005009120847040774,3.544023214963954,-0.0031841937906931326
17.099999999999973,2,27.395332765316294,0.003880637082199464,3.421070797501992,-0.0028681660041670566
17.099999999999973,3,27.73743843856174,0.0028994185317459645,3.3100749964883516,-0.002517289965027511
17.099999999999973,4,28.06844489018459,0.0020661775548878854,3.2113215949744105,-0.002176099474246582
17.099999999999973,5,28.389576290027716,0.0013673625834254518,3.12560342769535,-0.0018752997397581117
17.099999999999973,6,28.702136083679406,0.000781218598055791,3.053777147383885,-0.0016278572388817598
17.099999999999973,7,29.007513394433655,0.0002841074946813584,2.9938880995897224,-0.0014333910177035001
17.099999999999973,8,29.306901897365616,-0.00014503358858714547,2.943391789558135,-0.0012757949022309026
17.199999999999974,0,27.04093318520355,0.005323142540444883,3.544023214917697,-0.003184193883024369
17.199999999999974,1,27.39533371051105,0.004194658742059534,3.4397397833127936,-0.0028001117112029916
17.199999999999974,2,27.739306340872062,0.0032314944351101932,3.3391709147452326,-0.002414862488429488
17.199999999999974,3,28.07322245976835,0.002425131359760387,3.2421410520711795,-0.002052675234251518
17.199999999999974,4,28.39743588337199,0.0017596255620011094,3.1498189772541556,-0.001736130040239724
17.199999999999974,5,28.712417307962582,0.0012127763013215095,3.0646465866189723,-0.001476034663511166
17.199999999999974,6,29.018881634138218,0.0007604240059471622,2.989325715921112,-0.0012720922170177005
17.199999999999974,7,29.31781396524966,0.0003801543108122572,2.9236135916677326,-0.00111666836763573
17.199999999999974,8,29.61017514325466,5.368369731311189e-05,2.866528482397481,-0.0009927031129265507
17.299999999999976,0,27.395334914354223,0.004674759635048023,3.439739783266468,-0.0028001120508637416
17.299999999999976,1,27.739307544725367,0.003711595210759384,3.352197292506393,-0.002432750184411278
17.299999999999976,2,28.07452628242713,0.0028960901567266803,3.2642700969192484,-0.0020780261154974373
17.299999999999976,3,28.400952587978654,0.0022177667939204055,3.1753385061650574,-0.0017545771896183542
17.299999999999976,4,28.71848595056484,0.001660629428510921,3.087311148697485,-0.0014766122966473748
17.299999999999976,5,29.027216729586677,0.0012047534334778459,3.003011970911216,-0.0012499975950955155
17.299999999999976,6,29.32751769323706,0.0008293777568739,2.923244125791042,-0.0010747701374546894
17.299999999999976,7,29.619841938412886,0.0005151962680862284,2.8503942424882043,-0.0009432439166145593
17.299999999999976,8,29.904881237323558,0.0002463346049647435,2.785413163571768,-0.0008395551352197292
17.399999999999977,0,27.73930852374467,0.004170796193406002,3.352197292467601,-0.0024327505122514618
17.399999999999977,1,28.07452726141092,0.003355291028794052,3.2022710852936607,-0.002279801842840825
17.399999999999977,2,28.394753538105423,0.0026252373088010827,3.0657187262612604,-0.002091996605493049
17.399999999999977,3,28.701324740514323,0.001983890459737029,2.944543120739569,-0.0018855146777693292
17.399999999999977,4,28.995778529890167,0.0014286928614278289,2.8394231709574664,-0.0016842863695209446
17.399999999999977,5,29.279720444875952,0.0009504529131722902,2.7508420951206762,-0.0015050975745113714
17.399999999999977,6,29.55480434374215,0.0005364244929626383,2.6770962920034336,-0.0013567201972094279
17.399999999999977,7,29.82251372754733,0.0001732175434389473,2.6180463492577033,-0.001238390265534857
17.399999999999977,8,30.084318162467984,-0.00015099868501454374,2.5716639442076117,-0.0011403996938324171
17.49999999999998,0,28.074527672378682,0.003546476401926579,3.2022710852540985,-0.002279801867995062
17.49999999999998,1,28.394753949165764,0.0028164226733501767,3.0764909756925283,-0.002041943432518454
17.49999999999998,2,28.70240240575251,0.00218822105535826,2.9578876008100505,-0.0018069466505826902
17.49999999999998,3,28.998190683609298,0.0016537468368102326,2.847646614581279,-0.0015877012367673062
17.49999999999998,4,29.28295498684356,0.0012016258215334572,2.7477303141115708,-0.0013956542323885473
17.49999999999998,5,29.557727751127896,0.0008181378017876058,2.6605433311210565,-0.0012360375857749621
17.49999999999998,6,29.823781881577034,0.0004892847299771804,2.5860901880753837,-0.001109349625372538
17.49999999999998,7,30.082390741607043,0.00020239697078427358,2.525172689735983,-0.0010107774944064856
17.49999999999998,8,30.334907881980286,-5.2841757992055324e-05,2.4739445193929743,-0.0009307836624947891
17.59999999999998,0,28.394754489264926,0.0031137451341551907,3.0764909756533108,-0.002041943533606155
17.59999999999998,1,28.70240294596659,0.002485543484607819,2.976674299857136,-0.0017915823066928713
17.59999999999998,2,29.00006989859793,0.0019522480688613038,2.8783056492579377,-0.0015564397871979
17.59999999999998,3,29.287900115407346,0.001504257306492253,2.781559620064545,-0.0013469014527413914
17.59999999999998,4,29.566055825501486,0.0011296087504839116,2.6884636926609122,-0.0011695804918993719
17.59999999999998,5,29.834902011509648,0.0008151713534069006,2.5996329738299817,-0.0010273334830979346
17.59999999999998,6,30.094865172350435,0.0005481024006760662,2.518338717011753,-0.0009180622014769645
17.59999999999998,7,30.346698938361506,0.0003169032746049693,2.4480748915866375,-0.0008353561955779917
17.59999999999998,8,30.591506342628612,0.000112401845792699,2.386813657101235,-0.0007694600915231249
17.69999999999998,0,28.702403425532236,0.0027984945289644134,2.976674299822349,-0.001791582436886133
17.69999999999998,1,29.000070378172786,0.0022651990739999683,2.8486042391070656,-0.0016440889782899923
17.69999999999998,2,29.28493041740378,0.0017968634014922746,2.7298421817850524,-0.0014910269179965576
17.69999999999998,3,29.55791433263847,0.0013898367347791208,2.621579072844923,-0.0013408593151431518
17.69999999999998,4,29.820072004644448,0.001038319968095652,2.5244918741249895,-0.0012038574804595298
17.69999999999998,5,30.072521009732785,0.0007344071988139146,2.4371734450535896,-0.0010874828170076784
17.69999999999998,6,30.31623821073156,0.0004693688267220399,2.3608387160429034,-0.0009939855889496032
17.69999999999998,7,30.552321966073507,0.00023470489926727089,2.297165755625696,-0.000920716840549879
17.69999999999998,8,30.782038444677635,2.320100962188731e-05,2.242800287874962,-0.0008610714699811503
17.799999999999983,0,29.000070651738074,0.002449565668331482,2.848604239068049,-0.0016440890070625828
17.799999999999983,1,29.28493069111718,0.001981229987242271,2.7431368715041238,-0.0014674583035812127
17.799999999999983,2,29.559244083254402,0.0015786862335464406,2.6403341493254158,-0.0013004181485901112
17.799999999999983,3,29.823277275438322,0.0012353324856666523,2.540530983698029,-0.0011500203359562549
17.799999999999983,4,30.077330206168305,0.0009431663205242615,2.4457439576744946,-0.0010212168209000677
17.799999999999983,5,30.321904474921695,0.0006934028770208937,2.3561961431647216,-0.0009163952373860539
17.799999999999983,6,30.557523990684416,0.00047748221486331805,2.274157069552488,-0.0008346645755424436
17.799999999999983,7,30.784939618982825,0.0002876664024320946,2.199491754414322,-0.0007725286510370965
17.799999999999983,8,31.00488872926646,0.0001177493796480072,2.1325621261476995,-0.0007231357739016411
17.899999999999984,0,29.28493096880871,0.0022020181428563943,2.7431368714687867,-0.001467458356873192
17.899999999999984,1,29.55924436115562,0.0017994743741747091,2.6393929090397124,-0.0013049379132229278
17.899999999999984,2,29.823183427716124,0.0014550500842669808,2.5339896804322164,-0.00115695311289302
17.899999999999984,3,30.076582226686664,0.0011618794247560279,2.427174543775987,-0.001029185790129804
17.899999999999984,4,30.319299552888694,0.0009120781138058033,2.3227427502227886,-0.0009237314272998148
17.899999999999984,5,30.55157372933936,0.0006975190967578127,2.223176987332744,-0.0008403220976649011
17.899999999999984,6,30.773891349946936,0.000510700643844733,2.1334560037468275,-0.0007764069902988228
17.899999999999984,7,30.987236886494422,0.00034505764508471293,2.055490253699074,-0.0007279553819796519
17.899999999999984,8,31.19278585760954,0.00019542713916176867,1.9904628889316605,-0.0006890711214325286
17.999999999999986,0,29.55924458368633,0.0020026247650127725,2.639392909011917,-0.0013049379580389704
17.999999999999986,1,29.823183650301022,0.0016582004629281649,2.5134257528360777,-0.0012039206296368368
17.999999999999986,2,30.074526043766596,0.0013556040243715606,2.392389780034648,-0.0011058269083175885
17.999999999999986,3,30.313764875988788,0.0010910471788557734,2.277340366765994,-0.001015039492608717
17.999999999999986,4,30.541498795698985,0.000859888177509956,2.170888779892925,-0.0009354902401565762
17.999999999999986,5,30.7585875791984,0.0006568036805351556,2.073776592082438,-0.0008694085592209723
17.999999999999986,6,30.965965160367904,0.0004765077913621374,1.9892257781713807,-0.0008166841913092879
17.999999999999986,7,31.164887672285197,0.00031405088486919795,1.917614116960438,-0.0007754082073665743
17.999999999999986,8,31.356649026497923,0.00016535752738827686,1.859049140326586,-0.0007416092919437646
18.099999999999987,0,29.82318378514337,0.0017844720410188327,2.513425752804322,-0.0012039206414836577
18.099999999999987,1,30.074526178815248,0.0014818755991849607,2.4036940541119804,-0.0010762918584560886
18.099999999999987,2,30.31489544537981,0.0012231680149121112,2.2875063939209834,-0.0009623676319857091
18.099999999999987,3,30.54364597935629,0.0010030258377007441,2.1634543708016736,-0.0008664638437385705
18.099999999999987,4,30.759991335582306,0.0008155703621542472,2.0354033118912445,-0.0007896221579426154
18.099999999999987,5,30.963531603820254,0.0006548504233054881,1.9064698015336266,-0.000730831691466968
18.099999999999987,6,31.15417853339521,0.0005155195807268125,1.7835797016901656,-0.0006874355640683768
18.099999999999987,7,31.33253646185663,0.00039290997856849727,1.6711086043939707,-0.0006557982730692794
18.099999999999987,8,31.49964728652365,0.00028331897279237987,1.5754859081027153,-0.0006313352418637096
18.19999999999999,0,30.074526319739018,0.0016414114913877668,2.4036940540866443,-0.0010762918844666983
18.19999999999999,1,30.314895586082283,0.0013827039005708825,2.2697677360903903,-0.0010119566117141278
18.19999999999999,2,30.54187224390113,0.001153013292866953,2.1402929100179975,-0.0009476512520424402
18.19999999999999,3,30.75590143912211,0.000950188197592675,2.017616921878246,-0.0008863470125308353
18.19999999999999,4,30.957663052549783,0.0007713573478869038,1.9010073049270493,-0.0008317673068790803
18.19999999999999,5,31.147763717634483,0.0006132377934834448,1.7921585940310454,-0.0007860715141538731
18.19999999999999,6,31.326979522164272,0.0004723613260406355,1.6909159637233395,-0.0007497666405661971
18.19999999999999,7,31.496071071324888,0.00034558209978875775,1.5998634939275616,-0.0007216767074043571
18.19999999999999,8,31.65605737944112,0.00023012368802780117,1.516426594130642,-0.0006991861796446265
18.29999999999999,0,30.314895659720545,0.0014631229549416066,2.269767736046305,-0.0010119566156388394
18.29999999999999,1,30.541872317376246,0.0012334323460963996,2.1335334923618814,-0.0009347546426262804
18.29999999999999,2,30.75522557387532,0.001033999341285816,1.9943312159640367,-0.0008650625082236204
18.29999999999999,3,30.95465862118769,0.0008614772463735403,1.854042880032246,-0.0008054746325981122
18.29999999999999,4,31.140062849535628,0.0007121388117517734,1.7139649443358758,-0.0007572899065450992
18.29999999999999,5,31.311459295150435,0.0005823419889047356,1.5798600409697854,-0.0007201913601366152
18.29999999999999,6,31.469445258714114,0.00046856184357099104,1.4565338410211623,-0.0006927158598837733
18.29999999999999,7,31.61509860805151,0.00036766544244323655,1.3547784606124393,-0.000672554368801527
18.29999999999999,8,31.750576423539627,0.00027654923211969403,1.2720983125897385,-0.0006568375113947455
18.39999999999999,0,30.54187239441324,0.0013299347749572406,2.133533492329959,-0.000934754649985131
18.39999999999999,1,30.755225650607265,0.001130501768339618,1.9890585689985458,-0.0008802062910355804
18.39999999999999,2,30.95413143088752,0.0009554236042529418,1.8456405116476027,-0.0008295707319924907
18.39999999999999,3,31.13869541886585,0.0008023146867540659,1.705494204463063,-0.0007849494941115782
18.39999999999999,4,31.309244787252968,0.0006684420191954184,1.569005474516345,-0.0007479461484012226
18.39999999999999,5,31.466145291143103,0.0005510888699913079,1.4407082526487716,-0.0007188818946397225
18.39999999999999,6,31.61021607961778,0.00044751897109199083,1.3242168823754734,-0.0006970151938464373
18.39999999999999,7,31.742637735868893,0.00035521904989046084,1.2293508279174912,-0.0006807811912310541
18.39999999999999,8,31.86557279023967,0.0002715271643024509,1.1530905372572735,-0.0006680415490485357
18.499999999999993,0,30.755225703949115,0.0011986871938894318,1.9890585689504974,-0.0008802062941617385
18.499999999999993,1,30.95413148408432,0.0010236090289681686,1.8247342143750802,-0.0008280916184214399
18.499999999999993,2,31.136604843432963,0.0008725043352404017,1.6592322658519807,-0.0007828213968289707
18.499999999999993,3,31.302528019496783,0.0007426160964673694,1.497262506113196,-0.0007458061150900218
18.499999999999993,4,31.45225422889711,0.0006309493535146544,1.3436742524809366,-0.0007171596655804636
18.499999999999993,5,31.586621619770405,0.0005345864640166165,1.2111900398378745,-0.0006959128487079525
18.499999999999993,6,31.707740594500837,0.00045029819972750007,1.103797840859352,-0.0006804960602429399
18.499999999999993,7,31.818120353061396,0.00037518519733725547,1.0205797773654433,-0.0006692426497055478
18.499999999999993,8,31.920178307955013,0.0003068836510320085,0.9550934103668949,-0.0006604714951644311
18.599999999999994,0,30.954131530600336,0.001088752354244131,1.824734214353858,-0.0008280916215655799
18.599999999999994,1,31.13660488966108,0.0009376476597452238,1.6673173046811764,-0.0007919586270061889
18.599999999999994,2,31.303336568243605,0.0008056030410962929,1.513945424851681,-0.0007595471442686404
18.599999999999994,3,31.45473106727185,0.0006906117597152185,1.3693429573586313,-0.0007319654579276504
18.599999999999994,4,31.591665326534898,0.0005903805941720468,1.2344838108335572,-0.0007097584360612034
18.599999999999994,5,31.71511367691233,0.0005027620716351942,1.1114507059634637,-0.000692778950459387
18.599999999999994,6,31.82625872100009,0.00042576311244049903,1.0104803179777195,-0.0006802598747292351
18.599999999999994,7,31.927306729485164,0.0003570241963033569,0.9325815781618167,-0.0006710434628327869
18.599999999999994,8,32.02056486632939,0.0002944439238813869,0.8718363007335208,-0.0006638332782409181
18.699999999999996,0,31.13660492141624,0.0009828138906256482,1.6673173046515282,-0.0007919586284471567
18.699999999999996,1,31.303336599705304,0.0008507692715583686,1.5129198674102549,-0.0007631088098572598
18.699999999999996,2,31.454628542763775,0.0007353170347172105,1.3644457475237615,-0.0007373069015549683
18.699999999999996,3,31.591073080629805,0.0006347155171539214,1.2265679372865814,-0.0007154368772471474
18.699999999999996,4,31.713729843172494,0.0005469623311522323,1.099593874486496,-0.0006979123865303127
18.699999999999996,5,31.82368920422746,0.000470220318864246,0.9848199382897359,-0.0006845821541621945
18.699999999999996,6,31.922171175141443,0.00040280130864951073,0.8917743430815464,-0.0006748095334567737
18.699999999999996,7,32.01134858921216,0.0003426235303867313,0.820964959440733,-0.0006676493986368502
18.699999999999996,8,32.093445066883454,0.0002878118583446974,0.7664002610924052,-0.0006620650761428228
18.799999999999997,0,31.303336624889575,0.0008868315356371377,1.5129198673562527,-0.0007631088108421326
18.799999999999997,1,31.454628567819405,0.0007713792984869937,1.3305829377225424,-0.0007356401662073873
18.799999999999997,2,31.587686825992463,0.0006734962818717163,1.156567878012091,-0.0007130743680939677
18.799999999999997,3,31.703343584554606,0.0005910243979488813,1.0040672070480308,-0.0006957378687057639
18.799999999999997,4,31.803750281024072,0.0005211676457054111,0.8769734275449389,-0.0006830139295415211
18.799999999999997,5,31.891447603349825,0.0004612691436722463,0.7753799796602125,-0.0006739455269111054
18.799999999999997,6,31.968985583719384,0.00040901276073189197,0.697524992535067,-0.0006675626073572459
18.799999999999997,7,32.038738067436995,0.00036244860392530947,0.6399916888432693,-0.0006630031079339219
18.799999999999997,8,32.102737222258085,0.00032001695918248627,0.5963171092727222,-0.000659493835169672
18.9,0,31.454628589991767,0.0008057150962647934,1.330582937698257,-0.0007356401672251895
18.9,1,31.58768684793861,0.0007078320793637318,1.161184406080495,-0.0007140537425209374
18.9,2,31.703805259321115,0.000624917279224697,1.0001963549778814,-0.0006965507963471588
18.9,3,31.803824870709732,0.0005552485280668253,0.8604235183880579,-0.0006833341518796467
18.9,4,31.889867202521675,0.000496452855108782,0.7452768080407844,-0.0006738121472034304
18.9,5,31.964394866432393,0.00044623520227294764,0.6544156539342209,-0.0006671459407187031
18.9,6,32.02983641727391,0.00040257613080249793,0.5857605029542908,-0.0006625268656837288
18.9,7,32.08841245471939,0.00036376792664042393,0.5357830450204526,-0.0006592672982108751
18.9,8,32.14199074758062,0.00032844550516874745,0.4983359181071769,-0.0006567768943711665
19.0,0,31.58768686491817,0.0007348151043014249,1.1611844060562162,-0.0007140537432588364
19.0,1,31.703805275947982,0.0006519003039372432,1.018025500297758,-0.0006973597012079902
19.0,2,31.805607801360907,0.0005809073137328813,0.8816106818640705,-0.000683717253076278
19.0,3,31.893768849296777,0.0005206300750288848,0.7552586627765328,-0.0006733611141919668
19.0,4,31.96929469859865,0.00046977389739210533,0.6493300092098551,-0.00066595937877316
19.0,5,32.03422768518072,0.00042653115962736066,0.5658554521000196,-0.0006608478200809034
19.0,6,32.09081321806003,0.00038913672814747287,0.5034374206476901,-0.0006573574360166959
19.0,7,32.1411569492587,0.00035604289733276494,0.4586989809923193,-0.0006549247762631762
19.0,8,32.18702683752523,0.0003260015667492669,0.42568757187437234,-0.0006530806933835029
19.1,0,31.703805289031983,0.0006727678520678717,1.018025500287434,-0.0006973597017645196
19.1,1,31.80560781428383,0.0006017748616757575,0.8854439908588491,-0.000683982979292707
19.1,2,31.894152192773927,0.0005412120044290404,0.7595835107520809,-0.0006732486199976049
19.1,3,31.97011052698198,0.0004900731532238427,0.6434437396274049,-0.0006652823307127824
19.1,4,32.034454886848465,0.00044726598129157867,0.5470200185293692,-0.000659732013207107
19.1,5,32.08915687685553,0.0004111773220954277,0.4720234849276738,-0.0006559950101835653
19.1,6,32.1363592152165,0.0003802128192344824,0.41682946678252525,-0.0006535008732727237
19.1,7,32.17804215300491,0.00035297297912207547,0.3779942712622945,-0.0006517937323527218
19.1,8,32.2158415721064,0.0003283355511936521,0.34983090098386577,-0.0006505138185412343
19.200000000000003,0,31.80560782515196,0.0006184957612938143,0.8854439908370991,-0.0006839829797634937
19.200000000000003,1,31.894152203606417,0.0005579329038834777,0.7376956537966013,-0.0006732335261573031
19.200000000000003,2,31.967921752302406,0.0005082687629317522,0.6082891532479312,-0.0006652068494668481
19.200000000000003,3,32.028750654180726,0.00046780495476536523,0.5020602024296377,-0.0006596730436887904
19.200000000000003,4,32.078956663503426,0.00043468539896932386,0.4187355128765964,-0.0006560339390285193
19.200000000000003,5,32.12083020578227,0.0004072149301408598,0.35613387623796966,-0.0006536962054772887
19.200000000000003,6,32.156443585798655,0.0003839345954419833,0.3112742590295938,-0.0006521940657744823
19.200000000000003,7,32.18757100508278,0.00036363347442600475,0.2804811164730755,-0.0006511947442966661
19.200000000000003,8,32.215619110783805,0.0003453686928348513,0.2586190684847506,-0.0006504579791244923
19.300000000000004,0,31.894152211761085,0.0005713697181451731,0.7376956537787462,-0.000673233526567549
19.300000000000004,1,31.96792176046574,0.0005217055770477738,0.6057827086503514,-0.0006653909854990522
19.300000000000004,2,32.028500017938754,0.00048139734459439046,0.491100425162818,-0.0006596943993732915
19.300000000000004,3,32.07761004977452,0.0004489997269129748,0.39798422723836224,-0.0006559019544273301
19.300000000000004,4,32.11740846393896,0.00042289586552440075,0.3259351894656306,-0.0006535011728562548
19.300000000000004,5,32.150001975926656,0.0004015959641756696,0.27269069348466957,-0.0006520167184644955
19.300000000000004,6,32.177271039479876,0.0003838160763213632,0.23529736128937856,-0.0006510958072779577
19.300000000000004,7,32.200800770622365,0.00036849596486611543,0.210255028097023,-0.0006505003165714694
19.300000000000004,8,32.22182626898417,0.00035481886960594706,0.1929110843926602,-0.0006500689402927358
19.400000000000006,0,31.967921766424944,0.000531508751357448,0.6057827086360245,-0.0006653909858547855
19.400000000000006,1,32.028500023890935,0.0004912005187721344,0.48883856399214126,-0.0006598699912118729
19.400000000000006,2,32.07738386965263,0.00045894353114578736,0.3879493829244153,-0.000655982949117153
19.400000000000006,3,32.116178799598735,0.0004334947149093263,0.3069750397012334,-0.0006534982171235186
19.400000000000006,4,32.14687629701346,0.0004134339522102729,0.24524070355139801,-0.0006519958781677081
19.400000000000006,5,32.17140036215605,0.00039744436055018156,0.2004530217252713,-0.0006511103743778238
19.400000000000006,6,32.19144566008016,0.00038439265726824905,0.1697275558005897,-0.0006505855348517913
19.400000000000006,7,32.208418412068994,0.0003733504287814499,0.1497619736191771,-0.0006502587732448739
19.400000000000006,8,32.22339460626513,0.0003636120257495182,0.1363699341753407,-0.0006500276795128937
19.500000000000007,0,32.028500028122444,0.0004981017605981526,0.4888385639813477,-0.0006598699915352738
19.500000000000007,1,32.07738387386455,0.00046584477284954666,0.3859222472560624,-0.0006561494985010037
19.500000000000007,2,32.11597609027697,0.000440522505693921,0.29785113022045917,-0.0006536249179461366
19.500000000000007,3,32.14576119693302,0.0004210542149957662,0.22803715845313927,-0.000652089479640363
19.500000000000007,4,32.16856490792792,0.00040618415283796426,0.17567285937204372,-0.000651214355394957
19.500000000000007,5,32.18613219013947,0.00039474408485342923,0.13847589648037276,-0.0006507309666067306
19.500000000000007,6,32.19997977685584,0.0003857330300902342,0.11366330701857905,-0.0006504625321909832
19.500000000000007,7,32.21134610515361,0.00037833965836178257,0.09814576632825725,-0.0006503045916200888
19.500000000000007,8,32.22116067971152,0.00037195719456626297,0.0881824351063765,-0.0006501969712583938
