time,horizon_index,x,y,v,yaw
0.0,0,-4.218883392794836e-08,6.417551904684175e-09,-5.222247736295206e-08,-0.15095770336235656
0.0,1,-8.943823920771089e-08,1.3604892306135866e-08,0.20000023888265916,-0.1509577033623566
0.0,2,0.019772442453400242,-0.003007683882587258,0.40000071723800645,-0.15094964594508015
0.0,3,0.05931762081952715,-0.009022770282436941,0.6000011770070842,-0.15092644675160205
0.0,4,0.11863562955361777,-0.01804402860312633,0.8000010764997553,-0.15088178829600946
0.0,5,0.19772681200816458,-0.030068835940045044,1.0000001850604074,-0.15081343884283527
0.0,6,0.2965917164148608,-0.04509307245742722,1.1999990777722722,-0.15072339791410494
0.0,7,0.41523112602337475,-0.06311145896955428,1.3931198004622476,-0.15061734852086228
0.0,8,0.5529658917440315,-0.08401501353755329,1.55090780951804,-0.1505034439460728
0.1,0,-3.262130312428225e-08,4.947625780262827e-09,0.19999995801030265,-0.15095770338054676
0.1,1,0.019772480822637092,-0.0030076897485815457,0.4000000814956637,-0.1509462161460461
0.1,2,0.059317625874132834,-0.009022632325728303,0.6000003038629426,-0.1509182716497155
0.1,3,0.1186356301239229,-0.018043393833189404,0.8000004747413141,-0.1508669891229837
0.1,4,0.19772693760321297,-0.030067022655041173,1.0000001402698984,-0.15078787077595546
0.1,5,0.29659222541717667,-0.045088731293838016,1.1999992526507581,-0.15068173348349162
0.1,6,0.41523240159406904,-0.06310217718634759,1.3999983186751765,-0.15055339888439706
0.1,7,0.553648565205777,-0.08410008984268308,1.5840970621189692,-0.15041061448052975
0.1,8,0.7102697518928855,-0.10783685103980144,1.7328260320422093,-0.15026336259990752
0.2,0,0.01977468090268663,-0.0029935001583598973,0.39999996852059044,-0.15094621612708586
0.2,1,0.05931982369153826,-0.00900844239207793,0.6000000160557216,-0.15091139299922424
0.2,2,0.11863787013245373,-0.018028792853330172,0.8000000694946927,-0.15085252207405273
0.2,3,0.19772931945756717,-0.03005127257970419,1.000000079018435,-0.15076351353147652
0.2,4,0.29659497396770484,-0.045070573257597474,1.1999996200579761,-0.1506420412186647
0.2,5,0.4152359065664939,-0.06307931634363842,1.3999988287160776,-0.15049214507208644
0.2,6,0.5536534093633876,-0.0840687585189735,1.5999980761779486,-0.1503213518734678
0.2,7,0.7118488839064063,-0.10802966619968282,1.7749233741127082,-0.15013924276047041
0.2,8,0.8873444672165883,-0.13457822464219915,1.9145231151904911,-0.14995748693156377
0.30000000000000004,0,0.05932638049077843,-0.00896541012719847,0.59999997849841,-0.15091139299743367
0.30000000000000004,1,0.1186444311113554,-0.0179857612229666,0.8000000446412943,-0.15084399729719547
0.30000000000000004,2,0.19773598814569684,-0.030007567505252374,0.9999999977848,-0.15074662446621334
0.30000000000000004,3,0.29660189550022875,-0.045025198310417625,1.199999961243497,-0.15061443646742728
0.30000000000000004,4,0.4152433653330767,-0.06303067243045224,1.3999994316333337,-0.15044732750681644
0.30000000000000004,5,0.5536618734066666,-0.08401392086149412,1.5999988057955252,-0.15025234831938247
0.30000000000000004,6,0.7118590763483205,-0.10796392384978246,1.7999982235623124,-0.15003920816686162
0.30000000000000004,7,0.8898366293331782,-0.13486973774157554,1.9655986437383333,-0.14981876351148476
0.30000000000000004,8,1.084194651065475,-0.16420805135957564,2.0959989838931903,-0.14960418523274122
0.4,0,0.1186570611337828,-0.017902468770212017,0.7999999873860872,-0.1508439973449548
0.4,1,0.19774861805369504,-0.029924275036727177,1.0000002208610672,-0.15073967025546275
0.4,2,0.2966146573219674,-0.044941222479469856,1.2000001288682165,-0.15060145654045676
0.4,3,0.4152563825854605,-0.06294515993695246,1.400000000134825,-0.15042580300081673
0.4,4,0.5536754031834965,-0.08392543820378576,1.5999994066175225,-0.15021445617814005
0.4,5,0.7118735768571125,-0.10786945632945547,1.7999990840640143,-0.14997701735464905
0.4,6,0.8898528906723029,-0.1347642148810116,1.9908388596951092,-0.14972485670928398
0.4,7,1.0867094511145,-0.16446077541004595,2.143867262948177,-0.14947100930690554
0.4,8,1.2987057589987634,-0.19638618713610795,2.2637868242709263,-0.1492290161566291
0.5,0,0.1977681257623835,-0.029795333613389305,0.9999999934773139,-0.15073967037981373
0.5,1,0.29663414731771554,-0.04481227837494745,1.2000001221419443,-0.15060022330768452
0.5,2,0.4152758987954967,-0.06281607012564257,1.4000000644858637,-0.15042475047983675
0.5,3,0.5536949522830439,-0.08379620433981078,1.599999917154323,-0.150210453118933
0.5,4,0.7118932763029978,-0.10773959743603032,1.7999995887086715,-0.14996020784354488
0.5,5,0.8898730954113442,-0.13463137228117317,1.9999994147831135,-0.1496856248718244
0.5,6,1.0876366353470417,-0.16445681897299358,2.1758706080207504,-0.14939936231927115
0.5,7,1.3027999162248574,-0.19684339318438343,2.314212314625615,-0.14911742674125195
0.5,8,1.531652967526258,-0.23122458332405463,2.4228128520981107,-0.14885325960120047
0.6,0,0.2966601791677702,-0.04463992453726578,1.1999999940418615,-0.1506002235192933
0.6,1,0.41530191847763376,-0.06264371447489216,1.4000001238613047,-0.15020260875131655
0.6,2,0.5537256354672195,-0.08359310049227771,1.6000000002268076,-0.14973131076988777
0.6,3,0.711935422337536,-0.10746069264706175,1.7999998700266593,-0.14919298124951647
0.6,4,0.8899358495957428,-0.13421591302122365,1.9999995125566572,-0.14860402656021482
0.6,5,1.0877315435794843,-0.16382744318509845,2.199999378252981,-0.14799472077253514
0.6,6,1.305326606343138,-0.1962675494207422,2.3712422939601625,-0.14739223128044665
0.6,7,1.5398797958970847,-0.2310914100006844,2.5022759608388183,-0.14682516459365985
0.6,8,1.787415078238202,-0.2676992568666508,2.60272467661298,-0.14630729779080417
0.7,0,0.41537547608514647,-0.06215217245368372,1.399999997240869,-0.1502026120723008
0.7,1,0.553799182698296,-0.0831015573657681,1.6000000777683807,-0.14977488775312814
0.7,2,0.7120079390463875,-0.10697604526375737,1.7999997972875599,-0.14927550890075308
0.7,3,0.8900061520864554,-0.1337459546639997,1.9999999559746302,-0.14870928255902777
0.7,4,1.0877987729761975,-0.16337831055612256,2.199999775921017,-0.14809120385137692
0.7,5,1.3053907440668433,-0.19583941673870442,2.3858533205866337,-0.1474526912420644
0.7,6,1.541387074028436,-0.23089212180818564,2.5370999919390513,-0.14682584220102404
0.7,7,1.7923672630343106,-0.26800960768100773,2.652029558522021,-0.14624054285179494
0.7,8,2.054739413968041,-0.3066549405646395,2.740970086297107,-0.1457102721158765
0.7999999999999999,0,0.5538782057278817,-0.0825727770126117,1.6000000251129234,-0.1497748908175138
0.7999999999999999,1,0.7120869821891767,-0.10644726838107314,1.8000038748245053,-0.1493525093243137
0.7999999999999999,2,0.8900835618446522,-0.13323094805884267,2.0000028813943955,-0.1488573758383063
0.7999999999999999,3,1.0878721055751235,-0.16289264234113715,2.200001931495673,-0.1482888141197463
0.7999999999999999,4,1.3054578929146512,-0.19539678140106978,2.3886436254927474,-0.14765926431239784
0.7999999999999999,5,1.5417229902167129,-0.23053929093144065,2.5485688628661496,-0.14700592421146094
0.7999999999999999,6,1.7938310237824757,-0.2678699681757684,2.6765671949192864,-0.14636702751936004
0.7999999999999999,7,2.058625823660191,-0.30690635773962877,2.775106946776602,-0.1457729733107895
0.7999999999999999,8,2.3331932265208852,-0.34721679881525774,2.8530505564722537,-0.1452380359449521
0.8999999999999999,0,0.7121648915741621,-0.10592507361778271,1.8000000452957357,-0.14935251164227903
0.8999999999999999,1,0.8901611070297571,-0.13270869887348075,2.0000042910003275,-0.14896063871708337
0.8999999999999999,2,1.087946741563612,-0.16239084040688948,2.197936002681949,-0.14848917160694
0.8999999999999999,3,1.3053217087077047,-0.19490801193396878,2.3758178358181476,-0.14793041944302487
0.8999999999999999,4,1.5403087134705848,-0.2299255458463833,2.5287857372905154,-0.14730147244954328
0.8999999999999999,5,1.7904488296527399,-0.26704037815622905,2.657379057512613,-0.14664791456683868
0.8999999999999999,6,2.0533344505524758,-0.30587076318107786,2.7630143338968374,-0.14601002255954454
0.8999999999999999,7,2.3266959088130834,-0.3460703534220254,2.84759629486751,-0.1454185537024938
0.8999999999999999,8,2.608450013865923,-0.38733389939049057,2.9169631907480675,-0.14488882130244318
0.9999999999999999,0,0.8902332556683167,-0.13222420175577707,2.000000000410899,-0.1489606402988955
0.9999999999999999,1,1.0880184288303139,-0.1619062744401073,2.2000000056378726,-0.14796356334316585
0.9999999999999999,2,1.3056145667193055,-0.19433961056484922,2.4000000165577102,-0.14684758273812926
0.9999999999999999,3,1.5430315112205042,-0.2294565012971759,2.5795713469372448,-0.14563250118537907
0.9999999999999999,4,1.7982579967652466,-0.266890793512059,2.730394458744472,-0.14436958207606468
0.9999999999999999,5,2.0684569647310584,-0.30617259694533594,2.853190086997045,-0.14314314358535427
0.9999999999999999,6,2.350857881919734,-0.34687472755900195,2.950714310056261,-0.14201449346663453
0.9999999999999999,7,2.6429588014939167,-0.3886384351280291,3.0263602179267046,-0.14101725504857332
0.9999999999999999,8,2.9425907237339564,-0.43117403332865456,3.08700797449744,-0.14014847996944108
1.0999999999999999,0,1.0881995301723424,-0.1606731739940921,2.1999999702642463,-0.1479635824791859
1.0999999999999999,1,1.3057956386655305,-0.1931065101477856,2.3999971830542592,-0.1466629545172179
1.0999999999999999,2,1.5432187563736517,-0.22817952128369923,2.5868531130968666,-0.1451891222031489
1.0999999999999999,3,1.7991823027427407,-0.265605996183427,2.7496100853498993,-0.14355932441337838
1.0999999999999999,4,2.0713147784876176,-0.304943763653449,2.8859872445063215,-0.14183411518167777
1.0999999999999999,5,2.3570154886421184,-0.34573980219537964,2.9973537268212196,-0.1401203892491534
1.0999999999999999,6,2.6538131950648483,-0.38760153886790244,3.0855624896774216,-0.1385097838921618
1.0999999999999999,7,2.9594143407246216,-0.43020307280332676,3.1539043078000972,-0.13708129602564376
1.0999999999999999,8,3.2718461084463835,-0.4733019240700741,3.20787826344996,-0.13580161716831757
1.2,0,1.3060294255071447,-0.19149765540749092,2.39999724011283,-0.1466629899296501
1.2,1,1.543452572163569,-0.22657067923056107,2.535734396387749,-0.14561485814998948
1.2,2,1.7943424132834414,-0.26336439025275893,2.663091486361151,-0.14438410947994534
1.2,3,2.0578805390410753,-0.30168174293521877,2.779362420914919,-0.14296232489338834
1.2,4,2.3329813578184364,-0.34128094294773137,2.883073970114302,-0.14140084105838152
1.2,5,2.6184113299612353,-0.3819121387223363,2.9737732240662216,-0.1398093733683098
1.2,6,2.9128870507042426,-0.4233529671260695,3.050661164889158,-0.1382881308022116
1.2,7,3.2150408987488523,-0.465405666787175,3.1141535893263423,-0.1369274913012447
1.2,8,3.5235415442929834,-0.5079138830214419,3.16673151372337,-0.13570541605469605
1.3,0,1.5436404970187765,-0.22527407684088877,2.5357343963649797,-0.1456148736794278
1.3,1,1.7945303375675565,-0.2620677917593918,2.7189955758138655,-0.14312563102730502
1.3,2,2.0636497224609176,-0.3008508588667723,2.8803162382296184,-0.14044615241147096
1.3,3,2.3488452841293768,-0.34117093360242906,3.0147053516953832,-0.1376417677593541
1.3,4,2.6474646091479377,-0.38253497355354255,3.1237650224087243,-0.13485181225007548
1.3,5,2.9570051346707684,-0.4245319558851077,3.210302084359858,-0.1322115468964209
1.3,6,3.27523365336856,-0.4668523142819531,3.277919159912242,-0.12986769745073523
1.3,7,3.6002652623407325,-0.5093023392117263,3.329908370648802,-0.127869269549796
1.3,8,3.930537532470233,-0.5517656997782707,3.371612659551132,-0.12616868711575652
1.4000000000000001,0,1.794962905722005,-0.2589866303226418,2.718995575782262,-0.14312581838947608
1.4000000000000001,1,2.0640822833674886,-0.2977697478478056,2.825497595385262,-0.14131461998536943
1.4000000000000001,2,2.343815502249365,-0.3375653986717415,2.9240641116005017,-0.13924791437664075
1.4000000000000001,3,2.6333916233295387,-0.3781509268106735,3.012310502194471,-0.1369194174678285
1.4000000000000001,4,2.9318035392297705,-0.41926656482254837,3.090361725379921,-0.13446030864155345
1.4000000000000001,5,3.2380503953186413,-0.46069458012536907,3.15824073371485,-0.13203021912487223
1.4000000000000001,6,3.5511259594477953,-0.5022718884647487,3.216473074621529,-0.1298145875671366
1.4000000000000001,7,3.870067274618348,-0.5439092758231465,3.265296825294139,-0.1279000302876363
1.4000000000000001,8,4.193930397139743,-0.5855587335617161,3.307032878686722,-0.12626762620456577
1.5000000000000002,0,2.0643958753191427,-0.2955276307131069,2.8254975953576817,-0.14131468122575258
1.5000000000000002,1,2.3441290905959695,-0.33532329849645093,2.981149934360511,-0.13746616014459578
1.5000000000000002,2,2.6394317865246286,-0.37617507534091055,3.119000909709735,-0.13335408915351796
1.5000000000000002,3,2.9485626787310446,-0.41764505993614653,3.2348642822207525,-0.12904696879034752
1.5000000000000002,4,3.2693593164827517,-0.4592742351179619,3.32981523488116,-0.12472803541820822
1.5000000000000002,5,3.5997540891918027,-0.500698763194429,3.4055840759080622,-0.12057966169575748
1.5000000000000002,6,3.9378397332632384,-0.541663743484512,3.4644677264659305,-0.1168072728376405
1.5000000000000002,7,4.281925751515237,-0.5820392857018586,3.508445010275283,-0.11348513995756614
1.5000000000000002,8,4.630513448809621,-0.6217695141780868,3.5418864899541798,-0.11056116757032741
1.6000000000000003,0,2.3447660118948592,-0.3305555230716355,2.981149934330256,-0.13746671658556675
1.6000000000000003,1,2.6400686844919585,-0.3714074642873123,3.073162799430552,-0.13464416538456525
1.6000000000000003,2,2.94460349504896,-0.4126608966347986,3.1592256606061158,-0.13137923942178403
1.6000000000000003,3,3.2578034950525563,-0.4540472653591058,3.2369946765885214,-0.1276470460940106
1.6000000000000003,4,3.5788694242548447,-0.49525443300173605,3.3058486723773233,-0.12365257984543525
1.6000000000000003,5,3.9069302720408214,-0.5360280243176205,3.3648436179316494,-0.11965297137958694
1.6000000000000003,6,4.241008992937463,-0.5761933998203372,3.41384893730258,-0.11595456574172956
1.6000000000000003,7,4.580101762891977,-0.6156899304681449,3.453830533518856,-0.11275391700341751
1.6000000000000003,8,4.923292174823008,-0.6545508192878946,3.4866549577061527,-0.10995436633146621
1.7000000000000004,0,2.640531454674158,-0.36790994209546546,3.0731627993985056,-0.13464436216795467
1.7000000000000004,1,2.9450662566247248,-0.40916343430351454,3.1816768148421444,-0.1302795759646486
1.7000000000000004,2,3.260537662699601,-0.45049702886941545,3.279036082312717,-0.12551204077243927
1.7000000000000004,3,3.5858618854848943,-0.491544909149585,3.36230737116024,-0.1203753984032426
1.7000000000000004,4,3.919659538809135,-0.5319211444791916,3.4318564902032485,-0.11511721001993344
1.7000000000000004,5,4.260573767697205,-0.5713405227946937,3.4881585020044064,-0.110014376776645
1.7000000000000004,6,4.607280874993091,-0.6096379220117367,3.532491740696603,-0.10538926349249161
1.7000000000000004,7,4.958570128324837,-0.646797717848441,3.567024377104863,-0.10142872286729251
1.7000000000000004,8,5.313439309473472,-0.6829155895339214,3.594429946664207,-0.09798004293196409
1.8000000000000005,0,2.9457505592228506,-0.4037511838491401,3.1816768148106602,-0.13028026276794993
1.8000000000000005,1,3.261221936658732,-0.44508499496146153,3.3091471818558036,-0.12433716207676518
1.8000000000000005,2,3.5895820230134268,-0.48612405871107633,3.41855348157771,-0.11805870698895134
1.8000000000000005,3,3.929057772124315,-0.5263893713653749,3.5059036853537258,-0.11154040702604343
1.8000000000000005,4,4.2774695082124445,-0.5654133282305714,3.5729768974287146,-0.10507535312574863
1.8000000000000005,5,4.632796581086339,-0.6028874625535172,3.6236342420441328,-0.09900155072302505
1.8000000000000005,6,4.993385638693187,-0.6387034291764451,3.661117883856036,-0.09354261747081313
1.8000000000000005,7,5.357896818317155,-0.672900560994603,3.6887975552526138,-0.08885094046754002
1.8000000000000005,8,5.725321483912971,-0.7056327674104861,3.70989013753476,-0.08473711000668992
1.9000000000000006,0,3.2621008156871514,-0.4377098192364515,3.3091471818203697,-0.12433878122445244
1.9000000000000006,1,3.5904608355196634,-0.4787494146716581,3.3745215837732303,-0.12021958374140057
1.9000000000000006,2,3.9254773743423286,-0.5192201225464648,3.4343444076969414,-0.11529292280942996
1.9000000000000006,3,4.2666318011525695,-0.558728021125259,3.486561839909218,-0.1095230682888067
1.9000000000000006,4,4.613198976737648,-0.59683762212951,3.5311195217105364,-0.10330964149085352
1.9000000000000006,5,4.964428330264518,-0.6332526438968211,3.568886348176489,-0.09718149949842178
1.9000000000000006,6,5.3196332631203,-0.6678810736125085,3.600009070576969,-0.09155153199218104
1.9000000000000006,7,5.678127022894073,-0.7007937324150455,3.6252803693451696,-0.08672631847611545
1.9000000000000006,8,6.039293376655646,-0.7321951280055776,3.6467473353692283,-0.08263124506418007
2.0000000000000004,0,3.5910595877317624,-0.473635819855792,3.3745215837368034,-0.1202200822392202
2.0000000000000004,1,3.926076106496596,-0.51410669475795,3.4553180240622607,-0.11380854136372477
2.0000000000000004,2,4.269372593307304,-0.5533463291717942,3.526012858905712,-0.10676058565756619
2.0000000000000004,3,4.619966344405736,-0.5909187801247272,3.584017275402683,-0.0991298123686087
2.0000000000000004,4,4.976608559925415,-0.6263889181934081,3.6301119449211297,-0.09134426490358977
2.0000000000000004,5,5.338106375766564,-0.6595018195477471,3.666371919027679,-0.08392409273623269
2.0000000000000004,6,5.703453187873347,-0.6902354116578577,3.6941535598164186,-0.07724680639111005
2.0000000000000004,7,6.071766960548629,-0.7187432041185013,3.7152893809403493,-0.07158247639812704
2.0000000000000004,8,6.442344474567806,-0.745315466424907,3.732543699050221,-0.06678570178966302
2.1000000000000005,0,3.9269425672919223,-0.5061409485965653,3.4553180240243186,-0.11381034882671155
2.1000000000000005,1,4.270238983152099,-0.545381203527772,3.496576783219055,-0.10838439994774476
2.1000000000000005,2,4.617844929304196,-0.583204487223211,3.5378523014466046,-0.1017528351835868
2.1000000000000005,3,4.969800267122985,-0.6191410515049376,3.577836731239063,-0.09386499841309394
2.1000000000000005,4,5.326008958050325,-0.6526751237060897,3.6154182497342195,-0.08528616567297431
2.1000000000000005,5,5.686236706441354,-0.6834722738470985,3.649766097810315,-0.0767485804926022
2.1000000000000005,6,6.050138925570226,-0.711456219077711,3.6791721233892165,-0.06881667242773863
2.1000000000000005,7,6.417185320071161,-0.7367550784601424,3.7027289978016045,-0.061897302993704356
2.1000000000000005,8,6.78674920373043,-0.7596593426931879,3.721470668323916,-0.055909104853670795
2.2000000000000006,0,4.270942965515371,-0.5386363796277645,3.4965767831792833,-0.10838543962970583
2.2000000000000006,1,4.618548869157438,-0.5764600242541009,3.554926871946308,-0.10032616506704668
2.2000000000000006,2,4.9722539796139085,-0.6120654418997435,3.608737003948396,-0.09126799300460625
2.2000000000000006,3,5.3316257123876785,-0.6449559536978362,3.6561169091514203,-0.08125130197200375
2.2000000000000006,4,5.696031224839961,-0.6746297046284675,3.696736588602223,-0.07086391989349469
2.2000000000000006,5,6.064777078409643,-0.7008043090931534,3.7309256195961105,-0.06082358986391573
2.2000000000000006,6,6.437179726438812,-0.7234831462784843,3.758154256121222,-0.05165042518105514
2.2000000000000006,7,6.812493980011394,-0.7428855384473768,3.7785474935956045,-0.043711705928490094
2.2000000000000006,8,7.189987821208382,-0.7593969480751,3.7938966949824,-0.036856453620031746
2.3000000000000007,0,4.619493983394083,-0.5664335106935767,3.5549268719079663,-0.1003295079313155
2.3000000000000007,1,4.973198974975034,-0.6020401107861841,3.6353583839063632,-0.08985887613685148
2.3000000000000007,2,5.335268098334134,-0.6346630880167832,3.70502195323756,-0.0786018600912636
2.3000000000000007,3,5.704626370374056,-0.6637552707573495,3.76086840471822,-0.06666363304348036
2.3000000000000007,4,6.079877879892477,-0.6888080183932436,3.803308095165449,-0.05462486879508466
2.3000000000000007,5,6.459641449908085,-0.7095732053050429,3.834395737708367,-0.04320077400332557
2.3000000000000007,6,6.842723339423558,-0.726132934992334,3.8567262783698206,-0.03297432153646244
2.3000000000000007,7,7.228186408723141,-0.738847917698531,3.8719600106935035,-0.024113709389529787
2.3000000000000007,8,7.615269967368838,-0.748183737289263,3.882514026223593,-0.016405065409149218
2.400000000000001,0,4.974269544813348,-0.5890023353265286,3.6353583838652144,-0.08986595519424892
2.400000000000001,1,5.336338433540343,-0.6216278759010934,3.643692746674155,-0.0840190557971669
2.400000000000001,2,5.69942238935675,-0.6522058327108706,3.655899248908029,-0.07611493282027576
2.400000000000001,3,6.063953826291796,-0.6800058247047097,3.6714068441585153,-0.06608883159471576
2.400000000000001,4,6.430293103823095,-0.7042520681100228,3.6887943703570745,-0.05487646637491938
2.400000000000001,5,6.798617520674706,-0.7244847208415213,3.7069539191772156,-0.043667307292385014
2.400000000000001,6,7.16896015388536,-0.7406668686130425,3.7250837804340793,-0.03344202551228545
2.400000000000001,7,7.5412613590114335,-0.753122013186232,3.7415967042080682,-0.024608949594600832
2.400000000000001,8,7.915309418140151,-0.7623287955681284,3.7559543084090854,-0.017010529058053177
2.500000000000001,0,5.336921065911159,-0.6143436181290973,3.643692746628207,-0.0840202331955957
2.500000000000001,1,5.700004983305194,-0.644922002401837,3.67148256053346,-0.07386899502350605
2.500000000000001,2,6.066152001057133,-0.6720182157848205,3.698591011806277,-0.06221236693738975
2.500000000000001,3,6.435295587157085,-0.6950131842850842,3.723800304619769,-0.04914682008679444
2.500000000000001,4,6.807225985737795,-0.7133071164305963,3.746392396664186,-0.035583262960146377
2.500000000000001,5,7.181628098634466,-0.7266352082647467,3.766344481754627,-0.022607229000256822
2.500000000000001,6,7.558166378962938,-0.7351491779821255,3.783966166858499,-0.0110677516272738
2.500000000000001,7,7.936539934896057,-0.7393371348684612,3.798682133423325,-0.001232741286853837
2.500000000000001,8,8.316407996240011,-0.7398054591599836,3.810770845590158,0.0071835856915303965
2.600000000000001,0,5.700849254943549,-0.6322668466896495,3.6714825604872923,-0.07387514075349272
2.600000000000001,1,6.066996104584198,-0.6593653116141169,3.713965323809723,-0.06106390096787592
2.600000000000001,2,6.437700422356233,-0.682030140561016,3.751950536900739,-0.046972528499369455
2.600000000000001,3,6.812481637348296,-0.6996475191062916,3.7837333184284776,-0.03176227550391865
2.600000000000001,4,7.190664128401002,-0.7116634947442186,3.8092465621765124,-0.016343225752717547
2.600000000000001,5,7.571537913836898,-0.717888754736741,3.829428197682918,-0.0017807775653695384
2.600000000000001,6,7.954480127216732,-0.7185706913930003,3.8455528636289964,0.011103104303274654
2.600000000000001,7,8.33901171112028,-0.7143010228791009,3.8579008815679003,0.02208686288058552
2.600000000000001,8,8.724707703771573,-0.7057808233846701,3.8673901371331287,0.031511221749761
2.700000000000001,0,6.0678291498979355,-0.6433843643013746,3.7139653237640995,-0.06107606537776415
2.700000000000001,1,6.4385331905615555,-0.6660537032228129,3.767024625472579,-0.04637167067595302
2.700000000000001,2,6.814830709367236,-0.6835157657515356,3.8124419005174097,-0.0304584861168373
2.700000000000001,3,7.195898073112758,-0.69512609038449,3.848164057667022,-0.013512481292573706
2.700000000000001,4,7.580679354364935,-0.7003257550399644,3.8747196816559786,0.0035493951765757908
2.700000000000001,5,7.968148890135303,-0.6989504645131728,3.8938871363489875,0.01964742221644695
2.700000000000001,6,8.35746246281856,-0.6913004690153546,3.9077676000283583,0.03394114310345461
2.700000000000001,7,8.748014182960027,-0.6780396003166138,3.9173529693177356,0.04620460827482653
2.700000000000001,8,9.13933145289123,-0.6599460557255814,3.9240445404745645,0.05679049366418956
2.800000000000001,0,6.439200582366183,-0.6477021929806905,3.767024625424067,-0.046389642171446636
2.800000000000001,1,6.815497786467004,-0.6651710183900268,3.764501647783701,-0.03688338730065229
2.800000000000001,2,7.19169192242858,-0.6790526277418518,3.764724228536877,-0.024633803024530387
2.800000000000001,3,7.568050127811905,-0.6883256370275357,3.768554815743511,-0.009794979617710323
2.800000000000001,4,7.944887563188155,-0.69201686857014,3.77499727224274,0.00641971785393429
2.800000000000001,5,8.322379657403417,-0.6895934396513341,3.783024755846831,0.02234940377995072
2.800000000000001,6,8.700588077987485,-0.6811392957437128,3.792095648783086,0.0366033031643582
2.800000000000001,7,9.079544516715654,-0.667262036927277,3.8019552432288006,0.04854138167613464
2.800000000000001,8,9.459293636937703,-0.648813995265906,3.811595161438514,0.05869819775204955
2.9000000000000012,0,6.815861478381694,-0.6532981999718914,3.764501647734575,-0.036888113332340745
2.9000000000000012,1,7.192055548700703,-0.6671815872402957,3.7793488039603096,-0.02203528337104932
2.9000000000000012,2,7.5698986890962425,-0.675508810753081,3.793032713348874,-0.005234867041922681
2.9000000000000012,3,7.949196772142655,-0.6774943952059362,3.805839171698273,0.013164356580624193
2.9000000000000012,4,8.329747713680561,-0.6724844012825822,3.8173602435615934,0.03204017160934764
2.9000000000000012,5,8.711287874462608,-0.6602556409952649,3.8274859251802247,0.04990354787495213
2.9000000000000012,6,9.093560215124711,-0.6411631243927249,3.836612819815979,0.06555125777029663
2.9000000000000012,7,9.476397996308968,-0.616031739887243,3.845336868936068,0.07852165975614184
2.9000000000000012,8,9.85974752265046,-0.585868621814924,3.85336477416469,0.08952280026102744
3.0000000000000013,0,7.192282745850654,-0.6486338085760996,3.7793488039121046,-0.02205328150564334
3.0000000000000013,1,7.570125726791633,-0.6569678373326729,3.8074302258493105,-0.0040767620770696435
3.0000000000000013,2,7.950865591227555,-0.6585200301760656,3.8310792246157948,0.015528205733067905
3.0000000000000013,3,8.333927335141249,-0.6525712866909471,3.850141359719515,0.03634345467105562
3.0000000000000013,4,8.718687229999286,-0.638581620139294,3.8647497713401857,0.05728961106664434
3.0000000000000013,5,9.10452815827215,-0.6164527308903562,3.875602769488334,0.07691486973861515
3.0000000000000013,6,9.490942640264203,-0.5866729734685266,3.883909238182445,0.0940447920445028
3.0000000000000013,7,9.877617339872813,-0.5502006586579579,3.8909824312984456,0.10825731846251144
3.0000000000000013,8,10.264437837429199,-0.5081601650524676,3.897091734516202,0.12034719139850189
3.1000000000000014,0,7.56995427973579,-0.6345275368882097,3.807430225804984,-0.004108431013605567
3.1000000000000014,1,7.950694089661968,-0.6360917889576655,3.8452008140698823,0.016032314406135707
3.1000000000000014,2,8.335164757862291,-0.6299273055799037,3.8758449957044925,0.037689566908195714
3.1000000000000014,3,8.72247401405922,-0.6153228699887693,3.8988859290843387,0.06042994468049944
3.1000000000000014,4,9.111650936357139,-0.5917762588325566,3.9149495848284728,0.08319543337971161
3.1000000000000014,5,9.501791816643046,-0.5592432243071009,3.92543946201312,0.10451674950593487
3.1000000000000014,6,9.892193688621035,-0.5182904611939636,3.932259065643602,0.1231875689490305
3.1000000000000014,7,10.2824397305346,-0.46997234000593724,3.9373173191332937,0.13877192818065012
3.1000000000000014,8,10.672386372101705,-0.41550862735367133,3.94131360575691,0.15210563056579485
3.2000000000000015,0,7.949967666742032,-0.6109675040716644,3.8452008140275225,0.015988439690630067
3.2000000000000015,1,8.334438602215293,-0.6048198899135923,3.8154318555349107,0.02662082904776881
3.2000000000000015,2,8.715846620834803,-0.5946640914629154,3.7928666052659596,0.04167070575658598
3.2000000000000015,3,9.094804144573033,-0.5788635096392409,3.7793584422409756,0.0609153037348629
3.2000000000000015,4,9.472039414972805,-0.5558556259785714,3.7736311991052154,0.08242614565722
3.2000000000000015,5,9.848122349993861,-0.524786137323898,3.7738991797584487,0.10366751868576508
3.2000000000000015,6,10.223488193122122,-0.48573285579263864,3.77867662646529,0.12258714960991159
3.2000000000000015,7,10.598523513432593,-0.4395266178853892,3.786676131941184,0.1382808579866997
3.2000000000000015,8,10.97358118481552,-0.38733016207446463,3.795781350928942,0.15150033836694327
3.3000000000000016,0,8.333996791312524,-0.5915426466538023,3.81543185549251,0.026614527549943968
3.3000000000000016,1,8.715404855547344,-0.5813892538351186,3.805517476104925,0.045678665391455556
3.3000000000000016,2,9.095559676289092,-0.564012183831571,3.7988070945778727,0.06766477225308067
3.3000000000000016,3,9.474571073945736,-0.5383272408967275,3.7964988302717897,0.09201598883430041
3.3000000000000016,4,9.85261495393123,-0.5034427382972093,3.7978404991823385,0.11699447472450233
3.3000000000000016,5,10.229803495021212,-0.45911160483862684,3.8019157587433012,0.14044317110151017
3.3000000000000016,6,10.606253699089859,-0.4058919090394473,3.808151319236358,0.16072266353725512
3.3000000000000016,7,10.982164290891088,-0.34494963469141093,3.8161189226180023,0.17728557322981264
3.3000000000000016,8,11.357799286069332,-0.27764923386904494,3.8244904627626632,0.19115587478584917
3.4000000000000017,0,8.714030172830268,-0.5576334743837658,3.8055174760607695,0.045641686474803045
3.4000000000000017,1,9.094185614057764,-0.5402704806641827,3.8114248693947994,0.06917065986680461
3.4000000000000017,2,9.47441667402311,-0.5139276154745309,3.8171241601957164,0.09503408527364517
3.4000000000000017,3,9.854406680645585,-0.4777064962032881,3.823286879224707,0.12255244707538908
3.4000000000000017,4,10.233867853448793,-0.4309683887140405,3.8296460022931678,0.15006121549057855
3.4000000000000017,5,10.612528812110273,-0.3737157223365805,3.836060980431189,0.17549886087334837
3.4000000000000017,6,10.99024300148722,-0.3067383599978617,3.8427624373047014,0.19732150975616908
3.4000000000000017,7,11.367063251883916,-0.23140346028160402,3.850064128048666,0.21508620341550888
3.4000000000000017,8,11.743199405649893,-0.1492308242702447,3.8572829009204623,0.22996342258905864
3.5000000000000018,0,9.091717393397223,-0.5110287899179917,3.811424869351365,0.0691007689277046
3.5000000000000018,1,9.471950281248233,-0.4847125057222609,3.82968248341005,0.09538500876436537
3.5000000000000018,2,9.853177677104195,-0.4482384410416565,3.8448443231191365,0.12376494589843653
3.5000000000000018,3,10.2347211522033,-0.4007741336374457,3.857168022849772,0.1535239177372561
3.5000000000000018,4,10.61590128243341,-0.34178972477970915,3.866833864866658,0.18303746645596042
3.5000000000000018,5,10.9961252886655,-0.2714067264104445,3.874389422880583,0.21025381117911993
3.5000000000000018,6,11.375032131675574,-0.19054506696314316,3.8807678759098487,0.2336265048934064
3.5000000000000018,7,11.752566276563272,-0.10070255003551226,3.886917720441503,0.25272789364416337
3.5000000000000018,8,12.12891099944665,-0.00351165633522241,3.8926757490049977,0.2687960803723019
3.600000000000002,0,9.46828524147122,-0.45215390792179294,3.829682483368831,0.09528793053221704
3.600000000000002,1,9.849516170029098,-0.41571685471559944,3.857390658675774,0.1236198082593386
3.600000000000002,2,10.232311586846983,-0.3681532240438239,3.879572199647716,0.15395311745471058
3.600000000000002,3,10.615680288914728,-0.3086616573535763,3.8961643907054433,0.18556085689982965
3.600000000000002,4,10.9986081555599,-0.23677828447900365,3.907756279513523,0.21683045134261458
3.600000000000002,5,11.380233476892306,-0.15270862267205004,3.9155026395330177,0.24567328411403472
3.600000000000002,6,11.760026982117777,-0.05747989859286125,3.9209482891031304,0.2704969631880446
3.600000000000002,7,12.137864552099966,0.0472919033338895,3.925583114853117,0.2908576948327193
3.600000000000002,8,12.513934733184062,0.15986742069953264,3.9296590514643177,0.30803853331041986
3.700000000000002,0,9.844541298929569,-0.3807672238046747,3.8573906586339035,0.1234994596404663
3.700000000000002,1,10.227342433692712,-0.33324966353541474,3.819144869333578,0.13835692578300318
3.700000000000002,2,10.605607397026576,-0.280577556197695,3.7895238266221707,0.15928314796372103
3.700000000000002,3,10.979763139864993,-0.22047164642733746,3.770738304004253,0.18590265144420942
3.700000000000002,4,11.350341164932662,-0.15077540482889812,3.7614694709773793,0.21541242527621127
3.700000000000002,5,11.71779741989237,-0.07037320084685526,3.759700567512991,0.24419702508386423
3.700000000000002,6,12.082617988282024,0.020529109962267637,3.763616577044817,0.2694379341625024
3.700000000000002,7,12.445408339289909,0.12071488930944303,3.771549630200079,0.2900252687711804
3.700000000000002,8,12.806822162920009,0.22857543988730128,3.7809913724885957,0.30712938769875153
3.800000000000002,0,10.224614336506857,-0.3148952750490239,3.8191448692918315,0.13833998554619403
3.800000000000002,1,10.602880118126503,-0.2622295918990373,3.8010641823438105,0.16426538701611684
3.800000000000002,2,10.977869865891119,-0.2000716358302129,3.7877355460388253,0.19405844300731215
3.800000000000002,3,11.349533718115248,-0.1270279017164741,3.780697696554302,0.22679136607886
3.800000000000002,4,11.717922598417257,-0.0420182735842828,3.7790918111978957,0.25991332118829874
3.800000000000002,5,12.083140771466734,0.05510289950608848,3.781703311834011,0.29043529215945274
3.800000000000002,6,12.445478221790928,0.16339936078551892,3.7875788556992513,0.31625548640055856
3.800000000000002,7,12.805460572799845,0.2811976049389717,3.795886263005458,0.3368678424037749
3.800000000000002,8,13.163724591046904,0.4066654521059896,3.8049170406648956,0.3538045258086401
3.900000000000002,0,10.597072722006345,-0.23043565759332102,3.8010641822990716,0.16417280058308892
3.900000000000002,1,10.97206818706841,-0.16831246718124648,3.7996663163331243,0.19541566206945327
3.900000000000002,2,11.3448029448977,-0.09453270096917304,3.7996253988527893,0.2295213159872776
3.900000000000002,3,11.714801125000973,-0.008086879723363952,3.801912008826475,0.2653098216702866
3.900000000000002,4,12.081690005975034,0.09160237603517365,3.8060964400680946,0.30033490943474433
3.900000000000002,5,12.445263037820341,0.2042020120069351,3.811695013244066,0.33184098253983063
3.900000000000002,6,12.805638584072657,0.32838116492174946,3.8185359934166723,0.3580306177973134
3.900000000000002,7,13.163280009966986,0.46219465827408246,3.8265358320730622,0.37869132785656046
3.900000000000002,8,13.518824244719116,0.6036640624324621,3.8346690257796214,0.3955559322208431
4.000000000000002,0,10.9637550580333,-0.13031096431798714,3.7996663162879845,0.19525215858570782
4.000000000000002,1,11.336501860136377,-0.05659215311888539,3.8119403220281214,0.2290488373595729
4.000000000000002,2,11.707740174372658,0.029958450775009252,3.822592779066305,0.26506028350083455
4.000000000000002,3,12.076649701307911,0.13009793795582603,3.8321200429821536,0.3019670625982205
4.000000000000002,4,12.442522655338433,0.24406474633416594,3.8404969146988095,0.33744696337262936
4.000000000000002,5,12.804913164439743,0.37121560254524477,3.847907403357818,0.3689725067007523
4.000000000000002,6,13.163806996577348,0.5099932319254851,3.854887963184108,0.3949938250935179
4.000000000000002,7,13.519612869904046,0.6583303356329078,3.8620237431545776,0.41547010852737176
4.000000000000002,8,13.872959815312704,0.8142094179550835,3.868869886012297,0.4321822402348935
4.100000000000001,0,11.326073020426527,-0.015854265713675358,3.8119403219847086,0.22884188476851874
4.100000000000001,1,11.697329235754328,0.07061950628697738,3.8353937010879617,0.2636496318733474
4.100000000000001,2,12.067615516683741,0.17057209044248545,3.854597392586101,0.30015998998766086
4.100000000000001,3,12.435841042220854,0.2845421466611755,3.86965005673524,0.33700743172059633
4.100000000000001,4,12.80103866116092,0.4124976806516957,3.88090763286181,0.3720319596737229
4.100000000000001,5,13.162580384754563,0.5535722234663656,3.889167481366683,0.40295391745188835
4.100000000000001,6,13.520347495810473,0.7060810162680529,3.895612652689543,0.42843007420599055
4.100000000000001,7,13.87469988985029,0.8679216261155897,3.901430623725398,0.4485211511806566
4.100000000000001,8,14.226253773726242,1.037100727582024,3.9066727895279,0.46497038488387277
4.200000000000001,0,11.685127750023643,0.1121636687534958,3.8353937010442634,0.2634250851197986
4.200000000000001,1,12.055436465461327,0.21203310375145745,3.79391698410752,0.28156981901226763
4.200000000000001,2,12.419888101660355,0.31745247220806866,3.7621901312913417,0.30622610029977126
4.200000000000001,3,12.778605947351469,0.43086884162270556,3.742546310852236,0.33657060178547593
4.200000000000001,4,13.131865895165403,0.5544686131891496,3.7334408310136973,0.36911146210419327
4.200000000000001,5,13.480072446015766,0.6891694524507032,3.7325257415149258,0.39976551263428406
4.200000000000001,6,13.823908492080454,0.8344461661614202,3.737656827491342,0.4257171250498814
4.200000000000001,7,14.164332858381837,0.988810942875899,3.746898281409357,0.44620258252139106
4.200000000000001,8,14.50236279822626,1.150517980890163,3.757579520381921,0.46277607903360424
4.300000000000001,0,12.048894720219309,0.23372040611648123,3.7939169840618754,0.2815391420113722
4.300000000000001,1,12.4133493694727,0.33912851697900714,3.774551551393559,0.3106642856845072
4.300000000000001,2,12.772736027120393,0.45451325940362836,3.7607674634477064,0.34330183600725217
4.300000000000001,3,13.126868121350046,0.5810999458205437,3.754142172898075,0.37801753758652723
4.300000000000001,4,13.475777991258498,0.7196572579906542,3.7535861062305766,0.4118870825353049
4.300000000000001,5,13.81974656393629,0.8699283067393432,3.7575890876677747,0.4419602324330835
4.300000000000001,6,14.159405625284554,1.0306460425862296,3.7649317181799673,0.4665216298433562
4.300000000000001,7,14.4956734558419,1.1999881221430018,3.7745977680941225,0.4855258926313329
4.300000000000001,8,14.829518867517567,1.3761414606347528,3.7848105298284453,0.5007580336846069
4.4,0,12.40161409634235,0.37345981753241075,3.7745515513449877,0.31053122614115397
4.4,1,12.761016093035495,0.48879671238958683,3.773958639704243,0.3435242895388605
4.4,2,13.116362042674734,0.6159064918306831,3.7751888129485276,0.37859844279659516
4.4,3,13.467146395998984,0.7554444647559646,3.779159411511709,0.4141609231823674
4.4,4,13.81311124477503,0.9075261504972459,3.785219975927821,0.4476698217669141
4.4,5,14.154333257369414,1.0713756135702512,3.7926503487639103,0.4767313273402309
4.4,6,14.49131054738211,1.245411991950235,3.801099414563896,0.5000989405609417
4.4,7,14.8248709796761,1.4276797235274898,3.8104008305189083,0.5179992160110998
4.4,8,15.155923691105192,1.6163493551607218,3.819562476604129,0.5322747651797948
4.5,0,12.746362488236564,0.5271508745177167,3.7739586396552065,0.34332911163623214
4.5,1,13.101733238701037,0.6541912944123065,3.789138237134249,0.3768310069756652
4.5,2,13.45406073190384,0.7936223665656094,3.8027507999989822,0.41156819168641623
4.5,3,13.802580791180272,0.9457502960951455,3.8151477115341117,0.445977848907898
4.5,4,14.14677934548948,1.1103129960816551,3.8261100909504098,0.47787800981126366
4.5,5,14.4865275244222,1.2862742548941788,3.8356651428350914,0.5052890906708661
4.5,6,14.822161486271714,1.4719436250267401,3.844273583728344,0.5272498732555402
4.5,7,15.154381354010395,1.665371554614993,3.852548841304017,0.5440879306377404
4.5,8,15.484005398549723,1.8647941051097132,3.8601819220629894,0.5575537772360188
4.6,0,13.085554470742025,0.6926091403044505,3.7891382370873115,0.3766266385433235
4.6,1,13.437910451868039,0.8319682047010064,3.817504799430182,0.40906975703905485
4.6,2,13.788163170911282,0.9838117537508562,3.8412361496597542,0.44221527690668794
4.6,3,14.135336352583073,1.14819465211814,3.860199809406922,0.4746069425414791
4.6,4,14.478690478361118,1.3246014901118621,3.874601273134175,0.504377673957515
4.6,5,14.81790228877559,1.5118465166661892,3.8851766920223354,0.5298717473359564
4.6,6,15.153143321502203,1.7082121666037655,3.893147855855941,0.5503248195602408
4.6,7,15.484977799088313,1.9118098967420618,3.899845566724358,0.5660960587613786
4.6,8,15.814125628188911,2.120974851289751,3.9055555338353654,0.5787867694884711
4.699999999999999,0,13.421079106335931,0.8686742001177794,3.8175047993871862,0.40888553564203656
4.699999999999999,1,13.771359791144585,1.0204532213498558,3.856793496748179,0.4395530329206942
4.699999999999999,2,14.120377218561458,1.1845732959313455,3.888668991812907,0.47056073669957243
4.699999999999999,3,14.466979815353387,1.3608801677119864,3.9125877126164776,0.500584571037629
4.699999999999999,4,14.810231985669683,1.5486603093595828,3.929171411873062,0.5280280674494018
4.699999999999999,5,15.149634704785164,1.7466241311441626,3.9398286835475433,0.5515015060249497
4.699999999999999,6,15.485205208723649,1.9530580458511066,3.946494809828211,0.570394243111532
4.699999999999999,7,15.817377164243227,2.1661545975704097,3.9511605894654056,0.5850718570506457
4.699999999999999,8,16.1467748887081,2.384361305711691,3.954627784689476,0.5969700757331291
4.799999999999999,0,13.754441991534367,1.0546919839815057,3.8567934967063064,0.43939959133534595
4.799999999999999,1,14.103484595087586,1.2187585011241877,3.8279377940912465,0.45493867928517057
4.799999999999999,2,14.447343811803103,1.3869609561831662,3.8061143813911853,0.475166595886028
4.799999999999999,3,14.785790860593083,1.5610862214874244,3.7931243849976535,0.49921912423356585
4.799999999999999,4,15.118814217587424,1.7426803887743363,3.7876721856318003,0.5243004174826987
4.799999999999999,5,15.446711254743487,1.9322990439370864,3.7879561530707417,0.5474569146238303
4.799999999999999,6,15.770160638653481,2.129478030192559,3.792500583386868,0.5668025949100665
4.799999999999999,7,16.090125643549875,2.3331257329199815,3.800077685211995,0.5819505713067017
4.799999999999999,8,16.40760770491692,2.5420169105756454,3.8086499864854653,0.5941240275220281
4.899999999999999,0,14.09479000175458,1.2361080618169549,3.82793779405032,0.45491969105070446
4.899999999999999,1,14.438652245002038,1.4043038870597464,3.821311901655595,0.47797249039832407
4.899999999999999,2,14.777957756303278,1.58007654104758,3.81735880043413,0.5031388334078866
4.899999999999999,3,15.112386407966742,1.7641410959781727,3.8171008042619907,0.529211338117757
4.899999999999999,4,15.44188070074856,1.9568484625292941,3.8197352606144808,0.5540385810418654
4.899999999999999,5,15.766713828345763,2.1578147149614395,3.8243634838461125,0.5756546025194089
4.899999999999999,6,16.087515976813634,2.3660072176003286,3.830507514808884,0.5930448371010406
4.899999999999999,7,16.40515922384057,2.5800904057168523,3.83792216236839,0.6063585813561003
4.899999999999999,8,16.720533729476642,2.798806234208781,3.8454921816302776,0.6169372215762794
4.999999999999998,0,14.425056287029234,1.4296416737680921,3.8213119016139747,0.47790750770005563
4.999999999999998,1,14.764373212569902,1.6053922668766192,3.8334560908403477,0.5026779364855247
4.999999999999998,2,15.100297263363652,1.7900781865295643,3.8443257202341004,0.5283308169000454
4.999999999999998,3,15.432312337857573,1.9838677452788405,3.8542713173910035,0.5536290800924131
4.999999999999998,4,15.760165152519786,2.186516722563681,3.8629786827343646,0.576859115669584
4.999999999999998,5,16.083952230810258,2.3972012720594718,3.8704092527494294,0.5965857971123494
4.999999999999998,6,16.40413518059397,2.6146491318556624,3.877023899540891,0.612193635108156
4.999999999999998,7,16.721426717785132,2.8374477910096454,3.883482966750091,0.6240205603111613
4.999999999999998,8,17.036585281940315,3.0643607719610015,3.8894756101243804,0.6333720302778049
5.099999999999998,0,14.749070721202274,1.6322222590569386,3.833456090799761,0.5025970230632748
5.099999999999998,1,15.085009714051367,1.8168809971755375,3.861235744627395,0.52651816570127
5.099999999999998,2,15.418837492761192,2.0109181837835925,3.88417822976047,0.5506593280712584
5.099999999999998,3,15.7498392844133,2.214157504018069,3.90206472770477,0.573870638484971
5.099999999999998,4,16.077537006596998,2.425995409032966,3.9150660508859563,0.594782318686171
5.099999999999998,5,16.401810376648505,2.645367708274632,3.923960643791832,0.6123219423460071
5.099999999999998,6,16.722914215920937,2.8709048367050225,3.9300872666700104,0.626111896057403
5.099999999999998,7,17.041373932738033,3.1012074086093255,3.934934355848787,0.6365554869083283
5.099999999999998,8,17.357800933398885,3.335111355969095,3.938885756547281,0.6448306118813107
5.1999999999999975,0,15.0696324035736,1.8424461026040606,3.8612357445875496,0.5264457281841459
5.1999999999999975,1,15.403474236674136,2.0364591066634743,3.9018517328883173,0.5484451980764811
5.1999999999999975,2,15.736433359056397,2.239886475149275,3.9344277035948867,0.57029278963311
5.1999999999999975,3,16.067611043269864,2.452297783267171,3.9582682893595136,0.5909625417925639
5.1999999999999975,4,16.39630755405282,2.6728369033516666,3.9740221088841876,0.6093519939333474
5.1999999999999975,5,16.722184971814308,2.90028459495895,3.9832400909526027,0.6246520487033598
5.1999999999999975,6,17.045292141948206,3.1332304868130803,3.988078338216296,0.6366448671190075
5.1999999999999975,7,17.36597149295915,3.3703221231109035,3.9907793195942367,0.6457520706890483
5.1999999999999975,8,17.68469404797671,3.6104869237166453,3.9923217661522545,0.6529993860008992
5.299999999999997,0,15.38884828593358,2.0596847626399786,3.9018517328468336,0.5483896257041765
5.299999999999997,1,15.721818710970355,2.26309362649849,3.873479192588462,0.5593739228080762
5.299999999999997,2,16.05013005817694,2.4686420531458353,3.85166858064729,0.5733722641207728
5.299999999999997,3,16.373700205363477,2.677583188013137,3.8381035621528925,0.5896427516898983
5.299999999999997,4,16.692701911129728,2.8910076789628514,3.8315015332681197,0.6062174067154276
5.299999999999997,5,17.007582318553872,3.1093155111107755,3.830170313433971,0.6212039003180712
5.299999999999997,6,17.31905089632476,3.3322425960948356,3.832816451474725,0.6334986012838932
5.299999999999997,7,17.62797196299769,3.559141450776098,3.8384258463875596,0.6429771802663413
5.299999999999997,8,17.93518001667985,3.7892965140621313,3.8451029696265038,0.65048846463406
5.399999999999997,0,15.71445915898471,2.274677854199812,3.8734791925481136,0.5593673945662502
5.399999999999997,1,16.042771759345634,2.480224071442637,3.868783599511667,0.5749001700893024
5.399999999999997,2,16.367458107566925,2.6905895747628934,3.8659476155550183,0.5915136488004775
5.399999999999997,3,16.68836949071594,2.9061618290958204,3.86582544082409,0.6083130202588007
5.399999999999997,4,17.005604257618508,3.1270875347124756,3.867681729890665,0.6238838031575058
5.399999999999997,5,17.319511409259363,3.3530343075998625,3.870813374539136,0.637073730180775
5.399999999999997,6,17.630662922896263,3.5832880429065628,3.8750125048930744,0.6474001352990773
5.399999999999997,7,17.939755228351743,3.8169958337083902,3.8803240595105053,0.6551074714672864
5.399999999999997,8,18.247458372447134,4.0534025892281225,3.8858339871631564,0.6610947804688398
5.4999999999999964,0,16.03206990433771,2.496402515887932,3.8687835994715334,0.5748807097701154
5.4999999999999964,1,16.35676034282008,2.7067616968587345,3.8838508822090643,0.5907495823996479
5.4999999999999964,2,16.6793232503839,2.9230858700566427,3.8965535124824378,0.6067967452910696
5.4999999999999964,3,16.999416880858625,3.1452825417393626,3.907043189153765,0.6221540415892886
5.4999999999999964,4,17.31691297779654,3.372979916943747,3.9151277021410227,0.6357684825972829
5.4999999999999964,5,17.63193026829196,3.605458645700153,3.921040135823775,0.646900928460562
5.4999999999999964,6,17.944811822852994,3.8417861633152883,3.925583610430183,0.655370939131945
5.4999999999999964,7,18.256040699221167,4.081032186988052,3.9297668489127364,0.6615532247142474
5.4999999999999964,8,18.566114626206833,4.3224547287816115,3.933520456758003,0.6662822695887584
5.599999999999996,0,16.34556298221357,2.7231114838055888,3.8838508821691153,0.5907287651152406
5.599999999999996,1,16.668130393005697,2.939428942071399,3.9151417146918144,0.6051650031588462
5.599999999999996,2,16.990114875000618,3.162160487176647,3.94029770992521,0.6193232711531045
5.599999999999996,3,17.310962083466492,3.390888567714415,3.9588858543850134,0.6324238304618359
5.599999999999996,4,17.63028470409831,3.624898933616458,3.97124865682129,0.6436760341005521
5.599999999999996,5,17.9479429376717,3.8632294412887487,3.978499342596646,0.6526152740055258
5.599999999999996,6,18.26403408175878,4.104830323110998,3.9823753476641803,0.6592438586693974
5.599999999999996,7,18.57882319646142,4.348758527098363,3.9847553079088973,0.6639841155251835
5.599999999999996,8,18.892639923786923,4.594322829834528,3.9862880859065473,0.6675536263717803
5.699999999999996,0,16.657742987071273,2.954166935008991,3.9151417146505088,0.6051494494738496
5.699999999999996,1,16.97973093224431,3.1768934713717236,3.8790335569186523,0.6123681620167291
5.699999999999996,2,17.297148065168066,3.399863042505406,3.8511872286242443,0.6213333090831938
5.699999999999996,3,17.610289578768693,3.6240485156145366,3.8334998864559804,0.6314370070322768
5.699999999999996,4,17.91972300719607,3.8503427850410263,3.824389759575603,0.6413604288271226
5.699999999999996,5,18.226166794052148,4.079152343518584,3.821752393312751,0.649981850310967
5.699999999999996,6,18.530418124619715,4.310436937723794,3.823908193267991,0.656754609988579
5.699999999999996,7,18.8332682998655,4.543909648058742,3.829518718569332,0.6617438318626098
5.699999999999996,8,19.135393483170077,4.779235984907192,3.836413640237318,0.6655303428486488
5.799999999999995,0,16.974513461783374,3.1842534696774134,3.879033556878178,0.6123663526561913
5.799999999999995,1,17.291930945104976,3.40722242502828,3.869091283284894,0.6218190153742307
5.799999999999995,2,17.606418500687738,3.6326026629757022,3.8622594375801973,0.6316589602979172
5.799999999999995,3,17.918121774233498,3.860663069964943,3.859525795158964,0.6412348131379496
5.799999999999995,4,18.227407857426822,4.09153427903917,3.8599089090387837,0.6496653538517829
5.799999999999995,5,18.534767120684545,4.325027884326833,3.8623861559499795,0.6563692502995945
5.799999999999995,6,18.84075044096745,4.560727918100708,3.866461193208665,0.6612359351908816
5.799999999999995,7,19.145904700477416,4.798164539648063,3.8719470825085067,0.6645730218672157
5.799999999999995,8,19.450696770768012,5.036956503768457,3.877746367981923,0.6669555732204056
5.899999999999995,0,17.28499513459079,3.4167833491043567,3.869091283244652,0.6218146336227695
5.899999999999995,1,17.59948367751422,3.6421622088165577,3.8808595280425613,0.6306692620263374
5.899999999999995,2,17.91291471470216,3.871010832602466,3.8911410741738477,0.6392900176187349
5.899999999999995,3,18.225186397057605,4.1031663560785425,3.900161172654554,0.6470754290012666
5.899999999999995,4,18.5363608786651,4.338289766100395,3.9075322137951867,0.6534219171631794
5.899999999999995,5,18.846622163868574,4.575831384777897,3.9132488550770144,0.6580581443780416
5.899999999999995,6,19.156231111391683,4.815158506297036,3.9179078790259396,0.6610978392145498
5.899999999999995,7,19.46547889262547,5.055711693073384,3.922361166307269,0.662936816380181
5.899999999999995,8,19.774634782795083,5.29710724336489,3.926427131678906,0.6640741950731539
5.999999999999995,0,17.59291031131492,3.6510629217205395,3.880859528002535,0.6306656421526622
5.999999999999995,1,17.906342176463532,3.8799104106038405,3.9103219676525183,0.6377689340212174
5.999999999999995,2,18.220507668865437,4.11273271312915,3.9342287261372637,0.6443323279080667
5.999999999999995,3,18.53504965613353,4.349047977001362,3.9521766423015587,0.6498340784180658
5.999999999999995,4,18.849715740602534,4.588176142206933,3.964358318149922,0.6538670414858948
5.999999999999995,5,19.16438179254734,4.829312367518014,3.971716791990387,0.65636926771515
5.999999999999995,6,19.479026434630864,5.071684251808627,3.9758501802413995,0.6575970223867462
5.999999999999995,7,19.79370040411853,5.314694895754723,3.9785394400490173,0.6579817168339206
5.999999999999995,8,20.108493643951583,5.557991026691896,3.9803747024153857,0.6579184554628272
6.099999999999994,0,17.90102568308572,3.8870197505367425,3.9103219676132577,0.637767078923428
6.099999999999994,1,18.215191605428593,4.119841469210996,3.9538829840199923,0.6427057969552707
6.099999999999994,2,18.53169082223814,4.356822809152181,3.9883199121497475,0.646949505300298
6.099999999999994,3,18.84992934271731,4.597220854809022,4.0127221425914446,0.6500577135601333
6.099999999999994,4,19.169361700583913,4.84008381814264,4.027842185888141,0.6517639451407145
6.099999999999994,5,19.489581337942433,5.0844086570135705,4.035499446648579,0.6521573041310385
6.099999999999994,6,19.810313465130058,5.329324185443575,4.038201492215983,0.6515961707164057
6.099999999999994,7,20.1313978242435,5.574223573461631,4.038552802284165,0.6505296052626295
6.099999999999994,8,20.452771152157787,5.8188016363447215,4.037783860820816,0.6492506000377543
6.199999999999994,0,18.211477256933343,4.1247717209116015,3.953882983979551,0.6427051849723735
6.199999999999994,1,18.52797661552146,4.361752865605769,3.9408798025883716,0.6449956806688726
6.199999999999994,2,18.8428932659831,4.598676594988735,3.931403517802162,0.6471659408704709
6.199999999999994,3,19.15653902910704,4.8357119104598985,3.926316986352732,0.6488451965277897
6.199999999999994,4,19.469381140683332,5.072966318342724,3.9243019331649247,0.6496488254287451
6.199999999999994,5,19.78187222317122,5.310350323577876,3.923961288694234,0.649509706683127
6.199999999999994,6,20.094369454020654,5.5476704546689515,3.9245358731905324,0.648655231555613
6.199999999999994,7,20.407115413230073,5.784758402469841,3.925980618942239,0.6474639901079853
6.199999999999994,8,20.7202590217902,6.021560929680842,3.928490723749359,0.6462559404728654
6.299999999999994,0,18.526252308287212,4.364038463685939,3.940879802549103,0.6449956293216168
6.299999999999994,1,18.841168957723582,4.6009621656363535,3.949496116785491,0.6461751555889803
6.299999999999994,2,19.156493853075474,4.838775976864261,3.9570880958747687,0.6468041020516476
6.299999999999994,3,19.472274970783054,5.077245589819174,3.9637660949795883,0.6465588205398236
6.299999999999994,4,19.788647592332246,5.3160400574658375,3.9688025177569037,0.6452552358487267
6.299999999999994,5,20.105733622363694,5.554724798631061,3.971806400123871,0.6430606560711891
6.299999999999994,6,20.423583087853636,5.7928932195597636,3.9730954201311572,0.6403828394136115
6.299999999999994,7,20.74217253695741,6.030286657962886,3.973645647330624,0.6376807405251508
6.299999999999994,8,21.06144648449188,6.266851122945127,3.9745568399563513,0.635214430991475
6.399999999999993,0,18.840280353116825,4.602138702834983,3.949496116746823,0.6461751479371606
6.399999999999993,1,19.15560524792663,4.839952510202193,3.9756376528499784,0.6455351996616921
6.399999999999993,2,19.47317039899086,5.079137222414346,3.996752716972279,0.6441300622723826
6.399999999999993,3,19.792759748707297,5.319143451854887,4.0123357974714216,0.6416928693731898
6.399999999999993,4,20.114181459434484,5.559302818338278,4.022232276524696,0.6381766421009009
6.399999999999993,5,20.437240543394083,5.7989200992039205,4.026982613264976,0.6339113445117965
6.399999999999993,6,20.76170148384888,6.03743863372415,4.027884092751122,0.6294279393402769
6.399999999999993,7,21.087301390864425,6.274553143185273,4.026819782727993,0.6252294291575056
6.399999999999993,8,21.413807625128236,6.510236220796276,4.025646466089001,0.621502843198199
6.499999999999993,0,19.156086271570512,4.8393133605773215,3.97563765281263,0.6455352002571941
6.499999999999993,1,19.473651418341614,5.0784980707181475,4.015665297409315,0.6428141754500041
6.499999999999993,2,19.795070081599043,5.319217254671509,4.04718037938866,0.639215096072089
6.499999999999993,3,20.11988234431118,5.560658168512354,4.069183537503719,0.6345240962946992
6.499999999999993,4,20.447595733765652,5.801877116635625,4.082068913081608,0.6287892293915571
6.499999999999993,5,20.777729280257713,6.041970654358075,4.087231471815301,0.6224618614802928
6.499999999999993,6,21.109794873306114,6.28027156654662,4.0868519695329795,0.6161689586667718
6.499999999999993,7,21.443322518020018,6.516456186447676,4.083611936211533,0.6104474609058834
6.499999999999993,8,21.77793049350781,6.750542913647437,4.079992116658719,0.6054167933727552
6.5999999999999925,0,19.475686023342654,5.0757725459685545,4.015665297369539,0.6428142720698276
6.5999999999999925,1,19.79710465841154,5.316491758428013,3.985149885752341,0.6413175044280963
6.5999999999999925,2,20.11643801493833,5.554904027693555,3.9610695865350642,0.6383694546181581
6.5999999999999925,3,20.434539042291227,5.790938955453261,3.9448640553710685,0.6337792916727676
6.5999999999999925,4,20.75241435689957,6.024551613447804,3.9349503101848584,0.627845636535197
6.5999999999999925,5,21.070867970893467,6.255691703364564,3.929398878276072,0.6212766476661338
6.5999999999999925,6,21.390381680837123,6.484411790432319,3.9268534467597145,0.6148640963655445
6.5999999999999925,7,21.711147573186246,6.710931463482872,3.9266578369845724,0.6091927240927317
6.5999999999999925,8,22.033176919834833,6.935617116418119,3.9283512508510214,0.6043293006724135
6.699999999999992,0,19.798222706862205,5.314991621813254,3.985149885713956,0.6413175186188047
6.699999999999992,1,20.11755605401345,5.553403890712551,3.978909576137908,0.6363927636532465
6.699999999999992,2,20.43755778988381,5.789869784584442,3.9742353111088544,0.6301905931711203
6.699999999999992,3,20.758642356112986,6.024070999238276,3.9717319049124336,0.6226390898523286
6.699999999999992,4,21.08128298220253,6.255694901871426,3.9704132343128995,0.6141002302886773
6.699999999999992,5,21.405781843177955,6.484479417487343,3.969392281661225,0.6053303885799813
6.699999999999992,6,21.732190613957496,6.710351254966801,3.968436953416246,0.5971367787031185
6.699999999999992,7,22.060360083776402,6.933487353463417,3.967970725784388,0.5900666438832602
6.699999999999992,8,22.390060206115574,7.15427176820052,3.968524499505917,0.5840632263523484
6.799999999999992,0,20.12120034069329,5.548443211684701,3.978909576099874,0.6363933316407129
6.799999999999992,1,20.441201924778227,5.784909278636129,3.9925367914406813,0.6287752088127709
6.799999999999992,2,20.764097745442953,6.0197321938718495,4.003441702475062,0.6199369105911026
6.799999999999992,3,21.08994396685763,6.252325701733105,4.011540018494282,0.6098738253780414
6.799999999999992,4,21.418778142666497,6.482092336638699,4.016424851329764,0.5990015104058728
6.799999999999992,5,21.75049439632989,6.708545701798458,4.01817393494971,0.5881464318696943
6.799999999999992,6,22.08479473092443,6.931482021895393,4.017578295122984,0.578168627534682
6.799999999999992,7,22.42125287271762,7.151039140672953,4.0160222250324304,0.5696194548383429
6.799999999999992,8,22.75944464823692,7.367627893362097,4.014872380499523,0.5623587776733753
6.8999999999999915,0,20.446768015478433,5.777185214679801,3.992536791403491,0.6287773671057117
6.8999999999999915,1,20.769663316141283,6.012008820069432,4.0221339841613615,0.6187871820989115
6.8999999999999915,2,21.097299342074606,6.245311760786162,4.045261749013834,0.6075942648447559
6.8999999999999915,3,21.429425015635,6.476253332612086,4.061275741232121,0.595235839281489
6.8999999999999915,4,21.765705388285433,6.703970774870117,4.070323976416012,0.5821663103724417
6.8999999999999915,5,22.10568897009103,6.927771413638643,4.0733697150353265,0.5692824857800932
6.8999999999999915,6,22.448784234561934,7.147337499857236,4.072128241062455,0.5575082611284305
6.8999999999999915,7,22.79433549956346,7.362783078916841,4.068832851919811,0.547417069880596
6.8999999999999915,8,23.141761797130833,7.574559175327257,4.065546494998015,0.5388082115706698
6.999999999999991,0,20.77684665372648,6.001799536426853,4.022133984125194,0.6187920425889453
6.999999999999991,1,21.104481535406535,6.235104064340252,4.064296923223059,0.6065877426526483
6.999999999999991,2,21.438403372077225,6.466796337890367,4.09674097671933,0.593187074088199
6.999999999999991,3,21.77809014951574,6.695806833111255,4.11837446035933,0.5786512668036358
6.999999999999991,4,22.122881036406852,6.921038869269732,4.129870896716151,0.5634583024229485
6.999999999999991,5,22.472026002003368,7.141620832269844,4.133000208076956,0.5485698404830084
6.999999999999991,6,22.824683390657675,7.357143545003532,4.130307070722939,0.5349764138170894
6.999999999999991,7,23.18000613075818,7.567715377424603,4.124770303956961,0.5232828303836923
6.999999999999991,8,23.537287240276612,7.773841206790041,4.119026263999002,0.5132430618052566
7.099999999999991,0,21.113088686180312,6.222518619659855,4.064296923185699,0.6065964908052613
7.099999999999991,1,21.447008487793283,6.454213810222227,4.065283847410485,0.5975504718921025
7.099999999999991,2,21.78309212803446,6.682934458810814,4.06773605057012,0.5854953093592963
7.099999999999991,3,22.122112950299943,6.907722577704038,4.071910966013798,0.5704026678645927
7.099999999999991,4,22.464839068730583,7.127594001131277,4.07632119889064,0.5533074162347094
7.099999999999991,5,22.81164886512138,7.34180632738311,4.079476555393026,0.5358313569023245
7.099999999999991,6,23.16242041393766,7.550086475102557,4.080515583994474,0.5194916179840287
7.099999999999991,7,23.516638529185762,7.7526591897712525,4.079404143899854,0.5052130790235965
7.099999999999991,8,23.873615814332588,7.950100013911475,4.0769252915876635,0.49283883255342115
7.19999999999999,0,21.453322994120622,6.444837559853409,4.065283847373983,0.5975539301995392
7.19999999999999,1,21.789405823585284,6.673559355526408,4.083649570065374,0.5835454841874228
7.19999999999999,2,22.130192275846653,6.8985627944015455,4.099647037662836,0.5671855639368222
7.19999999999999,3,22.47596342499856,7.118820670974073,4.112927667631535,0.5486010969373525
7.19999999999999,4,22.826901827095156,7.3333077563044595,4.122531545612955,0.52873478459836
7.19999999999999,5,23.18286237001331,7.541266189437226,4.127837979688304,0.509067733658246
7.19999999999999,6,23.54330892688496,7.742443599982533,4.128905073522516,0.49098231707323814
7.19999999999999,7,23.907430393800936,7.937120648593256,4.126560361955859,0.4752900197189378
7.19999999999999,8,24.274354041050113,8.1259530704372,4.122329762143737,0.46171201381921373
7.29999999999999,0,21.798937215829092,6.658884606132058,4.083649570029546,0.5835584136143257
7.29999999999999,1,22.13972073891665,6.883892448263441,4.11595608994227,0.5663289769988086
7.29999999999999,2,22.487056525664556,7.104729044405704,4.142544889069619,0.5470286437858531
7.29999999999999,3,22.840860554076848,7.320204288900661,4.162573791910834,0.5258580119866687
7.29999999999999,4,23.200879426584713,7.529147110421876,4.175585177343898,0.5037331354825052
7.29999999999999,5,23.566573145715658,7.7307025832640806,4.181754861235902,0.48212236541713305
7.29999999999999,6,23.937084907523616,7.924595367065297,4.181971923027861,0.46240208489107104
7.29999999999999,7,24.311368629738077,8.111154541586966,4.177827444888387,0.4453581135091996
7.29999999999999,8,24.68840411347341,8.291129365042366,4.171468493505886,0.430617450989308
7.39999999999999,0,22.151098047781474,6.865632489365103,4.115956089907378,0.5663528690575772
7.39999999999999,1,22.49842855162053,7.086477382913609,4.159190453332338,0.5467350708260603
7.39999999999999,2,22.853717629342633,7.302714117256937,4.193800996320567,0.5251945365760622
7.39999999999999,3,23.216576431733138,7.512983494127423,4.218550425661858,0.501979733945501
7.39999999999999,4,23.586388326556197,7.71596427503743,4.233455365727979,0.47800464485505995
7.39999999999999,5,23.962284194720972,7.910707308634324,4.239417775987048,0.45476263907264114
7.39999999999999,6,24.34314115382267,8.096924372204398,4.238074975025755,0.4336479212892784
7.39999999999999,7,24.727724070391886,8.275002872896094,4.231691563355133,0.41541630104168814
7.39999999999999,8,25.114906127858077,8.445783238384635,4.222926690287688,0.399618643217554
7.499999999999989,0,22.510948065513663,7.065429662313336,4.159190453295245,0.5467697911725974
7.499999999999989,1,22.866229633451333,7.281678732073463,4.1289759029039015,0.5374604687252329
7.499999999999989,2,23.220913445937747,7.493064197431701,4.105685467279507,0.5224111288154905
7.499999999999989,3,23.57671979287732,7.697926044645354,4.090615971630671,0.5017752134318074
7.499999999999989,4,23.9353564087242,7.894677586761135,4.08172698722296,0.4778034066362593
7.499999999999989,5,24.29781670990438,8.082367524014673,4.076465478803022,0.4535187690485793
7.499999999999989,6,24.664254867703136,8.260970309848492,4.072794335605588,0.43143811948164323
7.499999999999989,7,25.0342139476002,8.431285664775602,4.0695102128541425,0.41282124929170233
7.499999999999989,8,25.40697922819848,8.594552908492325,4.066212830735417,0.39714450058668826
7.599999999999989,0,22.872138549792872,7.2716579024406665,4.128975902867833,0.5374641077286463
7.599999999999989,1,23.22682159204863,7.4830446571224005,4.121356688887444,0.5185960309397885
7.599999999999989,2,23.584768119541906,7.687324349259765,4.116192493560099,0.49604496185186736
7.599999999999989,3,23.946776394070802,7.883235004701721,4.113999903635323,0.47035621009443057
7.599999999999989,4,24.313503451827504,8.06968346157268,4.113266457372967,0.4434393658089598
7.599999999999989,5,24.68505207359011,8.2461636258683,4.112378835340193,0.41772199532049475
7.599999999999989,6,25.060938053270917,8.412996060232368,4.110323339339688,0.39508807842085586
7.599999999999989,7,25.4403163840934,8.57120027430863,4.106890964159955,0.3762996341158088
7.599999999999989,8,25.82228172624756,8.722123181450671,4.102609538141732,0.3605476552613046
7.699999999999989,0,23.23829956798028,7.462473335544496,4.1213566888520035,0.5186263305824692
7.699999999999989,1,23.596239772026404,7.666763864903329,4.132245961221251,0.49524198482481147
7.699999999999989,2,23.959817015343063,7.863146622479697,4.14164904171115,0.46914976449112555
7.699999999999989,3,24.329232903594935,8.05040227497826,4.149436663327258,0.44104960522293735
7.699999999999989,4,24.70446898324655,8.227537351784052,4.154612301093203,0.4126375151971585
7.699999999999989,5,25.08506083634488,8.3941490089544,4.156437436590821,0.38602490668970146
7.699999999999989,6,25.470121608500712,8.550643402392568,4.154834353495099,0.3628050502995388
7.699999999999989,7,25.85856299167098,8.698098713510358,4.150481219648695,0.3435486025715866
7.699999999999989,8,26.249361982373138,8.837900583144542,4.144687466098164,0.3273562892661597
7.799999999999988,0,23.609795831875253,7.640928753407941,4.132245961186323,0.49530041999568375
7.799999999999988,1,23.9733615600304,7.8373327469491265,4.158035938126902,0.46963323531103657
7.799999999999988,2,24.34414791306722,8.025508517851849,4.178886891799683,0.44179194146356876
7.799999999999988,3,24.721913928929936,8.204181057329174,4.194144066114256,0.41250399035715124
7.799999999999988,4,25.10614811054332,8.372326312431719,4.203310472870676,0.3832976519538527
7.799999999999988,5,25.495979158107094,8.52952232617232,4.206456112851285,0.3560846778248725
7.799999999999988,6,25.89023838906686,8.676162792600966,4.204353170105774,0.33231263891733065
7.799999999999988,7,26.287673365438295,8.813321858831394,4.198465569270395,0.3124857110489274
7.799999999999988,8,26.687189355092272,8.942393603324128,4.190752945246703,0.2957015769832281
7.899999999999988,0,23.98747428442028,7.80859972289755,4.158035938092784,0.46971019455181484
7.899999999999988,1,24.35824614172857,7.996804024190742,4.195531267305249,0.442853093014707
7.899999999999988,2,24.737326132560412,8.176590541396461,4.225089847309725,0.41412928464672694
7.899999999999988,3,25.124119219561642,8.346605202794997,4.245639044662121,0.38422640039005523
7.899999999999988,4,25.517727746955003,8.505749659854798,4.2571607141288315,0.35453369450814876
7.899999999999988,5,25.916968177778543,8.653538417179092,4.2604664589314485,0.32683378785566186
7.899999999999988,6,26.320461907980608,8.790319158583012,4.257094120804102,0.30250313389611094
7.899999999999988,7,26.726842060571375,8.917142695056945,4.2491972829152616,0.2820388437475565
7.899999999999988,8,27.134973913942304,9.035404225695586,4.239267184386496,0.264575277955609
7.999999999999988,0,24.372189606724735,7.966355070421098,4.195531267269031,0.4429401802465318
7.999999999999988,1,24.75125393392898,8.14617459786044,4.16515379723353,0.42930805175261116
7.999999999999988,2,25.129972204181392,8.319545686212194,4.13987746513887,0.4092374227914355
7.999999999999988,3,25.5097747334692,8.484275483699985,4.120974399376915,0.3833285950840515
7.999999999999988,4,25.891964238491575,8.638403885794489,4.108274030919143,0.3546428366588073
7.999999999999988,5,26.277226409013483,8.78106602569443,4.099820082812013,0.32640660369957575
7.999999999999988,6,26.665562426122563,8.912523469181522,4.093694605851663,0.3012891995924357
7.999999999999988,7,27.05649332070055,9.034004946324522,4.088619288392198,0.2804664603592872
7.999999999999988,8,27.449382241269422,9.1471802419275,4.0839820777447216,0.26310753862934233
8.099999999999987,0,24.758239030672573,8.130643442198586,4.165153797198401,0.4293192804957227
8.099999999999987,1,25.13695535337196,8.30401878336438,4.151846240895603,0.4066807796740248
8.099999999999987,2,25.518277153771052,8.468250454117829,4.1417369821809515,0.3796801725354399
8.099999999999987,3,25.90295535007536,8.621752918229006,4.135509888244257,0.34920206089374517
8.099999999999987,4,26.29154876104156,8.763248660919707,4.131605681432914,0.31780493365640916
8.099999999999987,5,26.684023816673545,8.892354167138725,4.128304971132213,0.2883964460326853
8.099999999999987,6,27.07981171755275,9.009769833191825,4.124476677450719,0.26301169604096103
8.099999999999987,7,27.4780849192099,9.117002486456041,4.119782595608392,0.2422860505065109
8.099999999999987,8,27.878040026165,9.215845712121169,4.114571272890378,0.22509014180591919
8.199999999999987,0,25.147836550585865,8.277948685552854,4.151846240860696,0.40673245003890024
8.199999999999987,1,25.529149749556197,8.442200068698028,4.157621409001819,0.379202773820675
8.199999999999987,2,25.91537622651168,8.596106905589089,4.162581629832214,0.348761935401633
8.199999999999987,3,26.30657451862026,8.738356752342435,4.166754113843136,0.3163954296985272
8.199999999999987,4,26.70256840123973,8.868002526275657,4.169106535139155,0.2842203658544501
8.199999999999987,5,27.102754752402333,8.984908413677132,4.168808447030254,0.2546013254960231
8.199999999999987,6,27.50619992099231,9.089904294962494,4.1656758463907,0.2291620141739626
8.199999999999987,7,27.91188090628603,9.184532889743846,4.160265485997673,0.20833125784227158
8.199999999999987,8,28.318915674452402,9.270579037521646,4.153717371538016,0.19094867001320787
8.299999999999986,0,25.541414070231706,8.410141759516646,4.157621408967332,0.37929658231833197
8.299999999999986,1,25.92762604978435,8.564084817783852,4.178655968188998,0.34992772119944027
8.299999999999986,2,26.32016796154023,8.707341647338087,4.195387860220972,0.31832549393566545
8.299999999999986,3,26.718629554857294,8.83864750173402,4.207315061922577,0.2854269908688681
8.299999999999986,4,27.122339140579438,8.957111749323282,4.213912697143265,0.25305210929467653
8.299999999999986,5,27.53031072963915,9.062611378630656,4.215166511409631,0.2232823502386197
8.299999999999986,6,27.941364242163214,9.15594864321189,4.211745900697443,0.19757981915556186
8.299999999999986,7,28.354345418090528,9.238624000785862,4.204992992182994,0.176340765705367
8.299999999999986,8,28.76832445953,9.312391580702032,4.196699061415691,0.15846021417363143
8.399999999999986,0,25.93966948363913,8.529518408039788,4.1786559681554,0.35004146157377775
8.399999999999986,1,26.33219508251718,8.67281987990475,4.216744667348565,0.31868995723899585
8.399999999999986,2,26.732636869683137,8.804940091460232,4.245009592603432,0.2861887093303297
8.399999999999986,3,27.139872075046764,8.92477589109614,4.262360122096576,0.2534312938851875
8.399999999999986,4,27.55249330033901,9.031644854393242,4.27068226955067,0.22179819188457178
8.399999999999986,5,27.969099981586872,9.125593121522318,4.271406798579301,0.19255696444419929
8.399999999999986,6,28.388346439914766,9.207334736467072,4.266192637849814,0.16692669012859926
8.399999999999986,7,28.80903584574371,9.278218642424632,4.257102076227689,0.14536242217293882
8.399999999999986,8,29.23025642042587,9.339883236221457,4.246396873602285,0.12694591218454787
8.499999999999986,0,26.34386094330925,8.635541618605716,4.2167446673132885,0.3188268184985886
8.499999999999986,1,26.74428462340656,8.767716626735734,4.181314885968593,0.3046759489007642
8.499999999999986,2,27.143158769022605,8.89314941100254,4.151716321613261,0.28329242546468514
8.499999999999986,3,27.541782003054507,9.009197517852755,4.129390358076371,0.25535270462986537
8.499999999999986,4,27.94133180648351,9.113500498678363,4.114134295915757,0.22429297416467137
8.499999999999986,5,28.342441334242,9.205006057953998,4.1038888033771945,0.19375948210600613
8.499999999999986,6,28.745153211285178,9.28402650472668,4.096607124308518,0.16669327861473476
8.499999999999986,7,29.149139654752602,9.3519988837683,4.090859726565203,0.14433987350772245
8.499999999999986,8,29.553977683829103,9.410842156109421,4.085840027043433,0.12575304797331108
8.599999999999985,0,26.74947246924565,8.750818010955076,4.1813148859335225,0.30468831109318695
8.599999999999985,1,27.14834503294677,8.876255725283904,4.168300578729637,0.2790607476604422
8.599999999999985,2,27.549050123332492,8.991072724763583,4.156700771483447,0.24931066256984952
8.599999999999985,3,27.951869964704247,9.09363336913951,4.147199685861956,0.21650817461393335
8.599999999999985,4,28.35691035649869,9.182723483010964,4.140131379666995,0.18337040505004676
8.599999999999985,5,28.76398746905974,9.258215968452665,4.134372508473279,0.15245887214212533
8.599999999999985,6,29.17263688659374,9.321003403457459,4.128884056335183,0.12576007026249908
8.599999999999985,7,29.582274451260506,9.372790351132691,4.123205631658947,0.10392053637895553
8.599999999999985,8,29.992381146136797,9.415560437351875,4.117430653021083,0.08577167089103455
8.699999999999985,0,27.156761992000344,8.845418154254382,4.168300578695739,0.27913450239005533
8.699999999999985,1,27.557458336129393,8.960264736601136,4.1733391090249405,0.2491545610724553
8.699999999999985,2,27.961905550951098,9.063172904706104,4.175966438042615,0.2164487421133948
8.699999999999985,3,28.369758360447754,9.15285705838815,4.1762528311803315,0.18212986028436534
8.699999999999985,4,28.780476763832255,9.228499304898156,4.175047840211472,0.14842776228652987
8.699999999999985,5,29.193392050137863,9.29024134786209,4.172085736286381,0.11736643820145694
8.699999999999985,6,29.607731948232743,9.33909530534747,4.16723332429613,0.09056950217009482
8.699999999999985,7,30.0227491132973,9.376786129266733,4.160877909074877,0.06853215865819685
8.699999999999985,8,30.4378620099172,9.405279146145087,4.153853855112116,0.050093368365980905
8.799999999999985,0,27.566132528479788,8.923923324197167,4.173339108991479,0.24927471256084124
8.799999999999985,1,27.97056731905476,9.026880081760408,4.192644535539618,0.21777830849697077
8.799999999999985,2,28.379928711157692,9.117466757784936,4.206250244278014,0.18418905694142904
8.799999999999985,3,28.79343896504686,9.194503974471282,4.213738935319535,0.14953789264401074
8.799999999999985,4,29.210110463724277,9.257280778132461,4.216449956474487,0.11572527353997598
8.799999999999985,5,29.628935401808498,9.305966940876068,4.2148964671405835,0.08449566772632572
8.799999999999985,6,30.04892158642562,9.341538648001944,4.2097526220789305,0.05734671526574928
8.799999999999985,7,30.46920511479914,9.36566698404422,4.202141094481374,0.03478086349688042
8.799999999999985,8,30.889165402676547,9.380279460173288,4.1934978836178365,0.015719718291740205
8.899999999999984,0,27.978449402343077,8.98843990668745,4.192644535506814,0.21791745655074982
8.899999999999984,1,28.387798170729074,9.079083540991327,4.222908596759924,0.1859629468479423
8.899999999999984,2,28.802808177738473,9.157162150602648,4.244677735676799,0.15220346590696868
8.899999999999984,3,29.22236886533097,9.221518468442444,4.257158692450998,0.11754996588080123
8.899999999999984,4,29.645146878116808,9.271446190215055,4.262151344859742,0.08366551748372975
8.899999999999984,5,30.06987118022537,9.30706411808989,4.260869841250037,0.052137994027244006
8.899999999999984,6,30.495379200171374,9.329269381442,4.254700866510657,0.02444017137170703
8.899999999999984,7,30.920722267243725,9.33966691532644,4.245397693475185,0.001141609142838449
8.899999999999984,8,31.34526184074803,9.340151582847959,4.234874250715357,-0.01873233631046356
8.999999999999984,0,28.394549695894085,9.039852243958356,4.222908596727959,0.18610695466625793
8.999999999999984,1,28.809548449585527,9.117990616381416,4.26124331194522,0.15400752264674675
8.999999999999984,2,29.230629287966305,9.18335785244327,4.288742795862611,0.12023627322335352
8.999999999999984,3,29.656407240204185,9.234799941601427,4.304336039833086,0.08557821806913125
8.999999999999984,4,30.085265644506155,9.271590738505129,4.3102507452883225,0.051512142764943154
8.999999999999984,5,30.51571898896659,9.293783947326187,4.308324912582821,0.019529219880943784
8.999999999999984,6,30.946469331432642,9.302197236935438,4.300566400286581,-0.008878801746399375
8.999999999999984,7,31.376509035320648,9.298378902997634,4.289261214483723,-0.033054296661086315
8.999999999999984,8,31.80520091966231,9.284203639625428,4.276691338154335,-0.053867096867613276
9.099999999999984,0,28.815078825171216,9.078385630061732,4.261243311911034,0.15415143570812812
9.099999999999984,1,29.23615024982796,9.143813464101623,4.225332387340245,0.13991913699660874
9.099999999999984,2,29.654554190261326,9.202741233552896,4.19440221761872,0.11746093272952984
9.099999999999984,3,30.071104255195003,9.251895846450736,4.169937039622058,0.08737795326881095
9.099999999999984,4,30.486507356515737,9.28828552372308,4.152052152645645,0.05341764760430595
9.099999999999984,5,30.901121058696337,9.310454205792603,4.139058829765452,0.019690110895153976
9.099999999999984,6,31.314948415853483,9.31860342755315,4.129221557058672,-0.010431174569458947
9.099999999999984,7,31.727851426773025,9.314296034221925,4.1212996451071,-0.03546414120432402
9.099999999999984,8,32.13972770116918,9.299682864102898,4.11447676990974,-0.056377669771848035
9.199999999999983,0,29.238512951536965,9.126192397174282,4.225332387305909,0.13993152169585776
9.199999999999983,1,29.656916160689427,9.18512534999445,4.209730342745447,0.11258776108548409
9.199999999999983,2,30.075224295986033,9.232421567420996,4.195135925333193,0.08048574264806566
9.199999999999983,3,30.493381522432724,9.266149465020707,4.182358297280801,0.044684870108737645
9.199999999999983,4,30.9112037569166,9.284830838978202,4.171998203066402,0.008171131723492125
9.199999999999983,5,31.32839677221789,9.28823754688381,4.16320840104665,-0.026150481627544415
9.199999999999983,6,31.744586038333676,9.27734832248981,4.155154191853335,-0.05598294270381647
9.199999999999983,7,32.15946399959176,9.254094149840276,4.147457892115824,-0.08052588917468528
9.199999999999983,8,32.57288010953289,9.220727363034298,4.140107065632256,-0.10101008717621315
9.299999999999983,0,29.660305752745657,9.151195824770895,4.209730342712291,0.11267500399912408
9.299999999999983,1,30.078609349133202,9.198528661030107,4.210343778416545,0.08021864797524311
9.299999999999983,2,30.498289855810672,9.232267247414292,4.208561632400027,0.044526682874030415
9.299999999999983,3,30.91872926469468,9.251000334000405,4.204650904587835,0.006725445072635724
9.299999999999983,4,31.339185721211425,9.253827990696893,4.199672143469675,-0.030705162726068054
9.299999999999983,5,31.75895655344613,9.240934574898944,4.193540560063556,-0.06543828454533504
9.299999999999983,6,32.17741536117877,9.213511882563285,4.186222322399962,-0.09556908852993734
9.299999999999983,7,32.59413009750253,9.173564783744553,4.178086025970673,-0.12046573793140944
9.299999999999983,8,33.008913598598824,9.123354097675225,4.169773539299445,-0.1413671513965049
9.399999999999983,0,30.08122080598826,9.158182543841532,4.210343778383823,0.08036788281406756
9.399999999999983,1,30.500896186433927,9.191983770997716,4.223677305316822,0.04597135292736598
9.399999999999983,2,30.922817709604505,9.211393747914395,4.231720489897812,0.008998736622483697
9.399999999999983,3,31.34597272278677,9.215201704706852,4.2343139720142355,-0.02949647850054109
9.399999999999983,4,31.769220154270055,9.20271376138091,4.232949597757485,-0.06736122952941417
9.399999999999983,5,32.191555509043084,9.174221606425323,4.228226943226499,-0.10255140679979166
9.399999999999983,6,32.612157344704855,9.130936427672813,4.220817787969117,-0.1332834253946218
9.399999999999983,7,33.0304963413013,9.074846218706028,4.211730841368047,-0.15891500492256866
9.399999999999983,8,33.44636325517789,9.008196701513889,4.202134017652103,-0.18061186454501713
9.499999999999982,0,30.502158790463994,9.149173589857313,4.223677305284613,0.046149191837064146
9.499999999999982,1,30.924076833148998,9.168658601260647,4.24672737763324,0.010974912898451195
9.499999999999982,2,31.34872400314887,9.173319253999022,4.262049931797585,-0.02649960883377108
9.499999999999982,3,31.774779390875793,9.16202630918145,4.269159622023489,-0.06533560417580384
9.499999999999982,4,32.20078455581167,9.134153332601697,4.26994896751167,-0.10360435344915053
9.499999999999982,5,32.62548998588478,9.08999388954474,4.2656265607836765,-0.13940574420116847
9.499999999999982,6,33.047914660712266,9.030721001014768,4.257480123900795,-0.1709631599689304
9.499999999999982,7,33.46745615433948,8.958287789007896,4.247061628223792,-0.1975572084456607
9.499999999999982,8,33.88390178874283,8.874928661975545,4.235953541864594,-0.22025882626098858
9.599999999999982,0,30.923826645216053,9.124868851371863,4.246727377598497,0.011163923284114481
9.599999999999982,1,31.348472919643427,9.129609766843302,4.198559584026119,-0.004733157503777716
9.599999999999982,2,31.768324201259126,9.127622521449126,4.158063525715907,-0.02993076773751908
9.599999999999982,3,32.18394451158072,9.11517892988493,4.1272060750011255,-0.06374481682779186
9.599999999999982,4,32.59582749073596,9.088887816266965,4.105783519639639,-0.10184819157004923
9.599999999999982,5,33.00427949681243,9.047143147046393,4.091538098558966,-0.1394967017205421
9.599999999999982,6,33.40946120686759,8.99025196990208,4.082091017205418,-0.17285841533420648
9.599999999999982,7,33.811590848756204,8.920039575347873,4.075555104028872,-0.20032927911221415
9.599999999999982,8,34.21100176472889,8.838937830520475,4.070524046308961,-0.22310038467171636
9.699999999999982,0,31.34823039146281,9.10975610579457,4.198559583990311,-0.00471584975829681
9.699999999999982,1,31.7680816818188,9.107776135588566,4.171993836144146,-0.035151019353708984
9.699999999999982,2,32.185023909053875,9.09311389012742,4.149038198674265,-0.0711936741557318
9.699999999999982,3,32.59887838873088,9.063599318590832,4.13094705676229,-0.11158195410721077
9.699999999999982,4,33.00940690516812,9.017599115957335,4.117984084919646,-0.15272509660943165
9.699999999999982,5,33.416415955502295,8.954948474705358,4.108724062754368,-0.19117107922965626
9.699999999999982,6,33.819808304575275,8.876875171387493,4.1016872663904405,-0.22428383744438088
9.699999999999982,7,34.21970964842258,8.785645544616019,4.095860430373482,-0.2512313095922783
9.699999999999982,8,34.616443472773895,8.683818762391677,4.090680012088628,-0.2735169620488745
9.799999999999981,0,31.766189600241905,9.06989225878379,4.171993836109521,-0.035029752366696795
9.799999999999981,1,32.18313304140082,9.055280856423833,4.16287284180968,-0.07117911514895342
9.799999999999981,2,32.598366354715935,9.025674868484654,4.153872241570692,-0.11130092135015203
9.799999999999981,3,33.01118376842005,8.979537129402857,4.145665855447195,-0.15403220209325005
9.799999999999981,4,33.4208427636289,8.915932440466655,4.138958785547448,-0.196301016777603
9.799999999999981,5,33.82679059318119,8.835204605875825,4.133079883775964,-0.2352812179990703
9.799999999999981,6,34.228712604944846,8.738855101169225,4.127350093703367,-0.2687709087548649
9.799999999999981,7,34.6266308641871,8.629253977117699,4.121515103956161,-0.2961308318240383
9.799999999999981,8,35.020843755814326,8.508978513931556,4.115704984495845,-0.31888436847240176
9.89999999999998,0,32.17913527327772,9.010468379079885,4.162872841775561,-0.07096975075703213
9.89999999999998,1,32.59437463979725,8.980949368687735,4.162752921321264,-0.10758984304984463
9.89999999999998,2,33.00824296954869,8.9362487240396,4.162186909718004,-0.14841787236008236
9.89999999999998,3,33.41988595532695,8.874700946167746,4.161546560917078,-0.1922619951730662
9.89999999999998,4,33.82837292338279,8.795182182664583,4.160091517229334,-0.2361496237473985
9.89999999999998,5,34.232836390352624,8.697852235055747,4.157153560125685,-0.27668697133937387
9.89999999999998,6,34.6327406259025,8.584291085911048,4.152545336816111,-0.3115376796206285
9.89999999999998,7,35.02800659790408,8.457005987269532,4.146634678689781,-0.3400786437038351
9.89999999999998,8,35.41892210929884,8.318690114342557,4.140174975270193,-0.3638964277149168
9.99999999999998,0,32.58866027751475,8.935739706136502,4.162752921286813,-0.10737060110774267
9.99999999999998,1,33.002538371025395,8.891129807099363,4.17467225585266,-0.1462387430385758
9.99999999999998,2,33.415549655324156,8.830297281185945,4.18343276718435,-0.18867442678022645
9.99999999999998,3,33.82646905363015,8.75183401560496,4.189001895671774,-0.2335396777849694
9.99999999999998,4,34.23399785956504,8.654890935357816,4.191041015931208,-0.2781664904629614
9.99999999999998,5,34.63699244070861,8.539807605786807,4.189514690326495,-0.31941841575007973
9.99999999999998,6,35.034753502047764,8.408250406418105,4.184888761036364,-0.3550798470761809
9.99999999999998,7,35.427137681804524,8.262755843329506,4.178128092006499,-0.38452674608924675
9.99999999999998,8,35.81444151190048,8.106025048982701,4.170485617089637,-0.4092874257251798
10.09999999999998,0,32.994576324019036,8.843450580391904,4.174672255818843,-0.1459769251455025
10.09999999999998,1,33.40760348391348,8.782726201178413,4.200855423901119,-0.18787964761896023
10.09999999999998,2,33.820296598199114,8.704264179066776,4.219167564305558,-0.2320178307230057
10.09999999999998,3,34.23090798121123,8.60724786252769,4.229096018648802,-0.2772408882947246
10.09999999999998,4,34.63766875257849,8.49149617354431,4.232520746824603,-0.3213688865432065
10.09999999999998,5,35.039252419308774,8.357805222285025,4.230641154127679,-0.36231835674004226
10.09999999999998,6,35.43485081168457,8.20785285758748,4.224711873426344,-0.3981440998564343
10.09999999999998,7,35.82427800494618,8.044056939621377,4.216244313344774,-0.4281173158294373
10.09999999999998,8,36.20785143546291,7.869015384427949,4.206839544711859,-0.453558582542053
10.19999999999998,0,33.39683070655837,8.731780099019055,4.2008554238654385,-0.1875539261020842
10.19999999999998,1,33.80954931845061,8.653452512708448,4.155868390415723,-0.2065471361835973
10.19999999999998,2,34.21630289137185,8.568223234431898,4.1183568827966965,-0.23585707897860125
10.19999999999998,3,34.616737232576256,8.471986706668897,4.090252672534509,-0.2748333294831273
10.19999999999998,4,35.01041353653412,8.360982103640172,4.071350935243945,-0.31859727511277985
10.19999999999998,5,35.397062838412054,8.233451960858694,4.0594039567541085,-0.36168750492805746
10.19999999999998,6,35.77674430393462,8.089806446564602,4.0520200102638615,-0.39967337619937615
10.19999999999998,7,36.15001943042769,7.932131524938264,4.047287485385805,-0.4307587416678891
10.19999999999998,8,36.517787146653006,7.7631271952145875,4.04382558338794,-0.4563944707936595
10.29999999999998,0,33.804471978971556,8.630288933782715,4.155868390379202,-0.20651717972976147
10.29999999999998,1,34.21122801793593,8.54507188153384,4.126671989941584,-0.2394523469987481
10.29999999999998,2,34.61212147999743,8.447198889251652,4.1034945653195605,-0.2797941355651276
10.29999999999998,3,35.006514672538344,8.333876245636631,4.0877432071110364,-0.3262436259954767
10.29999999999998,4,35.39372913937427,8.202866873921085,4.077799929209778,-0.3743493954899675
10.29999999999998,5,35.773270747264036,8.053751706254188,4.071523940639328,-0.41904809728477227
10.29999999999998,6,36.145197437096016,7.888080596946913,4.067153500012774,-0.4569554585824987
10.29999999999998,7,36.510186588077055,7.708625221946642,4.063574716513912,-0.4872181963877185
10.29999999999998,8,36.869262611258904,7.518375436777691,4.060278365648596,-0.5118628850659521
10.399999999999979,0,34.20084488139991,8.505385196116801,4.126671989905409,-0.23929515556999098
10.399999999999979,1,34.60175324344874,8.407575672896018,4.115551268453311,-0.27993730728308897
10.399999999999979,2,34.99728789294616,8.293864740590662,4.106929822600032,-0.32577149913074466
10.399999999999979,3,35.38638074692611,8.162426161534732,4.101605136798683,-0.3751292342892696
10.399999999999979,4,35.76801977896735,8.012145468031076,4.098377354753801,-0.4240890541371878
10.399999999999979,5,36.1415528248544,7.843499853570391,4.095837223177941,-0.468416477427965
10.399999999999979,6,36.507019434868425,7.6585819301416596,4.09301180008452,-0.5054533258294625
10.399999999999979,7,36.86514125556708,7.460394742127139,4.089553393409469,-0.5348067161432843
10.399999999999979,8,37.21699468747233,7.251958566091075,4.085682136680081,-0.5586689312707965
10.499999999999979,0,34.586797633846615,8.359321200980897,4.115551268417613,-0.27963453287092455
10.499999999999979,1,34.98236646752293,8.245730176904068,4.1193638281438805,-0.3231160997289858
10.499999999999979,2,35.37298544359081,8.114930897881315,4.122581399157683,-0.37057255083103685
10.499999999999979,3,35.757259712741096,7.965631868982608,4.125488766777415,-0.4202290533630635
10.499999999999979,4,36.133915187148624,7.797324347307313,4.1272817688877,-0.4685682745026155
10.499999999999979,5,36.502158007199036,7.610932288331355,4.127220781905679,-0.5118555942478382
10.499999999999979,6,36.86198472311298,7.408782515529993,4.125047643235052,-0.5478411060071013
10.499999999999979,7,37.21412016103207,7.193930997249648,4.121099103241701,-0.5763479993490006
10.499999999999979,8,37.55965761637171,6.969344975099962,4.1162193495317965,-0.5995729147169138
10.599999999999978,0,34.964088891349235,8.194916425769906,4.119363828108501,-0.3227422545335354
10.599999999999978,1,35.354756681603945,8.064263214304251,4.135536232179495,-0.3668569232031848
10.599999999999978,2,35.74079218564922,7.915928440116752,4.148371460215309,-0.41414909061417593
10.599999999999978,3,36.12055864814886,7.748993352692164,4.157720088413221,-0.4628266415292788
10.599999999999978,4,36.49258898942783,7.5633598103308906,4.163152157656503,-0.509708360130128
10.599999999999978,5,36.855985077051855,7.360230163782956,4.164543936478703,-0.5514715189772383
10.599999999999978,6,37.21070197241943,7.142032561527561,4.162290816881155,-0.5861666508022797
10.599999999999978,7,37.557448827088606,6.911786427796816,4.157348026915988,-0.6137261763005292
10.599999999999978,8,37.89731529716033,6.672357406511026,4.151099153130225,-0.6362714500089631
10.699999999999978,0,35.333967575661134,8.013584291150295,4.135536232144702,-0.3664670378110474
10.699999999999978,1,35.720060866032725,7.865400044486374,4.161926894884349,-0.4100614965672882
10.699999999999978,2,36.101749654163264,7.6994782804390915,4.182534643564732,-0.45620401118916304
10.699999999999978,3,36.47722887116513,7.515219429020756,4.196839558597086,-0.5031704687011007
10.699999999999978,4,36.84489642261702,7.31284552687606,4.204765414137617,-0.5480971752011441
10.699999999999978,5,37.20378056698284,7.093750272307046,4.20675906956969,-0.5880291514508326
10.699999999999978,6,37.55379796974198,6.860391884989994,4.203819029562684,-0.6212496926882376
10.699999999999978,7,37.89563232666299,6.615707732024046,4.197464666110118,-0.6477459357590587
10.699999999999978,8,38.23035746552833,6.3624366658185885,4.189548765277074,-0.6695259434870062
10.799999999999978,0,35.69739344566237,7.816231215343375,4.161926894847045,-0.4096879568500541
10.799999999999978,1,36.07914417694796,7.6504520418861635,4.1176451682696715,-0.42986416154433027
10.799999999999978,2,36.4534475383098,7.478850144971046,4.082815414024691,-0.4604849360895109
10.799999999999978,3,36.81920228083524,7.2974162867937435,4.059341965808654,-0.5004603898240544
10.799999999999978,4,37.17535560549158,7.1026355829453,4.045078704948156,-0.544371569170407
10.799999999999978,5,37.52139669762782,6.893146196577981,4.037053087748764,-0.5859813057428893
10.799999999999978,6,37.85775740893664,6.669886003612378,4.032646495638527,-0.6211504977470715
10.799999999999978,7,38.18570427650774,6.4351912167056415,4.0299815047011265,-0.6487997790822109
10.799999999999978,8,38.50682821251917,6.191678456271051,4.027950252934463,-0.6709685174285618
10.899999999999977,0,36.06841728538981,7.627663811442693,4.1176451682322375,-0.4298280872945345
10.899999999999977,1,36.44272663249275,7.456075553049551,4.096210780033029,-0.4651789784403337
10.899999999999977,2,36.808822226593264,7.2723261706154165,4.0799896720578595,-0.5063471172511529
10.899999999999977,3,37.16562715745269,7.074451028112157,4.070101479705585,-0.5513515038229111
10.899999999999977,4,37.51232688567133,6.861240723747769,4.064838810620811,-0.5957499900219826
10.899999999999977,5,37.84878701617626,6.6331465734860195,4.062059455347284,-0.6351957855371645
10.899999999999977,6,38.17576769119853,6.392124637092861,4.060073231051652,-0.6672997453250702
10.899999999999977,7,38.49468841088669,6.140852805647521,4.057940121301076,-0.6920149854235489
10.899999999999977,8,38.80713837276938,5.881911786085808,4.055486406293581,-0.7116517380050948
10.999999999999977,0,36.42227890106171,7.417112214583417,4.096210779996752,-0.4649800863144975
10.999999999999977,1,36.788410712736415,7.233436074376642,4.093983560982,-0.5048565825407307
10.999999999999977,2,37.146734155953936,7.03541745484098,4.09317328156634,-0.5481288922744829
10.999999999999977,3,37.49608703644218,6.822125717125797,4.094223004693939,-0.5926695226742122
10.999999999999977,4,37.835683539734724,6.593431586744625,4.095855842433052,-0.6349017751968355
10.999999999999977,5,38.16545333455913,6.350506837925456,4.096714983831847,-0.6715874392212504
10.999999999999977,6,38.48615867209929,6.095596944784306,4.095977904961143,-0.7011254932412468
10.999999999999977,7,38.79913935391545,5.8313741530607865,4.093561093950505,-0.7237922770140821
10.999999999999977,8,39.10586995976662,5.560285647457638,4.090100183873348,-0.7418204726260393
11.099999999999977,0,36.76354201676573,7.190553361148003,4.093983560945977,-0.5045649858504055
11.099999999999977,1,37.12192313796653,6.992639272637107,4.107924299727395,-0.5443747999297479
11.099999999999977,2,37.47333604197649,6.779896702195533,4.1198505359939785,-0.5862770603653035
11.099999999999977,3,37.81652216049593,6.551960352051548,4.129623266352885,-0.6282802905787099
11.099999999999977,4,38.15062498475345,6.309239959081966,4.136391663942506,-0.6674644372993968
11.099999999999977,5,38.47549462919494,6.053198675799827,4.139546109892651,-0.7012616296703964
11.099999999999977,6,38.791768053087246,5.786122366480716,4.139079078306704,-0.7284574565089075
11.099999999999977,7,39.10062734854486,5.510575498651097,4.13569479925954,-0.749404749708908
11.099999999999977,8,39.40339964697614,5.2288502554849305,4.1307343022057825,-0.766154085044235
11.199999999999976,0,37.0954239941046,6.95084235230481,4.107924299691943,-0.5440840131756631
11.199999999999976,1,37.44689873580677,6.73820198221559,4.1353755254014875,-0.5819180581679133
11.199999999999976,2,37.792372137614386,6.5109104444352575,4.1577042651534875,-0.6211130312673977
11.199999999999976,3,38.13048963883121,6.268956722796876,4.174274556310655,-0.6598967460045884
11.199999999999976,4,38.46028059216278,6.013058896673217,4.184658303723855,-0.6958358984758017
11.199999999999976,5,38.781461157817844,5.744810496560021,4.188958125808663,-0.7268001610395488
11.199999999999976,6,39.09450497867016,5.466460795296834,4.187932619559438,-0.751790370062841
11.199999999999976,7,39.40042150758599,5.180445170657906,4.18301068353292,-0.7711518830152787
11.199999999999976,8,39.700390606429856,4.888903330042494,4.176146063946038,-0.7867334695116043
11.299999999999976,0,37.4202727782144,6.699399140708744,4.135375525366886,-0.5816698511123461
11.299999999999976,1,37.765802578184285,6.472193363372095,4.173947000195273,-0.616821552280929
11.299999999999976,2,38.10628026616381,6.230753326554154,4.204590611896234,-0.6528877439240933
11.299999999999976,3,38.44026471640416,5.975331693360211,4.226251951860393,-0.6883230375364398
11.299999999999976,4,38.766663588116316,5.706861873312718,4.238920660706423,-0.7210647606735293
11.299999999999976,5,39.08505131164634,5.427013901257525,4.243376149354391,-0.7492968873092429
11.299999999999976,6,39.39574019457925,5.137985031672335,4.241094454454148,-0.7721632857560297
11.299999999999976,7,39.69957732845707,4.842085811142048,4.2341681092061165,-0.7899810747921368
11.299999999999976,8,39.997607171303756,4.541311680370619,4.225077986933943,-0.8044082711496741
11.399999999999975,0,37.739862235249575,6.436956982184423,4.173947000158618,-0.616624868612012
11.399999999999975,1,38.080387394054426,6.19558392595034,4.144551930636792,-0.6343673063041884
11.399999999999975,2,38.41420908599513,5.949949504678204,4.120297724044978,-0.6583857702640061
11.399999999999975,3,38.74011714188586,5.697852467588098,4.1024719510503544,-0.687395079947603
11.399999999999975,4,39.05719884747025,5.437538876430858,4.090882994876509,-0.7177686329009388
11.399999999999975,5,39.36535689130103,5.168477162400553,4.083537478780235,-0.7459371248467267
11.399999999999975,6,39.665276400895124,4.891340232308787,4.078458920134413,-0.7695031211415798
11.399999999999975,7,39.95821891963871,4.607564877180062,4.074312219490157,-0.7879206392591855
11.399999999999975,8,40.2455946922981,4.318735018345975,4.070476945554912,-0.802642412684921
11.499999999999975,0,38.067100306416535,6.17785549424304,4.14455193060142,-0.6343426248514272
11.499999999999975,1,38.40092799318134,5.932229390062673,4.132424861968758,-0.6594086123159429
11.499999999999975,2,38.72753616022561,5.679056513515149,4.123536483084198,-0.688190674991974
11.499999999999975,3,39.046036805507,5.417153691208211,4.118561910721905,-0.719144144826766
11.499999999999975,4,39.35590537848882,5.145846505549127,4.115912270092176,-0.7491755477734078
11.499999999999975,5,39.65729417992743,4.865537065348026,4.113811292504623,-0.7754851163476126
11.499999999999975,6,39.95105528281526,4.5775424260012,4.111059823193102,-0.7966250904518501
11.499999999999975,7,40.23847111430307,4.283598604734677,4.107270142285103,-0.8126949689712124
11.499999999999975,8,40.52086599416249,3.9853491886759134,4.102805172542823,-0.8253468376222474
11.599999999999975,0,38.38146160604164,5.907762767497113,4.13242486193347,-0.6593375367778417
11.599999999999975,1,38.708087734624804,5.654613157565915,4.139872273163217,-0.6871136529889219
11.599999999999975,2,39.02813302570724,5.392017546294252,4.146496918996387,-0.716601922737631
11.599999999999975,3,39.340796370437516,5.119664728000613,4.152281581250008,-0.7462545523994136
11.599999999999975,4,39.6456722306818,4.837768963597819,4.156138602310101,-0.7737449719064585
11.599999999999975,5,39.94296033444887,4.5473300638545116,4.157172324254962,-0.7971491937670894
11.599999999999975,6,40.23344235149738,4.2499396220614996,4.1551413280731975,-0.8156295120904583
11.599999999999975,7,40.51823997175441,3.9473799897026396,4.1505803396537875,-0.8295406736596314
11.599999999999975,8,40.7984932348712,3.641224339885929,4.144682776067594,-0.8404545826405952
11.699999999999974,0,38.68574620489242,5.628155478632674,4.139872273128389,-0.6870162372306016
11.699999999999974,1,39.00581705860415,5.36559106080769,4.163376528773182,-0.7137654767482897
11.699999999999974,2,39.320527548478296,5.093021147065972,4.182439479171007,-0.7412711272887628
11.699999999999974,3,39.62902882710162,4.810611935422981,4.1964682311413455,-0.7681471352497048
11.699999999999974,4,39.930838556453,4.519039670411871,4.2048722122285245,-0.7925735664653126
11.699999999999974,5,40.22602711365927,4.21958422011396,4.2075866646277245,-0.8131112018656006
11.699999999999974,6,40.51519085704531,3.913932073976719,4.2052568459302755,-0.829205250964306
11.699999999999974,7,40.79924151332772,3.603836914774366,4.199248840389132,-0.8412719876500386
11.699999999999974,8,41.079129766754086,3.2907842109958603,4.191458378189053,-0.8507339121542205
11.799999999999974,0,38.98364039943328,5.3406759594845425,4.163376528739157,-0.7136787010060102
11.799999999999974,1,39.29837453296328,5.068133362888686,4.199767299347948,-0.7380105514006697
11.799999999999974,2,39.60907692218068,4.7855656858275015,4.228519344876145,-0.7626232223059309
11.799999999999974,3,39.91481000435181,4.493450910196841,4.248571754711037,-0.7863217692281623
11.799999999999974,4,40.214951994018136,4.192754008867251,4.259821995353308,-0.8076308979122965
11.799999999999974,5,40.50939723398639,3.8849162305388343,4.262982974736315,-0.8254102998619183
11.799999999999974,6,40.79853909458156,3.571658307587705,4.259513835346743,-0.8392596808649359
11.799999999999974,7,41.08308497423128,3.2546823282952477,4.251522946438042,-0.8495981411858927
11.799999999999974,8,41.36381199605623,2.9353806250739343,4.2414902458624795,-0.8576932025544755
11.899999999999974,0,39.27768079046102,5.0459264211240065,4.199767299315143,-0.7379459442176239
11.899999999999974,1,39.588401425473165,4.763378829895805,4.2513639941231105,-0.7605370456362945
11.899999999999974,2,39.896398282945285,4.47032776779458,4.289997800688658,-0.7824273918642614
11.899999999999974,3,40.200646777098214,4.16788163089819,4.3140646533615765,-0.8025962934237472
11.899999999999974,4,40.50040636757761,3.8576300137150885,4.325870625729136,-0.8203022137263499
11.899999999999974,5,40.79543258403743,3.5412549148481727,4.327554845939375,-0.8349536787266302
11.899999999999974,6,41.08590774319988,3.220463617395869,4.321545017810562,-0.8463307856427774
11.899999999999974,7,41.37231911476911,2.8968352775193997,4.310643055471359,-0.8548116947895992
11.899999999999974,8,41.65526146119862,2.5716104369107438,4.297748365197606,-0.861456482415261
11.999999999999973,0,39.568745820572175,4.743169749555259,4.251363994088931,-0.7604862827184563
11.999999999999973,1,39.8767575315763,4.450134351544945,4.2264543426950025,-0.7704088563527667
11.999999999999973,2,40.18005894441167,4.155791849916539,4.204667055683743,-0.7837830642499094
11.999999999999973,3,40.47785385735733,3.8589572221779957,4.18703488734986,-0.799681048742914
11.999999999999973,4,40.76966370937147,3.558690032404395,4.173755744564889,-0.8160254199019048
11.999999999999973,5,41.055617665665196,3.2546605747439923,4.163412069296724,-0.8308164897943092
11.999999999999973,6,41.33634644890459,2.9471984245098968,4.154641857829124,-0.8428357981131782
11.999999999999973,7,41.61277634518821,2.637038734592945,4.1466618311397845,-0.8519328933521194
11.999999999999973,8,41.88584815023509,2.324977287644556,4.139192017386593,-0.8590273966528592
12.099999999999973,0,39.86808079166475,4.441276500368808,4.226454342661569,-0.7704048195637845
12.099999999999973,1,40.17138332905947,4.146935313221577,4.222574101090818,-0.7850825084740688
12.099999999999973,2,40.470058659146964,3.8484484773022793,4.217553353902234,-0.8008546464611341
12.099999999999973,3,40.763639835808476,3.54564859782426,4.211701331633377,-0.8167177359368973
12.099999999999973,4,41.05198042430699,3.2386563051708435,4.205749568042568,-0.8313414606411922
12.099999999999973,5,41.33540007527958,2.927919886296071,4.1992036976744895,-0.8436002694440333
12.099999999999973,6,41.61455428777842,2.6142213020524254,4.191695166378558,-0.8529833823859938
12.099999999999973,7,41.89025900852196,2.2984826961177443,4.183389348070518,-0.8597357692211933
12.099999999999973,8,42.16328338611283,1.9815189640872346,4.174864818480506,-0.8648224095833522
12.199999999999973,0,40.15833251423069,4.134058171862268,4.222574101058383,-0.7850687649347347
12.199999999999973,1,40.45701192919206,3.8355754620763194,4.235630083670898,-0.7996784017849679
12.199999999999973,2,40.75220882488031,3.531824872753486,4.243825234362031,-0.8143608042240628
12.199999999999973,3,41.04347673318442,3.223176958736212,4.246883359798477,-0.8281965565954101
12.199999999999973,4,41.330653320610736,2.910303503211148,4.246056213991554,-0.8402943073532955
12.199999999999973,5,41.613968810307966,2.5940403563709964,4.241704528117477,-0.8499538925200603
12.199999999999973,6,41.89392914924528,2.2753819791816916,4.234360478119736,-0.8569762187478073
12.199999999999973,7,42.17116433285054,1.9553202841310793,4.225024361521516,-0.8617438672856617
12.199999999999973,8,42.446262763815454,1.6346488046345504,4.2149817592667045,-0.865160354743533
12.299999999999972,0,40.44383606956835,3.8229488004259737,4.235630083639044,-0.7996647719885793
12.299999999999972,1,40.73903710122478,3.5192022390010638,4.261943494889364,-0.812402570839519
12.299999999999972,2,41.03215495133051,3.2098100042406497,4.280193149754787,-0.8247478258975054
12.299999999999972,3,41.32266971765823,2.8954826144943713,4.289643746748418,-0.8358982862657659
12.299999999999972,4,41.610295405613826,2.577234195357204,4.292046883531853,-0.8452365266658659
12.299999999999972,5,41.895096701847024,2.256133434348377,4.288545718127768,-0.8522947247752335
12.299999999999972,6,42.1773950451864,1.933292995093574,4.280478704696753,-0.8570411446109307
12.299999999999972,7,42.45763082864396,1.60972488076299,4.269570368053095,-0.8599170442081706
12.299999999999972,8,42.73622378314871,1.286178066783976,4.257674341226588,-0.8617405279792617
12.399999999999972,0,40.727418593417624,3.508327480517131,4.26194349485834,-0.812393592135058
12.399999999999972,1,41.02053921839755,3.198937882435211,4.298198933747864,-0.8226460214901818
12.399999999999972,2,41.312938904295095,2.883902052700824,4.3236842720799995,-0.8322747668555619
12.399999999999972,3,41.60400734611201,2.56418088410314,4.337320558324861,-0.8405871979894248
12.399999999999972,4,41.89331792710079,2.2410351191485187,4.341332372923087,-0.847148075190465
12.399999999999972,5,42.18076876097204,1.9156965579358647,4.337568674665877,-0.8516321589639053
12.399999999999972,6,42.466511632047,1.589353647809411,4.3280782903042,-0.8541202155326891
12.399999999999972,7,42.750820030615984,1.2630144288107847,4.315201812199813,-0.8550931441475245
12.399999999999972,8,43.0339668753869,0.9373693779840079,4.301232754315809,-0.8552906076897826
12.499999999999972,0,41.01110772434349,3.1902675792656714,4.298198933714547,-0.822641406699911
12.499999999999972,1,41.303508858647604,2.87523310829641,4.260145232898631,-0.8271149663675088
12.499999999999972,2,41.59192153473437,2.5616943607135956,4.227163496815039,-0.8327377512320142
12.499999999999972,3,41.87634760152899,2.248978693205137,4.200744718446112,-0.8388374466394867
12.499999999999972,4,42.15709540018279,1.9364989885631032,4.181001985729651,-0.8444486899622196
12.499999999999972,5,42.43477429525336,1.6239247047952072,4.166247542204353,-0.8487267963351245
12.499999999999972,6,42.710138305041426,1.3112725019720202,4.154772149656409,-0.8513821938943156
12.499999999999972,7,42.98391497611307,0.9987533550066169,4.1453762321892444,-0.8526682291183693
12.499999999999972,8,43.256671281101276,0.6865899297349078,4.137247096080019,-0.8532046180853129
12.599999999999971,0,41.29938583388778,2.8714559216544853,4.260145232864781,-0.8271146264849347
12.599999999999971,1,41.587798585308924,2.557917312543272,4.243472503613939,-0.832675453473547
12.599999999999971,2,41.87334144677308,2.244013084284093,4.227655507559858,-0.8380800530492345
12.599999999999971,3,42.15612563431284,1.9297459760090732,4.213471521061677,-0.8426842956305933
12.599999999999971,4,42.436515977520585,1.6152389351107286,4.2015592860673,-0.8459860168425777
12.599999999999971,5,42.71507661317613,1.3006996119763463,4.191141808742768,-0.8476404733952678
12.599999999999971,6,42.99242711486188,0.986480851909823,4.181480897505392,-0.8477638121923824
12.599999999999971,7,43.26909966098767,0.6729522336932228,4.172296206334504,-0.8468316323507767
12.599999999999971,8,43.5454560153282,0.3603697410052981,4.163613522707517,-0.8454551110318073
12.69999999999997,0,41.582645052801325,2.55325380086469,4.24347250358142,-0.8326747141708499
12.69999999999997,1,41.86818814572757,2.2393497844246637,4.243785825824341,-0.8368299948208325
12.69999999999997,2,42.152445404999355,1.924238704722447,4.241344772972145,-0.8402452702182525
12.69999999999997,3,42.43546194046279,1.6083404517551938,4.23636251970338,-0.8423511819234901
12.69999999999997,4,42.71748099502028,1.2922186017123258,4.229981448499963,-0.8429173937477535
12.69999999999997,5,42.998896707694755,0.9764132965706015,4.222251613430627,-0.8418642401618699
12.69999999999997,6,43.280130363691015,0.6614807080946243,4.213296602066206,-0.8395248155379427
12.69999999999997,7,43.56150237154226,0.34787303681157056,4.203626845666807,-0.836480526397213
12.69999999999997,8,43.843180072332046,0.03584092073574481,4.193943382920152,-0.8332875417513302
12.79999999999997,0,41.86432479352555,2.235878450104588,4.24378582579247,-0.8368296835631608
12.79999999999997,1,42.14858215083351,1.9207674589092476,4.257147172497962,-0.8386904565750093
12.79999999999997,2,42.433145788680875,1.604134300216104,4.2647216130270795,-0.839510926609146
12.79999999999997,3,42.71795540490519,1.2867039803529328,4.266293651816092,-0.8387953372384495
12.79999999999997,4,43.003097332643634,0.9693604615070823,4.263479520666063,-0.8364892898635152
12.79999999999997,5,43.28878222988202,0.6528837469243414,4.257068411983211,-0.8326784547406918
12.79999999999997,6,43.57524048429106,0.3379714741830784,4.247935575393708,-0.8278469188834781
12.79999999999997,7,43.86259990037456,0.02511870037676407,4.237257881876642,-0.8226521151729579
12.79999999999997,8,44.15085471320528,-0.2854549207726154,4.2262624733113325,-0.8175924876102265
12.89999999999997,0,42.14685082322533,1.9192142358180184,4.257147172466653,-0.8386904286210052
12.89999999999997,1,42.43141446998011,1.6025810852075404,4.280054611428761,-0.8379612691173104
12.89999999999997,2,42.71774137801748,1.2844528439252447,4.294689479524136,-0.8359983379254641
12.89999999999997,3,43.00567339679336,0.9658013850855197,4.300529062193011,-0.8323639775083849
12.89999999999997,4,43.29515491943525,0.6477664166568917,4.299627101367792,-0.8271280587285754
12.89999999999997,5,43.586237324165566,0.3313171970701393,4.293421335623625,-0.8204981549901236
12.89999999999997,6,43.87898937005793,0.017257560337323327,4.283429100551338,-0.8130905717280064
12.89999999999997,7,44.17337423353317,-0.293900193023918,4.271374383474633,-0.8056396548362161
12.89999999999997,8,44.46923499711912,-0.6019870552264683,4.258875146304709,-0.7985974072252715
12.99999999999997,0,42.43209164787737,1.603191054053192,4.280054611265384,-0.8379612691731352
12.99999999999997,1,42.718418554884565,1.2850628140652676,4.2314493679024014,-0.8374848467776854
12.99999999999997,2,43.00164370631095,0.9706821755973036,4.190010698598181,-0.8353152055485045
12.99999999999997,3,43.28277005127641,0.6599893973701245,4.157694406151553,-0.8310724433101178
12.99999999999997,4,43.56303375103878,0.35287911922659027,4.134464576724799,-0.8250864696568547
12.99999999999997,5,43.84355469043558,0.04915840214906031,4.118283297102613,-0.8178583915558125
12.99999999999997,6,44.125157129068995,-0.2513460347801775,4.106984526859771,-0.8101908456600432
12.99999999999997,7,44.40827644428401,-0.5488638868079677,4.0988355553249205,-0.8028452981082367
12.99999999999997,8,44.693007390190694,-0.8437078061447557,4.092449823958537,-0.7961445699083254
13.09999999999997,0,42.71886092293592,1.2854615186990168,4.231449367902427,-0.8374848460291756
13.09999999999997,1,43.00208604882339,0.9710809124313738,4.203370583325933,-0.8335752320210424
13.09999999999997,2,43.28465058135906,0.6598887796528269,4.178535225404632,-0.8278903927737187
13.09999999999997,3,43.567299734172124,0.352137099219594,4.158234624883617,-0.820163062826188
13.09999999999997,4,43.850933936037094,0.048063115241831586,4.142915661350904,-0.8108766652555017
13.09999999999997,5,44.13632455323639,-0.2522535541072102,4.131380319600696,-0.8006459266625559
13.09999999999997,6,44.42396974045022,-0.54880697835114,4.1223508001371645,-0.7903709659672367
13.09999999999997,7,44.71401163779138,-0.841747746413591,4.114930593833261,-0.7808412830290675
13.09999999999997,8,45.00630491355916,-1.1313889803937585,4.108507795786652,-0.7722792648279686
13.199999999999969,0,43.00569779964879,0.9743727151574549,4.203370583325965,-0.8335754798034313
13.199999999999969,1,43.2882622385074,0.663180522935028,4.1914499758304675,-0.8265847000927891
13.199999999999969,2,43.57218775047551,0.3548481642963015,4.179473288848408,-0.8176747771618513
13.199999999999969,3,43.85803012248376,0.04993149582465588,4.168215509620541,-0.8066431965314727
13.199999999999969,4,44.14643993745521,-0.2510007204882493,4.15857634464874,-0.7941024611644971
13.199999999999969,5,44.43792551806774,-0.5476052040571932,4.1501044060345675,-0.7807963314657127
13.199999999999969,6,44.73273035663051,-0.8397089658773526,4.142293156624115,-0.7677632011333748
13.199999999999969,7,45.030755332886905,-1.1274034825974764,4.134950033609136,-0.7558639009782133
13.199999999999969,8,45.33164821279573,-1.4110277989537001,4.128076558147955,-0.7452500669907905
13.299999999999969,0,43.294669330168766,0.6691207844666873,4.191449975953571,-0.8265861963207946
13.299999999999969,1,43.57859436986247,0.36078800740718686,4.191839147241323,-0.8166377282463928
13.299999999999969,2,43.86559940149563,0.055266692783382344,4.189456118034729,-0.8045895053324037
13.299999999999969,3,44.156099318835466,-0.24660295695999362,4.18469037201901,-0.7902786922152937
13.299999999999969,4,44.450554179464284,-0.5439460438481751,4.1788574227487345,-0.7744357584119634
13.299999999999969,5,44.749266082472694,-0.8361793433701696,4.172157284757255,-0.7579396347178513
13.299999999999969,6,45.052271701693144,-1.1229852855559916,4.1647397228828655,-0.7419894911282336
13.299999999999969,7,45.35926678999223,-1.4044210097527867,4.156991048281567,-0.7275430400256402
13.299999999999969,8,45.66971690838818,-1.6808773208969503,4.14938215707965,-0.7146992136610809
13.399999999999968,0,43.58761338415398,0.36934368238444376,4.191839147208389,-0.816642089896847
13.399999999999968,1,43.8746170748786,0.0638211194480709,4.2011984833311775,-0.8037651847093426
13.399999999999968,2,44.16618059181171,-0.23865434608596586,4.20560722202331,-0.7885732066363893
13.399999999999968,3,44.462616298417814,-0.5369784155127925,4.205183041364901,-0.770924908669709
13.399999999999968,4,44.76424026988585,-0.829995301703129,4.201615082196934,-0.7516646987236881
13.399999999999968,5,45.071191320056215,-1.1169055544536595,4.195659767232259,-0.731816935275508
13.399999999999968,6,45.38333364368302,-1.3972699205733108,4.188012253786335,-0.7127645869348218
13.399999999999968,7,45.70018256500623,-1.6711370266606098,4.179521396398535,-0.6955840813142586
13.399999999999968,8,46.02103809688683,-1.9389764185315057,4.17100094412717,-0.6803323334684535
13.499999999999968,0,43.886128769519104,0.07505858369765783,4.201198483295512,-0.8037746569492741
13.499999999999968,1,44.17768941561131,-0.2274196420506577,4.142784698241373,-0.7974099445567981
13.499999999999968,2,44.4670887674793,-0.5238562678773236,4.0942580948906695,-0.786074724971602
13.499999999999968,3,44.756400618208716,-0.8135598685575174,4.058087085981926,-0.7696916027286593
13.499999999999968,4,45.04782217266931,-1.0959678161122859,4.0339169836392745,-0.7501056844475867
13.499999999999968,5,45.34295039122394,-1.370966516345669,4.019134197372625,-0.7294309345637848
13.499999999999968,6,45.64259851237995,-1.638819975368573,4.010874199008848,-0.7098030609077082
13.499999999999968,7,45.94681942346021,-1.9002024310148473,4.006659169133325,-0.6925937579631332
13.499999999999968,8,46.25516886774554,-2.1560418326791035,4.004440638265848,-0.6777340195425094
13.599999999999968,0,44.18336421991618,-0.22184506171026114,4.142784698203589,-0.7974110766594245
13.599999999999968,1,44.472763231659904,-0.5182820077638196,4.099329800824693,-0.7832415616376934
13.599999999999968,2,44.76325414695951,-0.8075226120464538,4.064496458819747,-0.7649472716590194
13.599999999999968,3,45.056474765598104,-1.0889885770697805,4.040287859603447,-0.7426351984210876
13.599999999999968,4,45.35411858232607,-1.362205573131554,4.024982233669568,-0.7179011295104702
13.599999999999968,5,45.65727560679235,-1.6269709674170367,4.016059681191044,-0.6930817398327387
13.599999999999968,6,45.9662234477279,-1.8835613440460206,4.011233706401189,-0.6702792127572647
13.599999999999968,7,46.28056311869102,-2.1327410730439285,4.008742172972765,-0.6506856390401365
13.599999999999968,8,46.59952616155993,-2.3755634711915725,4.007313567106783,-0.6339298371303739
13.699999999999967,0,44.48516133556693,-0.505649754889786,4.099329800674017,-0.7832543354634753
13.699999999999967,1,44.77564848268019,-0.7948940556269255,4.072638174210225,-0.763641185889105
13.699999999999967,2,45.06982447432137,-1.0765398787308125,4.051380156357911,-0.7401899103482076
13.699999999999967,3,45.36895451052906,-1.3497764263911751,4.037030732438008,-0.7131184505311621
13.699999999999967,4,45.67428576839653,-1.6138772264446133,4.028281312448374,-0.6840753295151525
13.699999999999967,5,45.98647941712393,-1.8684471633864024,4.023293683772818,-0.6554845879313391
13.699999999999967,6,46.30542736198474,-2.1136843724836307,4.020488399976477,-0.6295092191442275
13.699999999999967,7,46.630410260225716,-2.350389815474373,4.018763246651142,-0.6073190499138337
13.699999999999967,8,46.96042348325467,-2.579727716707593,4.01746406828145,-0.5883760598033945
13.799999999999967,0,44.79239829589142,-0.7770360079635572,4.072638174210253,-0.763675873975674
13.799999999999967,1,45.08656443440822,-1.058692003693177,4.0591369168719496,-0.739993766952389
13.799999999999967,2,45.38632070594092,-1.332392856274811,4.048418251346886,-0.712388143644447
13.799999999999967,3,45.692706435247544,-1.5970149401798794,4.041545725454963,-0.6811174078062052
13.799999999999967,4,46.00668216105648,-1.851495585078365,4.037585840855793,-0.6479454506854834
13.799999999999967,5,46.32860953236657,-2.095183934268665,4.035291285574456,-0.6155080219824971
13.799999999999967,6,46.658083409721144,-2.328170914891899,4.033683798294758,-0.5861549459493717
13.799999999999967,7,46.9941192668724,-2.551298903965156,4.032209530881488,-0.5611243741165581
13.799999999999967,8,47.33550938302976,-2.765868246941255,4.030704777731572,-0.5397543201519754
13.899999999999967,0,45.10620947580966,-1.0366249365268694,4.05913691698069,-0.740055793756705
13.899999999999967,1,45.40594870409005,-1.3103443560485544,4.029383663992686,-0.7179202746624032
13.899999999999967,2,45.709431988733336,-1.5754051500585295,4.003673478793876,-0.691011005706814
13.899999999999967,3,46.01795589876775,-1.8305659066215694,3.9837291591157022,-0.6596865405144092
13.899999999999967,4,46.33274398516856,-2.074716452169011,3.9690927214780816,-0.6262350351707294
13.899999999999967,5,46.65433589931061,-2.3073445649821434,3.9589363226001715,-0.5938830502216783
13.899999999999967,6,46.982442755363365,-2.5288805420568066,3.952641720323801,-0.565341409313838
13.899999999999967,7,47.316206890681116,-2.740625867611376,3.9497918876419775,-0.541856355529553
13.899999999999967,8,47.654607366196736,-2.944328176894201,3.9496263134891794,-0.5224583736181585
13.999999999999966,0,45.42386982976854,-1.2893259956187761,4.029383663955162,-0.7179715182677602
13.999999999999966,1,45.727339529396666,-1.5544023412671337,4.012959228621224,-0.6891253406775018
13.999999999999966,2,46.03706088126737,-1.8095713774682758,3.998006235715181,-0.6560291113538625
13.999999999999966,3,46.353871443546176,-2.0534398478917506,3.9858251509538545,-0.6192415068804379
13.999999999999966,4,46.678444869671495,-2.2847841504017956,3.9762915506779772,-0.5811137238906752
13.999999999999966,5,47.01080389662462,-2.5030648255148717,3.969123570989711,-0.5449232534185433
13.999999999999966,6,47.350230646469036,-2.7088059711157904,3.9642692083490747,-0.5133561548538641
13.999999999999966,7,47.6955599319535,-2.9034941109654913,3.9618442175888755,-0.4875301624440749
13.999999999999966,8,48.04558828009853,-3.089086982563604,3.961591924130739,-0.4662220741890476
14.099999999999966,0,45.749758828486975,-1.5262979100987732,4.012959228583945,-0.6892392448509366
14.099999999999966,1,46.05945094814963,-1.7815021601396073,4.007186522546881,-0.6556117927425875
14.099999999999966,2,46.377090765002684,-2.0257980539751754,4.000726505349475,-0.6178021234820676
14.099999999999966,3,46.70321162848215,-2.257538175268479,3.9945383540214423,-0.5764656625573286
14.099999999999966,4,47.038111572027816,-2.4752661389123825,3.988791837343478,-0.5340913577345187
14.099999999999966,5,47.38143945957357,-2.6783192650110657,3.9836755204280827,-0.4941718008543379
14.099999999999966,6,47.732147233381724,-2.8672663636494917,3.9796230951882863,-0.4595341741480992
14.099999999999966,7,48.088825278667116,-3.043775503305694,3.9772047491701663,-0.4312761920068408
14.099999999999966,8,48.45012880929826,-3.2100357010768983,3.9765810499377685,-0.4079588589731078
14.199999999999966,0,46.0843526702657,-1.7478501138239524,4.00718652250716,-0.655794003319481
14.199999999999966,1,46.401947850265614,-1.992203833417944,3.9392921026654086,-0.6383031008344195
14.199999999999966,2,46.71831568293162,-2.226920133930048,3.884570111723314,-0.6113483686252663
14.199999999999966,3,47.036413834185794,-2.449883882805958,3.846125576776493,-0.5752397814749963
14.199999999999966,4,47.35912827047012,-2.6591272880841728,3.822167779366876,-0.5341051232203526
14.199999999999966,5,47.688112331825394,-2.8537030525130014,3.809702268639418,-0.4935515351723409
14.199999999999966,6,48.02361671519085,-3.034190459311043,3.8058208466138033,-0.4580513863230045
14.199999999999966,7,48.36496777445049,-3.202484656425132,3.807988925006362,-0.42946668650348635
14.199999999999966,8,48.71118690299285,-3.361044467124139,3.8137297211979266,-0.40635206390003
14.299999999999965,0,46.41478896331893,-1.9745377736350527,3.9392921026234484,-0.6383285240067724
14.299999999999965,1,46.73115069012208,-2.2092620393173568,3.892941590844773,-0.604528163497267
14.299999999999965,2,47.051450870704954,-2.430526673540126,3.856058960341743,-0.5640511563596342
14.299999999999965,3,47.37732522523903,-2.636676871681674,3.8310473075188685,-0.5181245460055791
14.299999999999965,4,47.71014739008226,-2.8264113140734954,3.8164821991384383,-0.470809178280531
14.299999999999965,5,48.050276811207794,-2.9995357401137186,3.810062965623391,-0.42698718068530706
14.299999999999965,6,48.3970885216264,-3.157334978320619,3.8096462709793313,-0.39010242112303384
14.299999999999965,7,48.749455576957075,-3.3022287971406383,3.8134738715421546,-0.36109905191297276
14.299999999999965,8,49.106242507542134,-3.4369829078905965,3.819890411559368,-0.3378834421136735
14.399999999999965,0,46.75437981574056,-2.174183149858602,3.8929415908033618,-0.6047183076635606
14.399999999999965,1,47.074637437219664,-2.395508698721212,3.852878344297366,-0.5661671796938135
14.399999999999965,2,47.39980624099296,-2.60217757343743,3.820909595390164,-0.5214092621752661
14.399999999999965,3,47.73112422067976,-2.7924980875383776,3.799395577292951,-0.47192590237384596
14.399999999999965,4,48.069534794441836,-2.9652202266703203,3.787354104633347,-0.4219795626928403
14.399999999999965,5,48.415050855265896,-3.1203403290987515,3.7830599027297755,-0.3765346368130743
14.399999999999965,6,48.76686241360679,-3.2594482495266055,3.78487164705515,-0.3388347349627794
14.399999999999965,7,49.123842039949864,-3.385259237501105,3.791162491862344,-0.309375517990795
14.399999999999965,8,49.484973818591214,-3.5006931305452773,3.7993247944284705,-0.2855361393749127
14.499999999999964,0,47.099401339810946,-2.3544886983279323,3.852878344256586,-0.5664585975999664
14.499999999999964,1,47.42450981429462,-2.5612523208311098,3.830722522691124,-0.5206430156895722
14.499999999999964,2,47.756824920939266,-2.7518070499593326,3.8133952069171926,-0.46981361659979953
14.499999999999964,3,48.096847352142156,-2.924447096880532,3.8026479889702847,-0.4159262236947745
14.499999999999964,4,48.44469200578004,-3.0780886518574473,3.7978346972568358,-0.36323605220269983
14.499999999999964,5,48.79969751832895,-3.213027599562306,3.797866114353873,-0.3163915309962311
14.499999999999964,6,49.16063839039093,-3.331196877742814,3.8018099574060393,-0.27813052071788436
14.499999999999964,7,49.52621692461403,-3.435582261807014,3.808755061639529,-0.24850805346090485
14.499999999999964,8,49.895400981651534,-3.5292652200897354,3.816807428077391,-0.22464105853133942
14.599999999999964,0,47.45137678789824,-2.5112050021303824,3.830722522650408,-0.521139917393201
14.599999999999964,1,47.783597047300404,-2.7019248231534965,3.823841465433704,-0.4715084974596604
14.599999999999964,2,48.12425703322255,-2.875615447296229,3.8188486337194267,-0.41766911131759393
14.599999999999964,3,48.47331389191564,-3.03051980045002,3.8169624793362376,-0.36180938508789295
14.599999999999964,4,48.83029849782817,-3.16562780764888,3.8178574286630327,-0.3080733116211769
14.599999999999964,5,49.194110439568675,-3.281394464346712,3.8210384757117546,-0.26080837999035333
14.599999999999964,6,49.563293730824086,-3.3799248942703812,3.8262349879012456,-0.22242974763197412
14.599999999999964,7,49.93649265026362,-3.464332136045328,3.8331969959837,-0.19276901967293722
14.599999999999964,8,50.31271363308146,-3.5377678177953817,3.84066146346133,-0.16886061878039896
14.699999999999964,0,47.80981441343557,-2.6463598008896048,3.8238414653923374,-0.4721465542549229
14.699999999999964,1,48.150363475065795,-2.820267743781246,3.8300579826179155,-0.42060832329302483
14.699999999999964,2,48.49998676801409,-2.9766550759673063,3.8354818450465884,-0.36558220438189315
14.699999999999964,3,48.85818847755729,-3.113770900783684,3.8408619033085083,-0.30931228286948353
14.699999999999964,4,49.22404725058114,-3.2306881542816517,3.8461841394447074,-0.2557091637633377
14.699999999999964,5,49.59615973923112,-3.3279703332554416,3.8515168578767223,-0.2087832482393015
14.699999999999964,6,49.97294762110883,-3.407800621089031,3.8572144222255407,-0.17069371588817162
14.699999999999964,7,50.353063473973734,-3.473321574628496,3.8636443721008025,-0.14116312660828184
14.699999999999964,8,50.7355847805881,-3.527681054761818,3.8701066800598065,-0.11726791292016646
14.799999999999963,0,48.174523114712024,-2.7612736786893333,3.830057982577079,-0.4213245169448575
14.799999999999963,1,48.52403431120253,-2.917911367333448,3.8475847846668323,-0.3691418077467393
14.799999999999963,2,48.88287443547722,-3.0567380678066085,3.861842577320601,-0.3140980137388658
14.799999999999963,3,49.25016481847396,-3.176053068614661,3.873162083203643,-0.2584016916284068
14.799999999999963,4,49.624622059231065,-3.2750261577901383,3.8818356562780925,-0.20567108748470359
14.799999999999963,5,50.00462438666602,-3.354302599512042,3.888472895900633,-0.1595723203262718
14.799999999999963,6,50.388531501668034,-3.416088876775446,3.8940263361599015,-0.12205099706207938
14.799999999999963,7,50.775037644959625,-3.463498076029962,3.899447578083605,-0.09278577699128554
14.799999999999963,8,51.16330614310173,-3.4996278118252837,3.9045445844568785,-0.06896781257790885
14.899999999999963,0,48.54537107903012,-2.857008881569719,3.8475847846240154,-0.3698824913162516
14.899999999999963,1,48.904108277479104,-2.9961013312152467,3.800795858863629,-0.34332841454089846
14.899999999999963,2,49.26200691116067,-3.1240451011082184,3.7647273939327635,-0.3064941857226994
14.899999999999963,3,49.620938904248604,-3.2376347488941413,3.7419065906932234,-0.26028982740579987
14.899999999999963,4,49.98253569550697,-3.3339390763355383,3.7306958593914077,-0.2103561051557327
14.899999999999963,5,50.347402481776186,-3.411842928424039,3.7285492567633827,-0.16361516400945852
14.899999999999963,6,50.71531352941348,-3.4725810190049557,3.733095299118994,-0.12465298369038286
14.899999999999963,7,51.085779936010084,-3.5190006374108727,3.7421730737622028,-0.09442269863629138
14.899999999999963,8,51.4583996857979,-3.5542884014628946,3.752889718153099,-0.07023501736070299
14.999999999999963,0,48.914737183541106,-2.964748234486401,3.8007958588187813,-0.3434224165412094
14.999999999999963,1,49.2726230923635,-3.0927254521501077,3.7771207690015283,-0.2998237911672626
14.999999999999963,2,49.63348513114937,-3.204283310122805,3.7599288484088498,-0.2503858340594991
14.999999999999963,3,49.997753405228565,-3.2974459491310597,3.750953398884329,-0.19740357583910007
14.999999999999963,4,50.365564990425035,-3.371012395444875,3.7489792338115047,-0.14579127873058212
14.999999999999963,5,50.73649152080492,-3.425479566915258,3.752275973081802,-0.10038157811924446
14.999999999999963,6,51.109843726303254,-3.4630883131831176,3.7593937159379607,-0.06374310684738517
14.999999999999963,7,51.48503984872464,-3.487042742403745,3.7691139558907802,-0.03570817739099561
14.999999999999963,8,51.86173450889233,-3.500505721787394,3.7794869033074763,-0.013371119163333486
15.099999999999962,0,49.287164747109536,-3.0406310525231284,3.7771207689532003,-0.3002633460822335
15.099999999999962,1,49.647977469475855,-3.1523476260743046,3.7736020371850936,-0.25049768603032424
15.099999999999962,2,50.01355996773343,-3.2458899882737198,3.772660290125988,-0.19695989082101734
15.099999999999962,3,50.38353195143884,-3.3197167759109822,3.775303442000174,-0.1422574167498149
15.099999999999962,4,50.75724898882404,-3.373242421304818,3.7807243560278327,-0.09074319915160332
15.099999999999962,5,51.13376705583511,-3.407503089372484,3.7879810372659124,-0.04639047852668284
15.099999999999962,6,51.512159498805666,-3.4250696412811807,3.796517967706397,-0.01106578730311479
15.099999999999962,7,51.89179008387002,-3.4292708508948637,3.8060176099611764,0.015773945850625505
15.099999999999962,8,52.272346290331086,-3.4232675830011106,3.815382859620861,0.03711191778481697
15.199999999999962,0,49.66133599071095,-3.0922284756036023,3.773602037135959,-0.251159017268652
15.199999999999962,1,50.026856528236,-3.1860125916268958,3.787419655966616,-0.19997216033682305
15.199999999999962,2,50.398050966788816,-3.261246669988706,3.8002088432461525,-0.14635067179733843
15.199999999999962,3,50.774009397505466,-3.316664652361137,3.812339862248508,-0.0928512065560713
15.199999999999962,4,51.15360129405887,-3.3520118258989537,3.823421044379749,-0.04318973945734494
15.199999999999962,5,51.535586961055245,-3.3685199087700304,3.833276629489356,-0.000668623109047377
15.199999999999962,6,51.91891455134869,-3.368776191456638,3.842208529443456,0.03323160088754727
15.199999999999962,7,52.30292333562868,-3.3560103146525466,3.850745345342087,0.059133159989627815
15.199999999999962,8,52.68732522360709,-3.333253013472379,3.858550003233269,0.0798620005632441
15.299999999999962,0,50.037390838108394,-3.123588891317582,3.787419655919437,-0.2006924441631961
15.299999999999962,1,50.40853098927631,-3.199090316134268,3.8161616754355263,-0.1503230724277937
15.299999999999962,2,50.785843586182665,-3.256240223939951,3.8405228721032763,-0.09839714892876095
15.299999999999962,3,51.16803822057374,-3.293968912880149,3.8603120665557955,-0.04726966427171754
15.299999999999962,4,51.5536382818664,-3.3122096600604785,3.8755617532560196,-7.582701337778596e-05
15.299999999999962,5,51.94119445859272,-3.312239040527283,3.8868451251965945,0.0403980758240938
15.299999999999962,6,52.32956198774878,-3.2965412707269786,3.8952904719317627,0.07290166863591736
15.299999999999962,7,52.71805725113006,-3.268169235311783,3.9022254353177424,0.09802058199052383
15.299999999999962,8,53.10640881606854,-3.2299807282938953,3.9079930897886648,0.11833782938308943
15.399999999999961,0,50.41588795818488,-3.1372053218336817,3.81616167539222,-0.15100485765225374
15.399999999999961,1,50.79316149264488,-3.1946124644127813,3.8576852839095475,-0.10241135240202248
15.399999999999961,2,51.17690881895054,-3.234050517482631,3.891705785478854,-0.05286053457766035
15.399999999999961,3,51.56553586676126,-3.254612695027914,3.917539319433646,-0.0044606834765104535
15.399999999999961,4,51.95728596953395,-3.2563601592429214,3.935649522266379,0.04014910494909632
15.399999999999961,5,52.35053376663167,-3.2405631148524217,3.9473413657338408,0.07859064422000281
15.399999999999961,6,52.74404962007664,-3.209572669334518,3.9545395722585885,0.10977194620244608
15.399999999999961,7,53.137124261681365,-3.1662500989248734,3.959326727458174,0.13420676376814772
15.399999999999961,8,53.52949899052516,-3.1132725601208833,3.9626539561762395,0.15421426727116924
15.499999999999961,0,50.797495194742794,-3.1345944708957854,3.857685283867342,-0.10301530605919529
15.499999999999961,1,51.18121861577265,-3.1742642833440957,3.830352220507445,-0.07898541400557423
15.499999999999961,2,51.563060154763896,-3.204487004715852,3.8101086093038177,-0.04681084017782827
15.499999999999961,3,51.94365700631057,-3.22231578243621,3.7986226184012044,-0.007519688599051031
15.499999999999961,4,52.32351915301698,-3.2251715928758258,3.7944127025448213,0.0342271308646276
15.499999999999961,5,52.70276217788011,-3.2121849757703105,3.7955461149812844,0.07310106191124774
15.499999999999961,6,53.08134694626564,-3.184458985338311,3.8005139723422503,0.1056374584066516
15.499999999999961,7,53.45934671562543,-3.1443767076893696,3.808158545855421,0.13111398072485253
15.499999999999961,8,53.83698072837022,-3.0945753572985275,3.8165666659853934,0.15165425978251407
15.59999999999996,0,51.183140271448096,-3.1443532059964063,3.8303522204665,-0.07905521234986698
15.59999999999996,1,51.5649791845576,-3.1746026054822183,3.8276041248902626,-0.041140329201029766
15.59999999999996,2,51.947415909704674,-3.190344965109865,3.827099056888903,0.000850745999417288
15.59999999999996,3,52.330125847232345,-3.1900192044864752,3.82963771923351,0.044987803734859104
15.59999999999996,4,52.7127021445348,-3.1727963170753135,3.8342773838099586,0.08751598353541522
15.59999999999996,5,53.09466287710737,-3.1392834436712818,3.840081764943054,0.1248628043934392
15.59999999999996,6,53.47568294978556,-3.0914602563290927,3.8466519994383503,0.1551430499445037
15.59999999999996,7,53.855730763647,-3.032021985579015,3.8539330287688673,0.17852742804763047
15.59999999999996,8,54.23500202741597,-2.9635843047354307,3.861047359470225,0.1973125398722006
15.69999999999996,0,51.565803749557666,-3.127483872377844,3.8276041247594548,-0.04142586056183159
15.69999999999996,1,51.948235781058855,-3.1433355171061015,3.8458183342379817,0.0008282357504361698
15.69999999999996,2,52.332817491929234,-3.143016992062104,3.8618499086316085,0.045155839524643845
15.69999999999996,3,52.718608828545364,-3.1255844097275363,3.8757354965405075,0.08951268561447656
15.69999999999996,4,53.10463069804836,-3.0909379707726456,3.887065165420685,0.13087485066443513
15.69999999999996,5,53.49001307082194,-3.0402111558972806,3.8958607447244504,0.166546102188316
15.69999999999996,6,53.874208583079096,-2.9756266364734074,3.9027822594027013,0.19525414259933277
15.69999999999996,7,54.2570709318357,-2.8999064571729414,3.908805811399371,0.21742563091416126
15.69999999999996,8,54.638748638886774,-2.815587025933547,3.9139683779489887,0.23530925414247508
15.79999999999996,0,51.94681275477935,-3.0909096834083707,3.8458183342380092,0.00043167772976611017
15.79999999999996,1,52.331394552370554,-3.0907436680007647,3.8816616316941097,0.04296791257264762
15.79999999999996,2,52.71920244750066,-3.0740701091952527,3.911282791958073,0.08645350957117001
15.79999999999996,3,53.10886996002871,-3.0402977981775305,3.9340635425301387,0.1289865487499567
15.79999999999996,4,53.49900822132535,-2.989694247073622,3.9501317679297805,0.168158283682383
15.79999999999996,5,53.888449632903864,-2.923582098711602,3.960431697597025,0.20185617108801476
15.79999999999996,6,54.27645159176947,-2.8441801301118543,3.9666255970929774,0.22912407602192889
15.79999999999996,7,54.66274770842373,-2.7540883310701654,3.970642913546769,0.25042464739499665
15.79999999999996,8,55.04742672016497,-2.65568969994751,3.973318606608461,0.26780786747340435
15.89999999999996,0,52.327748249606,-3.03807592594782,3.8816616317896036,0.042567131423230584
15.89999999999996,1,52.71556279566158,-3.0215577953467854,3.9321590926040932,0.08369495807984095
15.89999999999996,2,53.107402306090364,-2.988686013946656,3.972754107209941,0.1251434031839982
15.89999999999996,3,53.50157097492934,-2.939099274762082,4.0022727841050525,0.1652354554844074
15.89999999999996,4,53.89634713036335,-2.873268028689136,4.0213820611600575,0.2020410531174212
15.89999999999996,5,54.29030560581924,-2.7925711938929303,4.031911152907499,0.23384394380323276
15.89999999999996,6,54.68252309268117,-2.699144296328609,4.036467987800394,0.25986273444397434
15.89999999999996,7,55.072617554587644,-2.595428098141368,4.037860937354326,0.28051767282933593
15.89999999999996,8,55.46062066748769,-2.48363865355049,4.037616987467519,0.2976207712134109
15.99999999999996,0,52.7100366862059,-2.9707821607517495,3.9321590924655316,0.0833389630582681
15.99999999999996,1,53.10188786810704,-2.9380498750502766,3.9252105394692807,0.10606453587072658
15.99999999999996,2,53.49220320397679,-2.896495296764974,3.9211549834203705,0.13486135125020726
15.99999999999996,3,53.88075890615664,-2.843774036763728,3.920596818111211,0.16864974324625337
15.99999999999996,4,54.2672584192787,-2.7779656467110208,3.9220991440729085,0.20375230777085013
15.99999999999996,5,54.65136106954652,-2.6986021270766516,3.9242394184977285,0.23617390074053957
15.99999999999996,6,55.03290393417562,-2.6067774114771676,3.926330533043676,0.26334117003194335
15.99999999999996,7,55.41202301297029,-2.5045651991675717,3.9285193648663306,0.2847088601747262
15.99999999999996,8,55.7890918973868,-2.3942113869238097,3.9313305178318685,0.30193113250395204
16.09999999999996,0,53.09851071972027,-2.90989967912067,3.9252105394692984,0.10600585739213962
16.09999999999996,1,53.48882841113909,-2.8683680338719713,3.9272219568754223,0.13580890250465352
16.09999999999996,2,53.877934502666385,-2.8151966462507536,3.929490279038661,0.1692189558651344
16.09999999999996,3,54.265270918352165,-2.749019075505421,3.932470806698961,0.2048166242347205
16.09999999999996,4,54.65029846800501,-2.669037470227539,3.935460671778336,0.23959542532101447
16.09999999999996,5,55.0326025455867,-2.5756452254750792,3.9380331477582122,0.2705986341816611
16.09999999999996,6,55.41207589549957,-2.470378371843012,3.940424174392709,0.29614898466370143
16.09999999999996,7,55.788964884783084,-2.355381480187845,3.9432187437492363,0.3162224862299967
16.09999999999996,8,56.16373535025899,-2.232755874023616,3.945966857002446,0.33256390187775997
16.19999999999996,0,53.48315811991312,-2.831674649133129,3.9272219568754463,0.13567575376867785
16.19999999999996,1,53.872271259516786,-2.778555089897199,3.9512718968358573,0.17027055115215872
16.19999999999996,2,54.26168453228109,-2.7116011769198005,3.970787176166579,0.20643423989991266
16.19999999999996,3,54.65033256038808,-2.6302114693592147,3.9854306492828484,0.24263437633390098
16.19999999999996,4,55.037201750400996,-2.5344572179299254,3.9951177143603864,0.27658326264628524
16.19999999999996,5,55.42152976158243,-2.4253623696106557,4.00048909003768,0.3061802148200742
16.19999999999996,6,55.80297317772073,-2.30478013118005,4.002937991025301,0.3303627642518522
16.19999999999996,7,56.18162099630557,-2.1749303416933623,4.004154500427429,0.3493814801363997
16.19999999999996,8,56.55784520595724,-2.0378614334498106,4.004646590369268,0.3649544014433638
16.29999999999996,0,53.864119612434685,-2.7362852552695047,3.9512718969382563,0.1700629463616658
16.29999999999996,1,54.25354674365575,-2.6694121960366815,4.007810949926403,0.20780490463072893
16.29999999999996,2,54.64570551670679,-2.5867260316814953,4.053242775368898,0.2453906430300758
16.29999999999996,3,55.038887327043284,-2.4882584586309138,4.085881191514026,0.2813044336185629
16.29999999999996,4,55.43141554470507,-2.374830701408277,4.106123289441295,0.31399914294527
16.29999999999996,5,55.821951398449656,-2.248007036936486,4.115687849716011,0.34212075145807896
16.29999999999996,6,56.20966792087239,-2.1099315512829313,4.117284162562312,0.365052187098152
16.29999999999996,7,56.59426569390223,-1.9629452272821752,4.114296157003834,0.38315973650259416
16.29999999999996,8,56.975861846646815,-1.8091309735806254,4.110050882194002,0.39804507548770085
16.399999999999963,0,54.242871893708084,-2.6237146827707534,4.007810949782298,0.2075388847123686
16.399999999999963,1,54.63505262558376,-2.5411328467691154,3.990562700243412,0.22530266066131419
16.399999999999963,2,55.024023525544166,-2.45198304402616,3.977628101211435,0.24910150488671165
16.399999999999963,3,55.40951015733894,-2.353920812404395,3.9698517295089157,0.27800104492065925
16.399999999999963,4,55.79125686629051,-2.2449731714546877,3.965619035617747,0.3085962186094371
16.399999999999963,5,56.16909376990359,-2.1245254062240835,3.963254730400839,0.33719293078028456
16.399999999999963,6,56.54311726072745,-1.9933984644425267,3.961851517016637,0.3613595445194351
16.399999999999963,7,56.91374254225473,-1.8533169341628604,3.9613665990658378,0.38047968972361296
16.399999999999963,8,57.281587942714665,-1.7061882583860686,3.9620723317955537,0.39593393445813535
16.499999999999964,0,54.629883567244754,-2.51956358753789,3.990562700243435,0.22527608501583887
16.499999999999964,1,55.018856672429315,-2.430424201805124,3.999271218744514,0.25330453226873223
16.499999999999964,2,55.40602215306928,-2.330200593828301,4.006909340062212,0.28414170558024654
16.499999999999964,3,55.790647066219016,-2.217873051845259,4.013410166538077,0.3164403910373177
16.499999999999964,4,56.17206219914229,-2.0929807929164452,4.0178276760672995,0.3476496219105897
16.499999999999964,5,56.549809941994525,-1.9560969454351633,4.019654374070316,0.375303822389623
16.499999999999964,6,56.923798136864015,-1.8087535385201965,4.019249721866053,0.39800140111818827
16.499999999999964,7,57.294308299270845,-1.6529760872498336,4.017789365318434,0.41572545962361884
16.499999999999964,8,57.661865483501536,-1.4907157304405736,4.0166431093118335,0.4300239698770474
16.599999999999966,0,55.00956959364239,-2.3967449081594223,3.999271218744526,0.25319833052228174
16.599999999999966,1,55.3967455142585,-2.2965625279429256,4.029216008817002,0.2842392525618232
16.599999999999966,2,55.78350001455041,-2.1835723007937684,4.053318817676102,0.31653809406712263
16.599999999999966,3,56.16869455646054,-2.0574011725010584,4.070755249955874,0.3487571665529684
16.599999999999966,4,56.55126347206398,-1.9182911984216686,4.081233931225693,0.37896610686262555
16.599999999999966,5,56.930429628691456,-1.7673017840552008,4.085339907278487,0.4053630492899103
16.599999999999966,6,57.30585579665919,-1.6061953966843492,4.0845979527374725,0.4269866763138357
16.599999999999966,7,57.677643210329016,-1.4370399659237227,4.081277408270884,0.4439862963830199
16.599999999999966,8,58.04620159674225,-1.2617316711939663,4.077675254670828,0.4578374953031456
16.699999999999967,0,55.385261754489605,-2.259642113871335,4.0292160089265865,0.28409431457414114
16.699999999999967,1,55.772032606078696,-2.14670794989644,4.076165117500674,0.3152117869278558
16.699999999999967,2,56.15956615704345,-2.0203395629555128,4.113071523140192,0.34684195465106527
16.699999999999967,3,56.546380344975496,-1.8805241195631588,4.13849666803782,0.3777916698483204
16.699999999999967,4,56.931045972696715,-1.7278678897023492,4.152788614404143,0.40656100444867094
16.699999999999967,5,57.31247398827535,-1.5636445602685973,4.157549998418417,0.43172552330742325
16.699999999999967,6,57.69008161951918,-1.3896764992774218,4.155369934432979,0.45252216667103495
16.699999999999967,7,58.06379384561981,-1.2079889671128146,4.149489609004162,0.46911695820365745
16.699999999999967,8,58.43391508661236,-1.0203909615797535,4.142975069575168,0.48284766220736003
16.79999999999997,0,55.759390992357275,-2.11006560994658,4.076165117466956,0.31506780227938713
16.79999999999997,1,56.146942733132875,-1.9837530235057685,4.168605663520475,0.34935630247663146
16.79999999999997,2,56.53862229010143,-1.8410644728509227,4.243133375171074,0.38281524355549557
16.79999999999997,3,56.93222272240332,-1.6825691467372839,4.296635295059952,0.41443629253473596
16.79999999999997,4,57.32551245327326,-1.5095547977056776,4.329909435140873,0.443505707774627
16.79999999999997,5,57.716613108425584,-1.3237544818858828,4.345610799995304,0.4692658768952164
16.79999999999997,6,58.10420058192,-1.1272310687810818,4.347477765684747,0.4912415228093521
16.79999999999997,7,58.48754361406443,-0.9221486718092728,4.339995830647566,0.5095145584494545
16.79999999999997,8,58.8664242117981,-0.7104598763468399,4.328053525028252,0.5251237159516313
16.89999999999997,0,56.13160830239883,-1.9439168156420674,4.168605663366438,0.34916948052283503
16.89999999999997,1,56.52331432334369,-1.8013015116875677,4.18355284557983,0.3656696918160298
16.89999999999997,2,56.91400994037443,-1.6517081160004663,4.1947931533330705,0.38698209665586536
16.89999999999997,3,57.30246993907828,-1.4933982899139049,4.201873443623928,0.41238868294731545
16.89999999999997,4,57.68743165515506,-1.324987271055758,4.205498004270071,0.43938668114861895
16.89999999999997,5,58.068034935257664,-1.1460914477057214,4.205419440390738,0.4653594618264449
16.89999999999997,6,58.4438570552024,-0.9573751533181202,4.201709753083719,0.48824093049541467
16.89999999999997,7,58.81493590847696,-0.7602832890004743,4.1951610988398365,0.5072329648777911
16.89999999999997,8,59.18163373262583,-0.556497045716192,4.187206606554053,0.5231922730243747
16.99999999999997,0,56.515788028680404,-1.7821183422484603,4.183552845703597,0.36564989526454544
16.99999999999997,1,56.906486508929774,-1.6325327739801745,4.21604149869118,0.3896209695349391
16.99999999999997,2,57.2964927971093,-1.4723915286094131,4.240693278285739,0.41586799481185205
16.99999999999997,3,57.68441759200791,-1.3010738964706157,4.256438751890048,0.4434715274833713
16.99999999999997,4,58.06889020891743,-1.118438163764738,4.264597991144645,0.4706944410097829
16.99999999999997,5,58.44897970359538,-0.9250328670880641,4.2659040120622205,0.4959018118620292
16.99999999999997,6,58.824192821422926,-0.7220442104953267,4.261453430149167,0.5178042387528621
16.99999999999997,7,59.1944869539016,-0.5111049862315261,4.252977721416755,0.5360111611007128
16.99999999999997,8,59.5601519445668,-0.29389120601466845,4.2426730410501,0.5514229545975936
17.099999999999973,0,56.894801690136866,-1.60500315576285,4.216041498658993,0.38956002272472084
17.099999999999973,1,57.284817674618864,-1.4448857249190477,4.262012936640133,0.41581670454638275
17.099999999999973,2,57.67470098224686,-1.2727271693768618,4.2966042565501485,0.443285476643584
17.099999999999973,3,58.062833694559316,-1.0884415985581053,4.3182688386187165,0.471096527404662
17.099999999999973,4,58.447622401984205,-0.8924509601104809,4.3289157132220595,0.49795856814451817
17.099999999999973,5,58.82794375320835,-0.6856874528160992,4.330173772364745,0.5226575285432599
17.099999999999973,6,59.20315188217382,-0.4695315706900092,4.324055575187421,0.5441553222578713
17.099999999999973,7,59.57310337159533,-0.2456768310448577,4.31310558667362,0.5621400761847997
17.099999999999973,8,59.93804280002923,-0.015788786525428783,4.300127407261126,0.5774633276408243
17.199999999999974,0,57.27121402055592,-1.4150983969285447,4.262012936609185,0.41573759456403653
17.199999999999974,1,57.66111092669364,-1.2429706943838688,4.317934422038038,0.4422032470769476
17.199999999999974,2,58.051370614669544,-1.0581925322897612,4.359477089233495,0.46940709105900125
17.199999999999974,3,58.44016477856541,-0.8609882693891128,4.384739330523118,0.4965993970757706
17.199999999999974,4,58.825674490454816,-0.6520824228057798,4.396185143691716,0.5227733504719028
17.199999999999974,5,59.206576679333054,-0.4325874482323271,4.396251781746843,0.546922197649808
17.199999999999974,6,59.582073718846296,-0.2039553907231232,4.387760280438053,0.5680876470832081
17.199999999999974,7,59.951932421867156,0.032115754186445994,4.373948764172233,0.5859388457292848
17.199999999999974,8,60.31636754601421,0.27398763834417195,4.358090737624828,0.6012516133726421
17.299999999999976,0,57.64662088532662,-1.2133134797578475,4.31793442187068,0.4421239522683513
17.299999999999976,1,58.03689520665374,-1.0285662718536892,4.295496697413889,0.45350949809368474
17.299999999999976,2,58.42302386947649,-0.8403706965849087,4.275111590976064,0.4712097252936529
17.299999999999976,3,58.8039447632052,-0.6462958001710334,4.257574247991647,0.49452723156463546
17.299999999999976,4,59.17869357090745,-0.4442246604822084,4.243200368928845,0.5204946534952551
17.299999999999976,5,59.54682242410999,-0.23320621687235055,4.230800671918655,0.5459739171745548
17.299999999999976,6,59.90839635603447,-0.013521273454683815,4.21933127544551,0.5685188848014235
17.299999999999976,7,60.26396007662592,0.2136417328471211,4.208371367003844,0.5871343551607784
17.299999999999976,8,60.61432214939476,0.44677747211370056,4.197942841739529,0.6026394085276747
17.399999999999977,0,58.03059741724354,-1.015810062944416,4.295496697413921,0.45350331876028366
17.399999999999977,1,58.41672724282605,-0.8276168734541314,4.2950939805954675,0.4752367620212389
17.399999999999977,2,58.798640435725886,-0.6310951551608943,4.292173951210606,0.499898264593977
17.399999999999977,3,59.17533603835494,-0.42535484389206296,4.286787073803916,0.5265189884814696
17.399999999999977,4,59.54595859824236,-0.20992944473627,4.279850472537948,0.5530493741090887
17.399999999999977,5,59.91015044080631,0.014891002755480607,4.271185519615137,0.5775738946468796
17.399999999999977,6,60.26799940794529,0.24810596995726347,4.260819048418921,0.5986494839344861
17.399999999999977,7,60.62000211594148,0.48822983246651414,4.249336654102561,0.6158679980921962
17.399999999999977,8,60.966882528836656,0.7337167174650859,4.23765410433599,0.6302088829948083
17.49999999999998,0,58.40407852539658,-0.8036194463335339,4.295093980729305,0.47519402653351656
17.49999999999998,1,58.78599998775005,-0.6071141786150029,4.312205854126407,0.5001140522010266
17.49999999999998,2,59.16440810222273,-0.40033283990614743,4.322864718123515,0.5265429330584207
17.49999999999998,3,59.538141350361194,-0.18308823216347436,4.326527017172755,0.5535135407330671
17.49999999999998,4,59.90619199587313,0.04434866264103649,4.324682748823164,0.5794847415715181
17.49999999999998,5,60.26805844310564,0.28116577463621684,4.318073492927646,0.6030641528115043
17.49999999999998,6,60.6236967885299,0.5260742374092197,4.307680855453482,0.6231708818743691
17.49999999999998,7,60.973495479280636,0.777477002651976,4.2949636461931,0.6395782245686303
17.49999999999998,8,61.31810200769835,1.0338258631008377,4.281565894233445,0.6532730500654857
17.59999999999998,0,58.770785278413264,-0.5800026288122886,4.312205854096142,0.5000489019849576
17.59999999999998,1,59.14920683501544,-0.37324596159375617,4.342945985245638,0.5253371637821455
17.59999999999998,2,59.52493895105976,-0.1554451570459469,4.363875656665535,0.5514816471669544
17.59999999999998,3,59.896631715874406,0.07320003419567697,4.373986931801498,0.5775903997206263
17.59999999999998,4,60.263075925903784,0.31202270290709344,4.37530586801321,0.6024390834142486
17.59999999999998,5,60.623581862480044,0.5599511009354535,4.369400692389876,0.6249071201992679
17.59999999999998,6,60.97794796797084,0.815570695916098,4.358096202316396,0.6440877833553542
17.59999999999998,7,61.32644241385825,1.07726114178679,4.343603651532296,0.6598118508724398
17.59999999999998,8,61.66963412741156,1.3435104842069356,4.328153537723604,0.6730093900574222
17.69999999999998,0,59.13307844014622,-0.3461334715860913,4.342945985076986,0.5252695555916037
17.69999999999998,1,59.50882526502911,-0.12835807838620086,4.299607889322042,0.5362635240032754
17.69999999999998,2,59.87842977638169,0.09132076527226289,4.262349918771564,0.5533750128945427
17.69999999999998,3,60.2410516295647,0.3153335293377347,4.232721345681052,0.575713979069236
17.69999999999998,4,60.59609407929548,0.5457773519961707,4.21061116041337,0.6002158612656829
17.69999999999998,5,60.94355988751361,0.7836016994472935,4.194027708625129,0.6237941209343251
17.69999999999998,6,61.28397649259432,1.028583438013376,4.181020062001857,0.6441834848341348
17.69999999999998,7,61.61828809301936,1.279673882394111,4.170248908236585,0.6606053121828164
17.69999999999998,8,61.94758154664367,1.535559816564647,4.160842274491664,0.674012121190743
17.799999999999983,0,59.50174962055959,-0.11658313064659842,4.299607889322064,0.5362580422147833
17.799999999999983,1,59.87135532895182,0.10309367819544832,4.281211772156118,0.55690012339875
17.799999999999983,2,60.234786500060274,0.3293803569601714,4.264022625942376,0.5803044444841181
17.799999999999983,3,60.59138549642578,0.5631681949952266,4.2487546213766585,0.6053338797395295
17.799999999999983,4,60.94076743835946,0.8049396261074186,4.235885697275585,0.6298584904572722
17.799999999999983,5,61.283077511767075,1.054449749180666,4.2244544819137655,0.6519986084198628
17.799999999999983,6,61.61887356194961,1.3107854102948067,4.21361634928892,0.6704954127217548
17.799999999999983,7,61.9490235349622,1.5726161786017467,4.203094422390076,0.6851582356986895
17.799999999999983,8,62.27448474339103,1.8385942117058165,4.193008252625037,0.6970820417577606
17.899999999999984,0,59.857531747546616,0.12484047659996904,4.281211772156153,0.5568635697225213
17.899999999999984,1,60.22097107986697,0.35111374966375575,4.283011654667656,0.5799744024252944
17.899999999999984,2,60.57923503772663,0.5858238851994848,4.281791001533202,0.6043936563756334
17.899999999999984,3,60.931560930435914,0.8291423958041717,4.277581790030505,0.6290296869539422
17.899999999999984,4,61.27744583843132,1.0808185129455392,4.271424574000188,0.6523184710016554
17.899999999999984,5,61.61688701396283,1.3401071816343326,4.263299976957054,0.672939843123272
17.899999999999984,6,61.95027417994082,1.6058335779793764,4.253358017038952,0.6900238406311359
17.899999999999984,7,62.278306443981364,1.8765836032568388,4.242253768509401,0.7035480250479297
17.899999999999984,8,62.60180032783803,2.1510266821059734,4.230928433409397,0.7145715319765593
17.999999999999986,0,60.20491281316035,0.3750687974524981,4.283011654800324,0.5799220650903503
17.999999999999986,1,60.56318903360473,0.6097601667686772,4.300911324523261,0.6027550665288925
17.999999999999986,2,60.917488164474804,0.8535849352618244,4.312143191586044,0.6262358817141662
17.999999999999986,3,61.266874999945884,1.106319256548223,4.316190966312291,0.6493926035260131
17.999999999999986,4,61.61063856666721,1.3673205150508647,4.314628313523173,0.6710171670991405
17.999999999999986,5,61.948555845861335,1.63559680466502,4.308291531331165,0.6900800582692006
17.999999999999986,6,62.28080944249953,1.9098624285922952,4.298219424034981,0.705886506222221
17.999999999999986,7,62.607920329560955,2.1886922046094446,4.285879860118726,0.7184558602645607
17.999999999999986,8,62.930572026425835,2.470799397324839,4.272887881157933,0.7287596749922693
18.099999999999987,0,60.54679133490706,0.6330629164994994,4.30091132449285,0.6027045749891864
18.099999999999987,1,60.901102767765266,0.8768697896912855,4.3313449259283985,0.6242591864160131
18.099999999999987,2,61.25254652106599,1.1300353220529735,4.351990699619902,0.6461377769900241
18.099999999999987,3,61.600016083360856,1.3920718361333997,4.361902016247129,0.6674972523484648
18.099999999999987,4,61.942588322738175,1.662083362098995,4.363153871096328,0.687373095519576
18.099999999999987,5,62.27982367438586,1.9389297529900165,4.357354888038035,0.7049058277521432
18.099999999999987,6,62.61171263127672,2.2212708366139218,4.346332499982022,0.7194936080194728
18.099999999999987,7,62.93861948113027,2.5076975765852962,4.332257421063376,0.7311592000093762
18.099999999999987,8,63.26111549720836,2.7969788437797023,4.317287689395524,0.740780239288887
18.19999999999999,0,60.88516591610296,0.8985454041098301,4.331344925760748,0.624217049171399
18.19999999999999,1,61.23662032763364,1.1516961206301328,4.287962366325498,0.6336185138917487
18.19999999999999,2,61.58218311191507,1.405571276494102,4.250625685537024,0.647673135958708
18.19999999999999,3,61.92116626899704,1.6620253782201306,4.220938794128802,0.6655336196578431
18.19999999999999,4,62.253180227013374,1.92265970008608,4.198848526078394,0.6847557982543184
18.19999999999999,5,62.57841237397091,2.1882305502012653,4.1824158523144295,0.702931898996233
18.19999999999999,6,62.89751059006235,2.4586066308109884,4.169704637965248,0.7183871518841289
18.19999999999999,7,63.21143549664105,2.733045673634548,4.159346448666289,0.7306339441468463
18.19999999999999,8,63.52120491309891,3.0106177309830784,4.150407174650555,0.7405131670681653
18.29999999999999,0,61.229625037594246,1.1611352026178365,4.287962366325521,0.6336150902478677
18.29999999999999,1,61.575188675056246,1.4150091575920407,4.268527464115724,0.6500751702917187
18.29999999999999,2,61.914979857598134,1.6733602330551312,4.250484880621873,0.6684798453660892
18.29999999999999,3,62.248543164196974,1.9368028876488474,4.234634858290192,0.6878482535664557
18.29999999999999,4,62.57571757942213,2.2056504777179513,4.2214821514435386,0.7065290164773832
18.29999999999999,5,62.896813182347266,2.4797095156563396,4.210069765054965,0.7230815167499353
18.29999999999999,6,63.21247374707907,2.758291357244517,4.199518222743968,0.7366214596868703
18.29999999999999,7,63.52355245151821,3.0404132877745935,4.189474622310401,0.7471171803305143
18.29999999999999,8,63.83091627286105,3.325102249502307,4.179953972774269,0.7555061382317749
18.39999999999999,0,61.56262366771664,1.4312798395940731,4.268527464115758,0.6500564363445072
18.39999999999999,1,61.902419644014124,1.6896244962276339,4.268496851005244,0.6678610633744193
18.39999999999999,2,62.2375598814783,1.9539759379233612,4.265817088159915,0.6864574762610954
18.39999999999999,3,62.56751920378499,2.224343888381692,4.260633234886409,0.7049258017145756
18.39999999999999,4,62.892034470267625,2.5004232845269425,4.253985851831486,0.722076869126702
18.39999999999999,5,63.21126833077021,2.781588221395518,4.245817719611066,0.7369220223464945
18.39999999999999,6,63.525688332624874,3.0669121561502646,4.236200123510951,0.7488963359379595
18.39999999999999,7,63.83596488264756,3.3553257128878253,4.225670758290571,0.7581075056268387
18.39999999999999,8,64.14280712065286,3.645861076444555,4.215030317736964,0.7654515478046799
18.499999999999993,0,61.88850706318386,1.7069667628928908,4.26849685100527,0.6678369443628231
18.499999999999993,1,62.22365366741348,1.9713101141309017,4.2838923766828785,0.6848603974760551
18.499999999999993,2,62.555444289608666,2.2422941102135225,4.2931583049862745,0.7021553064717319
18.499999999999993,3,62.88320628749165,2.5195740331608554,4.295916358731855,0.7189088187289032
18.499999999999993,4,63.20648466120465,2.802487602226278,4.293716324101682,0.7342201123416454
18.499999999999993,5,63.52523034919967,3.0901703415932404,4.287318554837958,0.7473401875198808
18.499999999999993,6,63.83970531621292,3.381575598360054,4.277642708992989,0.757857948012894
18.499999999999993,7,64.15039562380733,3.675607520698959,4.266000643778968,0.7659236267329963
18.499999999999993,8,64.45786545011228,3.971328999478703,4.253833766997038,0.7723543316560431
18.599999999999994,0,62.210076381390955,1.9876692757083725,4.2838923768159685,0.6848392976995574
18.599999999999994,1,62.541872718464965,2.258646267929987,4.311215866184439,0.7003308212298105
18.599999999999994,2,62.87152080145987,2.5364914931996054,4.3294474315066,0.7158385836807721
18.599999999999994,3,63.19819630891216,2.8206116521875466,4.3378026722483085,0.7306575312817714
18.599999999999994,4,63.52124806889308,3.11009908896685,4.3383102716445965,0.7440827678287885
18.599999999999994,5,63.84042211047534,3.403932063498915,4.332466742604675,0.7555092608430349
18.599999999999994,6,64.15579324796184,3.700992799810803,4.321941267213784,0.7646160790663468
18.599999999999994,7,64.46768725980263,4.0001852901217525,4.308710649116733,0.7715677927323383
18.599999999999994,8,64.77654587603877,4.300616617749781,4.294727161067757,0.7771009612769484
18.699999999999996,0,62.52929770455203,2.2733526893485188,4.31121586601847,0.7003150304960608
18.699999999999996,1,62.8589501701156,2.5511927051524363,4.265656162256061,0.7071421104755699
18.699999999999996,2,63.183234602189415,2.8283169622122832,4.22667819079083,0.7169661100898459
18.699999999999996,3,63.50184285493572,3.106052387361875,4.196019387372797,0.7290793348556399
18.699999999999996,4,63.814777175106116,3.3855844078082757,4.173596320840034,0.7417880629373526
18.699999999999996,5,64.1224808293047,3.6675559993264835,4.157387139775089,0.7534696710404802
18.699999999999996,6,64.42568770336376,3.9519939421242434,4.145329781261988,0.7630913081453292
18.699999999999996,7,64.72527261708805,4.238502843842471,4.135895011393087,0.7704561052583824
18.699999999999996,8,65.02206248066432,4.526553408238019,4.127978172154781,0.7762353177375948
18.799999999999997,0,62.85338694702096,2.5576623538866734,4.265656162256095,0.7071408017185654
18.799999999999997,1,63.17767172434275,2.8347861676292823,4.243263553491427,0.7182443573379009
18.799999999999997,2,63.4971734489728,3.1140199762542364,4.222984677065534,0.7304234721554541
18.799999999999997,3,63.811740227170084,3.395771298623051,4.205783609284869,0.7429163584796794
18.799999999999997,4,64.1214958839174,3.6802669182975545,4.192111166312204,0.7546196635428055
18.799999999999997,5,64.426904898737,3.9674316842404838,4.180888318273852,0.7645981398133114
18.799999999999997,6,64.72862349892065,4.256852849693259,4.1710658770807605,0.7723769657772728
18.799999999999997,7,65.02737816921886,4.547926877928678,4.16208573435369,0.7780797059700394
18.799999999999997,8,65.3238284476787,4.84006955492246,4.15375186633187,0.7824317281604631
18.9,0,63.16848798201134,2.8451855054660244,4.243263553491456,0.7182385187946698
18.9,1,63.487991324208686,3.1244174344580236,4.239581972768878,0.7296343255465512
18.9,2,63.80401748650689,3.4070267405987216,4.234149358401462,0.7412805833380669
18.9,3,64.11633023870786,3.6929304921653023,4.227303819464023,0.7524761618721661
18.9,4,64.42492290163042,3.9818449159035394,4.220008579599975,0.7624598126614923
18.9,5,64.7300882759769,4.273321898349723,4.212045248945758,0.7706309197322776
18.9,6,65.0322904958164,4.5667279874931435,4.203271585071166,0.7767616182329912
18.9,7,65.33206260771237,4.861366322016744,4.193976254666273,0.7810874503914097
18.9,8,65.62989732513664,5.156644288776925,4.184710818989104,0.78429239636802
19.0,0,63.4784428187566,3.1349800102832193,4.239581972768901,0.7296279143363726
19.0,1,63.79447079102254,3.41758728864617,4.250674633760585,0.7398545997168463
19.0,2,64.10841141968156,3.7041594975425993,4.256712016784986,0.7499491192913312
19.0,3,64.41988506389315,3.9942976408299122,4.257537954442379,0.7592944679177851
19.0,4,64.72869364920085,4.2873907937235245,4.254600828906739,0.7673455161726543
19.0,5,65.03492129382872,4.582756891055823,4.248459725521977,0.7736885218309203
19.0,6,65.33883027456147,4.879630586919495,4.239775732764923,0.7782297192175979
19.0,7,65.64076985998585,5.177272016969091,4.229566903952857,0.7812517997936161
19.0,8,65.9410839322793,5.4751059145155345,4.218987794679835,0.7833743317166173
19.1,0,63.78580992358868,3.426983588143245,4.250674633890267,0.739849956964153
19.1,1,64.09975188305282,3.713554338826003,4.273069197433056,0.7483998282614364
19.1,2,64.41287328143284,4.004322623502466,4.2876255494781095,0.7566175914048129
19.1,3,64.72465315536984,4.298653463900477,4.293810457168798,0.7639659664650635
19.1,4,65.03470847284935,4.595695350743133,4.293525673002785,0.7700487145711024
19.1,5,65.34293109118464,4.8945981692145,4.288024483948,0.7745720249536163
19.1,6,65.6494058834395,5.19450785615296,4.278670493380185,0.7775336377289159
19.1,7,65.95432507420989,5.494668222018147,4.267100388108745,0.7792463997948591
19.1,8,66.25790689380929,5.79453763449497,4.254941790730776,0.7802675376109904
19.200000000000003,0,64.09244970132886,3.7213546493661105,4.273069197270125,0.7483971276360601
19.200000000000003,1,64.4055718832132,4.012122087120987,4.224129047418605,0.7521967352856096
19.200000000000003,2,64.71401346284841,4.3007333739178275,4.182758896847613,0.7571619619136031
19.200000000000003,3,65.01801154988964,4.588031083063617,4.150897225005232,0.7627742979583518
19.200000000000003,4,65.31808919832065,4.8748290860001955,4.128359134526518,0.7681813262181882
19.200000000000003,5,65.61499097663166,5.16167952807555,4.112928725511263,0.7726262958218336
19.200000000000003,6,65.90950994221285,5.4487698819564345,4.102293368137449,0.7757716900857208
19.200000000000003,7,66.20236526192733,5.736040494568194,4.0946399304807475,0.7777336979427761
19.200000000000003,8,66.49411110797138,6.023348150971012,4.0885982552706395,0.7789881396337708
19.300000000000004,0,64.40232085337277,4.015584275300196,4.224129047418636,0.7521965166742541
19.300000000000004,1,64.71076247910102,4.304195476764298,4.19747245004703,0.757269641269168
19.300000000000004,2,65.01579880868891,4.592536572916231,4.174138390347561,0.762443096735391
19.300000000000004,3,65.31765193899102,4.880840234762173,4.155329127112184,0.7672098280663331
19.300000000000004,4,65.6167733935107,5.169273861862603,4.1413653321428985,0.7710835566960674
19.300000000000004,5,65.91377387091978,5.457890882480287,4.130925625926963,0.7737072810084724
19.300000000000004,6,66.20926929809148,5.7465566387379585,4.122655566744987,0.7750688047751135
19.300000000000004,7,66.50378063765993,6.035045743325041,4.115658117219996,0.7754653342509905
19.300000000000004,8,66.79767787708352,6.323161754262747,4.109423797519524,0.7753748802382632
19.400000000000006,0,64.70639548676269,4.308792869003041,4.1974724500470675,0.7572690701151032
19.400000000000006,1,65.01143198068941,4.597133790590508,4.188735269282891,0.761546102701659
19.400000000000006,2,65.31460007399535,4.886173820401589,4.179670923392471,0.765435035073897
19.400000000000006,3,65.61598821067989,5.175762640190184,4.170890817572332,0.768483541652216
19.400000000000006,4,65.91586089373843,5.4656586551029935,4.16319782166007,0.7704279841306279
19.400000000000006,5,66.21461731763753,5.755601482092986,4.156081304809167,0.7711304482524999
19.400000000000006,6,66.51265974197068,6.045258204447369,4.149037996709372,0.770754302998957
19.400000000000006,7,66.8103059208273,6.334312201342385,4.141962889763306,0.7696799065013756
19.400000000000006,8,67.10775446425335,6.622553942035447,4.135049108575888,0.7683413764412657
19.500000000000007,0,65.00773496081352,4.600995317774455,4.1887352692829145,0.761545755874595
19.500000000000007,1,65.31090315428271,4.890035242404185,4.194054137188955,0.7642660499087862
19.500000000000007,2,65.61366791758242,5.1802668727894154,4.195954248999977,0.7663423302230975
19.500000000000007,3,65.91596632842639,5.471258280869501,4.194585809828426,0.767382104778241
19.500000000000007,4,66.21786356857811,5.762468890186901,4.191204665183971,0.7672727134892312
19.500000000000007,5,66.51954942150333,6.053411881989971,4.1860259618241376,0.7660164421405411
19.500000000000007,6,66.82122754337942,6.343616820711468,4.179292723222753,0.763895631249502
19.500000000000007,7,67.12303444563982,6.632715747171838,4.171574520292534,0.7613440349475331
19.500000000000007,8,67.4250194352672,6.920511291993909,4.163624798856028,0.7587442921345762
19.60000000000001,0,65.30854684946914,4.892486722802007,4.194054137188979,0.7642659603425406
19.60000000000001,1,65.61131163859378,5.182718326048432,4.210032716860658,0.7651653260404945
19.60000000000001,2,65.91496776456677,5.474328874441053,4.220019090803866,0.7652570792711175
19.60000000000001,3,66.21931736493889,5.766659068054081,4.223816978238298,0.7642009037268345
19.60000000000001,4,66.52424980606686,6.05893051213207,4.223101336989513,0.7619961995268137
19.60000000000001,5,66.82977431989826,6.350479741588634,4.218728152897227,0.7587500431063552
19.60000000000001,6,67.13592662620876,6.640735083058943,4.211584991460219,0.7548447328088921
19.60000000000001,7,67.44269019273031,6.929303474791977,4.202805596616788,0.750763158603609
19.60000000000001,8,67.74998729311056,7.216018638589077,4.193576487019592,0.7468416669693749
19.70000000000001,0,65.61053259419401,5.183528834943459,4.210032716860685,0.765165322810351
19.70000000000001,1,65.91418872108613,5.475139382371431,4.233712570837492,0.7641590019907525
19.70000000000001,2,66.21984774938653,5.768082687261963,4.249304119173457,0.7622152598447464
19.70000000000001,3,66.52720336558815,6.061507958429646,4.25636510930362,0.7590349884523699
19.70000000000001,4,66.83600296949888,6.354440302304626,4.256952306759485,0.7547069158640334
19.70000000000001,5,67.1461105753387,6.646073873028692,4.2524788322226685,0.7494270137964569
19.70000000000001,6,67.45742662845907,6.935761715832577,4.244379142315145,0.7436741748562434
19.70000000000001,7,67.76980839924784,7.223105889591711,4.2342482755216455,0.7379855953504832
19.70000000000001,8,68.08307045200328,7.507987046450786,4.223593016707225,0.7326598298311963
19.80000000000001,0,65.91505865481463,5.474230801178525,4.233712570837511,0.7641590064559577
19.80000000000001,1,66.2207176818124,5.767174107194245,4.1864598736751395,0.7635708843868623
19.80000000000001,2,66.52313555639441,6.0566700624091805,4.146416883304498,0.7616436081245299
19.80000000000001,3,66.82321292466214,6.342819263756788,4.11559950028372,0.7581219995412346
19.80000000000001,4,67.12205844898138,6.625791114188756,4.093996633394735,0.7533043516525668
19.80000000000001,5,67.42068801200469,6.905842242043644,4.079579880559271,0.7476170262959054
19.80000000000001,6,67.71984828224159,7.183210263083165,4.070135620790032,0.7416849860506659
19.80000000000001,7,68.0199522514971,7.458160765108176,4.063834209676903,0.7360721801217194
19.80000000000001,8,68.32112768482128,7.73099941576746,4.059203418653999,0.7309890212285763
19.900000000000013,0,66.22122589549687,5.766642911149172,4.186459873675165,0.7635708840304756
19.900000000000013,1,66.523643756752,6.056138852282606,4.158283141646043,0.7603213769663992
19.900000000000013,2,66.82495901976547,6.342708750784505,4.133725968219769,0.7557195567533983
19.900000000000013,3,67.12580263574046,6.626204873117324,4.114185202171662,0.7495995175899945
19.900000000000013,4,67.42694534172291,6.906523144455473,4.1000776349221875,0.742365240727064
19.900000000000013,5,67.72906855912099,7.183701869098508,4.090130396362611,0.734515651026714
19.900000000000013,6,68.03262000858362,7.457833886597206,4.0829338076996216,0.7267347420934278
19.900000000000013,7,68.33775744977447,7.729117586656863,4.077422558758501,0.7195949108773988
19.900000000000013,8,68.64440953075436,7.99785252474747,4.0728457895492225,0.713223523491284
20.000000000000014,0,66.5264382101267,6.053191171896291,4.158283141646083,0.7603215246021027
20.000000000000014,1,66.82775342280979,6.339761110073162,4.1404839486035465,0.7549303746587626
20.000000000000014,2,67.12931284359217,6.623482788702852,4.125612321759662,0.7480984296740001
20.000000000000014,3,67.43171352974143,6.904125994560145,4.114737477742571,0.7396840456228237
20.000000000000014,4,67.73566165842445,7.181481781005628,4.106881218145006,0.7300236959157598
20.000000000000014,5,68.04168957917858,7.455364554686579,4.100789388538382,0.7198698675681799
20.000000000000014,6,68.35002469377697,7.725724349953882,4.0955419301932645,0.7100593612224719
20.000000000000014,7,68.66059944122368,7.99270424057684,4.090687677461915,0.7012171296484478
20.000000000000014,8,68.97315183768856,8.25661439595416,4.086107854728046,0.6933984336416981
20.100000000000016,0,66.83235742335367,6.334840993198505,4.140483948603579,0.7549310802897975
20.100000000000016,1,67.13391664157753,6.6185628837720145,4.135565669579805,0.7473795457488244
20.100000000000016,2,67.43724903866831,6.899665168421987,4.130865970295298,0.7382500880351381
20.100000000000016,3,67.74278748441253,7.177670244153401,4.127041634536928,0.7274371457942889
20.100000000000016,4,68.05102850952424,7.452101112070349,4.123509637537316,0.7153708143028461
20.100000000000016,5,68.36229192425995,7.722561193221176,4.119637511594366,0.702935488607714
20.100000000000016,6,68.67659920216065,7.988879609120965,4.115140126839854,0.6910815695326946
20.100000000000016,7,68.99369482481748,8.251167071134333,4.110141687401051,0.680487335337323
20.100000000000016,8,69.31316285532276,8.509766025756234,4.105017041640641,0.6711529563271988
20.200000000000017,0,67.14030488253097,6.61161605651325,4.135565669579842,0.7473815017449591
20.200000000000017,1,67.44363672567525,6.892718932714704,4.140483512048994,0.7377168865962612
20.200000000000017,2,67.75003503741783,7.171207915855191,4.143378982350004,0.7263142547904324
20.200000000000017,3,68.05980536776923,7.446377430062526,4.144597942115824,0.7130915972939853
20.200000000000017,4,68.3732792768327,7.717506824321516,4.143919627765196,0.6985701455747151
20.200000000000017,5,68.69060544691202,7.984012206904446,4.141254286349106,0.6837745535794059
20.200000000000017,6,69.01163349135757,8.245625364771822,4.136858753614401,0.6697817074522919
20.200000000000017,7,69.33594632330832,8.50244822548097,4.131333623070963,0.6573351738760493
20.200000000000017,8,69.66299320611387,8.754877191823281,4.125435178340736,0.6463870501009205
20.30000000000002,0,67.45171543507486,6.883741949876465,4.140483512049028,0.7377210033323106
20.30000000000002,1,67.75811259770798,7.162232193629905,4.079404660426564,0.732763386240673
20.30000000000002,2,68.06134647109161,7.435114297164421,4.030816982581319,0.7242280185633754
20.30000000000002,3,68.36325915162898,7.702179071587966,3.9973580041018684,0.7120703154682264
20.30000000000002,4,68.66586346325438,7.963367429382822,3.97679839285872,0.6974995713206258
20.30000000000002,5,68.97066544579539,8.218798510528837,3.9657430069931454,0.6822678377957928
20.30000000000002,6,69.27846452053676,8.468860376451584,3.960959605012583,0.6679612971631477
20.30000000000002,7,69.58943394309095,8.714196971630804,3.959791831881116,0.6555340818740236
20.30000000000002,8,69.90333554215596,8.955579039080272,3.960202873478431,0.6448705543662367
20.40000000000002,0,67.76224595583483,7.157615703295827,4.079404660426578,0.7327639408163484
20.40000000000002,1,68.06547967758016,7.430497974305727,4.038838988396575,0.7217777894053486
20.40000000000002,2,68.36864800784456,7.697352225653037,4.007079882917471,0.7079709846710046
20.40000000000002,3,68.67305907822927,7.95793011260985,3.98610119963979,0.6914927895156419
20.40000000000002,4,68.98010649715246,8.212118905216808,3.9740893518854383,0.673506717726519
20.40000000000002,5,69.2907369420756,8.459995082963957,3.9683914298829666,0.6556521348841698
20.40000000000002,6,69.6052916919146,8.701938495541132,3.9665717866011883,0.6393756846569977
20.40000000000002,7,69.92359654764363,8.938621710783465,3.9667465258935,0.6254743806799672
20.40000000000002,8,70.2451749211032,9.170867630868774,3.9676428249167492,0.6136353052090288
20.50000000000002,0,68.0744890189243,7.420141308499729,4.0388389883966145,0.7217839468033738
20.50000000000002,1,68.37765567353713,7.686997418178349,3.988082633925639,0.710213507717752
20.50000000000002,2,68.68004114712537,7.947018679798622,3.946485467902343,0.6957068154265744
20.50000000000002,3,68.98297372059139,8.199960052816088,3.916475413920503,0.6785421773417943
20.50000000000002,4,69.2878669197074,8.445781162273043,3.896768070042592,0.6600987188138789
20.50000000000002,5,69.59568527361587,8.684729265607,3.8852779647561917,0.642211958594878
20.50000000000002,6,69.90680847055161,8.917445690488321,3.8801113751089034,0.6264132001590084
20.50000000000002,7,70.2211512313805,9.144915412413983,3.8797207461441716,0.613435667321617
20.50000000000002,8,70.53838788240036,9.368264506714972,3.8824638357676213,0.602766383164806
20.600000000000023,0,68.38701145165437,7.67597706202605,3.98808263392565,0.7102209187638862
20.600000000000023,1,68.68939499774979,7.936000564811682,3.9563189582242138,0.6939760792249245
20.600000000000023,2,68.99352082742737,8.189046213747204,3.9302340755109597,0.675279622737492
20.600000000000023,3,69.3002882759226,8.43473127726261,3.9116384870076537,0.6545388478896828
20.600000000000023,4,69.61060980406103,8.672869281810724,3.899649967354902,0.6331207153859659
20.600000000000023,5,69.924993855206,8.903597517094187,3.8928910861183015,0.6128306420635101
20.600000000000023,6,70.24344189538756,9.127511468081803,3.8902249146383547,0.5951503607592914
20.600000000000023,7,70.56557873095522,9.345611559489562,3.890834908943461,0.5807267164112555
20.600000000000023,8,70.89087944975398,9.559076734785283,3.893795030337583,0.568890497416958
20.700000000000024,0,68.7022263062226,7.920287574304096,3.9563189582242426,0.6939969990384276
20.700000000000024,1,69.0063468126867,8.173339573980126,3.9399758229326824,0.6746181926740975
20.700000000000024,2,69.31403746516773,8.41943015381978,3.9263271037525085,0.6529039587397978
20.700000000000024,3,69.62591468586577,8.65795282078139,3.916680881826618,0.6293159430705204
20.700000000000024,4,69.9425510471929,8.888485477947096,3.9105310037787575,0.6052635650961165
20.700000000000024,5,70.26413444809994,9.11098647944507,3.9071336073076575,0.5826324184035847
20.700000000000024,6,70.59038703272167,9.325966571664425,3.906018848394665,0.5629697596194863
20.700000000000024,7,70.92070943236028,9.534431296480168,3.907002106867252,0.5469265926900561
20.700000000000024,8,71.25441796162644,9.737621392327341,3.9097499864424896,0.5337324174839712
20.800000000000026,0,69.02124318065043,8.154280802458718,3.939975822932702,0.674654334203071
20.800000000000026,1,69.32892491919343,8.400382494082443,3.935999376077902,0.6527109974676788
20.800000000000026,2,69.64161655393067,8.639432415656746,3.9321743216730787,0.628404111502098
20.800000000000026,3,69.95971638096944,8.870587053133193,3.929404352484227,0.6022256158902208
20.800000000000026,4,70.28352951870009,9.093179144882042,3.9275308422669055,0.5756513186175821
20.800000000000026,5,70.61298570800155,9.30698658608313,3.926372624700677,0.5506891305012676
20.800000000000026,6,70.94757720254725,9.512443804680949,3.9260441494973155,0.528992089965655
20.800000000000026,7,71.2865192253271,9.710577139201394,3.926904288137453,0.5112448172852748
20.800000000000026,8,71.62899920944784,9.902706490766107,3.929106690202467,0.4965942761561726
20.900000000000027,0,69.34527370558055,8.378419852528776,3.9359993760779313,0.6527639100854836
20.900000000000027,1,69.65795267596867,8.61748631266455,3.941830583793794,0.62845875099217
20.900000000000027,2,69.97682099058271,8.849226020359094,3.94565522983761,0.6016980558998124
20.900000000000027,3,70.30209121569007,9.072567127938834,3.9480537347208133,0.5729959628847348
20.900000000000027,4,70.63383847385685,9.28661162074485,3.9491847674480036,0.5439095776395984
20.900000000000027,5,70.97176708637505,9.49097614686616,3.9493637754734277,0.5165912927593082
20.900000000000027,6,71.3151674089703,9.686042819893995,3.9492150495207032,0.49281743630069275
20.900000000000027,7,71.66309471877261,9.872884209716837,3.9495643855672706,0.4733154168476393
20.900000000000027,8,72.01463058653258,10.05292118375738,3.9509649303322516,0.45715340163321183
21.00000000000003,0,69.67542386762506,8.592713532761016,3.9418305837938266,0.6285307695421776
21.00000000000003,1,69.99427547889464,8.824476199090435,3.8844968455824453,0.615716696744622
21.00000000000003,2,70.3113902064767,9.04882291512173,3.839041592358865,0.596801485447852
21.00000000000003,3,70.62893189885182,9.264577068736571,3.8082317224458686,0.572118767673311
21.00000000000003,4,70.94911159986442,9.470760546891237,3.790300731359992,0.544353288290814
21.00000000000003,5,71.27335831079796,9.66704733911148,3.7824034274954386,0.517002218094401
21.00000000000003,6,71.60216563811105,9.8540032155537,3.7818311936551474,0.4928775136865811
21.00000000000003,7,71.93533726731968,10.03294630966439,3.7862992137515685,0.4732406544293519
21.00000000000003,8,72.2723566382364,10.20551683864172,3.7936909500485685,0.45722816924566817
21.10000000000003,0,70.00342255086005,8.811339119802533,3.884496845582462,0.6157271169202165
21.10000000000003,1,70.32053489383111,9.035689112824159,3.835755827833931,0.5945091210742298
21.10000000000003,2,70.63829794038624,9.250530623685027,3.7971398625397934,0.5687567693286353
21.10000000000003,3,70.95823406861099,9.455039039627348,3.7713073048811836,0.5392038525068134
21.10000000000003,4,71.28185762725295,9.648679135171449,3.756978879434848,0.5083928246581313
21.10000000000003,5,71.61004418198482,9.831562632137366,3.751958890012936,0.47939655249324353
21.10000000000003,6,71.94295432115044,10.004626129805281,3.754114172313426,0.45448470171948957
21.10000000000003,7,72.28027059647565,10.169440997156132,3.7613608227066044,0.4343878547565146
21.10000000000003,8,72.62149134171284,10.32775078743552,3.770716241856778,0.4177649709059957
21.20000000000003,0,70.33508085049354,9.013566540588037,3.8357558278339496,0.5945584015912175
21.20000000000003,1,70.65283330513256,9.228423714725846,3.8067437395921155,0.5660942672570242
21.20000000000003,2,70.97412334775785,9.432594492100211,3.7842818412054675,0.5341441784147173
21.20000000000003,3,71.29983824095079,9.625254039015857,3.770366018707964,0.4997414224356109
21.20000000000003,4,71.63076597636372,9.805929802667109,3.7640934896105227,0.46539778116654434
21.20000000000003,5,71.96714315424695,9.974855476837357,3.763971164054252,0.43402932486538337
21.20000000000003,6,72.30864417576146,10.13314445117465,3.768640439158672,0.4076665183994978
21.20000000000003,7,72.654630221534,10.282563041110137,3.7767900583999663,0.3867536154886848
21.20000000000003,8,73.00442175069855,10.42502217791537,3.7862096273371906,0.36963777661284936
21.300000000000033,0,70.67131993071455,9.198156650397774,3.806743739592135,0.566215788084323
21.300000000000033,1,70.99258512906444,9.402366472194933,3.7943067461028583,0.5337639626267809
21.300000000000033,2,71.31923631016411,9.595412197585201,3.7852481287326496,0.49835525619030435
21.300000000000033,3,71.65172111442584,9.776340053233456,3.7809978230575543,0.46118563406523816
21.300000000000033,4,71.99031920970137,9.944598402306553,3.781012584441721,0.4247636579637697
21.300000000000033,5,72.33482150368461,10.100416367321124,3.784448043798947,0.39195554689122275
21.300000000000033,6,72.68456786755297,10.244981663054933,3.79065543754092,0.3646737073508043
21.300000000000033,7,73.03870828454423,10.380174334425732,3.7990218295949654,0.3431823504129379
21.300000000000033,8,73.3964605004605,10.508007112869144,3.808004903045853,0.3256609746024175
21.400000000000034,0,71.01241472423743,9.36717535001598,3.794306746102878,0.5339465690477996
21.400000000000034,1,71.33903063495029,9.560280719450349,3.7957911584848723,0.49910295700040835
21.400000000000034,2,71.67230576214735,9.741961753577723,3.7978232296212457,0.46167824346545144
21.400000000000034,3,72.01232722404029,9.911136273948532,3.801348179035192,0.42298552531073086
21.400000000000034,4,72.35895984728033,10.067175819282273,3.80616698644753,0.385510269323303
21.400000000000034,5,72.71164201417281,10.21029997144201,3.8120375650052134,0.352041136608482
21.400000000000034,6,73.06946725741543,10.341744701111853,3.8189655510160123,0.3243501438638739
21.400000000000034,7,73.43145146970815,10.463452588325708,3.8269735137483405,0.3025698896247221
21.400000000000034,8,73.7967648642956,10.577486735926982,3.8350999952336715,0.2848095552069624
21.500000000000036,0,71.3589216377346,9.521773525081716,3.7957911584848922,0.49933023906194124
21.500000000000036,1,71.6921554589815,9.70353030092645,3.808979549193487,0.4630668410009799
21.500000000000036,2,72.03293981968946,9.873675157273407,3.8201709511048234,0.4245808266897872
21.500000000000036,3,72.38103818545284,10.031042844959739,3.829893080080362,0.3852633596015935
21.500000000000036,4,72.73595420013956,10.174971458923045,3.838277280505836,0.3475239757749777
21.500000000000036,5,73.09683631621004,10.305692004474043,3.8456442057568805,0.3139964843429248
21.500000000000036,6,73.46259820584334,10.42446941419421,3.852607675488202,0.2863012870555356
21.500000000000036,7,73.83217694441893,10.533269367403038,3.8597737955416958,0.2644781378168819
21.500000000000036,8,74.20473352403408,10.634166010433475,3.8666896151887347,0.2466355414800402
21.600000000000037,0,71.71135665707646,9.662734024265085,3.8089795491935208,0.4633226795114007
21.600000000000037,1,72.05209747634777,9.832966060451142,3.8320218405988533,0.4264048966659656
21.600000000000037,2,72.40098718736904,9.991458594752148,3.850761460439535,0.3876254320921767
21.600000000000037,3,72.75749424160088,10.13701394508481,3.8653638144701823,0.348380612023811
21.600000000000037,4,73.12081014072646,10.268968245770909,3.8762782271201037,0.3109545332028596
21.600000000000037,5,73.48984809399512,10.387569771119434,3.884355183231646,0.2778006325882991
21.600000000000037,6,73.86339135366174,10.494094824736784,3.8907786789005723,0.2503951045876356
21.600000000000037,7,74.2403357297317,10.590503209192757,3.896695598225745,0.22871543545629772
21.600000000000037,8,74.61985790790234,10.678851762761816,3.9021015198910662,0.21091667142909568
21.70000000000004,0,72.07009847376989,9.790747933734771,3.8320218405988857,0.42667289380466644
21.70000000000004,1,72.41894569667474,9.949333963825197,3.790231152796438,0.4074423256031381
21.70000000000004,2,72.76694121718782,10.099526636905969,3.7581256914764034,0.38123695090428267
21.70000000000004,3,73.11577380988841,10.239355314507453,3.7381003441359706,0.34884862912980585
21.70000000000004,4,73.46707232034728,10.367130966129157,3.728702681736775,0.31397724662379145
21.70000000000004,5,73.82172298641709,10.48229239800715,3.727639525945776,0.2810275871387876
21.70000000000004,6,74.17987963466433,10.585680257339765,3.7327707577712768,0.2530702483584877
21.70000000000004,7,74.54129097620805,10.679146380386705,3.74212362425735,0.23096011193098037
21.70000000000004,8,74.9055974311373,10.764815084834808,3.752975665854043,0.21303771936518415
21.80000000000004,0,72.42819042826122,9.927181309404634,3.7902311527964523,0.40747889619483296
21.80000000000004,1,72.77618020829311,10.077386618597128,3.7691459258250326,0.376437037130341
21.80000000000004,2,73.12670338999297,10.21594391892057,3.7537219012358563,0.34151111919577015
21.80000000000004,3,73.48039770780304,10.341660373156884,3.7455754342453083,0.3041863699259131
21.80000000000004,4,73.83776023929045,10.453847327156772,3.743629684105024,0.2676170227108057
21.80000000000004,5,74.19879993834962,10.552843377071493,3.746342652101751,0.23502961017535084
21.80000000000004,6,74.56314052674475,10.640088167658412,3.7524266697064728,0.20832712135208165
21.80000000000004,7,74.93027900924528,10.717701133434591,3.760786051666425,0.18759993121312324
21.80000000000004,8,75.29977031531709,10.787844643684027,3.769605320236005,0.17093611035353895
21.90000000000004,0,72.78966816090957,10.041165390378387,3.7691459258250557,0.37659829025038205
21.90000000000004,1,73.14016896474558,10.179779230278719,3.764140370629763,0.3409632030000262
21.90000000000004,2,73.49491398108344,10.305650202154945,3.7608759989295644,0.3029798544736767
21.90000000000004,3,73.85387141574468,10.417861832431814,3.7601584113829443,0.26434135046813856
21.90000000000004,4,74.21682639071635,10.516104882496649,3.7612229401952644,0.22782043698063825
21.90000000000004,5,74.58323044812188,10.601054045924863,3.7632542553273645,0.1960574888652418
21.90000000000004,6,74.9523470165066,10.67436388297034,3.7659221984536417,0.17044370380325402
21.90000000000004,7,75.32348314914907,10.738241516160702,3.7694481615526847,0.15075864350601692
21.90000000000004,8,75.69615335633853,10.794854363149373,3.772882299781641,0.13500494936591506
22.000000000000043,0,73.15401487072423,10.137685259568677,3.7641403706297862,0.341209467226212
22.000000000000043,1,73.50872887734096,10.263643589217475,3.7711102506208083,0.3044288347676798
22.000000000000043,2,73.86849970235872,10.376681986047037,3.7759449410438384,0.2663061649885602
22.000000000000043,3,74.23278383913454,10.476053382656922,3.778628923528488,0.2285346737360152
22.000000000000043,4,74.60082209039649,10.561658422113274,3.778731407439194,0.19348635390181135
22.000000000000043,5,74.97164406895703,10.634316375957841,3.776339611497767,0.16332480827501106
22.000000000000043,6,75.34425252475663,10.695719532152712,3.772682764213744,0.13909993566105264
22.000000000000043,7,75.71787687729233,10.748028485117578,3.7696697060257907,0.12045371428352504
22.000000000000043,8,76.09211256676682,10.793325894110577,3.767005233576499,0.10547140448118601
22.100000000000044,0,73.5213834635399,10.219708697139076,3.7711102506208345,0.30470015471824896
22.100000000000044,1,73.88112360504363,10.332844702964785,3.787026250920765,0.2684785393753165
22.100000000000044,2,74.24625943900396,10.433301174665745,3.796976482807912,0.23160945114579978
22.100000000000044,3,74.61581848959528,10.520458602396841,3.8001808709809,0.19568825345376317
22.100000000000044,4,74.98858358451608,10.594349961748613,3.796727994586853,0.16271386926362041
22.100000000000044,5,75.36324139601844,10.655855755711272,3.7881700389482265,0.13445871270368487
22.100000000000044,6,75.7386393011562,10.706637708690774,3.777505174120541,0.11172376705590625
22.100000000000044,7,76.11403504732395,10.748753787603821,3.76764547015597,0.09409434464242764
22.100000000000044,8,76.48913371166923,10.784153094265312,3.758691084880461,0.07981187812423132
22.200000000000045,0,73.89204503875882,10.289154516882673,3.7870262509207917,0.26873680178447695
22.200000000000045,1,74.25715491401604,10.389705286353973,3.808352412340892,0.23386303147104315
22.200000000000045,2,74.62762323202344,10.477958947412908,3.8200974564990497,0.1988686959667048
22.200000000000045,3,75.00210384713927,10.553428964696101,3.8212792089758993,0.1652089849488882
22.200000000000045,4,75.37902872983511,10.616273136969433,3.812703668244788,0.13453859457307116
22.200000000000045,5,75.7568536810104,10.66741410856735,3.7974673070938607,0.10829246468720662
22.200000000000045,6,76.13437593496965,10.70845750747122,3.779616505508826,0.08707258636617524
22.200000000000045,7,76.51090596953216,10.741326103619109,3.7628163538013837,0.07044768459215268
22.200000000000045,8,76.88625497387642,10.767812478049347,3.747488486976096,0.056842063321131786
22.300000000000047,0,74.26625821795926,10.347293787296806,3.8083524123409154,0.2340917789938927
22.300000000000047,1,74.63670633531075,10.435632189572136,3.7655553997517743,0.21640123403444494
22.300000000000047,2,75.00447951116269,10.51648478711178,3.7270280479569826,0.19373951107725385
22.300000000000047,3,75.37021087680876,10.588241344075659,3.6939967059841443,0.16707017831505866
22.300000000000047,4,75.73447149857654,10.649670808048985,3.6653845759087904,0.1393859937565823
22.300000000000047,5,76.09746500933952,10.700596863228125,3.6411730886759948,0.11384053337793153
22.300000000000047,6,76.45924342168917,10.741960212836066,3.622113140457037,0.0924096804516874
22.300000000000047,7,76.81993631936261,10.775386260268608,3.6087774811986897,0.0754589529376266
22.300000000000047,8,77.1798218041072,10.802593733154252,3.5988966563632685,0.061664023548893436
22.40000000000005,0,74.64120437284332,10.414008567541462,3.7655553997517974,0.2164300111525419
22.40000000000005,1,75.0089749873662,10.494871722188492,3.737532349388406,0.18948437313547895
22.40000000000005,2,75.37603860977623,10.56526907943105,3.709116595316229,0.16058626460237901
22.40000000000005,3,75.7421780255434,10.624576710435178,3.681373429132618,0.131091872711939
22.40000000000005,4,76.10715666116056,10.672698423499519,3.65392090614047,0.1032281314135563
22.40000000000005,5,76.47060370037866,10.710350269143085,3.6277612140928888,0.07899747390169357
22.40000000000005,6,76.83224858455864,10.738978984498765,3.6047497787605693,0.059382555987225444
22.40000000000005,7,77.1920884528947,10.760372493430133,3.586510122486223,0.044156323274509066
22.40000000000005,8,77.55039023287121,10.776204236818064,3.5715561517581067,0.03185478427427656
22.50000000000005,0,75.01471678728848,10.461784617413635,3.7375323493884323,0.18959144192212388
22.50000000000005,1,75.38177285498935,10.53222128251939,3.7109419357459594,0.16289241306913893
22.50000000000005,2,75.74795462994152,10.59240274312834,3.6839179723743603,0.13459428870338203
22.50000000000005,3,76.11301463872496,10.641836604540615,3.655510671661964,0.1060088343532529
22.50000000000005,4,76.47651362324196,10.680515705802328,3.626513417304908,0.0793479436770892
22.50000000000005,5,76.83802392360975,10.709261155841787,3.598774363379789,0.05631857249500433
22.50000000000005,6,77.19733078570502,10.729518225208135,3.5742139153277357,0.03765156070193894
22.50000000000005,7,77.55449885991003,10.742972519885466,3.5524109221785736,0.02305593285947479
22.50000000000005,8,77.90964554229234,10.751162213609746,3.5331933236313784,0.011269414985195663
22.60000000000005,0,75.38658283471165,10.499296260957315,3.710941935745981,0.16299822112727444
22.60000000000005,1,75.75275823992406,10.559516466223357,3.6968148197780812,0.13455188629169698
22.60000000000005,2,76.11909837360658,10.609107855389524,3.678262240260756,0.10584822469153232
22.60000000000005,3,76.48486598836679,10.647968948682013,3.6536667554058937,0.07817919000232207
22.60000000000005,4,76.84911667459421,10.676503931420658,3.6244201567719583,0.05319681926735272
22.60000000000005,5,77.2110459756415,10.69577559942822,3.593408020359426,0.032019858840841235
22.60000000000005,6,77.57020259127549,10.707279670117275,3.5636932859703196,0.01498684275795596
22.60000000000005,7,77.92653191441511,10.712620313536329,3.5358922358864278,0.0016649161877479478
22.60000000000005,8,78.2801206631608,10.713209001231895,3.510643533799468,-0.009137377688269492
22.700000000000053,0,75.75683268333425,10.524315255741836,3.6968148197781163,0.13468156932731262
22.700000000000053,1,76.12316638106739,10.573954152007705,3.6933537412896102,0.10694141081668755
22.700000000000053,2,76.49039182252025,10.613376156120218,3.681580493579544,0.07963313671467706
22.700000000000053,3,76.85738318460113,10.64266275973689,3.659255534343318,0.053922207091001755
22.700000000000053,4,77.22277699991355,10.662384709521103,3.6283955759769797,0.031051242979514247
22.700000000000053,5,77.58544196744128,10.67364950530922,3.5929411254105186,0.011775709244119121
22.700000000000053,6,77.94471173722134,10.677880317997504,3.557105943884746,-0.0037643005417419325
22.700000000000053,7,78.30042056679335,10.676541264484941,3.522532157222403,-0.016010637731906918
22.700000000000053,8,78.65262939676822,10.670901638671396,3.490623983875777,-0.026021974967762103
22.800000000000054,0,76.12620109762513,10.539526193956377,3.693353741289623,0.10706263404180773
22.800000000000054,1,76.4934217565884,10.578992714116463,3.632274000779289,0.09279832177136982
22.800000000000054,2,76.85508638625325,10.612651245853746,3.575689009349421,0.07539006529654425
22.800000000000054,3,77.2116399921072,10.639582844300481,3.523354011114638,0.055687719075830595
22.800000000000054,4,77.5634302286124,10.659193427157046,3.4754884126082586,0.035869814147804185
22.800000000000054,5,77.91075759612278,10.671657207216224,3.433099916007581,0.017845537045667798
22.800000000000054,6,78.25401645585525,10.67778332788373,3.397315458164088,0.00267589440163387
22.800000000000054,7,78.59375185182026,10.678692238505043,3.366903786263981,-0.009515442886337294
22.800000000000054,8,78.93043354204562,10.67548826654026,3.340821726727191,-0.019529053374072874
22.900000000000055,0,76.49489769734569,10.561238769517116,3.6322740007793075,0.0928146286973276
22.900000000000055,1,76.8565616989768,10.594903203145819,3.591986338901782,0.07197537946505844
22.900000000000055,2,77.2148304150318,10.620734340190051,3.5507177224476294,0.05032795086155141
22.900000000000055,3,77.56945291615241,10.638596809446806,3.507256205979941,0.02887555698784725
22.900000000000055,4,77.92003292208534,10.648722745555762,3.4625596992433674,0.009114506718333734
22.900000000000055,5,78.26627532374815,10.651878563129168,3.418960886706828,-0.007872648802442754
22.900000000000055,6,78.60816174291777,10.649186841571792,3.379055742211995,-0.021675357022457986
22.900000000000055,7,78.94598887753111,10.64186305207301,3.342974808714873,-0.03254631450176044
22.900000000000055,8,79.2801101654423,10.630984681604879,3.3108273116233686,-0.04139703716608875
23.000000000000057,0,76.85804332194147,10.568945876928247,3.5919863389018065,0.07202829271621512
23.000000000000057,1,77.21631058388746,10.594795975695153,3.5692772905422587,0.04971017958952828
23.000000000000057,2,77.57279740613423,10.61253161136656,3.540364381557497,0.02768982414726377
23.000000000000057,3,77.9266981347747,10.622333566747663,3.503154514632345,0.006929126622610783
23.000000000000057,4,78.27700517670644,10.624760927827332,3.4593733272805007,-0.011529111453911108
23.000000000000057,5,78.62291952962815,10.620772662457707,3.412685525766706,-0.02705688104820112
23.000000000000057,6,78.96406323329006,10.61154011450385,3.367147758921343,-0.03954382692655348
23.000000000000057,7,79.30051491654262,10.598228570803869,3.3242141675242634,-0.04935344932421544
23.000000000000057,8,79.63253176163937,10.581829055099384,3.2850584551507245,-0.0573523005275831
23.10000000000006,0,77.21723669490453,10.566976584338022,3.569277290607113,0.04977716029546277
23.10000000000006,1,77.57372232423182,10.584736097058483,3.5611352727944214,0.028108691809558814
23.10000000000006,2,77.9296951886868,10.594744664620901,3.5417998029800795,0.007231068809289069
23.10000000000006,3,78.28386602003829,10.597305741649881,3.508375340458274,-0.011991350037270363
23.10000000000006,4,78.63467881240052,10.593098814409856,3.463382386180351,-0.02880783779954787
23.10000000000006,5,78.98087457688584,10.58312288555873,3.4118245685702155,-0.04284267910254233
23.10000000000006,6,79.32174614374142,10.568510060980916,3.3592121675392623,-0.054123374153432546
23.10000000000006,7,79.65717844232545,10.550337541081863,3.3082868369526848,-0.06302073215150762
23.10000000000006,8,79.98735364219009,10.529502016954567,3.26120805192328,-0.07031111759667776
23.20000000000006,0,77.57404399267315,10.557710611446392,3.5611352726929097,0.028170756960372467
23.20000000000006,1,77.93001622494435,10.567741272242607,3.498404688752118,0.016956720972810504
23.20000000000006,2,78.27980640014697,10.573673135111195,3.436688606474783,0.0038540785487233137
23.20000000000006,3,78.62347270891979,10.574997660164005,3.3749859275390772,-0.010488895044148728
23.20000000000006,4,78.9609527378374,10.571457740661742,3.3140934344221917,-0.024640394137384863
23.20000000000006,5,79.29226147894289,10.56329250985641,3.2562077422552087,-0.03741005161272133
23.20000000000006,6,79.61765443440103,10.551113851863548,3.2038872006800556,-0.04817446479597445
23.20000000000006,7,79.93767150925419,10.535685242985652,3.157130554278498,-0.056885218012925634
23.20000000000006,8,80.25287408362192,10.517735475813506,3.115772012315413,-0.06409366513028793
23.30000000000006,0,77.93013543679089,10.553732388633264,3.4984046888114637,0.01696539841151528
23.30000000000006,1,78.27992556102748,10.559667286904244,3.4503632223466303,0.0022828130248812445
23.30000000000006,2,78.6249610538311,10.560454936811055,3.3996605290355624,-0.012928009971992543
23.30000000000006,3,78.96489898539608,10.556059959411431,3.344988723166253,-0.028020059841336313
23.30000000000006,4,79.29926718136679,10.54668846622533,3.2878924161413643,-0.042022825714647036
23.30000000000006,5,79.62776715209569,10.532875801800916,3.2309368616582415,-0.05422022265167855
23.30000000000006,6,79.95038732173532,10.515366057131592,3.1748462974061074,-0.06427937344731557
23.30000000000006,7,80.26721770144607,10.494972253187598,3.121873553203372,-0.07226245278650317
23.30000000000006,8,80.57859170748398,10.472432306914008,3.073567952917867,-0.07879015279464152
23.400000000000063,0,78.27975611474628,10.541333365893397,3.450363222304855,0.002302672037889865
23.400000000000063,1,78.62479152282941,10.542127870722737,3.4227463226341936,-0.014065210865774232
23.400000000000063,2,78.96703231483278,10.537313864800655,3.386228030990748,-0.030002561579234473
23.400000000000063,3,79.3055027589285,10.527155837791042,3.338456346903298,-0.04487759286287797
23.400000000000063,4,79.63901229840705,10.512178678661659,3.2819095210118805,-0.05807325862063133
23.400000000000063,5,79.96665000185877,10.493130272762967,3.2207384645471695,-0.06923292293112172
23.400000000000063,6,80.28795227641626,10.470849967134484,3.1573299088813522,-0.078267700639883
23.400000000000063,7,80.602718718735,10.446163488813948,3.095608007666614,-0.08536432152860748
23.400000000000063,8,80.91115235809322,10.419770113360151,3.038431974223688,-0.09114153324792112
23.500000000000064,0,78.62423339302138,10.521702442816157,3.4227463225412453,-0.014036583917040603
23.500000000000064,1,78.96647430738167,10.516898233980228,3.3177860422159773,-0.02043903600800796
23.500000000000064,2,79.2981836268838,10.51011746757976,3.2196476121211557,-0.02868141994510915
23.500000000000064,3,79.62001603851681,10.500884311421277,3.1290455911052337,-0.03827373826953979
23.500000000000064,4,79.93269166207543,10.48891116837627,3.047120994044934,-0.04806893483252903
23.500000000000064,5,80.23705232606781,10.474269543368418,2.9753916903435442,-0.05711306021068611
23.500000000000064,6,80.53410738928127,10.457285273444759,2.9133883376826017,-0.0648506416169276
23.500000000000064,7,80.82483550377931,10.438404799013806,2.862121502021461,-0.07115917847397508
23.500000000000064,8,81.11032575287334,10.418055078104125,2.82098346811195,-0.07643097632413584
23.600000000000065,0,78.96626862882027,10.508899438654222,3.3177860422679544,-0.020437316039403332
23.600000000000065,1,79.29797794669659,10.502119246523876,3.2453049376285,-0.03249626566861698
23.600000000000065,2,79.62233733262124,10.491575055600151,3.1714854513279795,-0.04453193902008916
23.600000000000065,3,79.93917226600654,10.477456411088593,3.0955926705430823,-0.05601678384262199
23.600000000000065,4,80.24824742656551,10.460124815392565,3.019867737690494,-0.06632469968427976
23.600000000000065,5,80.54957212737304,10.440110096501868,2.9477776892695555,-0.0750696246993453
23.600000000000065,6,80.8435217379556,10.418001758792379,2.8809261912981805,-0.08214098303965772
23.600000000000065,7,81.13064493816819,10.39436388488106,2.822447714530343,-0.08769811836321303
23.600000000000065,8,81.41180670730054,10.369643021501973,2.7735162855396087,-0.09225006700301047
23.700000000000067,0,79.29732831538325,10.487069947671749,3.245304937588587,-0.032484861475168894
23.700000000000067,1,79.62168759177804,10.476529473629071,3.19920664779067,-0.04605829992980387
23.700000000000067,2,79.9412689882598,10.46179968091251,3.144102631992439,-0.058830058354406994
23.700000000000067,3,80.25513533591712,10.443313574651416,3.077956394496012,-0.07028009306473451
23.700000000000067,4,80.56217114606744,10.421699472302501,3.004149576301366,-0.08005627258085588
23.700000000000067,5,80.86162393846624,10.39767505121564,2.9281000933438603,-0.08805162358504906
23.700000000000067,6,81.1532996096758,10.37192595238514,2.853449183548771,-0.09434984046651995
23.700000000000067,7,81.43737546822973,10.345043619689356,2.785422768831447,-0.0992172428042764
23.700000000000067,8,81.71454796025768,10.317452727100154,2.726852435990418,-0.10317333731681523
23.800000000000068,0,79.62069489231209,10.459609094517123,3.199206647754747,-0.04603981680598537
23.800000000000068,1,79.9402765551725,10.444885208666943,3.099257661651304,-0.052675119104726865
23.800000000000068,2,80.2497724538641,10.428567381268435,3.002798940846648,-0.06006424910460436
23.800000000000068,3,80.54951085905353,10.410542139791161,2.9100668501818583,-0.06782612554773283
23.800000000000068,4,80.83984843943063,10.390819416509864,2.8231205291603123,-0.07528456377696666
23.800000000000068,5,81.12136083335972,10.369585749374984,2.744901000610948,-0.08193679670011358
23.800000000000068,6,81.39493003745214,10.347120065601995,2.6761294361196715,-0.08753220959932365
23.800000000000068,7,81.66151844897445,10.32372520767249,2.618423535448575,-0.09207951959808904
23.800000000000068,8,81.92225162628398,10.299648930414453,2.568960751712374,-0.09587640167458132
23.90000000000007,0,79.9397876107144,10.436607587907137,3.0992576616132554,-0.05267289867987168
23.90000000000007,1,80.24928354248527,10.420290447040621,3.0264258646256126,-0.06208341974938813
23.90000000000007,2,80.55134314050527,10.401513422440118,2.9509828346195572,-0.07130658131751037
23.90000000000007,3,80.84569174592617,10.380488779352842,2.872155469868982,-0.07997590229691776
23.90000000000007,4,81.13198966140479,10.357542895528876,2.792168448476911,-0.08769388796881952
23.90000000000007,5,81.41013410754181,10.333088599967812,2.7122485597675716,-0.0942005731406027
23.90000000000007,6,81.68015702118632,10.307576770299754,2.636417027777891,-0.0994196308861893
23.90000000000007,7,81.94249735695868,10.281408707279072,2.5690550670591494,-0.10350696565237408
23.90000000000007,8,82.19802832303175,10.25486460094205,2.50924483952962,-0.10684129908152881
24.00000000000007,0,80.24844195842192,10.408563438597735,3.0264258645914692,-0.06207694064586591
24.00000000000007,1,80.55050160888081,10.389788376618707,2.919510286594027,-0.0677788284092967
24.00000000000007,2,80.84178229259297,10.370015425234577,2.8186991713228045,-0.07406868130980832
24.00000000000007,3,81.12287938723055,10.349156775703776,2.7244272803767244,-0.0806400261594605
24.00000000000007,4,81.39443680040961,10.3272107880158,2.637517569757981,-0.08694053908882887
24.00000000000007,5,81.65719241239088,10.304308941546054,2.557040287743144,-0.09252462171529037
24.00000000000007,6,81.9118027345406,10.28068376152109,2.4847989381153575,-0.09715707033063276
24.00000000000007,7,82.15911080951787,10.256580142557596,2.423181414386037,-0.10086658478164567
24.00000000000007,8,82.40019732856548,10.232179761099674,2.36973124520936,-0.10392819726704908
24.100000000000072,0,80.54997584013896,10.382681904981457,2.919510286556484,-0.06777726112164162
24.100000000000072,1,80.84125654991773,10.362909410361059,2.846543342275145,-0.07632667648769731
24.100000000000072,2,81.12508219308515,10.341203774119473,2.7699311126573285,-0.0844917828934088
24.100000000000072,3,81.40108741761753,10.317827944492333,2.688381944700415,-0.09194622516687503
24.100000000000072,4,81.66879041480648,10.293144058313093,2.60407218425838,-0.09840840517399094
24.100000000000072,5,81.9279382248594,10.267559083545823,2.51833611350445,-0.10372963262806204
24.100000000000072,6,82.17841871403533,10.241483234254872,2.4357392368089217,-0.10791086518461282
24.100000000000072,7,82.4205762946955,10.2152498855467,2.3614058991101046,-0.11112835541883513
24.100000000000072,8,82.6552606643173,10.18906189802539,2.294748767244324,-0.11371925121273214
24.200000000000074,0,80.84033827833355,10.352267143090835,2.8465433422431676,-0.07632127944864198
24.200000000000074,1,81.12416396841586,10.330563045308132,2.7326622257655737,-0.08100744750445513
24.200000000000074,2,81.39653407077529,10.308450648822888,2.625958399828386,-0.08608512848462693
24.200000000000074,3,81.65815752203827,10.28587296135148,2.527132213237034,-0.09131601848754436
24.200000000000074,4,81.90981785762854,10.262828252419474,2.4371575974437754,-0.09629280437234318
24.200000000000074,5,82.15240461255593,10.23939642617085,2.3548817665882726,-0.10069456815534608
24.200000000000074,6,82.38669996843646,10.215724094007811,2.2812109707467636,-0.10435395146038073
24.200000000000074,7,82.61358012233566,10.1919619351562,2.2149365094872064,-0.10728009546313924
24.200000000000074,8,82.83380042192277,10.168245625702014,2.155782961015616,-0.10967709942246737
24.300000000000075,0,81.12365735166159,10.324728204934587,2.732662225730371,-0.08100646577455405
24.300000000000075,1,81.3960274719492,10.302616076050487,2.6276404072224233,-0.08696205023958284
24.300000000000075,2,81.65779857974537,10.27979436588656,2.5241166442053564,-0.09267375475227224
24.300000000000075,3,81.90912712288306,10.25643589703963,2.4224889452498335,-0.09791398452715035
24.300000000000075,4,82.15021572561476,10.232754223192428,2.3256700591043904,-0.10247661681594414
24.300000000000075,5,82.38156267419785,10.208963232563438,2.235060436667454,-0.10625712859286404
24.300000000000075,6,82.60380816582082,10.185258785747497,2.154527627099327,-0.10926303961829929
24.300000000000075,7,82.81797613778976,10.161764573613741,2.085172985647347,-0.11160899650548281
24.300000000000075,8,83.02519608568684,10.138540452472734,2.027681874268544,-0.11352359902130797
24.400000000000077,0,81.39532428713404,10.295206941685088,2.627640407189481,-0.08695985643084939
24.400000000000077,1,81.65709544136513,10.272385806126827,2.551282239707219,-0.09420784846296364
24.400000000000077,2,81.91109235939518,10.248386261474053,2.465546951572138,-0.10073105901823615
24.400000000000077,3,82.15639725599004,10.223592524514643,2.3688749468053665,-0.10628159403596228
24.400000000000077,4,82.39194810334938,10.198463115600195,2.265811792002279,-0.11078671312347309
24.400000000000077,5,82.61714021483007,10.173412249591792,2.160377118259005,-0.11429226054248845
24.400000000000077,6,82.8317684434551,10.148774532569721,2.0598861311250776,-0.11692925158523144
24.400000000000077,7,83.03635047629916,10.124743286739989,1.9685180344479816,-0.1188920245459086
24.400000000000077,8,83.23181263730461,10.10139427546806,1.890230765168988,-0.12044133574842644
24.500000000000078,0,81.65615357943375,10.263378943424318,2.5512822396833448,-0.09420356052800563
24.500000000000078,1,81.91015059725171,10.239380488093094,2.448980316014482,-0.0988034140195069
24.500000000000078,2,82.1538542565741,10.215223074140315,2.3442737138673753,-0.10317861101853537
24.500000000000078,3,82.38703495431159,10.191078071192239,2.2365296681141897,-0.10714783960693573
24.500000000000078,4,82.60940540395856,10.167159954867472,2.12912599130067,-0.11055796867082747
24.500000000000078,5,82.82101822775272,10.143668679301598,2.0243158476679852,-0.11333961100091273
24.500000000000078,6,83.0221511239205,10.120774235692938,1.9276105642401276,-0.11551417659519843
24.500000000000078,7,83.21362766476484,10.098557071667738,1.8415854582326687,-0.11718237923944606
24.500000000000078,8,83.39652334000587,10.077026276872957,1.7690004423587997,-0.11852378808676524
24.60000000000008,0,81.90954539405428,10.233663640219088,2.448980315978816,-0.09880230298545105
24.60000000000008,1,82.15324906361248,10.209506498791573,2.3398841091357654,-0.10300884832514567
24.60000000000008,2,82.38599716891616,10.18544622445322,2.224898481785382,-0.10692845761602604
24.60000000000008,3,82.60721629282642,10.161701037023843,2.105300269008562,-0.11039845367115804
24.60000000000008,4,82.81646467938396,10.13850602933363,1.9825092689178039,-0.11330609843525592
24.60000000000008,5,83.01344437696532,10.116091022004788,1.8619875718083976,-0.1156203529860364
24.60000000000008,6,83.19839997057638,10.094610587318321,1.7474957127940192,-0.11738653296491945
24.60000000000008,7,83.37194694175255,10.07414441742866,1.6460314022848817,-0.11871357198628206
24.60000000000008,8,83.53539158018441,10.054649654221373,1.5563895092781315,-0.11976150097421781
24.70000000000008,0,82.1526743523778,10.204280726947754,2.339884109095266,-0.10300788403015457
24.70000000000008,1,82.3854224792294,10.180220677320955,2.214255261228396,-0.10585307331862293
24.70000000000008,2,82.60560864327546,10.156825851118986,2.08815719439463,-0.10863492818025763
24.70000000000008,3,82.81319340618231,10.134185762312358,1.9634782171270182,-0.11122196208282831
24.70000000000008,4,83.00832804614825,10.11239256727167,1.8406026416189853,-0.11347751149281163
24.70000000000008,5,83.19120450711104,10.091550662739127,1.7235065132613214,-0.11532857927889602
24.70000000000008,6,83.36241024819196,10.071717738677485,1.6144670763526152,-0.11677547639492576
24.70000000000008,7,83.5227574296262,10.052907539849418,1.5192099334996745,-0.11788235547203484
24.70000000000008,8,83.67362408531602,10.035040182629366,1.4356891337027835,-0.11876566993317557
24.800000000000082,0,82.38502994159612,10.176686222449455,2.2142552611910404,-0.10585275046498901
24.800000000000082,1,82.60521611081796,10.153291467666346,2.0771406401787527,-0.10791323442110348
24.800000000000082,2,82.81172190585389,10.130919850795244,1.9441282240871032,-0.11000523198565733
24.800000000000082,3,83.0049596052074,10.109576530414536,1.8175481810871847,-0.11201757730852938
24.800000000000082,4,83.18557529211198,10.089259347971726,1.6968251165124815,-0.11381584307189545
24.800000000000082,5,83.35415995295008,10.069988458681546,1.5846054839041144,-0.11531818593139306
24.800000000000082,6,83.51156804271535,10.051755549370068,1.4818608093766925,-0.11650873388781079
24.800000000000082,7,83.65874950153986,10.03452960996991,1.3932267976121944,-0.11742886900911259
24.800000000000082,8,83.7971126876472,10.018206679780821,1.3160095528786109,-0.1181675887002906
24.900000000000084,0,82.60492910949912,10.15073203411992,2.0771406401325248,-0.10791309534105142
24.900000000000084,1,82.81143490733285,10.128360446027784,1.9316749627025263,-0.11031243184943205
24.900000000000084,2,83.0034282840034,10.107094860612756,1.786492840643858,-0.11249529227763481
24.900000000000084,3,83.18094833971188,10.087040019367851,1.645380810969112,-0.11437752690545941
24.900000000000084,4,83.34441133264663,10.068261567107886,1.5107746774913262,-0.1159151816483799
24.900000000000084,5,83.49447497346509,10.050788585245996,1.3896885030088324,-0.11711572902525189
24.900000000000084,6,83.63249185812212,10.034550327496333,1.284374729128475,-0.11802435455009373
24.900000000000084,7,83.76003581855673,10.019426746147872,1.1951993656840292,-0.11870612768631275
24.900000000000084,8,83.8787146573731,10.005272294178042,1.1225479843899833,-0.11924418966618869
25.000000000000085,0,82.81109039580437,10.1253813638954,1.931674962672389,-0.11031218180434549
25.000000000000085,1,83.00308377745375,10.104115826543875,1.782849634401563,-0.1121132536556071
25.000000000000085,2,83.18024944861341,10.084169565918458,1.6374035604751667,-0.11377673221389117
25.000000000000085,3,83.34293112648653,10.065579891606717,1.4992894236858283,-0.11523339152891536
25.000000000000085,4,83.49186573704446,10.04834128141475,1.3701376828676386,-0.11643790809617907
25.000000000000085,5,83.62795175275289,10.032423709687688,1.2559249685651341,-0.11738668726796038
25.000000000000085,6,83.752679933591,10.017714657826405,1.1579213580109449,-0.11810959504579487
25.000000000000085,7,83.86766536504369,10.004070270143187,1.0757244482963468,-0.11865477148858751
25.000000000000085,8,83.9744814443087,9.991336215705768,1.0093912131516112,-0.11908614986112893
25.100000000000087,0,83.00282290953146,10.101879766912798,1.7828496343598843,-0.11211313133738243
25.100000000000087,1,83.17998858296224,10.08193352798924,1.6164287917442905,-0.11384340739831489
25.100000000000087,2,83.34058512156781,10.063571275326339,1.454218071477508,-0.11533824940530728
25.100000000000087,3,83.48504073401014,10.046835741570089,1.303731597621649,-0.11655836671443011
25.100000000000087,4,83.61452928086936,10.031674044299496,1.1677432709128794,-0.11750760531896773
25.100000000000087,5,83.73049832336307,10.017983729698525,1.0484760139445393,-0.11821687557603737
25.100000000000087,6,83.83461414313481,10.005617823686404,0.9521093189335943,-0.11873271498606928
25.100000000000087,7,83.9291547471739,9.99433971375623,0.8782545160162811,-0.11910936412422085
25.100000000000087,8,84.01635794340166,9.983903597302836,0.8208069410332304,-0.11940280818917234
25.200000000000088,0,83.17973358957664,10.079785887216925,1.6164287917117326,-0.11384328007506879
25.200000000000088,1,83.34033013027425,10.061423655045797,1.4554949802894295,-0.11519552073147675
25.200000000000088,2,83.484914974826,10.044694062482534,1.3002498659852941,-0.11636192831922836
25.200000000000088,3,83.6140606792527,10.029598224765916,1.1580734143685851,-0.11731128368527535
25.200000000000088,4,83.72907206807176,10.016043856019152,1.031105435035811,-0.11804671428179551
25.200000000000088,5,83.83146502193527,10.003900244769262,0.9208533552620153,-0.11859337397452224
25.200000000000088,6,83.92290355437063,9.993005115105888,0.8328698917439421,-0.1189887033006056
25.200000000000088,7,84.00560163735523,9.983118273082415,0.7663506099080728,-0.11927599887242957
25.200000000000088,8,84.0816922099022,9.973999208004834,0.7152107014547029,-0.11949915239889149
25.30000000000009,0,83.34012919892923,10.0597453727982,1.4554949802560486,-0.11519544720382531
25.30000000000009,1,83.48471404413894,10.043015790879332,1.3042495568244492,-0.11624140095496731
25.30000000000009,2,83.61425883666297,10.027889130490248,1.1612726616495528,-0.1171443181206202
25.30000000000009,3,83.72959021907732,10.014316573105848,1.0341481657483782,-0.11788163051988831
25.30000000000009,4,83.83228733784787,10.002154080208811,0.9239844273670588,-0.11845687392150211
25.30000000000009,5,83.92403826996008,9.991234428991554,0.829704731182294,-0.118889278483385
25.30000000000009,6,84.00642305400595,9.981393351095573,0.7506783701796602,-0.11920558503691323
25.30000000000009,7,84.0809581664578,9.972466023682726,0.6902456751041584,-0.11943631987864546
25.30000000000009,8,84.14949100001948,9.964241569611021,0.643931051284301,-0.11961567529803482
25.40000000000009,0,83.48455793854617,10.041717739894306,1.30424955682446,-0.11624135988437102
25.40000000000009,1,83.61410273146015,10.026591084823114,1.1605818575149245,-0.1171029852855548
25.40000000000009,2,83.7293660670278,10.013031365448217,1.0259536518264394,-0.11783582813796267
25.40000000000009,3,83.83124997360534,10.000969913719352,0.9077368035139871,-0.11842401584205484
25.40000000000009,4,83.92138788170838,9.99024523868798,0.8065430998309644,-0.11887539997376285
25.40000000000009,5,84.00147298529187,9.98067999095655,0.7207764322842868,-0.11920977857175988
25.40000000000009,6,84.07303908828604,9.972107967676834,0.6493744910455392,-0.11945133165396363
25.40000000000009,7,84.13751380413304,9.964369536437253,0.5954284302948325,-0.11962570778050609
25.40000000000009,8,84.19663111671193,9.957263657909014,0.5545906340677845,-0.11976037866131115
25.500000000000092,0,83.6139734049435,10.025521872461027,1.1605818575149356,-0.11710295678290725
25.500000000000092,1,83.72923674074185,10.011962156366476,1.004041625528321,-0.11787500826979883
25.500000000000092,2,83.82894417691183,10.000154403111583,0.8592840768724124,-0.1184912366828524
25.500000000000092,3,83.91427006528849,9.989996448746536,0.7308397750895773,-0.11894857455994139
25.500000000000092,4,83.98683762830805,9.981323699113101,0.6252322753131134,-0.11927000142918381
25.500000000000092,5,84.04891667603631,9.973884221250177,0.5429308044713967,-0.11948910337490601
25.500000000000092,6,84.1028226288351,9.967412216359843,0.4818777798159554,-0.11963720808839957
25.500000000000092,7,84.1506659606851,9.961660907957203,0.438415991945991,-0.11973967139696763
25.500000000000092,8,84.19419364381508,9.956423864704163,0.4065220468400081,-0.11981701255694858
25.600000000000094,0,83.72912000608892,10.011004203070605,1.0040416255283222,-0.1178749818180545
25.600000000000094,1,83.82882744253742,9.999196452446142,0.8607806735577052,-0.11847893948116427
25.600000000000094,2,83.91430206627389,9.989021857274793,0.7288984896495292,-0.11895162062970016
25.600000000000094,3,83.98667684610467,9.980371924078586,0.6125172308691209,-0.11929389090100573
25.600000000000094,4,84.04749324830783,9.97308228638786,0.5178137894473481,-0.11952798791001341
25.600000000000094,5,84.09890516877633,9.966907689662309,0.44499443357880675,-0.11968332724986704
25.600000000000094,6,84.14308628518666,9.961594553805625,0.39184448371885494,-0.11978582139195479
25.600000000000094,7,84.1819899477101,9.956912029193074,0.35471878286779934,-0.11985538409314307
25.600000000000094,8,84.21720734856027,9.952670705185856,0.32795700726075117,-0.11990728168775401
25.700000000000095,0,83.82873584308552,9.998447098412496,0.8607806735577093,-0.11847892293956773
25.700000000000095,1,83.91421046692942,9.988272504639266,0.730585984495941,-0.11894380727368828
25.700000000000095,2,83.98675287142662,9.979603112479833,0.6111985897951555,-0.11930000320922808
25.700000000000095,3,84.04743830215466,9.972328797110974,0.5063350830423763,-0.11955101792981278
25.700000000000095,4,84.09771040291523,9.966289918784414,0.42188312680463136,-0.11971748523934408
25.700000000000095,5,84.13959674924763,9.961251296101715,0.35785442416322144,-0.11982455040031993
25.700000000000095,6,84.17512559658746,9.956973575255816,0.31193917493341994,-0.11989319559408769
25.700000000000095,7,84.20609558592682,9.953242590188763,0.28054863124200236,-0.1199387231868992
25.700000000000095,8,84.23394890208345,9.949885787236795,0.25839352136223787,-0.1199722101611534
25.800000000000097,0,83.91413983299609,9.987695717704906,0.7305859844959419,-0.11894379692546007
25.800000000000097,1,83.98668223755925,9.97902632628392,0.5966412794733378,-0.11929537219137075
25.800000000000097,2,84.04592231715884,9.971925542280108,0.48049039080436623,-0.119548450870436
25.800000000000097,3,84.09362841059006,9.966195026836907,0.3865420943740753,-0.11971496138565446
25.800000000000097,4,84.13200596096858,9.961578585033468,0.3142012460911362,-0.11981897122078304
25.800000000000097,5,84.16320081243231,9.957822859694328,0.26106066864100475,-0.11988239638396779
25.800000000000097,6,84.18911950842102,9.954700692920822,0.22401970228543772,-0.11992123071993806
25.800000000000097,7,84.21136058909622,9.952020655494977,0.1994478523012106,-0.11994607302835923
25.800000000000097,8,84.23116207284238,9.949634089005041,0.18259700225277692,-0.11996394731786145
25.900000000000098,0,83.9866287771412,9.978590126889639,0.5966412794733409,-0.11929536591688915
25.900000000000098,1,84.04586885677841,9.971489343250036,0.47818472522760114,-0.11953985066852954
25.900000000000098,2,84.0933460783315,9.96578673436592,0.3762644596456066,-0.11971011947288245
25.900000000000098,3,84.13070324297487,9.961293218397852,0.294796345227944,-0.11981738076563173
25.900000000000098,4,84.15997152269878,9.957769491163775,0.2330154518677888,-0.11988112483069763
25.900000000000098,5,84.18310582942499,9.954982761795364,0.18849790008954187,-0.11991799970097504
25.900000000000098,6,84.20182024870664,9.95272774633569,0.15822833978457268,-0.11993945543601922
25.900000000000098,7,84.21752940958243,9.950834510954856,0.1387914704270221,-0.11995260489075787
25.900000000000098,8,84.23130882536285,9.949173660582979,0.12592491292511832,-0.1199618100105385
26.0000000000001,0,84.04583170919753,9.97118600643887,0.4781847252276053,-0.11953984747606317
26.0000000000001,1,84.09330893076763,9.965483397702815,0.37420317209588705,-0.11970209542990502
26.0000000000001,2,84.130461477715,9.961014796647746,0.28547389768931414,-0.119810693294973
26.0000000000001,3,84.15880421925078,9.957602691013236,0.21544976951937486,-0.11987548469823059
26.0000000000001,4,84.18019457941087,9.955026157658391,0.1632395907768538,-0.11991153872783729
26.0000000000001,5,84.19640131975908,9.953073414111625,0.12644398453976902,-0.11993090950518041
26.0000000000001,6,84.20895489228954,9.951560592535944,0.10216449887579696,-0.11994135651939866
26.0000000000001,7,84.2190979436692,9.950338153521194,0.08721479430676596,-0.11994734252445152
26.0000000000001,8,84.22775675872899,9.949294541840578,0.07779506538756127,-0.11995134806419515
