time,horizon_index,x,y,v,yaw
0.0,0,-8.272883270171094e-09,0.0,-1.0650345215487114e-08,0.0
0.0,1,-1.7594597864779797e-08,0.0,0.20000019386192447,0.0
0.0,2,0.0199999935693514,0.0,0.40000002366313725,0.0
0.0,3,0.059999987806804315,0.0,0.5999998873179695,0.0
0.0,4,0.11999996866559465,0.0,0.7999992960139413,0.0
0.0,5,0.19999989090317724,0.0,0.9999990569168453,0.0
0.0,6,0.2999997900971233,0.0,1.1834761934281213,0.0
0.0,7,0.4183474041700597,0.0,1.3273787463372946,0.0
0.0,8,0.5510852750875775,0.0,1.4383707688816192,0.0
0.1,0,-4.5710302973126306e-09,0.0,0.1999999940650914,0.0
0.1,1,0.019999990272900475,0.0,0.40000011015614095,0.0
0.1,2,0.05999999674339097,0.0,0.6000000082957889,0.0
0.1,3,0.11999999308531398,0.0,0.7999998495505427,0.0
0.1,4,0.19999997370984468,0.0,0.999999523879549,0.0
0.1,5,0.2999999220755489,0.0,1.1999993803934943,0.0
0.1,6,0.4199998565925783,0.0,1.370120375464417,0.0
0.1,7,0.5570118913011337,0.0,1.500486850636443,0.0
0.1,8,0.7070605743715173,0.0,1.6006537427869547,0.0
0.2,0,0.019999997331854494,0.0,0.39999999682591125,0.0
0.2,1,0.0599999943509612,0.0,0.6000000483547039,0.0
0.2,2,0.1199999965327767,0.0,0.7999998369370022,0.0
0.2,3,0.19999997762525812,0.0,0.9999998967297619,0.0
0.2,4,0.2999999648447088,0.0,1.1999997491605467,0.0
0.2,5,0.4199999375391675,0.0,1.3884701989333328,0.0
0.2,6,0.5588469555271375,0.0,1.5413914554914312,0.0
0.2,7,0.712986099561842,0.0,1.6572478965425046,0.0
0.2,8,0.8787108881613561,0.0,1.746513280828516,0.0
0.30000000000000004,0,0.059999999969800266,0.0,0.5999999999759014,0.0
0.30000000000000004,1,0.11999999993730548,0.0,0.8000000029743886,0.0
0.30000000000000004,2,0.2000000002049041,0.0,1.0000000026518103,0.0
0.30000000000000004,3,0.3000000004408654,0.0,1.200000002407137,0.0
0.30000000000000004,4,0.4200000006539595,0.0,1.3996718888608974,0.0
0.30000000000000004,5,0.5599671895151817,0.0,1.568842085860373,0.0
0.30000000000000004,6,0.7168513980800826,0.0,1.701860905422167,0.0
0.30000000000000004,7,0.8870374886056698,0.0,1.8024774266039063,0.0
0.30000000000000004,8,1.0672852312545729,0.0,1.8807665240144678,0.0
0.4,0,0.11999999917093408,0.0,0.7999999990764072,0.0
0.4,1,0.1999999982516097,0.0,0.9999999128466927,0.0
0.4,2,0.2999999887137841,0.0,1.2000000599335916,0.0
0.4,3,0.4199999939135726,0.0,1.3999999625420485,0.0
0.4,4,0.5599999894108196,0.0,1.5746646421024773,0.0
0.4,5,0.7174664529245116,0.0,1.7171434910021954,0.0
0.4,6,0.889180801418009,0.0,1.8291003488236672,0.0
0.4,7,1.0720908358128893,0.0,1.915277658041982,0.0
0.4,8,1.2636186012758057,0.0,1.9837720182747522,0.0
0.5,0,0.19999998248694373,0.0,0.9999998937636505,0.0
0.5,1,0.29999995439007776,0.0,1.199997939746971,0.0
0.5,2,0.4199997309758445,0.0,1.3909760339123234,0.0
0.5,3,0.5590973175510829,0.0,1.5587832543902556,0.0
0.5,4,0.7149756273195942,0.0,1.7004109465927069,0.0
0.5,5,0.8850167079883634,0.0,1.8165408427424372,0.0
0.5,6,1.0666707804179183,0.0,1.9101277262899998,0.0
0.5,7,1.2576835437475586,0.0,1.984720487908628,0.0
0.5,8,1.4561555861302677,0.0,2.0458701179938235,0.0
0.6,0,0.2999999915994186,0.0,1.1999979798531486,0.0
0.6,1,0.41999978972299784,0.0,1.399997995075675,0.0
0.6,2,0.5599995893685773,0.0,1.5999979909485762,0.0
0.6,3,0.7199993885956588,0.0,1.7745665007921814,0.0
0.6,4,0.8974560387962534,0.0,1.917260978286995,0.0
0.6,5,1.0891821367321426,0.0,2.0292696626360396,0.0
0.6,6,1.292109103086567,0.0,2.1152935415684198,0.0
0.6,7,1.5036384573157884,0.0,2.18077890061699,0.0
0.6,8,1.7217163474285622,0.0,2.2327039848143704,0.0
0.7,0,0.41999979034912627,0.0,1.3999979797575608,0.0
0.7,1,0.5599995885250201,0.0,1.5801067053818172,0.0
0.7,2,0.7180102594645555,0.0,1.7393612578156668,0.0
0.7,3,0.8919463854538289,0.0,1.873732533803516,0.0
0.7,4,1.0793196390337918,0.0,1.9843898638953674,0.0
0.7,5,1.277758625797441,0.0,2.073758668014367,0.0
0.7,6,1.48513449274459,0.0,2.145419351712335,0.0
0.7,7,1.699676427967335,0.0,2.202784233872085,0.0
0.7,8,1.9199548513691336,0.0,2.250211390212053,0.0
0.7999999999999999,0,0.5599995884202457,0.0,1.5801067053678468,0.0
0.7999999999999999,1,0.7180102590970949,0.0,1.7314206089752868,0.0
0.7999999999999999,2,0.8911523203723967,0.0,1.8679869932108029,0.0
0.7999999999999999,3,1.077951019894157,0.0,1.9866514306779894,0.0
0.7999999999999999,4,1.2766161631660125,0.0,2.0875126914426865,0.0
0.7999999999999999,5,1.485367432704833,0.0,2.1712410895558594,0.0
0.7999999999999999,6,1.7024915418598812,0.0,2.239489120748555,0.0
0.7999999999999999,7,1.9264404541175495,0.0,2.2938857805720296,0.0
0.7999999999999999,8,2.155829032504741,0.0,2.33764303463349,0.0
0.8999999999999999,0,0.7180102590654089,0.0,1.7314206089628963,0.0
0.8999999999999999,1,0.8911523200333727,0.0,1.8274299419211533,0.0
0.8999999999999999,2,1.0738953145749128,0.0,1.9184703645779764,0.0
0.8999999999999999,3,1.2657423512212902,0.0,2.003258861307444,0.0
0.8999999999999999,4,1.4660682375508536,0.0,2.0809230372818144,0.0
0.8999999999999999,5,1.6741605416714047,0.0,2.1502424915784224,0.0
0.8999999999999999,6,1.8891847910278674,0.0,2.2107591731855156,0.0
0.8999999999999999,7,2.1102607085289016,0.0,2.2619813518108014,0.0
0.8999999999999999,8,2.3364588440398144,0.0,2.304968235257914,0.0
0.9999999999999999,0,0.8911523206014925,0.0,1.8274299419042956,0.0
0.9999999999999999,1,1.0738953150059598,0.0,1.9687120687293538,0.0
0.9999999999999999,2,1.2707665222895144,0.0,2.094288172669522,0.0
0.9999999999999999,3,1.4801953397756613,0.0,2.201096024226045,0.0
0.9999999999999999,4,1.7003049424232048,0.0,2.289595341225888,0.0
0.9999999999999999,5,1.929264476981875,0.0,2.3608252237798713,0.0
0.9999999999999999,6,2.16534699965538,0.0,2.4167913241271464,0.0
0.9999999999999999,7,2.407026132477906,0.0,2.4596272471840406,0.0
0.9999999999999999,8,2.6529888573428035,0.0,2.4937026426631914,0.0
1.0999999999999999,0,1.073895314927697,0.0,1.9687120687111195,0.0
1.0999999999999999,1,1.2707665219501565,0.0,2.060280175334691,0.0
1.0999999999999999,2,1.476794539899156,0.0,2.143995123817269,0.0
1.0999999999999999,3,1.6911940525759637,0.0,2.218109964022684,0.0
1.0999999999999999,4,1.9130050494110276,0.0,2.2824935020227337,0.0
1.0999999999999999,5,2.1412543998334774,0.0,2.3381876007300093,0.0
1.0999999999999999,6,2.375073160111901,0.0,2.3856475869597817,0.0
1.0999999999999999,7,2.6136379191810115,0.0,2.424939299319524,0.0
1.0999999999999999,8,2.8561318492461165,0.0,2.4581318590413854,0.0
1.2,0,1.2707665224555864,0.0,2.060280175314213,0.0
1.2,1,1.4767945402692795,0.0,2.1810521911819976,0.0
1.2,2,1.6948997598572044,0.0,2.286034346574101,0.0
1.2,3,1.9235031948318746,0.0,2.3724330999921834,0.0
1.2,4,2.160746505273006,0.0,2.441457221795978,0.0
1.2,5,2.404892227676741,0.0,2.4961696331064047,0.0
1.2,6,2.6545091911947463,0.0,2.539087068106426,0.0
1.2,7,2.908417898379587,0.0,2.5721043581932808,0.0
1.2,8,3.1656283343326246,0.0,2.5986468324435856,0.0
1.3,0,1.476794540132686,0.0,2.181052191160107,0.0
1.3,1,1.6948997594445827,0.0,2.2566866901100004,0.0
1.3,2,1.9205684288948128,0.0,2.3248425396231456,0.0
1.3,3,2.153052683174392,0.0,2.383951836740393,0.0
1.3,4,2.39144786732136,0.0,2.4339505323311643,0.0
1.3,5,2.634842920866315,0.0,2.4759716290349605,0.0
1.3,6,2.8824400841918845,0.0,2.5108927014729696,0.0
1.3,7,3.13352935450449,0.0,2.5403012672286174,0.0
1.3,8,3.387559481283788,0.0,2.565859073290817,0.0
1.4000000000000001,0,1.694899759402325,0.0,2.256686690085001,0.0
1.4000000000000001,1,1.9205684285130225,0.0,2.312288387511514,0.0
1.4000000000000001,2,2.1517972676658954,0.0,2.3662707243656653,0.0
1.4000000000000001,3,2.3884243404071714,0.0,2.417671390392152,0.0
1.4000000000000001,4,2.6301914799216024,0.0,2.4651213195131296,0.0
1.4000000000000001,5,2.876703612204225,0.0,2.507817846300412,0.0
1.4000000000000001,6,3.127485397309515,0.0,2.5446004572391594,0.0
1.4000000000000001,7,3.381945443329663,0.0,2.5752764175884333,0.0
1.4000000000000001,8,3.639473085460137,0.0,2.600599412467975,0.0
1.5000000000000002,0,1.9205684290891234,0.0,2.3122883874859195,0.0
1.5000000000000002,1,2.15179726805842,0.0,2.399810408702977,0.0
1.5000000000000002,2,2.3917783093794975,0.0,2.477757528969586,0.0
1.5000000000000002,3,2.6395540626013094,0.0,2.5440386430384763,0.0
1.5000000000000002,4,2.8939579273886933,0.0,2.5985347071759453,0.0
1.5000000000000002,5,3.1538113984411975,0.0,2.642386801728575,0.0
1.5000000000000002,6,3.418050079091036,0.0,2.676441908573507,0.0
1.5000000000000002,7,3.6856942702455533,0.0,2.7023224441935403,0.0
1.5000000000000002,8,3.9559265150370244,0.0,2.7222075239220107,0.0
1.6000000000000003,0,2.151797268000747,0.0,2.399810408676095,0.0
1.6000000000000003,1,2.3917783089890565,0.0,2.4333658418091595,0.0
1.6000000000000003,2,2.6351148935793374,0.0,2.4678608612498265,0.0
1.6000000000000003,3,2.881900980011838,0.0,2.503050971579089,0.0
1.6000000000000003,4,3.132206077645942,0.0,2.537579400199888,0.0
1.6000000000000003,5,3.3859640179977264,0.0,2.570383630294422,0.0
1.6000000000000003,6,3.643002381502804,0.0,2.599919091676014,0.0
1.6000000000000003,7,3.902994290966941,0.0,2.625490103933876,0.0
1.6000000000000003,8,4.165543301732129,0.0,2.6470981561752542,0.0
1.7000000000000004,0,2.3917783095573624,0.0,2.433365841781173,0.0
1.7000000000000004,1,2.6351148939685194,0.0,2.501031554055367,0.0
1.7000000000000004,2,2.8852180498299287,0.0,2.5615537346974593,0.0
1.7000000000000004,3,3.1413734236263364,0.0,2.6134904551130322,0.0
1.7000000000000004,4,3.4027224696217653,0.0,2.656695977859825,0.0
1.7000000000000004,5,3.6683920677429684,0.0,2.692030650871394,0.0
1.7000000000000004,6,3.9375951333073695,0.0,2.7199523141448543,0.0
1.7000000000000004,7,4.209590365019254,0.0,2.7415980202715957,0.0
1.7000000000000004,8,4.48375016741866,0.0,2.7584593886357722,0.0
1.8000000000000005,0,2.635114894060327,0.0,2.501031554027456,0.0
1.8000000000000005,1,2.8852180498676807,0.0,2.544659758408754,0.0
1.8000000000000005,2,3.1396840260225245,0.0,2.584596673943584,0.0
1.8000000000000005,3,3.3981436938966625,0.0,2.6196517455730843,0.0
1.8000000000000005,4,3.660108868786966,0.0,2.6501433314556566,0.0
1.8000000000000005,5,3.9251232024137908,0.0,2.6761468448921866,0.0
1.8000000000000005,6,4.192737887217941,0.0,2.6982565085061223,0.0
1.8000000000000005,7,4.462563538486831,0.0,2.716650703497324,0.0
1.8000000000000005,8,4.734228608986372,0.0,2.7325344400109923,0.0
1.9000000000000006,0,2.8852180501595583,0.0,2.544659758381502,0.0
1.9000000000000006,1,3.139684026510274,0.0,2.618778998555086,0.0
1.9000000000000006,2,3.401561926724438,0.0,2.681761006895883,0.0
1.9000000000000006,3,3.6697380279121736,0.0,2.7313402061092225,0.0
1.9000000000000006,4,3.942872048863684,0.0,2.768983256875403,0.0
1.9000000000000006,5,4.219770375035767,0.0,2.7965657217836926,0.0
1.9000000000000006,6,4.499426947530641,0.0,2.8165470566432678,0.0
1.9000000000000006,7,4.781081653614086,0.0,2.8308002960975154,0.0
1.9000000000000006,8,5.064161683374085,0.0,2.841879917895488,0.0
2.0000000000000004,0,3.139684026178028,0.0,2.618778998526447,0.0
2.0000000000000004,1,3.4015619264332075,0.0,2.6379783651402953,0.0
2.0000000000000004,2,3.665359763260321,0.0,2.656982473670994,0.0
2.0000000000000004,3,3.9310580111065385,0.0,2.675410065520051,0.0
2.0000000000000004,4,4.198599017991107,0.0,2.693396099099692,0.0
2.0000000000000004,5,4.4679386283822105,0.0,2.7104844595239808,0.0
2.0000000000000004,6,4.7389870746496205,0.0,2.7266182526503435,0.0
2.0000000000000004,7,5.011648900333059,0.0,2.7412496464139315,0.0
2.0000000000000004,8,5.285773865124334,0.0,2.7546978959163497,0.0
2.1000000000000005,0,3.4015619267359947,0.0,2.6379783651091406,0.0
2.1000000000000005,1,3.665359763752322,0.0,2.690737339867547,0.0
2.1000000000000005,2,3.9344334980947586,0.0,2.7355718394323665,0.0
2.1000000000000005,3,4.207990682534685,0.0,2.770927206630768,0.0
2.1000000000000005,4,4.485083403537618,0.0,2.798063246887674,0.0
2.1000000000000005,5,4.7648897287106635,0.0,2.8183332783672177,0.0
2.1000000000000005,6,5.046723056863873,0.0,2.8335742027080713,0.0
2.1000000000000005,7,5.330080477553857,0.0,2.8449842030025847,0.0
2.1000000000000005,8,5.614578898004403,0.0,2.8543309299202733,0.0
2.2000000000000006,0,3.665359763434229,0.0,2.6907373398367502,0.0
2.2000000000000006,1,3.9344334978092634,0.0,2.6914110467760866,0.0
2.2000000000000006,2,4.203574602795317,0.0,2.6948210735333546,0.0
2.2000000000000006,3,4.473056710625678,0.0,2.70120579550255,0.0
2.2000000000000006,4,4.743177290507534,0.0,2.7104774660507465,0.0
2.2000000000000006,5,5.014225037593369,0.0,2.7216734942200453,0.0
2.2000000000000006,6,5.286392387330295,0.0,2.734147476301331,0.0
2.2000000000000006,7,5.55980713537884,0.0,2.7467291616565,0.0
2.2000000000000006,8,5.83448005169438,0.0,2.7590439066856915,0.0
2.3000000000000007,0,3.9344334981286138,0.0,2.6914110467431582,0.0
2.3000000000000007,1,4.203574603294086,0.0,2.728243885715071,0.0
2.3000000000000007,2,4.476398992215357,0.0,2.759808774329258,0.0
2.3000000000000007,3,4.752379870142386,0.0,2.7850866119217708,0.0
2.3000000000000007,4,5.030888531673279,0.0,2.805105091896302,0.0
2.3000000000000007,5,5.311399041346729,0.0,2.82073185757935,0.0
2.3000000000000007,6,5.593472227421003,0.0,2.833250476197265,0.0
2.3000000000000007,7,5.876797275459869,0.0,2.843289193536858,0.0
2.3000000000000007,8,6.161126194963824,0.0,2.852008343634383,0.0
2.400000000000001,0,4.203574602994282,0.0,2.7282438856816,0.0
2.400000000000001,1,4.476398991937245,0.0,2.715358685467004,0.0
2.400000000000001,2,4.747934860785534,0.0,2.707600588294157,0.0
2.400000000000001,3,5.018694920089052,0.0,2.7056666403761716,0.0
2.400000000000001,4,5.2892615844570035,0.0,2.7092329706235914,0.0
2.400000000000001,5,5.560184881999593,0.0,2.716875886057537,0.0
2.400000000000001,6,5.831872470920067,0.0,2.7274338045012385,0.0
2.400000000000001,7,6.104615851788523,0.0,2.739218233753503,0.0
2.400000000000001,8,6.378537675313728,0.0,2.75132726673029,0.0
2.500000000000001,0,4.4763989922759855,0.0,2.7153586854336553,0.0
2.500000000000001,1,4.747934861292345,0.0,2.7407734708867233,0.0
2.500000000000001,2,5.02201220872325,0.0,2.7630571070278416,0.0
2.500000000000001,3,5.298317919916963,0.0,2.7815793433628393,0.0
2.500000000000001,4,5.576475854590608,0.0,2.797132192500724,0.0
2.500000000000001,5,5.856189074323931,0.0,2.8101494537315976,0.0
2.500000000000001,6,6.137204020013197,0.0,2.821438685112186,0.0
2.500000000000001,7,6.419347888943451,0.0,2.8311601344125235,0.0
2.500000000000001,8,6.702463902534921,0.0,2.840020350323263,0.0
2.600000000000001,0,4.747934861012522,0.0,2.7407734708517086,0.0
2.600000000000001,1,5.022012208453301,0.0,2.7183930748503355,0.0
2.600000000000001,2,5.293851516231979,0.0,2.7030361688811286,0.0
2.600000000000001,3,5.564155133590879,0.0,2.6957256794509235,0.0
2.600000000000001,4,5.833727701864909,0.0,2.6959061201770567,0.0
2.600000000000001,5,6.103318314362248,0.0,2.7017489702746227,0.0
2.600000000000001,6,6.373493211704169,0.0,2.7116560172917676,0.0
2.600000000000001,7,6.644658813851548,0.0,2.723519042284206,0.0
2.600000000000001,8,6.917010718229765,0.0,2.736049321755533,0.0
2.700000000000001,0,5.022012208812178,0.0,2.7183930748170164,0.0
2.700000000000001,1,5.293851516747145,0.0,2.7360277760641973,0.0
2.700000000000001,2,5.567454294687632,0.0,2.7522021287046137,0.0
2.700000000000001,3,5.8426745080456355,0.0,2.7665553612764135,0.0
2.700000000000001,4,6.119330044509226,0.0,2.779654822137436,0.0
2.700000000000001,5,6.397295527205616,0.0,2.7915594747758408,0.0
2.700000000000001,6,6.676451474999033,0.0,2.802679177632405,0.0
2.700000000000001,7,6.956719393181172,0.0,2.812800358209289,0.0
2.700000000000001,8,7.23799942915225,0.0,2.8223033644062747,0.0
2.800000000000001,0,5.293851517006621,0.0,2.736027776030599,0.0
2.800000000000001,1,5.567454295161532,0.0,2.785971521408208,0.0
2.800000000000001,2,5.846051447677237,0.0,2.827027456088265,0.0
2.800000000000001,3,6.128754193790445,0.0,2.8577054246541502,0.0
2.800000000000001,4,6.414524736598796,0.0,2.8796516097647658,0.0
2.800000000000001,5,6.702489898060927,0.0,2.8946619165286034,0.0
2.800000000000001,6,6.991956090031033,0.0,2.9049647391289373,0.0
2.800000000000001,7,7.282452564363567,0.0,2.912023944751109,0.0
2.800000000000001,8,7.573654958989211,0.0,2.9176132171518754,0.0
2.9000000000000012,0,5.56745429480433,0.0,2.7859715213746346,0.0
2.9000000000000012,1,5.846051447375348,0.0,2.782855851879265,0.0
2.9000000000000012,2,6.12433703288918,0.0,2.7817740410508796,0.0
2.9000000000000012,3,6.402514437478279,0.0,2.7830637954738,0.0
2.9000000000000012,4,6.680820817360047,0.0,2.786980202684689,0.0
2.9000000000000012,5,6.959518838110514,0.0,2.7929372692671146,0.0
2.9000000000000012,6,7.238812565352836,0.0,2.8006126430955836,0.0
2.9000000000000012,7,7.518873830081224,0.0,2.8090417375632546,0.0
2.9000000000000012,8,7.7997780039876705,0.0,2.8178110095765154,0.0
3.0000000000000013,0,5.8460514476596055,0.0,2.782855851844852,0.0
3.0000000000000013,1,6.124337033373337,0.0,2.8151655776119364,0.0
3.0000000000000013,2,6.405853591500042,0.0,2.8417283749625275,0.0
3.0000000000000013,3,6.690026429496683,0.0,2.8616512765065085,0.0
3.0000000000000013,4,6.976191557488549,0.0,2.8762639622735415,0.0
3.0000000000000013,5,7.263817954200845,0.0,2.88675101579881,0.0
3.0000000000000013,6,7.5524930560976955,0.0,2.894660042354058,0.0
3.0000000000000013,7,7.841959060752636,0.0,2.9007728421153853,0.0
3.0000000000000013,8,8.132036345114653,0.0,2.9061748702581407,0.0
3.1000000000000014,0,6.124337033042613,0.0,2.815165577576371,0.0
3.1000000000000014,1,6.405853591209828,0.0,2.8267081974289163,0.0
3.1000000000000014,2,6.688524411269974,0.0,2.8392261599664423,0.0
3.1000000000000014,3,6.972447027750114,0.0,2.8524723730966715,0.0
3.1000000000000014,4,7.257694265401529,0.0,2.8662399248966626,0.0
3.1000000000000014,5,7.544318258394835,0.0,2.879482254371135,0.0
3.1000000000000014,6,7.832266484201691,0.0,2.8914305062520764,0.0
3.1000000000000014,7,8.121409535377113,0.0,2.900870588393661,0.0
3.1000000000000014,8,8.411496594682033,0.0,2.90789329705657,0.0
3.2000000000000015,0,6.4058535915202155,0.0,2.8267081973935846,0.0
3.2000000000000015,1,6.688524411763565,0.0,2.870265640521604,0.0
3.2000000000000015,2,6.975550976172069,0.0,2.9075345272622006,0.0
3.2000000000000015,3,7.266304429397918,0.0,2.937150685771355,0.0
3.2000000000000015,4,7.560019498323506,0.0,2.9599476018683526,0.0
3.2000000000000015,5,7.856014259016864,0.0,2.9765644631769037,0.0
3.2000000000000015,6,8.15367070570564,0.0,2.9880016339344273,0.0
3.2000000000000015,7,8.452470869650002,0.0,2.9946826559349544,0.0
3.2000000000000015,8,8.751939135709414,0.0,2.9980713823937863,0.0
3.3000000000000016,0,6.6885244114609925,0.0,2.870265640485485,0.0
3.3000000000000016,1,6.975550975891325,0.0,2.8606244444400417,0.0
3.3000000000000016,2,7.261613420641076,0.0,2.8557504188866787,0.0
3.3000000000000016,3,7.5471884630083546,0.0,2.8561142691563917,0.0
3.3000000000000016,4,7.832799890263633,0.0,2.8611232975472154,0.0
3.3000000000000016,5,8.118912220521109,0.0,2.8689896735115648,0.0
3.3000000000000016,6,8.405811188241653,0.0,2.878120330844329,0.0
3.3000000000000016,7,8.693623221876166,0.0,2.886477032361051,0.0
3.3000000000000016,8,8.982270925577753,0.0,2.893322325012826,0.0
3.4000000000000017,0,6.975550976233671,0.0,2.860624444404236,0.0
3.4000000000000017,1,7.261613421147925,0.0,2.886397828632205,0.0
3.4000000000000017,2,7.550253204354992,0.0,2.9092655190498675,0.0
3.4000000000000017,3,7.841179756754352,0.0,2.92847014482125,0.0
3.4000000000000017,4,8.134026771582699,0.0,2.9444617903922152,0.0
3.4000000000000017,5,8.428472951127507,0.0,2.9571837374918424,0.0
3.4000000000000017,6,8.724191325247384,0.0,2.966876264885715,0.0
3.4000000000000017,7,9.020878952286697,0.0,2.973219998187324,0.0
3.4000000000000017,8,9.318200952571257,0.0,2.976967673030871,0.0
3.5000000000000018,0,7.261613421397412,0.0,2.886397828595973,0.0
3.5000000000000018,1,7.550253204823277,0.0,2.9406059196255123,0.0
3.5000000000000018,2,7.8443137971679455,0.0,2.9852056994735876,0.0
3.5000000000000018,3,8.14283436762544,0.0,3.0184423523689254,0.0
3.5000000000000018,4,8.444678603215088,0.0,3.0417648885774318,0.0
3.5000000000000018,5,8.748855092581227,0.0,3.0567063975001005,0.0
3.5000000000000018,6,9.054525732703265,0.0,3.065164246684481,0.0
3.5000000000000018,7,9.361042157923162,0.0,3.0683377549697277,0.0
3.5000000000000018,8,9.667875933886329,0.0,3.0682190332983588,0.0
3.600000000000002,0,7.5502532044643464,0.0,2.9406059195890073,0.0
3.600000000000002,1,7.844313796867476,0.0,2.9500962838324796,0.0
3.600000000000002,2,8.1393234255876,0.0,2.9592732326598155,0.0
3.600000000000002,3,8.435250749357788,0.0,2.967615656095857,0.0
3.600000000000002,4,8.73201231534876,0.0,2.9749915672710063,0.0
3.600000000000002,5,9.029511472670908,0.0,2.9806283490659906,0.0
3.600000000000002,6,9.327574308163676,0.0,2.9844389824637467,0.0
3.600000000000002,7,9.626018206752267,0.0,2.98706103876141,0.0
3.600000000000002,8,9.924724311017155,0.0,2.988655675050997,0.0
3.700000000000002,0,7.844313797152563,0.0,2.950096283794915,0.0
3.700000000000002,1,8.139323426065278,0.0,2.990043180242198,0.0
3.700000000000002,2,8.438327744463201,0.0,3.022790429078225,0.0
3.700000000000002,3,8.740606787890432,0.0,3.04675472082356,0.0
3.700000000000002,4,9.045282260360494,0.0,3.0627866364780587,0.0
3.700000000000002,5,9.351560924606076,0.0,3.0717083663578553,0.0
3.700000000000002,6,9.658731761829312,0.0,3.0751077651884033,0.0
3.700000000000002,7,9.966242538691041,0.0,3.0751741641275263,0.0
3.700000000000002,8,10.27375995549287,0.0,3.0733730376721953,0.0
3.800000000000002,0,8.139323425742688,0.0,2.9900431802024343,0.0
3.800000000000002,1,8.438327744168623,0.0,2.9755791935868183,0.0
3.800000000000002,2,8.735885663848222,0.0,2.9652976565403506,0.0
3.800000000000002,3,9.032415429999748,0.0,2.9594935155628903,0.0
3.800000000000002,4,9.328364781934557,0.0,2.9575364652009766,0.0
3.800000000000002,5,9.624118429048483,0.0,2.9577389198206756,0.0
3.800000000000002,6,9.919892321616206,0.0,2.9590107869463136,0.0
3.800000000000002,7,10.215793400652839,0.0,2.9610044853862423,0.0
3.800000000000002,8,10.511893849580082,0.0,2.9629281313399,0.0
3.900000000000002,0,8.438327744495972,0.0,2.9755791935490383,0.0
3.900000000000002,1,8.735885664343428,0.0,2.9956183990045435,0.0
3.900000000000002,2,9.035447504600755,0.0,3.012446657189776,0.0
3.900000000000002,3,9.336692170832123,0.0,3.025164169280446,0.0
3.900000000000002,4,9.639208588144916,0.0,3.034132115225934,0.0
3.900000000000002,5,9.942621800264023,0.0,3.039319228736764,0.0
3.900000000000002,6,10.246553723724592,0.0,3.041393578131681,0.0
3.900000000000002,7,10.550693081880379,0.0,3.041661239193869,0.0
3.900000000000002,8,10.854859206188717,0.0,3.0407756777971104,0.0
4.000000000000002,0,8.73588566406346,0.0,2.9956183989645613,0.0
4.000000000000002,1,9.035447504323853,0.0,2.964855000407758,0.0
4.000000000000002,2,9.331933004668262,0.0,2.941787052707065,0.0
4.000000000000002,3,9.62611171042931,0.0,2.9272743318392402,0.0
4.000000000000002,4,9.918839143988759,0.0,2.9202120852153324,0.0
4.000000000000002,5,10.210860353102838,0.0,2.9181227765082953,0.0
4.000000000000002,6,10.502672631338733,0.0,2.9190788077984866,0.0
4.000000000000002,7,10.794580512460275,0.0,2.9219462043871722,0.0
4.000000000000002,8,11.086775133287468,0.0,2.925248685559742,0.0
4.100000000000001,0,9.035447504693405,0.0,2.9648550003699654,0.0
4.100000000000001,1,9.331933005180979,0.0,2.971789366945142,0.0
4.100000000000001,2,9.629111942214998,0.0,2.9785831890055254,0.0
4.100000000000001,3,9.926970261620783,0.0,2.984795971984817,0.0
4.100000000000001,4,10.225449859201042,0.0,2.9903340832949166,0.0
4.100000000000001,5,10.524483268125756,0.0,2.9944404375527545,0.0
4.100000000000001,6,10.823927312467319,0.0,2.9970257660753195,0.0
4.100000000000001,7,11.123629889417145,0.0,2.998700990180918,0.0
4.100000000000001,8,11.423499988824027,0.0,2.9995498558544416,0.0
4.200000000000001,0,9.331933005461524,0.0,2.971789366907247,0.0
4.200000000000001,1,9.62911194269078,0.0,3.0093138408087863,0.0
4.200000000000001,2,9.930043327147557,0.0,3.0398233458082524,0.0
4.200000000000001,3,10.234025662248637,0.0,3.061811413702266,0.0
4.200000000000001,4,10.540206804006893,0.0,3.07615875873714,0.0
4.200000000000001,5,10.847822680478538,0.0,3.0836946051164507,0.0
4.200000000000001,6,11.15619214157773,0.0,3.0859975585092085,0.0
4.200000000000001,7,11.464791897771601,0.0,3.085226363054519,0.0
4.200000000000001,8,11.77331453446618,0.0,3.0827714783844815,0.0
4.300000000000001,0,9.62911194236451,0.0,3.00931384076851,0.0
4.300000000000001,1,9.930043326851415,0.0,2.992574281560308,0.0
4.300000000000001,2,10.229300755330165,0.0,2.9802085636893763,0.0
4.300000000000001,3,10.527321612197293,0.0,2.9725841937564157,0.0
4.300000000000001,4,10.82458003195172,0.0,2.969093831166108,0.0
4.300000000000001,5,11.121489415662284,0.0,2.968049893414888,0.0
4.300000000000001,6,11.418294405589513,0.0,2.9683474843996787,0.0
4.300000000000001,7,11.715129154371528,0.0,2.9696057105277824,0.0
4.300000000000001,8,12.012089725812974,0.0,2.970960803521077,0.0
4.4,0,9.930043327175838,0.0,2.9925742815222725,0.0
4.4,1,10.229300755824159,0.0,3.010493266620572,0.0
4.4,2,10.53035008284455,0.0,3.025395154868078,0.0
4.4,3,10.832889598844313,0.0,3.036448080744683,0.0
4.4,4,11.136534407303742,0.0,3.0440299905563313,0.0
4.4,5,11.440937406955989,0.0,3.0481038956125808,0.0
4.4,6,11.745747797104197,0.0,3.0493187699210633,0.0
4.4,7,12.05067967443897,0.0,3.048945681027278,0.0
4.4,8,12.355574242930686,0.0,3.0475698893633734,0.0
4.5,0,10.229300755541905,0.0,3.010493266580359,0.0
4.5,1,10.530350082566681,0.0,2.977769482038472,0.0
4.5,2,10.828127031075324,0.0,2.9529339542129653,0.0
4.5,3,11.123420426987401,0.0,2.936909556851703,0.0
4.5,4,11.417111383048267,0.0,2.9286029924679764,0.0
4.5,5,11.709971682887682,0.0,2.9255264296988113,0.0
4.5,6,12.002524326442689,0.0,2.9257299823104317,0.0
4.5,7,12.29509732501547,0.0,2.928043836591594,0.0
4.5,8,12.587901709063136,0.0,2.9309275743896928,0.0
4.6,0,10.530350082934557,0.0,2.97776948200031,0.0
4.6,1,10.828127031587329,0.0,2.9829044348562324,0.0
4.6,2,11.12641747541334,0.0,2.988087768083888,0.0
4.6,3,11.425226252727306,0.0,2.9929371553710356,0.0
4.6,4,11.724519968646309,0.0,2.9973659139827777,0.0
4.6,5,12.024256560639879,0.0,3.0006031015920005,0.0
4.6,6,12.324316871385403,0.0,3.0025349104785968,0.0
4.6,7,12.624570362775598,0.0,3.003736309692229,0.0
4.6,8,12.924943994133635,0.0,3.0042312286011565,0.0
4.699999999999999,0,10.828127031866675,0.0,2.9829044348181792,0.0
4.699999999999999,1,11.126417475888623,0.0,3.018788863898582,0.0
4.699999999999999,2,11.428296362655042,0.0,3.047841119158835,0.0
4.699999999999999,3,11.733080475091425,0.0,3.068607972074586,0.0
4.699999999999999,4,12.039941272687011,0.0,3.0819733086741365,0.0
4.699999999999999,5,12.348138604152393,0.0,3.088749813375009,0.0
4.699999999999999,6,12.657013586077468,0.0,3.09049010561888,0.0
4.699999999999999,7,12.966062596982344,0.0,3.08931745010993,0.0
4.699999999999999,8,13.274994342382481,0.0,3.086566948655994,0.0
4.799999999999999,0,11.126417475561595,0.0,3.018788863858164,0.0
4.799999999999999,1,11.428296362358589,0.0,3.000564818218959,0.0
4.799999999999999,2,11.728352844503672,0.0,2.9868895442061953,0.0
4.799999999999999,3,12.027041799422646,0.0,2.9781789377542887,0.0
4.799999999999999,4,12.324859693576919,0.0,2.973825703534568,0.0
4.799999999999999,5,12.622242264524356,0.0,2.9721237944473673,0.0
4.799999999999999,6,12.919454644554856,0.0,2.9719415580728032,0.0
4.799999999999999,7,13.21664880070421,0.0,2.9728635640663708,0.0
4.799999999999999,8,13.513935157499526,0.0,2.973975187395574,0.0
4.899999999999999,0,11.42829636268258,0.0,3.000564818180816,0.0
4.899999999999999,1,11.728352844997481,0.0,3.0171493272402143,0.0
4.899999999999999,2,12.030067778080134,0.0,3.0308825156726433,0.0
4.899999999999999,3,12.333156030160449,0.0,3.0409761968857403,0.0
4.899999999999999,4,12.637253650234015,0.0,3.0478058156695003,0.0
4.899999999999999,5,12.942034232397592,0.0,3.051314641481365,0.0
4.899999999999999,6,13.247165697132699,0.0,3.0521246854217816,0.0
4.899999999999999,7,13.552378166017558,0.0,3.0514737887723395,0.0
4.899999999999999,8,13.857525545283792,0.0,3.0499008199655533,0.0
4.999999999999998,0,11.728352844715115,0.0,3.017149327199901,0.0
4.999999999999998,1,12.03006777780222,0.0,2.983234201290018,0.0
4.999999999999998,2,12.32839119823617,0.0,2.957363048213466,0.0
4.999999999999998,3,12.624127503548337,0.0,2.940497898232895,0.0
4.999999999999998,4,12.918177293747338,0.0,2.931540917695092,0.0
4.999999999999998,5,13.211331386109478,0.0,2.92798380353792,0.0
4.999999999999998,6,13.504129767048404,0.0,2.9278499621613294,0.0
4.999999999999998,7,13.796914763606281,0.0,2.9299379430019803,0.0
4.999999999999998,8,14.089908558295006,0.0,2.9326653009166694,0.0
5.099999999999998,0,12.030067778170206,0.0,2.983234201251685,0.0
5.099999999999998,1,12.328391198748198,0.0,2.987313098526771,0.0
5.099999999999998,2,12.627122508941312,0.0,2.9915854524659613,0.0
5.099999999999998,3,12.926281054693478,0.0,2.9957037950294394,0.0
5.099999999999998,4,13.22585143457832,0.0,2.9995753216975958,0.0
5.099999999999998,5,13.525808967343364,0.0,3.0024083458494504,0.0
5.099999999999998,6,13.826049802514643,0.0,3.004062980258831,0.0
5.099999999999998,7,14.126456100882866,0.0,3.0050843486954677,0.0
5.099999999999998,8,14.426964536141243,0.0,3.0054585687131214,0.0
5.1999999999999975,0,12.328391199027886,0.0,2.987313098488648,0.0
5.1999999999999975,1,12.627122509416733,0.0,3.0222682397601357,0.0
5.1999999999999975,2,12.929349333769245,0.0,3.050525338813939,0.0
5.1999999999999975,3,13.234401868171105,0.0,3.070661977264421,0.0
5.1999999999999975,4,13.541468066285645,0.0,3.083554724326728,0.0
5.1999999999999975,5,13.84982353931628,0.0,3.0899956241767,0.0
5.1999999999999975,6,14.158823102321534,0.0,3.09151213793947,0.0
5.1999999999999975,7,14.467974316458472,0.0,3.090199613082028,0.0
5.1999999999999975,8,14.776994278155822,0.0,3.0873593665075627,0.0
5.299999999999997,0,12.627122509090164,0.0,3.022268239719672,0.0
5.299999999999997,1,12.929349333472977,0.0,3.003232745000454,0.0
5.299999999999997,2,13.229672608296063,0.0,2.988869132572071,0.0
5.299999999999997,3,13.528559522051568,0.0,2.979620327674067,0.0
5.299999999999997,4,13.826521555197782,0.0,2.974870859994458,0.0
5.299999999999997,5,14.1240086417912,0.0,2.9728944513302813,0.0
5.299999999999997,6,14.421298087509989,0.0,2.9725354365283385,0.0
5.299999999999997,7,14.7185516315049,0.0,2.973352476881046,0.0
5.299999999999997,8,15.015886879581702,0.0,2.9744009727558236,0.0
5.399999999999997,0,12.929349333797575,0.0,3.003232744962274,0.0
5.399999999999997,1,13.229672608790136,0.0,3.019114520246159,0.0
5.399999999999997,2,13.531584061173177,0.0,3.0322571757534966,0.0
5.399999999999997,3,13.83480977926149,0.0,3.0418960504623023,0.0
5.399999999999997,4,14.138999384692669,0.0,3.048397843816832,0.0
5.399999999999997,5,14.44383916967096,0.0,3.0516862453254507,0.0
5.399999999999997,6,14.74900779479048,0.0,3.0523605636679108,0.0
5.399999999999997,7,15.054243851499956,0.0,3.0516347748881074,0.0
5.399999999999997,8,15.359407329377776,0.0,3.0500213468441784,0.0
5.4999999999999964,0,13.229672608508452,0.0,3.019114520205816,0.0
5.4999999999999964,1,13.531584060895547,0.0,2.984596237499777,0.0
5.4999999999999964,2,13.830043684950217,0.0,2.958223480627268,0.0
5.4999999999999964,3,14.125866033503659,0.0,2.940978582409805,0.0
5.4999999999999964,4,14.419963892120299,0.0,2.9317546368260423,0.0
5.4999999999999964,5,14.71313935639551,0.0,2.9280245988698557,0.0
5.4999999999999964,6,15.005941816867624,0.0,2.927790596385864,0.0
5.4999999999999964,7,15.298720876847963,0.0,2.929829352478993,0.0
5.4999999999999964,8,15.591703812484388,0.0,2.9325353468710667,0.0
5.599999999999996,0,13.531584061264303,0.0,2.9845962374613855,0.0
5.599999999999996,1,13.830043685462583,0.0,2.9881625480876215,0.0
5.599999999999996,2,14.128859940611486,0.0,2.992013601210383,0.0
5.599999999999996,3,14.428061301237962,0.0,2.9958192875997907,0.0
5.599999999999996,4,14.727643230379792,0.0,2.9994776066489406,0.0
5.599999999999996,5,15.027590991639947,0.0,3.0021791067886228,0.0
5.599999999999996,6,15.32780890290513,0.0,3.0037641161951756,0.0
5.599999999999996,7,15.62818531486699,0.0,3.004757935730888,0.0
5.599999999999996,8,15.92866110882891,0.0,3.0051266785521094,0.0
5.699999999999996,0,13.830043685743023,2.716117186494106e-14,2.988162548049498,6.304176593649488e-13
5.699999999999996,1,14.128859941087216,2.650979943581062e-13,3.0226426756934184,0.0005158720871828413
5.699999999999996,2,14.43112417047429,0.00015592973470091013,3.0505124133160573,0.001161362649159225
5.699999999999996,3,14.736175213613427,0.0005102049495593056,3.070365736604238,0.0020165906183412484
5.699999999999996,4,15.04321117919732,0.00112937200583385,3.0830702001173274,0.0031330171723032516
5.699999999999996,5,15.351516713097023,0.0020953023112935502,3.089400799179344,0.004539709856309845
5.699999999999996,6,15.660453645564255,0.003497796826132539,3.0908661917859446,0.006233591864806482
5.699999999999996,7,15.969534299766009,0.005424505430894747,3.089542994082937,0.008168966169691264
5.699999999999996,8,16.278478330358347,0.007948315945794605,3.086713556339885,0.010257045877294682
5.799999999999995,0,14.12885924498599,0.0006448391707600781,3.0226426756529445,0.0005158713369315497
5.799999999999995,1,14.431123472741572,0.0008007686352495247,3.003214561288497,0.0009025399292827652
5.799999999999995,2,14.731444807610636,0.0010718206903190023,2.9885355091846018,0.0014613195968092927
5.799999999999995,3,15.030298042619192,0.0015085410332261102,2.979062139703287,0.002270333662353164
5.799999999999995,4,15.328203494198595,0.0021848868529150936,2.9741701860451775,0.0033586138178941473
5.799999999999995,5,15.625618842282273,0.003183793729386505,2.972117611269545,0.004729147311247493
5.799999999999995,6,15.922827286122523,0.004589346515789919,2.9717316757038885,0.006359760219117157
5.799999999999995,7,16.21999444725639,0.006479283716594865,2.972554414724497,0.008198856140369946
5.799999999999995,8,16.517239898585217,0.008916410957646243,2.973625155367924,0.010166477472251315
5.899999999999995,0,14.431122837289696,0.001284103637337699,3.003214561250319,0.0009025395513568373
5.899999999999995,1,14.731444171592678,0.0015551555922215569,3.0186770423181732,0.0032344582327866163
5.899999999999995,2,15.033310312535281,0.002531533534378516,3.031484304960475,0.005919451397472191
5.899999999999995,3,15.336453490886694,0.004325999988225534,3.040887300330743,0.009136485155182117
5.899999999999995,4,15.640529646657594,0.007104273020039584,3.04724405474873,0.012944613937103378
5.899999999999995,5,15.945228694879392,0.01104871762642307,3.0504618867981126,0.017295399820483892
5.899999999999995,6,16.25022946109773,0.016324369600344873,3.05112176308077,0.02197690189565557
5.899999999999995,7,16.555268150594422,0.023029270942479974,3.050418460178522,0.02654096161134053
5.899999999999995,8,16.860202725236825,0.031124444079273925,3.048845667067785,0.030883527174621183
5.999999999999995,0,14.731427395495603,0.00446992515480386,3.0186770422778446,0.0032343663634094673
5.999999999999995,1,15.033293521152466,0.00544627419851817,2.983822370680468,0.0048497854499748696
5.999999999999995,2,15.331672251247248,0.0068933582538973975,2.9571859222766355,0.00698455270902239
5.999999999999995,3,15.627383636811766,0.008958803180502697,2.9397629095370177,0.009822157185223081
5.999999999999995,4,15.921345757479083,0.011846237389349302,2.930438096933506,0.013358074819237105
5.999999999999995,5,16.214363433378477,0.015760621191546233,2.926669506508399,0.017472873242080245
5.999999999999995,6,16.506985716346197,0.020874092662958525,2.9264428378904817,0.021910900212172547
5.999999999999995,7,16.79955975713107,0.027285678868415132,2.9285179697475314,0.026225732890069013
5.999999999999995,8,17.092310850600178,0.034965051811455,2.9312736933593566,0.03031618613463818
6.099999999999994,0,15.033280237122925,0.007465472034937697,2.9838223706420632,0.004849750558211808
6.099999999999994,1,15.331658965658237,0.008912545779147255,2.9869728112638185,0.010012649591351425
6.099999999999994,2,15.630341309041473,0.011903252359814164,2.990497472338767,0.015789200142780385
6.099999999999994,3,15.929353898441155,0.016624831976978845,2.9940830762946335,0.022394431445013446
6.099999999999994,4,16.22868733472019,0.02332938759381263,2.997618243598626,0.029759892605026317
6.099999999999994,5,16.528316677398465,0.03224900238659878,3.000275730947941,0.03757308790545187
6.099999999999994,6,16.82813272921535,0.04351936940357849,3.0018757618001546,0.04516565257663638
6.099999999999994,7,17.128014346366463,0.057072979028868646,3.0029225993842834,0.05201203134139655
6.099999999999994,8,17.427900615636673,0.07268478710180282,3.00336196896928,0.058184618728867966
6.199999999999994,0,15.331557905487664,0.015364357231546388,2.9869728112257183,0.010011531118237165
6.199999999999994,1,15.630240217946616,0.01835472439299394,3.0209381998916354,0.019225285431965493
6.199999999999994,2,15.932278272227943,0.02416221629803135,3.048406604198392,0.02924013412988552
6.199999999999994,3,16.236988855223654,0.0330745662354091,3.0679932920327184,0.04015658389877784
6.199999999999994,4,16.543541305692713,0.04539134773530537,3.0805541740458384,0.051469402321422705
6.199999999999994,5,16.851189435916343,0.0612398990342797,3.086841589536908,0.06265087361693178
6.199999999999994,6,17.159268755553335,0.08056673735062814,3.0883383189036744,0.07296822750293402
6.199999999999994,7,17.467281572330464,0.10308197250469656,3.08709309241779,0.0819663673205614
6.199999999999994,8,17.7749551753029,0.1283575985435505,3.084361443113951,0.08991538937754308
6.299999999999994,0,15.629903201996823,0.029860906075328014,3.020938199851186,0.019218714339626873
6.299999999999994,1,15.93194123357594,0.035666403486868586,3.001081148549723,0.025180435250408577
6.299999999999994,2,16.23195421226781,0.043222457792458036,2.9860781469720026,0.03259556609571729
6.299999999999994,3,16.530403411223944,0.052954024910484315,2.9764039667062923,0.04165699000034809
6.299999999999994,4,16.827785597968973,0.06534924259822866,2.9714212274463714,0.05171306255927094
6.299999999999994,5,17.124530514282256,0.08070852639929338,2.969365171624153,0.06203740693158712
6.299999999999994,6,17.42089590330625,0.09911789271471427,2.96903841910732,0.0717454775514823
6.299999999999994,7,17.71703616276502,0.12040115179873867,2.969957520582427,0.08027857473205838
6.299999999999994,8,18.01307585515196,0.14421798738895875,2.9711386061827314,0.08782693663787766
6.399999999999993,0,15.931706208194528,0.04311314992609557,3.0010811485115765,0.025178624615643182
6.399999999999993,1,16.231719199824866,0.050668661095979825,3.0159994546927167,0.03780829058728827
6.399999999999993,2,16.533103710246298,0.06206894735722402,3.028391388936323,0.05122707329375662
6.399999999999993,3,16.835545928609964,0.07757581478592868,3.037532039687711,0.0653582306126124
6.399999999999993,4,17.138651200805086,0.09741462389413606,3.0437660490736955,0.0795064402186409
6.399999999999993,5,17.44206706078975,0.12158927126252181,3.0469740911319674,0.09300317003948388
6.399999999999993,6,17.745448450292336,0.14988652728901442,3.047706099471008,0.1050843488790007
6.399999999999993,7,18.048538536231305,0.18185449409273363,3.047123835576697,0.11537497606124095
6.399999999999993,8,18.351225622738855,0.21693295834119106,3.0456904425820825,0.12431694045320153
6.499999999999993,0,16.23090798759351,0.06641928501496414,3.015999454652403,0.037791468257086624
6.499999999999993,1,16.532292587277865,0.07781447686829537,2.980674813624308,0.04586766434830311
6.499999999999993,2,16.83004658219661,0.09148134285289307,2.9536939437574126,0.055591466265353856
6.499999999999993,3,17.12495970196327,0.10789290549473907,2.936072293227426,0.06702263903229871
6.499999999999993,4,17.41790778765707,0.12755651165787993,2.9266779018583744,0.0793075423446492
6.499999999999993,5,17.709655821362198,0.15074296291965378,2.9229407259827473,0.09154506296873015
6.499999999999993,6,18.000726295896136,0.17746371095319835,2.9228160007002515,0.10277506439223646
6.499999999999993,7,18.291466188545527,0.20745016925374804,2.925032683960916,0.11246817142900238
6.499999999999993,8,18.582122311542285,0.24027825371565856,2.927942464008315,0.12093414674080279
6.5999999999999925,0,16.531742684022934,0.08789049763733879,2.980674813585943,0.04586315073634595
6.5999999999999925,1,16.82949673894589,0.101556019516169,2.9832306676639524,0.06143818713856966
6.5999999999999925,2,17.127257033620246,0.11987294634528528,2.986310007967381,0.07774233572734762
6.5999999999999925,3,17.424986292087034,0.14306592780496544,2.9896279579492946,0.09453392201915989
6.5999999999999925,4,17.722614569430746,0.1712861242425982,2.9930577098003464,0.11096476301315493
6.5999999999999925,5,18.020079870223448,0.20443057328148562,2.995740371603083,0.12626714059629274
6.5999999999999925,6,18.317269202661876,0.24215664925776542,2.997458347714227,0.13967512121863473
6.5999999999999925,7,18.614096006669765,0.2838877894234248,2.9986753151750567,0.1508994203237492
6.5999999999999925,8,18.910555951355008,0.3289661430974945,2.9993012672415857,0.16053323237999206
6.699999999999992,0,16.827972837496805,0.12093471123248208,2.983230667625884,0.0614056954446488
6.699999999999992,1,17.125733644162434,0.13924193647237992,3.0164442080921514,0.0817278106012767
6.699999999999992,2,17.426371256789174,0.16386724660692575,3.043345970678605,0.10229324485666713
6.699999999999992,3,17.729115096456223,0.19494438089944258,3.0625895868853927,0.1226518254664611
6.699999999999992,4,18.033073525585902,0.23241353422007727,3.0750130353074683,0.14195625584168525
6.699999999999992,5,18.337481911476566,0.27591885807556815,3.0813286361510945,0.15951591930056774
6.699999999999992,6,18.6417029851251,0.3248628202628584,3.082969743728089,0.17466754198006681
6.699999999999992,7,18.945309156051067,0.37843893849967203,3.0819328141395443,0.187249674682465
6.699999999999992,8,19.248115289711027,0.4358114134766254,3.079428633524129,0.1980127756530677
6.799999999999992,0,17.12310665050498,0.1644397076030648,3.0164442080517517,0.08165488820011313
6.799999999999992,1,17.423746020121897,0.1890430871346701,2.995927288799834,0.09419218011846109
6.799999999999992,2,17.72201073654783,0.2172206723135733,2.9804500746049163,0.10841550742520392
6.799999999999992,3,18.018305992785862,0.24947012321498974,2.970518429300631,0.12420637401120596
6.799999999999992,4,18.313069863890917,0.28627110853359583,2.965470827576077,0.1404891246008946
6.799999999999992,5,18.606696266126374,0.32779595845526277,2.963499769017432,0.15616684870717273
6.799999999999992,6,18.89944183690875,0.3738883796126352,2.963358996737314,0.1701898552163626
6.799999999999992,7,19.191499667672282,0.4240791107022041,2.96451552759393,0.18208214432667624
6.799999999999992,8,19.4830550747759,0.4777606173127523,2.965945163941017,0.19235113216187497
6.8999999999999915,0,17.422064552146413,0.20460847770964297,2.9959272887617443,0.09417542874517132
6.8999999999999915,1,17.720329717475543,0.23278106439785257,3.0100713640393577,0.11414985319891588
6.8999999999999915,2,18.019377991154936,0.2670664465570115,3.0219023202467037,0.13476988907074114
6.8999999999999915,3,18.31882834662715,0.30766952759643423,3.0307353030175648,0.1555968739744235
6.8999999999999915,4,18.61824096025338,0.35463695280580687,3.0368891400368643,0.17561476076433458
6.8999999999999915,5,18.91725940954588,0.4076957200774246,3.040194680476093,0.1939371099617785
6.8999999999999915,6,19.215579833122405,0.4662876806303005,3.0411430643582458,0.2097695877703734
6.8999999999999915,7,19.513027874967904,0.529614948552701,3.0408366244886103,0.22290235911360476
6.8999999999999915,8,19.809588624247404,0.5968361287223469,3.0396911264106397,0.23410864129352607
6.999999999999991,0,17.71695928164616,0.2574563900353829,3.0100713639991286,0.11408177022060031
6.999999999999991,1,18.01600979055933,0.29172137945168763,2.974115444842111,0.12658842464331518
6.999999999999991,2,18.31104158481405,0.32926976999979396,2.9467055102361828,0.14110339111634962
6.999999999999991,3,18.60278366014834,0.3707109630849909,2.9288882722902567,0.1574681577507171
6.999999999999991,4,18.892049109705333,0.416641313011217,2.9195016272994003,0.1744587078308911
6.999999999999991,5,19.17956852890579,0.46731671642954425,2.9159256599166383,0.19082874039893588
6.999999999999991,6,19.465869513349304,0.5226241092684222,2.9160599550554522,0.20544090564909945
6.999999999999991,7,19.751345820399443,0.5821118201111337,2.918579077587811,0.21779726770688232
6.999999999999991,8,20.03631214241075,0.6451769551310871,2.921793794020733,0.22843523440864374
7.099999999999991,0,18.013830028316224,0.3071862239069075,2.9741154448038145,0.12657173091671992
7.099999999999991,1,18.308862425630345,0.34472968658900993,2.9759762619882357,0.14767506577489886
7.099999999999991,2,18.603221038653004,0.3885179144480173,2.978581907268034,0.16947638631809192
7.099999999999991,3,18.896812111663436,0.43875666200501034,2.981684896243185,0.19145480525611383
7.099999999999991,4,19.189532877709226,0.49549451928022603,2.9851266472772835,0.21248188922115469
7.099999999999991,5,19.481332360003208,0.5584470160743591,2.9879925142252395,0.23158940734593633
7.099999999999991,6,19.77215460190488,0.6270289636457831,2.9900014728550035,0.24796785206831762
7.099999999999991,7,20.062009294372555,0.7004139470559887,2.9915556255227322,0.2614476916033033
7.099999999999991,8,20.350998602866014,0.7777394538062868,2.9925197091450997,0.27287999477618063
7.19999999999999,0,18.30439155663676,0.3706497999566165,2.975976261950267,0.14759344368087884
7.19999999999999,1,18.598753656042284,0.4144139618518953,3.0084525161427047,0.1734768305557288
7.19999999999999,2,18.895083419948435,0.4663422731560332,3.0348601657569083,0.19939535725785135
7.19999999999999,3,19.19255637820902,0.5264557966716248,3.053892676749702,0.22460919310917465
7.19999999999999,4,19.49027470582096,0.5944737562378939,3.066351019852442,0.24806392536935787
7.19999999999999,5,19.78752363382856,0.6697611517931623,3.0728841983394237,0.26895818056021903
7.19999999999999,6,20.083764526255663,0.7514160533230225,3.07485475222088,0.2866511871514469
7.19999999999999,7,20.378703404061145,0.8383550038704043,3.074192032066601,0.3011291795134243
7.19999999999999,8,20.672289416377225,0.9295351591949215,3.072059192201393,0.31338920122003655
7.29999999999999,0,18.592299142792477,0.44597289785970534,3.008452516102416,0.17332545268809785
7.29999999999999,1,18.888636743307405,0.4978563458873753,2.987375761467677,0.18911219078601968
7.29999999999999,2,19.182048345490468,0.5540151356928772,2.9715621729116855,0.206790033261349
7.29999999999999,3,19.47287399337293,0.6150271377000498,2.9615474598940237,0.22608160269626382
7.29999999999999,4,19.76149326975498,0.6814135766945406,2.9566303570145536,0.2456579238887906
7.29999999999999,5,20.04828202897594,0.7533177422771107,2.9549422569879624,0.264191941496831
7.29999999999999,6,20.333527889897773,0.8304809892507521,2.9551713972564255,0.28052538060482907
7.29999999999999,7,20.61749983386084,0.9122997649066255,2.956724549066834,0.29421919360371185
7.29999999999999,8,20.900475921416593,0.9980451668480241,2.958537682916401,0.3059490404182534
7.39999999999999,0,18.884605254170843,0.517141733094201,2.9873757614297047,0.18907880863003165
7.39999999999999,1,19.178018668081776,0.5732907155166369,3.000957966793489,0.21292657585987404
7.39999999999999,2,19.47133738967547,0.636707387087502,3.0124580087668096,0.23737700491208033
7.39999999999999,3,19.7641359554744,0.7075466739868104,3.021223121448574,0.26178909907112435
7.39999999999999,4,20.055964858167748,0.7857388828097149,3.027531063184524,0.2849560688840277
7.39999999999999,5,20.346509472626774,0.870847628997252,3.0311481792472534,0.30586240800216113
7.39999999999999,6,20.6355562334405,0.9621204292752211,3.032496004930544,0.32369591145905435
7.39999999999999,7,20.923057074417475,1.0585759614983568,3.0326133362563574,0.33833903565032397
7.39999999999999,8,21.209125726257653,1.1592347467318267,3.031875123840388,0.3507458486691955
7.499999999999989,0,19.170993152621953,0.6021482708303292,3.0009579667550064,0.21280978874217119
7.499999999999989,1,19.46431918678631,0.6655306438201445,3.042402583355403,0.24100304021753813
7.499999999999989,2,19.759766630885927,0.738145737439352,3.07537153408959,0.2691238051001404
7.499999999999989,3,20.056233787290836,0.8199158403696758,3.0982447381270934,0.2963329040121897
7.499999999999989,4,20.352554223560766,0.9103892159709852,3.112230807468887,0.32153742914210687
7.499999999999989,5,20.647827369333797,1.0087436715772136,3.118590010559819,0.34392157683559016
7.499999999999989,6,20.941423819067943,1.1138967897081562,3.119305098248844,0.36285385312361307
7.499999999999989,7,21.233043832056524,1.2246145594481197,3.116853792116909,0.37836154195338856
7.499999999999989,8,21.52268408181598,1.3397506362131462,3.1128079405540134,0.39151228506929997
7.599999999999989,0,19.45492472094383,0.6993097437588216,3.0424025833144928,0.2408108018868089
7.599999999999989,1,19.75038610453686,0.7718680366175177,3.028063104536577,0.257737977062785
7.599999999999989,2,20.04319048092941,0.8490515355341308,3.0169310805032046,0.2767384427400439
7.599999999999989,3,20.333404974266124,0.9314801195905154,3.0093013054935733,0.29750647673686376
7.599999999999989,4,20.621116349550284,1.0196942396734068,3.0048528319024976,0.3186048257177492
7.599999999999989,5,20.90648158029373,1.113819615417449,3.0022682811494037,0.3385789838989727
7.599999999999989,6,21.189668425060887,1.2135406929891053,3.0007868969415252,0.35617987757698166
7.599999999999989,7,21.470920517782396,1.3181798480426905,3.000290632951784,0.3709465814320287
7.599999999999989,8,21.75055393467077,1.4269439011108762,3.0000414643651223,0.38360241659423655
7.699999999999989,0,19.744639942549274,0.7921926033591153,3.0280631044979005,0.2576976040057543
7.699999999999989,1,20.037447382490186,0.8693642631798726,3.046340016192728,0.2829274558288755
7.699999999999989,2,20.32996996627865,0.9544083643587086,3.0608211750057017,0.30882021041336416
7.699999999999989,3,20.621572591824922,1.0474376054749337,3.070682264089438,0.3346898936245114
7.699999999999989,4,20.91160287629183,1.148302585984713,3.0765514107274448,0.35926037128809163
7.699999999999989,5,21.199617075969247,1.2564689910284763,3.078683064808107,0.38144595093776795
7.699999999999989,6,21.485358634863566,1.3710773413051742,3.077977782572806,0.4003903913880026
7.699999999999989,7,21.76881277179976,1.4910504470361756,3.075875686323402,0.4159772931239647
7.699999999999989,8,22.050170124932897,1.6153419407938858,3.0729996470397936,0.4292062636301564
7.799999999999988,0,20.02787722916847,0.8992827581270588,3.0463400161518903,0.2827932567054261
7.799999999999988,1,20.320411094904692,0.9842875378475492,3.0130943541240427,0.2982901693721928
7.799999999999988,2,20.608414855112727,1.072838267566953,2.987168135014053,0.3162836919639035
7.799999999999988,3,20.89231488081559,1.1657502382507436,2.9695120366452383,0.33648250933840784
7.799999999999988,4,21.17261424160144,1.2637945044401282,2.959244210373872,0.357322354226558
7.799999999999988,5,21.449848554683346,1.3672996029155091,2.954118625074079,0.3772056892807275
7.799999999999988,6,21.724494925815428,1.476107896163633,2.9523913454368103,0.39478272821594473
7.799999999999988,7,21.997028608611057,1.5896607911330554,2.953022409866059,0.40953755179906115
7.799999999999988,8,22.267916795869105,1.7072481823362549,2.9544760410713033,0.4221714019232354
7.899999999999988,0,20.31442694294859,1.002680712271141,3.013094354085087,0.2982591807694953
7.899999999999988,1,20.60243341320092,1.09122250603793,3.016222051044367,0.3234698502556548
7.899999999999988,2,20.88841307572848,1.1870957294754485,3.019141811945513,0.34947563273594906
7.899999999999988,3,21.172077603545507,1.29047295738554,3.021561846250338,0.37555746675118884
7.899999999999988,4,21.453174918992218,1.4013015433078087,3.0235738798635747,0.4003391802331403
7.899999999999988,5,21.7316249114585,1.5191398638646048,3.0245796934627895,0.42265502698251484
7.899999999999988,6,22.00746771186308,1.6432033321253892,3.0245911337207696,0.4416223460869028
7.899999999999988,7,22.28090878887685,1.7724765317419815,3.0242340822925136,0.45713934048902694
7.899999999999988,8,22.552279000691286,1.9059611229157536,3.0234688357030155,0.47024496998080634
7.999999999999988,0,20.59166005998921,1.1207026387273837,3.01622205100571,0.32333469409929544
7.999999999999988,1,20.877652552579843,1.2165371269146688,3.0487765307687065,0.3534444924792255
7.999999999999988,2,21.163684526657576,1.322064870905785,3.07455512400744,0.3834834954730666
7.999999999999988,3,21.448808637015283,1.437100353626621,3.0922477236300883,0.4125133818396316
7.999999999999988,4,21.73209446783516,1.561072643665287,3.1028734549809154,0.43932058479646074
7.999999999999988,5,22.012917224262253,1.6930455131456736,3.1073432084120602,0.46300441526325603
7.999999999999988,6,22.29093579368022,1.8318313364309315,3.1072545890950867,0.48291755763400723
7.999999999999988,7,22.56612790554766,1.9761213828016724,3.104706595511347,0.4991376453615692
7.999999999999988,8,22.83871980662886,2.1247339282414757,3.10090985242582,0.5128330682665716
8.099999999999987,0,20.863585074125634,1.251212184076011,3.0487765307277606,0.3532130131554364
8.099999999999987,1,21.14964145052803,1.3566737084397746,3.0270586989568806,0.3712322459877089
8.099999999999987,2,21.431727386628253,1.4664845383707212,3.0100613525820625,0.391491914051148
8.099999999999987,3,21.709960061558515,1.581338996600054,2.998337638287799,0.41361380774036216
8.099999999999987,4,21.984511430081923,1.7018490706450786,2.991378496153498,0.4360164253715545
8.099999999999987,5,22.255665246079765,1.8281859082862104,2.987539452780778,0.45711713370901136
8.099999999999987,6,22.523751190577038,1.960047515005828,2.985706097579727,0.4756076361833956
8.099999999999987,7,22.789193560683067,2.0967610343451213,2.985420523531536,0.4910423325849472
8.099999999999987,8,23.052472559534916,2.237543482789385,2.985636816121805,0.5042201747142316
8.199999999999987,0,21.141093419336997,1.3774639251738847,3.0270586989182555,0.3711839267345812
8.199999999999987,1,21.423184586007103,1.48726109116373,3.0392359651966467,0.3980267791362895
8.199999999999987,2,21.703349863812786,1.6050619952753915,3.048967301563155,0.4255270000147082
8.199999999999987,3,21.981056631445703,1.7309238660471609,3.055645559462369,0.4529016750474739
8.199999999999987,4,22.2558149774149,1.8646321044096552,3.0597146445702332,0.4787700361961344
8.199999999999987,5,22.527384117801006,2.0055898382997834,3.061121847187047,0.5019803010448045
8.199999999999987,6,22.795731992057576,2.152879869004378,3.060440579920898,0.5216728032539271
8.199999999999987,7,23.061068319964498,2.305391381928462,3.058803597466348,0.5377818841155344
8.199999999999987,8,23.323772817513373,2.462073295236217,3.056570835371905,0.5513960183000262
8.299999999999986,0,21.409370061847817,1.5176726512984267,3.0392359651559206,0.3978649502836128
8.299999999999986,1,21.689554284435864,1.635428135921173,3.001102756423634,0.4143424203785367
8.299999999999986,2,21.964269656891418,1.7562489790843416,2.9714725791173096,0.43340425936985716
8.299999999999986,3,22.233943362635717,1.8810398830407453,2.951471539993205,0.4546930888818892
8.299999999999986,4,22.49910317933943,2.0106649518237276,2.940039563109971,0.47654088859958044
8.299999999999986,5,22.760353076040616,2.1455278617485787,2.9346473624767437,0.49726563248426586
8.299999999999986,6,23.018279592151167,2.2855192574533856,2.9332547319547553,0.5154869807523185
8.299999999999986,7,23.27349315728908,2.430119180136112,2.934549756265887,0.5307115964565974
8.299999999999986,8,23.526589153257778,2.5786542236121557,2.9367778228671506,0.5437044173141736
8.399999999999986,0,21.680950845832,1.6541036988524034,3.0011027563846566,0.4143051351645658
8.399999999999986,1,21.955670670883833,1.7749142759574796,3.0003600258672525,0.4408582691106667
8.399999999999986,2,22.227019057355523,1.9029444753122595,3.0004472041762513,0.46817547418470035
8.399999999999986,3,22.494777135733486,2.0383425520164202,3.0012149002636304,0.4954526623458012
8.399999999999986,4,22.758810342966342,2.181029601934398,3.0025844749120356,0.5212361726902408
8.399999999999986,5,23.019195903741682,2.330544313723722,3.003696152998443,0.5443191662244993
8.399999999999986,6,23.276156149919068,2.4860865801312526,3.0042919871933194,0.5638279372545335
8.399999999999986,7,23.530083575976242,2.6466436397919777,3.0047557892906083,0.5797084356788378
8.399999999999986,8,23.781468224461335,2.8112381334617327,3.004866039372194,0.5930727038369847
8.499999999999986,0,21.94072447923608,1.804382896920036,3.0003600258288676,0.440698826321564
8.499999999999986,1,22.212093177900258,1.9323697421583383,3.0299471616658895,0.47217825129704316
8.499999999999986,2,22.481934124830758,2.0701800064442555,3.0536612039133635,0.5035137432929502
8.499999999999986,3,22.749402064152616,2.2175210540838446,3.0703039988703704,0.5336787810578654
8.499999999999986,4,23.013737292739425,2.373708649318362,3.080732364019407,0.5613982479325564
8.499999999999986,5,23.27452485416404,2.537717705894644,3.085617034277404,0.5857495716116952
8.499999999999986,6,23.53164868644366,2.7082980683845985,3.0863118602261848,0.6061078657093757
8.499999999999986,7,23.78530385656586,2.884116911654753,3.084702522594413,0.6226044404964324
8.499999999999986,8,24.03589350125335,3.064002240568507,3.0818515646785656,0.6364808047078969
8.599999999999985,0,22.193146216955064,1.9665706563286567,3.0299471616252562,0.4719111320462328
8.599999999999985,1,22.46302395506236,2.104308830934035,3.0060816116708553,0.49078050437580784
8.599999999999985,2,22.728150014723532,2.2459898483009644,2.98770866622241,0.5118803274699137
8.599999999999985,3,22.988626480939068,2.3923333458109743,2.975464585980494,0.53477939014945
8.599999999999985,4,23.24463143526546,2.543979232278149,2.968687389180581,0.5578415876420553
8.599999999999985,5,23.49649829818965,2.701130725957622,2.9655153546805937,0.579449922491818
8.599999999999985,6,23.744648303762208,2.863515659221035,2.964617548724937,0.5982969042512136
8.599999999999985,7,23.98962331308019,3.03050012317646,2.965351527033647,0.6139667199261614
8.599999999999985,8,24.232015357095296,3.2013474292600064,2.966554649956446,0.6273086271062385
8.699999999999985,0,22.451519347612045,2.1248398062673255,3.0060816116325277,0.4907246001725334
8.699999999999985,1,22.716653224661293,2.26650594228128,3.016790776663006,0.5185072296052624
8.699999999999985,2,22.97867967246529,2.4160133839318267,3.0257106444543265,0.5468985652083103
8.699999999999985,3,23.237118401510426,2.573362870255788,3.032294616962035,0.5750518534872798
8.699999999999985,4,23.491577955785566,2.7382831092662543,3.036844281297575,0.6015416738375452
8.699999999999985,5,23.741955099492305,2.9101427384518646,3.0391109510905983,0.625200016242117
8.699999999999985,6,23.988380339987287,3.0880097956649863,3.0394755093658326,0.6451841252828623
8.699999999999985,7,24.231231144176345,3.2707874163825488,3.0389108338128965,0.6614673393225792
8.699999999999985,8,24.471029083339356,3.4574602618776527,3.037686337613237,0.6751898042345723
8.799999999999985,0,22.698642371292074,2.2959990250262994,3.016790776624263,0.5183250307443467
8.799999999999985,1,22.960695969403226,2.445458644861846,3.0553633728024776,0.550458802737432
8.799999999999985,2,23.221099898687207,2.605278080017075,3.0858037878343185,0.5823700680252407
8.799999999999985,3,23.47881434974031,2.7749987956319915,3.1065983452647004,0.6130182148440996
8.799999999999985,4,23.732907778380437,2.9537334286307377,3.118963294812307,0.6411655729402395
8.799999999999985,5,23.982861234628164,3.1402879587199655,3.1241242743170443,0.665921792414252
8.799999999999985,6,24.228526015784155,3.333291432530299,3.124005976308057,0.6866745112224424
8.799999999999985,7,24.47012368952698,3.531343693175649,3.121008143194398,0.7035565270780726
8.799999999999985,8,24.7081149792232,3.733252252377593,3.1165943674678296,0.7178057298454089
8.899999999999984,0,22.93867772144491,2.478737353536925,3.0553633727613594,0.5501778045765631
8.899999999999984,1,23.199126542425567,2.638483606436629,3.03841181975001,0.5692389243034006
8.899999999999984,2,23.455055516232264,2.8022513672939615,3.025006871621101,0.5906057286099102
8.899999999999984,3,23.70631406221625,2.970703492753171,3.015537799221174,0.6138659283967058
8.899999999999984,4,23.952813631361437,3.144409056892679,3.0096813678432026,0.6373697303620292
8.899999999999984,5,24.194693846048942,3.323512584330044,3.0060797142779094,0.6594612035493381
8.899999999999984,6,24.432276847197112,3.5076969319815525,3.0039121593841553,0.6787889497616675
8.899999999999984,7,24.666090758447645,3.696305340342353,3.0029847448898295,0.6949100997991681
8.899999999999984,8,24.89676651921522,3.8886022871084225,3.0024595489366055,0.708669179611376
8.999999999999984,0,23.18591799656154,2.658249749227563,3.0384118197111727,0.569181984141995
8.999999999999984,1,23.44185622286894,2.8220028820014136,3.0541768763844193,0.5971358026509299
8.999999999999984,2,23.69442132949668,2.9937320992188248,3.0665055540661887,0.6257528301841164
8.999999999999984,3,23.94296879471803,3.173340007273886,3.074666508235451,0.6542035343369137
8.999999999999984,4,24.18695413063709,3.3604424156577375,3.0792762878530455,0.6810608306564065
8.999999999999984,5,24.426185171910504,3.5543196351771558,3.080537460136612,0.7051341616284778
8.999999999999984,6,24.660776042629546,3.753980882046214,3.079280393137371,0.7255483224127448
8.999999999999984,7,24.891148244745878,3.9583056295632177,3.0768627979252576,0.7422520732708823
8.999999999999984,8,25.11789721826667,4.166286229008206,3.073808780815919,0.7563745274759076
9.099999999999984,0,23.421470369059797,2.8501730250553483,3.054176876343446,0.5969545560539122
9.099999999999984,1,23.674066487160673,3.021856353536252,3.0187117589196157,0.6140072468326061
9.099999999999984,2,23.920799674577466,3.195778673103442,2.9909065822984906,0.6337836231577254
9.099999999999984,3,24.16180496357194,3.372899684327024,2.9717928115227807,0.6559098779814723
9.099999999999984,4,24.397318307264936,3.5541441168003125,2.960470744975014,0.6786404764233025
9.099999999999984,5,24.627770969008125,3.739984619210347,2.9546407658983496,0.7002028291152937
9.099999999999984,6,24.853718794416658,3.9303760878097207,2.9524905030696535,0.7191546149100566
9.099999999999984,7,25.075857956192905,4.124875013203182,2.9529024781167483,0.7349881794344393
9.099999999999984,8,25.294922113403324,4.322895822349177,2.9542521616172905,0.748499282190853
9.199999999999983,0,23.66150008778314,3.0390266681218563,3.018711758880416,0.6139662651350235
9.199999999999983,1,23.90824036012539,3.212938844580071,3.0197703823139626,0.6413370078352598
9.199999999999983,2,24.150213628768157,3.3936019633278165,3.0209643758595686,0.669521239087904
9.199999999999983,3,24.387093393401987,3.5810865858419363,3.0220793769631307,0.6976808429302763
9.199999999999983,4,24.618685931112367,3.7752381767549426,3.0231834195088205,0.7243070953707722
9.199999999999983,5,24.845110071945584,3.9755597597649386,3.023618131999667,0.7481421738583274
9.199999999999983,6,25.066727422886096,4.181250182620468,3.0233214668688255,0.7682856651786987
9.199999999999983,7,25.284135372123487,4.391341946840547,3.0228394011079294,0.7846890648129321
9.199999999999983,8,25.49803390379818,4.604937357550249,3.022047188531414,0.7984984099560237
9.299999999999983,0,23.88708374937238,3.2396213313096087,3.019770382275257,0.6411647181412528
9.299999999999983,1,24.129088042682515,3.4202426311874192,3.0504254788080116,0.673491063117182
9.299999999999983,2,24.367524254492118,3.610503340138996,3.0746468424981086,0.7056671287332192
9.299999999999983,3,24.60155995879161,3.809907049440276,3.091196109720709,0.7366349252735613
9.299999999999983,4,24.83053520285778,4.017573336730853,3.101062402746363,0.7650908449498148
9.299999999999983,5,25.054220876102423,4.232353706495169,3.1050910284810667,0.7900888245888232
9.299999999999983,6,25.272751665796548,4.4529442746447,3.1048022710060534,0.8109944981545885
9.299999999999983,7,25.486603551519188,4.678033907100677,3.10221495339361,0.8279493304486956
9.299999999999983,8,25.69643352216628,4.906526269939343,3.098459799614045,0.8422222296837093
9.399999999999983,0,24.10299430549785,3.4507439580011607,3.0504254787670395,0.6732056622100467
9.399999999999983,1,24.34148479721179,3.6409366014814273,3.027093609038999,0.6924504077039351
9.399999999999983,2,24.574475408436314,3.834193941759451,3.008796026204382,0.7140546780122867
9.399999999999983,3,24.80185438190481,4.031241403381223,2.996146047199786,0.7375755400216645
9.399999999999983,4,25.023600845607458,4.23273214940441,2.9886017915665226,0.7613109176641353
9.399999999999983,5,25.23995837358501,4.438910010365182,2.9844551575278193,0.7835680097696611
9.399999999999983,6,25.4513825774812,4.649561698828778,2.982519192075417,0.8029869959655258
9.399999999999983,7,25.65854524569395,4.8641429854406795,2.9822627362562573,0.8191381333390073
9.399999999999983,8,25.862201081567036,5.082026772491309,2.9825702520625343,0.8328922398056102
9.499999999999982,0,24.325793500888317,3.659098163616867,3.0270936090002785,0.6923917830719795
9.499999999999982,1,24.558795359960364,3.852341769330431,3.0378324404320107,0.7207843869011111
9.499999999999982,2,24.787024236077833,4.05283097711332,3.0464266257366655,0.7498262508108171
9.499999999999982,3,25.009964179895604,4.260448817973391,3.0523242449963313,0.7786478326535231
9.499999999999982,4,25.227248381909206,4.474819352117375,3.055934063125373,0.8057816058142739
9.499999999999982,5,25.43888660155968,4.695266385356261,3.057138399553094,0.8300196850239899
9.499999999999982,6,25.6452011618967,4.92086662863543,3.056437835807296,0.850497377150355
9.499999999999982,7,25.84680672779801,5.1505913268619175,3.054893525258129,0.8671907757811358
9.499999999999982,8,26.044449536873458,5.383531474746395,3.0528013365860356,0.8812644517212661
9.599999999999982,0,24.53470630139362,3.8781607096921253,3.0378324403913135,0.7205928735945397
9.599999999999982,1,24.762973486615703,4.0786060931125325,2.9985196583208213,0.7379762317457382
9.599999999999982,2,24.984813514661102,4.280344158560956,2.967980310097526,0.7580495276534218
9.599999999999982,3,25.200342104033858,4.48439495852254,2.947385525030265,0.7804059292826848
9.599999999999982,4,25.409792391726437,4.691764341181574,2.9356392331538133,0.8032803736778587
9.599999999999982,5,25.613630177988142,4.903025725224856,2.930150755980849,0.8249008099549398
9.599999999999982,6,25.81248198844664,5.118242685256522,2.9288129035841957,0.8438434320375741
9.599999999999982,7,26.007134244812693,5.337089271130072,2.930249510485754,0.859625122247982
9.599999999999982,8,26.19840392501007,5.559090938056393,2.9326515258086925,0.873065771316408
9.699999999999982,0,24.748090220485512,4.094381806902257,2.9985196582818183,0.7379324994665677
9.699999999999982,1,24.969939017417236,4.296110121676512,2.9967626818476276,0.7657026186467799
9.699999999999982,2,25.185974380533814,4.503798980539394,2.9960886876991744,0.7942353393708725
9.699999999999982,3,25.395949526275665,4.7175186453401174,2.9963885701224973,0.8226563219548078
9.699999999999982,4,25.599786952976437,4.937140918454691,2.9975471918688443,0.8494397299293377
9.699999999999982,5,25.797746188180383,5.162230132619182,2.998644154896086,0.8733323804301744
9.699999999999982,6,25.990341864275656,5.392068352965005,2.999356127653697,0.8934564457453558
9.699999999999982,7,26.17831822480161,5.625790966282045,3.00000562535301,0.909791557320247
9.699999999999982,8,26.362491767003064,5.862604148426183,3.0003223163121047,0.9235110100810388
9.799999999999981,0,24.9452674408027,4.320285205811118,2.9967626818093063,0.7655198960676723
9.799999999999981,1,25.16134068748287,4.527934472845638,3.025496923646416,0.7982406807255806
9.799999999999981,2,25.372510604391664,4.744599163453946,3.0485936839340777,0.8307675336068177
9.799999999999981,3,25.5780800866931,4.969722312549912,3.0648895021415794,0.8620023141424396
9.799999999999981,4,25.77757949137011,5.2023926140526875,3.075203805115181,0.8906187813335708
9.799999999999981,5,25.970988614914376,5.4414777368742016,3.0801477835524467,0.9156717176828504
9.799999999999981,6,26.1586490997639,5.685724841810156,3.0810122698345523,0.9365477472633184
9.799999999999981,7,26.34122138161972,5.933905694252247,3.079625389336756,0.953417322948609
9.799999999999981,8,26.519500892979714,6.185017926591399,3.0770067796145018,0.9675801822663659
9.89999999999998,0,25.13127531770666,4.555246767708769,3.025496923605846,0.7979402362353908
9.89999999999998,1,25.34251031407317,4.771847997857519,3.000982769146635,0.8175204727507237
9.89999999999998,2,25.547787234264565,4.990755392363004,2.982167828155161,0.8393765908873929
9.89999999999998,3,25.746974740419432,5.212696903483208,2.969714917755658,0.8630390554904774
9.89999999999998,4,25.940046635144135,5.438344012680125,2.9629254086969956,0.8868101633111378
9.89999999999998,5,26.12727326374205,5.667992248602138,2.9598825756914726,0.9090198140148724
9.89999999999998,6,26.309169180326325,5.901504716412743,2.9591986498730214,0.9283393951203841
9.89999999999998,7,26.48648202136991,6.138436577548748,2.960180595264128,0.9443663797939004
9.89999999999998,8,26.66003544739516,6.3782631969419645,2.961630798026366,0.9579911866846684
9.99999999999998,0,25.324355995641966,4.788176303405826,3.0009827691083713,0.8174579747955213
9.99999999999998,1,25.529646503026402,5.0070707612483325,3.0111788863256628,0.8460982408075742
9.99999999999998,2,25.729260444035056,5.2325177009161195,3.0197729384397674,0.8753334365268447
9.99999999999998,3,25.922749773992393,5.464363208882444,3.02624071875192,0.9042663927362493
9.99999999999998,4,26.109850977875762,5.702217543457344,3.0308482385979323,0.9314260838434507
9.99999999999998,5,26.290698809461873,5.945434835851833,3.0332944796741588,0.9556178790059289
9.99999999999998,6,26.465751554164605,6.193155228512694,3.0339067436861167,0.976000626016229
9.99999999999998,7,26.63575333979042,6.444442572800699,3.033611156197348,0.9925733692819732
9.99999999999998,8,26.801551296745846,6.698487858269219,3.0326471828976738,1.0065189938381194
10.09999999999998,0,25.502270529015824,5.029848385076896,3.011178886287011,0.8458979352634981
10.09999999999998,1,25.70192957192363,5.25525523896442,3.0493662827073225,0.8788775897747512
10.09999999999998,2,25.896483972273266,5.490063535434922,3.079590041366036,0.9115956607012463
10.09999999999998,3,26.085104310081682,5.733499609646055,3.1003543473945157,0.9429610228541321
10.09999999999998,4,26.267217346694046,5.984411577294888,3.112840644021196,0.9717030075744892
10.09999999999998,5,26.442748541911097,6.241484657958852,3.1182249321231144,0.9969183223507582
10.09999999999998,6,26.612034752062847,6.503353798726922,3.1183818824774754,1.0180046716816025
10.09999999999998,7,26.775770113962505,6.768747444711968,3.115668672591441,1.0351228048879815
10.09999999999998,8,26.934800181380155,7.036671596102997,3.1115239684540277,1.0495505882323495
10.19999999999998,0,25.669510141336875,5.280253846385217,3.0493662826662984,0.8785728717433315
10.19999999999998,1,25.86413607865923,5.515002844352896,3.0321789082572836,0.8981246776742466
10.19999999999998,2,26.053064494443774,5.752167781424427,3.0186814917234175,0.9200027015244209
10.19999999999998,3,26.235941987636878,5.992335552739516,3.009275208257973,0.9437685512890835
10.19999999999998,4,26.412509395257054,6.236020665554898,3.00360378860231,0.9677346115473681
10.19999999999998,5,26.58286619961076,6.483401928937624,3.000264508570383,0.9902130727534119
10.19999999999998,6,26.747438667691824,6.734273749473833,2.9983925014665296,1.0098413108680244
10.19999999999998,7,26.906958720616938,6.988173076305375,2.997757303353123,1.0261868934640526
10.19999999999998,8,27.062277482204635,7.244596198897979,2.9975021505500306,1.0401221656131763
10.29999999999998,0,25.84475875747975,5.52980197851146,3.0321789082185413,0.8980630906967344
10.29999999999998,1,26.033701720118415,5.76695519164161,3.0478072105921106,0.9265893448987788
10.29999999999998,2,26.21674228213476,6.010650759406856,3.060124469617559,0.9557663274832456
10.29999999999998,3,26.39330644742484,6.260588705665832,3.068408080267286,0.9847299017240774
10.29999999999998,4,26.563016696552374,6.516225351941258,3.0732434819323,1.012023671679393
10.29999999999998,5,26.72594365776911,6.776808274176978,3.0747917871882953,1.0364407152661714
10.29999999999998,6,26.882538824893924,7.041424470930368,3.07384291060677,1.0571083198850681
10.29999999999998,7,27.033585270051933,7.309137577633638,3.071721869310248,1.0739933206746506
10.29999999999998,8,27.179988927115332,7.57917621666282,3.0689379011503393,1.0882536082967273
10.399999999999979,0,26.00470888639235,5.787400592069793,3.0478072105512357,0.9263958731648054
10.399999999999979,1,26.187796528112493,6.031060608510102,3.012319214433016,0.9438001011941762
10.399999999999979,2,26.364533841218652,6.2749963152721255,2.9845947216866113,0.9639452509455805
10.399999999999979,3,26.534740578914327,6.520165489850148,2.9656693968479857,0.9864392666683952
10.399999999999979,4,26.698346234239935,6.767523026792117,2.9546145541445554,1.0095088078917025
10.399999999999979,5,26.855614724872815,7.017653916063037,2.949093681758949,1.0313569056179288
10.399999999999979,6,27.007098693740822,7.27068879586542,2.9472592413840863,1.0505320127978202
10.399999999999979,7,27.153613202542807,7.526424587145991,2.9479663116923653,1.0665333895928746
10.399999999999979,8,27.296052410320588,7.784536029221322,2.949580338403816,1.0801767692783442
10.499999999999979,0,26.169983045421134,6.043478198925538,3.012319214393947,0.9437563959342828
10.499999999999979,1,26.346730985436558,6.287406131880655,3.01342816421879,0.9715584618095893
10.499999999999979,2,26.51669238896428,6.536244842864248,3.01476027498037,1.0001656779843986
10.499999999999979,3,26.67953865581521,6.789955550716256,3.016103046999122,1.0287135493089126
10.499999999999979,4,26.835145920075277,7.048326284503614,3.0174977064380917,1.0556705395857233
10.499999999999979,5,26.98380124876685,7.310918621536648,3.0182523733520936,1.079765946026002
10.499999999999979,6,27.12612230858195,7.577082665591726,3.0182733791759446,1.1001011468523516
10.499999999999979,7,27.263002770024436,7.846087323201009,3.0180826716178997,1.116641360156815
10.499999999999979,8,27.395406998501198,8.11730190783364,3.017548602786445,1.1305545188752708
10.599999999999978,0,26.317608297528544,6.306056674578908,3.0134281641801826,0.9713770597456478
10.599999999999978,1,26.487614789341233,6.554864403717611,3.0441972282846153,1.0041369526595234
10.599999999999978,2,26.651032347409313,6.811703023527825,3.0686061580625132,1.0367266813979628
10.599999999999978,3,26.807236833329913,7.075831043213658,3.0854160947324067,1.0680602011994673
10.599999999999978,4,26.955899883001912,7.346196043765894,3.0955911868211374,1.0968159963283486
10.599999999999978,5,27.097192400936294,7.621628933137809,3.099946358270562,1.122041515540312
10.599999999999978,6,27.23168170725135,7.900930385631041,3.0999737017580467,1.1431086123674872
10.599999999999978,7,27.360258665123396,8.183005439179773,3.0976713502131656,1.1601741726574364
10.599999999999978,8,27.48391145898755,8.467022455096608,3.094166023861199,1.1745284196822654
10.699999999999978,0,26.452563436371932,6.57549053220791,3.044197228243741,1.0038387547556538
10.699999999999978,1,26.61605756903098,6.8322804005539295,3.0210472807276747,1.023349977934902
10.699999999999978,2,26.77330569906449,7.090234593077276,3.002989239035453,1.0452221480767667
10.699999999999978,3,26.92396891475551,7.350004553791054,2.9906330496618745,1.0689983721694913
10.699999999999978,4,27.067820073334772,7.6122008308012505,2.9834139679096356,1.0929600449358539
10.699999999999978,5,27.205017048870733,7.877129550795753,2.9795973441975017,1.1154014813641782
10.699999999999978,6,27.336068432421147,8.14473078718164,2.9779722674141222,1.1349600217918265
10.699999999999978,7,27.461794648583,8.414700817616593,2.9779908557362678,1.1512128473065393
10.699999999999978,8,27.58311950385347,8.686684752398573,2.9785367316241373,1.1650453288104807
10.799999999999978,0,26.595026835930767,6.844517571515623,3.0210472806890842,1.0232887029931534
10.799999999999978,1,26.752290714385293,7.102462022040449,3.0320084457887733,1.0519763336008354
10.799999999999978,2,26.90263464024268,7.365763248026044,3.0408707265270873,1.0813033829323557
10.799999999999978,3,27.045609921078924,7.634142157501109,3.0470774701760455,1.1103815455799226
10.799999999999978,4,27.180997687437365,7.907120654270465,3.0510167129961125,1.1377293880660329
10.799999999999978,5,27.309035672992927,8.184056708724334,3.05254726581554,1.1621323225055606
10.799999999999978,6,27.430338938702473,8.464174820488527,3.0521487924592146,1.1827285253897961
10.799999999999978,7,27.545832411908734,8.746694695618881,3.050868415408458,1.1995042377397405
10.799999999999978,8,27.656523926105727,9.030992788753462,3.049003148195333,1.213638937932159
10.899999999999977,0,26.72078826091523,7.1192016279120285,3.032008445748165,1.0517779449433375
10.899999999999977,1,26.871184379752226,7.382472894503406,2.9929620920228857,1.0693520249967712
10.899999999999977,2,27.01505387019678,7.644922579377623,2.9627222426731774,1.089615736440238
10.899999999999977,3,27.15217656191299,7.907553199624491,2.942453357481603,1.112153002886908
10.899999999999977,4,27.28244895148702,8.171390513743845,2.931040676613536,1.135187942153231
10.899999999999977,5,27.40612889097826,8.437124926947712,2.925873346750066,1.1569396913645367
10.899999999999977,6,27.523792899619,8.705015199998881,2.9248268087890583,1.175982438873448
10.899999999999977,7,27.636295242215756,8.97500296886676,2.9265140577068465,1.1918377798440432
10.899999999999977,8,27.744566217717722,9.246899412163405,2.92912944603228,1.2053356616951896
10.999999999999977,0,26.851765749563267,7.392652994820405,2.992962091984011,1.0693066953819206
10.999999999999977,1,26.99564709960019,7.655096090025759,2.991494336069844,1.097293647316892
10.999999999999977,2,27.13206117063716,7.921332181613198,2.991133287458175,1.126035710204356
10.999999999999977,3,27.260752254722664,8.191346184349825,2.991762387612127,1.1546448971987082
10.999999999999977,4,27.3816922506075,8.464988505019505,2.993249821033864,1.1815853870337643
10.999999999999977,5,27.495273604937385,8.741926816236404,2.9946576825194984,1.2055991522829408
10.999999999999977,6,27.602222807995062,9.0216438884199,2.995647853471258,1.2258105078776
10.999999999999977,7,27.70353064017915,9.303558388084182,2.996534181866404,1.242206479839933
10.999999999999977,8,27.800231503657216,9.587179903488837,2.9970510693475076,1.2559712201487239
11.099999999999977,0,26.96420382840367,7.670026208569856,2.9914943360316033,1.0971058714036113
11.099999999999977,1,27.1006678694348,7.936236556694847,3.0205347958900752,1.1300432458118497
11.099999999999977,2,27.229530139811136,8.20942298535679,3.043953428564854,1.1627757698612484
11.099999999999977,3,27.35031213834341,8.48882993203138,3.0605785653907738,1.194190108900775
11.099999999999977,4,27.462870018264518,8.773438679008185,3.0712146811013734,1.2229513123776892
11.099999999999977,5,27.56755933668489,9.062166480155174,3.076457836310805,1.2481116911295502
11.099999999999977,6,27.665118048725525,9.35393390327523,3.0775864510378215,1.2690618570669865
11.099999999999977,7,27.75657675928785,9.647788794827338,3.076422006348304,1.2859805239393198
11.099999999999977,8,27.843018264321227,9.94303717095791,3.073990033190781,1.3001782752111917
11.199999999999976,0,27.063097186287283,7.952356666579615,3.0205347958495925,1.1297357709170472
11.199999999999976,1,27.192043444484728,8.225503453617675,2.99634350614829,1.1494578035739833
11.199999999999976,2,27.314588640908642,8.498932618286512,2.977858929229864,1.1714503408192738
11.199999999999976,3,27.430372814003515,8.773288096765782,2.965734747515218,1.195236748725568
11.199999999999976,4,27.539154766173052,9.049193277390408,2.9592590848332803,1.2191133060288346
11.199999999999976,5,27.64109656404877,9.327011500227323,2.9565025946617753,1.2414059264166477
11.199999999999976,6,27.73673244663311,9.606775991998926,2.956067654581245,1.2607864090768857
11.199999999999976,7,27.826917046062338,9.888304553905796,2.957256738248144,1.2768565065822997
11.199999999999976,8,27.912601970582525,10.171364625800267,2.958879297657486,1.29051386542735
11.299999999999976,0,27.169395148305547,8.235088073118929,2.9963435061101245,1.1493937735792206
11.299999999999976,1,27.291957795852944,8.508509253319602,3.0068657033952633,1.1781793703087535
11.299999999999976,2,27.40700276771878,8.786316976439538,3.0157873957473225,1.207553004736897
11.299999999999976,3,27.514156074541713,9.068217796256425,3.0225750701680902,1.2366078666159188
11.299999999999976,4,27.613297346987412,9.353753806917268,3.027483161008962,1.2638670472876705
11.299999999999976,5,27.704767542503625,9.642353725249492,3.0302000869524406,1.2881337048078043
11.299999999999976,6,27.789283906464615,9.933348917969226,3.0310452026537402,1.3085689286361584
11.299999999999976,7,27.867858402006576,10.226091856859046,3.0309416078285745,1.3251770927050905
11.299999999999976,8,27.941557866676842,10.520089239334848,3.0301364004225833,1.3391483314809047
11.399999999999975,0,27.258482011808088,8.521172457971542,3.006865703356681,1.1779753410033247
11.399999999999975,1,27.373583645332882,8.798956596973277,3.0453789150631536,1.2110941812493061
11.399999999999975,2,27.480779603100746,9.084004587970316,3.075925070242966,1.243943910344301
11.399999999999975,3,27.579536392114854,9.375312418233378,3.096998899360323,1.2754229200336833
11.399999999999975,4,27.6696891390222,9.671600295348536,3.109771707691381,1.3042551471601682
11.399999999999975,5,27.751599388216505,9.971596149000453,3.115410733743769,1.3295361741431146
11.399999999999975,6,27.826034795454927,10.274114266453605,3.115784408901378,1.350666736748214
11.399999999999975,7,27.894069842463427,10.578174059634332,3.1132482113085658,1.3678131792599295
11.399999999999975,8,27.95683047774206,10.883107244577173,3.109248890272301,1.3822604268985694
11.499999999999975,0,27.334619982152258,8.812059761203983,3.045378915022205,1.2107847430123726
11.499999999999975,1,27.44190413677734,9.097074563964675,3.028516616304203,1.230430091459168
11.499999999999975,2,27.543005844695678,9.382552479358612,3.0153360567843492,1.2523956288080589
11.499999999999975,3,27.637400510984286,9.668930777873143,3.0062287175817763,1.2762384240903137
11.499999999999975,4,27.72467688507792,9.956607832117506,3.0008295588309473,1.3002680949768572
11.499999999999975,5,27.80487231937986,10.245780983782655,2.997728896737593,1.3227953610739036
11.499999999999975,6,27.878458562137734,10.536390451496118,2.9960573711242455,1.3424585997405998
11.499999999999975,7,27.946279996045288,10.828232819153005,2.9955841679890587,1.3588284013193306
11.499999999999975,8,28.009306400635932,11.121105495435145,2.9954610404281232,1.3727816585801604
11.599999999999975,0,27.4186478278406,9.104775748054536,3.0285166162655055,1.2303674813567786
11.599999999999975,1,27.51976738111465,9.390247226855418,3.044461230761308,1.2589844441425548
11.599999999999975,2,27.613166492587233,9.680012882145107,3.0570832541470536,1.2882471706954255
11.599999999999975,3,27.698399424443775,9.973599640264636,3.065650608656659,1.31728524742762
11.599999999999975,4,27.775287300180107,10.270366824817419,3.0707412713225812,1.3446389438817752
11.599999999999975,5,27.844143880878494,10.56962202720476,3.072510879365737,1.3691003376715272
11.599999999999975,6,27.90569582897554,10.870645129492752,3.0717461587063326,1.3897984308948426
11.599999999999975,7,27.960990663233233,11.172802288745956,3.0697726689073717,1.4067035381692752
11.599999999999975,8,28.01113760790128,11.475656153594496,3.0671082185609757,1.4209780637913578
11.699999999999974,0,27.485581614975,9.400138232506034,3.0444612307204846,1.2587886171699187
11.699999999999974,1,27.579037451228437,9.68988544777895,3.009281434374393,1.2762561376480135
11.699999999999974,2,27.666396870147377,9.977854398749816,2.981850485405381,1.2964593623302294
11.699999999999974,3,27.747177902903957,10.264889159083012,2.9631946505042395,1.319003790279162
11.699999999999974,4,27.821003316011986,10.551865914472291,2.952378931279814,1.3421150109013484
11.699999999999974,5,27.887932365510917,10.839419927510187,2.9470627389868973,1.3639954229899294
11.699999999999974,6,27.948445400709005,11.127851052784717,2.9453966448269644,1.3831941914984687
11.699999999999974,7,28.003379550336277,11.41722943527699,2.946237199111817,1.3992124452229637
11.699999999999974,8,28.05368634668007,11.707535904689852,2.947958513435748,1.4128687238620365
11.799999999999974,0,27.558070462772083,9.695828626747634,3.009281434335393,1.2762118674723486
11.799999999999974,1,27.6454426133055,9.983793650842832,3.0106848700972435,1.304075829896587
11.799999999999974,2,27.724795028095755,10.274216646370787,3.012294846951078,1.3327414561725328
11.799999999999974,3,27.795828767434156,10.566951407246272,3.0138898657932414,1.3613401862368537
11.799999999999974,4,27.85849588531611,10.861753759922511,3.015505917317049,1.3883384262103449
11.799999999999974,5,27.9132112893531,11.158299194157031,3.0164481796912135,1.4124647886905488
11.799999999999974,6,27.960771775081426,11.456171145507783,3.01662204353134,1.432821733617005
11.799999999999974,7,28.00226150569844,11.75496657702225,3.016551506054448,1.4493767302854603
11.799999999999974,8,28.0387984331265,12.054400849685532,3.016113402276325,1.4633006845544538
11.899999999999974,0,27.611752458961824,9.991929945956162,3.0106848700586797,1.3038928189806098
11.899999999999974,1,27.69115802494526,10.282338262450393,3.0417336010361518,1.3367132054159652
11.899999999999974,2,27.761711408168868,10.578216041417019,3.0664041974709018,1.3693603166597246
11.899999999999974,3,27.82306296217521,10.878656297953981,3.083449198711749,1.4007432143975196
11.899999999999974,4,27.875245630004756,11.182553598078279,3.0938284272589414,1.4295380646015454
11.899999999999974,5,27.91880332372447,11.488854878495488,3.0983548118263755,1.454791894727117
11.899999999999974,6,27.954665056557555,11.79660796466032,3.098520301954369,1.4758779801694337
11.899999999999974,7,27.98403155504515,12.105065238652287,3.0963255556688534,1.4929556935122483
11.899999999999974,8,28.008109214356626,12.413760212166165,3.092905543944485,1.507318324786811
11.999999999999973,0,27.651220231181735,10.290400260986143,3.0417336009953173,1.3364128215884823
11.999999999999973,1,27.721862484739056,10.586256822956077,3.0188487929691785,1.3559678327937714
11.999999999999973,2,27.78621828423669,10.88120238669488,3.001036729042239,1.3778794761299986
11.999999999999973,3,27.843755002100604,11.17573954748864,2.9888990924571965,1.401689026517833
11.999999999999973,4,27.894059215470698,11.470367892158931,2.9818676261119474,1.425677435570551
11.999999999999973,5,27.937180665530615,11.765424775254594,2.9782065656477537,1.4481390015788744
11.999999999999973,6,27.973620077890168,12.061016132669327,2.9767056168162775,1.4677118749020528
11.999999999999973,7,28.00425241627784,12.35711952236036,2.9768198752954875,1.4839746595032508
11.999999999999973,8,28.030066917117058,12.653698310561753,2.9774409800512007,1.4978146267443249
12.099999999999973,0,27.69793514922799,10.590964979264527,3.0188487929306493,1.3559060578622724
12.099999999999973,1,27.76230914888877,10.88590644602444,3.030057688233347,1.3846335517501522
12.099999999999973,2,27.818392284405604,11.183676921921219,3.0391480886957174,1.4139979583892894
12.099999999999973,3,27.865850578426787,11.483863764374567,3.0455556061928846,1.443108174444132
12.099999999999973,4,27.904633063190033,11.785940409122295,3.0496655151790373,1.4704816050343394
12.099999999999973,5,27.935174321747784,12.089374253434414,3.0513362118479592,1.4949034441152578
12.099999999999973,6,27.958309471634813,12.393629866163618,3.051048505226512,1.51551272874884
12.099999999999973,7,27.975168097671833,12.698268756185094,3.0498527199643286,1.5322972130376276
12.099999999999973,8,27.986906812284936,13.003028093085277,3.048053490097921,1.5464382635956537
12.199999999999973,0,27.727018675653355,10.891445642481244,3.030057688192765,1.384434029627927
12.199999999999973,1,27.783161225758878,11.18920479049861,2.9912428441338808,1.4020376399256573
12.199999999999973,2,27.833401795371625,11.484079797316667,2.9612145776231626,1.4223273629931668
12.199999999999973,3,27.877205364903364,11.776943949426633,2.941130046885645,1.44488626989299
12.199999999999973,4,27.914139554803842,12.068729893887875,2.929872365028076,1.4679386344601666
12.199999999999973,5,27.944222768110322,12.360171217741556,2.924830882142335,1.489703772118597
12.199999999999973,6,27.967915489642422,12.651697723789319,2.92388267789656,1.5087564038225603
12.199999999999973,7,27.986044243770515,12.943530444015375,2.9256441789519725,1.5246189587276913
12.199999999999973,8,27.99954999487022,13.235792340613344,2.9283170043873343,1.5381225064777775
12.299999999999972,0,27.761446285294202,11.192489220850788,2.9912428440950602,1.4019920278741853
12.299999999999972,1,27.811700291741726,11.48736185882866,2.9899886572180847,1.43000560421157
12.299999999999972,2,27.853657603432932,11.783402357100844,2.9898214634334668,1.4587726223618707
12.299999999999972,3,27.88708060865748,12.08051075139193,2.990617959603852,1.4874033809085203
12.299999999999972,4,27.911991238073668,12.378533562912814,2.99224477582567,1.514361410881054
12.299999999999972,5,27.928868867374817,12.677281849601746,2.9937646833614675,1.538388510493737
12.299999999999972,6,27.93856924301075,12.976501163200272,2.9948415174478047,1.5586094742048933
12.299999999999972,7,27.942218938381092,13.275963078029747,2.9957926175151464,1.575012235739151
12.299999999999972,8,27.940956037716095,13.575539762962343,2.996359187869297,1.5887821370809538
12.399999999999972,0,27.77707248209814,11.491205072346986,2.9899886571798655,1.4298170650785882
12.399999999999972,1,27.81908562932545,11.787237532524408,3.0192251983076246,1.4627805941546845
12.399999999999972,2,27.851634634038206,12.08740044688793,3.042820656969596,1.4955380512430505
12.399999999999972,3,27.874512771737262,12.39082123445159,3.0595971485366475,1.5269738671569115
12.399999999999972,4,27.887916392524073,12.696487217997428,3.070358061471068,1.5557521663648406
12.399999999999972,5,27.892535315161425,13.00348828017103,3.0757004956758345,1.580925127918733
12.399999999999972,6,27.889420046655125,13.311042558184656,3.0769050545090577,1.6018839868554984
12.399999999999972,7,27.87985619639116,13.618584407985146,3.0757967217842834,1.618808498374525
12.399999999999972,8,27.865094283920516,13.925809658168802,3.073407371159899,1.6330105156333834
12.499999999999972,0,27.778278478450208,11.790201506107845,3.0192251982671543,1.4624720841975383
12.499999999999972,1,27.810920083264346,12.090354356929623,2.995213588573386,1.4822141363591466
12.499999999999972,2,27.837417665299068,12.388701490651707,2.976889962863978,1.5042243686314518
12.499999999999972,3,27.85722080882143,12.685731862133395,2.9649022582344062,1.5280254575646277
12.499999999999972,4,27.869898175988563,12.981953233397846,2.9585379112366033,1.551913771550208
12.499999999999972,5,27.875484440758537,13.277759293989813,2.955868928963305,1.5742153856596555
12.499999999999972,6,27.87447387862599,13.573353497667204,2.955500075278789,1.5936024985829318
12.499999999999972,7,27.867733950756044,13.868840646644236,2.9567373307616407,1.6096774486932168
12.499999999999972,8,27.856240197974163,14.164310009710132,2.958396057093063,1.6233386434696095
12.599999999999971,0,27.786358530529675,12.092015888104829,2.9952135885352593,1.48214986139758
12.599999999999971,1,27.81287528035718,12.39036116907632,3.005898529261615,1.51095273196176
12.599999999999971,2,27.830852905140734,12.690413043387998,3.0149650678961484,1.5403425952843928
12.599999999999971,3,27.840033116791094,12.991770029967512,3.0218744795520127,1.569411448387205
12.599999999999971,4,27.840451507644243,13.293957524369995,3.0268808614849556,1.5966819903837854
12.599999999999971,5,27.832616989642695,13.596544475439632,3.0296742030779287,1.6209573155454822
12.599999999999971,6,27.81742612862611,13.899130970245231,3.0305763327178137,1.6413988497432908
12.599999999999971,7,27.796047218795024,14.201433633679018,3.030513756024545,1.6580115552012638
12.599999999999971,8,27.76965000946942,14.503333162066207,3.029738992873239,1.6719863171679707
12.69999999999997,0,27.777078216990695,12.39139344342418,3.0058985292230433,1.5107481757283945
12.69999999999997,1,27.79511723742364,12.691441529174316,3.0445584306438622,1.5438833071829798
12.69999999999997,2,27.80331007657936,12.995787123648157,3.0752343229936647,1.576748605160486
12.69999999999997,3,27.8014796265657,13.303305116145367,3.0964162233630756,1.6082410075321363
12.69999999999997,4,27.789887908457352,13.612729692307047,3.1092753766945984,1.6370839264320816
12.69999999999997,5,27.769292360313774,13.922974365848745,3.114980735961531,1.662372917108231
12.69999999999997,6,27.740806280579665,14.233167199393991,3.1154032393582964,1.6835091235561455
12.69999999999997,7,27.705765999829225,14.542730686885315,3.1129016448756,1.7006595248432685
12.69999999999997,8,27.66545439534934,14.85139967048117,3.1089276562450725,1.7151097957054608
12.79999999999997,0,27.753991036328255,12.691095365170732,3.0445584306029163,1.5435732183656534
12.79999999999997,1,27.762278247982245,12.995438399857253,3.027828128662487,1.563230899903825
12.79999999999997,2,27.764568900287358,13.2982126581137,3.0147635327006226,1.5852073412288605
12.79999999999997,3,27.760224430032903,13.599658317913098,3.0057518512116346,1.60905923213037
12.79999999999997,4,27.748726226863763,13.900015403114798,3.0004282139291654,1.6330963124066908
12.79999999999997,5,27.73004531810931,14.199480534943842,2.9973847682539088,1.655629417816081
12.79999999999997,6,27.704647318437452,14.498149455382368,2.9957546846274257,1.6752971438039432
12.79999999999997,7,27.6733969668528,14.79610418245557,2.9953103107182613,1.69167039764258
12.79999999999997,8,27.637277228383077,15.093468820364313,2.995207925640041,1.7056264977359876
12.89999999999997,0,27.737766808231594,12.995118613038986,3.02782812862381,1.563168140820319
12.89999999999997,1,27.740076470341766,13.29789261710619,3.0438901456679117,1.5917954841007655
12.89999999999997,2,27.73368499751823,13.602214663851509,3.056614625699773,1.6210680352070599
12.89999999999997,3,27.718325239841295,13.907490381356311,3.0652656837543137,1.6501146811578937
12.89999999999997,4,27.69403736335238,14.213053804730459,3.070421656954454,1.6774754919543227
12.89999999999997,5,27.66134423530576,14.518351094350182,3.0722400649295265,1.7019425052033794
12.89999999999997,6,27.621168166449035,14.822937358424118,3.071510114826356,1.7226448928847515
12.89999999999997,7,27.574706583428853,15.126554366830606,3.069560347522223,1.7395532820479005
12.89999999999997,8,27.523151011237406,15.42915008297338,3.0669126476948927,1.7538304880070008
12.99999999999997,0,27.704522526805384,13.296070851191166,3.043890145627101,1.5915993507710475
12.99999999999997,1,27.69819077248596,13.600394003955342,3.0088147005282977,1.6090746401473874
12.99999999999997,2,27.68667634703187,13.901055132739582,2.981474172457392,1.6292847767745595
12.99999999999997,3,27.669248086328945,14.198693074151507,2.962891422210128,1.6518351867232324
12.99999999999997,4,27.645263348514593,14.494010892139688,2.952131959193291,1.6749516051574949
12.99999999999997,5,27.61457069688516,14.78762660955666,2.9468571067682596,1.6968364376196556
12.99999999999997,6,27.577526295396886,15.079979033414613,2.945219867346597,1.7160388699898441
12.99999999999997,7,27.534898597074367,15.371406700281542,2.9460796127482425,1.7320601349595601
12.99999999999997,8,27.487593367818633,15.66220141210291,2.9478141321623994,1.7457189951263778
13.09999999999997,0,27.676423049506166,13.599160098789875,3.0088147004893155,1.60903029481101
13.09999999999997,1,27.66492196050351,13.899821676400315,3.010309731989389,1.6369009642271632
13.09999999999997,2,27.645036856398566,14.200195306258339,3.0119985030831344,1.6655731143444266
13.09999999999997,3,27.616532663021637,14.50004375188175,3.0136565200111285,1.6941778146594169
13.09999999999997,4,27.5794437571028,14.79911889708712,3.0153203949138954,1.7211813261904387
13.09999999999997,5,27.534268360657943,15.097248004752245,3.0162971962786695,1.745312138958845
13.09999999999997,6,27.481895832478106,15.394296332591221,3.016494640970576,1.7656727148517632
13.09999999999997,7,27.42348277453147,15.690236083305587,3.016439344065538,1.782230652643154
13.09999999999997,8,27.36017903465923,15.985162685152764,3.016011410370975,1.7961571015519489
13.199999999999969,0,27.63041425881054,13.896503083639082,3.0103097319508274,1.6367177623929785
13.199999999999969,1,27.61058423541452,14.196880208808558,3.0414383219212793,1.66954484606628
13.199999999999969,2,27.58059927043614,14.499542362835303,3.0661770995779087,1.7021985366013235
13.199999999999969,3,27.540424872677406,14.803516788832807,3.083275985574507,1.7335873683522656
13.199999999999969,4,27.49045330542198,15.107767936197966,3.0936954993177475,1.7623873138274302
13.199999999999969,5,27.4315428475497,15.411476810042926,3.098250406832765,1.7876453321976529
13.199999999999969,6,27.364882908709262,15.714045825171644,3.0984348598930223,1.808734772483122
13.199999999999969,7,27.29185290410472,16.015159764935213,3.0962519292292225,1.8258151840244423
13.199999999999969,8,27.2137457182215,16.31477122741824,3.0928394769895813,1.8401801069182546
13.299999999999969,0,27.570196193610162,14.19144957298309,3.041438321880446,1.6692442054076315
13.299999999999969,1,27.54030222277967,14.494120716999435,3.0186230444057176,1.6888040594500524
13.299999999999969,2,27.5047627371833,14.793883740037586,3.00086984439893,1.710720315131666
13.299999999999969,3,27.462910139042656,15.09103850938766,2.988778109192218,1.7345341799626166
13.299999999999969,4,27.414190550532307,15.3859207669903,2.9817803345622247,1.7585265935919487
13.299999999999969,5,27.358540878931496,15.678864335377103,2.9781425411121907,1.7809917429179334
13.299999999999969,6,27.29639994085526,15.970131869963563,2.9766565262123867,1.8005677007036045
13.299999999999969,7,27.228602239973345,16.25998720634427,2.976779617784782,1.8168330935118133
13.299999999999969,8,27.15609491144586,16.548718345968663,2.977406013256947,1.8306753335700303
13.399999999999968,0,27.516143847813503,14.490751786505578,3.018623044367192,1.6887422267820906
13.399999999999968,1,27.480622918074186,14.790516885693906,3.0298915573020553,1.7174742999833714
13.399999999999968,2,27.43634022233113,15.090252685641802,3.0390319741195397,1.7468432823844393
13.399999999999968,3,27.38311477260354,15.389459008812238,3.045477933524592,1.7759578262788611
13.399999999999968,4,27.321070468920638,15.687620296927772,3.0496154946438025,1.803335210531209
13.399999999999968,5,27.250792206791065,15.98437403569551,3.051304752528942,1.8277605099796685
13.399999999999968,6,27.173244448898654,16.279486113947577,3.051028462684952,1.8483727228842393
13.399999999999968,7,27.08963832534314,16.572910482455782,3.0498389762974614,1.86515966305364
13.399999999999968,8,27.001153090505124,16.864776163960585,3.0480431542642403,1.8793028475211428
13.499999999999968,0,27.445453978667903,14.7842203425226,3.029891557261476,1.7172746523032303
13.499999999999968,1,27.401231172201445,15.08396485389615,2.991127775438899,1.7348813957812799
13.499999999999968,2,27.352371160491504,15.379060092569977,2.9611419104388146,1.7551743430968727
13.499999999999968,3,27.29808295507822,15.670155697880025,2.941089418267405,1.777736580311343
13.499999999999968,4,27.237653221414934,15.95799077107669,2.929854213044595,1.8007923046219136
13.499999999999968,5,27.170859748915053,16.243263647628616,2.9248272623425837,1.8225606273486927
13.499999999999968,6,27.09799747564076,16.526530179559657,2.923887464770101,1.8416160971928544
13.499999999999968,7,27.019775553415457,16.808268715954448,2.9256530966557976,1.8574810930689067
13.499999999999968,8,26.93704333403719,17.088902514957347,2.9283277196253517,1.8709867764574022
13.599999999999968,0,27.37963108090982,15.07997323779785,2.9911277754000785,1.734835754090867
13.599999999999968,1,27.330784550786767,15.375070629265954,2.9899165157274754,1.7628526902723538
13.599999999999968,2,27.27371360759336,15.668565068889418,2.9897845600051927,1.7916232319527
13.599999999999968,3,27.20822623955377,15.960283586090233,2.9906071703615043,1.820257532448589
13.599999999999968,4,27.134393355477748,16.250087305431812,2.992251775181842,1.8472189696251748
13.599999999999968,5,27.05272989214219,16.537953404612566,2.993782656105617,1.871249165777394
13.599999999999968,6,26.9641279844102,16.823920313835394,2.9948653143128063,1.891472811592666
13.599999999999968,7,26.869727259263282,17.10813974861995,2.995818744912407,1.9078778479105785
13.599999999999968,8,26.77064532920518,17.390862441824908,2.9963858148579705,1.921649731373888
13.699999999999967,0,27.296797565839444,15.367387682297283,2.9899165156892673,1.7626640694495426
13.699999999999967,1,27.239782042679394,15.660892772789406,3.0191887032548057,1.795631148338333
13.699999999999967,2,27.172470636202245,15.955212639090394,3.0428130391219925,1.8283922013251586
13.699999999999967,3,27.094953000106653,16.249454267699612,3.059610442162345,1.8598314569404593
13.699999999999967,4,27.00774568777145,16.542723851342267,3.070385079827244,1.8886129296511742
13.699999999999967,5,26.91179822602539,16.834385865212234,3.0757354477412564,1.9137887091605574
13.699999999999967,6,26.808359181983715,17.12404403101383,3.076943662286149,1.9347499975388154
13.699999999999967,7,26.69882867890397,17.411583421858605,3.0758361784035557,1.951676589320919
13.699999999999967,8,26.58448820009953,17.69712492567313,3.0734462794919613,1.9658804418758782
13.799999999999967,0,27.200242028306686,15.650359475958663,3.0191887032143345,1.7953225248482472
13.799999999999967,1,27.1330214600193,15.944700094457305,2.995206626393638,1.8150666308524865
13.799999999999967,2,27.060582840593966,16.23532934862436,2.9769065485608674,1.8370792312896722
13.799999999999967,3,26.982246166801467,16.52252885944064,2.9649354058511617,1.8608829935413733
13.799999999999967,4,26.897437889847467,16.806636828657943,2.958581392101949,1.8847741355676693
13.799999999999967,5,26.806062233137173,17.088036001406145,2.9559178110643147,1.9070784958449862
13.799999999999967,6,26.708520025532167,17.367079660193603,2.9555508106123147,1.9264680863726138
13.799999999999967,7,26.605597071954264,17.644149957684885,2.9567876875087125,1.9425451835245284
13.799999999999967,8,26.498186387534766,17.919649829242687,2.958445000950473,1.9562082636288385
13.899999999999967,0,27.10926265937113,15.938244451474146,2.9952066263555133,1.8150023336333414
13.899999999999967,1,27.03684276749269,16.22887821911992,3.0059153506546954,1.8438078105255014
13.899999999999967,2,26.955793438415956,16.518336920551064,3.0150004811410067,1.8732004539932228
13.899999999999967,3,26.86600171971041,16.806156121510934,3.02192248300491,1.9022721585591158
13.899999999999967,4,26.767656408414023,17.09189823960817,3.026936176874896,1.9295454871132593
13.899999999999967,5,26.661379486745794,17.375321611215497,3.0297327337161226,1.9538233822678808
13.899999999999967,6,26.548149189048644,17.65634082001305,3.0306352215221266,1.974267173660073
13.899999999999967,7,26.429162495294193,17.93506953115108,3.030571297961883,1.9908818187517252
13.899999999999967,8,26.305564116700047,18.21177707791002,3.029794474340407,2.0048582855856685
13.999999999999966,0,27.002670170040666,16.218156346546337,3.005915350616131,1.8436031987061061
13.999999999999966,1,26.921680121139424,16.50763153247844,3.0445939834783085,1.8767410781861642
13.999999999999966,2,26.829978720070613,16.797952701870507,3.075284150833897,1.909609139822007
13.999999999999966,3,26.72776623078879,17.087998108596793,3.096475227124393,1.941104206577794
13.999999999999966,4,26.615704033897657,17.376656478181097,3.1093391383345717,1.9699496257789044
13.999999999999966,5,26.494863195086836,17.66314799783052,3.115045903815976,1.9952408885425785
13.999999999999966,6,26.366581025385862,17.947012042094585,3.115467562253625,2.0163791028495934
13.999999999999966,7,26.23230940958696,18.228139264397427,3.112963870856005,2.033531263290618
13.999999999999966,8,26.093347610871163,18.506698162123726,3.108987341633311,2.047983108571229
14.099999999999966,0,26.882921206231757,16.49386535392015,3.0445939834373634,1.876430916336548
14.099999999999966,1,26.79130985643916,16.784214946815965,3.0278783309442225,1.896089894487654
14.099999999999966,2,26.694542767220103,17.071123763452817,3.014824533432222,1.918068038796033
14.099999999999966,3,26.59193790418351,17.354609707153756,3.0058192887445,1.941922036972226
14.099999999999966,4,26.48292669570685,17.634729677088618,3.0004983687674867,1.9659614571453436
14.099999999999966,5,26.367417577408823,17.91165962290985,2.9974548912579406,1.9884968935832918
14.099999999999966,6,26.245819450052373,18.185641888547877,2.99582301334394,2.008166752256668
14.099999999999966,7,26.11892294749063,18.45703639238819,2.9953759576080077,2.0245418695454607
14.099999999999966,8,25.987616674876605,18.726281562330094,2.995270663177957,2.0384996113199847
14.199999999999966,0,26.768246781678812,16.775903120968135,3.027878330905539,1.8960271238326494
14.199999999999966,1,26.67149774551948,17.062817910031228,3.0439511805899144,1.92465645645284
14.199999999999966,2,26.566018265579793,17.348353466729744,3.0566832495684073,1.9539311682516631
14.199999999999966,3,26.45175008408154,17.63186036954074,3.0653382708242525,1.9829800882694038
14.199999999999966,4,26.328948852678838,17.91272192729287,3.0704951770119253,2.0103431699266476
14.199999999999966,5,26.19828984260718,18.190585228360383,3.072312351702777,2.03481231497308
14.199999999999966,6,26.06079027477372,18.465330965157293,3.071579865147159,2.0555166016488267
14.199999999999966,7,25.917666393714356,18.73710625199462,3.0696270035829767,2.072426640938685
14.199999999999966,8,25.770061460005245,19.00625123265266,3.0669761686029196,2.086705306339246
14.299999999999965,0,26.638488305057287,17.049477991422332,3.0439511805491097,1.9244602897933902
14.299999999999965,1,26.5330649150488,17.335034110196787,3.008883563483125,1.941936493937874
14.299999999999965,2,26.423939243299944,17.61543637135521,2.9815481133194375,1.9621480502597295
14.299999999999965,3,26.310211449900578,17.89104930005949,2.9629674067996663,1.9847003796489207
14.299999999999965,4,26.191044405370718,18.16232701632409,2.952207505809918,2.007819001477655
14.299999999999965,5,26.0660930787607,18.429803846553828,2.946930509425885,2.0297060435980088
14.299999999999965,6,25.93555080304758,18.694010712168847,2.9452901831921685,2.0489104815864314
14.299999999999965,7,25.800033367460497,18.955518594693594,2.9461465406104765,2.064933471355119
14.299999999999965,8,25.660301596986447,19.21489925290316,2.9478777749629512,2.078593828323949
14.399999999999965,0,26.51289412477957,17.32675491116872,3.0088835634441473,1.941892143053935
14.399999999999965,1,26.403780912634744,17.607161954945838,3.01038362092914,1.9697645995940698
14.399999999999965,2,26.286837092441374,17.884557568637344,3.012075161337681,1.9984387522192846
14.399999999999965,3,26.161918026771737,18.15864044768896,3.013733502769465,2.0270456108244974
14.399999999999965,4,26.02913734597434,18.429187043732895,3.015395761532667,2.0540512865067777
14.399999999999965,5,25.88902248292476,18.69619669143704,3.016369685662579,2.0781841110577295
14.399999999999965,6,25.742458151382717,18.95983254039617,3.016563647610057,2.098546445154282
14.399999999999965,7,25.590546694272685,19.220446227606665,3.0165047966094005,2.1151058753193177
14.399999999999965,8,25.43434377606308,19.47850370374363,3.016073532806148,2.129033620000969
14.499999999999964,0,26.372249671457112,17.592749161435123,3.0103836208905728,1.9695813721654256
14.499999999999964,1,26.255356774936764,17.87016607966948,3.0415148704580774,2.002410440407752
14.499999999999964,2,26.128118819719177,18.14642435877399,3.0662544949809787,2.035066145279009
14.499999999999964,3,25.990821127011003,18.420593145669486,3.083352307289585,2.0664569683494465
14.499999999999964,4,25.844172914529214,18.691821695933278,3.09376928125193,2.0952588143887123
14.499999999999964,5,25.689253097640957,18.95961627705823,3.098320771633579,2.1205185697998368
14.499999999999964,6,25.527381202408634,19.223800693905957,3.0985014866500684,2.141609537260013
14.499999999999964,7,25.359964049338522,19.48452777719738,3.0963149343191354,2.158691270769099
14.499999999999964,8,25.188239133789885,19.74217524164883,3.0928991787030924,2.1730573628079943
14.599999999999964,0,26.218957937237633,17.851835517307613,3.0415148704172497,2.0021097603652755
14.599999999999964,1,26.09180305696055,18.128132031483375,3.018700523941508,2.0216703573145423
14.599999999999964,2,25.960262403179826,18.39983528704906,3.00094678481573,2.043587792216513
14.599999999999964,3,25.82360697888701,18.667010341371423,2.9888529893468823,2.067403258776168
14.599999999999964,4,25.681203566856404,18.929793309352455,2.981852045228134,2.091397502990052
14.599999999999964,5,25.532883478158183,19.18847892516267,2.978210489704112,2.113864477880543
14.599999999999964,6,25.37897568754412,19.443458751866274,2.9767205996009114,2.1334420849779874
14.599999999999964,7,25.220182774686428,19.695254839723823,2.97684006595057,2.149708892075374
14.599999999999964,8,25.057305861089873,19.94444892935742,2.9774632186758954,2.163552357636834
14.699999999999964,0,26.070070726718765,18.117053778483523,3.018700523902984,2.0216085202085123
14.699999999999964,1,25.93854693349135,18.388765060263264,3.0299683608330734,2.0503421056472924
14.699999999999964,2,25.798751309895373,18.65758534368095,3.039106972481916,2.0797127541069305
14.699999999999964,3,25.650676263726844,18.92298261515364,3.0455500028259554,2.108829072944454
14.699999999999964,4,25.494607411177235,19.184509961059327,3.049683877876916,2.1362082225908496
14.699999999999964,5,25.331216081123827,19.44201580583106,3.0513691325985057,2.1606351553856755
14.699999999999964,6,25.16149039340255,19.695594025767953,3.0510889203257925,2.181248792417742
14.699999999999964,7,24.986590139778777,19.94559689504564,3.0498958788684103,2.1980369406984637
14.699999999999964,8,24.807587754863988,20.192531765149567,3.048096934787173,2.2121811738551456
14.799999999999963,0,25.907364239964895,18.37132160544762,3.0299683607925,2.050142437655928
14.799999999999963,1,25.76762237864536,18.640169694694656,2.991202795052441,2.0677497849054554
14.799999999999963,2,25.625016830887468,18.903108178542304,2.961214275732293,2.0880437902811293
14.799999999999963,3,25.47858767587255,19.160492422263403,2.9411583008386,2.110607513454412
14.799999999999963,4,25.327419172122674,19.412787720050204,2.9299191121501713,2.1336649422608693
14.799999999999963,5,25.171073119464943,19.660581377529454,2.9248880566552513,2.155434950523233
14.799999999999963,6,25.009646685741192,19.904495095177126,2.923944368428397,2.174491920153623
14.799999999999963,7,24.843653863094566,20.1452127356981,2.925706553175464,2.190358177775254
14.799999999999963,8,24.673759141231777,20.38341193981247,2.9283781907964257,2.203864937141634
14.899999999999963,0,25.74851156290664,18.629338872526397,2.9912027950136153,2.067704140570268
14.899999999999963,1,25.605918054267317,18.892283796743698,2.9899887195984833,2.0957225038595597
14.899999999999963,2,25.45607494053027,19.151025825963032,2.989853335426268,2.1244946329739545
14.899999999999963,3,25.298857284768886,19.405338645200708,2.9906719839974887,2.1531306244177992
14.899999999999963,4,25.134377520401213,19.655114093360968,2.992312380956993,2.180093721979634
14.899999999999963,5,24.963129842377313,19.90049883664329,2.9938391233905186,2.2041254227173743
14.899999999999963,6,24.785944938043436,20.141820742069555,2.9949179818322107,2.22435034685776
14.899999999999963,7,24.60385037962939,20.379595657614438,2.995868121551858,2.240756437792477
14.899999999999963,8,24.41782055630018,20.614425837336036,2.9964323818818457,2.2545292176267617
14.999999999999963,0,25.576305619537713,18.873916171382017,2.989988719560275,2.095533864567723
14.999999999999963,1,25.426511409515577,19.13268637908186,3.0192572903593184,2.128502505386483
14.999999999999963,2,25.266719826403097,19.38886171104531,3.0428776211177744,2.161265126598406
14.999999999999963,3,25.097307456728657,19.641627411215417,3.059670738585127,2.1927059148308325
14.999999999999963,4,24.919054628175957,19.890307492529367,3.0704410582700223,2.2214888207740633
14.999999999999963,5,24.733066486355774,20.134611594810757,3.075787332993679,2.2466658756957747
14.999999999999963,6,24.540652622436568,20.374573228293706,3.0769918896639985,2.2676282514413133
14.999999999999963,7,24.343173915997554,20.61054136334721,3.075881301903878,2.2845557556203486
14.999999999999963,8,24.14180204158864,20.843049082658805,3.073488788332508,2.2987603968909935
15.099999999999962,0,25.39258206946957,19.109810178744667,3.0192572903188477,2.1281938532012443
15.099999999999962,1,25.23286956645934,19.36603481158979,2.99527116421822,2.1479385196306455
15.099999999999962,2,25.069438125893292,19.617046260150552,2.976966805253187,2.1699520149864435
15.099999999999962,3,24.90155298942252,19.862888408673925,2.9649912719592533,2.1937569815311715
15.099999999999962,4,24.728561531223775,20.103693413082432,2.958632973967929,2.217649473915846
15.099999999999962,5,24.550248155405626,20.33979169177495,2.955965428445107,2.2399551513976244
15.099999999999962,6,24.366876272623443,20.571648141877276,2.9555949511537376,2.259345903970581
15.099999999999962,7,24.17906371849407,20.79988078193971,2.9568289215999948,2.2754239738381408
15.099999999999962,8,23.987522857005857,21.02516232027906,2.9584838115516576,2.2890878815195226
15.199999999999962,0,25.212523793761186,19.35216975384681,2.995271164180092,2.147874219542942
15.199999999999962,1,25.049108578987088,19.603191588236037,3.005975431908749,2.1766808731601204
15.199999999999962,2,24.87792138724857,19.850282444024764,3.015056030158784,2.2060747924744835
15.199999999999962,3,24.699007236288775,20.092966439188757,3.0219735626173687,2.23514782977149
15.199999999999962,4,24.512687564224727,20.330891690998648,3.026983033516752,2.2624224504184047
15.199999999999962,5,24.319629213176256,20.564033067742272,3.029775781614488,2.2867015072539756
15.199999999999962,6,24.120784673694697,20.79262955448617,3.0306749978180916,2.3071462810626633
15.199999999999962,7,23.91724811767748,21.017179791840654,3.0306083851594385,2.3237617346905237
15.199999999999962,8,23.710013436314373,21.238312467852815,3.029829345216849,2.3377388877839476
15.299999999999962,0,25.02031410734631,19.581891172867536,3.0059754318701817,2.1764762456827818
15.299999999999962,1,24.8491775601887,19.82901698199701,3.044649345685784,2.209615390792913
15.299999999999962,2,24.667641011237592,20.0734415734181,3.0753348499084536,2.2424847012621747
15.299999999999962,3,24.476260312604744,20.31417021199204,3.096521467818942,2.273980971388082
15.299999999999962,4,24.27602370184062,20.55036875919403,3.1093812786057775,2.3028275046933433
15.299999999999962,5,24.068198304648206,20.781650241425677,3.11508442876392,2.328119751674671
15.299999999999962,6,23.854198574249168,21.00801637456247,3.1155030408209967,2.3492588003144093
15.299999999999962,7,23.635432453560764,21.22983832348951,3.112996885847677,2.3664116576273377
15.299999999999962,8,23.413072838577737,21.447699972548154,3.109018349637042,2.3808641031827955
15.399999999999961,0,24.817043266003544,19.80334059860522,3.0446493456448422,2.209305205993041
15.399999999999961,1,24.635582544448198,20.047821483702233,3.027928960254819,2.2289646325243475
15.399999999999961,2,24.450373503687803,20.287365249738123,3.0148705669842997,2.2509434831065898
15.399999999999961,3,24.260765641292622,20.52176591605225,3.005861013229575,2.2747984236471854
15.399999999999961,4,24.066202949831514,20.750891446090396,3.000536199722121,2.2988388933499664
15.399999999999961,5,23.86654137224913,20.974878222339093,2.9974893422519773,2.3213753471750573
15.399999999999961,6,23.66208817542394,21.19408894759093,2.995854655301276,2.341046098072404
15.399999999999961,7,23.453472998168827,21.40912220744135,2.9954053555040776,2.357421958134286
15.399999999999961,8,23.241392416703277,21.620682806503652,2.9952982493881377,2.371380329145277
15.499999999999961,0,24.616501017864927,20.032429453722624,3.027928960216145,2.2289018596763697
15.499999999999961,1,24.43130708838808,20.271984763994357,3.0439970487927246,2.257532130474507
15.499999999999961,2,24.23831260363299,20.50738314152438,3.056724577155154,2.2868078483027006
15.499999999999961,3,24.03767470988229,20.737991778508587,3.065375430856929,2.3158578092913515
15.499999999999961,4,23.829836537030864,20.96331139434558,3.0705286475690423,2.3432218919062615
15.499999999999961,5,23.615551617284073,21.18322915115339,3.0723426785052315,2.367691929646897
15.499999999999961,6,23.395820334441595,21.39796475139333,3.07160762289367,2.3883969651086803
15.499999999999961,7,23.171744111866857,21.608054740854847,3.0696527397287636,2.4053076157435007
15.499999999999961,8,22.94429231203826,21.81419424683078,3.067000290891139,2.419586796765619
15.59999999999996,0,24.404467754168756,20.248590118735997,3.043997048751907,2.2573359515806075
15.59999999999996,1,24.21151956507964,20.48402626058803,3.0089248176261973,2.274812543872858
15.59999999999996,2,24.016756558948327,20.713381213298668,2.9815850199973246,2.29502473217399
15.59999999999996,3,23.819209116264616,20.936705430828315,2.9630003805290324,2.317577908189658
15.59999999999996,4,23.61793761228746,21.154154550225968,2.952237046640036,2.3406974652955004
15.59999999999996,5,23.412441326593537,21.366120843526808,2.9469571638217316,2.3625854017295946
15.59999999999996,6,23.202729486903642,21.573169313293583,2.945314508381359,2.3817906103885726
15.59999999999996,7,22.98919750875882,21.77604088634922,2.946169054519686,2.3978142289642106
15.59999999999996,8,22.772377627755368,21.975524618272434,2.947898856201215,2.4114751099210814
15.69999999999996,0,24.195160988168286,20.46961015964306,3.008924817587212,2.27476819130488
15.69999999999996,1,24.000408195431817,20.69897370422043,3.010420378458429,2.302641517853665
15.69999999999996,2,23.79923868594144,20.922931792155318,3.012107738009104,2.331316604340609
15.69999999999996,3,23.59161420990666,21.141152407712127,3.0137623602405315,2.3599244200062266
15.69999999999996,4,23.37771520021316,21.353461434717367,3.015421428262499,2.3869309987267826
15.69999999999996,5,23.15804035728596,21.560030643928105,3.016392714202075,2.4110646088418393
15.69999999999996,6,22.9333725269771,21.76130339288229,3.0165845812879217,2.4314275829820513
15.69999999999996,7,22.704638645538758,21.957972300507606,3.0165241258644855,2.4479875197293355
15.69999999999996,8,22.472684173262756,22.150822764793343,3.016091607970731,2.46191568158624
15.79999999999996,0,23.975316621304074,20.675048083061505,3.01042037841988,2.3024582786937415
15.79999999999996,1,23.774188281708994,20.89904294882896,3.0415472988085326,2.3352882825983663
15.79999999999996,2,23.56366136973948,21.11856179994809,3.0662829468190007,2.367944904729182
15.79999999999996,3,23.344309724744257,21.33281814359234,3.083377276641431,2.399336595623332
15.79999999999996,4,23.117081632425418,21.541239732107066,3.0937913117379017,2.4281392202175907
15.79999999999996,5,22.883158123798786,21.743712551535943,3.0983404119431954,2.4533996356200944
15.79999999999996,6,22.643843871053406,21.940501326743835,3.098519259956646,2.4744911364781865
15.79999999999996,7,22.40041853030752,22.132210272810507,3.0963313006036133,2.491573293907392
15.79999999999996,8,22.153928237433497,22.319600805078764,3.0929144594576545,2.5059397377433412
15.89999999999996,0,23.745776499493353,20.869823957227855,3.0415472987676955,2.334987584346707
15.89999999999996,1,23.535315612988516,21.08940609496303,3.0187289012860044,2.3545485604187153
15.89999999999996,2,23.322210778266264,21.303213591004,3.0009714737124713,2.376466527125758
15.89999999999996,3,23.105751712172214,21.511069717118765,2.9888744845354713,2.400282653557298
15.89999999999996,4,22.88529543334146,21.712896212161013,2.9818708778551537,2.4242775972248243
15.89999999999996,5,22.660586174896565,21.90891653996573,2.978227183982693,2.446745223465715
15.89999999999996,6,22.43180689039348,22.099608316263215,2.9767356453319023,2.466323381128924
15.89999999999996,7,22.19945099896232,22.285694572362544,2.976853885930132,2.482590630733398
15.89999999999996,8,21.964085548512326,22.467986950445436,2.9774761036552553,2.496434461528162
15.99999999999996,0,23.518395915387615,21.07183427905747,3.0187289012474823,2.354486720993818
15.99999999999996,1,23.305304393610474,21.2856548707699,3.029992926142958,2.383220991149558
15.99999999999996,2,23.085339870244983,21.494039750921424,3.0391281013795908,2.412592354527698
15.99999999999996,3,22.858669002696736,21.69648365206328,3.0455681964814714,2.441709387559259
15.99999999999996,4,22.62570775012187,21.89265756072244,3.0496996615840883,2.4690891978159986
15.99999999999996,5,22.387140110527646,22.082637641052955,3.0513830121322956,2.493516695933767
15.99999999999996,6,22.143869281756984,22.266835560788262,3.051101356909744,2.514130786937333
15.99999999999996,7,21.896876274290797,22.445963298867536,3.049907261617241,2.5309192898187423
15.99999999999996,8,21.64700886066632,22.62085084507646,3.0481075258420702,2.545063812115343
16.09999999999996,0,23.281532812935048,21.258978909275733,3.0299929261023806,2.3830213128688067
16.09999999999996,1,23.06161001711682,21.46740763912045,2.9912238574254033,2.4006289758644233
16.09999999999996,2,22.840911954093635,21.669315077220105,2.961232205279263,2.420923430580978
16.09999999999996,3,22.618415232238494,21.864723411215323,2.941173582972985,2.4434877110855666
16.09999999999996,4,22.393102292088184,22.05377317128125,2.9299322467878275,2.46654572642756
16.09999999999996,5,22.16436704699755,22.236876263096775,2.924899516843059,2.4883162751041747
16.09999999999996,6,21.932098164401268,22.41465205388717,2.923954578213,2.5073736955262182
16.09999999999996,7,21.69655794971262,22.587914871636187,2.925715864305462,2.5232403099533096
16.09999999999996,8,21.45815297968383,22.757522337622188,2.9283868364575927,2.5367473600399206
16.19999999999996,0,23.047087161149253,21.450926319069026,2.991223857386582,2.4005833298082067
16.19999999999996,1,22.8263983722861,21.652843778415487,2.990006545658427,2.4286022940100715
16.19999999999996,2,22.600231391380206,21.848419746196058,2.9898682932967224,2.457375049245761
16.19999999999996,3,22.368542078649245,22.037399528547695,2.990684549342582,2.4860116599232223
16.19999999999996,4,22.131472022283322,22.219717677297474,2.9923230351931087,2.5129753209334056
16.19999999999996,5,21.88944035173368,22.395674341121932,2.99384831318469,2.5370074938724585
16.19999999999996,6,21.643125010858128,22.565850883190976,2.9949260992342093,2.5572327880039847
16.19999999999996,7,21.39332859536629,22.731070663162082,2.995875484852047,2.5736391601924673
16.19999999999996,8,21.1407752019258,22.892221316692776,2.9964391977348095,2.5874121643745873
16.29999999999996,0,22.804412959722413,21.62580751888764,2.9900065456202127,2.42841364539375
16.29999999999996,1,22.578282992259517,21.821426100730005,3.019272150686903,2.4613829155845295
16.29999999999996,2,22.34355244570982,22.011325070190637,3.0428898772446784,2.4941461455987826
16.29999999999996,3,22.100843465270117,22.194857483880224,3.059680851084449,2.5255874956418505
16.29999999999996,4,21.851114423622676,22.37163949174962,3.0704494856931985,2.5543708886002117
16.29999999999996,5,21.59550467124378,22.5417578484806,3.0757944930260175,2.5795483393300405
16.29999999999996,6,21.33524095168086,22.705672208156997,3.076998141641306,2.60051101967191
16.29999999999996,7,21.07149539893018,22.86415712356382,3.075886931442362,2.61743875333286
16.29999999999996,8,20.80520116591824,23.018099317679443,3.0734939769364793,2.6316435770998794
16.399999999999963,0,22.55369092517646,21.788718086224215,3.019272150646443,2.4610742495170745
16.399999999999963,1,22.319019010671298,21.978689494552462,2.995283364473223,2.480819203348487
16.399999999999963,2,22.082535943251106,22.162518417101037,2.976976688330231,2.5028330588197747
16.399999999999963,3,21.843532927902523,22.340006242458074,2.964999269529531,2.5266384384145573
16.399999999999963,4,21.601349946512407,22.511064631915758,2.9586395101778766,2.5505313456979124
16.399999999999963,5,21.3556752435208,22.675935443159773,2.955970884122509,2.5728373933412154
16.399999999999963,6,21.106605840579782,22.835144161846316,2.9555996487767775,2.59222844690899
16.399999999999963,7,20.854523698507954,22.989476806110837,2.956833113020947,2.6083067498273365
16.399999999999963,8,20.599882249166726,23.1398019657005,2.958487653814981,2.6219708445095744
16.499999999999964,0,22.30432055120125,21.958936946000307,2.995283364435096,2.4807549011135706
16.499999999999964,1,22.06784942556121,22.142780986864672,3.0059852373046345,2.5095620016094
16.499999999999964,2,21.82531757246649,22.320369937434325,3.0150637681792283,2.53895637452794
16.499999999999964,3,21.57692302732437,22.49126877150273,3.0219796413874978,2.568029848836569
16.499999999999964,4,21.32308454889266,22.655249989691576,3.0269878489149398,2.5953048584525034
16.499999999999964,5,21.064440570690802,22.81250777971451,3.0297796834547297,2.6195842347374665
16.499999999999964,6,20.801813192531867,22.96357929028009,3.0306782767168925,2.640029253831475
16.499999999999964,7,20.536073572709295,23.109293366224257,3.0306112631478923,2.6566448900363766
16.499999999999964,8,20.267955599574428,23.25056898507414,3.02983195744444,2.6706221862666655
16.599999999999966,0,22.04759560727061,22.113240309331626,3.0059852372660636,2.5093573663520488
16.599999999999966,1,21.80510019850842,22.29087884551339,3.0446570133610646,2.542496965365114
16.599999999999966,2,21.553658447589733,22.46256580570435,3.075340689906784,2.5753667101267963
16.599999999999966,3,21.294120731901273,22.627542720977644,3.0965258625430803,2.6068633751500503
16.599999999999966,4,21.02769359574969,22.785344201577672,3.1093845941989455,2.635710245190502
16.599999999999966,5,20.755701043779467,22.936018610828476,3.115086983650728,2.6610027605153017
16.599999999999966,6,20.479479310973588,23.080029806026396,3.1155050945015583,2.682142010739367
16.599999999999966,7,20.20023775644021,23.218188681146138,3.1129986320955214,2.6992950156156503
16.599999999999966,8,19.91889408668325,23.35143035898897,3.1090199033262946,2.7137475755831724
16.699999999999967,0,21.783119852681793,22.256111047521614,3.0446570133201245,2.542186769930188
16.699999999999967,1,21.531731373590205,22.427875991947246,3.0279347583175573,2.5618464141458404
16.699999999999967,2,21.278413743780717,22.5937498421483,3.0148747814943837,2.583825524156155
16.699999999999967,3,21.022619453734002,22.75332537026832,3.005863993550766,2.607680751197779
16.699999999999967,4,20.76386613637645,22.90629611716291,3.0005382764561213,2.6317215012204747
16.699999999999967,5,20.501973056157524,23.05274392619296,2.997490798913067,2.654258199720992
16.699999999999967,6,20.23711207816667,23.193112019451725,2.995855719013289,2.6739291453959497
16.699999999999967,7,19.969682668247984,23.328171894031883,2.995406192264806,2.6903051529620057
16.699999999999967,8,19.700112849070685,23.45881730396006,2.995298955032122,2.7042636402000326
16.79999999999997,0,21.518726816575914,22.407093451113756,3.027934758278885,2.5617836395659292
16.79999999999997,1,21.265419696536224,22.57298315017467,3.04400120891467,2.5904142278392115
16.79999999999997,2,21.006098668332168,22.732394959306767,3.0567273645487743,2.6196902638069073
16.79999999999997,3,20.741119019445485,22.88478217643754,3.0653771667406224,2.648740526168125
16.79999999999997,4,20.471062686032475,23.029817753383032,3.070529632475579,2.6761048721233722
16.79999999999997,5,20.19667869236899,23.167641303934467,3.072343166248659,2.7005751214249605
16.79999999999997,6,19.918840702848666,23.29878739119767,3.071607812722552,2.72128031498959
16.79999999999997,7,19.638414342765643,23.424123042186665,3.069652773449727,2.738191079523679
16.79999999999997,8,19.356088608651568,23.544622001010246,3.0670002476394354,2.7524703472429133
16.89999999999997,0,21.247698160691645,22.54210217981313,3.0440012088738593,2.5902180431971344
16.89999999999997,1,20.988408547509508,22.701564809689305,3.0089275723652618,2.607694806425342
16.89999999999997,2,20.72939097322049,22.85468693375428,2.9815866102188693,2.627907197892305
16.89999999999997,3,20.46971253825529,23.001199402504078,2.9630010952284374,2.6504605962845007
16.89999999999997,4,20.208434318720776,23.14094228145872,2.9522371530262426,2.673580368606075
16.89999999999997,5,19.944954881281014,23.274122705354888,2.9469568842152603,2.6954684905433854
16.89999999999997,6,19.6790983094331,23.401277694795372,2.9453140139087033,2.7146738448143664
16.89999999999997,7,19.410996192007666,23.523236730715016,2.9461684637359147,2.730697571950854
16.89999999999997,8,19.14089370301125,23.6409194857353,2.9478982328457723,2.744358537308214
16.99999999999997,0,20.977658608045882,22.682594436009435,3.0089275723262827,2.607650452700479
16.99999999999997,1,20.71864787911761,22.83572801800897,3.0104219277203192,2.6355240380521003
16.99999999999997,2,20.45533907908242,22.981655965307546,3.0121083012901395,2.664199382444809
16.99999999999997,3,20.187804538031777,23.120052003466384,3.0137621988166425,2.6928074393359616
16.99999999999997,4,19.916271664804675,23.25081055314497,3.015420780980013,2.719814225139703
16.99999999999997,5,19.641155641638885,23.374256936469063,3.01639177657652,2.7439479979880756
16.99999999999997,6,19.363051454672046,23.491066003153243,3.0165835003563872,2.7643110905547204
16.99999999999997,7,19.082608821970155,23.602195262508303,3.016523000125308,2.7808711099656422
16.99999999999997,8,18.800370143098178,23.708663281264187,3.016090487831219,2.7947993329699004
17.099999999999973,0,20.70275172690913,22.80491638211982,3.0104219276817568,2.635340794118183
17.099999999999973,1,20.439469819588922,22.950892542622054,3.0415478267918523,2.6681710613570466
17.099999999999973,2,20.168767953871797,23.089567120951124,3.06628265221594,2.7008279336223486
17.099999999999973,3,19.891445460031605,23.220384326609366,3.083376393837745,2.7322198467169434
17.099999999999973,4,19.60858554785498,23.343113215381337,3.093790052314059,2.7610226536975047
17.099999999999973,5,19.32134166059344,23.458031977110085,3.0983389460342563,2.786283206755546
17.099999999999973,6,19.030860337308397,23.565817150484694,3.098517712243403,2.807374803689438
17.099999999999973,7,18.73815354129873,23.667457950251432,3.096329751381748,2.82445702500326
17.099999999999973,8,18.44396116864508,23.764015849981227,3.0929129472857797,2.8388235140027662
17.199999999999974,0,20.422165452699552,22.913993165542927,3.041547826751027,2.667870356230093
17.199999999999974,1,20.151505308793183,23.052749133267362,3.0187285841630804,2.687431477290615
17.199999999999974,2,19.88023338773129,23.18518342507452,3.0009704882026984,2.7093495992650576
17.199999999999974,3,19.607736133308148,23.31089692339014,2.988873037005413,2.733165881307221
17.199999999999974,4,19.333431418919027,23.42960556739049,2.9818691520831733,2.757160965778415
17.199999999999974,5,19.057004484671733,23.541436989361603,2.978225324985173,2.7796287065719696
17.199999999999974,6,18.778472161836696,23.64690238235669,2.9767337564292573,2.7992069491773135
17.199999999999974,7,18.49806451271592,23.746846331907957,2.9768520306544355,2.815474258332214
17.199999999999974,8,18.216052233576463,23.842221226769922,2.9774743100335765,2.8293181330712205
17.299999999999976,0,20.141256284062273,23.030612937653927,3.0187285841245535,2.687369636556973
17.299999999999976,1,19.869992666039344,23.16306395684432,3.029991914713329,2.7161040875723255
17.299999999999976,2,19.594009608423207,23.28813170020883,3.039126552742911,2.7454756263866704
17.299999999999976,3,19.31362971617383,23.40539310558582,3.0455662924936164,2.7745928179232693
17.299999999999976,4,19.02935361424914,23.514673156500002,3.049697562064722,2.8019727592994155
17.299999999999976,5,18.741802854472212,23.616267359388495,3.051380840633972,2.8264003560924458
17.299999999999976,6,18.451696525470872,23.710859933617286,3.0510991985641747,2.847014515065239
17.299999999999976,7,18.159729126572884,23.79944434841552,3.0499051657168783,2.8638030620519563
17.299999999999976,8,17.866430673028038,23.883082064202654,3.048105511522304,2.87794761462274
17.399999999999977,0,19.85624284974564,23.130084365892593,3.0299919146727614,2.715904405459444
17.399999999999977,1,19.58028490074789,23.25520718810234,2.991222292802588,2.7335121778942213
17.399999999999977,2,19.305725239306376,23.37391332648965,2.961230224947646,2.753806746635658
17.399999999999977,3,19.031589392659395,23.485889344190042,2.9411713443115755,2.7763711380929004
17.399999999999977,4,18.75686972815548,23.590935558087246,2.929929885919662,2.7994292512804777
17.399999999999977,5,18.48085882294979,23.689243220492337,2.9248971365030627,2.8211998776599483
17.399999999999977,6,18.203249059134905,23.781361326578036,2.9239522463960306,2.840257354328889
17.399999999999977,7,17.924022240902296,23.868145221687424,2.9257136173538436,2.8561240071852225
17.399999999999977,8,17.643282379076453,23.950538309079356,2.928384685707405,2.86963108499154
17.49999999999998,0,19.571944830078465,23.234884873947117,2.9912222927637666,2.7334665309814605
17.49999999999998,1,19.29739065915026,23.35360351419412,2.9900045476812993,2.7614856323721133
17.49999999999998,2,19.0197312578062,23.46453862941765,2.989865981931091,2.7902585188775157
17.49999999999998,3,18.739008127867095,23.567435091303523,2.9906820605297364,2.8188952457554053
17.49999999999998,4,18.45537646245372,23.66227732075729,2.9923204846368052,2.8458590006274007
17.49999999999998,5,18.169134295701376,23.749485958017722,2.993845785892165,2.8698912422209455
17.49999999999998,6,17.88073237804514,23.829831992019454,2.9949236487276867,2.890116581987792
17.49999999999998,7,17.59066019376079,23.90435585404328,2.99587313662637,2.9065229823946472
17.49999999999998,8,17.29931203570479,23.9741330693924,2.996436956676027,2.920296004935218
17.59999999999998,0,19.285446727142364,23.320867113388942,2.990004547643081,2.761296980757687
17.59999999999998,1,19.007808382697476,23.43185459899658,3.019269825743856,2.794266387048216
17.59999999999998,2,18.723910609404907,23.534626005585547,3.0428873290306298,2.827029744219104
17.59999999999998,3,18.434552794367143,23.628773208718822,3.059678195667072,2.858471203158994
17.59999999999998,4,18.140766122705244,23.714246605789977,3.070446819957514,2.8872546807987196
17.59999999999998,5,17.843599044349,23.79150050309735,3.075791885818473,2.9124321906085733
17.59999999999998,6,17.544060754341622,23.86137019226907,3.07699563352112,2.933394907559582
17.59999999999998,7,17.24300593838369,23.924970730385063,3.0758845384259272,2.9503226613027924
17.59999999999998,8,16.94102676795828,23.98344509300575,3.073491698434471,2.9645274961289516
17.69999999999998,0,18.99525426062695,23.392906022703528,3.0192698257033985,2.7939577167781833
17.69999999999998,1,18.71138823030686,23.495765051852516,2.995280807004792,2.8137027573159488
17.69999999999998,2,18.427817664577244,23.59222693546441,2.976973986709071,2.835716695416612
17.69999999999998,3,18.143937572066918,23.681872357730732,2.9649965211877163,2.8595221479123034
17.69999999999998,4,17.859153026224455,23.7644021619745,2.958636794533783,2.883415113689238
17.69999999999998,5,17.573090348186895,23.83994306282985,2.955968255290328,2.905721203326357
17.69999999999998,6,17.285669516998574,23.909023407942435,2.9555971358019475,2.9251122837286205
17.69999999999998,7,16.996994676533266,23.97251088325281,2.9568307237796576,2.9411906020301894
17.69999999999998,8,16.707210537874094,24.031374566436646,2.958485383205697,2.954854705796115
17.799999999999983,0,18.7039511608273,23.472293725116888,2.9952808069666728,2.813638454175101
17.799999999999983,1,18.420386941202487,23.56877379956056,3.005982526611726,2.842445644464685
17.799999999999983,2,18.13313868628372,23.657361678011412,3.0150609788696707,2.871840100757211
17.799999999999983,3,17.842535708385512,23.73771093173606,3.0219768544791004,2.900913645532066
17.799999999999983,4,17.54904811230618,23.809743393508576,3.026985128730977,2.9281887088314584
17.799999999999983,5,17.253215824976884,23.87385121725289,3.029777071609438,2.9524681212875263
17.799999999999983,6,16.95564028940293,23.93081070649102,3.0306757926645593,2.9729131614776456
17.799999999999983,7,16.65687399801564,23.981689877362896,3.0306089081321486,2.989528807925658
17.799999999999983,8,16.357310257576405,24.02759707363046,3.0298297228127824,3.0035061086067625
17.899999999999984,0,18.41089795171201,23.534236345274472,3.005982526573157,2.842241006918493
17.899999999999984,1,18.12366793758411,23.62288299679451,3.044654218101135,2.87538069018908
17.899999999999984,2,17.82992749855958,23.702981378014506,3.075337872145764,2.908250512994781
17.899999999999984,3,17.530728170130374,23.774092537429897,3.096523088385919,2.9397472430805345
17.899999999999984,4,17.2273623328167,23.836170900029515,3.109381914344409,2.968594161409694
17.899999999999984,5,16.92106550150846,23.889694823717317,3.115084428557717,2.993886707764326
17.899999999999984,6,16.612948980571275,23.93553934744527,3.1155026752321238,3.015025974328587
17.899999999999984,7,16.30389076370733,23.974866035544913,3.112996344273983,3.0321789850836818
17.899999999999984,8,15.994452609500062,24.008858556893394,3.1090177354262076,3.0466315455057718
17.999999999999986,0,18.11425527464818,23.58284119868128,3.044654218060195,2.8750704918531085
17.999999999999986,1,17.820539700354843,23.66303069150334,3.0279319362737915,2.8947301951181483
17.999999999999986,2,17.526925909375684,23.737022086966455,3.0148719835004916,2.9167093572527625
17.999999999999986,3,17.233029514426946,23.804251606744707,3.005861272413103,2.9405646257493423
17.999999999999986,4,16.938494766248002,23.86427199664378,3.0005356708419244,2.964605405142349
17.999999999999986,5,16.643124104209047,23.9171015521097,2.997488329603576,2.987142121371121
17.999999999999986,6,16.346935125581496,23.963215327252136,2.9958533899945845,3.00681307535214
17.999999999999986,7,16.05005326489136,24.00347300200052,2.9954039946264492,3.0231890848035947
17.999999999999986,8,15.752590996991076,24.038859132271227,2.995296875082678,3.037147570795626
18.099999999999987,0,17.815040136045752,23.639139461130526,3.027931936235117,2.8946674198859337
18.099999999999987,1,17.521431099009178,23.71314926986308,3.043998407746898,2.9232980617422424
18.099999999999987,2,17.224255069104945,23.77907162777705,3.056724624982369,2.952574145963231
18.099999999999987,3,16.92402647269391,23.83650594397475,3.065374529839577,2.981624446828767
18.099999999999987,4,16.621402166370984,23.885333286160737,3.0705271265054446,3.0089888196404013
18.099999999999987,5,16.317044432246774,23.92593036531011,3.072340803831655,3.0334590844083618
18.099999999999987,6,16.01160429392835,23.95908788858864,3.0716055920653274,3.0541642842221544
18.099999999999987,7,15.705616539148195,23.985908148258687,3.0696506821098564,3.0710750487681864
18.099999999999987,8,15.399414152053273,24.0075365775296,3.0669982703894947,3.0853543134467962
18.19999999999999,0,17.51477336927708,23.678172613840943,3.0439984077060824,2.923101875601242
18.19999999999999,1,17.21761042322749,23.74415326851548,3.0089248309853005,2.94057867938528
18.19999999999999,2,16.922776461402815,23.80423037440717,2.9815839605331815,2.9607911034987833
18.19999999999999,3,16.629477744529886,23.857844717312865,2.962998568070001,2.983344524432244
18.19999999999999,4,16.33687915153953,23.90453833415887,2.9522347676574405,3.0064643097474093
18.19999999999999,5,16.044344578608296,23.944310461103342,2.9469546462968905,3.0283524368655312
18.19999999999999,6,15.751532283760598,23.97761115561177,2.9453119168609865,3.047557790940913
18.19999999999999,7,15.458295583251749,24.005267362947244,2.9461664923610424,3.063581514789231
18.19999999999999,8,15.164565671968063,24.028228384430037,2.947896370857042,3.0772424756602668
18.29999999999999,0,17.213649553768633,23.722711487230622,3.0089248309463286,2.9405343252826173
18.29999999999999,1,16.91881831743443,23.782801659018354,3.010419277457153,2.9684079441486206
18.29999999999999,2,16.622279532826973,23.83467727595248,3.01210576614712,2.997083317171654
18.29999999999999,3,16.32420817422738,23.87805361152169,3.0137598006243933,3.0256913950015356
18.29999999999999,4,16.024853665058373,23.912905194502656,3.015418531257099,3.052698193577454
18.29999999999999,5,15.724502089245483,23.939675158600302,3.0163896751798553,3.076831971915273
18.29999999999999,6,15.423495249907704,23.959195731321927,3.0165815368960565,3.097195064586452
18.29999999999999,7,15.122134313736272,23.97258416695672,3.016521157390531,3.1137550807782555
18.29999999999999,8,14.820599069199348,23.980980356500776,3.0160887489317068,3.127683299119189
18.39999999999999,0,16.91386311656289,23.74848703556345,3.010419277418592,2.968224699187811
18.39999999999999,1,16.617333993779866,23.800417006972964,3.041545292570998,3.001054996920351
18.39999999999999,2,16.31617816574602,23.843021606014332,3.066280251124726,3.0337118966250243
18.39999999999999,3,16.01133269687324,23.876036750183935,3.0833741398798677,3.065103830698355
18.39999999999999,4,15.703896797492234,23.899598134497076,3.0937879503525867,3.093906650854218
18.39999999999999,5,15.394869686876959,23.91434558885669,3.0983369910351857,3.11916720960852
18.39999999999999,6,15.085113891488989,23.921293167952925,3.0985158907337533,3.1402588064024854
18.39999999999999,7,14.775262577281666,23.921706462092327,3.0963280446791934,3.1573410238069837
18.39999999999999,8,14.46566816689464,23.916830449901703,3.092911338213577,3.171707507228395
18.499999999999993,0,16.613037178586474,23.75988867707749,3.0415452925301674,3.000754290434819
18.499999999999993,1,16.311894186432333,23.802583831323123,3.0187261834959425,3.020315439453678
18.499999999999993,2,16.012238721716827,23.83910443278617,3.0009682325120473,3.0422335819154216
18.499999999999993,3,15.713621329088776,23.868872784559375,2.988870933948528,3.066049875434583
18.499999999999993,4,15.415584660583614,23.89143020067447,2.981867201227232,3.090044963603262
18.499999999999993,5,15.117789529146231,23.906794454434216,2.978223517541899,3.1125127024613652
18.499999999999993,6,14.820084800304505,23.91545417698127,2.9767320767337364,3.132090939855797
18.499999999999993,7,14.522411923002101,23.9182827666806,2.976850459189349,3.148358242356068
18.499999999999993,8,14.224715523036634,23.91626878469542,2.977472829692241,3.1622021102058393
18.599999999999994,0,16.30944123663054,23.778313718205936,3.0187261834574155,3.020253598368808
18.599999999999994,1,16.00978815315495,23.814852842058365,3.029989660633878,3.0489880674673797
18.599999999999994,2,15.70808732786709,23.842871834615543,3.0391244516198084,3.0783596206569177
18.599999999999994,3,15.404781899503526,23.86207627623685,3.0455643464345767,3.107476820945493
18.599999999999994,4,15.100402200655548,23.872464348165913,3.0496957661379698,3.134856765540877
18.599999999999994,5,14.795439100153013,23.87451843967144,3.0513791830149604,3.1592843610430776
18.599999999999994,6,14.490348630105727,23.86912018585062,3.0510976619869887,3.1798985157608515
18.599999999999994,7,14.185462530115931,23.857435459620728,3.049903730261891,3.1966870569452235
18.599999999999994,8,13.88093486805798,23.840640643985427,3.048104160406316,3.2108316032591766
18.699999999999996,0,16.007569891810384,23.779190652687113,3.0299896605933023,3.048788384637869
18.699999999999996,1,15.70587479867216,23.807269905390108,2.9912201930513884,3.0663961752672284
18.699999999999996,2,15.407597997106915,23.82974164350455,2.9612282818654463,3.086690754822132
18.699999999999996,3,15.111920930940453,23.845991210403405,2.941169555642286,3.109255149088692
18.699999999999996,4,14.817956533459329,23.85550062277591,2.929928243283003,3.1323132591282397
18.699999999999996,5,14.524973721841263,23.858219470438577,2.924895625864658,3.154083878918299
18.699999999999996,6,14.232502371276322,23.854566090681274,2.9239508494903292,3.173141347763059
18.699999999999996,7,13.940245785265674,23.84534292731629,2.9257123142551746,3.1890079928885933
18.699999999999996,8,13.647993990802409,23.831475581261174,2.92838346015116,3.2025150635457105
18.799999999999997,0,15.704633289146823,23.785337899633227,2.991220193012577,3.0663505281526824
18.799999999999997,1,15.40635759145826,23.807823247489573,2.9900026070160566,3.094369637590809
18.799999999999997,2,15.107690535777227,23.82193766360301,2.9898641991312496,3.1231425289134123
18.799999999999997,3,14.808754714017915,23.827453586979246,2.990680429560646,3.151779256445667
18.799999999999997,4,14.509701891088593,23.824407006544995,2.9923189942363893,3.1787430085707364
18.799999999999997,5,14.210676288541952,23.813292859593126,2.993844420315001,3.202775245196314
18.799999999999997,6,13.911851977680728,23.794987102101544,2.9949223891090826,3.2230005790019733
18.799999999999997,7,13.613351591976969,23.770632997880945,2.9958719633165476,3.239406973294884
18.799999999999997,8,13.315196331581738,23.741375872523044,2.9964358540853606,3.2531799899725127
18.9,0,15.405766612554137,23.772981019304808,2.990002606977848,3.0941809855304916
18.9,1,15.10710234475877,23.787151811731622,3.0192680460120123,3.127150397959756
18.9,2,14.805207019313265,23.79151216687918,3.042885706053249,3.159913759966387
18.9,3,14.50096950323514,23.785937579824022,3.059676720329354,3.1913552209735028
18.9,4,14.195380583032755,23.77071813104286,3.070445478730413,3.220138697741275
18.9,5,13.889282700326188,23.746625788956635,3.0757906617183384,3.245316204254185
18.9,6,13.583356702533552,23.714779765362003,3.0769945074129668,3.2662789163927455
18.9,7,13.278045990965675,23.676513190367814,3.0758834911372785,3.2832066646351388
18.9,8,12.973536740850745,23.633099798163514,3.0734907151379867,3.2974114938892307
19.0,0,15.107964626766845,23.746239043185582,3.0192680459715486,3.1268417271208797
19.0,1,14.806070669298531,23.75069258352372,2.99527918607476,3.1465867788174453
19.0,2,14.50654633642006,23.7491967059536,2.9769725183043656,3.168600722496789
19.0,3,14.208956868961126,23.741157421833883,2.9649951941064225,3.192406174554644
19.0,4,13.912837756029251,23.72609759425186,2.9586355938516844,3.216299135590961
19.0,5,13.617794427076491,23.704014875336618,2.9559671634628173,3.2386052182434266
19.0,6,13.323578607391088,23.675382460078154,2.955596133899446,3.257996291139139
19.0,7,13.030005191750552,23.641054432503488,2.956829793396026,3.274074602366513
19.0,8,12.736894283387045,23.60199395838044,2.958484510401604,3.2877386997363347
19.1,0,14.806711594821573,23.72607951637225,2.995279186036637,-3.13666284282274
19.1,1,14.507187315452448,23.72460290478683,3.005981061029911,-3.1078556501371213
19.1,2,14.206760158039978,23.714463519183155,3.0150596605430406,-3.078461193576122
19.1,3,13.905854560185483,23.695441557706744,3.021975670454064,-3.0493876512831193
19.1,4,13.604940363622577,23.66761676043382,3.0269840629959743,-3.0221125925454206
19.1,5,13.304399712675453,23.631536185361647,3.0297761063150457,-2.9978331857844798
19.1,6,13.004547362374376,23.588130053186852,3.0306749092766294,-2.9773881515284994
19.1,7,12.70555648154823,23.538588287632827,3.0306080891269955,-2.960772510725496
19.1,8,12.407436614120886,23.484086909134305,3.029828955189596,-2.9467952152501455
19.200000000000003,0,14.50950504311491,23.688860702788,3.0059810609913393,-3.1080602879674855
19.200000000000003,1,14.209075919860478,23.67878282443899,3.0446529029000278,-3.0749206042319717
19.200000000000003,2,13.905287072658766,23.65849853442044,3.0753366978271703,-3.0420507815390088
19.200000000000003,3,13.599275748847953,23.627936587545395,3.0965220407098326,-3.010554053111907
19.200000000000003,4,13.292278276131439,23.587476221573528,3.109380976605215,-2.9817071380154188
19.200000000000003,5,12.98530603293282,23.53797326341715,3.1150835828820798,-2.956414596044838
19.200000000000003,6,12.679123382468717,23.480617856539602,3.1155019036514107,-2.9352753343951967
19.200000000000003,7,12.374180557275569,23.41679470169728,3.112995630224792,-2.9181223286052895
19.200000000000003,8,12.070621691646487,23.34780605460123,3.109017066857008,-2.903669772928578
19.300000000000004,0,14.213264438937978,23.637863389555555,3.0446529028590907,-3.0752308028807587
19.300000000000004,1,13.909469318940033,23.61767333456872,3.027930764106686,-3.055571093669246
19.300000000000004,2,13.607795733252287,23.59165869312288,3.014870944077784,-3.0335919298086615
19.300000000000004,3,13.308064622798481,23.559161030951145,3.005860350905655,-3.0097366639835608
19.300000000000004,4,13.010085918181225,23.519641399263723,3.0005348504455873,-2.9856958901705997
19.300000000000004,5,12.713666927185301,23.473052532816396,2.9974875928616704,-2.9631591807452002
19.300000000000004,6,12.418669049209537,23.41984915740438,2.9958527197878553,-2.9434882334843393
19.300000000000004,7,12.124929916895754,23.360884747833875,2.9954033754977254,-2.927112230043668
19.300000000000004,8,11.832234108807574,23.297126564774047,2.9952962959707548,-2.9131537493252386
19.400000000000006,0,13.912078600342715,23.593296540141264,3.02793076406801,-3.055633869007538
19.400000000000006,1,13.61040349071716,23.56730085461845,3.043997371051147,-3.0270032283602415
19.400000000000006,2,13.307999925559924,23.53249610367569,3.056723712817308,-2.997727146736808
19.400000000000006,3,13.005484993331752,23.48867178631224,3.065373726937039,-2.9686768501567498
19.400000000000006,4,12.70351835665215,23.43593014026398,3.0705264160830783,-2.9413124826856114
19.400000000000006,5,12.402602844597155,23.374843610401676,3.072340168934632,-2.9168422235520026
19.400000000000006,6,12.103095364288542,23.306372231930247,3.0716050164705377,-2.896137029048223
19.400000000000006,7,11.80514115117596,23.231732537863284,3.0696501514744923,-2.879226269215962
19.400000000000006,8,11.508680618038458,23.152115890556267,3.0669977746278825,-2.8649470087078415
19.500000000000007,0,13.615540570162153,23.532068736750684,3.0439973710103363,-3.027199414638151
19.500000000000007,1,13.313130320965394,23.497323357734746,3.0089239208728658,-3.009722608164034
19.500000000000007,2,13.014850294249936,23.45775955368201,2.9815831658442105,-2.989510185072609
19.500000000000007,3,12.72013305940219,23.41258943988862,2.9629978735823412,-2.966956768688096
19.500000000000007,4,12.428338990225978,23.361107302075343,2.952234157011876,-2.9438369898898165
19.500000000000007,5,12.138867153608818,23.303104559079614,2.9469541033138342,-2.9219488696994915
19.500000000000007,6,11.85124750410131,23.23889489089181,2.9453114263617417,-2.9027435218994935
19.500000000000007,7,11.56507119087218,23.169211914550047,2.9461660411647834,-2.8867198032946737
19.500000000000007,8,11.279962984039601,23.094930334640175,2.9478959498377577,-2.873058846820785
19.60000000000001,0,13.3163934216036,23.47576435055858,3.008923920833894,-3.0097669623158314
19.60000000000001,1,13.018111701214398,23.436213785754095,3.010418485244614,-2.9818933472843847
19.60000000000001,2,12.720900429010833,23.388341639513982,3.012105080538592,-2.9532179791640303
19.60000000000001,3,12.425018014987707,23.331935991987258,3.0137592065176,-2.924609907219655
19.60000000000001,4,12.13070851480618,23.267054274320202,3.0154180127592687,-2.897603114753146
19.60000000000001,5,11.83809750616782,23.194208777386887,3.0163892169027466,-2.873469342071011
19.60000000000001,6,11.547236083003328,23.114297733378997,3.0165811246960086,-2.853106254197292
19.60000000000001,7,11.258043795309685,23.02847547561138,3.0165207792164406,-2.8365462419023526
19.60000000000001,8,10.970318080871678,22.937878068735863,3.016088396579404,-2.822618026809712
19.70000000000001,0,13.02464151380029,23.40216369602129,3.0104184852060536,-2.982076592287864
19.70000000000001,1,12.727421611607143,23.35434607759909,3.0415446094203897,-2.9492462992777684
19.70000000000001,2,12.428876233728053,23.29620314674275,3.0662796657836644,-2.916589404301697
19.70000000000001,3,12.129977298686702,23.227791522208243,3.083373637558354,-2.8851974751211547
19.70000000000001,4,11.831719334764326,23.14959863865207,3.0937875157693897,-2.8563946597604306
19.70000000000001,5,11.534837632193874,23.062555716516126,3.098336609671788,-2.831134105402433
19.70000000000001,6,11.239816006804931,22.96790299044475,3.098515549496673,-2.8100425123915382
19.70000000000001,7,10.946839310505382,22.867043474250792,3.0963277326155287,-2.792960298139488
19.70000000000001,8,10.65583379868918,22.76126896311838,3.092911047992156,-2.778593817401326
19.80000000000001,0,12.736604119879285,23.314638531674355,3.0415446093795637,-2.9495470057919633
19.80000000000001,1,12.438041282510174,23.256585379261274,3.018725599945122,-2.9299858565404335
19.80000000000001,2,12.142901962207212,23.19318271177262,3.000967737637905,-2.9080677160720896
19.80000000000001,3,11.850950151992485,23.123737677696326,2.988870513585632,-2.8842514266062107
19.80000000000001,4,11.56190349662349,23.04766732415426,2.9818668409537317,-2.860256343497063
19.80000000000001,5,11.275435622632479,22.964877612905916,2.9782232038675422,-2.8377886096878404
19.80000000000001,6,10.991244023505907,22.87578096496007,2.9767317976878647,-2.8182103766808417
19.80000000000001,7,10.708987963179172,22.781183699651756,2.9768502049217016,-2.801943077727392
19.80000000000001,8,10.428292076111504,22.68200201519847,2.977472593713183,-2.7880992127845596
19.900000000000013,0,12.443653737349756,23.232846050774018,3.0187255999066007,-2.930047697654081
19.900000000000013,1,12.148510615002113,23.1694616669901,3.029989167753625,-2.901313232418633
19.900000000000013,2,11.85421627851235,23.097355734053323,3.039124038844238,-2.8719416836023073
19.900000000000013,3,11.561285748529514,23.016394799235485,3.04556400023,-2.842824488096707
19.900000000000013,4,11.270220840024228,22.926750440476308,3.049695472922278,-2.8154445481746198
19.900000000000013,5,10.98132784596869,22.829038966940747,3.0513789302865533,-2.791016956797562
19.900000000000013,6,10.694749673371673,22.72424263291594,3.051097438843338,-2.770402805432164
19.900000000000013,7,10.41041887937994,22.61357171186968,3.049903527891103,-2.753614266860393
19.900000000000013,8,10.128096668322812,22.498188352626364,3.0481039731045065,-2.7394697226541735
20.000000000000014,0,12.15806746306596,23.135032337283945,3.029989167713059,-2.901512915248741
20.000000000000014,1,11.863758852842194,23.062985229529335,2.9912197818095194,-2.883905125266515
20.000000000000014,2,11.574513243027596,22.98675543242497,2.961227942224655,-2.8636105481434058
20.000000000000014,3,11.289757865264072,22.90549455253249,2.9411692748847136,-2.841046157818973
20.000000000000014,4,11.008823611923127,22.81842317551967,2.9299280088034934,-2.817988052296924
20.000000000000014,5,10.731036007497284,22.725254762825063,2.9248954262212434,-2.796217436770715
20.000000000000014,6,10.455814036216161,22.62623106398527,2.9239506748568895,-2.7771599714613497
20.000000000000014,7,10.1826150754583,22.52201352016189,2.925712156821235,-2.7612933290688275
20.000000000000014,8,9.910938221077036,22.413408307396047,2.9283833149470704,-2.7477862605756282
20.100000000000016,0,11.869752220540548,23.041851518778053,2.991219781770707,-2.8839507723908104
20.100000000000016,1,11.580503206747313,22.965634945008247,2.990002269019869,-2.8559316671394432
20.100000000000016,2,11.29361968134351,22.88137908746128,2.98986392487376,-2.827158780321275
20.100000000000016,3,11.009291867435124,22.788908936712325,2.9906802071161405,-2.798522057386251
20.100000000000016,4,10.727651439652433,22.68830809831011,2.992318811929188,-2.771558309465652
20.100000000000016,5,10.44867297280209,22.580091466667273,2.99384426770074,-2.747526076316322
20.100000000000016,6,10.172234747225914,22.46514379239218,2.9949222573675764,-2.7273007451506706
20.100000000000016,7,9.898079080840773,22.344585651416686,2.9958718455657536,-2.7108943527729545
20.100000000000016,8,9.625851752618935,22.219506422928482,2.996435746031273,-2.697121337551856
20.200000000000017,0,11.591330066330165,22.932512311210175,2.990002268981656,-2.856120319169343
20.200000000000017,1,11.30443075367982,22.848310646117625,3.0192677732799056,-2.823150911205065
20.200000000000017,2,11.017683506330798,22.753781286172686,3.042885489652237,-2.7903875534553046
20.200000000000017,3,10.731969081298935,22.649097016249936,3.059676549162131,-2.7589460963992254
20.200000000000017,4,10.448129086223318,22.534855751845164,3.070445342060909,-2.7301626230428786
20.200000000000017,5,10.166707460852283,22.412062367962122,3.0757905500783846,-2.7049851192533483
20.200000000000017,6,9.887981952788538,22.281997116525908,3.076994412939145,-2.6840224091324654
20.200000000000017,7,9.611935996154084,22.146064834224596,3.075883407810567,-2.6670946623218947
20.200000000000017,8,9.33832932832504,22.005530168673687,3.0734906392812507,-2.6528898341354905
20.30000000000002,0,11.318614766229096,22.80992560351229,3.0192677732394486,-2.8234595819888555
20.30000000000002,1,11.031838361637007,22.7154847602416,2.995278970848951,-2.8037145316661034
20.30000000000002,2,10.749245584388188,22.616195420483827,2.976972352308117,-2.781700590219735
20.30000000000002,3,10.470619640344186,22.51135413732826,2.9649950671498413,-2.757895141054317
20.30000000000002,4,10.195677433431442,22.40035817893633,2.9586354961844474,-2.7340021830155354
20.30000000000002,5,9.924046821621378,22.283076392702906,2.955967086599463,-2.711696103006342
20.30000000000002,6,9.655338534399192,22.15987486840054,2.9555960709048117,-2.6923050321732385
20.30000000000002,7,9.389098539725254,22.031500317336373,2.9568297390628606,-2.6762267224420553
20.30000000000002,8,9.124842083282667,21.89880424634029,2.9584844616187436,-2.6625626261933295
20.40000000000002,0,11.040486915951739,22.69243229217654,2.99527897081082,-2.8037788349810153
20.40000000000002,1,10.757887893728121,22.593161178259013,3.0059808962039325,-2.7749716454937556
20.40000000000002,2,10.477266287982088,22.485407809260337,3.0150595384783125,-2.7455771921826546
20.40000000000002,3,10.199095061732457,22.369103143125983,3.021975581825039,-2.716503653023238
20.40000000000002,4,9.923792208447596,22.244476072820788,3.0269839989765726,-2.6892285970083676
20.40000000000002,5,9.651540132908167,22.11216849836604,3.0297760593310983,-2.6649491923769895
20.40000000000002,6,9.382332343816906,21.97316242750149,3.0306748732460105,-2.644504159630798
20.40000000000002,7,9.115943672901793,21.82863904816204,3.03060805958142,-2.6278885198281854
20.40000000000002,8,8.851998852375171,21.679712940512886,3.029828929528082,-2.6139112250454613
20.50000000000002,0,10.771757867344292,22.560138452549467,3.005980896165368,-2.7751762832861253
20.50000000000002,1,10.491114304948853,22.452442571903067,3.044652781869656,-2.7420366028171617
20.50000000000002,2,10.21063059965132,22.334002714598288,3.075336613593521,-2.709166783182288
20.50000000000002,3,9.931404849801236,22.205123164874678,3.096521984801086,-2.677670057500954
20.50000000000002,4,9.654481590786547,22.066566336738553,3.109380941091882,-2.6488231446698247
20.50000000000002,5,9.380537022458972,21.919471563765633,3.1150835610561556,-2.6235306043929523
20.50000000000002,6,9.109904644899355,21.765213426217095,3.1155018902246465,-2.6023913438811874
20.50000000000002,7,8.842557496435607,21.6052477326998,3.1129956214030745,-2.585238338786546
20.50000000000002,8,8.578206261180133,21.440852348945164,3.1090170604968193,-2.570785783544385
20.600000000000023,0,10.508444135204936,22.415138141937284,3.0446527818287175,-2.7423468014086456
20.600000000000023,1,10.227923708284258,22.29678529674419,3.0279306807017057,-2.7226870935256633
20.600000000000023,2,9.95131164844512,22.173620865304436,3.0148708919517597,-2.7007079313770515
20.600000000000023,3,9.678653883432007,22.044964047936553,3.0058603224415608,-2.6768526674895767
20.600000000000023,4,9.409946890936233,21.910243373331046,3.0005348385922614,-2.6528118955130484
20.600000000000023,5,9.145024002328062,21.76935120506385,2.997487591739292,-2.630275187578323
20.600000000000023,6,8.883605635446166,21.62267201583205,2.9958527248487243,-2.610604241372097
20.600000000000023,7,8.62525944672498,21.470959371257266,2.9954033835621705,-2.594228238600782
20.600000000000023,8,8.369465769040145,21.315057039912464,2.9952963053036656,-2.580269758314847
20.700000000000024,0,10.238355356181785,22.274599330525973,3.027930680663035,-2.7227498688568232
20.700000000000024,1,9.96173566183592,22.151452316422752,3.0439973196880867,-2.6941192305159483
20.700000000000024,2,9.687306036914585,22.019741782498734,3.0567236877739425,-2.664843151150524
20.700000000000024,3,9.415718480086323,21.879470429548576,3.0653737214010084,-2.635792856634501
20.700000000000024,4,9.14756303347161,21.73095044097099,3.0705264238182215,-2.608428490843157
20.700000000000024,5,8.88312786555247,21.574887146219027,3.0723401848203054,-2.5839582329079605
20.700000000000024,6,8.622436580398883,21.41230450491892,3.0716050366302676,-2.5632530391389654
20.700000000000024,7,8.365228914444002,21.244399725788185,3.0696501732788857,-2.5463422796822117
20.700000000000024,8,8.111059250312229,21.072279298729576,3.0669977967027346,-2.532063019346416
20.800000000000026,0,9.978103535460544,22.119832951710013,3.043997319647278,-2.6943154167572576
20.800000000000026,1,9.70364819246465,21.98817634626895,3.0089238964555145,-2.6768386114844844
20.800000000000026,2,9.434670853156007,21.853315460918488,2.9815831632556153,-2.6566261897796366
20.800000000000026,3,9.170892694256427,21.71432024362873,2.9629978867838673,-2.63407277481408
20.800000000000026,4,8.91193980942093,21.570314710618483,2.9522341805407994,-2.61095299724576
20.800000000000026,5,8.657312413036722,21.420905364228005,2.946954132757277,-2.589064877960962
20.800000000000026,6,8.40646376253673,21.266235067956565,2.945311458456089,-2.569859530723162
20.800000000000026,7,8.15876772766646,21.106863565971636,2.9461660737722783,-2.553835812405347
20.800000000000026,8,7.913583850164204,20.94349493112551,2.947895981900264,-2.5401748560620714
20.900000000000027,0,9.713776998860723,21.968867130023963,3.0089238964165403,-2.6768829656290705
20.900000000000027,1,9.444793732665447,21.834018203694384,3.010418483196113,-2.649009352490331
20.900000000000027,2,9.179541392583424,21.69165430845331,3.0121050963169758,-2.620333986152208
20.900000000000027,3,8.9183334524046,21.541659598749078,3.0137592348084388,-2.591725915736925
20.900000000000027,4,8.661381803818529,21.384168103172552,3.015418048813614,-2.5647191244166603
20.900000000000027,5,8.408637729955299,21.21970502494046,3.016389256952289,-2.540585352460096
20.900000000000027,6,8.159856004891134,21.04913598281897,3.016581166027956,-2.520222264943158
20.900000000000027,7,7.9145833937388685,20.87352565310522,3.0165208201285227,-2.5036622527400096
20.900000000000027,8,7.672257222434314,20.69388154368187,3.016088436288819,-2.4897340376001154
21.00000000000003,0,9.462091632401055,21.80397108126642,3.010418483157558,-2.6491925974588475
21.00000000000003,1,9.196813318029239,21.661655900445773,3.0415446256340415,-2.6163623062970878
21.00000000000003,2,8.933656292528525,21.50914910067128,3.0662796962600725,-2.583705412998964
21.00000000000003,3,8.673520618936948,21.346821786474422,3.0833736776618,-2.5523134852013465
21.00000000000003,4,8.417186951189374,21.17545961639557,3.093787561413106,-2.523510670828064
21.00000000000003,5,8.165045920390124,20.996182961398745,3.0983366576774327,-2.498250117042553
21.00000000000003,6,7.917149511542584,20.810322068645235,3.098515597647096,-2.4771585242473124
21.00000000000003,7,7.6732139662377294,20.619263336046657,3.0963277795926594,-2.4600763099570195
21.00000000000003,8,7.432747468323716,20.424203546744003,3.0929110932511636,-2.445709829051351
21.10000000000003,0,9.218466977895769,21.62712871562798,3.0415446255932137,-2.6166630127612143
21.10000000000003,1,8.95526411446384,21.47470106055669,3.01872563081454,-2.5971018646416804
21.10000000000003,2,8.697044890196322,21.31833626043872,3.00096777966286,-2.5751837252220104
21.10000000000003,3,8.443812657446635,21.157302378711414,2.9888705627502947,-2.5513674366104824
21.10000000000003,4,8.195491053114063,20.99095619923022,2.98186689377002,-2.5273723540749042
21.10000000000003,5,7.951802349596803,20.81910219711137,2.978223257683356,-2.5049046205433476
21.10000000000003,6,7.712325880249137,20.642031303054793,2.9767318507210048,-2.485326387568329
21.10000000000003,7,7.476476133263063,20.46039423030515,2.976850256185057,-2.4690590884815147
21.10000000000003,8,7.243598963168492,20.274934223169538,2.9774726428629035,-2.4552152233285978
21.20000000000003,0,8.968325768163318,21.454098912599935,3.018725630776011,-2.597163705744725
21.20000000000003,1,8.71009697600288,21.29775015008522,3.0299892100680026,-2.5684292417039543
21.20000000000003,2,8.455520314629066,21.1334359750951,3.03912408957582,-2.5390576939377922
21.20000000000003,3,8.205126140703275,20.961198554334175,3.0455640559417665,-2.509940499233168
21.20000000000003,4,7.959332655302425,20.781364024977876,3.0496955306770226,-2.482560559801964
21.20000000000003,5,7.7182279460163175,20.594614950661573,3.05137898790872,-2.45813296861259
21.20000000000003,6,7.481626103748561,20.401926361516985,3.051097494937629,-2.4375188171943662
21.20000000000003,7,7.249067907013935,20.20442005343534,3.049903581758694,-2.4207302784132563
21.20000000000003,8,7.019947913736184,20.00311634653231,3.0481040245720594,-2.4065857339270513
21.300000000000033,0,8.73037966316196,21.268333750138247,3.0299892100274284,-2.5686289245043454
21.300000000000033,1,8.475770289323336,21.104070506820065,2.9912198328053545,-2.5510211353834484
21.300000000000033,2,8.227312753583954,20.937508624179788,2.9612279992979316,-2.530726558941736
21.300000000000033,3,7.984742960185224,20.767659118803294,2.9411693351153056,-2.5081621690375435
21.300000000000033,4,7.747683222477743,20.593566718923746,2.9299280697424717,-2.485104063662347
21.300000000000033,5,7.515589723518899,20.414740217509433,2.9248954861108114,-2.4633334480554483
21.300000000000033,6,7.2878343467212074,20.231218234493273,2.9239507326356717,-2.44427598251609
21.300000000000033,7,7.063688118279197,20.043448587710294,2.9257122120341714,-2.4284093398182147
21.300000000000033,8,6.842414197591546,19.852029516821524,2.9283833675617177,-2.4149022709997494
21.400000000000034,0,8.48834050749766,21.086055408859096,2.991219832766536,-2.5510667825002153
21.400000000000034,1,8.239875433656167,20.919504911323607,2.9900023262561524,-2.523047678018881
21.400000000000034,2,7.996272988680508,20.746129426021454,2.9898639861456884,-2.494274791807639
21.400000000000034,3,7.75777014122544,20.56582571013814,2.990680269984553,-2.4656380692412343
21.400000000000034,4,7.524464017948766,20.378715807003452,2.9923188743929527,-2.438674321438509
21.400000000000034,5,7.296162337527267,20.185278037202693,2.9938443283784304,-2.4146420881945554
21.400000000000034,6,7.07246095237295,19.98630880768635,2.9949223154922633,-2.3944167567901413
21.400000000000034,7,6.852750155564145,19.782782976368225,2.99587190089159,-2.3780103640964807
21.400000000000034,8,6.6363391949575785,19.575614370942397,2.9964357986424077,-2.3642373485352355
21.500000000000036,0,8.260931424752465,20.891738475982702,2.990002326217952,-2.5232363300259286
21.500000000000036,1,8.017296350721116,20.71840904937521,3.01926783464488,-2.4902669227392886
21.500000000000036,2,7.777179775241861,20.53536856849867,3.042885553305206,-2.4575035655518462
21.500000000000036,3,7.541357644433242,20.343068138090366,3.0596766130998256,-2.426062108861066
21.500000000000036,4,7.3104299842485165,20.142347862653317,3.070445404684146,-2.397278635638525
21.500000000000036,5,7.084582511349816,19.934335196734104,3.0757906103391908,-2.3721011317689698
21.500000000000036,6,6.863659378188766,19.720330871035216,3.076994470326501,-2.3511384214097797
21.500000000000036,7,6.647185869782559,19.5016571889522,3.0758834622555202,-2.334210674266629
21.500000000000036,8,6.434521664033623,19.279430863228928,3.073490690962959,-2.320005845713488
21.600000000000037,0,8.043244797708573,20.686766107985427,3.019267834604415,-2.4905755934924354
21.600000000000037,1,7.803071741012139,20.50379975684103,2.99527903462893,-2.470830543833932
21.600000000000037,2,7.568436989936026,20.317618156915252,2.9769724169729246,-2.4488166028143894
21.600000000000037,3,7.339365517058676,20.127485635994134,2.9649951310654616,-2.425011153782423
21.600000000000037,4,7.11578672208692,19.93274004259065,2.9586355580890267,-2.4011181956177454
21.600000000000037,5,6.897391749035544,19.733135819031904,2.955967145721125,-2.378812115301864
21.600000000000037,6,6.683693069742661,19.528891756266905,2.955596126940416,-2.359421044070043
21.600000000000037,7,6.47401757390172,19.32056520999983,2.956829792083181,-2.3433427339143402
21.600000000000037,8,6.267628871382952,19.108802539456278,2.9584845118750156,-2.32967863725215
21.70000000000004,0,7.81877837881759,20.48483886909888,2.995279034590806,-2.470894847140424
21.70000000000004,1,7.584131769934047,20.29867245381294,3.0059809609036265,-2.4420876580113178
21.70000000000004,2,7.354125771927781,20.10513558674895,3.015059602859311,-2.412693204919712
21.70000000000004,3,7.1292299449810965,19.904317566187544,3.021975644596255,-2.383619665788775
21.70000000000004,4,6.9097645411067035,19.696571307554642,3.02698405918469,-2.356344609620999
21.70000000000004,5,6.695692198162757,19.482563077513525,3.02977611645142,-2.3320652047004042
21.70000000000004,6,6.4866858905289195,19.263218854258582,3.0306749271561255,-2.311620171588693
21.70000000000004,7,6.282146833961517,19.039581404859028,3.0306081104685356,-2.2950045313935195
21.70000000000004,8,6.081356149976564,18.812581497080146,3.0298289776994123,-2.28102723622239
21.80000000000004,0,7.608031173164494,20.27199484005667,3.0059809608650596,-2.4422922957866584
21.80000000000004,1,7.377985638374449,20.07850513067888,3.0446528462362092,-2.409152615554989
21.80000000000004,2,7.1516019950621885,19.874913483757997,3.0753366766496057,-2.3762827960889537
21.80000000000004,3,6.9298186293393735,19.66186630521918,3.096522045560213,-2.3447860704459953
21.80000000000004,4,6.713373601672994,19.440425478432868,3.1093809988717442,-2.3159391575021586
21.80000000000004,5,6.502533691135839,19.211888753878554,3.1150836155458097,-2.290646616979748
21.80000000000004,6,6.297164918314287,18.977664230550893,3.115501941454034,-2.269507356133249
21.80000000000004,7,6.096766086970619,18.739118988547688,3.1129956696533476,-2.2523543506593118
21.80000000000004,8,5.90064619525992,18.497366203950744,3.1090171061170286,-2.2379017950307016
21.90000000000004,0,7.406554098319915,20.048911439032345,3.0446528461952784,-2.4094628141266194
21.90000000000004,1,7.180107316309856,19.845390028065758,3.027930743795399,-2.3898031066676895
21.90000000000004,2,6.958926629544424,19.63859830568999,3.0148709530075157,-2.3678239447047114
21.90000000000004,3,6.743277909569321,19.42790785329207,3.0058603807181026,-2.3439686807297893
21.90000000000004,4,6.533344567258176,19.21277742013251,3.000534893622446,-2.3199279084504276
21.90000000000004,5,6.329004255876505,18.99305081629565,2.997487643378393,-2.2973912000870635
21.90000000000004,6,6.129867107103187,18.76900004934754,2.99585277324129,-2.277720253411343
21.90000000000004,7,5.935278268665909,18.541196040154446,2.995403429055905,-2.2613442501827103
21.90000000000004,8,5.74447088281038,18.31026642600957,2.995296348273735,-2.2473857694710535
22.000000000000043,0,7.197216016064461,19.827830735884795,3.0279307437567273,-2.3898658819926064
22.000000000000043,1,6.976022422434143,19.621052979972056,3.0439973807004943,-2.36123524372152
22.000000000000043,2,6.759696973962734,19.40689745742094,3.056723746139677,-2.331959164316623
22.000000000000043,3,6.548854994639541,19.185579774427055,3.0653737766071183,-2.3029088696176627
22.000000000000043,4,6.343952123432952,18.957587784847796,3.070526475594767,-2.275544503521195
22.000000000000043,5,6.145030228982273,18.72368226313155,3.0723402331709737,-2.2510742452040438
22.000000000000043,6,5.951777020245439,18.484838670604205,3.0716050817976273,-2.2303690510261824
22.000000000000043,7,5.763555309133865,18.24210344752746,3.069650215663146,-2.2134582911677545
22.000000000000043,8,5.579582373132094,17.99637672737498,3.0669978366956236,-2.1991790304520777
22.100000000000044,0,7.001824024524216,19.596517926764058,3.0439973806596834,-2.3614314299525185
22.100000000000044,1,6.785456647589169,19.382404968333375,3.0089239548192737,-2.343954624928865
22.100000000000044,2,6.575313616079278,19.167053680250092,2.9815832185640154,-2.3237422032243833
22.100000000000044,3,6.371435326268871,18.949493955613544,2.9629979387029617,-2.3011887879986785
22.100000000000044,4,6.173754643167763,18.728775717338053,2.952234228952328,-2.278069009992502
22.100000000000044,5,5.9819278007485,18.50436375427942,2.9469541777759316,-2.2561808901946145
22.100000000000044,6,5.795391386977828,18.276214428186073,2.945311500394033,-2.236975542451977
22.100000000000044,7,5.6133707360596095,18.044652154824206,2.946166113062593,-2.2209518236790577
22.100000000000044,8,5.4350304784341805,17.810133073589746,2.947896018940752,-2.207290866931873
22.200000000000045,0,6.801339095079245,19.367465544003977,3.008923954780297,-2.343998979069967
22.200000000000045,1,6.591186554196465,19.152123621708114,3.0104185384328686,-2.316125365800927
22.200000000000045,2,6.387015793165467,18.930898428176768,3.012105148169015,-2.287449999228315
22.200000000000045,3,6.189160932171834,18.70378291118881,3.0137592831085325,-2.2588419284639265
22.200000000000045,4,5.9977784343710105,18.47097298155301,3.015418093582615,-2.2318351367216556
22.200000000000045,5,5.812650636579875,18.23294909166023,3.016389298403598,-2.207701364321995
22.200000000000045,6,5.633262916513367,17.990449208678214,3.016581204531912,-2.187338276383972
22.200000000000045,7,5.458839015748881,17.744331458711265,3.016520856141544,-2.1707782638015374
22.200000000000045,8,5.288517925391902,17.495364176318738,3.0160884702083837,-2.156850048320968
22.300000000000047,0,6.6173533660675465,19.12937840529618,3.010418538394302,-2.316308610764234
22.300000000000047,1,6.413142138221406,18.9081907643321,3.0415446773932917,-2.2834783193908983
22.300000000000047,2,6.214266064953616,18.67806415857348,3.0662797444120677,-2.2508214258514894
22.300000000000047,3,6.021454533487265,18.439643434021534,3.083373722180532,-2.219429497759842
22.300000000000047,4,5.835188613198911,18.193926213950263,3.093787602434812,-2.1906266830473253
22.300000000000047,5,5.655471387365376,17.94209901185263,3.098336695494589,-2.1653661289002555
22.300000000000047,6,5.481917302249629,17.6854360366153,3.0985156326732373,-2.1442745357478987
22.300000000000047,7,5.31380514331839,17.4251548545152,3.0963278122970745,-2.1271923211212926
22.300000000000047,8,5.150279020284165,17.16222583912798,3.0929111240253597,-2.1128258399039677
22.40000000000005,0,6.444889546166541,18.882634755492774,3.0415446773524617,-2.2837790258498054
22.40000000000005,1,6.245944289173682,18.65256797123675,3.0187256789280723,-2.2642178778390916
22.40000000000005,2,6.052995630235663,18.420408680197006,3.0009678240942126,-2.242299738335003
22.40000000000005,3,5.8662859126674824,18.18546622171018,2.988870603573578,-2.218483449440253
22.40000000000005,4,5.685953149216947,17.94710773649782,2.981866931199651,-2.1944883664934007
22.40000000000005,5,5.511798750136326,17.705057680148013,2.978223292061042,-2.172020632506304
22.40000000000005,6,5.343330074287515,17.459453551114798,2.976731882481599,-2.152442399096579
22.40000000000005,7,5.1797811185479645,17.210719013269404,2.976850285796511,-2.1361750996252735
22.40000000000005,8,5.02029077746759,16.959342754521217,2.977472670703768,-2.1223312341346965
22.50000000000005,0,6.26502107350131,18.637364958673118,3.0187256788895596,-2.2642797189392505
22.50000000000005,1,6.072058131302568,18.405217698333136,3.0299892544092275,-2.235545254688498
22.50000000000005,2,5.885149690685939,18.166735702928307,3.039124130195604,-2.206173706643082
22.50000000000005,3,5.704783214974739,17.922132129048187,3.045564093007344,-2.177056511584679
22.50000000000005,4,5.531247375762026,17.671851865781424,3.049695564474346,-2.1496765717596924
22.50000000000005,5,5.364402383594626,17.416568791042476,3.051379018822489,-2.1252489801770174
22.50000000000005,6,5.203753924381084,17.157143660050778,3.051097523418446,-2.104634828397333
22.50000000000005,7,5.04850141676663,16.894486626606067,3.049903608268779,-2.0878462892982412
22.50000000000005,8,4.89773924499311,16.629364158844943,3.0481040494742215,-2.0737017445305685
22.60000000000005,0,6.1008397762172315,18.384043919284977,3.0299892543686493,-2.235744937486456
22.60000000000005,1,5.913883775978201,18.145599370147043,2.9912198733756523,-2.2181371483946366
22.60000000000005,2,5.73349302853342,17.906992604782445,2.9612280362089827,-2.197842571798594
22.60000000000005,3,5.559741106153602,17.667202632511994,2.9411693685960607,-2.175278181563512
22.60000000000005,4,5.392583209951682,17.42520320556125,2.929928100122342,-2.15222007575755
22.60000000000005,5,5.231665888172257,17.180352379141453,2.9248955137956907,-2.130449459702228
22.60000000000005,6,5.076382885528714,16.932481403390494,2.923950758076848,-2.111391993755128
22.60000000000005,7,4.925898912550263,16.681775305854238,2.9257122356791125,-2.0955253507115716
22.60000000000005,8,4.7793220914755405,16.428558707695235,2.9283833897537432,-2.082018281598398
22.700000000000053,0,5.931650732313276,18.132680802093745,2.991219873336837,-2.2181827955099473
22.700000000000053,1,5.751249140267857,17.89408233360968,2.9900023630760657,-2.1901636907429802
22.700000000000053,2,5.577673439579998,17.650622504408965,2.98986401938369,-2.161390804184873
22.700000000000053,3,5.411181326898437,17.402281173559793,2.990680299927183,-2.1327540812184025
22.700000000000053,4,5.251824716884316,17.149205422755166,2.992318901409532,-2.1057903330039993
22.700000000000053,5,5.099265582841197,16.89178448284218,2.9938443528929053,-2.081758099376146
22.700000000000053,6,4.952861721334127,16.630638977772698,2.9949223379538354,-2.0615327676401147
22.700000000000053,7,4.811718341568499,16.366491015558662,2.995871921730932,-2.045126374670418
22.700000000000053,8,4.674883999447703,16.09997854116071,2.9964358181821424,-2.031353358873875
22.800000000000054,0,5.78022247880695,17.87472063504341,2.990002363037856,-2.190352342750328
22.800000000000054,1,5.606600889669472,17.63129367389584,3.0192678677852998,-2.1573829351327776
22.800000000000054,2,5.439477929228096,17.379838497862615,3.042885582979861,-2.1246195776085646
22.800000000000054,3,5.279439539624635,17.121035003733574,3.0596766396392363,-2.093178120572958
22.800000000000054,4,5.126778286690504,16.855873248032378,3.0704454284855442,-2.0643946470130974
22.800000000000054,5,4.981301273544257,16.58547947904868,3.0757906318355026,-2.039217142831596
22.800000000000054,6,4.842436168181969,16.311032096079536,3.076994489958926,-2.018254432198638
22.800000000000054,7,4.709302226440251,16.033625690526364,3.075883480434749,-2.0013266848211266
22.800000000000054,8,4.5809293691022255,15.754106433822095,3.0734907079899134,-1.9871218560634665
22.900000000000055,0,5.6414648333662,17.60986698249216,3.019267867744831,-2.15769160588759
22.900000000000055,1,5.474264268929948,17.35846341038672,2.995279064247646,-2.137946556188767
22.900000000000055,2,5.3133486258565155,17.105830846864034,2.9769724433085027,-2.115932615005126
22.900000000000055,3,5.158981901486522,16.85128216552138,2.9649951544687037,-2.092127165691382
22.900000000000055,4,5.011313742489971,16.59416849432241,2.958635578964402,-2.068234207183228
22.900000000000055,5,4.8701324887589585,16.33415683084039,2.955967164494907,-2.0459281265209572
22.900000000000055,6,4.734905881179733,16.07129464562045,2.955596144035419,-2.026537054980081
22.900000000000055,7,4.604815633402431,15.805888745386092,2.9568298078844277,-2.0104587445656037
22.900000000000055,8,4.478954569386021,15.538309376484332,2.958484526659765,-1.9967946476843677
23.000000000000057,0,5.4953045234684375,17.34567586071504,2.995279064209523,-2.1380108594943503
23.000000000000057,1,5.334372711649726,17.093053773477962,3.0059809871554495,-2.109203670102513
23.000000000000057,2,5.180235202367497,16.834982256563872,3.0150596260058045,-2.079809216713218
23.000000000000057,3,5.033306598750504,16.57169914431551,3.0219756650072,-2.0507356772562026
23.000000000000057,4,4.893774250002856,16.303642627214426,3.0269840772711953,-2.023460620763543
23.000000000000057,5,4.761385128995959,16.031430187614653,3.0297761326329353,-1.9991812155467172
23.000000000000057,6,4.635527580568301,15.755830108894806,3.030674941837138,-1.9787361821834468
23.000000000000057,7,4.515294946321918,15.477632249471904,3.030608124008748,-1.9621205417817225
23.000000000000057,8,4.399703664349797,15.197481373586214,3.029828990352891,-1.9481432464362236
23.10000000000006,0,5.365677575734296,17.07565026640038,3.005980987116886,-2.10940830787919
23.10000000000006,1,5.211487290364145,16.81761039896196,3.0446528692983517,-2.0762686273526536
23.10000000000006,2,5.064058883773821,16.551219747868792,3.075336696799222,-2.043398807595569
23.10000000000006,3,4.9240680021890135,16.27739587033594,3.09652206317757,-2.011902081665162
23.10000000000006,4,4.7918651977012345,15.99738353249004,3.109381014367476,-1.9830551684490927
23.10000000000006,5,4.667278538219174,15.712496418727287,3.115083629327585,-1.9577626276822835
23.10000000000006,6,4.549721274661733,15.424021548380118,3.115501953905329,-1.9366233666270944
23.10000000000006,7,4.438273003652685,15.13308717820154,3.1129956811077535,-1.9194703609788943
23.10000000000006,8,4.331916904034768,14.840519576488335,3.1090171168057705,-1.9050178052009008
23.20000000000006,0,5.248157785007612,16.79897660327665,3.044652869257411,-2.07657882592712
23.20000000000006,1,5.100646754781545,16.532631700621288,3.027930763893479,-2.0569191184056383
23.20000000000006,2,4.959181371596877,16.264916816427913,3.0148709704206693,-2.0349399562929555
23.20000000000006,3,4.824218260068843,15.995324908657723,3.005860395821518,-2.0110846920876835
23.20000000000006,4,4.696107627055673,15.723404372283106,3.0005349068130505,-1.987043919539582
23.20000000000006,5,4.574784880357662,15.44896761232843,2.9974876550425615,-1.9645072109123893
23.20000000000006,6,4.4597926699630275,15.172144306880101,2.995852783735741,-1.944836264006132
23.20000000000006,7,4.3503255325809,14.893260049327205,2.995403438685562,-1.9284602605879289
23.20000000000006,8,4.245453614877275,14.612657435939548,2.995296357246671,-1.9145017797178994
23.30000000000006,0,5.122554104083456,16.52162695620777,3.0279307638548048,-2.0569818937302493
23.30000000000006,1,4.981071958748843,16.253921054195864,3.0439973980434765,-2.0283512552312155
23.30000000000006,2,4.846601549684648,15.980833160583861,3.0567237610086577,-1.9990751755772762
23.30000000000006,3,4.719653968313304,15.702768115057266,3.0653737893730932,-1.9700248806151965
23.30000000000006,4,4.6005004247377705,15.420335879331429,3.0705264866425432,-1.942660514264232
23.30000000000006,5,4.488931890838209,15.134269145677917,3.0723402428674405,-1.9181902557212875
23.30000000000006,6,4.3843344675621925,14.845387778992002,3.0716050904745478,-1.897485061356719
23.30000000000006,7,4.285764000609406,14.554472560012888,3.0696502235985172,-1.880574301348942
23.30000000000006,8,4.1921865992101335,14.262118438077586,3.0669978440757193,-1.8662950405096834
23.400000000000063,0,5.013474473709298,16.239164071077834,3.043997398002664,-2.0285474414641333
23.400000000000063,1,4.878950529210956,15.966102704015201,3.0089239696424435,-2.0110706363651207
23.400000000000063,2,4.7507138868891,15.693904916681538,2.9815832311413093,-1.9908582145099765
23.400000000000063,3,4.629119727305783,15.421667057548802,2.962997949390705,-1.9683047990688076
23.400000000000063,4,4.514415057658467,15.148469267343245,2.9522342381144018,-1.9451850208218169
23.400000000000063,5,4.406449874303303,14.873693383466179,2.946954185753751,-1.923296900795452
23.400000000000063,6,4.304705953997019,14.597114057033144,2.94531150749129,-1.9040915528594298
23.400000000000063,7,4.208345147712269,14.318784757038754,2.946166119529601,-1.888067833932427
23.400000000000063,8,4.116428891724405,14.038863608821817,2.9478960249425903,-1.8744068770595903
23.500000000000064,0,4.8988428484138975,15.957173304348476,3.008923969603475,-2.0111149905063037
23.500000000000064,1,4.770594158287899,15.684981261278624,3.010418550950771,-1.9832413770107462
23.500000000000064,2,4.649921348513892,15.409183582448879,3.0121051586490877,-1.9545660101954623
23.500000000000064,3,4.537142501813858,15.129882783230755,3.013759291894128,-1.9259579391835653
23.500000000000064,4,4.432341474317459,14.84731514713848,3.0154181010190424,-1.8989511472113834
23.500000000000064,5,4.335155554229569,14.561863625755509,3.016389304809266,-1.874817374616399
23.500000000000064,6,4.2448572244379825,14.27405751153928,3.0165812101848157,-1.8544542865241187
23.500000000000064,7,4.160432430162421,13.98445416477118,3.0165208612664416,-1.8378942738239972
23.500000000000064,8,4.080816359815776,13.69349838948211,3.0160884749507177,-1.823966058249561
23.600000000000065,0,4.802756969373265,15.672035199495657,3.0104185509122123,-1.9834246219765959
23.600000000000065,1,4.682033643200166,15.396259788399895,3.041544687817126,-1.9505943303599418
23.600000000000065,2,4.569273578463637,15.113779495934928,3.0662797530001837,-1.917937436584861
23.600000000000065,3,4.4649554054720575,14.825442110442449,3.0833737292605634,-1.8865455082724598
23.600000000000065,4,4.369207791323545,14.532347688588505,3.0937876083315343,-1.8577426933655534
23.600000000000065,5,4.28164593293309,14.235618616373305,3.09833670050264,-1.8324821390582615
23.600000000000065,6,4.201489068640363,13.936333166116974,3.0985156370452582,-1.8113905457813169
23.600000000000065,7,4.127657711577225,13.635406393095536,3.096327816233433,-1.7943083310602503
23.600000000000065,8,4.059025867475319,13.333475721804852,3.092911127653193,-1.7799418497677115
23.700000000000067,0,4.72038918006899,15.382480807486225,3.0415446877763044,-1.9508950368229951
23.700000000000067,1,4.607544181648818,15.100034445386317,3.018725687478703,-1.931333888720513
23.700000000000067,2,4.501050359944182,14.817569955835808,3.000967831015317,-1.909415749083739
23.700000000000067,3,4.401362441780272,14.534513783280302,2.98887060917092,-1.8855994600238408
23.700000000000067,4,4.308817662993615,14.250312908368956,2.981866935772661,-1.8616043769048665
23.700000000000067,5,4.2233183752942605,13.96464201980358,2.9782232958776245,-1.839136642761777
23.700000000000067,6,4.144354051240633,13.677470087514676,2.9767318857679435,-1.8195584092247745
23.700000000000067,7,4.071062297631077,13.38894721097076,2.9768502887288975,-1.8032911096553597
23.700000000000067,8,4.002469591779777,13.099253867521561,2.9774726733919685,-1.789447244086708
23.800000000000068,0,4.630541613740968,15.091899741086676,3.018725687440176,-1.9313957298211055
23.800000000000068,1,4.524030361598667,14.809441954455396,3.0299892612859085,-1.9026612653933332
23.800000000000068,2,4.425311244194416,14.522975615103533,3.039124135628388,-1.873289717165735
23.800000000000068,3,4.334775311800978,14.232861466549423,3.0455640972821483,-1.844172521928782
23.800000000000068,4,4.2525500126127564,13.939614304404694,3.0496955678677975,-1.8167925819434694
23.800000000000068,5,4.178283027936298,13.643825334269641,3.0513790215784447,-1.7923649902289345
23.800000000000068,6,4.111225910561732,13.346146532176933,3.0510975257391797,-1.7717508383486076
23.800000000000068,7,4.050324616927142,13.047176481981598,3.0499036103087476,-1.7549622991755482
23.800000000000068,8,3.994472787224478,12.74734364756729,3.0481040513274795,-1.7408177543507355
23.90000000000007,0,4.558150962809734,14.798835513401736,3.029989261245335,-1.9028609481937975
23.90000000000007,1,4.459374660302599,14.512389023601845,2.9912198787778577,-1.885253159021003
23.90000000000007,2,4.366856211130763,14.227934550746427,2.9612280403499924,-1.8649585823124222
23.90000000000007,3,4.280998777908783,13.944531193783382,2.9411693717384777,-1.8423941919419151
23.90000000000007,4,4.202095368069286,13.661194403006581,2.929928102517364,-1.8193360859985388
23.90000000000007,5,4.130021701311728,13.377201976439247,2.924895515661812,-1.797565469821696
23.90000000000007,6,4.064259945804781,13.092196321843488,2.923950759592387,-1.7785080037778493
23.90000000000007,7,4.003960204759718,12.806079361871205,2.925712236977622,-1.762641360661615
23.90000000000007,8,3.9481734845638266,12.518866458286855,2.9283833909147132,-1.749134291491826
24.00000000000007,0,4.480387680823133,14.505985344112693,2.991219878739048,-1.88529880613672
24.00000000000007,1,4.387856271204943,14.221535168980584,2.9900023671822558,-1.8572797012155968
24.00000000000007,2,4.303364585144802,13.93472099998614,2.9898640223916324,-1.828506814501054
24.00000000000007,3,4.227162754186735,13.645608009389724,2.9906803020783275,-1.7998700913850545
24.00000000000007,4,4.1592517811726335,13.35435216880715,2.992318902932298,-1.7729063430403709
24.00000000000007,5,4.099185006763091,13.0612108848009,2.9938443539830772,-1.7488741093090063
24.00000000000007,6,4.046152680667772,12.76656085860648,2.9949223387682937,-1.728648777497044
24.00000000000007,7,3.9990731693543053,12.470792166455379,2.99587192238449,-1.7122423844740418
24.00000000000007,8,3.9568387980030355,12.174196829153713,2.9964358187412703,-1.6984693686379648
24.100000000000072,0,4.421565909146496,14.212703971972191,2.9900023671440454,-1.8574683532253493
24.100000000000072,1,4.33702011343858,13.925905871731278,3.019267870762276,-1.8244989454492178
24.100000000000072,2,4.261239577175932,13.633643831835426,3.042885585009731,-1.7917355877746477
24.100000000000072,3,4.19455590662476,13.33675189370706,3.0596766409423553,-1.7602941306043063
24.100000000000072,4,4.136922086049271,13.036261365337916,3.0704454292679833,-1.731510656932758
24.100000000000072,5,4.087787783632083,12.733173635409452,3.0757906322712785,-1.7063331526660441
24.100000000000072,6,4.0462270205652,12.428415392689093,3.0769944901847968,-1.6853704419729736
24.100000000000072,7,4.011049722426645,12.122733338922114,3.0758834805483293,-1.6684426945550679
24.100000000000072,8,3.9810625600986187,11.816610201161918,3.073490708045946,-1.654237865768656
24.200000000000074,0,4.376971762960696,13.91704791536333,3.0192678707218086,-1.8248076162076008
24.200000000000074,1,4.301101020242469,13.62480928787837,2.995279066255331,-1.8050625664320226
24.200000000000074,2,4.231571778692742,13.33346286001703,2.9769724445121355,-1.7830486251591622
24.200000000000074,3,4.168858075548358,13.042445492364198,2.9649951550664517,-1.7592431757501554
24.200000000000074,4,4.113313374401189,12.751192833477123,2.9586355791394703,-1.7353502171526771
24.200000000000074,5,4.064846449676474,12.459320997271771,2.955967164399758,-1.7130441364162807
24.200000000000074,6,4.0229387492629165,12.16670092199243,2.9555961437875515,-1.6936530648199086
24.200000000000074,7,3.986716652304124,11.873355180378027,2.956829807565515,-1.6775747543664457
24.200000000000074,8,3.9552017977848557,11.579337255715132,2.9584845263139727,-1.6639106574565594
24.300000000000075,0,4.325164834691551,13.619599050214442,2.9952790662172037,-1.8051268697382
24.300000000000075,1,4.255616888661382,13.328257240069576,3.005980988335843,-1.7763196802369046
24.300000000000075,2,4.194270974757714,13.033985327498335,3.015059626508482,-1.746925226740407
24.300000000000075,3,4.141441218855546,12.737143570534052,3.021975665010097,-1.7178516871850928
24.300000000000075,4,4.097161497877822,12.438207324793108,3.026984076936968,-1.6905766306103482
24.300000000000075,5,4.0609909001542235,12.137677493538503,3.029776132094802,-1.6662972253314428
24.300000000000075,6,4.032100296012896,11.836080313766642,3.0306749411955085,-1.6458521919254367
24.300000000000075,7,4.009374697005478,11.533866014905438,3.0306081233312305,-1.6292365514961933
24.300000000000075,8,3.991673845313265,11.231322567553171,3.0298289896743906,-1.6152592561320653
24.400000000000077,0,4.290890182043114,13.322038610185949,3.0059809882972814,-1.7765243180156325
24.400000000000077,1,4.229484047152781,13.027779364011906,3.044652869781459,-1.7433846373812345
24.400000000000077,2,4.177197376157718,12.72783733940505,3.075336696719433,-1.7105148175230727
24.400000000000077,3,4.1343688946959,12.423300504186749,3.0965220626933556,-1.6790180915041846
24.400000000000077,4,4.10092315860522,12.115459841557984,3.109381013621939,-1.650171178217256
24.400000000000077,5,4.076268401471599,11.805500737459896,3.115083628435936,-1.6248786373991364
24.400000000000077,6,4.059429525082027,11.494447826810728,3.115501952952272,-1.6037393763105936
24.400000000000077,7,4.0491679721146765,11.183066669170405,3.112995680148215,-1.5865863706427588
24.400000000000077,8,4.044252741215226,10.871805907198018,3.1090171158664743,-1.5721338148529123
24.500000000000078,0,4.2702304402339735,13.022151310991587,3.044652869740523,-1.7436948359584592
24.500000000000078,1,4.217850732100344,12.722225524480898,3.027930763799052,-1.724035128378685
24.500000000000078,2,4.171632457372749,12.422980499570318,3.0148709698680705,-1.7020559662042298
24.500000000000078,3,4.132172859894898,12.124086240103765,3.0058603949501608,-1.6782007019383536
24.500000000000078,4,4.099950492519968,11.825230369521163,3.0005349057471964,-1.6541599293373743
24.500000000000078,5,4.074965609325109,11.526214484276586,2.9974876538804365,-1.6316232206694279
24.500000000000078,6,4.056743592122329,11.227011695335303,2.995852782547585,-1.6119522737352998
24.500000000000078,7,4.044416800261924,10.92766652098168,2.9954034375149448,-1.5955762702998135
24.500000000000078,8,4.036994475551536,10.62819890204986,2.995296356113158,-1.5816177894187216
24.60000000000008,0,4.24215147378026,12.71898356359215,3.027930763760377,-1.7240979037038056
24.60000000000008,1,4.195914421971702,12.419741550407537,3.043997397476912,-1.695467265131786
24.60000000000008,2,4.158062862983609,12.117704221590405,3.0567237600753803,-1.6661911854081195
24.60000000000008,3,4.128947541809225,11.813421202058286,3.065373788195145,-1.6371408903845706
24.60000000000008,4,4.108625462940056,11.507557592320374,3.0705264853272554,-1.609776523984864
24.60000000000008,5,4.096659651192287,11.20073755854142,3.0723402414979413,-1.585306265407719
24.60000000000008,6,4.092202000892918,10.893535354376237,3.071605089108389,-1.5646010710222629
24.60000000000008,7,4.0941050523876825,10.586380377369462,3.069650222269395,-1.547690311003607
24.60000000000008,8,4.101197259875963,10.279497071898886,3.0669978427970808,-1.5334110501590117
24.70000000000008,0,4.231360304631049,12.416382840028634,3.0439973974360965,-1.6956634513662217
24.70000000000008,1,4.193449481014311,12.11435308777951,3.008923968698782,-1.6781866462224573
24.70000000000008,2,4.161198619063011,11.815194010180463,2.9815832299127356,-1.657974224322531
24.70000000000008,3,4.135238687557472,11.518167625034454,2.9629979479827964,-1.6354208088402644
24.70000000000008,4,4.116103716417335,11.222485284323781,2.9522342366185934,-1.6123010305597434
24.70000000000008,5,4.103853933639442,10.927513743474616,2.9469541842392353,-1.590412910509433
24.70000000000008,6,4.098073201692897,10.632870684539952,2.9453115060041273,-1.5712075625586033
24.70000000000008,7,4.097951910616563,10.338332759266951,2.9461661180947747,-1.555183843623778
24.70000000000008,8,4.102551349571648,10.043742718004996,2.94789602356829,-1.5415228867469783
24.800000000000082,0,4.215167649412368,12.112414091765004,3.0089239686598086,-1.6782310003639767
24.800000000000082,1,4.182903523981166,11.813256506230392,3.0104185497130307,-1.6503573868139418
24.800000000000082,2,4.158977606223563,11.5131667912258,3.0121051571972073,-1.6216820199480577
24.800000000000082,3,4.1436570183956025,11.212345774327051,3.0137592903187125,-1.5930739488934913
24.800000000000082,4,4.136943802869956,10.911044169662537,3.0154180993972886,-1.5660671568893667
24.800000000000082,5,4.1383700222110065,10.609505382897453,3.016389303198027,-1.5419333842737402
24.800000000000082,6,4.1470751402501875,10.307991919572665,3.0165812086201402,-1.5215702961705122
24.800000000000082,7,4.1619186412354345,10.006699180310905,3.0165208597658495,-1.5050102834663521
24.800000000000082,8,4.181748818972816,9.705699602583806,3.016088473517989,-1.4910820678915004
24.900000000000084,0,4.2175311066960965,11.811530976580812,3.010418549674469,-1.6505406317809999
24.900000000000084,1,4.193550169265009,11.511445799651511,3.041544686358443,-1.6177103401117008
24.900000000000084,2,4.179286295521102,11.207625968752442,3.066279751389186,-1.5850534462883301
24.900000000000084,3,4.174914808978741,10.901029133975008,3.083373727574077,-1.553661517936078
24.900000000000084,4,4.180197847832241,10.592737007683247,3.0937876066337546,-1.5248587030003264
24.900000000000084,5,4.194404971059032,10.283684619103177,3.0983366988393115,-1.4995981486755419
24.900000000000084,6,4.216445930683157,9.974635918047575,3.0985156354435555,-1.4785065553907344
24.900000000000084,7,4.245001486820542,9.6661029828181,3.0963278147044218,-1.4614243406686063
24.900000000000084,8,4.2787991666886604,9.35832030456649,3.092911126196933,-1.447057859378471
25.000000000000085,0,4.234302694133264,11.510956672244703,3.041544686317609,-1.6180110465764246
25.000000000000085,1,4.219947461808214,11.207141155280818,3.018725685861859,-1.5984498984378746
25.000000000000085,2,4.211600674716602,10.90538388036289,3.000967829298747,-1.5765317587692822
25.000000000000085,3,4.20987951771904,10.605291369018158,2.9888706074190816,-1.5527154696845078
25.000000000000085,4,4.215283423870959,10.306451159082082,2.981866934038185,-1.5287203865488708
25.000000000000085,5,4.227826407383085,10.008523889044511,2.978223294196521,-1.5062526523970572
25.000000000000085,6,4.2470361064883875,9.711313407183606,2.9767318841597596,-1.486674418857636
25.000000000000085,7,4.2720484220189405,9.414679768813869,2.976850287199304,-1.470407119289961
25.000000000000085,8,4.301884299319613,9.118475425716912,2.9774726719380196,-1.456563253724969
25.100000000000087,0,4.2443406017683385,11.206967886848677,3.018725685823341,-1.598511739538845
25.100000000000087,1,4.235975150789134,10.905211251140678,3.0299892595651876,-1.5697772750772865
25.100000000000087,2,4.236283951527914,10.602212353023003,3.039124133852768,-1.5404057268198494
25.100000000000087,3,4.2455187069318185,10.298439916106293,3.045564095504824,-1.5112885315599023
25.100000000000087,4,4.2636316489915425,9.994422121965565,3.0496955661310374,-1.4839085915597163
25.100000000000087,5,4.29009661165769,9.690602594101353,3.0513790199097004,-1.4594809998381022
25.100000000000087,6,4.3239931883285285,9.387352947450154,3.0510975241514533,-1.438866847956843
25.100000000000087,7,4.36412959907153,9.084894476059535,3.049903608803179,-1.4220783087868718
25.100000000000087,8,4.409320209779912,8.783270597551828,3.0481040498987078,-1.4079337639670062
25.200000000000088,0,4.271688530519642,10.906336653297972,3.0299892595246187,-1.5699769578786802
25.200000000000088,1,4.271936799156704,10.60333782868967,2.99121987699882,-1.5523691686800607
25.200000000000088,2,4.2774484577436604,10.304266546086716,2.961228038553303,-1.532074591951353
25.200000000000088,3,4.288911995113912,10.008365297725138,2.941169369967426,-1.5095102015681565
25.200000000000088,4,4.306926055084656,9.714799327913944,2.9299281008051876,-1.486452095619195
25.200000000000088,5,4.3316091738391584,9.422845469683374,2.9248955140285657,-1.4646814794424126
25.200000000000088,6,4.362588796941447,9.131996549286825,2.9239507580455273,-1.445624013402265
25.200000000000088,7,4.399093732384294,8.84188215262273,2.92571223551459,-1.4297573702915862
25.200000000000088,8,4.440222062863824,8.552206695460804,2.928383389528253,-1.416250301127893
25.30000000000009,0,4.293888816970815,10.604152112238772,2.991219876959997,-1.5524148157960176
25.30000000000009,1,4.299386822222324,10.305080656345062,2.9900023653838197,-1.52439571085382
25.30000000000009,2,4.313255683754416,10.006402121593249,2.9898640206068032,-1.495622824122162
25.30000000000009,3,4.335710505514074,9.708259838033939,2.9906803003414044,-1.4669861009949128
25.30000000000009,4,4.366701268436497,9.410801542740689,2.9923189012684386,-1.4400223526450144
25.30000000000009,5,4.405721720292675,9.114124556753978,2.993844352405879,-1.4159901189135549
25.30000000000009,6,4.45188346826313,8.818320299723554,2.9949223372804985,-1.395764787105035
25.30000000000009,7,4.504036791075421,8.523403988759213,2.9958719209805182,-1.3793583940874596
25.30000000000009,8,4.561039397312438,8.229289658896462,2.9964358174124315,-1.3655853782575218
25.40000000000009,0,4.334131702367452,10.307749558038736,2.9900023653456094,-1.5245843628642342
25.40000000000009,1,4.347944173874156,10.009068528515677,3.0192678689771264,-1.491614955069192
25.40000000000009,2,4.37182617789001,9.708087732755043,3.042885583263996,-1.4588515973782716
25.40000000000009,3,4.405818577021255,9.405703785530925,3.0596766392623325,-1.4274101401964034
25.40000000000009,4,4.449539935945667,9.102876016684199,3.070445427671711,-1.398626666518995
25.40000000000009,5,4.502142910097241,8.800371010577527,3.0757906307667513,-1.373449162251684
25.40000000000009,6,4.562449539179022,8.498762002209169,3.0769944887707776,-1.3524864515619637
25.40000000000009,7,4.629091079475363,8.19836582160854,3.075883479216789,-1.3355587041498254
25.40000000000009,8,4.700781970269345,7.899248751764798,3.0734907067871178,-1.321353875370132
25.500000000000092,0,4.388597147498177,10.013751842294702,3.0192678689366588,-1.491923625828466
25.500000000000092,1,4.412386246568401,9.712763696926018,2.995279064508574,-1.4721785760343076
25.500000000000092,2,4.441877178842018,9.41469098555007,2.976972442824186,-1.4501646347488313
25.500000000000092,3,4.4777019758427885,9.11915638409533,2.964995153456997,-1.426359185334395
25.500000000000092,4,4.520379110529836,8.825742023141771,2.9586355776207527,-1.402466226737646
25.500000000000092,5,4.569947807734046,8.534055280676863,2.95596716297529,-1.3801601460062451
25.500000000000092,6,4.6259601553626135,8.243804732633636,2.9555961424530133,-1.3607690744170993
25.500000000000092,7,4.68758311486498,7.954726239461392,2.956829806311109,-1.344690763971585
25.500000000000092,8,4.753874556719657,7.6665506493411355,2.9584845251292533,-1.3310266670695179
25.600000000000094,0,4.436831600483927,9.715702815065256,2.995279064470449,-1.4722428793407198
25.600000000000094,1,4.46630334614905,9.417628355847015,3.0059809866484044,-1.443435689828879
25.600000000000094,2,4.504484333874951,9.119464823945789,3.0150596248955237,-1.414041236324965
25.600000000000094,3,4.551553723705631,8.821655347551886,3.021975663485309,-1.3849676967666817
25.600000000000094,4,4.607388200871417,8.524660257062134,3.026984075507424,-1.3576926401931724
25.600000000000094,5,4.671407377858321,8.228808881359791,3.0297761307601463,-1.3334132349187169
25.600000000000094,6,4.742655682510167,7.9343276343212885,3.0306749399488906,-1.3129682015190434
25.600000000000094,7,4.819932213431201,7.64127768468869,3.0306081221615053,-1.2963525610969158
25.600000000000094,8,4.902065208372397,7.349558592482626,3.0298289885707037,-1.28237526573995
25.700000000000095,0,4.501672334395437,9.423277360623814,3.0059809866098326,-1.4436403276080783
25.700000000000095,1,4.539792268034112,9.125106121368646,3.0446528681699343,-1.4105006469659038
25.700000000000095,2,4.5883880041371174,8.824544033900095,3.075336695194392,-1.3776308271014344
25.700000000000095,3,4.647424158314156,8.522730026214447,3.0965220612632773,-1.3461341010793357
25.700000000000095,4,4.716407573345736,8.220859558642054,3.1093810122894734,-1.3172871877927708
25.700000000000095,5,4.794391619874075,7.919859572484564,3.115083627197485,-1.29199464697818
25.700000000000095,6,4.880119908793683,7.620379821277336,3.115501951798932,-1.2708553858953384
25.700000000000095,7,4.972171712843542,7.322739114884473,3.1129956790678754,-1.2537023802343512
25.700000000000095,8,5.069237004889477,7.026959212843757,3.109017114848095,-1.239249824451628
25.800000000000097,0,4.580140921170818,9.13310172770858,3.044652868128993,-1.4108108455436859
25.800000000000097,1,4.62864342139004,8.832524585176905,3.0279307622744014,-1.3911511379524466
25.800000000000097,2,4.682746663686407,8.534604204985841,3.014870968437237,-1.369171975771968
25.800000000000097,3,4.7431229383902185,8.239223867891816,3.005860393617592,-1.3453167115062379
25.800000000000097,4,4.810326602960465,7.9462447223385055,3.0005349045121994,-1.3212759389101896
25.800000000000097,5,4.884422729862804,7.655479339390624,2.9974876527370435,-1.2987392302499772
25.800000000000097,6,4.964971542140246,7.366747215106958,2.9958527814855342,-1.2790682833245595
25.800000000000097,7,5.05113848201173,7.0798069049099395,2.995403436521623,-1.2626922798976299
25.800000000000097,8,5.141980664004631,6.794353504852905,2.995296355177591,-1.2487337990245044
25.900000000000098,0,4.652669522232987,8.837401350045349,3.027930762235722,-1.3912139132777248
25.900000000000098,1,4.706754034095452,8.53947768046045,3.043997396047822,-1.3625832747025228
25.900000000000098,2,4.769677133143139,8.24165227517067,3.0567237587454583,-1.3333071949780053
25.900000000000098,3,4.841590708863963,7.9445591997744325,3.0653737869651665,-1.3042568999567554
25.900000000000098,4,4.922331301494367,7.648845670699844,3.0705264841935467,-1.2768925335620231
25.900000000000098,5,5.011281965284228,7.354958799403061,3.0723402404525277,-1.25242227499157
25.900000000000098,6,5.107453503379245,7.063164179702254,3.0716050881399504,-1.2317170806134792
25.900000000000098,7,5.209621132956795,6.773492681428716,3.0696502213650483,-1.2148063206021407
25.900000000000098,8,5.316604279841383,6.485773601750694,3.066997841946054,-1.2005270597644873
26.0000000000001,0,4.741351601077966,8.547886003246287,3.0439973960070166,-1.3627794609372312
26.0000000000001,1,4.804216213099901,8.25004839269445,3.008923967369833,-1.3453026557868206
26.0000000000001,2,4.871492026309703,7.956773373841038,2.9815832286849844,-1.3250902338856125
26.0000000000001,3,4.944016522226296,7.667569658554568,2.9629979468542835,-1.302536818407603
26.0000000000001,4,5.022552121148864,7.381866397523702,2.9522342355835125,-1.279417040135045
26.0000000000001,5,5.107362670153023,7.099084789554697,2.946954183288257,-1.2575289200942585
26.0000000000001,6,5.19817980610217,6.8187275231923525,2.9453115051253462,-1.238323572152816
26.0000000000001,7,5.294311347006644,6.540318954848559,2.9461661172753453,-1.2222998532264135
26.0000000000001,8,5.3949214980935185,6.263403724679745,2.9478960227977966,-1.208638896357045
26.1000000000001,0,4.825375744022368,8.255312687102396,3.0089239673308588,-1.3453470099284197
26.1000000000001,1,4.892638534303893,7.962034744296871,3.0104185484873796,-1.3174733963800922
26.1000000000001,2,4.968086388952948,7.670600518875229,3.0121051560735923,-1.2887980295179975
26.1000000000001,3,5.051906141810613,7.381287101311223,3.0137592892927008,-1.2601899584695473
26.1000000000001,4,5.144017797261855,7.094332109885234,3.015418098461168,-1.2331831664729962
26.1000000000001,5,5.243899568141412,6.809812680294098,3.016389302341352,-1.2090493938653717
26.1000000000001,6,5.350652379433516,6.527695710092487,3.016581207830612,-1.1886863057697363
26.1000000000001,7,5.463134474211245,6.247793186773849,3.0165208590307993,-1.1721262930723808
26.1000000000001,8,5.580233700093114,5.969797228179972,3.0160884728274366,-1.158198077503613
26.200000000000102,0,4.925929048278945,7.971719196598134,3.0104185484488157,-1.3176566413472859
26.200000000000102,1,5.0013234207142805,7.680271281347432,3.0415446852372634,-1.284826349681308
26.200000000000102,2,5.087121800757304,7.388468975572647,3.0662797503692882,-1.2521694558617886
26.200000000000102,3,5.183176955969397,7.097274648559306,3.0833737266490235,-1.2207775275144712
26.200000000000102,4,5.2889106110297295,6.807632904738507,3.093787605794366,-1.1919747125845883
26.200000000000102,5,5.4033268837483215,6.520188757602631,3.0983366980743448,-1.1667141582661562
26.200000000000102,6,5.525145740618761,6.235307958690717,3.098515634740545,-1.1456225649876535
26.200000000000102,7,5.652953031062344,5.953043387103108,3.09632781405102,-1.1285403502714635
26.200000000000102,8,5.785469511437006,5.673200855337704,3.092911125583665,-1.1141738689868188
26.300000000000104,0,5.0399986220157675,7.693125709872388,3.0415446851964325,-1.285127056146179
26.300000000000104,1,5.125709249044954,7.401297627966058,3.0187256848433672,-1.2655659080046453
26.300000000000104,2,5.216425909077687,7.113378178550718,3.0009678283784553,-1.2436477683369729
26.300000000000104,3,5.312860482897003,6.829197161127612,2.988870606589299,-1.219831479257098
26.300000000000104,4,5.415619766900741,6.548527955873858,2.9818669332889227,-1.1958363961288696
26.300000000000104,5,5.52482789915194,6.271054410336727,2.978223293516251,-1.17336866198531
26.300000000000104,6,5.64010254522327,5.996436787085181,2.976731883536204,-1.1537904284537324
26.300000000000104,7,5.7606727713763295,5.724260462124741,2.9768502866206425,-1.1375231288929366
26.300000000000104,8,5.885661483603359,5.454066061321885,2.977472671395369,-1.12367926333394
26.400000000000105,0,5.148819919051724,7.409104818951595,3.0187256848048403,-1.265627749105679
26.400000000000105,1,5.239518730897256,7.121179874856536,3.0299892586471,-1.2368932846476692
26.400000000000105,2,5.33882154579673,6.834915349433283,3.039124133029447,-1.2075217363950874
26.400000000000105,3,5.4468130843410965,6.5508364841679425,3.045564094767451,-1.178404541141424
26.400000000000105,4,5.563275606878032,6.269426856358821,3.0496955654689275,-1.1510246011482619
26.400000000000105,5,5.687566868960994,5.990933800987623,3.051379019311133,-1.1265970094336348
26.400000000000105,6,5.818695558112702,5.715407771456997,3.051097523604403,-1.1059828575587423
26.400000000000105,7,5.955463006234675,5.442668475637513,3.049903608296412,-1.0891943183943147
26.400000000000105,8,6.096734478361103,5.172369517972918,3.0481040494239497,-1.0750497735793136
26.500000000000107,0,5.2729038366967105,7.133913559799742,3.029989258606527,-1.2370929674491267
26.500000000000107,1,5.372149418451649,6.847629323772419,2.991219876176962,-1.2194851782494835
26.500000000000107,2,5.475086047327965,6.566776941114663,2.961228037821325,-1.1991906015233096
26.500000000000107,3,5.582611947640586,6.290865465837584,2.9411693693159364,-1.1766262111460164
26.500000000000107,4,5.695565673140896,6.019301585976703,2.92992810022327,-1.153568105204801
26.500000000000107,5,5.814295562143721,5.751440567703343,2.924895513504656,-1.1317974890360438
26.500000000000107,6,5.938615241200612,5.4866813395129945,2.9239507575680896,-1.11274002300312
26.500000000000107,7,6.06791689399404,5.224421819151118,2.925712235073072,-1.0968733798984913
26.500000000000107,8,6.201444703061215,4.964087929252173,2.9283833891150266,-1.0833663107399025
26.600000000000108,0,5.3926302720459836,6.855572168345644,2.991219876138138,-1.2195308253654646
26.600000000000108,1,5.4955540537282435,6.574715160409021,2.990002364653928,-1.1915117204284604
26.600000000000108,2,5.606260769244939,6.296964848910527,2.9898640199619138,-1.1627388337030795
26.600000000000108,3,5.724906878201187,6.022526985165042,2.9906802997716024,-1.1341021105830333
26.600000000000108,4,5.851396831333487,5.751524851321452,2.99231890076264,-1.1071383622404676
26.600000000000108,5,5.985220366097513,5.483884997805191,2.993844351952717,-1.0831061285157508
26.600000000000108,6,6.125507985794454,5.219403525513378,2.99492233686894,-1.0628807967129652
26.600000000000108,7,6.271168111900373,4.957719121714943,2.995871920600708,-1.0464744037000813
26.600000000000108,8,6.421149251148162,4.698377273962556,2.9964358170573706,-1.0327013878740896
26.70000000000011,0,5.52751945739012,6.588591136080467,2.990002364615721,-1.191700372438874
26.70000000000011,1,5.6381736936918765,6.310820040192438,3.019267868334374,-1.158730964649826
26.70000000000011,2,5.75909617891079,6.0341658479918685,3.042885582700987,-1.1259676069649323
26.70000000000011,3,5.890032545596829,5.759489306251735,3.059676638768873,-1.0945261497891845
26.70000000000011,4,6.030308817486028,5.487572439681177,3.0704454272367325,-1.0657426761176911
26.70000000000011,5,6.178873669133527,5.218862863302835,3.0757906303791978,-1.0405651718557678
26.70000000000011,6,6.334426489668585,4.953517421586,3.0769944884201856,-1.0196024611706924
26.70000000000011,7,6.495570143537755,4.691388287362729,3.075883478894011,-1.0026747137624554
26.70000000000011,8,6.661067983031633,4.432118022199594,3.0734907064857815,-0.9884698849861171
26.80000000000011,0,5.675064609841315,6.328530432550486,3.019267868293907,-1.1590396354090746
26.80000000000011,1,5.795901691868011,6.05183893565288,2.995279063946961,-1.1392945856155032
26.80000000000011,2,5.921174922022871,5.779766015048373,2.976972442336237,-1.1172806443328664
26.80000000000011,3,6.0516049339536035,5.512161589270615,2.9649951530326155,-1.0934751949233779
26.80000000000011,4,6.187818285674277,5.248800149749317,2.9586355772492032,-1.0695822363326233
26.80000000000011,5,6.329980345840065,4.989323445400462,2.955967162646064,-1.0472761556071946
26.80000000000011,6,6.477763019654732,4.733309685951896,2.9555961421563586,-1.0278850840232967
26.80000000000011,7,6.630465312052239,4.4802370200403265,2.956829806038651,-1.011806773582103
26.80000000000011,8,6.7872847635265865,4.229543211525779,2.9584845248752423,-0.9981426766836409
26.900000000000112,0,5.818044674755822,6.062604717198473,2.995279063908828,-1.1393588889219277
26.900000000000112,1,5.94330034271514,5.790523875092404,3.0059809861622293,-1.1105516994148088
26.900000000000112,2,6.076816255369348,5.52120476953473,3.0150596244772574,-1.0811572459161822
26.900000000000112,3,6.218616936547479,5.255124746832492,3.0219756631249624,-1.0520837063636244
26.900000000000112,4,6.368435418794419,4.992678571453938,3.0269840751945947,-1.0248086497957307
26.900000000000112,5,6.525615560805515,4.733987840144367,3.029776130484855,-1.0005292445262992
26.900000000000112,6,6.689180262359769,4.478954285171886,3.0306749397020596,-0.9800842111308021
26.900000000000112,7,6.857974558782955,4.227243298739218,3.0306081219354937,-0.9634685707120229
26.900000000000112,8,7.030923833811825,3.9783770578208295,3.02982898836036,-0.9494912753578311
27.000000000000114,0,5.974881784918173,5.8074202975687665,3.0059809861236673,-1.1107563371939806
27.000000000000114,1,6.108342513650463,5.538073957113724,3.0446528677534053,-1.077616656557062
27.000000000000114,2,6.252485221471297,5.269891195274851,3.0753366948400203,-1.04474683669772
27.000000000000114,3,6.406904298894139,5.003936854754992,3.0965220609613127,-1.013250110680631
27.000000000000114,4,6.570743020484318,4.741179620733198,3.1093810120299357,-0.9844031973987315
27.000000000000114,5,6.742803826510006,4.4821862188995025,3.1150836269709714,-0.9591106565882371
27.000000000000114,6,6.921686978763099,4.227160183502892,3.115501951597068,-0.9379713955088004
27.000000000000114,7,7.105945564889273,3.9759385718587343,3.1129956788837356,-0.9208183898505747
27.000000000000114,8,7.29433436280391,3.728113871354504,3.1090171146770915,-0.9063658340701634
27.100000000000115,0,6.143863457312488,5.558815367179479,3.0446528677124594,-1.0779268551347867
27.100000000000115,1,6.287922967082145,5.2905879100474555,3.027930761921202,-1.05826714754467
27.100000000000115,2,6.436407609514617,5.0267015240772,3.0148709681401558,-1.0362879853668046
27.100000000000115,3,6.5899909091581925,4.767265581807144,3.0058603933673362,-1.01243272110503
27.100000000000115,4,6.749242163924656,4.512330001510712,3.0005349042993883,-0.9883919485135152
27.100000000000115,5,6.9142841202161325,4.261738907108961,2.997487652552996,-0.9658552398576673
27.100000000000115,6,7.084760126409279,4.015177997688859,2.9958527813226334,-0.9461842929359806
27.100000000000115,7,7.25996033556979,3.772146374554874,2.995403436373657,-0.9298082895120441
27.100000000000115,8,7.439093256463898,3.532047765070235,2.9952963550405194,-0.9158498086413684
27.200000000000117,0,6.309036547341231,5.3030479696730515,3.0279307618825255,-1.0583299228699476
27.200000000000117,1,6.457504562443418,5.0391523543390955,3.0439973957521422,-1.0296992842987858
27.200000000000117,2,6.614293850704742,4.7782377945723855,3.056723758500338,-1.0004232045786114
27.200000000000117,3,6.779340769818929,4.520953181162912,3.065373786761751,-0.971372909561871
27.200000000000117,4,6.952279342383146,4.267856787109128,3.0705264840230226,-0.9440085431714058
27.200000000000117,5,7.132380387944437,4.019169579785298,3.072340240306863,-0.9195382846046382
27.200000000000117,6,7.318622224617614,3.7748193330296416,3.071605088012213,-0.8988330902295
27.200000000000117,7,7.509837218076044,3.534434999691576,3.0696502212497077,-0.8819223302204409
27.200000000000117,8,7.704965383666612,3.297469471577683,3.0669978418395734,-0.8676430693846184
27.300000000000118,0,6.487455268929452,5.058404541586619,3.043997395711325,-1.0298954705334522
27.300000000000118,1,6.644193269190274,4.797459334770979,3.0089239671256944,-1.012418665384434
27.300000000000118,2,6.803609394450153,4.542267699487002,2.9815832284858192,-0.992206243485836
27.300000000000118,3,6.9666556899852345,4.292638981299678,2.9629979466918184,-0.9696528280114398
27.300000000000118,4,7.13423925863313,4.048282804436066,2.9522342354496174,-0.9465330497428152
27.300000000000118,5,7.306798598183725,3.8087383589695114,2.946954183175603,-0.9246449297056696
27.300000000000118,6,7.48424258408765,3.573447940881431,2.9453115050277168,-0.9054395817672268
27.300000000000118,7,7.666072458545767,3.3417358332290426,2.946166117187863,-0.8894158628431467
27.300000000000118,8,7.851647106640913,3.1128985609581106,2.947896022717396,-0.875754905975625
27.40000000000012,0,6.662471010064708,4.80934894085888,3.0089239670867163,-1.0124630195260247
27.40000000000012,1,6.821875782764558,4.554150286633515,3.0104185482893566,-0.9845894059816552
27.40000000000012,2,6.988413819877761,4.303368770766054,3.0121051559154743,-0.955914039123712
27.40000000000012,3,7.162171153922146,4.057327324241426,3.013759289166745,-0.9273059680793975
27.40000000000012,4,7.342994534193631,3.816224380846179,3.0154180983598575,-0.9002991760865815
27.40000000000012,5,7.5303656119851174,3.5799623374070166,3.0163893022580233,-0.8761654034820315
27.40000000000012,6,7.723445484904136,3.3482161178843355,3.016581207759692,-0.8558023153887307
27.40000000000012,7,7.921216510912932,3.120434938958409,3.016520858968006,-0.8392423026930786
27.40000000000012,8,8.122728197156816,2.895964401916154,3.016088472770142,-0.8253140871256142
27.50000000000012,0,6.850174187480412,4.574181443047943,3.010418548250793,-0.9847726509487924
27.50000000000012,1,7.016666151772391,4.323369512484225,3.0415446850801904,-0.9519423592870032
27.50000000000012,2,7.193106788168082,4.0756223641814,3.0662797502473507,-0.9192854654714877
27.50000000000012,3,7.379042473256422,3.8318014259279187,3.0833737265550294,-0.8878935371278481
27.50000000000012,4,7.573618008350985,3.5926104839739406,3.093787605721423,-0.859090722201113
27.50000000000012,5,7.775681410242699,3.3583337185939306,3.098336698016422,-0.8338301678851767
27.50000000000012,6,7.983903397656046,3.128898526367541,3.0985156346927,-0.812738574608519
27.50000000000012,7,8.196930172094511,2.9038927814776487,3.096327814009518,-0.7956563598936397
27.50000000000012,8,8.413616170096883,2.6827149380508644,3.0929111255462707,-0.7812898786099778
27.600000000000122,0,7.049017792039108,4.348156180272531,3.0415446850393573,-0.9522430657517932
27.600000000000122,1,7.225383915589344,4.1003559957909745,3.018725684722182,-0.9326819176119534
27.600000000000122,2,7.405204036276637,3.857885696686566,3.000967828287802,-0.9107637779465523
27.600000000000122,3,7.589206571812388,3.620817047130569,2.9888706065226014,-0.8869474888693581
27.600000000000122,4,7.778039060394,3.3891341507423904,2.981866933239945,-0.8629524057438087
27.600000000000122,5,7.97192213453932,3.162578775216275,2.9782232934796147,-0.8404846716025801
27.600000000000122,6,8.170605464518346,2.9407048979493373,2.9767318835075707,-0.8209064380728188
27.600000000000122,7,8.373495924573245,2.7228687381397627,2.976850286596809,-0.8046391385133529
27.600000000000122,8,8.57991467946978,2.508349531458981,2.9774726713744606,-0.790795272955364
27.700000000000124,0,7.244674743119781,4.115286477107231,3.0187256846836585,-0.9327437587129681
27.700000000000124,1,7.424479790912958,3.8728051527067087,3.029989258557242,-0.9040092942579553
27.700000000000124,2,7.611873940224817,3.6347046269597834,3.039124132965967,-0.8746377460083832
27.700000000000124,3,7.806765627625373,3.401508991782127,3.045564094724356,-0.8455205507575788
27.700000000000124,4,8.008791047945895,3.1736041271543174,3.0496955654405946,-0.8181406107668892
27.700000000000124,5,8.217262391806688,2.9510139240740694,3.0513790192927703,-0.7937130190542006
27.700000000000124,6,8.431226279284179,2.7334621350169437,3.051097523592226,-0.7730988671806985
27.700000000000124,7,8.649608758583852,2.520386676354766,3.0499036082876843,-0.7563103280172139
27.700000000000124,8,8.871450578988227,2.3110893709003095,3.048104049417117,-0.742165783202885
27.800000000000125,0,7.45187119681636,3.8957490604786416,3.029989258516667,-0.9042089770593615
27.800000000000125,1,7.6392176956967175,3.657611204085815,2.9912198761140782,-0.8866011878611917
27.800000000000125,2,7.828277650494821,3.425813137016863,2.9612280377809252,-0.8663066111368787
27.800000000000125,3,8.020060402936913,3.2001843771236698,2.941169369292616,-0.8437422207616762
27.800000000000125,4,8.215552350003794,2.9804381972248724,2.9299281002120146,-0.8206841148224673
27.800000000000125,5,8.415293387293605,2.7660790834116407,2.9248955135012618,-0.7989134986553921
27.800000000000125,6,8.61930378470576,2.5564780594153493,2.923950757569297,-0.7798560326237316
27.800000000000125,7,8.827205835134457,2.3508674787946617,2.925712235076581,-0.7639893895199887
27.800000000000125,8,9.03847280385914,2.148457800295083,2.9283833891195714,-0.7504823203620454
27.900000000000126,0,7.6559787460188025,3.6718105468835676,2.991219876075255,-0.8866468349771566
27.900000000000126,1,7.8450280702866095,3.4400039103674076,2.9900023646141296,-0.858627730042672
27.900000000000126,2,8.040417900109967,3.213676654392371,2.989864019941132,-0.8298548433197672
27.900000000000126,3,8.24222887269942,2.993074361637098,2.9906802997649855,-0.8012181202019947
27.900000000000126,4,8.450330399161324,2.778282323900558,2.9923189007657287,-0.774254371861316
27.900000000000126,5,8.664264229509651,2.5690643851868398,2.9938443519618305,-0.7502221381380116
27.900000000000126,6,8.883275227166804,2.364943714181556,2.9949223368812805,-0.7299968063361791
27.900000000000126,7,9.106449803221679,2.165222137650604,2.9958719206143654,-0.7135904133238928
27.900000000000126,8,9.332942708370979,1.96912649760842,2.9964358170713368,-0.6998173974982906
28.000000000000128,0,7.870704443798524,3.463563485388245,2.9900023645759157,-0.8588163820530331
28.000000000000128,1,8.066051467028585,3.237199437370335,3.019267868314098,-0.8258469742665258
28.000000000000128,2,8.27073808140976,3.0152463355997545,3.042885582696579,-0.7930836165839965
28.000000000000128,3,8.484242617010494,2.798434555521064,3.059676638776005,-0.7616421594103047
28.000000000000128,4,8.705672553996735,2.5872829564568303,3.0704454272514723,-0.7328586857404362
28.000000000000128,5,8.933888013432949,2.3818710394274305,3.0757906303983624,-0.7076811814796666
28.000000000000128,6,9.167608530871256,2.1819220380649194,3.076994488441406,-0.6867184707953167
28.000000000000128,7,9.405561973579447,1.98683969828097,3.0758834789157246,-0.669790723387484
28.000000000000128,8,9.64669638119287,1.7958821041895539,3.0734907065072044,-0.6555858946113684
28.10000000000013,0,8.095129988927031,3.265992444433998,3.019267868273632,-0.8261556450257037
28.10000000000013,1,8.29974807847822,3.043976178644116,2.9952790639429594,-0.806410595233492
28.10000000000013,2,8.507049576388363,2.8277745475595353,2.9769724423452444,-0.7843966539522917
28.10000000000013,3,8.717764598438032,2.617481190100908,2.964995153050812,-0.7605912045441995
28.10000000000013,4,8.932558996480793,2.4130877176409653,2.958635577273162,-0.7366982459546418
28.10000000000013,5,9.151706126798945,2.214309583217039,2.9559671626730637,-0.7143921652301118
28.10000000000013,6,9.375033734159285,2.020640939655146,2.9555961421844295,-0.6950010936468041
28.10000000000013,7,9.602049830807236,1.831359519015308,2.956829806066536,-0.678922783205955
28.10000000000013,8,9.832179731088631,1.6456717300081074,2.958484524902356,-0.6652586863076939
28.20000000000013,0,8.317157562369093,3.0613866241877608,2.9952790639048334,-0.806474898539898
28.20000000000013,1,8.52444505068964,2.845171767661837,3.005980986171611,-0.7776677090344865
28.20000000000013,2,8.738636875470357,2.634266239645367,3.0150596244971357,-0.748273255537467
28.20000000000013,3,8.959600231798653,2.4291291956354497,3.021975663151983,-0.7191997159863025
28.20000000000013,4,9.18695381049195,2.2300464920909637,3.0269840752257933,-0.691924659419489
28.20000000000013,5,9.420037755686426,2.036918643237994,3.0297761305179156,-0.667645254150788
28.20000000000013,6,9.657960717130077,1.8493334887712218,3.0306749397353605,-0.6472002207557125
28.20000000000013,7,9.899740473043018,1.6665973816970783,3.030608121968054,-0.6305845803371266
28.20000000000013,8,10.144517537687614,1.4879075772094517,3.029828988391764,-0.6166072849830013
28.300000000000132,0,8.548771549176479,2.8714605115523915,3.0059809861330375,-0.7778723468136122
28.300000000000132,1,8.762920118967651,2.660511211275863,3.0446528677735634,-0.7447326661783241
28.300000000000132,2,8.986784045928477,2.4541521645337436,3.0753366948684326,-0.7118628463204784
28.300000000000132,3,9.219632028254932,2.253257217256052,3.0965220609950723,-0.6803661203046458
28.300000000000132,4,9.460337834112064,2.0584619253421117,3.109381012066497,-0.6515192070236842
28.300000000000132,5,9.707584456174153,1.8699105767795485,3.115083627008403,-0.626226666213787
28.300000000000132,6,9.959982487540978,1.6873381400466088,3.11550195163406,-0.6050874051346526
28.300000000000132,7,10.216217690531224,1.51011780975359,3.112995678919546,-0.5879343994765134
28.300000000000132,8,10.475246363847212,1.3374575428647022,3.1090171147114516,-0.5734818436960726
28.400000000000134,0,8.789713428743966,2.6917211789340296,3.0446528677326246,-0.7450428647559946
28.400000000000134,1,9.013513329987624,2.4852927038656434,3.027930761949864,-0.7253831571668892
28.400000000000134,2,9.240076909197558,2.284412992804455,3.014870968175113,-0.7034039949899722
28.400000000000134,3,9.470004977363033,2.0894055018130953,3.005860393406091,-0.6795487307290045
28.400000000000134,4,9.703819268348752,1.9005034383544395,3.0005349043397933,-0.6555079581380854
28.400000000000134,5,9.941686725889394,1.7175995931910382,2.997487652593449,-0.6329712494826016
28.400000000000134,6,10.18337298128024,1.5402803762425872,2.995852781362088,-0.6133003025610763
28.400000000000134,7,10.428370834127382,1.3678404294910056,2.9954034364115887,-0.5969242991371558
28.400000000000134,8,10.676127087041124,1.1994575777247416,2.995296355076781,-0.5829658182664207
28.500000000000135,0,9.029396282128126,2.5039680402340156,3.027930761911183,-0.7254459324921506
28.500000000000135,1,9.255947162663414,2.303074173151887,3.0439973957872875,-0.6968152939220534
28.500000000000135,2,9.48938839100911,2.107716856108722,3.0567237585400724,-0.6675392142028415
28.500000000000135,3,9.729447780496754,1.9184885619041245,3.0653737868039492,-0.6384889191868772
28.500000000000135,4,9.97559701756754,1.7357973260562447,3.0705264840658915,-0.6111245527969469
28.500000000000135,5,10.227074745429938,1.5596137113510302,3.0723402403491042,-0.5866542942304718
28.500000000000135,6,10.482938969923193,1.3895356015190719,3.071605088053033,-0.565949099855423
28.500000000000135,7,10.742207402419297,1.2248307705297403,3.0696502212887458,-0.5490383398463131
28.500000000000135,8,11.004057025890088,1.0646357730683371,3.0669978418767903,-0.53475907901037
28.600000000000136,0,9.277962653127538,2.3310564838562717,3.0439973957464748,-0.6970114801566833
28.600000000000136,1,9.511365423523056,2.135653442785832,3.0089239671656003,-0.6795346750084148
28.600000000000136,2,9.745419205352796,1.9465632555064645,2.981583228528865,-0.6593222531104457
28.600000000000136,3,9.981086080455036,1.763916833659065,2.9629979467362078,-0.6367688376365008
28.600000000000136,4,10.219318241342224,1.5877361560187202,2.952234235493859,-0.6136490593681339
28.600000000000136,5,10.460680692858482,1.4177289972850757,2.9469541832186747,-0.591760939331071
28.600000000000136,6,10.705269553811135,1.253338492456002,2.945311505069035,-0.5725555913925853
28.600000000000136,7,10.952834250333655,1.0937630397186728,2.9461661172272198,-0.5565318724683848
28.600000000000136,8,11.20299873681538,0.9381282849184999,2.9478960227548363,-0.5428709156007112
28.700000000000138,0,9.524754620009109,2.152862973918772,3.008923967126621,-0.6795790291499892
28.700000000000138,1,9.758799966070185,1.9637624433341132,3.0104185483325043,-0.6517054156063324
28.700000000000138,2,9.99814359942357,1.7811675045157978,3.012105155960504,-0.623030048748993
28.700000000000138,3,10.242761305559803,1.6054114736392244,3.01375928921217,-0.5944219777051105
28.700000000000138,4,10.492443404425682,1.4366318135041218,3.015418098404483,-0.5674151857125362
28.700000000000138,5,10.746731896444253,1.2745668981386888,3.016389302301049,-0.5432814131080543
28.700000000000138,6,11.004940156829495,1.1186353687390689,3.016581207800717,-0.5229183250146949
28.700000000000138,7,11.266286387644254,0.9679841429131362,3.0165208590069574,-0.5063583123189042
28.700000000000138,8,11.530086112312077,0.8216841533012362,3.01608847280713,-0.4924300967512661
28.80000000000014,0,9.778999315934755,1.9919410380781652,3.0104185482939387,-0.6518886605734436
28.80000000000014,1,10.01830934429819,1.809302298994399,3.041544685125281,-0.6190583689123017
28.80000000000014,2,10.266020422142317,1.6328110256126513,3.0662797502932575,-0.5864014750973514
28.80000000000014,3,10.521422339419509,1.4631331261265657,3.0833737266005423,-0.5550095467541294
28.80000000000014,4,10.783476868267737,1.3006542983270646,3.0937876057656006,-0.5262067318276314
28.80000000000014,5,11.05100240329007,1.1452666884776415,3.0983366980586773,-0.5009461775117572
28.80000000000014,6,11.322766360227252,0.9964673094910641,3.098515634732787,-0.4798545842350267
28.80000000000014,7,11.597623929251242,0.8534242788540298,3.0963278140474704,-0.46277236951998785
28.80000000000014,8,11.874689001074453,0.7151947373978869,3.0929111255822566,-0.4484058882361257
28.90000000000014,0,10.040785464077228,1.8432998219572316,3.041544685084453,-0.6193590753770586
28.90000000000014,1,10.288443450177379,1.6667340753110824,3.0187256847681705,-0.5997979272377874
28.90000000000014,2,10.537624175422035,1.4963342868104499,3.0009678283337458,-0.577879787572795
28.90000000000014,3,10.788992619829806,1.3324063061462235,2.9888706065675352,-0.554063498495811
28.90000000000014,4,11.043165968720512,1.175146705679036,2.9818669332831345,-0.5300684153702893
28.90000000000014,5,11.30043712532578,1.0243835251561357,2.978223293520651,-0.5076006812289515
28.90000000000014,6,11.560715248877834,0.8796134266285429,2.976731883546342,-0.4880224476990023
28.90000000000014,7,11.823650142212347,0.7400341546310321,2.976850286633428,-0.47175514813931174
28.90000000000014,8,12.088835759718002,0.6047426889788085,2.9774726714091333,-0.4579112825810922
29.000000000000142,0,10.301796451825709,1.6871485957827743,3.0187256847296444,-0.5998597683387861
29.000000000000142,1,10.550966534356299,1.51673346186171,3.029989258603208,-0.5711253038841533
29.000000000000142,2,10.805877592320169,1.3529385288272446,3.0391241330111782,-0.5417537556348676
29.000000000000142,3,11.066271831221588,1.19622919779225,3.0455640947680536,-0.5126365603842115
29.000000000000142,4,11.331679323364316,1.04685128478681,3.049695565482244,-0.485256620393532
29.000000000000142,5,11.601442210576604,0.9046026137776884,3.0513790193321073,-0.4608290286807417
29.000000000000142,6,11.874749719217832,0.7689105661508454,3.051097523629249,-0.4402148768070658
29.000000000000142,7,12.15077052538403,0.6388929792066091,3.0499036083225777,-0.42342633764337045
29.000000000000142,8,12.428826180903018,0.5135765485725067,3.0481040494501217,-0.4092817928288194
29.100000000000144,0,10.569356876213206,1.547368529146816,3.0299892585626367,-0.5713249866855346
29.100000000000144,1,10.824235098106787,1.3835227440403055,2.9912198761593194,-0.5537171974877528
29.100000000000144,2,11.07866106052934,1.226228624464294,2.961228037824851,-0.5334226207636507
29.100000000000144,3,11.333644404716868,1.0756548697301578,2.941169369334654,-0.5108582303884615
29.100000000000144,4,11.590211072133318,0.9318528178623373,2.929928100251799,-0.4878001244491127
29.100000000000144,5,11.849033239306376,0.7945305784596359,2.9248955135386527,-0.4660295082818058
29.100000000000144,6,12.11033559400542,0.6631003272102172,2.923950757604369,-0.4469720422498808
29.100000000000144,7,12.374012007650286,0.5367131351175443,2.925712235109569,-0.4311053991458769
29.100000000000144,8,12.639822659654124,0.4144506825506816,2.928383389150741,-0.41759832998768853
29.200000000000145,0,10.835436111688733,1.4024196072324473,2.991219876120492,-0.5537628446037038
29.200000000000145,1,11.089854827394593,1.2451139148997832,2.990002364658043,-0.5257437396693818
29.200000000000145,2,11.348475481990043,1.0950586936817155,2.989864019983278,-0.496970852946549
29.200000000000145,3,11.611294036950046,0.9525123945448223,2.9906802998049615,-0.4683341298287346
29.200000000000145,4,11.878159201399601,0.8175129545590005,2.9923189008032915,-0.44137038148791924
29.200000000000145,5,12.14871505020917,0.6896874394052996,2.993844351996956,-0.4173381477644172
29.200000000000145,6,12.422403715068128,0.5683384379415297,2.9949223369141302,-0.3971128159623626
29.200000000000145,7,12.698589901662647,0.4525075704422464,2.9958719206452114,-0.38070642294985246
29.200000000000145,8,12.976727406478204,0.3411879201402169,2.996435817100452,-0.36693340712403394
29.300000000000146,0,11.106423103875027,1.2757704304607227,2.9900023646198246,-0.5259323916797243
29.300000000000146,1,11.3650153243311,1.1256664490276882,3.0192678683562026,-0.49296298389332516
29.300000000000146,2,11.630993063422077,0.9827831686798204,3.0428855827365715,-0.46019962621086197
29.300000000000146,3,11.903624624051721,0.8476404039676756,3.059676638813612,-0.42875816903715896
29.300000000000146,4,12.181896934578841,0.7204368820930621,3.070445427286593,-0.3999746953672013
29.300000000000146,5,12.464706712453186,0.6008752614776123,3.0757906304310554,-0.37479719110627774
29.300000000000146,6,12.750934224725729,0.4882755517187491,3.076994488471884,-0.3538344804217369
29.300000000000146,7,13.039572011803685,0.3816585358869229,3.075883478944289,-0.33690673301369656
29.300000000000146,8,13.329868297765184,0.27997927725962096,3.0734907065341384,-0.32270190423737155
29.400000000000148,0,11.38308885556227,1.16238082169549,3.0192678683157395,-0.4932716546524836
29.400000000000148,1,11.649022471680892,1.0194154529259902,2.995279063982938,-0.4735266048605253
29.400000000000148,2,11.915592138940708,0.882822375433838,2.976972442382884,-0.4515126635794243
29.400000000000148,3,12.183457294199066,0.752928667698405,2.9649951530859564,-0.42770721417126656
29.400000000000148,4,12.453249977774277,0.6299439820414166,2.958635577305805,-0.4038142555815204
29.400000000000148,5,12.725321521173868,0.5136887166732079,2.95596716270333,-0.3815081748567377
29.400000000000148,6,12.999674421017755,0.4036285056183614,2.955596142212572,-0.36211710327316415
29.400000000000148,7,13.276079713306652,0.29891996378403485,2.9568298060928697,-0.34603879283206274
29.400000000000148,8,13.554253582270709,0.1986252749064579,2.958484524927165,-0.33237469593356844
29.50000000000015,0,11.659787030124736,1.0415590304343203,2.995279063944805,-0.47359090816691823
29.50000000000015,1,11.926347778545267,0.9049488756120337,3.0059809862092006,-0.4447837186615296
29.50000000000015,2,12.197698912538876,0.7756127181253935,3.015059624532216,-0.4153892651644675
29.50000000000015,3,12.47356487940182,0.6539411109450024,3.021975663184506,-0.3863157256131786
29.50000000000015,4,12.753491893018223,0.5400796176955334,3.0269840752558292,-0.3590406690461784
29.50000000000015,5,13.036888830026697,0.43371859285076836,3.0297761305456508,-0.3347612637772581
29.50000000000015,6,13.323047953496246,0.33417723554003653,3.0306749397610737,-0.31431623038195855
29.50000000000015,7,13.611267624883016,0.2404790166391387,3.0306081219920813,-0.2977005899631593
29.50000000000015,8,13.900997853850203,0.15158440472172696,3.0298289884143808,-0.28372329460883333
29.60000000000015,0,11.94074847225302,0.9377436405098661,3.0059809861706337,-0.44498835644064094
29.60000000000015,1,12.212073029252165,0.8083519792554845,3.044652867808587,-0.4118486758053188
29.60000000000015,2,12.491079650554099,0.6864732721798916,3.075336694900847,-0.37897885594741776
29.60000000000015,3,12.776791633309646,0.5726944269270112,3.096522061024905,-0.3474821299314841
29.60000000000015,4,13.067936890813662,0.46724809100236153,3.109381012093888,-0.3186352166503748
29.60000000000015,5,13.363223565347411,0.36984027298772126,3.115083627033594,-0.29334267584029927
29.60000000000015,6,13.661425127431869,0.2797664739981295,3.1155019516573486,-0.2722034147609722
29.60000000000015,7,13.961504307174117,0.19600484431427853,3.1129956789412705,-0.2550504091026402
29.60000000000015,8,14.2627335143799,0.11746577066599477,3.1090171147318824,-0.24059785332201175
29.700000000000152,0,12.227197007311773,0.8466038918566422,3.0446528677676428,-0.4121588743829744
29.700000000000152,1,12.506165804758222,0.7246386461139774,3.0279307619822395,-0.3924991667940093
29.700000000000152,2,12.785933395044868,0.6088206459258634,3.014870968204866,-0.3705200046171069
29.700000000000152,3,13.066961911210154,0.4996519179092235,3.005860393433311,-0.34666474035601874
29.700000000000152,4,13.349668240735557,0.3975233543435136,3.0005349043646685,-0.3226239677648884
29.700000000000152,5,13.634245195559702,0.30238818357624225,2.9974876526162344,-0.3000872591091548
29.700000000000152,6,13.920606421764532,0.21377893534619044,2.995852781383107,-0.28041631218738094
29.700000000000152,7,14.208503052170308,0.13086323515823695,2.9954034364311637,-0.2640403087632349
29.700000000000152,8,14.49768092001898,0.05268327369440863,2.9952963550951757,-0.25008182789229494
29.800000000000153,0,12.515074303689023,0.7474788519790465,3.0279307619435576,-0.39256194211925854
29.800000000000153,1,12.794834518172733,0.6316433233341643,3.04399739581698,-0.3639313035490963
29.800000000000153,2,13.07929764831105,0.5232919689008322,3.0567237585671467,-0.3346552238297723
29.800000000000153,3,13.368012847060793,0.4228957945648602,3.0653737868285593,-0.3056049288136403
29.800000000000153,4,13.660347469442913,0.3306677992252318,3.070526484088258,-0.27824056242350514
29.800000000000153,5,13.955591573404432,0.24633137305742484,3.0723402403695124,-0.2537703038568142
29.800000000000153,6,14.25298627616988,0.1691986589352324,3.0716050880717987,-0.23306510948155945
29.800000000000153,7,14.551842482490986,0.09825664469312843,3.0696502213062002,-0.21615434947226317
29.800000000000153,8,14.85166450385797,0.03242034750109944,3.0669978418931776,-0.20187508863614773
29.900000000000155,0,12.806497662327718,0.665283516573134,3.0439973957761604,-0.364127489783714
29.900000000000155,1,13.090939386951135,0.5568763812781152,3.008923967192637,-0.3466506846355101
29.900000000000155,2,13.373933533431838,0.4546482795966296,2.9815832285533475,-0.32643826273748633
29.900000000000155,3,13.656346591038147,0.35903731616139023,2.96299794675833,-0.3038848472633703
29.900000000000155,4,13.939071298596623,0.27037541119611586,2.952234235513874,-0.28076506899476217
29.900000000000155,5,14.222737134851164,0.18857100810057045,2.9469541832368695,-0.2588769489574407
29.900000000000155,6,14.507616908865451,0.11312922035188676,2.9453115050857224,-0.23967160101871582
29.900000000000155,7,14.79373574177483,0.04321057093577412,2.946166117242714,-0.2236478820943098
29.900000000000155,8,15.081023944169843,-0.02213417609062214,2.9478960227693713,-0.2099869252264559
30.000000000000156,0,13.097970009007957,0.5775163642685788,3.0089239671536534,-0.3466950387770783
30.000000000000156,1,13.380959562693391,0.4752757305326677,3.0104185483569257,-0.3188214252332866
30.000000000000156,2,13.666830715653473,0.38091487839803373,3.012105155982451,-0.2901460583757718
30.000000000000156,3,13.955451664917042,0.29474091369670263,3.0137592892318636,-0.261537987331673
30.000000000000156,4,14.246579322327143,0.21681523589099563,3.0154180984221925,-0.2345311953388683
30.000000000000156,5,14.53986632224224,0.1467409207152376,3.016389302317082,-0.21039742273416648
30.000000000000156,6,14.834853703564697,0.08374415529380588,3.016581207815385,-0.19003433464061448
30.000000000000156,7,15.131081347814554,0.026763219999529946,3.0165208590205532,-0.17347432194466034
30.000000000000156,8,15.42820594491873,-0.025303616775684264,3.0160884728198702,-0.15954610637687786
30.100000000000158,0,13.390842125586358,0.5085079722171414,3.0104185483183707,-0.3190046702003866
30.100000000000158,1,13.6766958309553,0.41409474317764944,3.041544685147175,-0.286174378539077
30.100000000000158,2,13.9684805930356,0.32823671917495917,3.066279750312774,-0.25351748472395363
30.100000000000158,3,14.265307590704039,0.2513311772472137,3.0833737266179293,-0.22212555638054748
30.100000000000158,4,14.566069556298615,0.18340338009671162,3.0937876057811375,-0.193322741453863
30.100000000000158,5,14.869684993352724,0.12396528148053454,3.098336698072673,-0.168062187137813
30.100000000000158,6,15.175153342825634,0.07213873472977021,3.0985156347455503,-0.14697059386092468
30.100000000000158,7,15.481664474807559,0.0267634348898573,3.096327814059278,-0.12988837914574772
30.100000000000158,8,15.788689022119222,-0.01334127187120056,3.0929111255933073,-0.11552189786175941
30.20000000000016,0,13.686828726428844,0.45357045668943496,3.0415446851063357,-0.28647508500382335
30.20000000000016,1,13.9785876469288,0.3676246989241003,3.0187256847876434,-0.26691393686455556
30.20000000000016,2,14.269770863619858,0.2880039976391321,3.000967828350986,-0.24499579719948716
30.20000000000016,3,14.560906909173687,0.2152147081184443,2.9888706065827972,-0.22117950812234888
30.20000000000016,4,14.852514853866124,0.1496442893415244,2.9818669332967076,-0.19718442499662941
30.20000000000016,5,15.144927713136985,0.09122593301202875,2.978223293532827,-0.17471669085508978
30.20000000000016,6,15.43822410879328,0.039454248442020626,2.9767318835574037,-0.15513845732495773
30.20000000000016,7,15.732335221199737,-0.006543413062540671,2.976850286643642,-0.138871157765113
30.20000000000016,8,16.027172375030275,-0.047753182922521606,2.9774726714186848,-0.12502729220675826
30.30000000000016,0,13.984536766566698,0.39128190236490124,3.018725684749116,-0.26697577796627636
30.30000000000016,1,14.275714939211182,0.31164322034318936,3.030036914084345,-0.23877057087836018
30.30000000000016,2,14.570122354765843,0.23998034204994062,3.039210075908392,-0.21009255450614886
30.30000000000016,3,14.867360892165157,0.17659748960128197,3.0456777760010096,-0.18191821947730671
30.30000000000016,4,15.166903165489224,0.12149618274158898,3.049828039089986,-0.15576316992080141
30.30000000000016,5,15.46819396024468,0.07418299654692664,3.0515236276790723,-0.13284453241414124
30.30000000000016,6,15.770657849493354,0.03376434570617401,3.0512488440805985,-0.11399644683804476
30.30000000000016,7,16.073802385116252,-0.0009434845436337078,3.05005620474601,-0.09917796540487225
30.30000000000016,8,16.377309199264076,-0.031143734650057306,3.0482535464349736,-0.08713100783278627
30.400000000000162,0,14.282987750359501,0.34596018570019116,3.0300369140437677,-0.23895985486853336
30.400000000000162,1,14.577381499700934,0.2742415857691774,2.9913175214409398,-0.22173874781702654
30.400000000000162,2,14.869189556870204,0.20845467653778782,2.9613635452201565,-0.20203141667285004
30.400000000000162,3,15.15930325124116,0.14903190267451574,2.9413295335811562,-0.18034379712546122
30.400000000000162,4,15.4486673164675,0.09627365232737081,2.9301024368077786,-0.15847100871073244
30.400000000000162,5,15.738008898825683,0.05003360309886834,2.9250770351648243,-0.1381723433821746
30.400000000000162,6,16.02773377021157,0.009744779235455726,2.924134641003271,-0.12082373448937793
30.400000000000162,7,16.31802282076526,-0.025500914799783246,2.9258941145638357,-0.10683891057259236
30.400000000000162,8,16.608953570392416,-0.05670270533657883,2.9285598549867884,-0.09531666582176225
30.500000000000163,0,14.58172384172233,0.2952848942135522,2.9913175214021193,-0.2217813311089037
30.500000000000163,1,14.873529008763748,0.22948557890531482,2.9903455305333395,-0.19626951701487005
30.500000000000163,2,15.16682240989113,0.1711703046875407,2.990410776700672,-0.17042925192174674
30.500000000000163,3,15.461531093080115,0.12045133712596993,2.991380604945964,-0.1453164377187195
30.500000000000163,4,15.757516353884313,0.0771345110391654,2.99312579887338,-0.12245702295476639
30.500000000000163,5,16.054587554445924,0.04057313743063702,2.9947171931675554,-0.10298971979672727
30.500000000000163,6,16.352472448176425,0.009785117903864916,2.9958246805840933,-0.08753785140564777
30.500000000000163,7,16.650907868403028,-0.016406244134638814,2.996772100180152,-0.07568323281396233
30.500000000000163,8,16.94972737945254,-0.03906520465072292,2.997312985361358,-0.0661895402408142
30.600000000000165,0,14.87886006140538,0.26079036524170485,2.990345530495128,-0.19641276912656336
30.600000000000165,1,15.172145060655664,0.20243307392038573,3.0202433522806746,-0.16888606517485671
30.600000000000165,2,15.469872382596217,0.1516675055880106,3.044388178846772,-0.14223257614051033
30.600000000000165,3,15.771237000740397,0.10851224341053224,3.061576407197508,-0.11778592385768133
30.600000000000165,4,16.075273449784106,0.07253452181060441,3.072614444281129,-0.09677558211876122
30.600000000000165,5,16.38109740824421,0.04284553891138641,3.0781130295638386,-0.07979574489795122
30.600000000000165,6,16.68792963521522,0.018309611635417555,3.079369014166836,-0.06674833238585894
30.600000000000165,7,16.995181326152288,-0.0022293404614865675,3.0782323639832327,-0.05693609036264926
30.600000000000165,8,17.302506368963975,-0.019746050985226846,3.075769794057,-0.04915333370539146
30.700000000000166,0,15.176893456715348,0.2363412481670036,3.020243352240234,-0.16906646479604703
30.700000000000166,1,15.474611612455378,0.18552196980529925,2.9968694831377,-0.15272139091323583
30.700000000000166,2,15.770810614526921,0.13993105250811627,2.9790575327058075,-0.1352137820840609
30.700000000000166,3,16.065998145423507,0.09977263249433926,2.9674332255409572,-0.1173350193853472
30.700000000000166,4,16.36070350639669,0.06503387413208239,2.961295100102234,-0.10057937077256293
30.700000000000166,5,16.655341210078532,0.0352991588659195,2.9587355706399023,-0.08608600114990697
30.700000000000166,6,16.950126965813446,0.009859468149647947,2.9583792319371405,-0.07433325692827676
30.700000000000166,7,17.24515906681075,-0.01211158947183267,2.9595575170967976,-0.06512189702358534
30.700000000000166,8,17.54050149761477,-0.03137195130232689,2.9611186923843453,-0.05762812583205644
30.800000000000168,0,15.477362891113298,0.20573375719953074,2.9968694830995894,-0.15275722524740104
30.800000000000168,1,15.77356007092576,0.16013224462955614,3.00870194514624,-0.13284075055096947
30.800000000000168,2,16.071779492751382,0.12028186756932915,3.0187094498238305,-0.11341048583412021
30.800000000000168,3,16.371711198872188,0.08611987746537922,3.026302342333569,-0.09543374606366914
30.800000000000168,4,16.672964361573428,0.05728256021960044,3.031738418853048,-0.07969011713772517
30.800000000000168,5,16.97517607017579,0.033148167009216425,3.03473539219502,-0.06670264839353332
30.800000000000168,6,17.277974804556564,0.01292069113598613,3.0356563260697533,-0.056530475062848085
30.800000000000168,7,17.581055655968,-0.0042308711681711825,3.0354835137539067,-0.048757068052136615
30.800000000000168,8,17.884243518541375,-0.019025125024510384,3.034533763524995,-0.04252911604004295
30.90000000000017,0,15.776318516056907,0.18481004479080915,3.008701945107677,-0.13290908946156132
30.90000000000017,1,16.074535210896617,0.14493928851731241,3.0491708166483225,-0.1139015261158127
30.90000000000017,2,16.377476518017524,0.11028381474530104,3.081316720556165,-0.0957704490417512
30.90000000000017,3,16.684196280139354,0.08081899395497308,3.1035421388794706,-0.0794462506831789
30.90000000000017,4,16.99357186788785,0.05618844020381692,3.1170296562364257,-0.06548704581735795
30.90000000000017,5,17.304607296253003,0.035790516255085746,3.1230028249381814,-0.0541868777582616
30.90000000000017,6,17.616450155055922,0.018876218387785672,3.123410692373355,-0.045459010637742235
30.90000000000017,7,17.928469789774898,0.00468239794670816,3.1207075069906494,-0.038847646425902535
30.90000000000017,8,18.240306484736934,-0.007437754572214468,3.1164447944548512,-0.03357138589814019
31.00000000000017,0,16.076748475667646,0.1685400281082737,3.049170816607357,-0.11396037546507563
31.00000000000017,1,16.379687725593673,0.13386672699673974,3.034086218360588,-0.10272110859427419
31.00000000000017,2,16.681497098458024,0.10275503572388485,3.0223157141518726,-0.09095168190251054
31.00000000000017,3,16.982479799803144,0.07530443926545288,3.0141730180852626,-0.079202181356474
31.00000000000017,4,17.28295306680596,0.051456455826631387,3.009320874462425,-0.06821962175263341
31.00000000000017,5,17.583186887548035,0.030942848699855943,3.0064156372909663,-0.05866611765314358
31.00000000000017,6,17.883314084141897,0.013315405868478972,3.0046706777447643,-0.0508463277567542
31.00000000000017,7,18.183396921776243,-0.001955770286800109,3.0039503443190045,-0.0446504459837053
31.00000000000017,8,18.483497808195004,-0.015364213038299135,3.0035026123155677,-0.039567269569754454
31.100000000000172,0,16.380962593197808,0.1478470864862747,3.034086218321864,-0.10273265825238817
31.100000000000172,1,16.68277153605468,0.11673191125035759,3.0524186451409916,-0.08987137582615337
31.100000000000172,2,16.98678153341295,0.08933631781348803,3.066933154189864,-0.07723768733064795
31.100000000000172,3,17.292560491764185,0.06567158057702928,3.0767837401669236,-0.06544179355654214
31.100000000000172,4,17.599580265200288,0.04555092466839733,3.082582278613833,-0.05500377285096996
31.100000000000172,5,17.907372312881712,0.028604108461452477,3.084576949175874,-0.04630150445966624
31.100000000000172,6,18.215499457905484,0.014327158101133403,3.0836748074040745,-0.03941127807363596
31.100000000000172,7,18.523627557701193,0.0021771511548638574,3.081337292756269,-0.034087235204125314
31.100000000000172,8,18.831582412879,-0.008324237279938742,3.078213205316537,-0.029785990556482102
31.200000000000173,0,16.68399512838475,0.132744949152722,3.0524186451001,-0.08988938362052906
31.200000000000173,1,16.98800463082872,0.10534388144891525,3.0193082745205517,-0.08209373077618819
31.200000000000173,2,17.288918640129417,0.08058508375655177,2.9934617037160627,-0.07360274716854805
31.200000000000173,3,17.587454458017362,0.05857226474333934,2.9758116993429677,-0.06481726975311652
31.200000000000173,4,17.884411046352017,0.03929735231483737,2.9654726233326567,-0.05638565397229864
31.200000000000173,5,18.180487643181934,0.02258516835044331,2.960202178941726,-0.048909890329084285
31.200000000000173,6,18.47615488532978,0.008112575997170725,2.9582683007707695,-0.04270381050065811
31.200000000000173,7,18.771713452807894,-0.004516578532743938,2.9586544066441274,-0.03773636188906261
31.200000000000173,8,19.06737004174311,-0.015678882492514788,2.9598511800958245,-0.03363830187935578
31.300000000000175,0,16.98872414891286,0.1150582211503738,3.0193082744815207,-0.08209761593336873
31.300000000000175,1,17.2896380385205,0.09029825567271753,3.023297817422602,-0.07226502132671273
31.300000000000175,2,17.591178749585797,0.06846939811057354,3.0268922332726174,-0.06249579413412294
31.300000000000175,3,17.89327706349741,0.04956490579659199,3.0297441312839126,-0.053255031323569915
31.300000000000175,4,18.195821951275896,0.03343761918932538,3.0319456966471137,-0.04498912123260701
31.300000000000175,5,18.49870973753385,0.019801762838649872,3.032926937507055,-0.03804145574888829
31.300000000000175,6,18.80178300669236,0.008266849953969861,3.0327470072099816,-0.032510571829553137
31.300000000000175,7,19.1048974728389,-0.0015910472247402155,3.032094627253457,-0.028225853267673857
31.300000000000175,8,19.40798621423621,-0.010148256939962977,3.03099359735841,-0.024762697781103737
31.400000000000176,0,17.290396104660974,0.10255797625610827,3.0232978173838863,-0.07227314081328162
31.400000000000176,1,17.591936634864346,0.08072667056635727,3.0574783492949216,-0.06240478310320693
31.400000000000176,2,17.89708931918051,0.061658925016381844,3.084531981032863,-0.052902740402546646
31.400000000000176,3,18.20511099536882,0.04534851625078638,3.103058048968869,-0.044238828548669326
31.400000000000176,4,18.515113244821464,0.031625428679604634,3.114092890576577,-0.03673531593268474
31.400000000000176,5,18.826312535580087,0.02018828384020479,3.1186118283287363,-0.030591112426859208
31.400000000000176,6,19.138027985203276,0.010649592955960695,3.1183028318457344,-0.02579861941905268
31.400000000000176,7,19.449754757724104,0.0026056970794989093,3.115370633663473,-0.022139488824061436
31.400000000000176,8,19.76121578883818,-0.004291007500543866,3.1111263752090874,-0.01920518671198073
31.500000000000178,0,17.59257595861696,0.09303784391227019,3.0574783492539077,-0.06241298087502209
31.500000000000178,1,17.89772848522466,0.0739675967235597,3.0372248320476496,-0.056508889411982156
31.500000000000178,2,18.200966181150328,0.05681370904702382,3.0213280353644762,-0.05025658884774391
31.500000000000178,3,18.502717583596116,0.04163593444114003,3.0102664380440296,-0.0439461948555175
31.500000000000178,4,18.803453779118108,0.028411212303091765,3.0035651171282556,-0.037994641540641506
31.500000000000178,5,19.103593892749064,0.017002011299692102,2.9996532155319175,-0.03277978735071885
31.500000000000178,6,19.403398684851183,0.0071709593823512585,2.9975077326554818,-0.02848598849159227
31.500000000000178,7,19.70302872745023,-0.001366600302338403,2.996771946617452,-0.02506827126721372
31.500000000000178,8,20.00261287980403,-0.00887822247324838,2.996491759625184,-0.022257086967345185
31.60000000000018,0,17.89809981133969,0.08133679993533566,3.037224832008935,-0.05651056852893097
31.60000000000018,1,18.20133746367062,0.06418240338792093,3.051495660877486,-0.04955875152353542
31.60000000000018,2,18.50611237351264,0.049065761478463324,3.0628221483182294,-0.04270375088176595
31.60000000000018,3,18.812115363418613,0.03599033684247698,3.070488427330522,-0.036271974371743856
31.60000000000018,4,19.118962243998183,0.024855510957963026,3.074982008383505,-0.03055410403714682
31.60000000000018,5,19.426316923844773,0.015461640770384654,3.076353065001883,-0.02576805149697109
31.60000000000018,6,19.733850107610607,0.007535355832761204,3.0753049043381804,-0.021966843081148227
31.60000000000018,7,20.04130641903292,0.0007804254940834042,3.073111527745576,-0.019023703857062473
31.60000000000018,8,20.348561997054826,-0.005065417761731653,3.0702583799672074,-0.01664378260823205
31.70000000000018,0,18.201704028849083,0.07286177520469395,3.0514956608366353,-0.04956159193970297
31.70000000000018,1,18.506478894739868,0.05774426767276905,3.0151371516238648,-0.04532053223336713
31.70000000000018,2,18.80768302267639,0.0440841827062739,2.9867975506299755,-0.04068488585273855
31.70000000000018,3,19.10611564783192,0.031935782014693624,2.967515413494743,-0.035874134742154146
31.70000000000018,4,19.402676342538726,0.02129235778129561,2.956288719311359,-0.031246601747406847
31.70000000000018,5,19.698161077244045,0.012056458135129136,2.9506952045230035,-0.0271356892989367
31.70000000000018,6,19.993122242126788,0.004050518292566186,2.948819903580932,-0.02371748149794689
31.70000000000018,7,20.28792167791073,-0.0029426937922709382,2.9494817801942066,-0.02097845165056454
31.70000000000018,8,20.582805421913022,-0.009129806713515522,2.951036798554391,-0.018717671142076026
31.800000000000182,0,18.506695507862542,0.06304058076128119,3.0151371515847534,-0.04532115923561453
31.800000000000182,1,18.80789962077145,0.049380307156206095,3.016670827244572,-0.039916760356949355
31.800000000000182,2,19.109326406723106,0.03734193194513172,3.0184370408537036,-0.03454297181555285
31.800000000000182,3,19.410990049369545,0.02691742670958842,3.020168784102128,-0.02945392522739426
31.800000000000182,4,19.712875934478816,0.018023130251343836,3.0218530565494417,-0.02489651289518619
31.800000000000182,5,20.014967592945148,0.010500547071353889,3.0227632820741857,-0.021062140274474648
31.800000000000182,6,20.317176878611022,0.004134431354407175,3.0228015717354433,-0.018007915952822
31.800000000000182,7,20.61940803286629,-0.0013087101546715644,3.022518236356628,-0.015641837470356534
31.800000000000182,8,20.921622901100505,-0.006036291396413945,3.0218307987165143,-0.013730079473340387
31.900000000000183,0,18.808130033316658,0.05613060710048427,3.0166708272060005,-0.039918113226996704
31.900000000000183,1,19.109556801923993,0.044091824129182285,3.0490503512507305,-0.03447529442937772
31.900000000000183,2,19.41428065892019,0.033582215425126044,3.0748208733582887,-0.02923152673935525
31.900000000000183,3,19.721631390105557,0.024595324598588195,3.0926416953837785,-0.024446036756468486
31.900000000000183,4,20.030803166598865,0.017035794448824266,3.103454843796211,-0.02029842462188864
31.900000000000183,5,20.3410847473464,0.01073670282462508,3.108099754751771,-0.016900765541882454
31.900000000000183,6,20.651850388431217,0.005484026713549998,3.108129740896866,-0.014250954193529581
31.900000000000183,7,20.962631880398597,0.0010547956765680057,3.1056333572762798,-0.012229424573473188
31.900000000000183,8,21.27317209198501,-0.002743119921273405,3.10183918583704,-0.01060991585075793
32.000000000000185,0,19.109751614410882,0.05089126119725541,3.0490503512098597,-0.034476677254046184
32.000000000000185,1,19.41447545654458,0.04038123109486075,3.0274860511957233,-0.031203676653600895
32.000000000000185,2,19.71707669009638,0.030935894392228054,3.0107149466669103,-0.027742919035484568
32.000000000000185,3,20.01803235171667,0.022584363399962358,2.9992603569161833,-0.024254927257731575
32.000000000000185,4,20.31787022585999,0.015310391667868694,2.99256071698733,-0.02096876869162733
32.000000000000185,5,20.617060623692023,0.009035818585809596,2.9889238819848045,-0.018091429480460386
32.000000000000185,6,20.91590428475795,0.003628720593789745,2.987208322985545,-0.01572382093536534
32.000000000000185,7,21.21458845148944,-0.001068121818777309,2.9869577211698326,-0.013840784613792246
32.000000000000185,8,21.513255942178375,-0.005202177140400974,2.987153580760364,-0.01229301951698553
32.100000000000186,0,19.414589040723847,0.04447063734319276,3.0274860511571466,-0.031203964231891434
32.100000000000186,1,19.71719026705283,0.03502521367727258,3.0409014674606154,-0.027358118157388145
32.100000000000186,2,20.02116662088355,0.02670691724927719,3.0517272046455934,-0.02356743036573449
32.100000000000186,3,20.32625459618062,0.019515446147608476,3.0592774292772766,-0.020012115569210003
32.100000000000186,4,20.632121081970176,0.013393593423942305,3.0639619247304886,-0.016852676005365445
32.100000000000186,5,20.93847376601856,0.008230242095773829,3.0657260262743025,-0.014209284649429546
32.100000000000186,6,21.245015422600826,0.003874211353347424,3.065172231877496,-0.012111272878239232
32.100000000000186,7,21.551510171890527,0.00016198844904976163,3.063492167951856,-0.010488542793624333
32.100000000000186,8,21.857842549898123,-0.0030511094210448914,3.0611240351279463,-0.009177619516520241
32.20000000000019,0,19.71730208905504,0.03983076658893321,3.0409014674199435,-0.027358602416849127
32.20000000000019,1,20.021278438575024,0.03151232296343219,3.0040263023761513,-0.025003469461459663
32.20000000000019,2,20.321587174267904,0.024001997527041755,2.9754623634166855,-0.022436150648812943
32.20000000000019,3,20.619058534874853,0.01732676521151582,2.956267509969802,-0.019778054285332212
32.20000000000019,4,20.91462749469313,0.011480223972039785,2.945369050992717,-0.017225354753233828
32.20000000000019,5,21.20912075786329,0.006406971276394164,2.9402522470584516,-0.014959989255315914
32.20000000000019,6,21.503113166839412,0.0020085198004168546,2.938914631565197,-0.013077815943021955
32.20000000000019,7,21.79697961500815,-0.0018348307804932364,2.9401058956723896,-0.011570768669070437
32.20000000000019,8,22.09097066535954,-0.0052366852344149254,2.942147831944739,-0.01032757835665125
32.30000000000019,0,20.02134472281685,0.03445539228987501,3.004026302337231,-0.0250035774879864
32.30000000000019,1,20.321653455708223,0.026945034449823997,3.0053514681880205,-0.022015333396700535
32.30000000000019,2,20.62211577523349,0.020329187440047414,3.0071402547649093,-0.019046129361514823
32.30000000000019,3,20.92277526079394,0.01460209546847684,3.0091347229756433,-0.016236201936836277
32.30000000000019,4,21.223649072200956,0.009716618213654105,3.011258944804588,-0.013721340231364735
32.30000000000019,5,21.524746620456984,0.005584897016287742,3.0127071932819645,-0.011606581035955538
32.30000000000019,6,21.82599704877083,0.002088252507369263,3.0133081355206732,-0.009923156800990967
32.30000000000019,7,22.12731302998924,-0.0009018513403177881,3.0135560214511807,-0.008620125110877615
32.30000000000019,8,22.428657443190865,-0.0034995421857242173,3.0133463067645456,-0.007568081371509393
32.40000000000019,0,20.32172362197867,0.030679464497626856,3.0053514681496356,-0.02201556390731734
32.40000000000019,1,20.6221859398312,0.024063548229394743,3.037768000143962,-0.0190085441054026
32.40000000000019,2,20.925907860950378,0.0182895412583464,3.06375426746923,-0.0161118210096877
32.40000000000019,3,21.23224352387157,0.013353488795076236,3.0819706359760426,-0.013468725309086323
32.40000000000019,4,21.54041263732241,0.009202592728651295,3.093303538237368,-0.011178683302806663
32.40000000000019,5,21.849723673408384,0.0057447587253153624,3.0985251129112354,-0.009303608287052638
32.40000000000019,6,22.15956279186996,0.0028620539851152062,3.0991274841103422,-0.007842355251623719
32.40000000000019,7,22.469466034821657,0.0004316331196637875,3.097154437560384,-0.0067287912372513935
32.40000000000019,8,22.779174498415337,-0.0016523616038437963,3.0938223554169557,-0.005837562077097444
32.50000000000019,0,20.62224518096465,0.02782163580594675,3.037768000103263,-0.01900877911576942
32.50000000000019,1,20.925967100645366,0.022047557450664033,3.0164183892478276,-0.017193659479150816
32.50000000000019,2,21.22756435651194,0.01686148590164727,3.0000001634726754,-0.015278719864767304
32.50000000000019,3,21.527529365055727,0.01227804796498639,2.9890319151435136,-0.013352654155213684
32.50000000000019,4,21.82640592913571,0.008287015470735216,2.982902522459726,-0.011540808103016529
32.50000000000019,5,22.12467635287276,0.004844581044485419,2.9798619183438557,-0.00995607161389309
32.50000000000019,6,22.42264783415711,0.0018778577630032382,2.9787170444363404,-0.008653233748857077
32.50000000000019,7,22.720508467657876,-0.0006996641011156721,2.978975692814063,-0.007617946342579455
32.50000000000019,8,23.018397494352577,-0.0029690104599497296,2.979614650751504,-0.00676753589275048
32.60000000000019,0,20.92600175491217,0.024316146442493563,3.016418389209455,-0.01719370885277352
32.60000000000019,1,21.227599009202393,0.019130060011385938,3.0302005835160184,-0.015069592774842698
32.60000000000019,2,21.530584661830527,0.014563843956482185,3.04149347524229,-0.012977122737136079
32.60000000000019,3,21.83470840010318,0.010616971321089567,3.049601320565828,-0.011015830487606092
32.60000000000019,4,22.13965002952189,0.007257650141959924,3.0548904375985275,-0.009274020014184585
32.60000000000019,5,22.445125936890154,0.0044245792509522725,3.057257590558584,-0.007817582341384716
32.60000000000019,6,22.75084235515906,0.002034567309163392,3.057263250533989,-0.00666243563903478
32.60000000000019,7,23.05656189735698,-2.2995720044232442e-06,3.056071604549145,-0.005769737167831586
32.60000000000019,8,23.36216397526374,-0.0017655627644346207,3.054122713730556,-0.005049084841689991
32.700000000000195,0,21.227632973395686,0.021784910808456112,3.0302005834755183,-0.01506967499005662
32.700000000000195,1,21.53061862557581,0.017218669841945623,2.9937964423344408,-0.01376518920429132
32.700000000000195,2,21.82996990794912,0.013097782527065727,2.9657745290503668,-0.012346769461910004
32.700000000000195,3,22.126524759313188,0.009436102087940244,2.9471792755148414,-0.010881292066966964
32.700000000000195,4,22.421225248206554,0.006229253437809638,2.936899736444521,-0.009475935404531522
32.700000000000195,5,22.714902053361584,0.003446307708258001,2.932380164343004,-0.008229898640227468
32.700000000000195,6,23.00813016611092,0.0010330155650340948,2.9315836411600165,-0.007195316182541131
32.700000000000195,7,23.30128097789568,-0.0010763336451007077,2.933239056339334,-0.006367417165230146
32.700000000000195,8,23.594598981464465,-0.002944037014146101,2.9356748916549487,-0.005684740287367861
32.800000000000196,0,21.530638810678006,0.0188491349516436,2.9937964422957553,-0.013765207678774902
32.800000000000196,1,21.829990092439314,0.014728242111338384,2.9956774262238763,-0.012117341016992567
32.800000000000196,2,22.129535843007062,0.011098366444999225,2.998066219954361,-0.010480894910068317
32.800000000000196,3,22.429325999089812,0.007956182273274298,3.00068844173732,-0.008933140558939668
32.800000000000196,4,22.729382870919906,0.005275660761896221,3.0034350214392838,-0.0075486177315498325
32.800000000000196,5,23.029717816670008,0.0030085040076037036,3.0054665734541315,-0.006384859179845241
32.800000000000196,6,23.330258348781353,0.0010895689618994537,3.006584582755608,-0.005458882886410129
32.800000000000196,7,23.630912328764058,-0.000551682200242365,3.0072686702339846,-0.004742534237370947
32.800000000000196,8,23.931635816591296,-0.001977884320019825,3.0074250868198815,-0.004164427766986178
32.9000000000002,0,21.830011359935337,0.016787929170420345,2.9956774261856394,-0.012117379950147856
32.9000000000002,1,22.129557110461977,0.01315804184013416,3.028707425509319,-0.010460468682737228
32.9000000000002,2,22.43241128330429,0.009989929699511074,3.055329174550055,-0.00886444563742068
32.9000000000002,3,22.737932197496644,0.007281585233761663,3.0741845437859303,-0.007408416477069628
32.9000000000002,4,23.0453422171116,0.0050041221280861335,3.0861315192369148,-0.0061472234387646655
32.9000000000002,5,23.353949541381123,0.0031070200824872135,3.091915020843296,-0.005114926892846667
32.9000000000002,6,23.663137004488277,0.0015255350610601352,3.0930062314182845,-0.0043108533348256844
32.9000000000002,7,23.972434761486614,0.00019218958448703353,3.0914394572901616,-0.003698512179618096
32.9000000000002,8,24.281576602652848,-0.0009511804366948948,3.0884449465785972,-0.003208715862238056
33.0000000000002,0,22.12957504680664,0.015229066162295099,3.028707425468772,-0.010460508258596509
33.0000000000002,1,22.432429219517758,0.012060942033140995,3.008002018514003,-0.009457702329780333
33.0000000000002,2,22.733215969248953,0.009216105671523242,2.9922330887678985,-0.008401446670879177
33.0000000000002,3,23.032428720603505,0.006702226562636746,2.981899578052282,-0.007340581721700722
33.0000000000002,4,23.33061065056443,0.0045133584401452174,2.976365943715215,-0.006343668650378637
33.0000000000002,5,23.628241267732,0.0026252631214115293,2.973860167231692,-0.005472336454195128
33.0000000000002,6,23.9256228499646,0.0009978748294464726,2.973173271317399,-0.004756401203920528
33.0000000000002,7,24.2229368391735,-0.00041628042514198655,2.973807602503406,-0.004187785423014242
33.0000000000002,8,24.520315023216405,-0.0016616437026235162,2.974755871330486,-0.0037208777352195923
33.1000000000002,0,22.432439738015017,0.01331439753573777,3.008002018475747,-0.00945771070231902
33.1000000000002,1,22.73322648742559,0.010469558656000636,3.0224465712070514,-0.0082876771488797
33.1000000000002,2,23.035460765057827,0.007964681191874594,3.0343922622159765,-0.007135489340915092
33.1000000000002,3,23.338892267020082,0.005799512200469684,3.0431229011542857,-0.006055992128497393
33.1000000000002,4,23.643198977207913,0.003956610631721049,3.0489841666735176,-0.0050976903631247215
33.1000000000002,5,23.94809343290156,0.002402339643872188,3.051855749078358,-0.004296691491248082
33.1000000000002,6,24.2532761915499,0.0010910554174569636,3.0522867904995863,-0.003661651044834593
33.1000000000002,7,24.558502825417182,-2.6582993912047974e-05,3.051439600750886,-0.003171124859064989
33.1000000000002,8,24.863645252851075,-0.0009942309660612805,3.0497717130669524,-0.002775287234286078
33.2000000000002,0,22.7332367637324,0.01193205154096939,3.0224465711666735,-0.008287690970593498
33.2000000000002,1,23.03547104131198,0.009427169897843281,2.9867049637919356,-0.007567772357491013
33.2000000000002,2,23.334132985641368,0.007166921144034569,2.959325152303566,-0.006786287607205188
33.2000000000002,3,23.63005868799154,0.005158653392130261,2.941330961434187,-0.005979979082285644
33.2000000000002,4,23.92418652802084,0.003399754098085059,2.931594079095494,-0.005207440190188343
33.2000000000002,5,24.217341966762824,0.0018731508877270887,2.9275456772787125,-0.004522853658712444
33.2000000000002,6,24.510093548875588,0.0005490692945988034,2.927141175320852,-0.003954654948685845
33.2000000000002,7,24.8028053889306,-0.0006085110707321872,2.929110316252292,-0.0035001096053333966
33.2000000000002,8,25.09571464021733,-0.0016337297464560409,2.9317998894978627,-0.003125369105257246
33.3000000000002,0,23.035477160027234,0.010327044462681196,2.986704963753424,-0.007567775478966367
33.3000000000002,1,23.334139104280986,0.008066794776416832,2.9892404138634334,-0.006661057473335891
33.3000000000002,2,23.633056514475086,0.006075659280334832,2.992254173523386,-0.005760916860740804
33.3000000000002,3,23.932276967026183,0.004351856063121722,2.995451337444341,-0.004909855910084855
33.3000000000002,4,24.231818490662782,0.0028811385269151904,2.998708487087259,-0.00414876991256269
33.3000000000002,5,24.531686759239534,0.0016370469412696704,3.0011767784652923,-0.0035091840439709227
33.3000000000002,6,24.831802589884838,0.0005838809365618877,3.0026533086764458,-0.0030003943471660667
33.3000000000002,7,25.132066569893695,-0.00031703211305057365,3.0036208956150645,-0.002606890795290518
33.3000000000002,8,25.432427639968324,-0.0011000423928051004,3.0040045747332202,-0.002289392284792486
33.400000000000205,0,23.334145531288918,0.009200167955934063,2.989240413825299,-0.0066610639924268395
33.400000000000205,1,23.63306294163727,0.00720903050988705,3.0229072090867204,-0.005749797118533828
33.400000000000205,2,23.935348666055162,0.005470929770449436,3.0501294413780258,-0.004872030009415447
33.400000000000205,3,24.240357990809812,0.003984903432543823,3.0695288921172352,-0.004071327644360925
33.400000000000205,4,24.547308336763123,0.0027352011024222578,3.081951885837436,-0.0033778713235821985
33.400000000000205,5,24.855501768518536,0.0016941593939068917,3.088136959867867,-0.0028103738870351993
33.400000000000205,6,25.164314247085684,0.0008262785912999899,3.089553612554411,-0.0023684493176004194
33.400000000000205,7,25.47326874439137,9.453416386592266e-05,3.0882411726656276,-0.0020320126716517105
33.400000000000205,8,25.78209222732542,-0.0005329999200396423,3.0854487343787227,-0.0017629795773152536
33.500000000000206,0,23.63306835847996,0.008348095023885988,3.0229072090462563,-0.005749803732089963
33.500000000000206,1,23.935354082904084,0.006609992283845739,3.0028122154580226,-0.00519739604493589
33.500000000000206,2,24.23563124918649,0.005049318876185201,2.987612857065823,-0.0046160948377999035
33.500000000000206,3,24.53438935300392,0.0036702133434955487,2.9777887244044896,-0.004032742931017465
33.500000000000206,4,24.832165806147994,0.00246935095120641,2.9726949106088423,-0.0034848762792482856
33.500000000000206,5,25.12943349607866,0.001433405641781251,2.9705554972480335,-0.003006205706395231
33.500000000000206,6,25.426487709527223,0.0005403968856685722,2.9701619329989786,-0.002613013264519547
33.500000000000206,7,25.72350289678357,-0.00023570949978993943,2.9710229011507723,-0.0023008050206339567
33.500000000000206,8,26.02060441039051,-0.0009192833548616093,2.972149644140479,-0.002044481435223731
33.60000000000021,0,23.935357264859686,0.007300493257952425,3.002812215419852,-0.00519739745058293
33.60000000000021,1,24.235634431164975,0.005739819427481533,3.017837082522496,-0.00455400467729704
33.60000000000021,2,24.537415010445933,0.0043654997584755915,3.0303189611645935,-0.003920543266058875
33.60000000000021,3,24.84044457818627,0.0031774531421998676,3.039523165067792,-0.0033271813879549384
33.60000000000021,4,25.144395212683264,0.002166150517856816,3.0457880624577305,-0.0028005471542182463
33.60000000000021,5,25.44897282512271,0.0013131643240205304,3.048991600029279,-0.0023604376296681466
33.60000000000021,6,25.753871136394743,0.0005934695422060877,3.0496851331316632,-0.0020115785895219503
33.60000000000021,7,26.05883903324304,-1.9998175333299732e-05,3.0490383387563402,-0.0017421650433008034
33.60000000000021,8,26.36374240517793,-0.0005511907067243603,3.047526772278794,-0.001524792874995769
33.70000000000021,0,24.235637533836226,0.0065440522468081155,3.0178370824821776,-0.004554006984798924
33.70000000000021,1,24.537418113110498,0.005169731880447309,2.9826408879043873,-0.0041577001383366445
33.70000000000021,2,24.835679624306,0.003929642809449341,2.955760655634834,-0.003727902903622494
33.70000000000021,3,25.131253636817696,0.002827766487573915,2.9382027519771174,-0.003284782421096914
33.70000000000021,4,25.425072328060185,0.0018626325458189453,2.9288333022089605,-0.002860417927173025
33.70000000000021,5,25.717954462244247,0.0010248649554328265,2.9250834435115878,-0.0024844663874392103
33.70000000000021,6,26.010461906891976,0.0002981385468840681,2.9249121537051117,-0.00217248279474358
33.70000000000021,7,26.30295243575683,-0.000337293094425104,2.927057204472243,-0.0019229346373405216
33.70000000000021,8,26.595657619534137,-0.0009001467247316187,2.9298826632908184,-0.0017172137351753978
33.80000000000021,0,24.537419962865723,0.005665111500702549,2.982640887865988,-0.004157700661505979
33.80000000000021,1,24.835681474138116,0.004425022273050151,2.9856854202496605,-0.0036593996225300065
33.80000000000021,2,25.1342480174158,0.0033324431012547806,2.9891615978263033,-0.0031647903683903102
33.80000000000021,3,25.433162680762457,0.0023864376969799216,2.992758143124152,-0.002697226795131626
33.80000000000021,4,25.732437406843008,0.0015792239303000126,2.9963476098647206,-0.0022791479702545343
33.80000000000021,5,26.032071390196897,0.0008963125643042838,2.9990825608850065,-0.0019278424753349508
33.80000000000021,6,26.33197908958475,0.00031813704775068873,3.000764742168284,-0.0016484016882828704
33.80000000000021,7,26.632055156563254,-0.00017650929483539648,3.001885452866949,-0.001432298633027336
33.80000000000021,8,26.932243394549147,-0.0006064687906939903,3.002386154374088,-0.0012579474013424804
33.90000000000021,0,24.835683413760812,0.005047894536111152,2.9856854202112153,-0.003659400708391461
33.90000000000021,1,25.134249957223204,0.003955315039344794,3.017686896127994,-0.0031575679298074
33.90000000000021,2,25.436017142862923,0.003002461485916471,3.0429390511953787,-0.002674928505079571
33.90000000000021,3,25.740309959878466,0.0021884980159339205,3.0599056021532576,-0.0022354821353203023
33.90000000000021,4,26.046299755997392,0.0015044621549159098,3.069329506438547,-0.0018556464382517288
33.90000000000021,5,26.35323217901528,0.0009349034454297847,3.0718699457009917,-0.001545412638054224
33.90000000000021,6,26.6604188077588,0.00046017297116346037,3.068941732263948,-0.0013042861499268496
33.90000000000021,7,26.967312720892025,5.989526562293636e-05,3.0625862012556313,-0.0011210506707533862
33.90000000000021,8,27.273571149711035,-0.00028343609314891515,3.054204568891775,-0.0009747659727649181
34.00000000000021,0,25.13425159343782,0.004582602840249069,3.017686896087552,-0.0031575690378229837
34.00000000000021,1,25.43601877910188,0.0036297489516998378,2.996318006041552,-0.002853450483372956
34.00000000000021,2,25.73564936024318,0.0027747656053574666,2.9794803776208543,-0.002534152119469932
34.00000000000021,3,26.033596441998885,0.002019720761834538,2.9674825052714793,-0.0022144914421437893
34.00000000000021,4,26.330343965787375,0.0013625748370204756,2.959580132618504,-0.001914937769723272
34.00000000000021,5,26.626301437989806,0.0007958340042637713,2.9539278276249132,-0.001653741322061576
34.00000000000021,6,26.92169381899973,0.000307330973885463,2.9492740079331927,-0.0014395792767874724
34.00000000000021,7,27.216620916763905,-0.0001172402562659999,2.945141911960591,-0.0012698065509519061
34.00000000000021,8,27.51113487369927,-0.0004912162077571442,2.940709376914361,-0.0011306314386442763
34.100000000000215,0,25.4360197403295,0.004009895711625709,2.9963180060036176,-0.0028534507194628213
34.100000000000215,1,25.73565032159569,0.003154912293993188,3.005216432151876,-0.0024980369131248244
34.100000000000215,2,26.036171027514122,0.0024041989165953168,3.010567075822032,-0.0021499426197071052
34.100000000000215,3,26.337227039831227,0.0017569447686384828,3.0111542795059414,-0.0018258810022836363
34.100000000000215,4,26.638341966231785,0.001207144134793026,3.0070799680421194,-0.0015400784143982857
34.100000000000215,5,26.939049607018724,0.0007440304230213047,2.998220176955535,-0.0013026929954766358
34.100000000000215,6,27.238871370914563,0.00035345449125038315,2.985606699573143,-0.0011155966955820008
34.100000000000215,7,27.537431855463414,2.038126366751866e-05,2.972115150246514,-0.0009718186394192228
34.100000000000215,8,27.834643230593887,-0.0002684543807384877,2.9584891852822945,-0.0008562304434511859
34.200000000000216,0,25.735651259650226,0.0035991781949765113,3.005216432111734,-0.0024980373044704695
34.200000000000216,1,26.036171965569423,0.002848464699401524,2.965229659425944,-0.00227967843262174
34.200000000000216,2,26.33269416132902,0.002172488274437062,2.932357814404412,-0.0020444867915868446
34.200000000000216,3,26.62592933049276,0.0015729720099702889,2.907081936833012,-0.001803719606827764
34.200000000000216,4,26.916637051875508,0.001048616225157503,2.8880432514495036,-0.001574661052622836
34.200000000000216,5,27.205441019983574,0.0005938474898258789,2.872701916897926,-0.0013729561363264179
34.200000000000216,6,27.49271094217896,0.00019943824032014586,2.8595346799253,-0.0012064723861529253
34.200000000000216,7,27.778664203324038,-0.00014555664001644048,2.8490262522637373,-0.001073896290723705
34.200000000000216,8,28.063566665786258,-0.0004515124548795023,2.8398576368433135,-0.0009649504645611966
34.30000000000022,0,26.036172523822536,0.0031214126368668254,2.96522965938757,-0.002279678521524158
34.30000000000022,1,26.332694719706375,0.002445436185110028,2.957382895004576,-0.0020047018479729456
34.30000000000022,2,26.628432415287357,0.0018525694865735593,2.947828367665711,-0.00173438895805308
34.30000000000022,3,26.923214809194587,0.001341301645786589,2.9353503212432126,-0.0014817154746177743
34.30000000000022,4,27.216749519478654,0.000906366405533649,2.919580161657868,-0.0012583732458743865
34.30000000000022,5,27.50870730508248,0.0005389743460751859,2.900234318699783,-0.0010727608189925733
34.30000000000022,6,27.79873057066008,0.00022784863150030062,2.879471251175861,-0.0009265647523100183
34.30000000000022,7,28.086677572527083,-3.8952986903110844e-05,2.8600988376889047,-0.0008143460611212693
34.30000000000022,8,28.372687361874526,-0.00027186398328438383,2.842109397989712,-0.0007242385409466083
34.40000000000022,0,26.332695304344643,0.002789156357348016,2.95738289496485,-0.0020047020330743077
34.40000000000022,1,26.62843300011842,0.002196289603630892,2.9709920140936195,-0.001728213035759083
34.40000000000022,2,26.925531758228942,0.00168283914627952,2.974808921711257,-0.0014657365865113395
34.40000000000022,3,27.223012331377845,0.0012468106749695517,2.966610811012439,-0.0012303713510063562
34.40000000000022,4,27.51967318835266,0.0008818074719691725,2.948662247728101,-0.00103010361225967
34.40000000000022,5,27.814539257347427,0.000578064762486514,2.922837274346588,-0.0008688385965068629
34.40000000000022,6,28.10682287516205,0.0003241174110089485,2.893228623722379,-0.0007449332473753029
34.40000000000022,7,28.396145657750118,0.00010859121168309128,2.8642775345546427,-0.0006514916547104995
34.40000000000022,8,28.68257335097751,-7.801406593870082e-05,2.8369724294310217,-0.0005771930295580563
34.50000000000022,0,26.628433490691606,0.0025419003248361586,2.9709920140561685,-0.0017282132250137701
34.50000000000022,1,26.92553224883138,0.0020284498108334476,2.935379315324555,-0.0015615446576588326
34.50000000000022,2,27.219069822809544,0.0015700774081596897,2.900635344020727,-0.0013895433699772813
34.50000000000022,3,27.509133077710352,0.0011670216767433158,2.866244092286333,-0.0012205018655717418
34.50000000000022,4,27.795757273916898,0.0008171961373967493,2.8330217966943265,-0.0010648129716807379
34.50000000000022,5,28.079059293727198,0.0005155323585197167,2.8004377173354764,-0.000931040250520541
34.50000000000022,6,28.359102944923247,0.000254800372672357,2.770037622430937,-0.00082258313780904
34.50000000000022,7,28.636106614156272,2.69417742758061e-05,2.743874612282644,-0.0007371764902512439
34.50000000000022,8,28.91049400169116,-0.0001753301931885651,2.720866202346097,-0.0006673776059096239
34.60000000000022,0,26.925532536155583,0.002236785284599554,2.935379315288492,-0.0015615446985513697
34.60000000000022,1,27.219070110297967,0.0017784128695754688,2.921318873992661,-0.0013678417142125717
34.60000000000022,2,27.511201724769464,0.0013788228124103287,2.9014306239069887,-0.001181565140815907
34.60000000000022,3,27.801344585141614,0.0010359999637996602,2.8741641151958697,-0.0010115859112794826
34.60000000000022,4,28.08876084999119,0.000745253620845176,2.841404449469695,-0.000864459686930137
34.60000000000022,5,28.37290118936978,0.0004996256913804634,2.8043057556561832,-0.000744094827445426
34.60000000000022,6,28.653331687892887,0.00029095876993341966,2.766315705093116,-0.0006502191272412638
34.60000000000022,7,28.929963200274184,0.00011108764432260127,2.7312661037993426,-0.0005784457008400272
34.60000000000022,8,29.203089765358012,-4.690126030873654e-05,2.6992920114562624,-0.0005208419757442577
34.70000000000022,0,27.21907038824271,0.0020205413783923147,2.921318873964341,-0.0013678417805801498
34.70000000000022,1,27.511202002722374,0.0016209513015060376,2.863954254216615,-0.0012490408912341055
34.70000000000022,2,27.797597205049822,0.001263231796978811,2.810562081330071,-0.0011243873499377078
34.70000000000022,3,28.078653236020795,0.00094721581850492,2.761102370529173,-0.0009999904674383125
34.70000000000022,4,28.354763335418493,0.0006711082595099471,2.7160604390348064,-0.0008841411555848946
34.70000000000022,5,28.62636927379735,0.00043097020926129154,2.674319481704139,-0.0007837473257792808
34.70000000000022,6,28.893801140482903,0.00022137115647924985,2.6369426453997686,-0.0007017376248538342
34.70000000000022,7,29.15749534053318,3.632698474555705e-05,2.6055530454382616,-0.0006367043466606753
34.70000000000022,8,29.418050592773287,-0.00012956969899119842,2.5784304917540686,-0.0005833049133000959
34.800000000000225,0,27.51120216845973,0.0017694523067581375,2.8639542541829934,-0.0012490409069136608
34.800000000000225,1,27.797597370933687,0.001411732797465753,2.822452507023306,-0.001110487854728814
34.800000000000225,2,28.079842447944827,0.001098302938816562,2.7799595918879816,-0.0009757184287734807
34.800000000000225,3,28.357838275297784,0.0008270572013421543,2.7360284294674235,-0.0008506901803033123
34.800000000000225,4,28.63144101959315,0.0005943059776347642,2.692382147648385,-0.0007404655215994507
34.800000000000225,5,28.900679161056626,0.00039494438074284973,2.6493344702460693,-0.0006484269455147116
34.800000000000225,6,29.165612552759917,0.00022315440698704938,2.6087272309471023,-0.0005751222545352363
34.800000000000225,7,29.42648523326699,7.312070664778477e-05,2.5704847216467535,-0.0005185395651419933
34.800000000000225,8,29.683533671345504,-6.0169090264409926e-05,2.535412323816448,-0.00047303599450751075
34.900000000000226,0,27.797597535155553,0.0015849240113203272,2.8224525069915942,-0.0011104878804006782
34.900000000000226,1,28.079842612376307,0.0012714941451661718,2.8025791527224593,-0.0009659340734267107
34.900000000000226,2,28.360100397282157,0.0010007835174507202,2.7745927099853804,-0.0008309292145213199
34.900000000000226,3,28.63755957300899,0.0007702345298587413,2.7369331579580685,-0.0007114957770848167
34.900000000000226,4,28.911252819895147,0.0005755029079007362,2.692474109498332,-0.0006106565817761075
34.900000000000226,5,29.180500181179095,0.00041108521452031536,2.6433160947619294,-0.0005294431289497407
34.900000000000226,6,29.444831754024218,0.0002711366666880083,2.59333338466792,-0.00046662991280070826
34.900000000000226,7,29.704165064867606,0.00015012397801372876,2.544253910252834,-0.00041921715668456777
34.900000000000226,8,29.958590434070203,4.3464492215713584e-05,2.498334990116164,-0.0003816193599493127
35.00000000000023,0,28.079842754844012,0.001452186319733813,2.8025791526952255,-0.0009659341033682628
35.00000000000023,1,28.360100539798257,0.0011814756833763433,2.716397542717693,-0.0008942481428908982
35.00000000000023,2,28.631740185787223,0.0009385623698552243,2.635634597156344,-0.0008201506613582011
35.00000000000023,3,28.895303557364123,0.0007224006482736194,2.561466309772091,-0.0007470365950413293
35.00000000000023,4,29.151450117252125,0.0005310497590303912,2.495742279167076,-0.0006791922846009018
35.00000000000023,5,29.401024288180007,0.00036154088200980226,2.4384276808787715,-0.000619987843850649
35.00000000000023,6,29.64486700986842,0.00021036133963622363,2.391054658844798,-0.0005707181063319075
35.00000000000023,7,29.883972437439095,7.389952830258879e-05,2.3529100562619796,-0.0005308217915659695
35.00000000000023,8,30.119263410327626,-5.099805899249991e-05,2.3231921169737775,-0.0004973067391840305
35.10000000000023,0,28.360100612319435,0.0012710831016119221,2.7163975426863853,-0.0008942481466777636
35.10000000000023,1,28.63174025850026,0.001028169786861631,2.6602292873606883,-0.0007968559505655096
35.10000000000023,2,28.89776310314323,0.0008161878554551803,2.600993795509643,-0.0007056383117207971
35.10000000000023,3,29.157862418444797,0.0006326517836051197,2.5384624360009456,-0.0006243952542892926
35.10000000000023,4,29.41170861291072,0.00047415140408678565,2.475771241291646,-0.0005552418284561667
35.10000000000023,5,29.65928569937021,0.0003366862360744186,2.414937408044672,-0.0004989485574276892
35.10000000000023,6,29.900779410439945,0.00021619328748619744,2.3598743112021525,-0.0004546862029186121
35.10000000000023,7,30.13676681759234,0.00010889306221986738,2.3120041355760703,-0.0004204106331715534
35.10000000000023,8,30.367967210873218,1.169395289484183e-05,2.2723397459520838,-0.0003924299591655323
35.20000000000023,0,28.631740339756636,0.001149909995563303,2.660229287334694,-0.0007968559605822823
35.20000000000023,1,28.897763184437796,0.0009379280612988794,2.5726778276838065,-0.0007346445895251455
35.20000000000023,2,29.15503089809903,0.0007489276935454038,2.4899050986610933,-0.0006726383571198461
35.20000000000023,3,29.40402135212146,0.0005814471386658788,2.412792781224417,-0.0006135400082668712
35.20000000000023,4,29.64530058516993,0.0004334126576649336,2.343240673090153,-0.0005601946974595916
35.20000000000023,5,29.879624616200886,0.0003021455645447231,2.2813459732318804,-0.0005146053637662906
35.20000000000023,6,30.107759183643243,0.00018474628229297102,2.229040045591156,-0.0004772673199754634
35.20000000000023,7,30.330663163246847,7.83614894854503e-05,2.1859542548252326,-0.00044737956005622365
35.20000000000023,8,30.549258567017006,-1.9433632480096022e-05,2.151698098810016,-0.0004224564218573939
35.30000000000023,0,28.897763235341866,0.0010156922561244414,2.5726778276547,-0.0007346445924318677
35.30000000000023,1,29.155030949192234,0.0008266918874583107,2.5148292196433664,-0.0006550266044043805
35.30000000000023,2,29.406513817565745,0.0006619638947220978,2.452791542826006,-0.0005814318490536634
35.30000000000023,3,29.651792930890746,0.0005193507905342157,2.3859573867010075,-0.0005168907668848257
35.30000000000023,4,29.890388638034537,0.00039602286169261743,2.317619852987246,-0.00046280137139246256
35.30000000000023,5,30.12215059900572,0.0002887631008957753,2.2500699936587907,-0.0004193982138003308
35.30000000000023,6,30.347157578908003,0.00019439557004671083,2.1878418720156745,-0.00038571822214424994
35.30000000000023,7,30.56594175026145,0.00011000652444138564,2.1328686577749423,-0.0003599259248143914
35.30000000000023,8,30.779228602379945,3.323905373486287e-05,2.0867542149685137,-0.0003390500897393121
35.40000000000023,0,29.155031002732024,0.0009262143523448887,2.5148292196202364,-0.0006550266105869733
35.40000000000023,1,29.40651387114124,0.000761486357894586,2.4281946297561854,-0.0006029483764548773
35.40000000000023,2,29.649333290292223,0.0006150787657204766,2.3446699684116794,-0.0005524123181856601
35.40000000000023,3,29.883800251841105,0.00048555631503084597,2.2646684043976224,-0.0005055313914678662
35.40000000000023,4,30.110267063681302,0.0003710702229414934,2.190318585038497,-0.00046417829799613687
35.40000000000023,5,30.32929889907736,0.0002694003913118337,2.1221127156464408,-0.0004294912043816804
35.40000000000023,6,30.541510151393272,0.00017825751951584996,2.0627319268969946,-0.00040151663750380445
35.40000000000023,7,30.747783327882672,9.54354030252178e-05,2.012440600582222,-0.000379390973215329
35.40000000000023,8,30.94902737361448,1.9085225104830898e-05,1.9715472752322993,-0.00036110035561952
35.500000000000234,0,29.406513905506195,0.0008265841398997466,2.428194629724989,-0.0006029483784290874
35.500000000000234,1,29.64933332456959,0.00068017654710924,2.3547870427895647,-0.0005485569078937305
35.500000000000234,2,29.884811993875502,0.0005510030836285469,2.2800112875647125,-0.0004972548330237562
35.500000000000234,3,30.112813094774513,0.00043762842507870413,2.205398176516986,-0.0004509917420320149
35.500000000000234,4,30.33335289048862,0.0003381667919025556,2.131281092823887,-0.0004113094201901291
35.500000000000234,5,30.54648098208717,0.00025050519532504443,2.0604958935770536,-0.0003787938215160144
35.500000000000234,6,30.752530557149896,0.00017245488582628602,1.994147837698476,-0.0003532215778483352
35.500000000000234,7,30.951945328787478,0.00010201728274069863,1.9353052088798313,-0.00033346239899970196
35.500000000000234,8,31.145475839295276,3.748213220573788e-05,1.8825375384470229,-0.00031750712922162946
35.600000000000236,0,29.649333355991384,0.0007481658759551173,2.3547870427524398,-0.000548556910250011
35.600000000000236,1,29.88481202496124,0.0006189924117922136,2.2579974233986246,-0.0005111934713514664
35.600000000000236,2,30.1106117382113,0.0005035650626421668,2.1661956529787103,-0.0004744523468361706
35.600000000000236,3,30.327231279440934,0.0004007894053592126,2.0817505264116436,-0.0004397614823529477
35.600000000000236,4,30.5354063124358,0.0003092420385731626,2.003922135304371,-0.0004088012613355879
35.600000000000236,5,30.73579850956234,0.0002273214512066208,1.9339276222071706,-0.00038256495279164474
35.600000000000236,6,30.929191258116248,0.00015333616006984883,1.8712212675482334,-0.00036132464661683776
35.600000000000236,7,31.116313372961937,8.572432523397787e-05,1.817406588793156,-0.0003445077394110952
35.600000000000236,8,31.298054021433998,2.3113262963312743e-05,1.7699671530276935,-0.00033070606450840535
35.70000000000024,0,29.88481204651493,0.0006656967049559907,2.2579974233556936,-0.0005111934722759153
35.70000000000024,1,30.110611759586817,0.0005502693554868543,2.1832272708890916,-0.00046186198765101744
35.70000000000024,2,30.32893446385103,0.0004494343903343316,2.1021877239269733,-0.0004169579647597002
35.70000000000024,3,30.539153218304072,0.0003617820013702502,2.015218884010886,-0.0003782215981839402
35.70000000000024,4,30.740675092784805,0.00028556207248711554,1.9227050117757034,-0.0003464749442318423
35.70000000000024,5,30.932945582768973,0.00021894516264932412,1.8284593816729124,-0.00032163228819605445
35.70000000000024,6,31.1157915119689,0.00016013600618766053,1.7346739145990415,-0.0003029628959205624
35.70000000000024,7,31.289258895777262,0.00010758182373858793,1.646267922227322,-0.00028915749702777425
35.70000000000024,8,31.453885681497162,5.9978753248701986e-05,1.5629901717027344,-0.000278410821095642
35.80000000000024,0,30.11061178261294,0.0006119337051900288,2.1832272708550273,-0.0004618619896734869
35.80000000000024,1,30.328934486553532,0.0005110987394880216,2.071713225739217,-0.0004345168153124864
35.80000000000024,2,30.536105789989357,0.0004210793189587135,1.965109148097645,-0.00040836219617838593
35.80000000000024,3,30.732616688727738,0.00034083169243119993,1.8664614188441846,-0.0003843811529044849
35.80000000000024,4,30.91926281730113,0.00026908843499441344,1.7759324243039114,-0.0003635122570417262
35.80000000000024,5,31.096856048318887,0.00020453111602717898,1.6962485382734547,-0.0003461561494569762
35.80000000000024,6,31.266480892417082,0.00014581443095152335,1.6282891850060377,-0.00033222968573431966
35.80000000000024,7,31.42930980210873,9.171783153681625e-05,1.5753253392733058,-0.00032116521938459165
35.80000000000024,8,31.586842327977205,4.1123861618486024e-05,1.5342053647445655,-0.00031196434312137666
35.90000000000024,0,30.32893450019981,0.0005452802045588316,2.0717132256956727,-0.0004345168158142762
35.90000000000024,1,30.53610580347277,0.0004552607838339657,1.9710960379183564,-0.0003992944068745103
35.90000000000024,2,30.733215392015662,0.00037655602354184177,1.8656130068495467,-0.000367970268881217
35.90000000000024,3,30.919776680390626,0.0003079070131026912,1.7570192974702161,-0.0003416249145732507
35.90000000000024,4,31.09547860033517,0.00024788285752885033,1.6468970850966618,-0.00032053175449830735
35.90000000000024,5,31.260168300621576,0.00019509457721784198,1.5406933062645716,-0.0003043286481659462
35.90000000000024,6,31.414237624335072,0.00014820686683184004,1.440636321070603,-0.00029228324776814124
35.90000000000024,7,31.5583012506758,0.00010609948116315022,1.3487520684016654,-0.00028344064697902963
35.90000000000024,8,31.693176452241705,6.787036581022029e-05,1.271034089880657,-0.0002765798748327167
36.00000000000024,0,30.536105817814796,0.0004992887918530721,1.9710960378846747,-0.00039929440783086697
36.00000000000024,1,30.733215406061472,0.00042058403128411787,1.8581788293137884,-0.0003737271164541751
36.00000000000024,2,30.919033276443294,0.00035113885128128,1.7447420323432623,-0.00035061576894286834
36.00000000000024,3,31.093507469258782,0.00028996544559472105,1.6330027390154593,-0.00033075747610248414
36.00000000000024,4,31.256807734672023,0.00023595266013575725,1.523679442903734,-0.00031452124584982667
36.00000000000024,5,31.40917567166024,0.00018802970526158832,1.4209977838292187,-0.000301805872546781
36.00000000000024,6,31.551275443791805,0.00014514315831267604,1.3259752373972997,-0.0002921867071602445
36.00000000000024,7,31.68387296225794,0.00010639992503370107,1.2396107958522897,-0.00028501963637341486
36.00000000000024,8,31.807834036951256,7.106858370611367e-05,1.1672473903743892,-0.00027940786891636883
36.10000000000024,0,30.73321541619425,0.00045254314352745584,1.8581788292829307,-0.0003737271169483177
36.10000000000024,1,30.919033286215388,0.0003830979633534582,1.7347553481324187,-0.0003555821453069825
36.10000000000024,2,31.092508810415598,0.0003214131617841259,1.6171550946074569,-0.0003387351894695286
36.10000000000024,3,31.25422431079966,0.0002666344290831659,1.5082951712827561,-0.00032375502501408673
36.10000000000024,4,31.405053820247595,0.0002178026158443506,1.4065109464870655,-0.0003110895659801955
36.10000000000024,5,31.545704908534688,0.0001740475285625553,1.3096994610080708,-0.0003009160542420255
36.10000000000024,6,31.676674849013796,0.0001346365697553821,1.220320532145044,-0.0002930862802728316
36.10000000000024,7,31.79870689740896,9.88706497247422e-05,1.1394292383908398,-0.00028718140473398186
36.10000000000024,8,31.91264981670514,6.614836126716953e-05,1.0721791137208005,-0.00028252761753416554
36.200000000000244,0,30.919033293891204,0.00040577917661665467,1.7347553480910791,-0.0003555821455836941
36.200000000000244,1,31.092508817938153,0.0003440943749286451,1.6009737371737909,-0.00033640871683404813
36.200000000000244,2,31.252606183003984,0.00029023622384466256,1.467467468788057,-0.0003198290584466853
36.200000000000244,3,31.39935292259389,0.0002433023507489915,1.3381697653359357,-0.0003063003963977649
36.200000000000244,4,31.533169893061412,0.00020231415843070835,1.214347475946294,-0.00029580115466727817
36.200000000000244,5,31.654604635731957,0.0001663936203996188,1.0987403837796519,-0.00028801352126000494
36.200000000000244,6,31.764478669715995,0.00013474841215018563,1.0023473556343523,-0.0002824156045997749
36.200000000000244,7,31.86471340134958,0.00010644055908586326,0.9269789673801031,-0.00027837752548119806
36.200000000000244,8,31.957411294520753,8.063554832354113e-05,0.8676046568299804,-0.0002752571579884989
36.300000000000246,0,31.092508824725893,0.0003680611596587468,1.6009737371459365,-0.00033640871715701694
36.300000000000246,1,31.25260618951129,0.00031420300845751983,1.4668663818847145,-0.0003215701729910605
36.300000000000246,2,31.39929282049217,0.0002670329616162241,1.335269919242874,-0.00030871985278914133
36.300000000000246,3,31.53281980625737,0.0002258105289697934,1.210174446845254,-0.0002982085187941859
36.300000000000246,4,31.653837245767214,0.00018972209657475115,1.0921914616113342,-0.00029003457188828645
36.300000000000246,5,31.763056387720972,0.00015804476872020005,0.9832464168574839,-0.0002839640449130319
36.300000000000246,6,31.861381025604544,0.0001301241061288968,0.8935820364958929,-0.00027959937773797377
36.300000000000246,7,31.950739225828183,0.0001051396083230514,0.8244394536970439,-0.00027645023132892436
36.300000000000246,8,32.03318316807223,8.234796085819431e-05,0.7706030851671383,-0.0002740165832927602
36.40000000000025,0,31.25260619517693,0.0003327511877950571,1.4668663818293042,-0.0003215701732215249
36.40000000000025,1,31.399292826043176,0.00028558114086128523,1.3017764665565223,-0.0003084565106020946
36.40000000000025,2,31.529470466919175,0.00024542699881741547,1.141940564442587,-0.00029783251597845337
36.40000000000025,3,31.643664518467737,0.00021141629616768776,0.9999671985312583,-0.00028980466120862914
36.40000000000025,4,31.743661234188917,0.00018243678105049868,0.8800572067224594,-0.0002839963874506705
36.40000000000025,5,31.83166695133976,0.00015744347463923168,0.782900424456501,-0.0002799042471615574
36.40000000000025,6,31.909956990731178,0.00013552975953454288,0.7073994308392915,-0.00027705105611042235
36.40000000000025,7,31.980696931106547,0.00011593118384789832,0.6508034997286576,-0.00027502870934529623
36.40000000000025,8,32.04577727862093,9.80322194272685e-05,0.6073224723710724,-0.0002734794618082635
36.50000000000025,0,31.39929283023988,0.00030197321842160386,1.301776466525598,-0.000308456510813176
36.50000000000025,1,31.529470470903842,0.0002618190762954879,1.1468757584494136,-0.000298383685795301
36.50000000000025,2,31.64415804203036,0.00022759817517476876,0.9976464912231664,-0.00029028249923865215
36.50000000000025,3,31.743922687108032,0.00019863824388690823,0.8663991197739559,-0.00028422166366158454
36.50000000000025,4,31.83056259564909,0.00017401330429281012,0.7568515265791481,-0.00027988544843216
36.50000000000025,5,31.906247745368372,0.00015283013167665776,0.6692235508704527,-0.0002768641455839716
36.50000000000025,6,31.973170097902237,0.00013430173125180442,0.6020488802366206,-0.0002747781090293997
36.50000000000025,7,32.033374983658945,0.00011775874617736272,0.5524000539163031,-0.00027331057921459455
36.50000000000025,8,32.08861498699012,0.00010266106850511132,0.514707942207318,-0.00027219141911047947
36.60000000000025,0,31.52947047401829,0.00027441010703509845,1.1468757584233642,-0.00029838368597113476
36.60000000000025,1,31.64415804480734,0.00024018920584343943,1.0157480146727775,-0.0002906803100768822
36.60000000000025,2,31.745732842130682,0.00021066341144191294,0.8889361400713982,-0.00028440787686050627
36.60000000000025,3,31.834626452902558,0.00018538136774616108,0.7693453965765713,-0.00027966382610508265
36.60000000000025,4,31.911560989699783,0.0001638655603027008,0.6676373852587647,-0.0002762778320866906
36.60000000000025,5,31.978324725738375,0.000145420219594172,0.5863651331267419,-0.0002739383212441754
36.60000000000025,6,32.03696123687655,0.00012935743177468526,0.5246929695868234,-0.0002723390155356613
36.60000000000025,7,32.08943053190073,0.00011506799527420157,0.47978226949577674,-0.00027122359224942573
36.60000000000025,8,32.13740875709037,0.00010205516837859786,0.44617260434819095,-0.0002703776565748284
36.70000000000025,0,31.64415804730855,0.0002498184253025154,1.0157480146631013,-0.0002906803102282388
36.70000000000025,1,31.74573284448629,0.00022029263083822714,0.892999852473546,-0.0002845682959885324
36.70000000000025,2,31.835032826244795,0.00019488068651866842,0.7748357823937213,-0.00027965581270882327
36.70000000000025,3,31.912516401806087,0.00017321195374712933,0.6639143553817504,-0.00027600066526196345
36.70000000000025,4,31.978907834960484,0.00015488787359998514,0.5705223822294887,-0.0002734412057734328
36.70000000000025,5,32.03596007110983,0.0001392874409813398,0.49685405018314777,-0.0002717065037370768
36.70000000000025,6,32.08564547431898,0.00012578759346305158,0.4417959469671797,-0.00027054106779733124
36.70000000000025,7,32.1298250674098,0.00011383519888658226,0.40238329802786865,-0.00026973928255718274
36.70000000000025,8,32.1700633957533,0.00010298134081224005,0.37334338884346324,-0.00026913624001609674
36.80000000000025,0,31.745732846491652,0.0002279326483051933,0.892999852467697,-0.0002845682961287756
36.80000000000025,1,31.8350328280816,0.0002025207039291304,0.7790048237077438,-0.0002797496716918772
36.80000000000025,2,31.91293330751287,0.0001807280698183771,0.6696440161262834,-0.0002759329684424287
36.80000000000025,3,31.97989770692081,0.00016225038392651164,0.5673134283220763,-0.0002731460073021108
36.80000000000025,4,32.03662904777883,0.00014675444433222935,0.4819769918466758,-0.00027123746351028085
36.80000000000025,5,32.0848267452486,0.00013368142281735036,0.41553889652841614,-0.0002699730471286316
36.80000000000025,6,32.126380633411245,0.00012246299274379352,0.36667416312487,-0.00026914105938233204
36.80000000000025,7,32.16304804840621,0.0001125942855931781,0.3323450732552814,-0.00026857807562683883
36.80000000000025,8,32.196282554537504,0.00010366822568371972,0.3074931983678777,-0.00026815890783545753
36.900000000000254,0,31.835032830181976,0.00020854398419933127,0.7790048236895835,-0.0002797496718239122
36.900000000000254,1,31.912933309572782,0.00018675135003783788,0.6480652584149853,-0.0002759729816753753
36.900000000000254,2,31.977739832975324,0.00016886650007015295,0.533473119389175,-0.00027319319505225367
36.900000000000254,3,32.0310871429335,0.00015429237764539336,0.4395159214578179,-0.000271308941725765
36.900000000000254,4,32.0750387334648,0.00014236791783539475,0.3659239446781902,-0.0002700899958090564
36.900000000000254,5,32.11163112659956,0.00013248467828514324,0.3107301003410369,-0.000269318515861696
36.900000000000254,6,32.14270413550824,0.00012411614143975212,0.27126098778393815,-0.00026882914558858334
36.900000000000254,7,32.16983023330758,0.00011682385557054454,0.2442356193434096,-0.0002685069207462321
36.900000000000254,8,32.19425379436211,0.00011026596024436018,0.2250955464633705,-0.000268270832380705
37.000000000000256,0,31.91293331073871,0.0001914722124921373,0.6480652583997234,-0.0002759729818012063
37.000000000000256,1,31.977739834147318,0.0001735873624783531,0.5312492270513758,-0.00027328182193350824
37.000000000000256,2,32.03086475488371,0.00015906928696693735,0.42977603763499683,-0.0002713504114255214
37.000000000000256,3,32.073842357069594,0.00014740729663693995,0.3474867137184653,-0.0002700828609962946
37.000000000000256,4,32.10859102717511,0.00013802227616709013,0.2839143265206696,-0.00026929171726878945
37.000000000000256,5,32.136982458798435,0.0001303766986030003,0.23702416807833626,-0.0002688089138795198
37.000000000000256,6,32.16068487475089,0.00012400527776049286,0.2041721240852618,-0.0002685128507556767
37.000000000000256,7,32.18110208642425,0.00011852299391854195,0.18223708794470675,-0.00026832319025136783
37.000000000000256,8,32.19932579456318,0.00011363315029803612,0.16709226329351845,-0.00026818658305235304
37.10000000000026,0,31.977739835000463,0.0001769513121225986,0.5312492270398083,-0.00027328182205590387
37.10000000000026,1,32.03086475572926,0.00016243323656857682,0.4277706690285546,-0.0002714274827833034
37.10000000000026,2,32.07364182105984,0.00015082236509651498,0.338575727626403,-0.0002701353965216819
37.10000000000026,3,32.10749939258724,0.00014167623635461817,0.2670814576125784,-0.0002693197419828038
37.10000000000026,4,32.134207537379226,0.00013448320551230018,0.21266767234569503,-0.00026883285341118443
37.10000000000026,5,32.15547430384524,0.00012876599986075564,0.1732765778721191,-0.0002685493941216513
37.10000000000026,6,32.17280196100816,0.00012411266791549706,0.14632946684678266,-0.00026838327148437125
37.10000000000026,7,32.18743490716644,0.00012018542986009347,0.12888448607379505,-0.0002682808017231611
37.10000000000026,8,32.20032335531041,0.00011672770657805866,0.11723121530574636,-0.00026820875192456664
37.20000000000026,0,32.03086475634336,0.00016475116049913358,0.42777066901905303,-0.00027142748290389274
37.20000000000026,1,32.07364182165521,0.00015314028898731486,0.33677983178292803,-0.000270202233146749
37.20000000000026,2,32.1073198035981,0.00014404042281173935,0.2589855369484996,-0.00026937864238079544
37.20000000000026,3,32.13321835634976,0.0001370639056526608,0.1974058751908642,-0.000268883615115093
37.20000000000026,4,32.152958943153195,0.00013175598517598013,0.15130560215900873,-0.00026860505245394244
37.20000000000026,5,32.16808950282258,0.00012769184030248797,0.11864046632249642,-0.00026845319356227904
37.20000000000026,6,32.17995354902749,0.00012450689913279678,0.09692555402513138,-0.00026836993670693626
37.20000000000026,7,32.18964610408136,0.0001219057086839897,0.08341122395319794,-0.0002683214909013292
37.20000000000026,8,32.19798722617672,0.00011966760631501202,0.07478444772492462,-0.00026828871929507613
