time,horizon_index,x,y,v,yaw
0.0,0,621.7453312493278,-342.3074341578786,2.1694078710785642e-07,2.9057769894867134
0.0,1,621.7453310882445,-342.30743412186507,0.2000116183790011,2.90577699405613
0.0,2,621.7258833372184,-342.3027610966334,0.4000095136794771,2.90646987233347
0.0,3,621.6869828456207,-342.29344234923315,0.6000201587429324,2.9084105067754553
0.0,4,621.6286045923914,-342.27957737167594,0.8000235737828698,2.9119554374853465
0.0,5,621.5507022515815,-342.26136686603525,1.0000276833151456,2.9169843320119497
0.0,6,621.4532113023125,-342.2390937719066,1.2000270831378357,2.9229508476304917
0.0,7,621.3360654148232,-342.21306468938235,1.4000353800760605,2.929153828576424
0.0,8,621.1992091450172,-342.1835456959976,1.6000322776498908,2.935313206910834
0.1,0,621.7453312548395,-342.30743416134754,0.20000020802448581,2.905776991242714
0.1,1,621.7258846181917,-342.3027614059788,0.4000111431697856,2.906895317210944
0.1,2,621.6869800097052,-342.29345917427474,0.6000090939391609,2.909575220018624
0.1,3,621.6285867243537,-342.2796624564792,0.8000193166635938,2.91430276986977
0.1,4,621.5506422628703,-342.2616349603355,1.0000225737640949,2.921142093679663
0.1,5,621.4530600398256,-342.2397675129,1.2000265123420204,2.929529494053958
0.1,6,621.3357454930383,-342.2145096593342,1.4000259320225024,2.938517470000479
0.1,7,621.1986197241938,-342.18627360093524,1.60003388337912,2.9471968936865345
0.1,8,621.0416299995411,-342.1553651393674,1.8000309093737672,2.955416528746845
0.2,0,621.725606301189,-342.304128719843,0.4000001982102535,2.9068925923893865
0.2,1,621.6867027878617,-342.2948266406447,0.6000106273136185,2.910564294544482
0.2,2,621.6282957390592,-342.2810876531362,0.8000086482710755,2.9166489637726896
0.2,3,621.5503102370354,-342.26324331984335,1.0000184090405069,2.9254143366064893
0.2,4,621.4526358857431,-342.24179305651194,1.200021498874206,2.936481791098008
0.2,5,621.335149059344,-342.217351514765,1.400025255313837,2.9487625298882323
0.2,6,621.1977412675814,-342.190521787476,1.600024691273222,2.9609518096599414
0.2,7,621.0403421515339,-342.16177572505944,1.8000322786956515,2.972057942507136
0.2,8,620.8629194900485,-342.1314048936825,2.000029438988542,2.9821856734465504
0.30000000000000004,0,621.6858961655289,-342.2993219991131,0.6000001874500763,2.910540353696133
0.30000000000000004,1,621.6274904678947,-342.2855818566542,0.8000100596765763,2.9181006665503926
0.30000000000000004,2,621.5494790095681,-342.26785072619515,1.000008163780762,2.9287359981790275
0.30000000000000004,3,621.4517349485292,-342.2467252407553,1.2000174143033373,2.9423112034087446
0.30000000000000004,4,621.3341080333826,-342.22296907131124,1.4000203232619681,2.9579016100021955
0.30000000000000004,5,621.1964612569328,-342.1973963172999,1.6000238829324633,2.9739342247650455
0.30000000000000004,6,621.0387022914891,-342.17069605349866,1.800023329281534,2.988913982072094
0.30000000000000004,7,620.8607938035302,-342.14332017397334,2.000030531151379,3.001943823961846
0.30000000000000004,8,620.662737712791,-342.1154806638059,2.200027832063087,3.013473325926137
0.4,0,621.6260640736243,-342.2948364825746,0.8000001755536958,2.9180086323818393
0.4,1,621.5480552183081,-342.2770983956856,1.0000094309498078,2.930085904665784
0.4,2,621.4502826089722,-342.25610485140106,1.2000076323633078,2.9455131875040443
0.4,3,621.3325811828628,-342.23272563403793,1.4000163169178848,2.963635639078559
0.4,4,621.1947903995556,-342.20794263412085,1.6000190289537026,2.9830456340175626
0.4,5,621.0367951375738,-342.1826809351684,1.8000223748962154,3.0018908386339627
0.4,6,620.8585464419914,-342.15761599750346,2.00002182417642,3.0187109409762694
0.4,7,620.6600522914728,-342.13310118217737,2.2000286164831078,3.032835002382583
0.4,8,620.4413492104024,-342.10922132240194,2.4000260647123217,3.045047802188364
0.5,0,621.5461190222145,-342.29187212303054,1.0000001626257387,2.929876879906417
0.5,1,621.44835171924,-342.27085834086085,1.200008744097738,2.9458630952066622
0.5,2,621.3306420194992,-342.2475202913889,1.4000070607685675,2.9650552917701933
0.5,3,621.1928170834499,-342.2229330921392,1.60001512562777,2.986365208621221
0.5,4,621.0347391197017,-342.1981960545008,1.8000176270092463,3.008135697868209
0.5,5,620.8563376343454,-342.17424477213467,2.0000207438370676,3.0284704272230663
0.5,6,620.6576135210967,-342.15166827571875,2.2000201897198646,3.0460703114884415
0.5,7,620.4386141495365,-342.13068508350966,2.400026549323193,3.0604931591159117
0.5,8,620.1994001488597,-342.1112423040246,2.600024151669075,3.072757576231943
0.6,0,621.4461294962896,-342.29042542211903,1.2000001489609033,2.9455546130027512
0.6,1,621.328427863467,-342.26705123449494,1.4000080105321397,2.963825137855502
0.6,2,621.1906332236782,-342.2422944994705,1.600006464673869,2.9849533735618627
0.6,3,621.0325912149908,-342.21733444568895,1.800013864170316,3.0076615845916352
0.6,4,620.8542013584115,-342.19329861854897,2.0000161462731625,3.030270665150308
0.6,5,620.6554369888145,-342.171079916443,2.2000190225048666,3.0509470592873793
0.6,6,620.4363372799046,-342.15116491734244,2.400018461313948,3.068535705167112
0.6,7,620.1969744650999,-342.13364662002164,2.6000243681540383,3.0827358103527214
0.6,8,619.937421197973,-342.11835246718545,2.80002213123547,3.09467593320705
0.7,0,621.3261332676162,-342.28947214107734,1.4000001695692403,2.9635053618017655
0.7,1,621.1883473323562,-342.26467151806355,1.6000093163175384,2.994887436766703
0.7,2,621.0300648282512,-342.24128265060233,1.800007066244607,3.0270817816998035
0.7,3,620.8512423140692,-342.22071558630194,2.0000157769231524,3.0567535511672377
0.7,4,620.6519591984188,-342.2037679334732,2.200018257489583,3.0825763232448544
0.7,5,620.4323392470947,-342.1907917236624,2.400021420539545,3.103514479076473
0.7,6,620.1925096178664,-342.18165504768876,2.600021014933005,3.119643786757405
0.7,7,619.9325681943242,-342.17594871857557,2.8000273689681308,3.1316784932775077
0.7,8,619.6525769095468,-342.17317274965444,3.0000249973072686,3.141287874753764
0.7999999999999999,0,621.1867678113358,-342.3027862495573,1.600000152818144,2.9937387655471825
0.7999999999999999,1,621.0285133735564,-342.2792157201603,1.8000084657805584,3.0197904244864118
0.7999999999999999,2,620.84984570665,-342.25734534801364,2.0000063766352083,3.0463563349509677
0.7999999999999999,3,620.650749670993,-342.23832665136075,2.2000143279202655,3.0709372092011815
0.7999999999999999,4,620.4312923266006,-342.2227949663518,2.4000165650759167,3.0921179253546565
0.7999999999999999,5,620.1915740873212,-342.21092535105095,2.6000194623260855,3.1094370464430208
0.7999999999999999,6,619.9316889990512,-342.2025658440755,2.8000190395246616,3.1229958283131465
0.7999999999999999,7,619.6517104558334,-342.19735875591334,3.0000249027071377,3.1333695088381837
0.7999999999999999,8,619.3516873678407,-342.1948918610067,3.2000227036780657,3.1418853755805403
0.8999999999999999,0,621.0269930880397,-342.31127356852704,1.8000001374739603,3.0192844097871703
0.8999999999999999,1,620.8483376437165,-342.289312928958,2.000007617389751,3.0407955424444557
0.8999999999999999,2,620.649351778762,-342.2691875309381,2.2000057302387903,3.0628979558014624
0.8999999999999999,3,620.4300311335273,-342.2518924487761,2.400012900169169,3.0836671825328263
0.8999999999999999,4,620.1904298995728,-342.2379979009212,2.600014898303593,3.10188932475079
0.8999999999999999,5,619.9306282806645,-342.227677510744,2.800017528336885,3.117081374811474
0.8999999999999999,6,619.6507023345571,-342.2208148366593,3.000017091381509,3.1292081077764715
0.8999999999999999,7,619.3507121388334,-342.2170994716407,3.2000224486588205,3.1386473908008927
0.8999999999999999,8,619.0306975864787,-342.21615702654805,3.4000204290788942,3.1464933028843642
0.9999999999999999,0,620.8470540353655,-342.31595689474386,2.0000001216190118,3.0405656417922513
0.9999999999999999,1,620.6480737208899,-342.29578584145884,2.2000067347318346,3.0582740325843627
0.9999999999999999,2,620.428835537777,-342.2774768343177,2.4000050672119717,3.076910427979425
0.9999999999999999,3,620.1893335949937,-342.2619636656318,2.6000114203120654,3.095009694759481
0.9999999999999999,4,619.9296050058176,-342.24985592717474,2.8000131733944915,3.1114339658192662
0.9999999999999999,5,619.6497107173205,-342.24141195925375,3.000015527024222,3.125552275436748
0.9999999999999999,6,619.3497128072061,-342.23659910972054,3.2000150741633933,3.1370609685171034
0.9999999999999999,7,619.02966504551,-342.2351481613488,3.4000199082627094,3.146053706031463
0.9999999999999999,8,618.6896084304535,-342.23666446566483,3.6000180742686076,3.153487661495962
1.0999999999999999,0,620.6470626684633,-342.31781399388854,2.2000001051660094,3.058179888266355
1.0999999999999999,1,620.4278274907404,-342.2994844549685,2.400005815586688,3.0710447867555586
1.0999999999999999,2,620.1884237128586,-342.28256695631563,2.6000043835510867,3.08519973319126
1.0999999999999999,3,619.9288358834833,-342.26791250348765,2.800009877095876,3.0996243470630063
1.0999999999999999,4,619.6490795629784,-342.25616470271825,3.0000113712220067,3.113330248953504
1.0999999999999999,5,619.3491943561933,-342.247686955322,3.200013530751553,3.125658789068716
1.0999999999999999,6,619.0292271463766,-342.2425881817253,3.400012816079812,3.136158693758483
1.0999999999999999,7,618.6892219516303,-342.24074054501796,3.6000174204416506,3.144702437723396
1.0999999999999999,8,618.3292118936743,-342.24186005118736,3.800015631158268,3.1519793621869194
1.2,0,620.4270746416753,-342.3155177477379,2.4000001212529636,3.071012108043131
1.2,1,620.1876720950135,-342.29859247608647,2.600006902315476,3.089922375135166
1.2,2,619.9280183106484,-342.28516414379055,2.8000048619852427,3.1079079463222774
1.2,3,619.648176564372,-342.2757341917868,3.0000114078373743,3.1237211371195173
1.2,4,619.3482232508588,-342.27037300139705,3.2000130183486046,3.1368624050427067
1.2,5,619.0282251167062,-342.2688593191293,3.400016171251704,3.1474095993083524
1.2,6,618.6882274134241,-342.27083708522116,3.600013584960059,3.15563422506056
1.2,7,618.3282569996765,-342.2758919518352,3.800021132731076,3.1619463338556417
1.2,8,617.948326254937,-342.2836259775522,4.000018016657901,3.1671891996887984
1.3,0,620.1871660246541,-342.32213968872105,2.600000105209272,3.0898315318401215
1.3,1,619.9275141652898,-342.30868780399317,2.800005953757594,3.1026526005189967
1.3,2,619.6477248819504,-342.2977872843044,3.0000042262724964,3.115513834634676
1.3,3,619.3478215850348,-342.289964369234,3.2000098891834714,3.127688418104654
1.3,4,619.0278372666498,-342.28551485549883,3.4000113483575563,3.138579572534084
1.3,5,618.6878075627021,-342.2844900475953,3.6000136541969847,3.147943163604992
1.3,6,618.3277631750675,-342.2867759824925,3.8000130974894017,3.1556641828434033
1.3,7,617.9477309309298,-342.292123100683,4.000016091712824,3.1617958928330525
1.3,8,617.5477340271675,-342.30020442592064,4.195139128714055,3.166995090407791
1.4000000000000001,0,619.9271782666426,-342.3246958377884,2.8000005970986575,3.102634708005392
1.4000000000000001,1,619.6473902693413,-342.3137903662315,3.0000273713736396,3.1100146511872264
1.4000000000000001,2,619.3475366469235,-342.3043184479417,3.2000313009513324,3.1182010057021365
1.4000000000000001,3,619.0276203779779,-342.2968337191991,3.4000531304718313,3.1269483601445818
1.4000000000000001,4,618.6876503633242,-342.29185474359747,3.6000655589586765,3.135696362570191
1.4000000000000001,5,618.3276482522492,-342.28973203819396,3.800074410616586,3.1440161138959364
1.4000000000000001,6,617.9476394288276,-342.290652968387,4.000079623101817,3.151493155272693
1.4000000000000001,7,617.5476480978775,-342.2946132018674,4.200090289452334,3.1578567404160927
1.4000000000000001,8,617.1276917097483,-342.3014440007282,4.390337253338664,3.163465825933044
1.5000000000000002,0,619.6471834344893,-342.32300948201305,3.0000004599574646,3.1100108595727045
1.5000000000000002,1,619.347332685169,-342.31353651551245,3.200021134378117,3.1140639743730203
1.5000000000000002,2,619.0274515150145,-342.3047283908036,3.4000240026848214,3.1197415649031948
1.5000000000000002,3,618.6875299787996,-342.29729955767687,3.600041082429158,3.1271421152612535
1.5000000000000002,4,618.3275631483468,-342.29209748404134,3.800050835327866,3.1355873059554726
1.5000000000000002,5,617.9475645919767,-342.28981543422253,4.000056061511062,3.1443077817213645
1.5000000000000002,6,617.5475601131811,-342.29090149984404,4.200062908112083,3.15246559020985
1.5000000000000002,7,617.1275782860669,-342.29546811428486,4.400069186171424,3.1594464169900958
1.5000000000000002,8,616.6876411311205,-342.30332348143907,4.585436449841055,3.1654845306503594
1.6000000000000003,0,619.3472157665001,-342.3186010159594,3.2000005520246,3.114063397961448
1.6000000000000003,1,619.0273365982086,-342.3097927700053,3.400025971733957,3.1251939281260475
1.6000000000000003,2,618.6873791625338,-342.30421741242185,3.6000283046476125,3.1359289800133956
1.6000000000000003,3,618.3273809145919,-342.30217848639586,3.800049333186541,3.1456875325628273
1.6000000000000003,4,617.9473770458646,-342.30373457280757,4.000061116454647,3.154130206456447
1.6000000000000003,5,617.5473995187524,-342.3087495830881,4.2000671889658765,3.161245710450584
1.6000000000000003,6,617.1274708176521,-342.31700353597626,4.400075499096871,3.16707042007082
1.6000000000000003,7,616.6876032203228,-342.32821281133204,4.600082997067371,3.171714617872082
1.6000000000000003,8,616.2278013332575,-342.34206714168306,4.780572476996701,3.1756477621656303
1.7000000000000004,0,619.027256438852,-342.32369684043135,3.400000405634463,3.1251842183477008
1.7000000000000004,1,618.6873018999311,-342.31811822482723,3.60001929048221,3.1310310563073673
1.7000000000000004,2,618.327319778293,-342.31431610275115,3.8000205349719933,3.1378240854340804
1.7000000000000004,3,617.9473201571412,-342.31288404523866,4.0000364644531725,3.1453864206757287
1.7000000000000004,4,617.5473191359497,-342.31440156523627,4.200045379966086,3.1530954983297583
1.7000000000000004,5,617.1273420657374,-342.3192327099724,4.400047657466985,3.1604260411643876
1.7000000000000004,6,616.68741475966,-342.32751901111783,4.600057586562703,3.1668617454613424
1.7000000000000004,7,616.2275548675013,-342.33914172715913,4.800060484666107,3.1720873903761184
1.7000000000000004,8,615.7477705133931,-342.3537771631492,4.975670194322904,3.1764326097891997
1.8000000000000005,0,618.6872609315453,-342.3254253890789,3.6000002594107325,3.1310297073640614
1.8000000000000005,1,618.3272808200065,-342.32162280066495,3.8000124209474144,3.133501282545838
1.8000000000000005,2,617.9472918330882,-342.318548104837,4.000012680643085,3.1381150663631736
1.8000000000000005,3,617.547292758844,-342.31715707001877,4.2000237986509905,3.145050924892675
1.8000000000000005,4,617.1272926277434,-342.3186095517134,4.40002925626401,3.153384338866516
1.8000000000000005,5,616.6873200170111,-342.3237978112321,4.600027262257573,3.1619891613916256
1.8000000000000005,6,616.2274127102582,-342.33317961491036,4.800039423519372,3.169697501151566
1.8000000000000005,7,615.7475980863953,-342.3466682826827,4.995375565750416,3.1757543787222176
1.8000000000000005,8,615.2483517686741,-342.36373003504247,5.163945019028648,3.1804572930179984
1.9000000000000006,0,618.327261587987,-342.32471213473553,3.800000335693427,3.1335012018667747
1.9000000000000006,1,617.9472737748524,-342.3216374213524,4.000016481187712,3.1430730645148603
1.9000000000000006,2,617.5472723175324,-342.322229592991,4.200016117255996,3.1524301995629678
1.9000000000000006,3,617.127295092728,-342.3267812964201,4.4000308811705064,3.161049830241665
1.9000000000000006,4,616.6873750541458,-342.3353419797279,4.600037618801178,3.1684822637313057
1.9000000000000006,5,616.2275373880177,-342.34770981611473,4.800035666051659,3.1745726642711882
1.9000000000000006,6,615.74779452084,-342.3635374788421,5.0000508764380065,3.1792528183713857
1.9000000000000006,7,615.248143397826,-342.3823633217872,5.191207416562316,3.182611237506676
1.9000000000000006,8,614.729458488516,-342.40365097944937,5.3529616539194365,3.185140166941403
2.0000000000000004,0,617.9473655877703,-342.3335975193455,4.000000173901858,-3.140116927674427
2.0000000000000004,1,617.5473658905071,-342.3341878124589,4.200009131853912,-3.136401143871339
2.0000000000000004,2,617.1273705193082,-342.3363682444291,4.400007852889131,-3.1309114645283307
2.0000000000000004,3,616.6873946162,-342.3410678907709,4.60001713479682,-3.123630105425856
2.0000000000000004,4,616.2274663074436,-342.34933026576346,4.800016896076906,-3.115504294978371
2.0000000000000004,5,615.7476254741568,-342.3618513718709,5.000021748896669,-3.1076639089938016
2.0000000000000004,6,615.247905658666,-342.3788127634308,5.200025477900894,-3.1011999912096337
2.0000000000000004,7,614.7283184289876,-342.39981173079616,5.3792797208191105,-3.096661640796259
2.0000000000000004,8,614.1909219437321,-342.423973811956,5.530640817048074,-3.0936515614542506
2.1000000000000005,0,617.547399709237,-342.3388321836843,4.2000003612055785,-3.1364013921795344
2.1000000000000005,1,617.1274050851794,-342.3410125096332,4.400019664617574,-3.134170792334759
2.1000000000000005,2,616.6874149375628,-342.34427811938303,4.600018938317893,-3.1293650947428837
2.1000000000000005,3,616.2274471417875,-342.34990268584613,4.8000287955009995,-3.121948935549295
2.1000000000000005,4,615.7475366227438,-342.35933112674263,5.0000403924746895,-3.1132948378633563
2.1000000000000005,5,615.2477320360263,-342.37347828023223,5.20004958929271,-3.104990377721772
2.1000000000000005,6,614.7280733971578,-342.39250746288064,5.389815619242137,-3.098394434950886
2.1000000000000005,7,614.1895913111969,-342.41578339918306,5.553558170516661,-3.094009930115245
2.1000000000000005,8,613.6348601655749,-342.44219894342564,5.693101864355122,-3.0913177677894383
2.2000000000000006,0,617.1274292059088,-342.3438006280625,4.400000208953756,-3.1341708232908303
2.2000000000000006,1,616.6874411640676,-342.3470662085007,4.600010929988644,-3.1241535977905928
2.2000000000000006,2,616.2275098784048,-342.35508779153747,4.800009568094966,-3.1148437077969486
2.2000000000000006,3,615.7476804959647,-342.3679257849576,5.000020771873952,-3.1069673510366362
2.2000000000000006,4,615.2479779839124,-342.3852350539156,5.200019528138991,-3.100956390456404
2.2000000000000006,5,614.7284051843988,-342.40636017995666,5.400027217733716,-3.0968258722231754
2.2000000000000006,6,614.1889433603544,-342.4305262946612,5.600030323237854,-3.0943464543094468
2.2000000000000006,7,613.6295651429275,-342.45697447111263,5.770171388401847,-3.093080507457163
2.2000000000000006,8,613.0532267878991,-342.48495583555314,5.907553084967764,-3.092454675333305
2.3000000000000007,0,616.6877121698072,-342.3595810026768,4.6000003506373845,-3.12415765139279
2.3000000000000007,1,616.2277818046388,-342.3676007072013,4.800020191453946,-3.1211514145492183
2.3000000000000007,2,615.7478798056641,-342.3774118694696,5.00001857039111,-3.116143555586936
2.3000000000000007,3,615.2480393088775,-342.39013510958296,5.200024947160566,-3.1093534188788317
2.3000000000000007,4,614.7283052833561,-342.40689674893804,5.400044445313135,-3.102135203239447
2.3000000000000007,5,614.1887166599374,-342.4281986088932,5.600046804414365,-3.095920036850127
2.3000000000000007,6,613.6292874241769,-342.45376701827183,5.782518291649014,-3.091659079941663
2.3000000000000007,7,613.0517437784325,-342.4826298977884,5.934379560462484,-3.0895048927185926
2.3000000000000007,8,612.4590969081651,-342.51352758253717,6.058839176627281,-3.0886465555792237
2.400000000000001,0,616.227862716607,-342.3713575406765,4.80000068440963,-3.1211515088592083
2.400000000000001,1,615.7479624589973,-342.3811686263891,5.000036251621145,-3.1144995774700406
2.400000000000001,2,615.2481418649115,-342.3947136235303,5.200037304929219,-3.1081523735767105
2.400000000000001,3,614.7284283801048,-342.41209947161667,5.400053844196684,-3.102624172979972
2.400000000000001,4,614.1888324625356,-342.43313735506905,5.60007589021567,-3.09833101980779
2.400000000000001,5,613.6293483427557,-342.4573566624308,5.800094276401987,-3.0953863955497942
2.400000000000001,6,613.0499575313447,-342.48414721113886,5.98009356185471,-3.093687044220066
2.400000000000001,7,612.4526339069155,-342.5127842722135,6.126182243768,-3.092930347417356
2.400000000000001,8,611.8407406660981,-342.5425839333408,6.243147823337626,-3.0926670761676363
2.500000000000001,0,615.7482045853918,-342.38947907303145,5.000001053598563,-3.114500573926306
2.500000000000001,1,615.2483871719912,-342.4030234908314,5.200067414742019,-3.1113705801333826
2.500000000000001,2,614.7286170535131,-342.41873681390757,5.40004272563683,-3.107429180712848
2.500000000000001,3,614.1889270829986,-342.43718167927034,5.6001262608195,-3.1029345478549106
2.500000000000001,4,613.6293320661862,-342.4588253482651,5.80012278919958,-3.098438389036737
2.500000000000001,5,613.0498582304447,-342.4838476527292,5.983965959404474,-3.0946193900961236
2.500000000000001,6,612.4521178160653,-342.51194615227337,6.139654146923691,-3.091987088069069
2.500000000000001,7,611.8389002240093,-342.5423901672747,6.265536234001916,-3.0906352950848177
2.500000000000001,8,611.2131494985808,-342.5743044557185,6.369245998890536,-3.090235358878762
2.600000000000001,0,615.2485099012665,-342.40693396036914,5.200000345574654,-3.111370676492905
2.600000000000001,1,614.7287470801036,-342.42264700753924,5.400025091684096,-3.1066404394498655
2.600000000000001,2,614.189074141326,-342.4415174583943,5.600010216532224,-3.1024892414345473
2.600000000000001,3,613.6295009641846,-342.46340983922505,5.800030672481572,-3.0992409841083606
2.600000000000001,4,613.0500177504038,-342.48796660481827,6.000044637449905,-3.096896737425734
2.600000000000001,5,612.4506122969383,-342.51477543510975,6.1844001189625395,-3.095365350827352
2.600000000000001,6,611.8328327534141,-342.54335407695055,6.336966430343505,-3.0944896336488203
2.600000000000001,7,611.1998387040863,-342.5731920786534,6.456538419477431,-3.0940837902877014
2.600000000000001,8,610.5549130054997,-342.6038548388239,6.552511583462317,-3.093947390679008
2.700000000000001,0,614.7289600200522,-342.42855567572326,5.399999808110777,-3.1066407496429673
2.700000000000001,1,614.1892900079455,-342.4474258537695,5.599981820998737,-3.1065427295569803
2.700000000000001,2,613.6296359284516,-342.4670497222116,5.795653637079244,-3.10484740208901
2.700000000000001,3,613.0504618929868,-342.4883412009809,5.974176438829778,-3.1014967821208153
2.700000000000001,4,612.4535241079245,-342.5122887795761,6.133064568517888,-3.097245518011393
2.700000000000001,5,611.8408192834556,-342.5394783207207,6.27161288080107,-3.0932345567078228
2.700000000000001,6,611.2143878567335,-342.5697950110509,6.390667246785943,-3.0904145167457115
2.700000000000001,7,610.5761520220155,-342.60248731873946,6.490689200732238,-3.089079390182153
2.700000000000001,8,609.927970025826,-342.63655684527276,6.576292876286396,-3.0888848652087337
2.800000000000001,0,614.1892941933488,-342.44754830950546,5.5999818064647275,-3.1065427289379555
2.800000000000001,1,613.6296401860438,-342.4671721749062,5.800048608850865,-3.1028300513231537
2.800000000000001,2,613.0500712232354,-342.4896490335251,5.9999275103317,-3.0995163642306514
2.800000000000001,3,612.4506097497922,-342.51488704323674,6.188600366525748,-3.0969827663993352
2.800000000000001,4,611.8323655350891,-342.5424851570741,6.353139051093901,-3.0953440207296197
2.800000000000001,5,611.1977306754528,-342.5718570935715,6.491114974352044,-3.0945197524339783
2.800000000000001,6,610.5493372576335,-342.6024014102362,6.604696601654911,-3.0942604437150107
2.800000000000001,7,609.8896058303085,-342.63365128726394,6.696493698494178,-3.0942977241137775
2.800000000000001,8,609.2207036286061,-342.66531056796697,6.773065662557978,-3.0944166221491236
2.9000000000000012,0,613.6298215265485,-342.47180936760094,5.799982188565372,-3.10283017181315
2.9000000000000012,1,613.0502589854965,-342.49428590839,5.978021644865033,-3.1019837594438995
2.9000000000000012,2,612.4529256949942,-342.5179580001844,6.146427668917403,-3.100203288204094
2.9000000000000012,3,611.8388092779182,-342.54339041448253,6.3016902892087465,-3.0977468882004833
2.9000000000000012,4,611.209245552652,-342.5710118255614,6.44311196718022,-3.0953190786665608
2.9000000000000012,5,610.5656230202591,-342.6008158280746,6.568849672773938,-3.0935867290827592
2.9000000000000012,6,609.9094928215712,-342.6323382027749,6.67752836381023,-3.092820205650832
2.9000000000000012,7,609.2425313888973,-342.66489338600525,6.767236189858495,-3.0927587637938516
2.9000000000000012,8,608.5666118675326,-342.6979274527091,6.841063515007469,-3.0929874732048583
3.0000000000000013,0,613.0503014062571,-342.4953430693446,5.978020949650789,-3.1019837631806935
3.0000000000000013,1,612.4529686398857,-342.5190151355774,6.178103401874596,-3.0995591656626447
3.0000000000000013,2,611.8357044499962,-342.5449761922598,6.3779292651753625,-3.0974416123404547
3.0000000000000013,3,611.198533509725,-342.57312624571557,6.55774656843697,-3.0958762444932786
3.0000000000000013,4,610.5434444596851,-342.603095446191,6.711174702542983,-3.0949109176500516
3.0000000000000013,5,609.8730585184815,-342.6344129782236,6.836778807741536,-3.0944586415717668
3.0000000000000013,6,609.1901403035286,-342.66662551204996,6.936398066085605,-3.09435330165812
3.0000000000000013,7,608.4972746054573,-342.69938040721826,7.0142933711926405,-3.094434403726865
3.0000000000000013,8,607.7966252929202,-342.7324463180332,7.076332801596583,-3.094571556890366
3.1000000000000014,0,612.4530954647671,-342.5220432036732,6.1780213884570045,-3.099559193761544
3.1000000000000014,1,611.8358391320099,-342.54800391352967,6.378108335133225,-3.098008350139954
3.1000000000000014,2,611.1986341090693,-342.5757936489606,6.577977298194149,-3.0967627488825276
3.1000000000000014,3,610.5414973935774,-342.6052727761063,6.762773512156558,-3.0959116555624346
3.1000000000000014,4,609.8659256713597,-342.6361550507848,6.917831379053981,-3.095402367049437
3.1000000000000014,5,609.1748805171405,-342.6680973444097,7.040415537242127,-3.0951473423315488
3.1000000000000014,6,608.4715983215708,-342.7007850127999,7.133482676543623,-3.095048965009278
3.1000000000000014,7,607.7590226546696,-342.7339748837213,7.203027088472317,-3.0950336700447845
3.1000000000000014,8,607.0395005410498,-342.7674993307758,7.256389599515167,-3.095044864949518
3.2000000000000015,0,611.8359233720751,-342.5499406306759,6.378021644865103,-3.098008357161874
3.2000000000000015,1,611.1987268932922,-342.57772998925617,6.5098255156204425,-3.0979138963038038
3.2000000000000015,2,610.5483652214126,-342.60615505788985,6.631736958125337,-3.097394326053396
3.2000000000000015,3,609.885839172294,-342.6354566838438,6.740321133939417,-3.096521334985998
3.2000000000000015,4,609.2124915344195,-342.66582591711983,6.835825934823855,-3.0955360305594244
3.2000000000000015,5,608.5296336165911,-342.69729830422193,6.920121417063336,-3.094704494051899
3.2000000000000015,6,607.8383814747716,-342.7297336202188,6.993394085222364,-3.094201642103327
3.2000000000000015,7,607.1398262934197,-342.7628636661968,7.056329732302777,-3.0940606341445207
3.2000000000000015,8,606.4349891979416,-342.7963912537398,7.1100463959444005,-3.094110474134114
3.3000000000000016,0,611.1987320488437,-342.5778479527229,6.509825515620541,-3.0979138963024653
3.3000000000000016,1,610.5483703818305,-342.60627302119383,6.698482117100718,-3.096915621112161
3.3000000000000016,2,609.8791905778176,-342.6361898967556,6.864194064750238,-3.0960902311133847
3.3000000000000016,3,609.1934816500539,-342.66741286582635,7.001160092919918,-3.0955237093876846
3.3000000000000016,4,608.4941084524211,-342.6996550636096,7.11096551789307,-3.095201094434458
3.3000000000000016,5,607.7837769659809,-342.7326321096481,7.1979386023796215,-3.095060535335501
3.3000000000000016,6,607.0647622238848,-342.76611355720775,7.2650658470561025,-3.095030367958012
3.3000000000000016,7,606.3390430354934,-342.7999291427343,7.316361455335233,-3.0950498393869452
3.3000000000000016,8,605.6081991748761,-342.83396925582883,7.3580578141217705,-3.0950800605867403
3.4000000000000017,0,610.5484260635183,-342.6075196206451,6.69848211710078,-3.0969156228491093
3.4000000000000017,1,609.879246261549,-342.6374364949415,6.746833912573164,-3.0970952273826864
3.4000000000000017,2,609.2052307032785,-342.66744826310475,6.800205991735501,-3.096786035245878
3.4000000000000017,3,608.5258925963715,-342.6979074928123,6.857611220314816,-3.096062334168552
3.4000000000000017,4,607.840842103243,-342.7291196313927,6.917229425438327,-3.0952005234111386
3.4000000000000017,5,607.1498632836267,-342.76119862812493,6.977427939156182,-3.094474707576221
3.4000000000000017,6,606.4528946373102,-342.79406268379216,7.034760854494049,-3.0940256037784426
3.4000000000000017,7,605.750213836075,-342.8275123691135,7.087054862794841,-3.093868542941716
3.4000000000000017,8,605.0423146992973,-342.8613218989095,7.134831089702698,-3.0939328074107304
3.5000000000000018,0,609.8792362722197,-342.6372122116245,6.746833912573219,-3.0970952273753722
3.5000000000000018,1,609.2052207143793,-342.66722397976844,6.837339116362087,-3.0962628529079628
3.5000000000000018,2,608.5221891460428,-342.69820688867173,6.9227641745231585,-3.0955667519913233
3.5000000000000018,3,607.8306458526449,-342.7300582865839,7.000639830703591,-3.0951198664606183
3.5000000000000018,4,607.1313376984547,-342.7625805018462,7.070675714415861,-3.0949259829606337
3.5000000000000018,5,606.4250398777924,-342.7955650172639,7.133656480101971,-3.0949134679459576
3.5000000000000018,6,605.7124512333367,-342.828852255232,7.18864880407258,-3.0949896614437313
3.5000000000000018,7,604.9943667765992,-342.86234138713064,7.235772731667661,-3.0950796536574696
3.5000000000000018,8,604.2715720042956,-342.8959850057678,7.277399702892897,-3.0951474113105926
3.600000000000002,0,609.2052677986832,-342.66826338108774,6.837339116362188,-3.096262853844594
3.600000000000002,1,608.5222362318273,-342.6992462892712,6.960749368740904,-3.0958996527745724
3.600000000000002,2,607.8268878117726,-342.7310409757702,7.070341785884324,-3.095581599193309
3.600000000000002,3,607.1206018914078,-342.7635608872639,7.162472191885669,-3.0953380364067895
3.600000000000002,4,606.4051207343595,-342.7966788161084,7.23829889366185,-3.0951656672608827
3.600000000000002,5,605.6820707966064,-342.83027198549553,7.300808191455147,-3.0950520410280107
3.600000000000002,6,604.9527804882684,-342.8642381307573,7.351319465261747,-3.0949832311719847
3.600000000000002,7,604.2184468115003,-342.89848980639573,7.391961161444346,-3.094954719341623
3.600000000000002,8,603.4800542926248,-342.9329518983013,7.42661659466896,-3.094969256455002
3.700000000000002,0,608.5222569551494,-342.6996998174124,6.960749368740946,-3.095899652783201
3.700000000000002,1,607.8269085419968,-342.7314945036111,7.010800514619098,-3.095789091199643
3.700000000000002,2,607.1265637831327,-342.76359524036354,7.066562836071545,-3.095584164649022
3.700000000000002,3,606.4206552854133,-342.79609595921414,7.126770437205647,-3.0953476842965033
3.700000000000002,4,605.7087401674733,-342.8290419413986,7.188813158316352,-3.0951607250353854
3.700000000000002,5,604.9906336313165,-342.86240899518134,7.249958324929564,-3.095065595392669
3.700000000000002,6,604.2664223692307,-342.89612875005207,7.30552169979729,-3.095047859953544
3.700000000000002,7,603.536661384946,-342.93011987435597,7.352302612387948,-3.095068369397853
3.700000000000002,8,602.8022266763141,-342.96431359791006,7.39092006700811,-3.095097004902575
3.800000000000002,0,607.8269148683576,-342.73163256070745,7.010800514619232,-3.0957890912016586
3.800000000000002,1,607.1265701095012,-342.76373329745815,7.11786142469775,-3.0955602654165615
3.800000000000002,2,606.4155379644367,-342.79648694321384,7.216655596627992,-3.0953638741607117
3.800000000000002,3,605.6946434031786,-342.8298367795753,7.303129095612841,-3.095229574168568
3.800000000000002,4,604.9651152696365,-342.8636842059243,7.376112467231629,-3.095158889936169
3.800000000000002,5,604.2282990597862,-342.89792196582016,7.4364631715619325,-3.09513573364529
3.800000000000002,6,603.4854550839359,-342.9324570575808,7.485942764781849,-3.0951402295509878
3.800000000000002,7,602.7376683309593,-342.9672185716371,7.524753269270743,-3.095154267181094
3.800000000000002,8,601.9860042236737,-343.0021497534855,7.555276606356334,-3.095168465173065
3.900000000000002,0,607.1265832644981,-342.7640190270017,7.117861424697817,-3.095560265435551
3.900000000000002,1,606.4155511194424,-342.7967726727435,7.250344949364995,-3.0954317439792907
3.900000000000002,2,605.6912889497825,-342.8302290399397,7.367210378039059,-3.0953250983579705
3.900000000000002,3,604.9553563157349,-342.864303161209,7.463483384499513,-3.095252390523978
3.900000000000002,4,604.2098091955545,-342.8988767624438,7.539292906607691,-3.095211095111534
3.900000000000002,5,603.4566907043256,-342.9338326416477,7.597418888092981,-3.095191855522212
3.900000000000002,6,602.6977665438123,-342.96907262295827,7.641568414178368,-3.095185192248956
3.900000000000002,7,601.9344324183155,-343.00452247441643,7.67364878782278,-3.0951845605625623
3.900000000000002,8,601.1678937310132,-343.0401216335611,7.6972575362390545,-3.095186316997321
4.000000000000002,0,606.4155585301364,-342.7969331535511,7.250344949364986,-3.09543174398242
4.000000000000002,1,605.6912963605172,-342.83038952074344,7.401449086536166,-3.0953619182324292
4.000000000000002,2,604.951942259622,-342.8645947767366,7.5306762882255045,-3.0953022685267824
4.000000000000002,3,604.1996813231315,-342.8994421190033,7.632359685555997,-3.0952577255337688
4.000000000000002,4,603.4372645134001,-342.93479394990237,7.707840024303141,-3.0952279286474815
4.000000000000002,5,602.6673088349202,-342.9705183355795,7.761627818170768,-3.09520958114349
4.000000000000002,6,601.8919808171499,-343.00650624289983,7.79915372148144,-3.0951984939562163
4.000000000000002,7,601.1129046451454,-343.042676782288,7.823797658868533,-3.095192911580833
4.000000000000002,8,600.3313669331083,-343.078965977006,7.840116709816689,-3.095190724277579
4.100000000000001,0,605.6913003933616,-342.8304767097144,7.401449086536219,-3.09536191823251
4.100000000000001,1,604.9519462926296,-342.86468196569996,7.408171477893735,-3.0953665801188377
4.100000000000001,2,604.2119205114157,-342.89891483881013,7.422490427047899,-3.095333191795172
4.100000000000001,3,603.4704655104625,-342.93323863518935,7.443707746068809,-3.0952769581740665
4.100000000000001,4,602.7268929841525,-342.9677023605761,7.4694521493896335,-3.0952218309784634
4.100000000000001,5,601.980750685679,-343.00232641312584,7.4978433436593015,-3.0951833647718034
4.100000000000001,6,601.2317736567821,-343.03711088114983,7.527455005086808,-3.0951661470894214
4.100000000000001,7,600.4798392512422,-343.0720456720457,7.55512177479783,-3.0951636835573675
4.100000000000001,8,599.7251412362438,-343.10711072317304,7.579468448442319,-3.0951670763642225
4.200000000000001,0,604.9519460233386,-342.86467614456353,7.408171477893865,-3.0953665801188395
4.200000000000001,1,604.2119202421275,-342.89890901767353,7.454381740041434,-3.0953116673862473
4.200000000000001,2,603.4672802637093,-342.9333963168814,7.499350615034164,-3.0952598159193765
4.200000000000001,3,602.7181500129539,-342.96813050573746,7.5410046397906605,-3.0952206765690633
4.200000000000001,4,601.9648601975236,-343.0030871037677,7.578219532302772,-3.0951973864741373
4.200000000000001,5,601.2078537117486,-343.03823384353234,7.611149425920025,-3.095187248613919
4.200000000000001,6,600.4475581379813,-343.07354101538635,7.6405086976170855,-3.095185443056187
4.200000000000001,7,599.6843298616964,-343.108985759288,7.665120809381602,-3.095187428968324
4.200000000000001,8,598.9186429534159,-343.14454315955504,7.685294502696482,-3.095190306582638
4.300000000000001,0,604.2119234171709,-342.8989775851154,7.454381740041482,-3.0953116673863637
4.300000000000001,1,603.4672834387547,-342.93346488432326,7.532022576454921,-3.0952741768265986
4.300000000000001,2,602.7148889972171,-342.96833959242906,7.600726629888431,-3.0952416847076205
4.300000000000001,3,601.9556326627974,-343.00355708333586,7.657311868305565,-3.0952185704544486
4.300000000000001,4,601.1907247021586,-343.0390544386876,7.701843666008361,-3.095204929804908
4.300000000000001,5,600.4213688363914,-343.0747687266738,7.736339156487729,-3.0951983683027553
4.300000000000001,6,599.6485673677225,-343.1106480447459,7.763442259559793,-3.095196113331153
4.300000000000001,7,598.8730585862824,-343.1466548093746,7.783728427710691,-3.0951959061128376
4.300000000000001,8,598.0955233785307,-343.18275582216137,7.798899035888952,-3.0951963835220253
4.4,0,603.467285608341,-342.93351169728254,7.532022576454864,-3.095274176826738
4.4,1,602.7148911668035,-342.96838640538857,7.6616717986953295,-3.095249314004489
4.4,2,601.9495465902661,-343.0038804428799,7.767562281425298,-3.0952301795450996
4.4,3,601.1736250231945,-343.03987988343783,7.846660687864468,-3.095216285934744
4.4,4,600.3898026202992,-343.07625680254216,7.90084651359661,-3.0952075352205917
4.4,5,599.6005677813217,-343.112891832128,7.934583673143117,-3.0952033221224546
4.4,6,598.8079630101269,-343.1496866351405,7.953770543587992,-3.0952018960636445
4.4,7,598.0134416686321,-343.1865715458748,7.964538777266649,-3.095201237275149
4.4,8,597.2178446866387,-343.2235069174735,7.9706564820546495,-3.095200710424865
4.5,0,602.7148926064314,-342.9684174505503,7.661671798695458,-3.0952493140044854
4.5,1,601.9495480299094,-343.0039114880408,7.646832492052988,-3.095250922367881
4.5,2,601.1856857338381,-343.0393355512738,7.638078517560177,-3.0952424402039878
4.5,3,600.4226981955569,-343.07472553337925,7.637356237063143,-3.0952262856886
4.5,4,599.6597833795005,-343.11012449342184,7.642726336580791,-3.0952092760386742
4.5,5,598.8963327332636,-343.1455613297792,7.6521285726470785,-3.0951960433754775
4.5,6,598.1319433441529,-343.1810518761604,7.664480174011704,-3.0951884283741955
4.5,7,597.3663203947317,-343.21660553945196,7.679273477797845,-3.0951863591362763
4.5,8,596.5992197810854,-343.25222941260427,7.694312321649698,-3.095187045019231
4.6,0,601.9495479367656,-343.0039094797402,7.646832492053113,-3.0952509223677716
4.6,1,601.1856856406948,-343.0393335429736,7.671732984607755,-3.095233870636465
4.6,2,600.4193365747694,-343.0748860256862,7.694173872472343,-3.0952190198248415
4.6,3,599.6507463606647,-343.11055391855655,7.714724824043116,-3.0952078884659557
4.6,4,598.8801036589032,-343.14632565780505,7.732597268947015,-3.0952011613538346
4.6,5,598.107675876192,-343.1821854644544,7.7476495193811825,-3.0951980941926918
4.6,6,597.3337445981012,-343.21811744946706,7.760833854048746,-3.0951973212509447
4.6,7,596.5584963330405,-343.2541111799002,7.773554771703461,-3.095197562547498
4.6,8,595.7819773363743,-343.290163720911,7.785283151737421,-3.0951980667448207
4.699999999999999,0,601.1856866284057,-343.03935483474584,7.671732984607703,-3.095233870636516
4.699999999999999,1,600.4193375624807,-343.0749073174584,7.728604136051094,-3.0952230818997837
4.699999999999999,2,599.6473078779657,-343.1107316827089,7.775545520795313,-3.095214151759424
4.699999999999999,3,598.8705894224831,-343.1467805713629,7.8120067150683274,-3.0952074961553695
4.699999999999999,4,598.0902290092765,-343.18300369472877,7.838302623240101,-3.0952032616211325
4.699999999999999,5,597.3072419875493,-343.2193520639295,7.856054742415328,-3.0952009553164648
4.699999999999999,6,596.522481747692,-343.255784564495,7.868055985060092,-3.095199863810227
4.699999999999999,7,595.7365227146121,-343.29227357877386,7.877401533283441,-3.095199468733024
4.699999999999999,8,594.9496301466777,-343.3288062449906,7.884950543800145,-3.0951993456963827
4.799999999999999,0,600.4193381875712,-343.0749207888879,7.728604136051134,-3.0952230818998525
4.799999999999999,1,599.6473085030564,-343.1107451541384,7.810616679127747,-3.0952164957949995
4.799999999999999,2,598.8670866180287,-343.14695481039803,7.876221942986367,-3.095210983273242
4.799999999999999,3,598.0803114616657,-343.1834729467307,7.923975978937739,-3.0952066648719923
4.799999999999999,4,597.2887661960146,-343.22021591306327,7.95524132942814,-3.095203758334932
4.799999999999999,5,596.4940978655501,-343.25710616454575,7.973248438562507,-3.0952021051880756
4.799999999999999,6,595.6976308224507,-343.2940812357389,7.982443600829374,-3.095201243184782
4.799999999999999,7,594.9002452842961,-343.3310996358445,7.987405748780049,-3.09520073445906
4.799999999999999,8,594.1023640840623,-343.36814145370084,7.990133485615035,-3.0952003661117207
4.899999999999999,0,599.647308884704,-343.11075337791647,7.81061667912784,-3.095216495795022
4.899999999999999,1,598.8670869996765,-343.1469630341762,7.7546435697393274,-3.095218213718706
4.899999999999999,2,598.0924563457054,-343.1829118709437,7.711440109341253,-3.0952155456239816
4.899999999999999,3,597.3221414883458,-343.2186624811618,7.684332163044589,-3.095209512544597
4.899999999999999,4,596.5545347258424,-343.2542920486599,7.670833691786226,-3.09520301634592
4.899999999999999,5,595.7882765897627,-343.28986400622165,7.667695302545444,-3.0951980497967475
4.899999999999999,6,595.0223321315823,-343.32542521423227,7.672465492515388,-3.09519533163641
4.899999999999999,7,594.255911264416,-343.36101062866663,7.683209814719925,-3.0951946920451734
4.899999999999999,8,593.4884171440831,-343.3966463668776,7.6961775373875385,-3.0951950716730767
4.999999999999998,0,598.8670869001204,-343.1469608890769,7.754643569739438,-3.0952182137187325
4.999999999999998,1,598.0924562461496,-343.18290972584407,7.744352365221375,-3.0952117885490416
4.999999999999998,2,597.3188538369075,-343.21881582535866,7.737637528247324,-3.0952061353212543
4.999999999999998,3,596.5459223920718,-343.2546951616015,7.736255629491284,-3.095201998092729
4.999999999999998,4,595.7731291368871,-343.2905712872181,7.738855721688255,-3.0951996809130553
4.999999999999998,5,595.0000762353757,-343.3264612618094,7.744161750008071,-3.095198837074021
4.999999999999998,6,594.226493332246,-343.3623764965937,7.751846650765218,-3.0951988409479085
4.999999999999998,7,593.4521427657957,-343.39832736877725,7.762013118911181,-3.0951991312359004
4.999999999999998,8,592.6767766359931,-343.43432516508517,7.772776929740691,-3.095199445543603
5.099999999999998,0,598.0924566185115,-343.1829177486694,7.744352365221446,-3.095211788549023
5.099999999999998,1,597.3188542092702,-343.2188238481843,7.7714238704465926,-3.0952079593325443
5.099999999999998,2,596.5425476987527,-343.25485843531544,7.793978735467672,-3.095204735294809
5.099999999999998,3,595.7639882442006,-343.29100011509195,7.8124779399818545,-3.095202311892643
5.099999999999998,4,594.9835809470023,-343.3272294692953,7.826670104353636,-3.095200768937575
5.099999999999998,5,594.2017560162174,-343.36352584414277,7.837104799598589,-3.095199934541111
5.099999999999998,6,593.418888768914,-343.3998712633671,7.845388497162559,-3.0951995720237457
5.099999999999998,7,592.6351940563275,-343.43625538323624,7.853436813309377,-3.0951995199414304
5.099999999999998,8,591.8506953799938,-343.47267686918974,7.86093753305641,-3.0951995855430243
5.1999999999999975,0,597.3188544312152,-343.21882862956045,7.771423870446621,-3.0952079593325337
5.1999999999999975,1,596.5425479206979,-343.2548632166918,7.828496134952111,-3.095205529666665
5.1999999999999975,2,595.760540410489,-343.2911643368757,7.873981955260344,-3.095203541302592
5.1999999999999975,3,594.973989283713,-343.327677940987,7.907289972791657,-3.095202054998082
5.1999999999999975,4,594.1841109929007,-343.36434717662314,7.929222164549825,-3.0952011009037603
5.1999999999999975,5,593.3920418775732,-343.40111887622845,7.942004744709759,-3.0952005757831165
5.1999999999999975,6,592.5986958988422,-343.4379502715417,7.9489918681222616,-3.0952003145274656
5.1999999999999975,7,591.8046519691586,-343.47481427739467,7.953700985007225,-3.0952001897389856
5.1999999999999975,8,591.0101376390583,-343.5117002212529,7.957127359463167,-3.095200119378597
5.299999999999997,0,596.5425480615288,-343.2548662505087,7.828496134952171,-3.0952055296667678
5.299999999999997,1,595.7605405513202,-343.291167370692,7.7519319502854875,-3.095206296620396
5.299999999999997,2,594.9861811960789,-343.3271128651019,7.692400149029405,-3.0952053851693924
5.299999999999997,3,594.2177686499114,-343.36278301256357,7.6539364568823665,-3.095203172124036
5.299999999999997,4,593.4531984139795,-343.3982764934733,7.633507736671962,-3.0952007610264403
5.299999999999997,5,592.6906689377008,-343.433677079129,7.626931277200733,-3.0951989300077694
5.299999999999997,6,591.9287964645653,-343.46904856128936,7.630757395365739,-3.0951979705906956
5.299999999999997,7,591.1665418252547,-343.5044385191901,7.642103006287047,-3.095197818178912
5.299999999999997,8,590.4031538510872,-343.53988121216094,7.656366645607537,-3.095198050512662
5.399999999999997,0,595.76054050686,-343.291166413028,7.751931950285589,-3.095206296620341
5.399999999999997,1,594.9861811516184,-343.32711190743805,7.724915065936229,-3.0952038692609145
5.399999999999997,2,594.2145206656805,-343.3629339983987,7.705215797898754,-3.0952017896048307
5.399999999999997,3,593.4448280616737,-343.3986663403166,7.695173189035956,-3.0952003648173783
5.399999999999997,4,592.6761386889509,-343.4343532056322,7.692908759836537,-3.0951996674634725
5.399999999999997,5,591.9076755403916,-343.47003010540146,7.6962855531385665,-3.0951995153560135
5.399999999999997,6,591.138875081261,-343.5057227824443,7.704070529001123,-3.0951996382895755
5.399999999999997,7,590.3692969577901,-343.54145146887197,7.715524548881975,-3.0951998170895703
5.399999999999997,8,589.5985746583431,-343.5772331370864,7.7280503012901764,-3.0951999719858803
5.4999999999999964,0,594.9861812923119,-343.3271149383685,7.72491506593639,-3.0952038692608195
5.4999999999999964,1,594.2145208063737,-343.3629370293292,7.738671546261898,-3.0952026236978583
5.4999999999999964,2,593.4414861969778,-343.3988238749082,7.751169163022284,-3.095201554885265
5.4999999999999964,3,592.6672032088493,-343.43476950373986,7.763338474886831,-3.0952007388392584
5.4999999999999964,4,591.8917046281784,-343.4707721999412,7.774424794643301,-3.095200213380552
5.4999999999999964,5,591.1150986272675,-343.5068267173307,7.78418929351003,-3.0951999288463057
5.4999999999999964,6,590.3375172373387,-343.54292673961356,7.793421792116557,-3.0951998158204788
5.4999999999999964,7,589.5590135950047,-343.57906966660164,7.80329628031697,-3.0951998284119657
5.4999999999999964,8,588.7795235658449,-343.6152583778962,7.812910755528988,-3.0951998869556903
5.599999999999996,0,594.214520878583,-343.36293858461306,7.738671546261821,-3.0952026236979133
5.599999999999996,1,593.4414862691879,-343.3988254301919,7.785415518379952,-3.0952017968701497
5.599999999999996,2,592.6637823212634,-343.4349296864566,7.823385905800988,-3.095201134229563
5.599999999999996,3,591.8822854437303,-343.47121054527804,7.852361614169885,-3.0952006602725852
5.599999999999996,4,591.0978941300973,-343.5076261503691,7.872668950731979,-3.0952003714003276
5.599999999999996,5,590.3114742782534,-343.5441361586277,7.885817163468689,-3.0952002216273837
5.599999999999996,6,589.5237410252664,-343.5807072605488,7.89442933373752,-3.095200155426197
5.599999999999996,7,588.7351474842909,-343.61731835429794,7.901374544953805,-3.0952001356995638
5.599999999999996,8,587.945860170179,-343.6539616726303,7.907167951767785,-3.095200132984107
5.699999999999996,0,593.4414863171221,-343.3988264626179,7.785415518380018,-3.095201796870276
5.699999999999996,1,592.6637823691972,-343.43493071888224,7.858288107170222,-3.0952013279495403
5.699999999999996,2,591.8787990195732,-343.4713732841792,7.915855140359418,-3.095200937881703
5.699999999999996,3,591.0880651744976,-343.5080831232319,7.956971121074091,-3.095200635028711
5.699999999999996,4,590.2932241662055,-343.54498387868114,7.982991508642096,-3.0952004342020714
5.699999999999996,5,589.4957839261676,-343.58200546481226,7.997023958982289,-3.0952003226237963
5.699999999999996,6,588.6969419550227,-343.6190922163789,8.00334160050051,-3.0952002658172373
5.699999999999996,7,587.8974689015688,-343.65620831186027,8.006304412098107,-3.0952002325479864
5.699999999999996,8,587.0976998869687,-343.69333817420977,8.007595919899433,-3.095200208225335
5.799999999999995,0,592.6637823963781,-343.4349313044016,7.858288107170317,-3.095201327949436
5.799999999999995,1,591.8787990467536,-343.4713738696987,7.820590019246743,-3.095201358616747
5.799999999999995,2,591.0975814489307,-343.5076415873343,7.792497970673596,-3.095201151446542
5.799999999999995,3,590.319170041075,-343.5437791903232,7.776341380218557,-3.0952007808673185
5.799999999999995,4,589.5423725673531,-343.57984215520935,7.769379221653785,-3.095200411688948
5.799999999999995,5,588.7662705737241,-343.61587311944254,7.768370188574471,-3.095200137561883
5.799999999999995,6,587.9902693847146,-343.6518996169468,7.7711430874638285,-3.095199975476164
5.799999999999995,7,587.2139912100047,-343.6879390998364,7.7768281291032535,-3.0951999085800046
5.799999999999995,8,586.4371451452231,-343.724004999665,7.785044536510236,-3.0951999100281484
5.899999999999995,0,591.8787990449687,-343.4713738314018,7.820590019246833,-3.0952013586167206
5.899999999999995,1,591.0975814471461,-343.5076415490375,7.797677178031506,-3.0952010121434297
5.899999999999995,2,590.3186526808195,-343.543803279037,7.780064358289066,-3.0952006726761416
5.899999999999995,3,589.5414833137531,-343.5798835934036,7.769924529744478,-3.0952003920199127
5.899999999999995,4,588.7653268486949,-343.6159171018021,7.765836637232465,-3.0952002118802024
5.899999999999995,5,587.9895787395478,-343.6519317920881,7.766280477287072,-3.0952001275755245
5.899999999999995,6,587.213786297186,-343.68794860612036,7.770620792879014,-3.095200106935831
5.899999999999995,7,586.4375602910009,-343.7239855647722,7.778606199250114,-3.095200114858745
5.899999999999995,8,585.6605366030753,-343.7600595503138,7.787901368229951,-3.095200130648034
5.999999999999995,0,591.097581467229,-343.50764198166246,7.797677178031582,-3.0952010121434115
5.999999999999995,1,590.3186527009027,-343.5438037116618,7.813632171456725,-3.095200750116237
5.999999999999995,2,589.5381301613245,-343.5800396374658,7.826665573568019,-3.095200524143073
5.999999999999995,3,588.7563056920163,-343.6163361826881,7.837606727522558,-3.095200350162669
5.999999999999995,4,587.9733882908188,-343.65268360426,7.84611955675393,-3.0952002374300998
5.999999999999995,5,587.1896205267208,-343.6890705929992,7.8525102240722875,-3.0952001761793158
5.999999999999995,6,586.4052143857161,-343.7254872669997,7.858087486610227,-3.095200150167255
5.999999999999995,7,585.6202511194844,-343.761929826441,7.864435429505097,-3.0952001466100896
5.999999999999995,8,584.8346537420928,-343.79840182781027,7.87083843995373,-3.095200151527946
6.099999999999994,0,590.3186527160995,-343.54380403884716,7.8136321714567405,-3.0952007501162835
6.099999999999994,1,589.5381301765216,-343.5800399646513,7.860988338190447,-3.0952005760456935
6.099999999999994,2,588.7528771217196,-343.6164956426197,7.898223310915746,-3.0952004332933214
6.099999999999994,3,587.9639045810574,-343.65312411203433,7.9250691872445165,-3.09520032650627
6.099999999999994,4,587.1722503451049,-343.6898771652982,7.942232697889113,-3.0952002578513955
6.099999999999994,5,586.378881607292,-343.72670986999157,7.951701077445511,-3.095200219835391
6.099999999999994,6,585.5845670516603,-343.7635865152074,7.956543979217719,-3.095200200916328
6.099999999999994,7,584.789768727615,-343.80048563480193,7.959970895380985,-3.095200192318016
6.099999999999994,8,583.9946280809852,-343.8374006538355,7.962618881426972,-3.0952001879061783
6.199999999999994,0,589.5381301866155,-343.5800401820078,7.8609883381905155,-3.095200576045734
6.199999999999994,1,588.7528771318138,-343.6164958599764,7.802468566400078,-3.0952005963221296
6.199999999999994,2,587.9734697572014,-343.6526801341349,7.758114028151056,-3.095200523271526
6.199999999999994,3,587.1984930668559,-343.6886587688808,7.730977189148157,-3.0952003851248473
6.199999999999994,4,586.4262271456508,-343.72451166188887,7.717689610727922,-3.095200245769779
6.199999999999994,5,585.6552885576277,-343.76030304035055,7.713974492009819,-3.095200142670076
6.199999999999994,6,584.8847210854422,-343.79607726910905,7.716566349201543,-3.095200083607084
6.199999999999994,7,584.113894708519,-343.8318635633584,7.723572527812433,-3.095200062537386
6.199999999999994,8,583.3423684683141,-343.86768236566866,7.733732309383322,-3.0952000686883396
6.299999999999994,0,588.7528771306324,-343.6164958346542,7.802468566400201,-3.095200596322081
6.299999999999994,1,587.9734697560201,-343.652680108813,7.762884446847699,-3.0952004622825617
6.299999999999994,2,587.1980165392602,-343.68868091390357,7.732578782129654,-3.095200334765013
6.299999999999994,3,586.4255906328833,-343.72454127329934,7.714310369275085,-3.0952002353559136
6.299999999999994,4,585.6549896057938,-343.760316988294,7.706057960541496,-3.0952001773236226
6.299999999999994,5,584.8852129337456,-343.79605447677284,7.705351292903161,-3.0952001556332203
6.299999999999994,6,584.1155068532033,-343.83178870471636,7.7105669325016155,-3.09520015580331
6.299999999999994,7,583.345279769866,-343.86754712050526,7.720550633991413,-3.095200163845582
6.299999999999994,8,582.5740553902774,-343.90335183036404,7.732236570474487,-3.0952001728514826
6.399999999999993,0,587.973469763783,-343.65268027617816,7.762884446847825,-3.095200462282584
6.399999999999993,1,587.1980165470231,-343.6886810812688,7.7658100591882055,-3.095200374082864
6.399999999999993,2,586.4222710869791,-343.72469552246855,7.7692570429916605,-3.0952002962536596
6.399999999999993,3,585.6461813022302,-343.7607260096788,7.774519616725336,-3.095200235498495
6.399999999999993,4,584.8695658285153,-343.796780949636,7.780693110935966,-3.0952001960603255
6.399999999999993,5,584.0923336710312,-343.83286455030577,7.78721813474994,-3.095200175089012
6.399999999999993,6,583.314449713974,-343.86897842762045,7.794517212955034,-3.0952001673660763
6.399999999999993,7,582.5358366347109,-343.9051261610358,7.803383485966571,-3.095200168715012
6.399999999999993,8,581.7563378820546,-343.94131501149104,7.812504021924276,-3.09520017326416
6.499999999999993,0,587.198016552142,-343.6886811914035,7.765810059188175,-3.095200374082905
6.499999999999993,1,586.4222710920982,-343.7246956326033,7.803307399572177,-3.0952003131142583
6.499999999999993,2,585.6427799346693,-343.76088401764366,7.833636336172526,-3.0952002639383664
6.499999999999993,3,584.8602591485528,-343.79721309373474,7.856888038443006,-3.095200228611101
6.499999999999993,4,584.0754156952263,-343.8336500290653,7.873235313952667,-3.0952002070228604
6.499999999999993,5,583.288939273998,-343.8701627931486,7.883882264744763,-3.095200195814405
6.499999999999993,6,582.501399303645,-343.90672494215266,7.891109259010935,-3.095200190965123
6.499999999999993,7,581.7131374116216,-343.943320610756,7.89743841396945,-3.095200189795655
6.499999999999993,8,580.9242432851227,-343.97994563225944,7.90302730873048,-3.095200189973715
6.5999999999999925,0,586.4222710956378,-343.724695708735,7.803307399572238,-3.095200313114301
6.5999999999999925,1,585.6427799382086,-343.7608840937754,7.868368805830026,-3.0952002779922454
6.5999999999999925,2,584.856789641598,-343.79737423325355,7.919562053745006,-3.095200248973149
6.5999999999999925,3,584.0656855293132,-343.8341018081438,7.956007148171991,-3.095200226739597
6.5999999999999925,4,583.27094082966,-343.87099841761767,7.978905596908656,-3.095200212166166
6.5999999999999925,5,582.4739087493983,-343.90800123206594,7.991077260041744,-3.095200204095377
6.5999999999999925,6,581.6756608127157,-343.9450605000202,7.996477958101059,-3.095200199991317
6.5999999999999925,7,580.8768733874597,-343.9821448174274,7.999153749821723,-3.095200197692918
6.5999999999999925,8,580.0778186710156,-344.0192415458729,8.000479654323975,-3.095200196098234
6.699999999999992,0,585.642779940244,-343.7608841376308,7.868368805830087,-3.095200277992223
6.699999999999992,1,584.8567896436334,-343.79737427710876,7.824151259131362,-3.0952002808647356
6.699999999999992,2,584.0752163440754,-343.83365935221445,7.7908179231333685,-3.09520026567369
6.699999999999992,3,583.2969727922219,-343.8697898533527,7.77092146482719,-3.095200238006031
6.699999999999992,4,582.5207167464689,-343.90582810465395,7.761568958152369,-3.095200210322459
6.699999999999992,5,581.7453949461105,-343.94182300444334,7.7592499531953205,-3.095200189767202
6.699999999999992,6,580.9703047974779,-343.97780716559316,7.761501624450809,-3.09520017769701
6.699999999999992,7,580.1949897244197,-344.013801778412,7.7671721073981,-3.0952001728793754
6.699999999999992,8,579.4191082133489,-344.0498226923077,7.775616925728557,-3.0952001732781484
6.799999999999992,0,584.8567896434608,-343.79737427351836,7.824151259131465,-3.0952002808647454
6.799999999999992,1,584.0752163439029,-343.83365934862377,7.795873338301177,-3.095200254741839
6.799999999999992,2,583.2964677948569,-343.8698133031414,7.774023855930975,-3.09520022933012
6.799999999999992,3,582.5199018441033,-343.90586594875936,7.760961112113726,-3.095200208624128
6.799999999999992,4,581.7446407630102,-343.94185803093046,7.7551162100642745,-3.095200195634048
6.799999999999992,5,580.9699635437141,-343.977823016961,7.754719222429815,-3.0952001898453156
6.799999999999992,6,580.1953259806768,-344.0137861664128,7.758868752891647,-3.095200188722173
6.799999999999992,7,579.4202739110972,-344.0497685605246,7.767061707578453,-3.095200189588164
6.799999999999992,8,578.6444034275282,-344.0857889494681,7.776739692606723,-3.0952001909379323
6.8999999999999915,0,584.0752163454135,-343.8336593812403,7.795873338301286,-3.0952002547418047
6.8999999999999915,1,583.296467796368,-343.8698133357579,7.807487641555543,-3.095200235636195
6.8999999999999915,2,582.5165590673108,-343.9060211673892,7.817169082949386,-3.0952002190791807
6.8999999999999915,3,581.735683236376,-343.9422739103878,7.825898544835855,-3.095200206303911
6.8999999999999915,4,580.9539353989497,-343.97856714694666,7.833197737459672,-3.095200198034835
6.8999999999999915,5,580.1714584279082,-344.01489424057104,7.839142838994855,-3.095200193572563
6.8999999999999915,6,579.3883875865306,-344.0512489085834,7.84480141013435,-3.0952001917418386
6.8999999999999915,7,578.604751496933,-344.08762982011797,7.8515345116686746,-3.0952001916197793
6.8999999999999915,8,577.8204428216254,-344.1240419570605,7.858440060913047,-3.095200192130891
6.999999999999991,0,583.2964677974823,-343.8698133596183,7.8074876415555545,-3.0952002356362343
6.999999999999991,1,582.5165590684255,-343.9060211912499,7.851405550333128,-3.09520022284521
6.999999999999991,2,581.7322632742392,-343.9424327056334,7.886061700398807,-3.0952002124000693
6.999999999999991,3,580.9445055942076,-343.97900494888313,7.911309829042228,-3.0952002046646276
6.999999999999991,4,580.1542258181337,-344.0156942884662,7.927721272459478,-3.0952001997497813
6.999999999999991,5,579.3623066636655,-344.0524597413384,7.9370729699072395,-3.095200197063572
6.999999999999991,6,578.5694533457354,-344.0892685655989,7.942217481303194,-3.095200195761171
6.999999999999991,7,577.7760861302307,-344.12610124898436,7.946168139139023,-3.0952001952236508
6.999999999999991,8,576.9823242740281,-344.16295225429553,7.949408261518992,-3.0952001949905967
7.099999999999991,0,582.5165590691707,-343.9060212072236,7.8514055503331965,-3.0952002228451905
7.099999999999991,1,581.7322632749847,-343.9424327216076,7.763769075549593,-3.09520022721326
7.099999999999991,2,580.956721698997,-343.9784378115186,7.695242140746207,-3.0952002224575104
7.099999999999991,3,580.1880254436032,-344.01412510603376,7.650237653149204,-3.0952002106218597
7.099999999999991,4,579.4238247951942,-344.0496036977206,7.625492421693547,-3.095200197701321
7.099999999999991,5,578.6620960079586,-344.08496754125036,7.616401161919189,-3.0952001879454487
7.099999999999991,6,577.9012753688826,-344.12028923074365,7.619050867440929,-3.0952001829467766
7.099999999999991,7,577.1401900445228,-344.15562321226935,7.630103332764457,-3.095200182331014
7.099999999999991,8,576.3780006628288,-344.1910084509908,7.644516649196332,-3.09520018377653
7.19999999999999,0,581.7322632747263,-343.94243271615017,7.763769075549685,-3.0952002272131836
7.19999999999999,1,580.9567216987389,-343.9784378060616,7.727549450534829,-3.095200214049739
7.19999999999999,2,580.1847981887263,-344.0142749347732,7.700490376980471,-3.0952002029213146
7.19999999999999,3,579.4155776750831,-344.04998658342697,7.685246845196008,-3.0952001955453414
7.19999999999999,4,578.6478798747728,-344.0856275446283,7.6797144154991175,-3.0952001921999988
7.19999999999999,5,577.8807347222976,-344.12124285130074,7.681361943506985,-3.0952001917677245
7.19999999999999,6,577.1134249943002,-344.1568657988511,7.688531514509337,-3.0952001927051978
7.19999999999999,7,576.3453990805704,-344.1925219951564,7.700075923198711,-3.095200193814743
7.19999999999999,8,575.5762199680373,-344.22823172875206,7.713022563456997,-3.0952001947166607
7.29999999999999,0,580.9567216994949,-343.97843782249396,7.727549450534937,-3.0952002140496866
7.29999999999999,1,580.1847981894824,-344.0142749512056,7.733770293759308,-3.095200207817338
7.29999999999999,2,579.4122532646938,-344.05014093439013,7.740355505346199,-3.095200202392074
7.29999999999999,3,578.6390505274688,-344.08603746121923,7.748496759805767,-3.0952001981820585
7.29999999999999,4,577.8650345408962,-344.12197174703505,7.757220294895409,-3.0952001954287987
7.29999999999999,5,577.0901471395114,-344.15794649109,7.76592240618556,-3.095200193920414
7.29999999999999,6,576.3143904633438,-344.19396159306837,7.775006027779289,-3.0952001933390436
7.29999999999999,7,575.5377264023787,-344.2300188215385,7.785281814573377,-3.0952001934709505
7.29999999999999,8,574.7600358683393,-344.26612370471037,7.795531422410199,-3.095200193861821
7.39999999999999,0,580.1847981898495,-344.0142749589909,7.733770293759313,-3.0952002078174172
7.39999999999999,1,579.4122532650607,-344.0501409421755,7.774454669010473,-3.0952002035232034
7.39999999999999,2,578.635644280283,-344.08619560576483,7.807784264223496,-3.0952002001176657
7.39999999999999,3,577.8557059221603,-344.12240484070935,7.833750344911662,-3.0952001977346746
7.39999999999999,4,577.0731737498415,-344.1587344973309,7.8524691934028,-3.0952001963234625
7.39999999999999,5,576.2887717067553,-344.1951509652472,7.865114786616388,-3.0952001956208015
7.39999999999999,6,575.5031064649595,-344.2316260786879,7.873960335743136,-3.095200195338152
7.39999999999999,7,574.7165576199868,-344.2681422143089,7.881553727047525,-3.0952001952936894
7.39999999999999,8,573.9292502528865,-344.30469356493865,7.888146753853417,-3.095200195330995
7.499999999999989,0,579.412253265315,-344.0501409475405,7.774454669010557,-3.095200203523238
7.499999999999989,1,578.6356442805363,-344.08619561112994,7.842564910153391,-3.0952002011553037
7.499999999999989,2,577.8522315999612,-344.12256614333774,7.896599626018129,-3.0952001992088967
7.499999999999989,3,577.0634212616646,-344.15918726746736,7.935582637606207,-3.0952001977313675
7.499999999999989,4,576.2707168165898,-344.19598917966067,7.960670050240178,-3.0952001967747838
7.499999999999989,5,575.4755063295345,-344.2329074375383,7.974663626680697,-3.095200196254863
7.499999999999989,6,574.6788979904748,-344.2698905921843,7.981522268287599,-3.0952001959968083
7.499999999999989,7,573.8816045252108,-344.3069055545475,7.985324119916234,-3.0952001958552007
7.499999999999989,8,573.0839312838443,-344.34393814842144,7.987536629981048,-3.0952001957571027
7.599999999999989,0,578.635644280673,-344.0861956140859,7.842564910153495,-3.095200201155352
7.599999999999989,1,577.8522316000974,-344.1225661462935,7.774768358719491,-3.095200201825941
7.599999999999989,2,577.0755912801606,-344.15862226596255,7.721838485883036,-3.0952002009237254
7.599999999999989,3,576.3042382526197,-344.19443291974363,7.687501378223008,-3.09520019880697
7.599999999999989,4,575.5363152414646,-344.23008433402174,7.669061439938555,-3.0952001965122387
7.599999999999989,5,574.7702342401985,-344.26565023334115,7.662862675638567,-3.095200194761018
7.599999999999989,6,574.0047724484765,-344.3011873867247,7.666000159837737,-3.095200193820653
7.599999999999989,7,573.2389972459416,-344.33673909116834,7.67608440257897,-3.095200193633845
7.599999999999989,8,572.47221470414,-344.37233756225805,7.688903925804494,-3.095200193811466
7.699999999999989,0,577.8522316000531,-344.1225661454529,7.774768358719598,-3.0952002018258535
7.699999999999989,1,577.0755912801162,-344.1586222651223,7.754532456940507,-3.0952001995358467
7.699999999999989,2,576.3009723731843,-344.19458454092717,7.739745845927864,-3.0952001975503682
7.699999999999989,3,575.5278305364793,-344.2304782441545,7.732504019769915,-3.0952001961435665
7.699999999999989,4,574.7554121032658,-344.2663383639084,7.73124722762719,-3.0952001954022146
7.699999999999989,5,573.9831192140696,-344.3021926557585,7.7343171828553245,-3.0952001951789896
7.699999999999989,6,573.2105196596667,-344.33806118494954,7.74096818932224,-3.095200195235969
7.699999999999989,7,572.4372557202214,-344.37396055868373,7.7508923030439805,-3.095200195370488
7.699999999999989,8,571.6630004371714,-344.40990595620383,7.761809131614527,-3.095200195498264
7.799999999999988,0,577.0755912802463,-344.15862226797947,7.754532456940628,-3.0952001995358627
7.799999999999988,1,576.3009723733144,-344.19458454378446,7.773345518042636,-3.095200198263548
7.799999999999988,2,575.5244741844849,-344.2306340676806,7.78930292477531,-3.0952001971860508
7.799999999999988,3,574.7463819719371,-344.2667575961905,7.803149335433916,-3.09520019637266
7.799999999999988,4,573.9669066081401,-344.3029453391947,7.814428461921559,-3.095200195853482
7.799999999999988,5,573.1863045452756,-344.3391853904752,7.823333497106894,-3.095200195572807
7.799999999999988,6,572.404812937029,-344.3754667398042,7.831087191007952,-3.095200195455111
7.799999999999988,7,571.6225467936448,-344.4117840476154,7.83923713532634,-3.0952001954502926
7.799999999999988,8,570.8394665327122,-344.44813915146403,7.847133763400558,-3.0952001954876827
7.899999999999988,0,576.3009723733944,-344.1945845453781,7.773345518042591,-3.0952001982636737
7.899999999999988,1,575.5244741845654,-344.23063406927383,7.82366233346035,-3.095200197444413
7.899999999999988,2,574.7429497279966,-344.2669169421458,7.863854993958204,-3.095200196780006
7.899999999999988,3,573.957410329878,-344.3033862122842,7.8935663724652425,-3.0952001962923523
7.899999999999988,4,573.1689029906851,-344.33999327175303,7.91339993005717,-3.0952001959856332
7.899999999999988,5,572.3784144297093,-344.37669231120947,7.925252157853807,-3.0952001958202953
7.899999999999988,6,571.5867419211854,-344.4134463164726,7.932127949960609,-3.0952001957411612
7.899999999999988,7,570.7943825732457,-344.45023220884684,7.937217219219658,-3.095200195708295
7.899999999999988,8,570.0015148459546,-344.4870417031499,7.941231076926064,-3.095200195693455
7.999999999999988,0,575.5244741846162,-344.2306340702985,7.8236623334604385,-3.095200197444398
7.999999999999988,1,574.7429497280468,-344.2669169431705,7.741672836248743,-3.0952001977116037
7.999999999999988,2,573.9696153996359,-344.3028195828481,7.6779932207328665,-3.095200197413374
7.999999999999988,3,573.2026421812616,-344.33842690333967,7.636849495559706,-3.09520019667517
7.999999999999988,4,572.4397789086249,-344.37384341700977,7.615018333459245,-3.0952001958683595
7.999999999999988,5,571.6790964033316,-344.4091586874945,7.608014188969803,-3.095200195257081
7.999999999999988,6,570.9191135589067,-344.4444414761513,7.612071670574928,-3.095200194941618
7.999999999999988,7,570.1587254028918,-344.4797430819509,7.624018274590621,-3.0952001949004107
7.999999999999988,8,569.3971438718563,-344.5151000911365,7.639016172291199,-3.0952001949886547
8.099999999999987,0,574.7429497280264,-344.266916942834,7.741672836248861,-3.095200197711584
8.099999999999987,1,573.9696153996153,-344.30281958251135,7.710399103136631,-3.095200196892952
8.099999999999987,2,573.199405079688,-344.3385771883296,7.687549921964464,-3.0952001961995603
8.099999999999987,3,572.4314772194748,-344.3742288297357,7.675615838439999,-3.0952001957368815
8.099999999999987,4,571.6647414835982,-344.40982512620815,7.672537952304028,-3.095200195523248
8.099999999999987,5,570.8983132051811,-344.4454071488956,7.675903128621465,-3.095200195491044
8.099999999999987,6,570.1315487712059,-344.4810047778884,7.6841949043131565,-3.0952001955456137
8.099999999999987,7,569.3639560518022,-344.5166408606276,7.696420312622306,-3.095200195612839
8.099999999999987,8,568.5951421069426,-344.5523336396468,7.7097883090506505,-3.095200195668375
8.199999999999987,0,573.9696153996557,-344.3028195835294,7.71039910313674,-3.09520019689291
8.199999999999987,1,573.1994050797284,-344.3385771893477,7.720917175806964,-3.095200196497956
8.199999999999987,2,572.4281440842265,-344.3743835738917,7.731127025439738,-3.0952001961560804
8.199999999999987,3,571.6558632022895,-344.4102373077122,7.742076751876337,-3.09520019589271
8.199999999999987,4,570.8824885258398,-344.44614182198814,7.752842038487652,-3.0952001957216924
8.199999999999987,5,570.1080384790124,-344.4820962612935,7.762933927075685,-3.095200195628543
8.199999999999987,6,569.3325803291527,-344.5180975026308,7.77288956115271,-3.095200195592548
8.199999999999987,7,568.5561276870505,-344.5541449140633,7.783662074910035,-3.0952001955999062
8.199999999999987,8,567.7785989526269,-344.5902422839044,7.794193494428028,-3.0952001956229966
8.299999999999986,0,573.1994050797578,-344.33857718984416,7.720917175806969,-3.0952001964978972
8.299999999999986,1,572.4281440842558,-344.3743835743886,7.765303003839097,-3.0952001962297517
8.299999999999986,2,571.6524492815962,-344.41039580204665,7.801723667853996,-3.0952001960166147
8.299999999999986,3,570.8731163311769,-344.4465769336781,7.830046110651919,-3.095200195866703
8.299999999999986,4,570.0909541837996,-344.48288941307203,7.850438464032773,-3.0952001957773456
8.299999999999986,5,569.3067549951767,-344.519296463743,7.8641849902821885,-3.095200195732363
8.299999999999986,6,568.5211826329703,-344.5557672650896,7.8736851029361965,-3.0952001957138116
8.299999999999986,7,567.734661281651,-344.5922821240004,7.881617352074342,-3.095200195710116
8.299999999999986,8,566.9473475588786,-344.6288337693687,7.888374123554598,-3.0952001957116195
8.399999999999986,0,572.4281440842758,-344.37438357472627,7.765303003839128,-3.0952001962298095
8.399999999999986,1,571.6524492816163,-344.4103958023845,7.836571352382033,-3.0952001960811044
8.399999999999986,2,570.8696353121336,-344.44673854295297,7.893214043584364,-3.095200195958393
8.399999999999986,3,570.0811631679319,-344.4833439687312,7.934148207510085,-3.095200195864653
8.399999999999986,4,569.2886020116001,-344.52013923011725,7.960582941610412,-3.0952001958035598
8.399999999999986,5,568.4934002260709,-344.55705708479377,7.975424927955246,-3.095200195770233
8.399999999999986,6,567.6967158388131,-344.5940437704229,7.982750766185664,-3.095200195753572
8.399999999999986,7,566.899299655947,-344.63106443023946,7.986757589411791,-3.0952001957442254
8.399999999999986,8,566.1014832218672,-344.6681036720342,7.989035122951098,-3.095200195737654
8.499999999999986,0,571.6524492816241,-344.4103958025694,7.836571352382145,-3.095200196081122
8.499999999999986,1,570.8696353121409,-344.4467385431377,7.77144080005852,-3.095200196122275
8.499999999999986,2,570.093327390251,-344.48277923541116,7.720684506743409,-3.0952001960649285
8.499999999999986,3,569.3220896366373,-344.5185845412675,7.687937903344136,-3.0952001959316853
8.499999999999986,4,568.5541230200399,-344.5542379821747,7.670558483828435,-3.0952001957874726
8.499999999999986,5,567.7878924754832,-344.58981082471263,7.664989153255423,-3.0952001956773025
8.499999999999986,6,567.0222182647626,-344.6253578391087,7.668433909284784,-3.0952001956178945
8.499999999999986,7,566.2561999490749,-344.6609208288882,7.678610872102093,-3.0952001956056088
8.499999999999986,8,565.4891650320836,-344.69653101517497,7.6914140034251535,-3.0952001956161483
8.599999999999985,0,570.8696353121325,-344.446738543083,7.771440800058597,-3.0952001961222235
8.599999999999985,1,570.0933273902435,-344.48277923535625,7.753428248407203,-3.0952001959785567
8.599999999999985,2,569.3188187854868,-344.5187363930594,7.7404273053467705,-3.095200195853553
8.599999999999985,3,568.5456088762212,-344.55463325792266,7.734457292418385,-3.0952001957643764
8.599999999999985,4,567.7729953259159,-344.5905024364312,7.734010793649577,-3.095200195716717
8.599999999999985,5,567.0004263774489,-344.6263695443019,7.7375219669778375,-3.0952001957016217
8.599999999999985,6,566.227506689429,-344.66225293553794,7.744345181451948,-3.0952001957043525
8.599999999999985,7,565.4539054140977,-344.69816796998714,7.754269146175273,-3.0952001957123056
8.599999999999985,8,564.6793128100492,-344.7341290276288,7.765103540036072,-3.095200195720121
8.699999999999985,0,570.0933273902494,-344.4827792355344,7.753428248407297,-3.095200195978526
8.699999999999985,1,569.318818785493,-344.51873639323765,7.774069244872163,-3.095200195897413
8.699999999999985,2,568.5422483019347,-344.55478927531334,7.791468359161337,-3.095200195828803
8.699999999999985,3,567.7639397789844,-344.5909228472583,7.806307068532329,-3.09520019577712
8.699999999999985,4,566.9841489816516,-344.627125234972,7.818179982452962,-3.0952001957441633
8.699999999999985,5,566.2031721703783,-344.6633826843215,7.827366028094976,-3.095200195726366
8.699999999999985,6,565.4212777429022,-344.69968273472284,7.835179234463579,-3.0952001957188413
8.699999999999985,7,564.6386028354407,-344.7360190195143,7.8432534043914295,-3.0952001957183124
8.699999999999985,8,563.8551213797166,-344.7723927489295,7.8510151115662286,-3.0952001957204227
8.799999999999985,0,569.3188187855044,-344.51873639334326,7.774069244872179,-3.095200195897492
8.799999999999985,1,568.5422483019457,-344.55478927541856,7.8258632607265834,-3.095200195845411
8.799999999999985,2,567.7605039895137,-344.5910823565206,7.867194865972694,-3.095200195803114
8.799999999999985,3,566.974630963579,-344.62756711635626,7.897655325129535,-3.095200195771919
8.799999999999985,4,566.185715169084,-344.6641931390881,7.917897026413926,-3.0952001957522297
8.799999999999985,5,565.3947773823407,-344.7009130343813,7.9298953832571595,-3.095200195741562
8.799999999999985,6,564.602641050861,-344.73768857304435,7.936737979097275,-3.095200195736381
8.799999999999985,7,563.8098211960178,-344.7744958448098,7.941691079537941,-3.095200195734159
8.799999999999985,8,563.0165065640532,-344.81132608698556,7.945529394886149,-3.0952001957330735
8.899999999999984,0,568.5422483019515,-344.55478927548586,7.825863260726626,-3.0952001958454725
8.899999999999984,1,567.7605039895197,-344.59108235658766,7.745042126475509,-3.095200195862346
8.899999999999984,2,566.9868330946671,-344.6270006230542,7.682237000605864,-3.095200195843262
8.899999999999984,3,566.2194359549653,-344.66262762562656,7.641632518631207,-3.0952001957962176
8.899999999999984,4,565.456094894676,-344.6980663216275,7.620051906822079,-3.0952001957448068
8.899999999999984,5,564.6949095736313,-344.73340493581486,7.613081754271458,-3.095200195705911
8.899999999999984,6,563.9344205178985,-344.7687112253791,7.617031064196139,-3.095200195685718
8.899999999999984,7,563.1735369560947,-344.8040358302068,7.628794457491226,-3.0952001956830033
8.899999999999984,8,562.4114783206287,-344.83941498873514,7.643586491842721,-3.0952001956884554
8.999999999999984,0,567.7605039895138,-344.59108235656345,7.745042126475632,-3.0952001958622786
8.999999999999984,1,566.9868330946608,-344.6270006230302,7.714666891961506,-3.095200195810301
8.999999999999984,2,566.2161964550768,-344.662778021902,7.692463097586734,-3.095200195766129
8.999999999999984,3,565.4477778059436,-344.6984524488949,7.680888901265071,-3.0952001957364663
8.999999999999984,4,564.6805153311327,-344.734073199628,7.677929291656976,-3.0952001957225663
8.999999999999984,5,563.9135484988478,-344.7696802249401,7.681236607044261,-3.0952001957201998
8.999999999999984,6,563.1462512908709,-344.80530258819977,7.689360855125948,-3.0952001957234927
8.999999999999984,7,562.3781425322034,-344.8409626283219,7.701367623773152,-3.0952001957276294
8.999999999999984,8,561.608834388524,-344.8766783508131,7.714508300582234,-3.0952001957311035
9.099999999999984,0,566.9868330946565,-344.6270006230908,7.714666891961644,-3.09520019581017
9.099999999999984,1,566.2161964550725,-344.6627780219628,7.725849578011435,-3.0952001957847215
9.099999999999984,2,565.4444427500714,-344.6986072814757,7.7365081014460655,-3.095200195762751
9.099999999999984,3,564.671624339518,-344.73448597078016,7.747666000545618,-3.0952001957458597
9.099999999999984,4,563.8976913395743,-344.7704164057675,7.758439987867906,-3.095200195734887
9.099999999999984,5,563.1226821001121,-344.8063968060114,7.768400124739765,-3.0952001957289514
9.099999999999984,6,562.3466779186112,-344.84242339720913,7.778142527871138,-3.0952001957266253
9.099999999999984,7,561.5697005450183,-344.87849516960074,7.7886709868536705,-3.095200195727024
9.099999999999984,8,560.7916714583231,-344.9146157685817,7.798961186678033,-3.095200195728434
9.199999999999983,0,566.2161964550808,-344.6627780219982,7.725849578011415,-3.095200195784763
9.199999999999983,1,565.4444427500799,-344.6986072815113,7.770699109729902,-3.0952001957675455
9.199999999999983,2,564.6682089174346,-344.73464453441045,7.807401202907423,-3.095200195753849
9.199999999999983,3,563.8883088243862,-344.77085199628016,7.835804998094339,-3.095200195744158
9.199999999999983,4,563.1055714078897,-344.8071911830816,7.856116682602545,-3.0952001957383963
9.199999999999983,5,562.3208050083516,-344.8436245669865,7.869673355079175,-3.0952001957354884
9.199999999999983,6,561.5346844001789,-344.88012082107133,7.8789263697344065,-3.0952001957342796
9.199999999999983,7,560.7476394861068,-344.91665998676945,7.886597703175534,-3.0952001957339434
9.199999999999983,8,559.9598282640777,-344.9532347289047,7.893105726727938,-3.0952001957340083
9.299999999999983,0,565.4444427500855,-344.6986072815364,7.770699109729968,-3.0952001957676565
9.299999999999983,1,564.6682089174403,-344.73464453443523,7.8422602635226095,-3.095200195758057
9.299999999999983,2,563.8848266689463,-344.7710136580475,7.899043765334024,-3.095200195750153
9.299999999999983,3,563.0957721798186,-344.8076461198013,7.939954727208011,-3.095200195744086
9.299999999999983,4,562.302630996266,-344.8444683094929,7.96623728238134,-3.095200195740024
9.299999999999983,5,561.5068643850339,-344.8814123866881,7.980845083607902,-3.095200195737796
9.299999999999983,6,560.7096385653865,-344.91842420875844,7.98790012792816,-3.095200195736737
9.299999999999983,7,559.9117080003855,-344.9554687491749,7.991636405625915,-3.095200195736108
9.299999999999983,8,559.1134042096146,-344.99253061688535,7.993662970219341,-3.0952001957356763
9.399999999999983,0,564.6682089174394,-344.7346445344459,7.842260263522703,-3.0952001957579887
9.399999999999983,1,563.8848266689454,-344.7710136580583,7.777278743634708,-3.095200195760664
9.399999999999983,2,563.1079355808371,-344.8070814245532,7.726546535380464,-3.09520019575693
9.399999999999983,3,562.336112255088,-344.8429139162845,7.693691950910133,-3.0952001957482915
9.399999999999983,4,561.5675708528399,-344.8785940421989,7.676104510210084,-3.095200195738975
9.399999999999983,5,560.800786302364,-344.91419260492523,7.6702685740807315,-3.095200195731856
9.399999999999983,6,560.0345847175915,-344.9497641030256,7.673427495566065,-3.0952001957280135
9.399999999999983,7,559.2680675805503,-344.9853502508858,7.683330322999778,-3.0952001957271484
9.399999999999983,8,558.5005612262479,-345.02098232391927,7.695884621186992,-3.09520019572781
9.499999999999982,0,563.884826668939,-344.77101365805163,7.777278743634782,-3.095200195760606
9.499999999999982,1,563.107935580831,-344.8070814245467,7.759295800982433,-3.0952001957513295
9.499999999999982,2,562.3328408521373,-344.8430657936812,7.74622350923406,-3.0952001957432653
9.499999999999982,3,561.5590519461223,-344.8789895389989,7.740078172763827,-3.095200195737476
9.499999999999982,4,560.7858769125548,-344.9148847848208,7.739381447266063,-3.0952001957343436
9.499999999999982,5,560.0127714765737,-344.9507767995234,7.742603803775749,-3.095200195733336
9.499999999999982,6,559.2393441516473,-344.98668375816885,7.749133427873235,-3.0952001957334785
9.499999999999982,7,558.4652645668574,-345.0226209984804,7.758784642421409,-3.0952001957339794
9.499999999999982,8,557.6902208990223,-345.0586029970885,7.7693758533614785,-3.095200195734476
9.599999999999982,0,563.1079355808296,-344.80708142455717,7.759295800982522,-3.095200195751313
9.599999999999982,1,562.3328408521361,-344.8430657936915,7.779868688857964,-3.0952001957460253
9.599999999999982,2,561.5556910481679,-344.87914557128073,7.797119859579021,-3.0952001957415476
9.599999999999982,3,560.7768179832453,-344.9153053525891,7.811731160778636,-3.0952001957381707
9.599999999999982,4,559.9964853602871,-344.95153289500513,7.823323410800456,-3.0952001957360773
9.599999999999982,5,559.2149947595796,-344.98781419743045,7.8322070912778345,-3.0952001957349133
9.599999999999982,6,558.4326167466529,-345.0241366986519,7.839725005698484,-3.0952001957344017
9.599999999999982,7,557.6494877511641,-345.0604940648168,7.847531840320776,-3.095200195734396
9.599999999999982,8,556.8655789121792,-345.0968876358164,7.855058787933613,-3.0952001957345305
9.699999999999982,0,562.3328408521423,-344.84306579370207,7.779868688857971,-3.0952001957460267
9.699999999999982,1,561.5556910481745,-344.87914557129125,7.831516090478042,-3.0952001957426463
9.699999999999982,2,560.7733820609802,-344.9154648679341,7.872639702514212,-3.0952001957399604
9.699999999999982,3,559.9869651372237,-344.9519748786943,7.902833912677583,-3.095200195737898
9.699999999999982,4,559.1975320411588,-344.98862491757654,7.922774574826874,-3.0952001957366018
9.699999999999982,5,558.4061070243677,-345.02536743291165,7.934464285726894,-3.095200195735897
9.699999999999982,6,557.6135142942268,-345.06216416023847,7.941014845066258,-3.0952001957356092
9.699999999999982,7,556.8202672129507,-345.09899126632035,7.945709221511201,-3.0952001957354804
9.699999999999982,8,556.026551199115,-345.1358401429569,7.949323326569453,-3.09520019573539
9.799999999999981,0,561.5556910481776,-344.8791455712973,7.831516090478113,-3.0952001957427253
9.799999999999981,1,560.7733820609831,-344.91546486793993,7.750486715430377,-3.095200195743802
9.799999999999981,2,559.9991672930427,-344.951408384225,7.687427964091839,-3.0952001957425246
9.799999999999981,3,559.2312516155109,-344.9870594603924,7.6465297878312235,-3.0952001957394897
9.799999999999981,4,558.4674213552189,-345.0225208679236,7.624636275803518,-3.0952001957361803
9.799999999999981,5,557.7057780905257,-345.0578807425035,7.617357213574569,-3.0952001957336344
9.799999999999981,6,556.944861948874,-345.09320685983926,7.621021728017218,-3.095200195732329
9.799999999999981,7,556.1835797500569,-345.12854997166113,7.63253747629636,-3.0952001957321436
9.799999999999981,8,555.4211472154341,-345.16394648870823,7.647117415059473,-3.0952001957325006
9.89999999999998,0,560.7733820609783,-344.9154648679356,7.750486715430478,-3.095200195743775
9.89999999999998,1,559.9991672930375,-344.95140838422066,7.719856327590341,-3.0952001957403974
9.89999999999998,2,559.2280122682434,-344.9872098495788,7.697365733457467,-3.0952001957375206
9.89999999999998,3,558.4591038830172,-345.0229070129684,7.685480108841778,-3.0952001957356075
9.89999999999998,4,557.6913827814338,-345.05854905580304,7.682202857835224,-3.095200195734691
9.89999999999998,5,556.9239890523402,-345.09417590011867,7.685205903920836,-3.0952001957345474
9.89999999999998,6,556.1562953417456,-345.12981667130623,7.693055729373451,-3.095200195734713
9.89999999999998,7,555.3878174931984,-345.1654938467017,7.704827767397413,-3.0952001957349853
9.89999999999998,8,554.6181637074457,-345.2012256158864,7.717769547716513,-3.095200195735215
9.99999999999998,0,559.9991672930307,-344.9514083842206,7.719856327590454,-3.0952001957403317
9.99999999999998,1,559.2280122682373,-344.9872098495787,7.730749667452892,-3.095200195738627
9.99999999999998,2,558.4557690815125,-345.0230618336931,7.741098883363373,-3.0952001957372257
9.99999999999998,3,557.6824920867069,-345.05896181314404,7.751935807250974,-3.0952001957361777
9.99999999999998,4,556.9081325654975,-345.09491204971664,7.762393284590593,-3.095200195735446
9.99999999999998,5,556.132728421713,-345.13091078369723,7.7720577132573245,-3.0952001957350235
9.99999999999998,6,555.3563588748935,-345.1669543372566,7.781538453984526,-3.095200195734921
9.99999999999998,7,554.5790422740693,-345.2030418585266,7.791846388425011,-3.095200195734958
9.99999999999998,8,553.80069598887,-345.23917718368637,7.801951566483205,-3.0952001957350297
10.09999999999998,0,559.2280122682442,-344.98720984958493,7.73074966745289,-3.0952001957387005
10.09999999999998,1,558.4557690815191,-345.0230618336991,7.775286555768211,-3.0952001957375828
10.09999999999998,2,557.6790769978518,-345.059120361278,7.811665873671723,-3.0952001957367243
10.09999999999998,3,556.8987508965791,-345.0953476009207,7.839745963917662,-3.095200195736101
10.09999999999998,4,556.1156198075234,-345.13170506428,7.859747034412361,-3.0952001957357247
10.09999999999998,5,555.3304907634077,-345.1681552842404,7.873019618055235,-3.09520019573554
10.09999999999998,6,554.5440358889742,-345.20466705689364,7.882025474129368,-3.0952001957354156
10.09999999999998,7,553.7566813979074,-345.2412205949412,7.8894913177156845,-3.0952001957353685
10.09999999999998,8,552.9685811257589,-345.27780875644953,7.895828526350119,-3.0952001957353787
10.19999999999998,0,558.4557690815234,-345.02306183370365,7.775286555768255,-3.095200195737627
10.19999999999998,1,557.6790769978558,-345.0591203612822,7.846521007951353,-3.095200195736995
10.19999999999998,2,556.8952691333488,-345.09550924446205,7.902975840130215,-3.095200195736475
10.19999999999998,3,556.1058218598092,-345.13215994154535,7.9435659618008065,-3.0952001957360933
10.19999999999998,4,555.3123199413435,-345.1689988786393,7.969547586266528,-3.095200195735818
10.19999999999998,5,554.5162226558909,-345.20595830764285,7.98388522590809,-3.0952001957356448
10.19999999999998,6,553.7186931491136,-345.2429842286234,7.9907088074084855,-3.0952001957356163
10.19999999999998,7,552.9204820183611,-345.2800417945216,7.994255068411371,-3.095200195735565
10.19999999999998,8,552.1219166430635,-345.31711580649534,7.996125072110093,-3.0952001957355275
10.29999999999998,0,557.6790769978545,-345.0591203612819,7.846521007951444,-3.095200195737015
10.29999999999998,1,556.8952691333474,-345.0955092444615,7.781206472968711,-3.0952001957371618
10.29999999999998,2,556.1179856949057,-345.1315952261408,7.730145960740443,-3.0952001957369086
10.29999999999998,3,555.3458028138973,-345.1674444105172,7.696977911621078,-3.0952001957363398
10.29999999999998,4,554.5769331691267,-345.2031397753523,7.6791021555358805,-3.0952001957356847
10.29999999999998,5,553.8098491766465,-345.2387522399065,7.673011645590064,-3.0952001957351962
10.29999999999998,6,553.0433735798599,-345.27433645922315,7.67595552397808,-3.0952001957349937
10.29999999999998,7,552.2766039119771,-345.3099343310164,7.685683921753742,-3.095200195734991
10.29999999999998,8,551.5088624510317,-345.3455773190505,7.698095727455212,-3.0952001957350284
10.399999999999979,0,556.8952691333418,-345.0955092444578,7.781206472968821,-3.095200195737068
10.399999999999979,1,556.1179856949004,-345.1315952261374,7.762890607863256,-3.0952001957364765
10.399999999999979,2,555.3425318722973,-345.16759626649434,7.749495469883939,-3.0952001957359987
10.399999999999979,3,554.5684161222596,-345.2035351858034,7.743047601771137,-3.095200195735612
10.399999999999979,4,553.7949444652836,-345.2394442025967,7.742077365616533,-3.0952001957354103
10.399999999999979,5,553.0215697275312,-345.2753487198405,7.745061843325297,-3.095200195735367
10.399999999999979,6,552.247896863119,-345.3112670778439,7.751393175534711,-3.0952001957353303
10.399999999999979,7,551.4735915466974,-345.3472147979187,7.7608853952147765,-3.0952001957353588
10.399999999999979,8,550.6983380296113,-345.38320653893874,7.7713478098096145,-3.0952001957354063
10.499999999999979,0,556.1179856948979,-345.13159522613705,7.762890607863326,-3.095200195736503
10.499999999999979,1,555.3425318722956,-345.1675962664939,7.783135881286714,-3.095200195736133
10.499999999999979,2,554.5650557006144,-345.20369119596313,7.800073724468615,-3.0952001957358606
10.499999999999979,3,553.7858875670197,-345.2398646760661,7.814396152201186,-3.095200195735643
10.499999999999979,4,553.0052887316558,-345.27610457759965,7.825731246545865,-3.0952001957355044
10.499999999999979,5,552.2235576064425,-345.3123970465606,7.834394382525763,-3.0952001957353934
10.499999999999979,6,551.4409610997295,-345.3487296915241,7.841730762933558,-3.0952001957354076
10.499999999999979,7,550.6576317443239,-345.3850963595518,7.849393670906495,-3.0952001957354467
10.499999999999979,8,549.873536922602,-345.4214985649419,7.856804999895604,-3.0952001957354303
10.599999999999978,0,555.3425318723014,-345.16759626649844,7.78313588128673,-3.09520019573617
10.599999999999978,1,554.5650557006203,-345.2036911959676,7.834465140146865,-3.095200195735979
10.599999999999978,2,553.7824521257583,-345.2400241690748,7.875288100754826,-3.0952001957358024
10.599999999999978,3,552.9957706471293,-345.27654646200165,7.905209100196075,-3.095200195735652
10.599999999999978,4,552.2061002878678,-345.3132075160123,7.924909967039819,-3.095200195735557
10.599999999999978,5,551.4144619616106,-345.34995993440447,7.936396715904448,-3.095200195735556
10.599999999999978,6,550.621676196369,-345.3867656235344,7.9427822411501925,-3.095200195735508
10.599999999999978,7,549.828252565645,-345.42360092606026,7.947347223820021,-3.0952001957354955
10.599999999999978,8,549.0343729278173,-345.4604573990668,7.950858258687765,-3.0952001957354938
10.699999999999978,0,554.5650557006231,-345.2036911959695,7.834465140146954,-3.0952001957360378
10.699999999999978,1,553.7824521257612,-345.2400241690764,7.753130335857171,-3.0952001957360498
10.699999999999978,2,553.0079732802151,-345.27597994537354,7.689785981207905,-3.0952001957359556
10.699999999999978,3,552.2398220546796,-345.3116419570435,7.6486316432147134,-3.0952001957357513
10.699999999999978,4,551.475781834996,-345.3471131121037,7.626516242137941,-3.0952001957355613
10.699999999999978,5,550.713950775942,-345.38248170518204,7.619051726078671,-3.0952001957353836
10.699999999999978,6,549.9528653653589,-345.41781568095655,7.622567236950963,-3.0952001957353383
10.699999999999978,7,549.1914287819354,-345.45316596020064,7.633967459958721,-3.095200195735337
10.699999999999978,8,548.428853402803,-345.4885691089112,7.648456167280614,-3.09520019573534
10.799999999999978,0,553.7824521257561,-345.24002416907325,7.753130335857264,-3.0952001957359965
10.799999999999978,1,553.0079732802099,-345.2759799453707,7.722209672447953,-3.095200195735794
10.799999999999978,2,552.2365831741361,-345.3117923245616,7.699450218248326,-3.0952001957355866
10.799999999999978,3,551.4674665647079,-345.34749915492154,7.687326341815242,-3.0952001957354724
10.799999999999978,4,550.6995610384702,-345.3831497598127,7.683845271122826,-3.0952001957354143
10.799999999999978,5,549.9320032447606,-345.41878422095374,7.686680035934845,-3.0952001957354174
10.799999999999978,6,549.1641622795721,-345.45443182854854,7.694396254136242,-3.0952001957353694
10.799999999999978,7,548.3955505227805,-345.4901152207367,7.706065876391854,-3.095200195735356
10.799999999999978,8,547.6257730593413,-345.5258527317528,7.718927500019219,-3.095200195735406
10.899999999999977,0,553.0079732802036,-345.2759799453669,7.7222096724480975,-3.0952001957357904
10.899999999999977,1,552.2365831741295,-345.3117923245577,7.732829639378308,-3.0952001957357247
10.899999999999977,2,551.4641322140039,-345.34765395471413,7.742927855734265,-3.095200195735626
10.899999999999977,3,550.690672518747,-345.3835624161754,7.753544857321526,-3.095200195735549
10.899999999999977,4,549.9161522656545,-345.41952011485034,7.76381643316703,-3.095200195735493
10.899999999999977,5,549.1406059601343,-345.4555254487982,7.773329209880494,-3.095200195735421
10.899999999999977,6,548.3641094004574,-345.4915748990271,7.782690981228119,-3.0952001957354023
10.899999999999977,7,547.5866776709136,-345.5276677652363,7.792908785269968,-3.0952001957354067
10.899999999999977,8,546.8082252603372,-345.5638080173477,7.802944085161882,-3.095200195735408
10.999999999999977,0,552.2365831741354,-345.31179232456157,7.732829639378257,-3.095200195735695
10.999999999999977,1,551.4641322140102,-345.3476539547183,7.777111216003843,-3.0952001957355986
10.999999999999977,2,550.687257860641,-345.38372094430974,7.813258023995563,-3.0952001957355386
10.999999999999977,3,549.9067727156419,-345.419955567681,7.841136575074266,-3.095200195735546
10.999999999999977,4,549.1235027150915,-345.4563194801135,7.860969257539315,-3.0952001957355413
10.999999999999977,5,548.3382515801666,-345.49277536823377,7.874106114801945,-3.09520019573547
10.999999999999977,6,547.5516881729585,-345.52929217960457,7.883006791663919,-3.09520019573543
10.999999999999977,7,546.7642356557209,-345.5658502685927,7.890393926000307,-3.095200195735428
10.999999999999977,8,545.9760452198591,-345.60244261602077,7.896670725042482,-3.0952001957354547
11.099999999999977,0,551.4641322140144,-345.34765395472135,7.777111216003907,-3.095200195735633
11.099999999999977,1,550.6872578606456,-345.3837209443127,7.848109077378293,-3.095200195735573
11.099999999999977,2,549.9032913600624,-345.4201171922953,7.9043501110165675,-3.0952001957355204
11.099999999999977,3,549.1137068072967,-345.45677426267315,7.944756831386465,-3.095200195735467
11.099999999999977,4,548.3200859300027,-345.49361872252285,7.970586976438198,-3.095200195735483
11.099999999999977,5,547.5238848173645,-345.5305829717837,7.984803991874382,-3.095200195735501
11.099999999999977,6,546.7262635328445,-345.5676131536168,7.991535277263116,-3.0952001957355177
11.099999999999977,7,545.9279698440293,-345.6046745523364,7.995013366881527,-3.0952001957355337
11.099999999999977,8,545.129328720473,-345.6417520809814,7.996831621161723,-3.095200195735523
11.199999999999976,0,550.687257860644,-345.3837209443114,7.848109077378404,-3.095200195735534
11.199999999999976,1,549.9032913600608,-345.42011719229424,7.782576915406242,-3.095200195735549
11.199999999999976,2,549.1258710248259,-345.45620952951396,7.731321202485101,-3.0952001957355537
11.199999999999976,3,548.3535707460917,-345.4920641641712,7.69798740512554,-3.095200195735557
11.199999999999976,4,547.584600260586,-345.5277642106157,7.679976319931159,-3.09520019573553
11.199999999999976,5,546.8174289457206,-345.563380729179,7.673779380060671,-3.0952001957354907
11.199999999999976,6,546.0508766580905,-345.59896850892676,7.676642904285115,-3.0952001957354813
11.199999999999976,7,545.2840383261349,-345.6345695685021,7.686312783617693,-3.0952001957354875
11.199999999999976,8,544.5162340466649,-345.67021547293416,7.698680705642945,-3.0952001957354804
11.299999999999976,0,549.9032913600552,-345.42011719229095,7.782576915406332,-3.095200195735562
11.299999999999976,1,549.125871024821,-345.4562095295106,7.764062286911556,-3.0952001957354796
11.299999999999976,2,548.3503001603783,-345.4922160036256,7.750490161336224,-3.095200195735432
11.299999999999976,3,547.5760850482181,-345.52815953589806,7.74389352578898,-3.0952001957354343
11.299999999999976,4,546.8025288898563,-345.56407247573316,7.74280323946599,-3.0952001957354423
11.299999999999976,5,546.0290816428188,-345.5999803592764,7.745694519096911,-3.095200195735463
11.299999999999976,6,545.2553455789011,-345.63590165136543,7.751956484973295,-3.095200195735446
11.299999999999976,7,544.4809839921445,-345.67185198383356,7.761398966799943,-3.095200195735437
11.299999999999976,8,543.7056791731565,-345.7078461065838,7.771824592891018,-3.095200195735461
11.399999999999975,0,549.1258710248197,-345.4562095295096,7.764062286911648,-3.0952001957355098
11.399999999999975,1,548.3503001603772,-345.49221600362466,7.784127282452685,-3.0952001957355018
11.399999999999975,2,547.572724955248,-345.5283155307983,7.800905751558197,-3.095200195735452
11.399999999999975,3,546.7934737084656,-345.5644928694955,7.8150955783246,-3.0952001957354653
11.399999999999975,4,546.0128050057428,-345.6007360146752,7.826324951708381,-3.095200195735516
11.399999999999975,5,545.2310145738917,-345.63703123699224,7.834907129735626,-3.095200195735485
11.399999999999975,6,544.4483668476258,-345.67336625986275,7.842184181960921,-3.0952001957354947
11.399999999999975,7,543.6649921991029,-345.70973503065795,7.849805284267273,-3.095200195735471
11.399999999999975,8,542.8808562603318,-345.746139144939,7.85718618089805,-3.095200195735473
11.499999999999975,0,548.3503001603834,-345.49221600362876,7.784127282452714,-3.095200195735511
11.499999999999975,1,547.5727249552542,-345.5283155308025,7.835294150500245,-3.0952001957355053
11.499999999999975,2,546.7900385685529,-345.5646523485133,7.875974585454437,-3.095200195735506
11.499999999999975,3,546.0032885153155,-345.6011778250694,7.9057782331546305,-3.0952001957354986
11.499999999999975,4,545.2135613039925,-345.6378415184806,7.9253867096187705,-3.095200195735517
11.499999999999975,5,544.4218753547723,-345.6745961478056,7.936803740670907,-3.0952001957355035
11.499999999999975,6,543.6290489308471,-345.71140372454636,7.9431390447447905,-3.0952001957354964
11.499999999999975,7,542.8355896581536,-345.74824068177816,7.947669338369356,-3.095200195735493
11.499999999999975,8,542.041677843529,-345.78509864861724,7.95115559529919,-3.0952001957354964
11.599999999999975,0,547.5727249552563,-345.5283155308041,7.835294150500296,-3.0952001957355266
11.599999999999975,1,546.7900385685554,-345.56465234851487,7.7538140739996875,-3.095200195735556
11.599999999999975,2,546.0154914227606,-345.60061129570386,7.690343154256673,-3.0952001957355355
11.599999999999975,3,545.247284539869,-345.63627589130965,7.649085727119716,-3.095200195735502
11.599999999999975,4,544.4831989606514,-345.6717491522214,7.626890243498191,-3.0952001957355
11.599999999999975,5,543.7213305417013,-345.7071194797618,7.619366258769087,-3.095200195735541
11.599999999999975,6,542.960213711691,-345.7424549142071,7.622839754072986,-3.0952001957355675
11.599999999999975,7,542.1987499058762,-345.77780645727137,7.634211628650389,-3.0952001957355817
11.599999999999975,8,541.4361501361461,-345.81321073833396,7.648680552135728,-3.0952001957355493
11.699999999999974,0,546.7900385685505,-345.564652348512,7.753814073999805,-3.095200195735522
11.699999999999974,1,546.015491422756,-345.6006112957011,7.722764362127316,-3.0952001957355177
11.699999999999974,2,545.2440459073949,-345.636426247311,7.6998933295120215,-3.0952001957354955
11.699999999999974,3,544.4748850345165,-345.67213513263596,7.6876795989082485,-3.095200195735519
11.699999999999974,4,543.7069442205776,-345.7077873757856,7.684129727191567,-3.095200195735507
11.699999999999974,5,542.939358011867,-345.7434231561149,7.68691430437335,-3.095200195735515
11.699999999999974,6,542.1714936450406,-345.7790718501486,7.694595849582922,-3.095200195735457
11.699999999999974,7,541.4028619501794,-345.81475616797684,7.706242732428187,-3.095200195735438
11.699999999999974,8,540.6330668201651,-345.85049449917744,7.719088950098393,-3.0952001957354636
11.799999999999974,0,546.0154914227493,-345.60061129569715,7.722764362127448,-3.095200195735514
11.799999999999974,1,545.2440459073885,-345.6364262473069,7.733270520630046,-3.0952001957354387
11.799999999999974,2,544.4715509065738,-345.6722899220865,7.743271116623346,-3.095200195735458
11.799999999999974,3,543.6980569221611,-345.7081999754481,7.753810454154635,-3.095200195735466
11.799999999999974,4,542.9235101379619,-345.74415890585004,7.764023497407345,-3.0952001957354955
11.799999999999974,5,542.1479431482962,-345.7801652000755,7.773494433286993,-3.0952001957354938
11.799999999999974,6,541.3714300840559,-345.816215416541,7.782828056011551,-3.095200195735494
11.799999999999974,7,540.5939846617822,-345.85230891844606,7.793028045733011,-3.0952001957354636
11.799999999999974,8,539.815520337991,-345.88844972363756,7.803051746920767,-3.095200195735461
11.899999999999974,0,545.2440459073944,-345.63642624731074,7.733270520630038,-3.0952001957354627
11.899999999999974,1,544.47155090658,-345.6722899220904,7.777452488251399,-3.0952001957354476
11.899999999999974,2,543.694642462705,-345.7083584943599,7.813514576895446,-3.095200195735499
11.899999999999974,3,542.9141316900191,-345.7445943075162,7.841326611562051,-3.095200195735556
11.899999999999974,4,542.1308427062665,-345.7809591012584,7.861110043469324,-3.095200195735523
11.899999999999974,5,541.3455775078966,-345.8174156422852,7.874212514708561,-3.0952001957355133
11.899999999999974,6,540.5590034721457,-345.85393294709434,7.883090798466643,-3.0952001957355453
11.899999999999974,7,539.7715425632668,-345.8904914256705,7.890464409207809,-3.0952001957355493
11.899999999999974,8,538.9833450866676,-345.92708409997,7.896732892271636,-3.0952001957355186
11.999999999999973,0,544.4715509065849,-345.6722899220935,7.777452488251467,-3.0952001957355333
11.999999999999973,1,543.6946424627096,-345.708358494363,7.848363869451638,-3.0952001957355604
11.999999999999973,2,542.9106505103332,-345.7447559239645,7.904532021194606,-3.095200195735514
11.999999999999973,3,542.1210477861216,-345.7814138379658,7.944882348654327,-3.0952001957354858
11.999999999999973,4,541.327414370606,-345.81825887991204,7.9706715760273195,-3.0952001957354627
11.999999999999973,5,540.5312048071113,-345.8552235215103,7.98486081669598,-3.0952001957355213
11.999999999999973,6,539.7335778462232,-345.8922539668731,7.991574747929191,-3.0952001957355417
11.999999999999973,7,538.9352802145883,-345.9293155486414,7.995043020646307,-3.095200195735553
11.999999999999973,8,538.1366361288456,-345.966393214808,7.996855762931604,-3.095200195735531
12.099999999999973,0,543.6946424627076,-345.7083584943616,7.848363869451707,-3.0952001957354938
12.099999999999973,1,542.9106505103314,-345.74475592396334,7.782757277953341,-3.0952001957354893
12.099999999999973,2,542.1332121582479,-345.780849097629,7.731439468429525,-3.095200195735484
12.099999999999973,3,541.3609000656442,-345.8167042807544,7.6980584085423,-3.0952001957355093
12.099999999999973,4,540.5919224874362,-345.85240465648315,7.680013834636705,-3.095200195735539
12.099999999999973,5,539.8247474251366,-345.88802134902386,7.673794940398323,-3.0952001957354955
12.099999999999973,6,539.0581935831467,-345.9236092009338,7.6766454866803,-3.0952001957354733
12.099999999999973,7,538.2913549932296,-345.9592102724855,7.686308721942657,-3.095200195735487
12.099999999999973,8,537.5235511194895,-345.9948561580811,7.698673502023283,-3.0952001957354893
12.199999999999973,0,542.9106505103261,-345.74475592396016,7.782757277953451,-3.0952001957354476
12.199999999999973,1,542.1332121582429,-345.78084909762595,7.764179203164707,-3.0952001957354707
12.199999999999973,2,541.3576296147545,-345.8168561139498,7.750554739942201,-3.0952001957354636
12.199999999999973,3,540.5834080516822,-345.8527999457108,7.74391902000238,-3.095200195735513
12.199999999999973,4,539.8098493466421,-345.8887130037773,7.742801821075877,-3.0952001957355213
12.199999999999973,5,539.0364022412907,-345.9246208807424,7.74567623122687,-3.095200195735524
12.199999999999973,6,538.262668004193,-345.96054208801996,7.751928986895572,-3.095200195735535
12.199999999999973,7,537.4883091642848,-345.99649229296347,7.761367512865448,-3.0952001957355426
12.199999999999973,8,536.7130074873062,-346.03248626984333,7.771791976439425,-3.0952001957355106
12.299999999999972,0,542.1332121582407,-345.78084909762504,7.764179203164792,-3.095200195735484
12.299999999999972,1,541.3576296147528,-345.8168561139488,7.7841906937722944,-3.095200195735461
12.299999999999972,2,540.5800480753139,-345.85295593519754,7.800925595008802,-3.0952001957354645
12.299999999999972,3,539.8007948463221,-345.88913336592015,7.81508361152096,-3.0952001957354236
12.299999999999972,4,539.0201273389923,-345.925376455603,7.826291850527318,-3.095200195735437
12.299999999999972,5,538.2383402136979,-345.9616715244108,7.834861565080856,-3.095200195735431
12.299999999999972,6,537.4556970389951,-345.99800633597135,7.842132620102608,-3.09520019573547
12.299999999999972,7,536.6723275411101,-346.0343748676444,7.849752017867491,-3.0952001957354973
12.299999999999972,8,535.8881969232478,-346.07077873489806,7.857133382195089,-3.095200195735484
12.399999999999972,0,541.3576296147595,-345.81685611395244,7.784190693772357,-3.095200195735472
12.399999999999972,1,540.5800480753203,-345.8529559352015,7.835312993551847,-3.0952001957354547
12.399999999999972,2,539.7973598063421,-345.8892928402985,7.875957687045667,-3.0952001957354867
12.399999999999972,3,539.0106114411269,-345.9258182384871,7.905735948134074,-3.0952001957354955
12.399999999999972,4,538.2208884537567,-345.96248173579795,7.925328327877017,-3.0952001957354853
12.399999999999972,5,537.4292083364287,-345.9992360943729,7.936736679366267,-3.095200195735467
12.399999999999972,6,536.6363886114186,-346.0360433601114,7.94306869699803,-3.0952001957354676
12.399999999999972,7,535.8429363659309,-346.07287999109974,7.947599146225339,-3.0952001957354627
12.399999999999972,8,535.049031562968,-346.1097376324171,7.951087191062459,-3.0952001957354733
12.499999999999972,0,540.5800480753227,-345.8529559352032,7.835312993551898,-3.0952001957354964
12.499999999999972,1,539.797359806344,-345.88929284029996,7.753796326819522,-3.095200195735504
12.499999999999972,2,539.0228144333579,-345.9252517051853,7.6902966007856834,-3.0952001957354804
12.499999999999972,3,538.2546122008046,-345.9609160848954,7.64901941711921,-3.0952001957354796
12.499999999999972,4,537.4905332454525,-345.99638903828907,7.626812192174108,-3.095200195735498
12.499999999999972,5,536.7286726232375,-346.03175900386,7.619282745719021,-3.0952001957355
12.499999999999972,6,535.9675641355464,-346.06709405100696,7.62275521373679,-3.0952001957355018
12.499999999999972,7,535.2061087746695,-346.1024452020085,7.634128756275838,-3.0952001957354986
12.499999999999972,8,534.4435172832602,-346.13784909874414,7.648600514678421,-3.0952001957355106
12.599999999999971,0,539.7973598063394,-345.88929284029723,7.753796326819658,-3.09520019573548
12.599999999999971,1,539.0228144333532,-345.9252517051824,7.722717096702818,-3.0952001957354858
12.599999999999971,2,538.2513736394494,-345.96106643759515,7.69982335818724,-3.095200195735496
12.599999999999971,3,537.482219756175,-345.99677499842227,7.687594766413856,-3.095200195735497
12.599999999999971,4,536.714287416358,-346.0324268481543,7.684036884721421,-3.0952001957354374
12.599999999999971,5,535.9467104819049,-346.0680621979193,7.686818706458096,-3.0952001957354707
12.599999999999971,6,535.178855664585,-346.1037104486099,7.694501080266346,-3.095200195735501
12.599999999999971,7,534.4102334364583,-346.1393943269375,7.706150836444044,-3.095200195735508
12.599999999999971,8,533.6404474861549,-346.1751322319626,7.71900069710529,-3.0952001957355026
12.69999999999997,0,539.0228144333466,-345.92525170517865,7.722717096702948,-3.0952001957354778
12.69999999999997,1,538.2513736394428,-345.96106643759094,7.733199959958879,-3.0952001957354245
12.69999999999997,2,537.4788856871037,-345.99692978513974,7.743183174761759,-3.0952001957354414
12.69999999999997,3,536.7054004874151,-346.032839430664,7.753711871223149,-3.0952001957354702
12.69999999999997,4,535.9308635509018,-346.06879790387933,7.763920069008416,-3.0952001957354396
12.69999999999997,5,535.1553068929478,-346.10480371844744,7.773390496604486,-3.0952001957354534
12.69999999999997,6,534.3788042111928,-346.1408534528979,7.782726446240478,-3.0952001957354263
12.69999999999997,7,533.6013689389634,-346.1769464835794,7.792930245725231,-3.0952001957354405
12.69999999999997,8,532.8229143846503,-346.2130868352155,7.802958190700152,-3.0952001957354502
12.79999999999997,0,538.2513736394485,-345.9610664375949,7.733199959958862,-3.095200195735491
12.79999999999997,1,537.4788856871095,-345.9969297851436,7.777364066151053,-3.0952001957354747
12.79999999999997,2,536.7019860759311,-346.0329979473483,7.813413382951866,-3.0952001957354716
12.79999999999997,3,535.9214854117517,-346.06923329120946,7.841218380424038,-3.095200195735492
12.79999999999997,4,535.1382072394681,-346.10559758302105,7.860999620030996,-3.0952001957355026
12.79999999999997,5,534.3529530715612,-346.14205361194996,7.8741034209466285,-3.095200195735509
12.79999999999997,6,533.5663899334487,-346.178570410828,7.88298521519175,-3.0952001957355804
12.79999999999997,7,532.7789395715366,-346.215128399753,7.890363338398461,-3.0952001957355852
12.79999999999997,8,531.990752191144,-346.25172060532833,7.89663648780668,-3.095200195735547
12.89999999999997,0,537.4788856871143,-345.99692978514645,7.777364066151115,-3.0952001957354933
12.89999999999997,1,536.7019860759355,-346.0329979473514,7.848262291668832,-3.0952001957354978
12.89999999999997,2,535.9180042704079,-346.06939490587774,7.904421625916405,-3.0952001957354924
12.89999999999997,3,535.1284125738468,-346.1060523079119,7.944767961593977,-3.0952001957355093
12.89999999999997,4,534.3347905847295,-346.14289681937873,7.970557191724134,-3.095200195735506
12.89999999999997,5,533.5385924473585,-346.17986093051036,7.984749237909408,-3.0952001957354796
12.89999999999997,6,532.7409766323437,-346.2168908584177,7.991467588297455,-3.095200195735516
12.89999999999997,7,531.942689705142,-346.25395194322437,7.994940874801555,-3.095200195735561
12.89999999999997,8,531.144055822994,-346.29102913568113,7.996758554198665,-3.095200195735539
12.99999999999997,0,536.7019860759335,-346.03299794735074,7.8482622916689175,-3.095200195735586
12.99999999999997,1,535.9180042704062,-346.06939490587695,7.7826465833714895,-3.0952001957355657
12.99999999999997,2,535.1405769758712,-346.1054875661873,7.73132331515206,-3.0952001957355426
12.99999999999997,3,534.3682764860973,-346.14134221064216,7.697940806246743,-3.0952001957355595
12.99999999999997,4,533.5993106554658,-346.17704204098067,7.679898022595415,-3.0952001957355924
12.99999999999997,5,532.83214716191,-346.2126581964335,7.6736830916265495,-3.095200195735583
12.99999999999997,6,532.0656044927632,-346.2482455296355,7.676538727578976,-3.095200195735546
12.99999999999997,7,531.2987765672698,-346.28384610608305,7.686207306076435,-3.0952001957354973
12.99999999999997,8,530.5309828242048,-346.31949152135445,7.6985771661709235,-3.095200195735499
13.09999999999997,0,535.9180042704011,-346.06939490587354,7.7826465833715925,-3.095200195735468
13.09999999999997,1,535.1405769758666,-346.10548756618414,7.764062824129115,-3.0952001957355235
13.09999999999997,2,534.36500605776,-346.14149404279055,7.750435723237098,-3.095200195735525
13.09999999999997,3,533.5907963835523,-346.1774373226017,7.743800647748,-3.095200195735543
13.09999999999997,4,532.8172495030011,-346.2133498317072,7.742686666582711,-3.0952001957355026
13.09999999999997,5,532.0438139007091,-346.2492571746343,7.745565920525922,-3.095200195735508
13.09999999999997,6,531.2700906828128,-346.2851778703367,7.751824231903421,-3.0952001957355106
13.09999999999997,7,530.4957423071332,-346.32112758947045,7.761268285413863,-3.0952001957355337
13.09999999999997,8,529.7204505422234,-346.3571211061749,7.771697865530844,-3.095200195735512
13.199999999999969,0,535.1405769758642,-346.1054875661834,7.764062824129204,-3.095200195735558
13.199999999999969,1,534.3650060577579,-346.14149404278965,7.784071514748942,-3.0952001957355275
13.199999999999969,2,533.5874364233989,-346.17759331133607,7.800806117068909,-3.0952001957355137
13.199999999999969,3,532.8081951293454,-346.2137701879699,7.814966472714828,-3.095200195735445
13.199999999999969,4,532.0275393232928,-346.25001273441165,7.826179041395949,-3.0952001957354245
13.199999999999969,5,531.2457634667742,-346.28630728005817,7.8347542406634005,-3.09520019573543
13.199999999999969,6,530.4631310129657,-346.32264159389297,7.842031143591959,-3.0952001957354636
13.199999999999969,7,529.6797716518134,-346.3590096549604,7.84965613210957,-3.095200195735499
13.199999999999969,8,528.8956506122104,-346.39541307753564,7.857042562310652,-3.0952001957354875
13.299999999999969,0,534.365006057764,-346.1414940427934,7.784071514748974,-3.0952001957354653
13.299999999999969,1,533.587436423405,-346.1775933113398,7.8351934075070275,-3.0952001957354964
13.299999999999969,2,532.804760100164,-346.21392966184663,7.875839711340935,-3.095200195735469
13.299999999999969,3,532.0180235198259,-346.2504545129133,7.905621654860381,-3.095200195735467
13.299999999999969,4,531.2283119494859,-346.28711748017986,7.925219201712842,-3.0952001957354893
13.299999999999969,5,530.4366427330335,-346.3238713326732,7.936633473645714,-3.0952001957354724
13.299999999999969,6,529.6438333174914,-346.3606781197866,7.942971485223303,-3.095200195735468
13.299999999999969,7,528.8503907827214,-346.3975142999477,7.947507488809868,-3.0952001957355026
13.299999999999969,8,528.0564951356388,-346.43437151619605,7.951000478637251,-3.095200195735499
13.399999999999968,0,533.5874364234073,-346.17759331134164,7.835193407507059,-3.0952001957355173
13.399999999999968,1,532.8047601001666,-346.2139296618483,7.753678288857436,-3.095200195735531
13.399999999999968,2,532.0302265182764,-346.24988797932303,7.690181702652982,-3.095200195735554
13.399999999999968,3,531.2620357631744,-346.2855518261838,7.648909237451887,-3.0952001957356003
13.399999999999968,4,530.4979678139341,-346.3210242686099,7.626707780367794,-3.095200195735552
13.399999999999968,5,529.736117621665,-346.35639374996254,7.619184516139955,-3.095200195735495
13.399999999999968,6,528.975018946363,-346.3917283415618,7.6226630028229,-3.0952001957354858
13.399999999999968,7,528.2135727966561,-346.4270790649275,7.634041982786123,-3.0952001957355177
13.399999999999968,8,527.4509899732595,-346.4624825592439,7.648518510017322,-3.0952001957355115
13.499999999999968,0,532.8047601001618,-346.21392966184555,7.753678288857546,-3.095200195735524
13.499999999999968,1,532.0302265182718,-346.24988797931996,7.722602174627138,-3.095200195735537
13.499999999999968,2,531.2587972042105,-346.2857021787721,7.699712772128435,-3.095200195735515
13.499999999999968,3,530.4896543676434,-346.3214102267473,7.6874896683523986,-3.0952001957355195
13.499999999999968,4,529.721732526325,-346.3570615890786,7.683937953087888,-3.0952001957355186
13.499999999999968,5,528.9541654743908,-346.3926964800397,7.686726073068419,-3.0952001957354867
13.499999999999968,6,528.1863199104428,-346.42834430113544,7.694414391076392,-3.0952001957354662
13.499999999999968,7,527.4177063419082,-346.46402777743515,7.706069403992176,-3.0952001957354964
13.499999999999968,8,526.6479285260882,-346.4997653048107,7.718923815073264,-3.0952001957354938
13.599999999999968,0,532.0302265182655,-346.24988797931576,7.722602174627275,-3.095200195735511
13.599999999999968,1,531.2587972042043,-346.2857021787677,7.733089381534633,-3.0952001957354556
13.599999999999968,2,530.4863202978095,-346.3215650134998,7.743077838317736,-3.095200195735453
13.599999999999968,3,529.7128456204318,-346.3574741705178,7.753612563188081,-3.09520019573546
13.599999999999968,4,528.9383186040374,-346.393432183184,7.7638271550553695,-3.09520019573541
13.599999999999968,5,528.1627712274818,-346.429437566856,7.773303876383326,-3.0952001957353947
13.599999999999968,6,527.3862771984292,-346.46548689959866,7.782645616152954,-3.095200195735435
13.599999999999968,7,526.6088500005119,-346.5015795554237,7.792854442614049,-3.0952001957354884
13.599999999999968,8,525.830403018354,-346.53771955551656,7.802886688628918,-3.0952001957354724
13.699999999999967,0,531.2587972042105,-346.28570217877166,7.73308938153464,-3.095200195735493
13.699999999999967,1,530.4863202978157,-346.32156501350397,7.777258762936756,-3.0952001957354653
13.699999999999967,2,529.7094312056286,-346.35763268735644,7.813313977098653,-3.095200195735449
13.699999999999967,3,528.9289404713395,-346.39386757021464,7.841125348314046,-3.0952001957354778
13.699999999999967,4,528.1456715922571,-346.43023143058235,7.860913066896535,-3.095200195735514
13.699999999999967,5,527.3604260703507,-346.4666870581141,7.874023058950856,-3.0952001957354787
13.699999999999967,6,526.5738709597916,-346.5032034843066,7.882910426862418,-3.0952001957354147
13.699999999999967,7,525.7864280686658,-346.539761126395,7.890293310930219,-3.095200195735239
13.699999999999967,8,524.9982476834853,-346.57635300721256,7.896570490696727,-3.095200195735022
13.799999999999967,0,530.4863202978205,-346.321565013507,7.777258762936818,-3.0952001957355044
13.799999999999967,1,529.7094312056332,-346.35763268735946,7.848162939366398,-3.095200195735553
13.799999999999967,2,528.925459324646,-346.39402918513144,7.9043286119939715,-3.0952001957355852
13.799999999999967,3,528.1358769194691,-346.4306861558058,7.9446815024605195,-3.0952001957355497
13.799999999999967,4,527.3422635669631,-346.4675302663113,7.970477178868693,-3.095200195735442
13.799999999999967,5,526.5460734222684,-346.50449400637683,7.984675235339686,-3.0952001957350954
13.799999999999967,6,525.7484649995482,-346.5415235910915,7.991398895512969,-3.095200195734634
13.799999999999967,7,524.9501849342339,-346.57858435733056,7.994876651341092,-3.0952001957339457
13.799999999999967,8,524.1515574675217,-346.61566125194713,7.996698077322127,-3.0952001957331565
13.899999999999967,0,529.709431205631,-346.3576326873586,7.848162939366461,-3.09520019573558
13.899999999999967,1,528.9254593246442,-346.39402918513053,7.782553638706572,-3.095200195735674
13.899999999999967,2,528.1480413145753,-346.4301214144024,7.731236968389324,-3.0952001957356714
13.899999999999967,3,527.3757494501873,-346.4659756584169,7.697861058685304,-3.0952001957356043
13.899999999999967,4,526.6067915857321,-346.50167511891937,7.679824593368357,-3.0952001957354067
13.899999999999967,5,525.8396354271983,-346.53729093383834,7.673615430943993,-3.0952001957349453
13.899999999999967,6,525.0730995168395,-346.5728779532589,7.676476078336391,-3.0952001957342556
13.899999999999967,7,524.30627784953,-346.6084782391663,7.686148818500704,-3.095200195733517
13.899999999999967,8,523.5384899489299,-346.64412338319835,7.698522135202823,-3.095200195732792
13.999999999999966,0,528.9254593246394,-346.394029185127,7.782553638706685,-3.095200195735636
13.999999999999966,1,528.1480413145703,-346.43012141439897,7.76397655832614,-3.0952001957356714
13.999999999999966,2,527.3724790137626,-346.4661274909406,7.750356162978094,-3.0952001957355555
13.999999999999966,3,526.5982772870211,-346.5020704017844,7.743727619137411,-3.0952001957351913
13.999999999999966,4,525.8247377014734,-346.5379825722141,7.742619752810306,-3.0952001957343955
13.999999999999966,5,525.0513087833599,-346.57388960482376,7.7455044877721,-3.095200195733242
13.999999999999966,6,524.2775917021287,-346.6098100156287,7.7517674888677055,-3.095200195731931
13.999999999999966,7,523.5032489946477,-346.6457594716146,7.761215388095894,-3.095200195730813
13.999999999999966,8,522.7279625137785,-346.6817527430072,7.771648134351244,-3.095200195729993
14.099999999999966,0,528.1480413145682,-346.4301214143979,7.7639765583262035,-3.0952001957356874
14.099999999999966,1,527.3724790137608,-346.4661274909394,7.783992043706906,-3.095200195735351
14.099999999999966,2,526.5949173179558,-346.5022263909326,7.800733333837351,-3.0952001957348454
14.099999999999966,3,525.8156832943945,-346.53840293002884,7.814900063461873,-3.09520019573404
14.099999999999966,4,525.0350341221224,-346.5746451684933,7.826118485157276,-3.0952001957328577
14.099999999999966,5,524.2532643147117,-346.6109394333073,7.834698845151725,-3.0952001957315582
14.099999999999966,6,523.4706373944946,-346.6472734902439,7.841980102096337,-3.095200195730455
14.099999999999966,7,522.6872831320004,-346.683641314606,7.849608618595904,-3.0952001957296913
14.099999999999966,8,521.9031668386366,-346.72004451683836,7.856997928629964,-3.0952001957292192
14.199999999999966,0,527.3724790137662,-346.46612749094356,7.783992043706958,-3.0952001957353783
14.199999999999966,1,526.5949173179611,-346.5022263909368,7.835120718814452,-3.0952001957347175
14.199999999999966,2,525.8122482557685,-346.53856240434436,7.875773590904893,-3.0952001957338053
14.199999999999966,3,525.0255182803605,-346.57508694877356,7.905561679824694,-3.095200195732704
14.199999999999966,4,524.2358127010713,-346.6117496379029,7.925164774483541,-3.0952001957315147
14.199999999999966,5,523.4441489214853,-346.64850323798885,7.9365838652032545,-3.095200195730557
14.199999999999966,6,522.6513444614501,-346.68530979504317,7.942925888986313,-3.0952001957298685
14.199999999999966,7,521.8579064813986,-346.72214576375205,7.9474651063578765,-3.095200195729462
14.199999999999966,8,521.0640150680008,-346.7590027834532,7.950960697603595,-3.0952001957292126
14.299999999999965,0,526.5949173179639,-346.5022263909392,7.835120718814552,-3.095200195734743
14.299999999999965,1,525.8122482557714,-346.5385624043469,7.753612265808644,-3.0952001957352526
14.299999999999965,2,525.0377212690823,-346.57452041563454,7.690122047268678,-3.0952001957346007
14.299999999999965,3,524.2695364730997,-346.61018398583906,7.6488554447381745,-3.095200195732917
14.299999999999965,4,523.5054738973436,-346.6456561787991,7.626659199719928,-3.0952001957308104
14.299999999999965,5,522.7436285579126,-346.68102543485895,7.6191404000835465,-3.095200195729163
14.299999999999965,6,521.9825342894703,-346.71635982187104,7.622622557559283,-3.095200195728226
14.299999999999965,7,521.2210921799381,-346.75171035767437,7.634004444930645,-3.0952001957279096
14.299999999999965,8,520.4585131062887,-346.7871136779115,7.648483305967179,-3.0952001957279296
14.399999999999965,0,525.8122482557662,-346.53856240434357,7.7536122658087185,-3.0952001957352633
14.399999999999965,1,525.0377212690777,-346.5745204156309,7.722542617418644,-3.0952001957337356
14.399999999999965,2,524.2662979043292,-346.6103343388827,7.6996593191518095,-3.0952001957319304
14.399999999999965,3,523.497160407309,-346.64604213896826,7.687441755662138,-3.095200195730376
14.399999999999965,4,522.7292433521045,-346.68169327910425,7.683894897135609,-3.0952001957292676
14.399999999999965,5,521.9616806011334,-346.7173279703949,7.686687123099141,-3.0952001957287427
14.399999999999965,6,521.1938389279917,-346.7529756108621,7.694378776177112,-3.0952001957286512
14.399999999999965,7,520.4252289171155,-346.7886589219999,7.706036401307833,-3.095200195728771
14.399999999999965,8,519.6554543980135,-346.82439629632796,7.7188928915836375,-3.095200195728891
14.499999999999964,0,525.0377212690717,-346.57452041562857,7.722542617418773,-3.095200195733649
14.499999999999964,1,524.2662979043237,-346.61033433888076,7.733036025833152,-3.09520019573218
14.499999999999964,2,523.4938263277587,-346.64619692617407,7.743030276381825,-3.095200195730879
14.499999999999964,3,522.7203564014576,-346.68210586262296,7.75357019192866,-3.0952001957299227
14.499999999999964,4,521.9458336176301,-346.71806367879344,7.763789274839834,-3.095200195729302
14.499999999999964,5,521.1702900250209,-346.75406888679737,7.77326974558485,-3.095200195729011
14.499999999999964,6,520.3937994053757,-346.7901180612606,7.782614494611895,-3.095200195728938
14.499999999999964,7,519.6163753162642,-346.8262105727621,7.792825651841655,-3.095200195728988
14.499999999999964,8,518.837931210086,-346.8623504393405,7.802859737030803,-3.0952001957290696
14.599999999999964,0,524.2662979043292,-346.61033433888633,7.733036025833146,-3.0952001957322475
14.599999999999964,1,523.4938263277643,-346.64619692617964,7.777211296013544,-3.0952001957312363
14.599999999999964,2,522.7169419771626,-346.6822643799036,7.81327196005255,-3.0952001957304116
14.599999999999964,3,521.9364554400574,-346.7184990679083,7.841088155658249,-3.0952001957298405
14.599999999999964,4,521.1531902762395,-346.75486275579647,7.860879996896464,-3.095200195729497
14.599999999999964,5,520.3679480577752,-346.7913182299681,7.8739933890693425,-3.09520019572936
14.599999999999964,6,519.5813959110118,-346.827834518569,7.882883453616897,-3.0952001957292934
14.599999999999964,7,518.7939557143087,-346.86439203557165,7.890268402625371,-3.0952001957292774
14.599999999999964,8,518.0057778172786,-346.90098380087954,7.896547197199643,-3.0952001957293014
14.699999999999964,0,523.4938263277689,-346.6461969261842,7.7772112960136335,-3.095200195731243
14.699999999999964,1,522.7169419771669,-346.68226437990825,7.848121013997325,-3.0952001957307056
14.699999999999964,2,521.932974284206,-346.7186606832517,7.904291770801131,-3.095200195730252
14.699999999999964,3,521.1433955591853,-346.7553174830763,7.944649111548423,-3.095200195729957
14.699999999999964,4,520.3497854422853,-346.79216144337056,7.970448545820191,-3.0952001957297437
14.699999999999964,5,519.5535981578149,-346.8291250506527,7.9846496645193765,-3.095200195729615
14.699999999999964,6,518.7559922894255,-346.86615451678466,7.991375724362858,-3.0952001957295323
14.699999999999964,7,517.9577145387339,-346.9032151755697,7.994855296200424,-3.0952001957294772
14.699999999999964,8,517.1590892052382,-346.9402919711538,7.996678128896817,-3.0952001957294435
14.799999999999963,0,522.7169419771649,-346.682264379908,7.848121013997386,-3.0952001957307083
14.799999999999963,1,521.9329742842044,-346.7186606832515,7.78251688503341,-3.0952001957309
14.799999999999963,2,521.1555599455489,-346.7547527420787,7.731204921176435,-3.0952001957306763
14.799999999999963,3,520.3832712824342,-346.7906068374757,7.6978330871525324,-3.095200195730169
14.799999999999963,4,519.6143162121225,-346.8263061682621,7.679800023568968,-3.095200195729638
14.799999999999963,5,518.8471625079252,-346.8619218692409,7.673593600083345,-3.095200195729212
14.799999999999963,6,518.0806287783043,-346.8975087874237,7.676456367596802,-3.095200195729003
14.799999999999963,7,517.3138090799475,-346.9331089819249,7.686130692511617,-3.0952001957289625
14.799999999999963,8,516.5460229899961,-346.9687540418996,7.6985052243600585,-3.095200195728996
14.899999999999963,0,521.9329742841995,-346.7186606832479,7.782516885033517,-3.095200195730869
14.899999999999963,1,521.1555599455437,-346.7547527420752,7.763944593871896,-3.095200195730281
14.899999999999963,2,520.380000837743,-346.7907586703832,7.750328523420239,-3.095200195729788
14.899999999999963,3,519.6058018719829,-346.8267014530509,7.7437036861467785,-3.095200195729464
14.899999999999963,4,518.8322646771599,-346.8626135124939,7.742598878073945,-3.095200195729312
14.899999999999963,5,518.0588378442736,-346.8985204482991,7.745486045656338,-3.0952001957292605
14.899999999999963,6,517.2851226052705,-346.9344407735805,7.751750905900683,-3.095200195729364
14.899999999999963,7,516.510781554302,-346.9703901526634,7.761200176646573,-3.095200195729428
14.899999999999963,8,515.735496592941,-347.0063833535126,7.771633962945906,-3.0952001957294044
14.999999999999963,0,521.1555599455424,-346.75475274207474,7.763944593872016,-3.0952001957302215
14.999999999999963,1,520.380000837741,-346.79075867038296,7.7839644817299085,-3.0952001957299418
14.999999999999963,2,519.6024418951681,-346.8268574425593,7.800709718056408,-3.095200195729692
14.999999999999963,3,518.823210230644,-346.86303387213934,7.81487979540555,-3.0952001957295483
14.999999999999963,4,518.0425630829967,-346.8992760166125,7.82610094757703,-3.0952001957293795
14.999999999999963,5,517.2607950274576,-346.93557020009735,7.834683452508929,-3.0952001957293036
14.999999999999963,6,516.4781696448488,-346.97190418565106,7.841966326859654,-3.095200195729312
14.999999999999963,7,515.6948167583957,-347.00827194613044,7.849596019674991,-3.0952001957293245
14.999999999999963,8,514.9107017235683,-347.04467508993446,7.856986210812387,-3.0952001957293334
15.099999999999962,0,520.3800008377464,-346.7907586703873,7.783964481729923,-3.095200195729994
15.099999999999962,1,519.6024418951733,-346.8268574425635,7.835097175178378,-3.0952001957297925
15.099999999999962,2,518.8197751848114,-346.86319334678967,7.875753623048527,-3.0952001957296513
15.099999999999962,3,518.0330472040405,-346.89971779861946,7.905544714853908,-3.095200195729525
15.099999999999962,4,517.2433433194233,-346.9363804090748,7.925150230148312,-3.095200195729489
15.099999999999962,5,516.4516809927068,-346.9731339417118,7.936571197819238,-3.0952001957294195
15.099999999999962,6,515.6588777980467,-347.00994044002084,7.942914616725018,-3.0952001957293875
15.099999999999962,7,514.8654409440085,-347.0467763564541,7.947454832961899,-3.0952001957293453
15.099999999999962,8,514.0715505568446,-347.08363332851184,7.950951162029615,-3.095200195729368
15.199999999999962,0,519.6024418951758,-346.82685744256526,7.8350971751784435,-3.0952001957298156
15.199999999999962,1,518.819775184814,-346.8631933467914,7.75359236453646,-3.095200195729864
15.199999999999962,2,518.0452501861117,-346.89915126578927,7.690105363927698,-3.0952001957298654
15.199999999999962,3,517.2770670566684,-346.93481475862734,7.64884143626732,-3.095200195729724
15.199999999999962,4,516.5130058802517,-346.9702868866243,7.6266473215214265,-3.095200195729499
15.199999999999962,5,515.7511617273628,-347.00565608759894,7.619130151102101,-3.0952001957293587
15.199999999999962,6,514.9900684827157,-347.0409904270805,7.622613500757291,-3.0952001957292676
15.199999999999962,7,514.2286272778892,-347.076340920881,7.633996226788344,-3.0952001957292627
15.199999999999962,8,513.4660490251697,-347.11174420300506,7.648475697369653,-3.095200195729258
15.299999999999962,0,518.8197751848097,-346.8631933467883,7.753592364536597,-3.095200195729833
15.299999999999962,1,518.0452501861068,-346.89915126578603,7.7225259950871346,-3.095200195729615
15.299999999999962,2,517.2738284818034,-346.93496511195406,7.699645572761923,-3.0952001957294435
15.299999999999962,3,516.504692357943,-346.9706728482912,7.68743037498259,-3.0952001957293582
15.299999999999962,4,515.7367764395824,-347.00632393564933,7.683885376790137,-3.0952001957293405
15.299999999999962,5,514.9692146396214,-347.0419585827884,7.686679004622417,-3.0952001957293236
15.299999999999962,6,514.2013737774538,-347.07760618560536,7.694371665875911,-3.0952001957293733
15.299999999999962,7,513.4327644768427,-347.11328946376784,7.706029986021951,-3.09520019572941
15.299999999999962,8,512.6629905985793,-347.14902680834416,7.718886971799998,-3.0952001957294017
15.399999999999961,0,518.0452501861007,-346.8991512657825,7.7225259950872065,-3.095200195729663
15.399999999999961,1,517.2738284817974,-346.9349651119502,7.733022334953937,-3.0952001957295785
15.399999999999961,2,516.5013582728475,-346.9708276357528,7.743019137744472,-3.0952001957294635
15.399999999999961,3,515.7278894592116,-347.00673652054667,7.753561130056085,-3.095200195729403
15.399999999999961,4,514.9533675805965,-347.0426942946923,7.7637818242387215,-3.095200195729384
15.399999999999961,5,514.1778247322454,-347.07869946814367,7.773263489678689,-3.095200195729359
15.399999999999961,6,513.4013347375184,-347.1147486135941,7.782609081192495,-3.095200195729348
15.399999999999961,7,512.6239111891663,-347.15084109999,7.792820805537486,-3.095200195729335
15.399999999999961,8,511.84546756709676,-347.1869809440931,7.802855285570742,-3.0952001957293303
15.499999999999961,0,517.2738284818035,-346.93496511195417,7.733022334953971,-3.0952001957295363
15.499999999999961,1,516.5013582728533,-346.9708276357569,7.777200207536617,-3.095200195729497
15.499999999999961,2,515.7244750299063,-347.00689503805876,7.813263120099523,-3.0952001957294497
15.499999999999961,3,514.9439893758451,-347.04312968506804,7.841081124527144,-3.095200195729393
15.499999999999961,4,514.1607249143841,-347.07949334034913,7.860874348888765,-3.0952001957293938
15.499999999999961,5,513.3754832601128,-347.11594878832784,7.8739887482679265,-3.0952001957294075
15.499999999999961,6,512.5889315769303,-347.1524650554063,7.882879507132535,-3.095200195729383
15.499999999999961,7,511.8014917744511,-347.1890225541066,7.8902649101877005,-3.095200195729387
15.499999999999961,8,511.0133142262895,-347.22561430321787,7.89654401142958,-3.0952001957293866
15.59999999999996,0,516.5013582728577,-346.97082763575986,7.777200207536685,-3.0952001957295288
15.59999999999996,1,515.7244750299103,-347.00689503806143,7.8481122190592405,-3.095200195729508
15.59999999999996,2,514.9405082154972,-347.04329130061853,7.904284941714752,-3.0952001957294804
15.59999999999996,3,514.1509301726503,-347.07994806877355,7.94464384465595,-3.095200195729473
15.59999999999996,4,513.3573205818727,-347.11679200464255,7.970444454520625,-3.095200195729407
15.59999999999996,5,512.5611337060918,-347.15375559295103,7.984646411914804,-3.09520019572937
15.59999999999996,6,511.76352816261317,-347.1907850439992,7.991373034501045,-3.095200195729376
15.59999999999996,7,510.965250680618,-347.2278456903099,7.994852961171901,-3.0952001957293818
15.59999999999996,8,510.1666255803741,-347.26492247506525,7.996676023909617,-3.0952001957294017
15.69999999999996,0,515.7244750299091,-347.0068950380608,7.848112219059325,-3.0952001957295314
15.69999999999996,1,514.9405082154956,-347.04329130061797,7.7825100960643825,-3.095200195729529
15.69999999999996,2,514.1630945550062,-347.0793833279621,7.7311998369681785,-3.0952001957295012
15.69999999999996,3,513.390806399766,-347.1152373997812,7.697829339744097,-3.0952001957294897
15.69999999999996,4,512.6218517037921,-347.15093671318937,7.679797264274592,-3.0952001957294586
15.69999999999996,5,511.85469827522695,-347.18655240137207,7.673591529075324,-3.095200195729444
15.69999999999996,6,511.088164752484,-347.22213930994997,7.676454743339609,-3.0952001957294204
15.69999999999996,7,510.32134521637875,-347.25773949691836,7.6861293367165775,-3.0952001957293858
15.69999999999996,8,509.55355926186064,-347.2933845506052,7.698504032590325,-3.0952001957293924
15.79999999999996,0,514.9405082154906,-347.0432913006143,7.782510096064465,-3.095200195729448
15.79999999999996,1,514.1630945550014,-347.0793833279588,7.763939545162015,-3.0952001957293964
15.79999999999996,2,513.3875359515281,-347.1153892328534,7.750324940058507,-3.095200195729346
15.79999999999996,3,512.613337343719,-347.15133199890334,7.743701235025125,-3.0952001957293596
15.79999999999996,4,511.83980039374444,-347.1872440469791,7.742597246863088,-3.095200195729376
15.79999999999996,5,511.0663737238039,-347.2231509752196,7.745484969429072,-3.0952001957293804
15.79999999999996,6,510.29265859230736,-347.2590712955095,7.7517501749448785,-3.095200195729361
15.79999999999996,7,509.51831761435585,-347.2950206712027,7.761199639597317,-3.095200195729336
15.79999999999996,8,508.743032706642,-347.33101386956173,7.771633533583961,-3.0952001957293684
15.89999999999996,0,514.163094555,-347.0793833279577,7.7639395451621205,-3.0952001957294315
15.89999999999996,1,513.3875359515264,-347.1153892328525,7.7839609295472,-3.095200195729399
15.89999999999996,2,512.6099773637894,-347.15148798855563,7.8007074132257115,-3.0952001957293604
15.89999999999996,3,511.83074592950084,-347.1876644074474,7.814878438436657,-3.095200195729367
15.89999999999996,4,511.0500989174042,-347.22390654562776,7.8261002606563626,-3.0952001957293866
15.89999999999996,5,510.26833093048305,-347.2602007259269,7.834683203294318,-3.095200195729417
15.89999999999996,6,509.4857055727688,-347.29653471032464,7.84196633485037,-3.095200195729414
15.89999999999996,7,508.702352685518,-347.332902470841,7.849596157810419,-3.0952001957294115
15.89999999999996,8,507.91823763689223,-347.36930561528567,7.8569864090638815,-3.0952001957294017
15.99999999999996,0,513.387535951532,-347.1153892328566,7.783960929547239,-3.0952001957294533
15.99999999999996,1,512.6099773637949,-347.1514879885598,7.835094897519247,-3.095200195729461
15.99999999999996,2,511.8273108809541,-347.187823882223,7.875752395612035,-3.095200195729428
15.99999999999996,3,511.04058302279446,-347.22434832836075,7.905544270233574,-3.095200195729406
15.99999999999996,4,510.25087918259095,-347.26101093675436,7.925150323004779,-3.0952001957294235
15.99999999999996,5,509.4592168465986,-347.29776446982214,7.936571625997579,-3.095200195729423
15.99999999999996,6,508.66641360916725,-347.3345709701168,7.942915226349676,-3.095200195729415
15.99999999999996,7,507.87297669423185,-347.37140688937745,7.9474555187614495,-3.095200195729416
15.99999999999996,8,507.0790862385623,-347.4082638646155,7.950951868260841,-3.095200195729415
16.09999999999996,0,512.6099773637974,-347.15148798856103,7.835094897519337,-3.095200195729403
16.09999999999996,1,511.827310880956,-347.1878238822246,7.753591160580978,-3.0952001957293778
16.09999999999996,2,511.0527860025196,-347.2237817956395,7.690105033156544,-3.0952001957294213
16.09999999999996,3,510.28460290611775,-347.25944528694396,7.648841741604185,-3.095200195729471
16.09999999999996,4,509.5205416992004,-347.2949174163574,7.626648047928272,-3.095200195729486
16.09999999999996,5,508.758697473749,-347.3302866207006,7.6191311241842286,-3.095200195729504
16.09999999999996,6,507.9976041318984,-347.36562096469464,7.622614590739788,-3.095200195729474
16.09999999999996,7,507.23616281819113,-347.40097146355015,7.633997347798295,-3.09520019572947
16.09999999999996,8,506.47358445349107,-347.4363747508727,7.648476806173243,-3.095200195729455
16.19999999999996,0,511.82731088095187,-347.18782388222223,7.753591160581087,-3.095200195729438
16.19999999999996,1,511.05278600251523,-347.22378179563685,7.722525684422555,-3.095200195729384
16.19999999999996,2,510.28136432924487,-347.2595956403642,7.69964597738705,-3.095200195729431
16.19999999999996,3,509.5122281649656,-347.2953033785777,7.687431286246554,-3.0952001957294097
16.19999999999996,4,508.74431215557615,-347.33095447016206,7.683886607710463,-3.0952001957293884
16.19999999999996,5,507.97675023265566,-347.36658912300936,7.686680406151887,-3.095200195729425
16.19999999999996,6,507.20890923048563,-347.40223673232583,7.694373129905509,-3.0952001957294613
16.19999999999996,7,506.44029978362914,-347.43792001727786,7.706031443825621,-3.0952001957294426
16.19999999999996,8,505.6705257597418,-347.4736573686147,7.7188883910104416,-3.0952001957294373
16.29999999999996,0,511.0527860025089,-347.2237817956325,7.722525684422664,-3.095200195729336
16.29999999999996,1,510.28136432923867,-347.2595956403597,7.733022756621655,-3.0952001957293396
16.29999999999996,2,509.5088940781675,-347.29545816611835,7.743020134878473,-3.0952001957293636
16.29999999999996,3,508.7354251649253,-347.33136705553636,7.753562520433055,-3.09520019572936
16.29999999999996,4,507.960903147422,-347.3673248361302,7.7637834466620275,-3.0952001957294053
16.29999999999996,5,507.18536013700367,-347.4033300171053,7.7732652180853155,-3.0952001957293813
16.29999999999996,6,506.4088699696215,-347.43937917057156,7.782610826816227,-3.095200195729369
16.29999999999996,7,505.631446246895,-347.475471665063,7.792822514695937,-3.095200195729371
16.29999999999996,8,504.8530024540938,-347.5116115170923,7.802856935254464,-3.0952001957293573
16.399999999999963,0,510.2813643292444,-347.25959564036407,7.733022756621671,-3.095200195729423
16.399999999999963,1,509.5088940781731,-347.29545816612233,7.7772012189501805,-3.0952001957294177
16.399999999999963,2,508.7320107341934,-347.33152557311456,7.813264584069853,-3.095200195729439
16.399999999999963,3,507.9515249338931,-347.3677602269132,7.841082883216203,-3.0952001957294346
16.399999999999963,4,507.16826029675184,-347.4041238903502,7.860876264632052,-3.0952001957294017
16.399999999999963,5,506.3830184511124,-347.4405793472133,7.873990715700906,-3.095200195729391
16.399999999999963,6,505.5964665713983,-347.4770956234162,7.882881454635885,-3.095200195729367
16.399999999999963,7,504.8090265743784,-347.51365313114815,7.890266797173537,-3.095200195729335
16.399999999999963,8,504.02084883772113,-347.55024488901074,7.896545822870633,-3.0952001957293485
16.499999999999964,0,509.50889407817726,-347.2954581661255,7.777201218950254,-3.095200195729502
16.499999999999964,1,508.7320107341978,-347.3315255731175,7.848113694834703,-3.0952001957294923
16.499999999999964,2,507.9480437723657,-347.3679218425186,7.904286762842998,-3.095200195729462
16.499999999999964,3,507.1584655476015,-347.4045786191188,7.9446458756377645,-3.0952001957293964
16.499999999999964,4,506.3648557539444,-347.44142256440705,7.970446579018577,-3.0952001957293733
16.499999999999964,5,505.56866866594305,-347.4783861625682,7.9846485430761565,-3.095200195729408
16.499999999999964,6,504.7710629095773,-347.51541562349945,7.991375115795676,-3.0952001957294053
16.499999999999964,7,503.9727852196766,-347.5524762794623,7.994854963313291,-3.0952001957294124
16.499999999999964,8,503.17415991943386,-347.58955307350266,7.996677938606949,-3.0952001957294133
16.599999999999966,0,508.7320107341958,-347.3315255731163,7.848113694834758,-3.0952001957294217
16.599999999999966,1,507.9480437723641,-347.3679218425175,7.7825119267970715,-3.095200195729424
16.599999999999966,2,507.1706299289983,-347.4040138783521,7.73120192032441,-3.09520019572941
16.599999999999966,3,506.3983415656461,-347.4398679598331,7.697831560545865,-3.0952001957294146
16.599999999999966,4,505.6293866478309,-347.47556728354016,7.679799525380572,-3.0952001957293733
16.599999999999966,5,504.86223299339866,-347.51118298220933,7.673593760072875,-3.095200195729393
16.599999999999966,6,504.09569924779635,-347.54676990113353,7.676456900874964,-3.09520019572939
16.599999999999966,7,503.3288794961695,-347.58237009810784,7.686131401166784,-3.0952001957293795
16.599999999999966,8,502.56109333542884,-347.6180151613687,7.698506001280703,-3.0952001957294
16.699999999999967,0,507.9480437723595,-347.36792184251453,7.782511926797187,-3.0952001957294257
16.699999999999967,1,507.1706299289937,-347.4040138783488,7.763941636179722,-3.0952001957293866
16.699999999999967,2,506.39507111664346,-347.440019792941,7.75032720421538,-3.0952001957293973
16.699999999999967,3,505.6208722826624,-347.47596256949106,7.743703575501968,-3.0952001957293804
16.699999999999967,4,504.8473350988919,-347.51187462842097,7.742599583677672,-3.0952001957293747
16.699999999999967,5,504.0739081955212,-347.5477815674984,7.745487246663402,-3.0952001957293733
16.699999999999967,6,503.3001928365464,-347.5837018983493,7.751752360656685,-3.0952001957293342
16.699999999999967,7,502.52585164025896,-347.6196512841792,7.761201722341574,-3.095200195729344
16.699999999999967,8,501.7505665244949,-347.65564449219676,7.771635515301508,-3.095200195729362
16.79999999999997,0,507.1706299289922,-347.4040138783481,7.7639416361798075,-3.095200195729392
16.79999999999997,1,506.3950711166421,-347.44001979294006,7.7839631996628,-3.0952001957294213
16.79999999999997,2,505.61751230213764,-347.476118559171,7.800709789031324,-3.0952001957294293
16.79999999999997,3,504.83828063052414,-347.51229498908054,7.814880839585261,-3.0952001957294146
16.79999999999997,4,504.05763337857115,-347.54853713839645,7.8261026223962675,-3.0952001957293724
16.79999999999997,5,503.2758651557302,-347.5848313296484,7.834685482390059,-3.0952001957293587
16.79999999999997,6,502.49323957035153,-347.62116532461584,7.841968509154663,-3.095200195729346
16.79999999999997,7,501.7098864659043,-347.6575330952155,7.8495982227178045,-3.0952001957293116
16.79999999999997,8,500.9257712110098,-347.6939362492368,7.8569883702433225,-3.0952001957293414
16.89999999999997,0,506.39507111664733,-347.4400197929441,7.78396319966283,-3.0952001957294266
16.89999999999997,1,505.61751230214304,-347.476118559175,7.835097277803352,-3.095200195729392
16.89999999999997,2,504.8348455815295,-347.51245446387736,7.875754824997932,-3.0952001957293964
16.89999999999997,3,504.04811748069324,-347.54897892128133,7.9055466830511305,-3.0952001957293938
16.89999999999997,4,503.25841339946777,-347.5856415408647,7.925152667923003,-3.0952001957294377
16.89999999999997,5,502.46675082923565,-347.622395084807,7.936573870788544,-3.095200195729391
16.89999999999997,6,501.67394736756654,-347.6592015955122,7.94291735719068,-3.0952001957293716
16.89999999999997,7,500.88051023977647,-347.69603752465457,7.947457536689205,-3.0952001957293653
16.89999999999997,8,500.08661958253134,-347.7328945092511,7.950953781891213,-3.095200195729396
16.99999999999997,0,505.6175123021454,-347.47611855917637,7.835097277803431,-3.0952001957293644
16.99999999999997,1,504.83484558153214,-347.51245446387884,7.7535935931694935,-3.095200195729413
16.99999999999997,2,504.06032046009824,-347.5484123885749,7.690107467992612,-3.095200195729441
16.99999999999997,3,503.2921371204747,-347.5840758911711,7.648844126001907,-3.0952001957294337
16.99999999999997,4,502.52807567537434,-347.61954803164235,7.626650342292522,-3.0952001957294075
16.99999999999997,5,501.76623122073335,-347.65491724662564,7.619133305757589,-3.095200195729369
16.99999999999997,6,501.00513766096003,-347.6902516007375,7.622616652695931,-3.095200195729383
16.99999999999997,7,500.24369614127903,-347.7256021091555,7.63399929575234,-3.095200195729401
16.99999999999997,8,499.4811175819932,-347.76100540551204,7.64847865100542,-3.0952001957294124
17.099999999999973,0,504.8348455815276,-347.51245446387577,7.753593593169581,-3.09520019572935
17.099999999999973,1,504.0603204600939,-347.54841238857205,7.722528121371936,-3.0952001957293875
17.099999999999973,2,503.2888985433908,-347.5842262446007,7.699648378393036,-3.0952001957293964
17.099999999999973,3,502.5197621392692,-347.6199339939495,7.687433610024987,-3.0952001957294217
17.099999999999973,4,501.7518458977522,-347.65558509631046,7.68388882484561,-3.095200195729431
17.099999999999973,5,500.9842837533565,-347.69121975943995,7.6866825019562715,-3.0952001957294044
17.099999999999973,6,500.21644254183184,-347.7268673784757,7.6943751033576175,-3.095200195729386
17.099999999999973,7,499.4478328978423,-347.76255067258,7.706033304180684,-3.095200195729354
17.099999999999973,8,498.6780586881195,-347.7982880325445,7.7188901508216965,-3.095200195729378
17.199999999999974,0,504.0603204600879,-347.5484123885683,7.722528121372057,-3.0952001957294217
17.199999999999974,1,503.28889854338513,-347.5842262445967,7.733025158820697,-3.095200195729389
17.199999999999974,2,502.51642805235224,-347.6200887814956,7.7430224705982935,-3.0952001957293693
17.199999999999974,3,501.7429589057894,-347.65599768174576,7.753564758323381,-3.0952001957293374
17.199999999999974,4,500.96843666473796,-347.691955472718,7.763785566059006,-3.0952001957293858
17.199999999999974,5,500.1928934426077,-347.7279606635221,7.773267211104082,-3.095200195729391
17.199999999999974,6,499.416403076138,-347.764009826231,7.782612697178422,-3.0952001957293787
17.199999999999974,7,498.63897916657646,-347.80010232939617,7.792824274475666,-3.0952001957293245
17.199999999999974,8,497.8605351979865,-347.83624218958687,7.80285859817007,-3.0952001957293493
17.299999999999976,0,503.2888985433905,-347.5842262446009,7.733025158820699,-3.095200195729457
17.299999999999976,1,502.5164280523577,-347.6200887814996,7.777203555094828,-3.0952001957294564
17.299999999999976,2,501.7395444750149,-347.6561561993256,7.813266829913375,-3.095200195729403
17.299999999999976,3,500.9590584503717,-347.6923908635397,7.841085015990636,-3.095200195729356
17.299999999999976,4,500.17579360018266,-347.72875453686794,7.860878271125431,-3.0952001957293502
17.299999999999976,5,499.39055155410966,-347.76521000303626,7.873992593691963,-3.0952001957293627
17.299999999999976,6,498.6039994867987,-347.80172628794844,7.882883211650378,-3.0952001957293573
17.299999999999976,7,497.8165593142665,-347.83828380382874,7.890268447391354,-3.095200195729337
17.299999999999976,8,497.02838141276493,-347.8748755693442,7.896547380743295,-3.0952001957293547
17.399999999999977,0,502.5164280523617,-347.6200887815023,7.777203555094897,-3.0952001957293866
17.399999999999977,1,501.73954447501893,-347.65615619932885,7.848115940470771,-3.095200195729396
17.399999999999977,2,500.955577288865,-347.6925524791443,7.904288900197881,-3.0952001957294017
17.399999999999977,3,500.1659988505953,-347.7292092656568,7.944647889290392,-3.095200195729412
17.399999999999977,4,499.3723888557897,-347.7660532202833,7.970448462033016,-3.095200195729383
17.399999999999977,5,498.5762015796891,-347.8030168271771,7.9846502978781935,-3.095200195729378
17.399999999999977,6,497.7785956480323,-347.8400462962468,7.991376752890622,-3.0952001957294053
17.399999999999977,7,496.9803177945983,-347.8771069598016,7.994856498373043,-3.0952001957294124
17.399999999999977,8,496.1816923410148,-347.914183760961,7.996679386452958,-3.095200195729406
17.49999999999998,0,501.73954447501774,-347.6561561993277,7.848115940470874,-3.0952001957294506
17.49999999999998,1,500.95557728886365,-347.6925524791434,7.782514063432986,-3.0952001957294177
17.49999999999998,2,500.1781632320642,-347.72864452488625,7.731203935738975,-3.0952001957293973
17.49999999999998,3,499.4058746673875,-347.7644986157143,7.697833445543284,-3.0952001957294017
17.49999999999998,4,498.63691956127525,-347.80019794816326,7.67980127824483,-3.095200195729393
17.49999999999998,5,497.8697657317453,-347.83581365496144,7.6735953869759586,-3.0952001957293915
17.49999999999998,6,497.1032318236276,-347.87140058143046,7.676458414583492,-3.095200195729361
17.49999999999998,7,496.3364119207928,-347.90700078542477,7.686132818321304,-3.095200195729362
17.49999999999998,8,495.56862561848897,-347.94264585525775,7.698507336770959,-3.095200195729371
17.59999999999998,0,500.9555772888586,-347.6925524791404,7.782514063433064,-3.0952001957294297
17.59999999999998,1,500.17816323205943,-347.72864452488346,7.763943650469913,-3.095200195729432
17.59999999999998,2,499.4026042184972,-347.76465044881706,7.750329088651672,-3.0952001957294284
17.59999999999998,3,498.628405196275,-347.80059323410615,7.743705326102645,-3.095200195729404
17.59999999999998,4,497.8548678376329,-347.8365053011547,7.742601203004504,-3.0952001957294026
17.59999999999998,5,497.0814407725038,-347.87241224774164,7.745488743842086,-3.0952001957293453
17.59999999999998,6,496.307725263972,-347.90833258553596,7.751753750094646,-3.095200195729334
17.59999999999998,7,495.5333839288904,-347.9442819778093,7.761203021206631,-3.095200195729322
17.59999999999998,8,494.75809868337956,-347.98027519185075,7.771636738305039,-3.095200195729353
17.69999999999998,0,500.1781632320581,-347.7286445248821,7.763943650470014,-3.095200195729339
17.69999999999998,1,499.4026042184956,-347.764650448816,7.783965082662346,-3.095200195729335
17.69999999999998,2,498.62504521589386,-347.8007492237797,7.8007115371879765,-3.0952001957293493
17.69999999999998,3,497.8458133696529,-347.83692566179616,7.814882453225947,-3.0952001957293356
17.69999999999998,4,497.06516595650925,-347.87316781859556,7.826104107526126,-3.0952001957293342
17.69999999999998,5,496.2833975853152,-347.9094620167349,7.834686850396715,-3.0952001957293396
17.69999999999998,6,495.500771863283,-347.9457960180465,7.841969775555298,-3.095200195729388
17.69999999999998,7,494.71741863233166,-347.9821637945194,7.849599404839815,-3.0952001957293653
17.69999999999998,8,493.9333032593522,-348.0185669540225,7.856989482421568,-3.095200195729383
17.799999999999983,0,499.40260421850076,-347.7646504488198,7.783965082662363,-3.0952001957293938
17.799999999999983,1,498.6250452158991,-347.80074922378355,7.835099024291381,-3.095200195729415
17.799999999999983,2,497.8423783208249,-347.83708513658496,7.875756434699639,-3.0952001957293884
17.799999999999983,3,497.0556500591915,-347.8736096014544,7.905548159797052,-3.0952001957293973
17.799999999999983,4,496.2659458304502,-347.91027222788625,7.925154020427954,-3.095200195729423
17.799999999999983,5,495.4742831251131,-347.9470257781011,7.9365751121031485,-3.0952001957294186
17.799999999999983,6,494.6814795394463,-347.98383229456283,7.9429185034919945,-3.0952001957294044
17.799999999999983,7,493.8880422971494,-348.0206682290212,7.94745860516223,-3.0952001957294186
17.799999999999983,8,493.0941515331717,-348.0575252185728,7.950954786338898,-3.0952001957294177
17.899999999999984,0,498.62504521590137,-347.80074922378503,7.835099024291474,-3.09520019572944
17.899999999999984,1,497.8423783208271,-347.8370851365868,7.753595201040075,-3.0952001957294213
17.899999999999984,2,497.0678530387792,-347.8730430687395,7.690108939644119,-3.0952001957294373
17.899999999999984,3,496.2996695521489,-347.90870657816055,7.6488454680578215,-3.095200195729448
17.899999999999984,4,495.5356079729874,-347.94417872485553,7.626651565537333,-3.095200195729443
17.899999999999984,5,494.7737633961534,-347.97954794551197,7.619134424391073,-3.095200195729412
17.899999999999984,6,494.0126697246373,-348.0148823048114,7.622617683178212,-3.095200195729398
17.899999999999984,7,493.25122810201884,-348.0502328180083,7.634000254882365,-3.0952001957293707
17.899999999999984,8,492.4886494469232,-348.0856361188129,7.648479551936062,-3.095200195729399
17.999999999999986,0,497.8423783208227,-347.83708513658405,7.753595201040176,-3.095200195729409
17.999999999999986,1,497.0678530387752,-347.8730430687368,7.722529591088705,-3.0952001957294417
17.999999999999986,2,496.29643097525826,-347.9088569315815,7.699649714493618,-3.0952001957294426
17.999999999999986,3,495.5272944376705,-347.9445646871261,7.687434821303184,-3.095200195729409
17.999999999999986,4,494.7593780751561,-347.9802157951045,7.683889923601864,-3.0952001957294293
17.999999999999986,5,493.9918158210029,-348.0158504633297,7.686683503102962,-3.0952001957293866
17.999999999999986,6,493.2239745094714,-348.0514980870083,7.694376023326709,-3.095200195729346
17.999999999999986,7,492.455364773584,-348.08718138537915,7.706034159192727,-3.0952001957293622
17.999999999999986,8,491.6855904784522,-348.1229187493089,7.718890953293427,-3.0952001957293795
18.099999999999987,0,497.0678530387697,-347.8730430687326,7.7225295910888105,-3.0952001957293214
18.099999999999987,1,496.29643097525303,-347.90885693157736,7.7330264929325665,-3.0952001957293027
18.099999999999987,2,495.52396035095256,-347.94471947466354,7.743023675313725,-3.0952001957293627
18.099999999999987,3,494.7504910840479,-347.98062838050043,7.753565844065329,-3.095200195729411
18.099999999999987,4,493.97596873453915,-348.01658617650764,7.763786546169094,-3.0952001957294333
18.099999999999987,5,493.20042541450306,-348.05259137185715,7.7732681008406255,-3.095200195729382
18.099999999999987,6,492.4239349591557,-348.0886405386923,7.782613512692191,-3.095200195729354
18.099999999999987,7,491.6465109681304,-348.1247330456396,7.792825031261228,-3.0952001957293334
18.099999999999987,8,490.86806692394356,-348.1608729093399,7.802859307849556,-3.095200195729351
18.19999999999999,0,496.29643097525826,-347.9088569315809,7.733026492932596,-3.0952001957293844
18.19999999999999,1,495.52396035095774,-347.94471947466684,7.777204757808871,-3.0952001957293307
18.19999999999999,2,494.74707665347296,-347.98078689807096,7.813267908700999,-3.095200195729329
18.19999999999999,3,493.96659052106713,-348.017021567288,7.8410859824377415,-3.0952001957293382
18.19999999999999,4,493.18332557433706,-348.053385245098,7.8608791392118045,-3.095200195729396
18.19999999999999,5,492.39808344154886,-348.08984071529227,7.8739933787178495,-3.0952001957294106
18.19999999999999,6,491.6115312958199,-348.126357003845,7.882883929283696,-3.095200195729424
18.19999999999999,7,490.82409105160144,-348.1629145230535,7.8902691122919615,-3.0952001957294213
18.19999999999999,8,490.0359130836815,-348.19950629165237,7.896548003703544,-3.095200195729414
18.29999999999999,0,495.52396035096194,-347.94471947467,7.777204757808942,-3.095200195729373
18.29999999999999,1,494.74707665347705,-347.980786898074,7.848117017278133,-3.095200195729368
18.29999999999999,2,493.9631093597583,-348.0171831828833,7.90428985948111,-3.095200195729366
18.29999999999999,3,493.1735308256632,-348.0538399738447,7.944648743400279,-3.095200195729392
18.29999999999999,4,492.37992074553875,-348.0906839324323,7.970449225249356,-3.09520019572942
18.29999999999999,5,491.58373339319866,-348.1276475428656,7.984650985294871,-3.0952001957294217
18.29999999999999,6,490.78612739287394,-348.16467701512306,7.991377379536103,-3.0952001957294204
18.29999999999999,7,489.9878494768429,-348.2017376815842,7.9948570779970325,-3.0952001957294315
18.29999999999999,8,489.1892239653593,-348.2388144854315,7.9966799290024575,-3.095200195729432
18.39999999999999,0,494.7470766534752,-347.9807868980728,7.848117017278205,-3.095200195729416
18.39999999999999,1,493.96310935975646,-348.0171831828821,7.782515020784236,-3.095200195729376
18.39999999999999,2,493.1856952073249,-348.0532752330653,7.731204782626887,-3.0952001957294115
18.39999999999999,3,492.41340655805055,-348.0891293278205,7.6978341947474584,-3.0952001957293995
18.39999999999999,4,491.6444513770988,-348.12482866374415,7.679801944064907,-3.095200195729426
18.39999999999999,5,490.8772974810585,-348.16044437362984,7.673595984100576,-3.095200195729415
18.39999999999999,6,490.1107635132921,-348.19603130286816,7.676458957284148,-3.095200195729391
18.39999999999999,7,489.3439435562458,-348.2316315093791,7.686133319390408,-3.095200195729357
18.39999999999999,8,488.57615720388907,-348.2672765815362,7.698507805310795,-3.095200195729377
18.499999999999993,0,493.9631093597523,-348.0171831828791,7.782515020784359,-3.0952001957293644
18.499999999999993,1,493.1856952073205,-348.0532752330622,7.7639444954956325,-3.0952001957293804
18.499999999999993,2,492.4101361093464,-348.08928116091465,7.750329830700174,-3.0952001957293866
18.499999999999993,3,491.6359370129995,-348.12522394964526,7.743705978101862,-3.0952001957294057
18.499999999999993,4,490.8623995892274,-348.1611360197172,7.742601779045496,-3.0952001957293858
18.499999999999993,5,490.08897246655613,-348.1970429689761,7.745489258052568,-3.0952001957293853
18.499999999999993,6,489.31525690665853,-348.23296330915514,7.75175421590542,-3.0952001957294106
18.499999999999993,7,488.5409155250463,-348.2689127035885,7.7612034504295035,-3.095200195729409
18.499999999999993,8,487.7656302366594,-348.3049059196202,7.771637139211292,-3.0952001957293844
18.599999999999994,0,493.18569520731944,-348.0532752330612,7.763944495495711,-3.095200195729406
18.599999999999994,1,492.4101361093452,-348.08928116091374,7.783965822934662,-3.0952001957294364
18.599999999999994,2,491.632577032796,-348.1253799393101,7.800712182197908,-3.095200195729374
18.599999999999994,3,490.85334512212313,-348.1615563803182,7.814883015819015,-3.0952001957293085
18.599999999999994,4,490.0726976527806,-348.1977985397267,7.82610460140203,-3.095200195729328
18.599999999999994,5,489.2909292322521,-348.23409274015637,7.834687289004364,-3.0952001957294017
18.599999999999994,6,488.5083034664064,-348.27042674350196,7.841970171429788,-3.095200195729432
18.599999999999994,7,487.7249501959104,-348.3067945218106,7.849599768808709,-3.0952001957293875
18.599999999999994,8,486.9408347865732,-348.34319768300156,7.8569898219494645,-3.0952001957293884
18.699999999999996,0,492.4101361093505,-348.0892811609175,7.783965822934713,-3.0952001957294186
18.699999999999996,1,491.63257703280107,-348.12537993931403,7.835099667623147,-3.0952001957294444
18.699999999999996,2,490.8499100734628,-348.16171585509954,7.875756990548796,-3.095200195729447
18.699999999999996,3,490.06318175630406,-348.1982403225463,7.905548640740107,-3.095200195729413
18.699999999999996,4,489.2734774795204,-348.23490295120877,7.925154439630649,-3.0952001957293747
18.699999999999996,5,488.48181473230835,-348.27165650336747,7.936575482250222,-3.095200195729378
18.699999999999996,6,487.6890111096663,-348.30846302154623,7.9429188361920655,-3.0952001957294164
18.699999999999996,7,486.8955738341354,-348.34529895754747,7.947458910271208,-3.095200195729462
18.699999999999996,8,486.10168303967964,-348.38215594851374,7.950955070547119,-3.095200195729442
18.799999999999997,0,491.6325770328031,-348.12537993931596,7.83509966762323,-3.0952001957294932
18.799999999999997,1,490.84991007346486,-348.1617158551011,7.75359575531719,-3.0952001957294755
18.799999999999997,2,490.07538473604905,-348.19767378982425,7.690109414149027,-3.0952001957294843
18.799999999999997,3,489.3072012020194,-348.2333373014458,7.6488458749503305,-3.09520019572946
18.799999999999997,4,488.54313958221223,-348.26880945002785,7.6266519173413885,-3.095200195729422
18.799999999999997,5,487.7812949702356,-348.3041786723157,7.619134732969746,-3.095200195729362
18.799999999999997,6,487.02020126789495,-348.33951303304616,7.62261795920324,-3.095200195729391
18.799999999999997,7,486.2587596177037,-348.3748635475232,7.634000507263461,-3.0952001957294133
18.799999999999997,8,485.4961809373969,-348.41026684949816,7.648479786627884,-3.0952001957294275
18.9,0,490.8499100647028,-348.1617158221094,7.753595758815083,-3.095200218347941
18.9,1,490.07538471733767,-348.19767370633247,7.723336569622987,-3.084067730841339
18.9,2,489.30432527027403,-348.2420775559807,7.701181664418868,-3.0727593328803975
18.9,3,488.5360160917579,-348.29504547311944,7.689589686720832,-3.0660184885447888
18.9,4,487.7692294026113,-348.35310352938586,7.686563325907262,-3.071807937109074
18.9,5,487.00243170288127,-348.4066997829653,7.689766136320443,-3.10149886770148
18.9,6,486.234072702421,-348.43752308048744,7.697740391289514,-3.155907972544291
18.9,7,485.46435440662657,-348.42650635159833,7.709528210125037,-3.2358152243898566
18.9,8,484.6967376212066,-348.3539707540185,7.722363043026666,-3.342349108903027
19.0,0,490.0761547550734,-348.2115674125007,7.723336563058074,-3.0840686824104884
19.0,1,489.3050985759863,-348.2559706163874,7.6862046385896,-3.087239413992393
19.0,2,488.5376121090868,-348.297727138475,7.655342816284334,-3.1146142367794303
19.0,3,487.7723520758715,-348.31837774231656,7.6339135333620325,-3.166342480805063
19.0,4,487.00918468922583,-348.2994858990064,7.621318098180273,-3.2429785111124985
19.0,5,486.2509487457053,-348.2223476581317,7.616611118354166,-3.345507190710121
19.0,6,485.50503981910856,-348.06810340697825,7.619420910946531,-3.4753890498365285
19.0,7,484.7851113375274,-347.81845441017236,7.6294013067383055,-3.634648933173194
19.0,8,484.11298837935226,-347.45731248733796,7.64330878458454,-3.826004182333304
19.1,0,489.3048808613137,-348.2520131355411,7.686204638347052,-3.0872394315766694
19.1,1,488.53739547673473,-348.2937695727279,7.571585330510961,-3.1177907533008558
19.1,2,487.7804310079743,-348.31179146779425,7.471961188939539,-3.172134316129112
19.1,3,487.0335022517315,-348.2889771857921,7.3940925865590055,-3.250378177854262
19.1,4,486.2982807983372,-348.20869078126566,7.339044105413714,-3.353190126435335
19.1,5,485.58041684259325,-348.05450635560373,7.306691635564627,-3.4818470322089907
19.1,6,484.89112204010416,-347.8105164806742,7.296638804076874,-3.638319990158917
19.1,7,484.24890650059183,-347.46245407892604,7.305977445075092,-3.8254112841859116
19.1,8,483.68161756956107,-347.00020919506926,7.327460257992714,-4.03003915828056
19.200000000000003,0,488.53626882807134,-348.25561412249397,7.571585331175003,-3.11776764317816
19.200000000000003,1,487.7793251749821,-348.2736517333508,7.371585313976458,-3.184768450320126
19.200000000000003,2,487.0428333164587,-348.2418334450157,7.171585289837851,-3.2747648974113415
19.200000000000003,3,486.33194540732114,-348.1466000630626,7.00654205944103,-3.387604029950813
19.200000000000003,4,485.65221075019116,-347.97593069550703,6.888423120860142,-3.524127358579128
19.200000000000003,5,485.012846421842,-347.7187085133073,6.819913994839632,-3.6862494194336075
19.200000000000003,6,484.4290588547599,-347.3651208083951,6.797940468323445,-3.877066910497624
19.200000000000003,7,483.92432960934195,-346.9085320856926,6.812894834432594,-4.067464650254573
19.200000000000003,8,483.5142223404938,-346.36347255891053,6.849143432299803,-4.258282084018857
19.300000000000004,0,487.78193449758345,-348.19027830810376,7.371585313663119,3.0987876398511327
19.300000000000004,1,487.04545119159843,-348.158733875546,7.171585273077559,3.008859911951493
19.300000000000004,2,486.3345746059247,-348.06381938730294,6.971585219029513,2.8960961122165
19.300000000000004,3,485.65821680694694,-347.8943589979428,6.785899354250833,2.7603273243502313
19.300000000000004,4,485.02812752002626,-347.64178313592276,6.6506730926099955,2.6006898865403283
19.300000000000004,5,484.45761144829305,-347.29914055397694,6.573615777402617,2.41467580251838
19.300000000000004,6,483.9658339434235,-346.86185133820743,6.551221165268839,2.2305637981699395
19.300000000000004,7,483.56378812552157,-346.34369079137576,6.572215979699747,2.047076976992622
19.300000000000004,8,483.2620632725172,-345.7589973124301,6.617281353877955,1.8630006738743392
19.400000000000006,0,487.0586385717633,-348.04799101085325,7.171585266339203,3.0098230954852667
19.400000000000006,1,486.34769713722767,-347.95376462549007,6.971585075957088,2.9340612453441164
19.400000000000006,2,485.6654459350169,-347.81010821473166,6.771584927050159,2.836465268356953
19.400000000000006,3,485.0193662276132,-347.60662051492625,6.571584768774619,2.717088076356693
19.400000000000006,4,484.42010617801606,-347.3357759878065,6.388503028204137,2.5756721947635803
19.400000000000006,5,483.88013320233415,-346.9928205343913,6.2745729085374125,2.4111659526611113
19.400000000000006,6,483.4116959168522,-346.57337420533224,6.235257542904691,2.2354036012862717
19.400000000000006,7,483.0262345322079,-346.08158178225665,6.255723278813022,2.0884557168577755
19.400000000000006,8,482.71591018244453,-345.5368625982567,6.308249915596873,1.9663745288398815
19.500000000000007,0,486.36618987177263,-347.86135989934587,6.9715850961810055,2.934596386966721
19.500000000000007,1,485.6839138466156,-347.7180790294191,6.871186833231877,2.7393270371667993
19.500000000000007,2,485.0516434830303,-347.4490692375831,6.80867120030485,2.546870882310646
19.500000000000007,3,484.4876782386028,-347.0675941581897,6.789700572423615,2.3561668726524223
19.500000000000007,4,484.00758714405714,-346.5874765854728,6.808343378214211,2.165995340125174
19.500000000000007,5,483.62586127408457,-346.02372063342557,6.853840343840107,1.9753027260527822
19.500000000000007,6,483.35611796532726,-345.3936493166642,6.912295679341367,1.783336786691092
19.500000000000007,7,483.21030716021704,-344.7179736516059,6.971606818150724,1.5897343092420544
19.500000000000007,8,483.1971049343842,-344.02093789372014,7.0256218424120815,1.4254698512268922
19.60000000000001,0,485.7695841639411,-347.5006777422278,6.871186832162262,2.7503024509687877
19.60000000000001,1,485.13439944485816,-347.2386234435552,7.071186842520487,2.5578493948081555
19.60000000000001,2,484.5443757987926,-346.8488941413255,7.258328832960589,2.3597949109252747
19.60000000000001,3,484.0292898917636,-346.3375039951542,7.4179125253810705,2.1564992442260857
19.60000000000001,4,483.6192385837273,-345.71935175746876,7.545884505405412,1.9487343537909558
19.60000000000001,5,483.340791701429,-345.01801654129497,7.64249554129615,1.7373856823375367
19.60000000000001,6,483.214063632294,-344.26434720990744,7.7090253187751125,1.5233315893579955
19.60000000000001,7,483.25064010656547,-343.4943127411521,7.75043139405544,1.3074144795978122
19.60000000000001,8,483.45241987694055,-342.74599650043683,7.776716518862783,1.1247999457942197
19.70000000000001,0,485.25667176628593,-347.0434546494532,7.0711868323238205,2.5686625297344268
19.70000000000001,1,484.66246850150503,-346.66012801319346,7.271186842833342,2.370607304545169
19.70000000000001,2,484.14096125241,-346.15344096152893,7.471186851324855,2.1669506967417402
19.70000000000001,3,483.7214807321749,-345.5351995673569,7.671186860165247,1.9576928299506695
19.70000000000001,4,483.43203447535814,-344.8247828290373,7.849592307693665,1.7428338092695779
19.70000000000001,5,483.2976572223178,-344.0514111540476,7.98174278351855,1.5229785342558029
19.70000000000001,6,483.3358096119112,-343.2541492309034,8.06606152966901,1.2994225374256128
19.70000000000001,7,483.552024583577,-342.47706199404035,8.109883604680178,1.0735053680577684
19.70000000000001,8,483.938903632129,-341.7643020570887,8.128580138402205,0.8824214107701323
19.80000000000001,0,484.8225117522819,-346.48531316739763,7.271186832161101,2.3817356078630567
19.80000000000001,1,484.2953983440967,-345.9844608615574,7.471186842440841,2.1780788989067545
19.80000000000001,2,483.8690640242624,-345.3709257164428,7.652420093273603,1.9688207888249114
19.80000000000001,3,483.5724577606621,-344.6655038172193,7.802918129490897,1.7544870344532888
19.80000000000001,4,483.4299300826676,-343.89833944409395,7.918236532110353,1.535938586872236
19.80000000000001,5,483.45752555823066,-343.10699678219,7.998943062962354,1.314160827364932
19.80000000000001,6,483.66056061776266,-342.3332993272005,8.04943046317592,1.0901227315048305
19.80000000000001,7,484.03274703423125,-341.6195691265019,8.075310914532096,0.9004620982046251
19.80000000000001,8,484.53442368134176,-340.98677579253126,8.086098673514538,0.7429169203693036
19.900000000000013,0,484.4905079206221,-345.83841670403905,7.4711868322473,2.1895216800478305
19.900000000000013,1,484.0571811176505,-345.22980007104957,7.671186844392823,1.9802623726408841
19.900000000000013,2,483.75177615840636,-344.5260963801444,7.846792850308806,1.7654017188455453
19.900000000000013,3,483.6000353582439,-343.7562286589108,7.9857198799508655,1.545623131455381
19.900000000000013,4,483.62013584444696,-342.95790968157775,8.085323054692914,1.321954083167352
19.900000000000013,5,483.81926281826514,-342.1742816205764,8.148987757511824,1.0954943578184548
19.900000000000013,6,484.1921661646769,-341.4497106348146,8.183981274682019,0.9034847737329682
19.900000000000013,7,484.6986535046505,-340.8068684461191,8.1977330807103,0.7438161152674416
19.900000000000013,8,485.30191649075635,-340.2517990236483,8.199618520862787,0.6146445550647106
20.000000000000014,0,484.2826318870081,-345.12079989804306,7.671186832197786,1.9920207492431188
20.000000000000014,1,483.9689738183332,-344.42073583909786,7.745520309276541,1.7771586763870677
20.000000000000014,2,483.81026749595986,-343.6626176762072,7.812811924200497,1.5602151683006578
20.000000000000014,3,483.81853416752824,-342.88138021889415,7.869179053123016,1.3413876322276939
20.000000000000014,4,483.99748055786176,-342.11507870857133,7.911224400534357,1.1209780150591409
20.000000000000014,5,484.3414619330777,-341.4026521404686,7.938748347460843,0.9345707787282997
20.000000000000014,6,484.8131537505567,-340.76410110121276,7.954712456197298,0.7796846512262885
20.000000000000014,7,485.3788447311052,-340.2048349456498,7.963744019623577,0.6543392522049949
20.000000000000014,8,486.0107370600566,-339.7201240949779,7.9690339530498076,0.5569407829772934
20.100000000000016,0,484.2179202101668,-344.3564155218629,7.745520309562182,1.7892328119634746
20.100000000000016,1,484.0500720597664,-343.60026881336665,7.804948362208021,1.572287585765236
20.100000000000016,2,484.0489081466675,-342.81977484507627,7.85541159533549,1.354107137509339
20.100000000000016,3,484.2177974762783,-342.0526038668278,7.894634938591426,1.1694080784569278
20.100000000000016,4,484.52623820666344,-341.32588732781346,7.921507261426499,1.015753188175671
20.100000000000016,5,484.94368577157746,-340.65265608311563,7.937434014488212,0.8912839880110504
20.100000000000016,6,485.44248504799793,-340.03521954779023,7.945953910995144,0.7945463101642057
20.100000000000016,7,485.99918538833373,-339.4682393252748,7.951190948142234,0.7244032387575337
20.100000000000016,8,486.59464612241703,-338.94132292285076,7.954936065054753,0.6800165816255466
20.200000000000017,0,484.30935979520336,-343.58727987078436,7.804948360824683,1.5844798804237041
20.200000000000017,1,484.29868019033154,-342.8068581039071,7.8629047842519295,1.4063106799313123
20.200000000000017,2,484.42743127466713,-342.031180351289,7.909503152124262,1.2582258913454671
20.200000000000017,3,484.6706528572769,-341.27855424702466,7.943289522853532,1.1386006597062344
20.200000000000017,4,485.00336987971417,-340.55726462416254,7.9645890145067595,1.0462242172944127
20.200000000000017,5,485.4022704628369,-339.8678978227632,7.975781511449284,0.9801882935170791
20.200000000000017,6,485.8464147473145,-339.2054259230049,7.980714420427458,0.939829265856963
20.200000000000017,7,486.31721786962663,-338.56101487505543,7.983362057407003,0.9247212983629889
20.200000000000017,8,486.7978621741216,-337.9235779081505,7.985059391770408,0.9347040173964921
20.30000000000002,0,484.513233515011,-342.8338824367953,7.862904783512057,1.4131490917513694
20.30000000000002,1,484.6366772391783,-342.05734244354585,7.955997325048508,1.3034746211043795
20.30000000000002,2,484.84683427154016,-341.29000016084035,8.029700256872788,1.2198472674179428
20.30000000000002,3,485.12288682952624,-340.53597050665195,8.081577541258763,1.161928059501435
20.30000000000002,4,485.44418773698175,-339.7944210769929,8.112941099833634,1.1295431540845526
20.30000000000002,5,485.7906711170332,-339.06082275073777,8.12736190907491,1.1226337789306
20.30000000000002,6,486.14284077994984,-338.32832971297466,8.129843564896557,1.1412711890176521
20.30000000000002,7,486.4814031063695,-337.58916750908224,8.126085765855397,1.1857106628691765
20.30000000000002,8,486.78665473019896,-336.836034082261,8.12117743055668,1.2492732833387812
20.40000000000002,0,484.7682256707728,-342.09008695757495,7.955997324462065,1.3051027671157303
20.40000000000002,1,484.9771331064876,-341.3224043312023,7.906179321171966,1.2265724263646849
20.40000000000002,2,485.24394052075934,-340.5781652839298,7.8665895353496635,1.174439194530669
20.40000000000002,3,485.54764076094654,-339.8524910140055,7.839977674405375,1.1476848293411228
20.40000000000002,4,485.86955504999474,-339.1376247552205,7.824013279457649,1.145721678997268
20.40000000000002,5,486.1922174764801,-338.42484266941227,7.815740249696652,1.1683879545075295
20.40000000000002,6,486.4983227281075,-337.7056870897097,7.813048217638634,1.215910057170345
20.40000000000002,7,486.7698306896927,-336.97304781419405,7.8148576525245,1.2888566237104397
20.40000000000002,8,486.98729318082036,-336.2223454415251,7.820255970698502,1.351146087918222
20.50000000000002,0,485.0695681683831,-341.3537639108781,7.906179319912924,1.2271619877638669
20.50000000000002,1,485.3359361996696,-340.60936833080643,7.895627582489159,1.1918574766228414
20.50000000000002,2,485.6280229547853,-339.87581885376756,7.887502445794452,1.1815554395531667
20.50000000000002,3,485.9273427748264,-339.1460687338812,7.8832849835901815,1.1960702592997587
20.50000000000002,4,486.2158848604094,-338.4124429933755,7.881571604944362,1.2355504409543898
20.50000000000002,5,486.47518955612867,-337.6681612378299,7.8809672321110895,1.3004831162587762
20.50000000000002,6,486.6856373797461,-336.9086797524874,7.881087002661149,1.3703683742442179
20.50000000000002,7,486.84254507122876,-336.1363378189733,7.882572386522152,1.4179357794989773
20.50000000000002,8,486.9625843339765,-335.3572127285502,7.88616105218148,1.4470343747259948
20.600000000000023,0,485.37700835359453,-340.6253703300548,7.895627570758859,1.191912045652687
20.600000000000023,1,485.6690551881974,-339.89180510058577,7.9186027239653995,1.1941767492125728
20.600000000000023,2,485.96028494699095,-339.15544384839325,7.936901445066409,1.221475799553114
20.600000000000023,3,486.23193299535774,-338.4096882419732,7.950830363751075,1.2742839891476372
20.600000000000023,4,486.4642455922902,-337.6493014660543,7.959883115954985,1.3369117240095862
20.600000000000023,5,486.64872232032934,-336.87498512913106,7.9642102396743955,1.3863211682951888
20.600000000000023,6,486.7948103037587,-336.09207727497915,7.9650929670612,1.4174674021914586
20.600000000000023,7,486.91646038257716,-335.3049119944785,7.964795758061485,1.4343468689149854
20.600000000000023,8,487.0248032218219,-334.51583264412886,7.965509418208135,1.4436499773752693
20.700000000000024,0,485.66642255719614,-339.8907623957939,7.918602749645274,1.1941772123096783
20.700000000000024,1,485.9576518574977,-339.15440094262567,7.9684431051104445,1.2438952970373944
20.700000000000024,2,486.21352641250473,-338.3997555939658,8.00743441818457,1.2953841695490564
20.700000000000024,3,486.4312834601595,-337.62918957916486,8.034905533492346,1.343910739837971
20.700000000000024,4,486.612024017208,-336.84629053332617,8.05118287406215,1.3813115775920326
20.700000000000024,5,486.7636707452955,-336.0555810038378,8.057843382476328,1.4057887565555518
20.700000000000024,6,486.8960288807253,-335.26074073637585,8.057714486839718,1.420045267315366
20.700000000000024,7,487.0170402167389,-334.46410788991295,8.05450861864767,1.4280170736145545
20.700000000000024,8,487.13165156555175,-333.66685283258266,8.051615302001633,1.43315928430007
20.800000000000026,0,485.8991438440252,-339.13387171827094,7.968443105110532,1.2437432875588104
20.800000000000026,1,486.15513300771823,-338.3792655936831,8.039238620219013,1.2911455823819753
20.800000000000026,2,486.37703610799724,-337.606552092943,8.09380584616793,1.3327392149757773
20.800000000000026,3,486.5679016572095,-336.81997888194024,8.13069842824634,1.3681091965299697
20.800000000000026,4,486.7315748893848,-336.02355307738856,8.151087385337485,1.3942897734295698
20.800000000000026,5,486.8747152017454,-335.2210695378699,8.157888820273154,1.4107444245971745
20.800000000000026,6,487.0047506993168,-334.4156301386539,8.15532239309886,1.4197073048313618
20.800000000000026,7,487.12751317563595,-333.6093539224649,8.14835469923712,1.424785356770673
20.800000000000026,8,487.24606585340024,-332.80318885946997,8.141337416884173,1.428773950573758
20.900000000000027,0,486.09843972068023,-338.3623524941207,8.039238596144257,1.291040178303467
20.900000000000027,1,486.3204204491272,-337.58968306715747,7.971024908256419,1.2850118527400596
20.900000000000027,2,486.54513219594844,-336.8249074835353,7.916192621434905,1.304264536432591
20.900000000000027,3,486.7536355107866,-336.06122825206694,7.878083738940001,1.348705056901744
20.900000000000027,4,486.92716700565603,-335.2927426317525,7.85393044988315,1.3991110097535135
20.900000000000027,5,487.0613458303344,-334.5188527530754,7.84004628471179,1.4379075530083236
20.900000000000027,6,487.1652253474382,-333.74165468664444,7.833632613624871,1.460778980723774
20.900000000000027,7,487.25123953006624,-332.96276290435367,7.833045862147164,1.4699925055801666
20.900000000000027,8,487.330075523815,-332.18297656409584,7.8368316942203435,1.4699588713920382
21.00000000000003,0,486.3276518648708,-337.59179720742407,7.971024951266554,1.2850127271256913
21.00000000000003,1,486.5523625155013,-336.82702435799075,7.946792587321288,1.3276307073005502
21.00000000000003,2,486.74370248285294,-336.0557239640442,7.927345815378685,1.3696426040600942
21.00000000000003,3,486.90209083385935,-335.27897328953225,7.914522178063751,1.4047421380655134
21.00000000000003,4,487.03291166709283,-334.4984075926983,7.906551332030587,1.427703183605918
21.00000000000003,5,487.1456632988111,-333.7158332206112,7.901546256648679,1.439228712103863
21.00000000000003,6,487.2493224136068,-332.93250743457907,7.898673542077273,1.443051716721202
21.00000000000003,7,487.3499496325491,-332.1490752245476,7.898195901211027,1.442919765850676
21.00000000000003,8,487.45067430185367,-331.3657024336492,7.900445932466276,1.4413124493380307
21.10000000000003,0,486.5008641867104,-336.8137420170279,7.946792587321365,1.327535948303548
21.10000000000003,1,486.6922772183651,-336.0424598536328,7.958499805417905,1.3612633856891598
21.10000000000003,2,486.8578168782322,-335.26401596719813,7.967449787108938,1.3900150618622271
21.10000000000003,3,487.00107204492065,-334.48025164486,7.974230742863886,1.4117238728180999
21.10000000000003,4,487.1273904508142,-333.6928856911431,7.978054566925359,1.425368115221925
21.10000000000003,5,487.2430111900269,-332.9034885296711,7.978704643233364,1.4324986080604192
21.10000000000003,6,487.35300554776234,-332.1132337818369,7.97712984495648,1.4356890814914094
21.10000000000003,7,487.460452457325,-331.32277946426973,7.975278810815725,1.436903378327008
21.10000000000003,8,487.56691625221407,-330.53232059977483,7.974978823166242,1.4369108667888915
21.20000000000003,0,486.6511471774327,-336.03340225323586,7.958499805417969,1.361216565321409
21.20000000000003,1,486.8167228706968,-335.2549667187642,7.999704535988697,1.3823021934254642
21.20000000000003,2,486.9666211165586,-334.46916413508836,8.031445007209985,1.400273375765277
21.20000000000003,3,487.1029129213389,-333.6776683151441,8.053277026510717,1.4143892527086952
21.20000000000003,4,487.22836348836086,-332.8821609367069,8.065374377613733,1.423746082628353
21.20000000000003,5,487.34654943425375,-332.08429456435226,8.069080369810544,1.4287773743791723
21.20000000000003,6,487.46077083064523,-331.2854837076143,8.066980622945506,1.4310201926304886
21.20000000000003,7,487.57316233970977,-330.48665252275697,8.062537395569855,1.432093768264843
21.20000000000003,8,487.6846311048354,-329.6881215487374,8.058844665250795,1.4327168810538506
21.300000000000033,0,486.7908649293766,-335.249912533254,7.999704535988748,1.3822914826119792
21.300000000000033,1,486.94077174072993,-334.4641131475703,8.064526168740501,1.3954372295799837
21.300000000000033,2,487.0814675163678,-333.6700224949273,8.113998913632585,1.4070567993808534
21.300000000000033,3,487.2137328617128,-332.8694727297798,8.146841737342097,1.4169948316356655
21.300000000000033,4,487.33854029009245,-332.064401991247,8.164152011418697,1.4241522052431201
21.300000000000033,5,487.45784060728454,-331.2567223043462,8.168711162258873,1.4281445739909762
21.300000000000033,6,487.5739822032202,-330.44811246534493,8.164590703935104,1.4297909723248625
21.300000000000033,7,487.688729793796,-329.63974394863,8.15659648269915,1.4305043879418682
21.300000000000033,8,487.80278517336166,-328.8320979192307,8.14887743617678,1.4311607066154588
21.400000000000034,0,486.9245997016002,-334.46119982425955,8.064526168740597,1.395436673524797
21.400000000000034,1,487.0652952690497,-333.66711508031653,7.990604852077568,1.3927858129246489
21.400000000000034,2,487.2067864320829,-332.88068120005573,7.930958845570185,1.3993051815194415
21.400000000000034,3,487.34212981134004,-332.0992178011734,7.889107876452538,1.4122366179981913
21.400000000000034,4,487.4666959325193,-331.3202017780626,7.862194174864826,1.4253306272022281
21.400000000000034,5,487.5806611896015,-330.5422835128695,7.846377928804391,1.4349725072926354
21.400000000000034,6,487.6869069890798,-329.76486514381907,7.838697070315057,1.4404788044405235
21.400000000000034,7,487.7887720266124,-328.98762297845553,7.8373354253478595,1.4425408598042697
21.400000000000034,8,487.889018410944,-328.2102921900893,7.840638636940772,1.4422636689585278
21.500000000000036,0,487.06855682571063,-333.6676998748678,7.990604852077646,1.3927858242767464
21.500000000000036,1,487.2100479567607,-332.8812662038856,7.961956002180998,1.4060702627001902
21.500000000000036,2,487.3406097902194,-332.09584812174774,7.938771852127412,1.4180753527051373
21.500000000000036,3,487.4613806874989,-331.31121080211085,7.923022959224938,1.4271947715600342
21.500000000000036,4,487.5747658137933,-330.5270633975497,7.912885490018258,1.4325423187464774
21.500000000000036,5,487.68381634850186,-329.74332497269916,7.906364341234253,1.434700526380887
21.500000000000036,6,487.7910868314263,-328.9599993386415,7.902500973446466,1.4348991294005906
21.500000000000036,7,487.89815008176276,-328.1770331735267,7.9014221221106515,1.4342986407676883
21.500000000000036,8,488.0056699020911,-327.3942331362964,7.903300191651484,1.4336531959156265
21.600000000000037,0,487.19367765816736,-332.87849620260795,7.9619560021811,1.4060675068267963
21.600000000000037,1,487.32424165671796,-332.09307881287896,7.970593617693514,1.4146167580524192
21.600000000000037,2,487.4482206060661,-331.30572062370754,7.976917082982114,1.4218613268252915
21.600000000000037,3,487.56658620486996,-330.5168592598501,7.981609850362485,1.4272905130362106
21.600000000000037,4,487.6807345706324,-329.7269013419591,7.983856555939746,1.430669110063585
21.600000000000037,5,487.7922448960697,-328.9363390400305,7.983374457050051,1.4324036103580922
21.600000000000037,6,487.9023768837792,-328.14563375729483,7.981033186337294,1.4331640842547728
21.600000000000037,7,488.0118751296816,-327.35507705916507,7.978692705107002,1.4334516487980387
21.600000000000037,8,488.1211144472498,-326.56471542588866,7.978070697065262,1.4334308371155338
21.70000000000004,0,487.3136889371573,-332.0913972719023,7.9705936176935674,1.4146159973409236
21.70000000000004,1,487.43766846861445,-331.30403921995673,8.009498129347092,1.4198610994897294
21.70000000000004,2,487.55810153216163,-330.51219535129115,8.03925815996169,1.424332951262646
21.70000000000004,3,487.6754266993654,-329.7168768434293,8.05950167300593,1.4278476182872977
21.70000000000004,4,487.7902444127852,-328.91914650465355,8.07038581089516,1.4301754846721995
21.70000000000004,5,487.90335768487523,-328.1200715271075,8.0732079947979,1.4314136671655584
21.70000000000004,6,488.01552065377825,-327.32057783510834,8.070497966258547,1.4319419466755905
21.70000000000004,7,488.12722336811186,-326.5212954856305,8.065654521507666,1.4321749679993072
21.70000000000004,8,488.23867286528946,-325.72246635556706,8.06169053573879,1.4323079176839473
21.80000000000004,0,487.43118789116005,-331.3030460671788,8.009498129347175,1.4198609421563821
21.80000000000004,1,487.55162106642615,-330.51120236218674,8.0724542470662,1.4231267432074703
21.80000000000004,2,487.67039394591734,-329.7127420943127,8.120319995074382,1.426007458287734
21.80000000000004,3,487.78755679200833,-328.9092067033105,8.151873718568462,1.42846812026839
21.80000000000004,4,487.9031896620703,-328.10226195352055,8.168199914295833,1.430238462159058
21.80000000000004,5,488.0176227547012,-327.2934956833401,8.172042731406734,1.4312216465415766
21.80000000000004,6,488.13131419041827,-326.48423610062514,8.16742803452188,1.4316194210486133
21.80000000000004,7,488.24461946673546,-325.6753898572357,8.159109969480387,1.4317841658795682
21.80000000000004,8,488.35767607086615,-324.86734966018946,8.151171645814308,1.4319369143240843
21.90000000000004,0,487.5475836700611,-330.51059882887546,8.072454247066267,1.4231267371179581
21.90000000000004,1,487.6663565038165,-329.71213894280015,7.996849828244207,1.42247992498734
21.90000000000004,2,487.78452853701503,-328.92123347246957,7.935767350867014,1.4240954447123855
21.90000000000004,3,487.9005298260045,-328.13618070657844,7.89278137480052,1.4272883217564467
21.90000000000004,4,488.0134091862907,-327.35501594856765,7.86501818692715,1.430518525879838
21.90000000000004,5,488.12337646804787,-326.57623963232095,7.84859937226919,1.432896755192477
21.90000000000004,6,488.23126567044693,-325.7988300091259,7.840517105298218,1.4342540158157973
21.90000000000004,7,488.3379897105076,-325.02207462526934,7.838904797395417,1.4347596807636065
21.90000000000004,8,488.4442992176513,-324.24542417570603,7.842047457018574,1.4346859694321008
22.000000000000043,0,487.66715615984464,-329.7122583029088,7.996849828244301,1.422479925148258
22.000000000000043,1,487.78532819122773,-328.92135284537727,7.966763134282363,1.4257626651254292
22.000000000000043,2,487.90046842547326,-328.1330407837478,7.942358988812446,1.42872692157031
22.000000000000043,3,488.0129258536717,-327.3468067154625,7.925655036910231,1.4309750630013642
22.000000000000043,4,488.123382637022,-326.56197590580587,7.914812791099516,1.4322892941437773
22.000000000000043,5,488.23265818276536,-325.7780744508681,7.907801746533529,1.4328151921643997
22.000000000000043,6,488.3414250296657,-324.9948100893763,7.903621360519613,1.4328582596713422
22.000000000000043,7,488.45010068561436,-324.21195498852137,7.902352865385884,1.4327059045665176
22.000000000000043,8,488.5588782004531,-323.4292417835295,7.904115724701517,1.4325436716169326
22.100000000000044,0,487.78126831228434,-328.9207568888713,7.966763134282472,1.4257626235821492
22.100000000000044,1,487.8964085772179,-328.13244485181485,7.97421466927767,1.4278682409113133
22.100000000000044,2,488.00999484630734,-327.34315456314573,7.979537105706089,1.4296520237496075
22.100000000000044,3,488.12224789048,-326.5531359460178,7.983453109811056,1.430987613613269
22.100000000000044,4,488.2335002760274,-325.76258026150504,7.985133659670284,1.4318175106722753
22.100000000000044,5,488.34411983230063,-324.97176603814125,7.984264684431491,1.4322424188410783
22.100000000000044,6,488.4543913396688,-324.18099103952807,7.981679213516311,1.4324276095342299
22.100000000000044,7,488.56448073385445,-323.3904517277052,7.9791982515864595,1.432496479731263
22.100000000000044,8,488.67448152030806,-322.6001502491481,7.978495385972265,1.4324896776808167
22.200000000000045,0,487.89380357474386,-328.1320687609799,7.9742146692776865,1.4278682295598317
22.200000000000045,1,488.00738985225047,-327.34277847630716,8.01212061849211,1.4291585382138496
22.200000000000045,2,488.12049270663886,-326.54958964248567,8.041044688686654,1.430258036870611
22.200000000000045,3,488.23312853885005,-325.7534130499723,8.060648104007221,1.4311211878469905
22.200000000000045,4,488.34535003682316,-324.95519823999075,8.071074503577872,1.4316920915081306
22.200000000000045,5,488.45726039782716,-324.15588681147074,8.073592358651169,1.4319953036062767
22.200000000000045,6,488.5689632270461,-323.3562921359318,8.07069820326542,1.4321243920990672
22.200000000000045,7,488.68052281261953,-322.5569698117473,8.065756266172311,1.4321810171167142
22.200000000000045,8,488.7919688549627,-321.75813059810025,8.06174175378127,1.4322129083850825
22.300000000000047,0,488.00579318334496,-327.3425503486048,8.012120618492213,1.4291585358659278
22.300000000000047,1,488.1188960385189,-326.54936152354225,8.074232212926388,1.429960927709127
22.300000000000047,2,488.23223427448414,-325.74993251518987,8.1213979908728,1.4306683436399026
22.300000000000047,3,488.34566571525846,-324.94575319537137,8.152424638320408,1.4312718700967704
22.300000000000047,4,488.45904328693126,-324.138433047073,8.168383160860511,1.4317055214864234
22.300000000000047,5,488.57229201936303,-323.32948327426186,8.171990606250699,1.431946110201421
22.300000000000047,6,488.6853960585558,-322.5201489672419,8.167242310148911,1.4320434035681058
22.300000000000047,7,488.7983556686927,-321.71127401592366,8.158861350378272,1.4320836797047023
22.300000000000047,8,488.9111668102026,-320.9032246166116,8.150898410237048,1.4321208696667926
22.40000000000005,0,488.1179030040306,-326.54922055831685,8.074232212926471,1.4299609276092091
22.40000000000005,1,488.2312412369608,-325.74979157257815,7.99790970493722,1.429800376341317
22.40000000000005,2,488.34363526338507,-324.9579373053126,7.936239292188053,1.4301965599748143
22.40000000000005,3,488.4548513311783,-324.172144753781,7.892819838143013,1.4309810196335826
22.40000000000005,4,488.5648458479767,-323.3905647735662,7.864763974249932,1.4317749428877833
22.40000000000005,5,488.6738310347851,-322.61167622729596,7.848167569873939,1.4323594422466406
22.40000000000005,6,488.78213192315377,-321.83436785812944,7.83999437173017,1.432692777519052
22.40000000000005,7,488.89006119110627,-321.0578329246099,7.838349505603396,1.4328165297686486
22.40000000000005,8,488.99787174420476,-320.28144750723936,7.841489826868319,1.4327976920765542
22.50000000000005,0,488.23143993553,-325.74981976805464,7.997909704937324,1.4298003763438034
22.50000000000005,1,488.3438339618432,-324.9579655015812,7.967223464252546,1.4306073222525695
22.50000000000005,2,488.4551601885676,-324.16905931547603,7.942335227008508,1.4313358008484278
22.50000000000005,3,488.56556571581893,-323.38253690045167,7.9252830767511995,1.4318877252926983
22.50000000000005,4,488.67530101731927,-322.59764245952636,7.914215164868301,1.4322096681700471
22.50000000000005,5,488.78463072597896,-321.81380891040703,7.9070770262290555,1.4323376864246953
22.50000000000005,6,488.8937615704794,-321.03066835473555,7.902842038877096,1.4323471687856508
22.50000000000005,7,489.00282654419397,-320.24794620304226,7.901566048509844,1.4323089486906924
22.50000000000005,8,489.1119038218415,-319.46535457886887,7.903344442269512,1.4322685999149476
22.60000000000005,0,488.3428352004625,-324.9578243820597,7.967223464252651,1.4306073216359527
22.60000000000005,1,488.4541614275157,-324.1689181972294,7.974183202951465,1.431123883696691
22.60000000000005,2,488.5651770133726,-323.3792654143389,7.979115151203289,1.4315614707282287
22.60000000000005,3,488.6759154952287,-322.5890757049019,7.982758894821538,1.4318889331678792
22.60000000000005,4,488.78644566598035,-321.7984889063528,7.9842724838628705,1.432092231036096
22.60000000000005,5,488.8968360370973,-321.0077297455008,7.983319749154398,1.4321962207559047
22.60000000000005,6,489.00713101332514,-320.2170534748482,7.980710065643074,1.4322415016239103
22.60000000000005,7,489.11735414389693,-319.42663067912054,7.978241922416302,1.4322582532809733
22.60000000000005,8,489.22752995225176,-318.636450467577,7.977568634929716,1.4322563362956364
22.700000000000053,0,488.4535220231889,-324.1688282321553,7.974183202951502,1.4311238835292754
22.700000000000053,1,488.56453760915065,-323.3791754494616,8.01169062073534,1.4314403748817282
22.700000000000053,2,488.67582426940464,-322.58577318952825,8.040304793258864,1.4317099094805061
22.700000000000053,3,488.78729377853784,-321.78950717855435,8.059700798662409,1.431921248251871
22.700000000000053,4,488.8988635008487,-320.99129669825635,8.07000985080442,1.4320608497709695
22.700000000000053,5,489.01046435638517,-320.19204964382754,8.072480098660677,1.4321349231957705
22.700000000000053,6,489.12204015168123,-319.3925496719362,8.06958667159963,1.4321664562421823
22.700000000000053,7,489.23355075199265,-318.5933327565074,8.064673879484669,1.4321802742559386
22.700000000000053,8,489.34498242760804,-317.7946008655137,8.060699983831427,1.4321879714080104
22.800000000000054,0,488.564145833973,-323.37912046973497,8.011690620735433,1.4314403748469233
22.800000000000054,1,488.67543249418765,-322.5857182102966,8.073485026025612,1.431636922899654
22.800000000000054,2,488.787420365253,-321.78617438812876,8.120410703383516,1.4318101503332887
22.800000000000054,3,488.8999198359047,-320.981963862204,8.151285505993139,1.431957792545618
22.800000000000054,4,489.0127278553414,-320.17467896452945,8.167168599139744,1.4320637688744475
22.800000000000054,5,489.1256699659014,-319.36580906185867,8.170758441074934,1.4321225210728161
22.800000000000054,6,489.23861417600517,-318.55657698470134,8.166031094391968,1.4321462810490444
22.800000000000054,7,489.35147382310305,-317.7478104276714,8.157692108186206,1.4321561234336229
22.800000000000054,8,489.4642102676783,-316.93986866034845,8.149778161056918,1.432165178850489
22.900000000000055,0,488.67518918564537,-322.5856841206349,8.073485026025683,1.431636922898158
22.900000000000055,1,488.787177056526,-321.78614029980315,7.996915813448995,1.431597335630996
22.900000000000055,2,488.8981341820355,-320.9941837721766,7.935065326406267,1.4316942326056072
22.900000000000055,3,489.0081569875033,-320.20834180331076,7.891541257143215,1.4318863518328633
22.900000000000055,4,489.1174261653593,-319.4267891937815,7.8634450359954,1.4320808529111262
22.900000000000055,5,489.2261548389766,-318.64799797993464,7.846855613145142,1.4322240534291284
22.900000000000055,6,489.33454283991773,-317.8708342430922,7.838719467200146,1.43230568651606
22.900000000000055,7,489.4427550804352,-317.0944674827225,7.837126383566958,1.4323359264986335
22.900000000000055,8,489.5509218565704,-316.31825523070273,7.840321796829645,1.432331198248482
23.000000000000057,0,488.7872260620294,-321.78614716527363,7.996915813449081,1.4315973356309248
23.000000000000057,1,488.89818318753254,-320.9941906376954,7.9660444038798675,1.4317950219621145
23.000000000000057,2,489.0085560157954,-320.2052695558731,7.941028008289358,1.4319734676414475
23.000000000000057,3,489.1184418923748,-319.41880636380154,7.92391148410366,1.4321085786833625
23.000000000000057,4,489.2279848831293,-318.63402354968576,7.912832490988511,1.432187278861325
23.000000000000057,5,489.33731303738244,-317.8503293905537,7.905721284192973,1.432218443628298
23.000000000000057,6,489.4465185374399,-317.06733612812917,7.901535889304819,1.4322205895720583
23.000000000000057,7,489.5556645433362,-316.284757158156,7.900318846224058,1.4322111004260507
23.000000000000057,8,489.66480116291166,-315.50229976024355,7.902156414325567,1.4322011358502742
23.10000000000006,0,488.897938464491,-320.9941563893059,7.966044403879992,1.431795021953075
23.10000000000006,1,489.008311292751,-320.20523530755725,7.972872103856814,1.4319214162752432
23.10000000000006,2,489.1186789201163,-319.4156240850606,7.977720272106677,1.4320284844816413
23.10000000000006,3,489.229029065875,-318.6255208937805,7.981333485449282,1.4321085757740244
23.10000000000006,4,489.33936588128546,-317.8350510146823,7.9828600438436315,1.4321582673983388
23.10000000000006,5,489.4496845130284,-317.04442446245207,7.981950077218954,1.432183667817788
23.10000000000006,6,489.55997048950564,-316.25388523255117,7.979399415559559,1.4321947204696557
23.10000000000006,7,489.67021248891393,-315.4635974039198,7.976995114860025,1.4321987944187788
23.10000000000006,8,489.7804180524573,-314.6735472495426,7.976383380010047,1.4321982831840163
23.20000000000006,0,489.0081548215486,-320.20521343250937,7.972872103856831,1.431921416272792
23.20000000000006,1,489.1185224489141,-319.4156022100244,8.010292690992623,1.431998846496775
23.20000000000006,2,489.22934665845855,-318.6222763724402,8.03886043257188,1.4320647626071645
23.20000000000006,3,489.34051362946775,-317.8261139046606,8.0582538714046,1.4321164022047959
23.20000000000006,4,489.45190757365924,-317.0280249722691,8.068595225226058,1.4321504822466462
23.20000000000006,5,489.56341723859884,-316.228908031762,8.0711204377887,1.4321685528814678
23.20000000000006,6,489.6749473574065,-315.4295389776799,8.068292772473868,1.4321762439209182
23.20000000000006,7,489.78643225646044,-314.6304491204133,8.063446805022359,1.4321796110820897
23.20000000000006,8,489.89784750656605,-313.8318388361861,8.059535435411341,1.4321814725215922
23.30000000000006,0,489.11842659216234,-319.41558881761455,8.010292690992696,1.4319988464963458
23.30000000000006,1,489.22925080170285,-318.6222629800591,8.072038393034354,1.4320468852669461
23.30000000000006,2,489.34089087270263,-317.8228165885718,8.118948742088204,1.4320892152355758
23.30000000000006,3,489.4531456984868,-317.01871949187716,8.14984376023284,1.432125269472938
23.30000000000006,4,489.5657985858184,-316.211558504085,8.165774370832795,1.432151131747975
23.30000000000006,5,489.67865076146813,-315.4028168284977,8.16942823476301,1.432165462391791
23.30000000000006,6,489.79154183907485,-314.5937116546946,8.164771100174903,1.4321712569395553
23.30000000000006,7,489.90436387524915,-313.7850670729074,8.156500316328334,1.4321736572441708
23.30000000000006,8,490.01706968543294,-312.9772413649399,8.148648706736662,1.4321758605829422
23.400000000000063,0,489.22919133040955,-318.6222546744476,8.07203839303444,1.4320468852669026
23.400000000000063,1,489.3408314013984,-317.8228082830393,7.995452247114745,1.432037181249505
23.400000000000063,2,489.45141993435664,-317.0309479779718,7.933611965832138,1.4320608390331986
23.400000000000063,3,489.5611345390382,-316.24520966670764,7.890126322535595,1.4321077787310712
23.400000000000063,4,489.67021109672595,-315.46377301639484,7.862089247968242,1.4321553102858102
23.400000000000063,5,489.7788630465953,-314.6851079874684,7.845570209139609,1.4321903073484958
23.400000000000063,6,489.88725951402023,-313.9080752178485,7.8375067937940495,1.4322102543555537
23.400000000000063,7,489.9955290916246,-313.1318388966183,7.835981963806486,1.432217634926393
23.400000000000063,8,490.1037718768609,-312.3557527973095,7.839238584207539,1.4322164640818893
23.500000000000064,0,489.34084341483026,-317.8228099607654,7.995452247114844,1.4320371812494894
23.500000000000064,1,489.4514319477883,-317.03094965570097,7.964590057645764,1.432085488608096
23.500000000000064,2,489.561555507399,-316.24214058533676,7.939604513222361,1.4321290930940358
23.500000000000064,3,489.67129931293897,-315.4558012848988,7.922540648828174,1.4321620972658207
23.500000000000064,4,489.78078135941513,-314.67114837766735,7.911529347687396,1.4321813068552451
23.500000000000064,5,489.89009618815425,-313.887583935892,7.904492601946903,1.4321888962095382
23.500000000000064,6,489.999307847623,-313.1047155903964,7.900380846048469,1.4321893967132326
23.500000000000064,7,490.1084623057924,-312.32225442239326,7.899231025080436,1.4321870605759783
23.500000000000064,8,490.2176027053081,-311.53990738864013,7.901127916679465,1.4321846140580283
23.600000000000065,0,489.4513721436601,-317.0309413059588,7.964590057645864,1.4320854886079313
23.600000000000065,1,489.56149570327045,-316.24213223559894,7.971448137318821,1.4321163554225218
23.600000000000065,2,489.671689718073,-315.4526405426964,7.9763434895775935,1.43214250231547
23.600000000000065,3,489.7819307487397,-314.66266113169695,7.980020130028851,1.4321620563299473
23.600000000000065,4,489.8922071398397,-313.87231542863105,7.9816202775355345,1.432174183625167
23.600000000000065,5,490.00249605679284,-313.081809908478,7.980786922562744,1.4321803798001889
23.600000000000065,6,490.11276856095884,-312.29138624114876,7.978309482052869,1.4321830745280741
23.600000000000065,7,490.2230047044012,-311.5012076444986,7.975970506131354,1.4321840654122167
23.600000000000065,8,490.3332077475234,-310.7112605927566,7.975415627483545,1.4321839344207694
23.700000000000067,0,489.56145749022005,-316.24212690172146,7.9714481373188635,1.4321163554225196
23.700000000000067,1,489.67165150502245,-315.4526352088196,8.008915849923913,1.4321352627028063
23.700000000000067,2,489.782348460726,-314.6594306230337,8.03754332810415,1.432151354784114
23.700000000000067,3,489.8934282873331,-313.8633889786252,8.057007960900263,1.432163955197472
23.700000000000067,4,490.0047670627814,-313.06541814587706,8.067426546588967,1.4321722665907923
23.700000000000067,5,490.1162431705234,-312.26641452366897,8.070028916384544,1.4321766717550966
23.700000000000067,6,490.2277517170635,-311.46715266970034,8.0672729804565,1.4321785461581964
23.700000000000067,7,490.3392206855126,-310.6681635568275,8.062489765927925,1.4321793661593876
23.700000000000067,8,490.450622907454,-309.8696480859574,8.058632349915767,1.4321798174948461
23.800000000000068,0,489.6716280977807,-315.4526319420883,8.008915849923984,1.4321352627028847
23.800000000000068,1,489.7823250534836,-314.6594273563037,8.070721570509313,1.4321469861563703
23.800000000000068,2,489.8938668994016,-313.8601002121983,8.117700936929785,1.4321573152061666
23.800000000000068,3,490.0060497218497,-313.0561190560975,8.148672353180313,1.4321661096570715
23.800000000000068,4,490.11865345720173,-312.24906948513916,8.164681947076827,1.4321724157956028
23.800000000000068,5,490.23147332432904,-311.4404336025641,8.168412199183326,1.4321759091155752
23.800000000000068,6,490.34434191009893,-310.63142787887955,8.163824451513477,1.43217732133887
23.800000000000068,7,490.45714596193744,-309.82287636990895,8.155613339883702,1.4321779061486803
23.800000000000068,8,490.5698360839559,-309.0151380299151,8.147812472262277,1.4321784423287072
23.90000000000007,0,489.7823105398013,-314.6594253309582,8.070721570509379,1.4321469861562872
23.90000000000007,1,489.89385238571873,-313.8600981868576,7.9942049966055295,1.4321446160105178
23.90000000000007,2,490.0043386067299,-313.0683495334049,7.932440203607114,1.4321503859736522
23.90000000000007,3,490.1139666564988,-312.2827174525023,7.8890339941877325,1.432161837443601
23.90000000000007,4,490.2229858755884,-311.5013830916264,7.8610760869103125,1.432173434570132
23.90000000000007,5,490.33160971289584,-310.7228164378237,7.844631608932058,1.432181973896055
23.90000000000007,6,490.43999968694766,-309.94587753138893,7.8366345822372745,1.4321868407718146
23.90000000000007,7,490.5482753879586,-309.1697301302145,7.835165977906602,1.4321886406956437
23.90000000000007,8,490.65652940109754,-308.39372798608355,7.838469927552478,1.4321883533256616
24.00000000000007,0,489.8938553199645,-313.8600985963192,7.994204996605628,1.4321446160104565
24.00000000000007,1,490.0043415409757,-313.0683499428668,7.963419066462971,1.4321564018479016
24.00000000000007,2,490.114392980647,-312.2796490408083,7.938513094176736,1.43216704036685
24.00000000000007,3,490.2240918648274,-311.4934136712952,7.921529887853332,1.4321750915072617
24.00000000000007,4,490.3335497488611,-310.7088594480166,7.910596659850337,1.4321797759651465
24.00000000000007,5,490.44285288991676,-309.9253875477523,7.903631815145465,1.4321816247988428
24.00000000000007,6,490.5520583483423,-309.1426052494445,7.899582962864858,1.4321817443030533
24.00000000000007,7,490.6612077697772,-308.36022393980386,7.898485677120623,1.4321811723936708
24.00000000000007,8,490.7703424772819,-307.57795136867304,7.900426374876622,1.4321805741178255
24.100000000000072,0,490.00432695003826,-313.0683479068788,7.963419066463071,1.432156401847929
24.100000000000072,1,490.1143783897096,-312.2796470048209,7.9703576530766895,1.4321639307193057
24.100000000000072,2,490.224519774819,-311.49025807250314,7.975334652820211,1.4321703082990997
24.100000000000072,3,490.33472489893455,-310.70037551233145,7.979091680775057,1.4321750771479351
24.100000000000072,4,490.4449781699751,-309.9101203277684,7.980767783446951,1.432178034157403
24.100000000000072,5,490.55525226373703,-309.1196988146624,7.980003033469781,1.432179544590892
24.100000000000072,6,490.665514596817,-308.3293528764517,7.977584669877405,1.4321802012496363
24.100000000000072,7,490.77574299573945,-307.53924638253943,7.975294398138368,1.432180442391648
24.100000000000072,8,490.88593955889866,-306.7493666924314,7.974779768067197,1.432180409696965
24.200000000000074,0,490.1143690689185,-312.2796457043022,7.970357653076747,1.4321639307193108
24.200000000000074,1,490.2245104540279,-311.4902567719846,8.007908065847625,1.432168542154359
24.200000000000074,2,490.33516708627326,-310.6971483142998,8.03661759792599,1.4321724665571693
24.200000000000074,3,490.44621731523716,-309.90119600995,8.056161134160785,1.4321755386930848
24.200000000000074,4,490.5575351461647,-309.10330775792863,8.06665275628019,1.4321775646053105
24.200000000000074,5,490.6689963289005,-308.3043801819558,8.069319968581933,1.4321786381330268
24.200000000000074,6,490.7804935079562,-307.5051883235019,8.066619064750995,1.4321790948263708
24.200000000000074,7,490.8919530026273,-306.70626391380733,8.06188066911536,1.4321792945177834
24.200000000000074,8,491.0033468656678,-305.90780877636485,8.058059971997631,1.43217940420405
24.300000000000075,0,490.2245047450375,-311.49025597544636,8.00790806584768,1.4321685421543764
24.300000000000075,1,490.33516137728265,-310.6971475177619,8.069796972657423,1.4321714006396948
24.300000000000075,2,490.4466709317886,-309.89790922347584,8.116857434141982,1.4321739189984035
24.300000000000075,3,490.5588287496589,-309.0940097459587,8.14790530504832,1.4321760628413014
24.300000000000075,4,490.6714138534704,-308.2870350233063,8.163984410522513,1.4321775998645263
24.300000000000075,5,490.7842198903421,-307.47846764046176,8.167775421987338,1.432178451192347
24.300000000000075,6,490.8970776209237,-306.66952469680587,8.163238547564733,1.4321787952954073
24.300000000000075,7,491.00987238531894,-305.86103104997187,8.155068386428049,1.4321789377422915
24.300000000000075,8,491.1225541442455,-305.0533465663532,8.147300786204614,1.43217906828052
24.400000000000077,0,490.3351578384538,-310.69714702402337,8.069796972657532,1.4321714006397
24.400000000000077,1,490.4466673929598,-309.8979087297374,7.993362673198391,1.4321708228166217
24.400000000000077,2,490.55712122534163,-309.1062406053537,7.931676919739082,1.4321722292788386
24.400000000000077,3,490.666721567185,-308.3206817261736,7.888343969085856,1.4321750207963613
24.400000000000077,4,490.77572095104523,-307.53941426872757,7.860451610359324,1.4321778479476226
24.400000000000077,5,490.8843327235393,-306.7609089841832,7.844063611651971,1.4321799297449525
24.400000000000077,6,490.9927164375866,-305.9840265542325,7.836113271869045,1.4321811162532858
24.400000000000077,7,491.1009893786279,-305.2079314039221,7.834681824191939,1.4321815550129093
24.400000000000077,8,491.20924220065035,-304.4319779778776,7.838015707661861,1.4321814848314838
24.500000000000078,0,490.44666810830483,-309.89790882954026,7.993362673198482,1.4321708228164973
24.500000000000078,1,490.55712194068695,-309.106240705157,7.962656981938293,1.4321736958728601
24.500000000000078,2,490.6671492101143,-308.31761337738897,7.9378271330536965,1.432176289289072
24.500000000000078,3,490.776831344088,-307.5314449314252,7.920913431547753,1.432178251898803
24.500000000000078,4,490.8862782307636,-306.7469514165394,7.910041494600544,1.4321793937115237
24.500000000000078,5,490.99557400039464,-305.96353454206997,7.903128756007336,1.4321798442188964
24.500000000000078,6,491.10477390170746,-305.1808022615975,7.899122447726704,1.4321798731632296
24.500000000000078,7,491.2139184240125,-304.39846676598665,7.898058645135933,1.4321797335965643
24.500000000000078,8,491.32304835661415,-303.616236645478,7.900026091551786,1.4321795876294523
24.60000000000008,0,490.5571183838133,-309.1062402089066,7.962656981938392,1.4321736958729212
24.60000000000008,1,490.6671456532404,-308.31761288113887,7.969672888683352,1.4321755311089275
24.60000000000008,2,490.7772684192358,-307.5282904907712,7.974722440661322,1.4321770857033043
24.60000000000008,3,490.8874597307091,-306.73846781767827,7.978544824015887,1.4321782480880065
24.60000000000008,4,490.99770293972665,-305.9482664446388,7.980277787354476,1.4321789687844948
24.60000000000008,5,491.1079695242733,-305.15789335807426,7.979560763264456,1.4321793368716143
24.60000000000008,6,491.21822591052097,-304.367591245564,7.977180901233704,1.432179496866057
24.60000000000008,7,491.3284492869749,-303.57752481886774,7.974920594881967,1.4321795555854817
24.60000000000008,8,491.438641385641,-302.78768224826354,7.974429699225503,1.432179547547932
24.70000000000008,0,490.667143381206,-308.31761256415575,7.96967288868337,1.4321755311089226
24.70000000000008,1,490.7772661472013,-307.5282901737885,8.00729702943393,1.4321766551451307
24.70000000000008,2,490.88790790189495,-306.7352413358889,8.036075065244399,1.432177611684467
24.70000000000008,3,490.99894653912463,-305.9393421930421,8.055679550598994,1.4321783604265153
24.70000000000008,4,491.11025546436855,-305.1415013233316,8.066223531814703,1.4321788541400475
24.70000000000008,5,491.2217096860937,-304.34261611436114,8.068934152861058,1.432179115734895
24.70000000000008,6,491.33320115249444,-303.5434624141559,8.066267853507282,1.4321792270060518
24.70000000000008,7,491.4446556887511,-302.7445727739719,8.061556087605895,1.4321792756464817
24.70000000000008,8,491.5560450820011,-301.9461497854455,8.057756297224607,1.4321793023456106
24.800000000000082,0,490.77726475563736,-307.5282899796466,8.007297029434016,1.4321766551451343
24.800000000000082,1,490.88790651033094,-306.735241141747,8.069255580164896,1.4321773518242567
24.800000000000082,2,490.99940382770427,-305.93605580379426,8.1163801718067,1.4321779655967921
24.800000000000082,3,491.11155179794923,-305.1322031408622,8.147484445641286,1.4321784880653508
24.800000000000082,4,491.2241291294689,-304.3252698274171,8.163611421432737,1.432178862632495
24.800000000000082,5,491.3369289915688,-303.5167392432633,8.167441643726569,1.4321790700887436
24.800000000000082,6,491.4497816095583,-302.70782928742796,8.162935656317394,1.432179153932319
24.800000000000082,7,491.56257189883786,-301.89936559873445,8.154788989991976,1.4321791886317046
24.800000000000082,8,491.67524959460223,-301.09170875849236,8.147039665199308,1.4321792204269153
24.900000000000084,0,490.88790564783557,-306.73524102141664,8.069255580164976,1.432177351824302
24.900000000000084,1,490.9994029652087,-305.9360556834639,7.992886504176182,1.4321772110585425
24.900000000000084,2,491.1098451607262,-305.1444340136395,7.931260311318404,1.432177553812426
24.900000000000084,3,491.21943556333565,-304.3589158121224,7.887979174919226,1.4321782340763995
24.900000000000084,4,491.3284273962354,-303.57768413393694,7.8601302786989455,1.4321789230309294
24.900000000000084,5,491.437033891806,-302.7992105575703,7.843777455976757,1.4321794303593967
24.900000000000084,6,491.5454140399067,-302.0223565228339,7.835854490445365,1.4321797195171229
24.900000000000084,7,491.6536844892838,-301.24628715367555,7.834443615392829,1.4321798264503594
24.900000000000084,8,491.7619353611873,-300.47035750714815,7.837793344260089,1.4321798093501028
25.000000000000085,0,490.9994031394736,-305.936055707774,7.992886504176275,1.4321772110585118
25.000000000000085,1,491.10984533499123,-305.14443403794974,7.962241411484453,1.4321779111855624
25.000000000000085,2,491.2198635379655,-304.35584740481323,7.937466465879023,1.4321785431781815
25.000000000000085,3,491.3295389165094,-303.5697144324029,7.920600027484534,1.4321790214555774
25.000000000000085,4,491.4389808690492,-302.785251873081,7.909767280450675,1.4321792997142013
25.000000000000085,5,491.5482729234054,-302.0018621672747,7.902885879213914,1.432179409506586
25.000000000000085,6,491.65746980906965,-301.219153988986,7.898903654332279,1.4321794165652184
25.000000000000085,7,491.766611665444,-300.4368402126844,7.897857721348441,1.4321793825554017
25.000000000000085,8,491.87573909640713,-299.65463003013895,7.899838785225911,1.432179346981083
25.100000000000087,0,491.1098444682227,-305.1444339170216,7.9622414114845474,1.4321779111855448
25.100000000000087,1,491.219862671197,-304.3558472838852,7.969313198089419,1.4321783584253287
25.100000000000087,2,491.32997823552176,-303.5665602062097,7.974412997749491,1.4321787372737327
25.100000000000087,3,491.44016396684776,-302.7767679986017,7.9782781951663,1.43217902053788
25.100000000000087,4,491.5504028813616,-301.9865929475395,7.9800462530919365,1.4321791961622847
25.100000000000087,5,491.6606660870021,-301.19624276724164,7.9793569478485695,1.4321792858561047
25.100000000000087,6,491.77091969737717,-300.4059608463991,7.976998110798011,1.432179324837636
25.100000000000087,7,491.8811406840654,-299.61591254237555,7.974753191998873,1.4321793391391255
25.100000000000087,8,491.9913306406258,-298.8260865753384,7.974273885462767,1.4321793371744276
25.200000000000088,0,491.2198621175148,-304.35584720664167,7.969313198089451,1.4321783584253476
25.200000000000088,1,491.32997768183975,-303.5665601289662,8.006988497761473,1.432178632342811
25.200000000000088,2,491.4406136054071,-302.7735416295294,8.035812200231756,1.4321788654425938
25.200000000000088,3,491.55164761266167,-301.9776683818279,8.055455203663056,1.4321790479019265
25.200000000000088,4,491.6629528895227,-301.1798496550957,8.066030392861489,1.4321791682114728
25.200000000000088,5,491.7744041916691,-300.3809835397575,8.068765350369908,1.4321792319532431
25.200000000000088,6,491.88589323278865,-299.58184654492914,8.066117254928649,1.4321792590599054
25.200000000000088,7,491.9973456625635,-298.78297181657706,8.061418613477208,1.4321792709042813
25.200000000000088,8,492.1087331600705,-297.98456244412694,8.057628578294176,1.4321792774037272
25.30000000000009,0,491.32997734273084,-303.566560081658,8.006988497761558,1.4321786323428718
25.30000000000009,1,491.44061326629804,-302.7735415822211,8.068993558859727,1.4321788021131159
25.30000000000009,2,491.5521058041674,-301.9743820333646,8.116159368869901,1.43217895168024
25.30000000000009,3,491.664249930827,-301.17055112834504,8.147298056963606,1.432179078997164
25.30000000000009,4,491.7768242101015,-300.3636362084585,8.163452585192141,1.432179170271394
25.30000000000009,5,491.88962162876726,-299.555121320872,8.167304007012778,1.4321792208204314
25.30000000000009,6,492.0024722230522,-298.7462249796767,8.162813640073786,1.4321792412450467
25.30000000000009,7,492.1152607558003,-297.9377733657217,8.154678048967877,1.432179249694447
25.30000000000009,8,492.22793686933517,-297.13012750628707,8.14693683259994,1.432179257437769
25.40000000000009,0,491.4406130561206,-302.7735415528988,8.068993558859798,1.4321788021130502
25.40000000000009,1,491.5521055939901,-301.97438200404235,7.992666476691732,1.4321787678283204
25.40000000000009,2,491.6625435169259,-301.18278195398307,7.931077231914023,1.4321788513521132
25.40000000000009,3,491.7721303706129,-300.3972817425988,7.887826626947867,1.432179017107613
25.40000000000009,4,491.8811194839701,-299.6160650875427,7.860001873235632,1.4321791849765826
25.40000000000009,5,491.9897240013981,-298.8376042001071,7.843667362289575,1.4321793085888435
25.40000000000009,6,492.0981027228934,-298.0607610823354,7.835757667899846,1.4321793790428574
25.40000000000009,7,492.2063720986716,-297.284701339423,7.834356025210559,1.4321794050981107
25.40000000000009,8,492.3146220872511,-296.5087804135099,7.837712394015556,1.4321794009321582
25.500000000000092,0,491.5521056364312,-301.97438200996123,7.992666476691828,1.4321787678284001
25.500000000000092,1,491.6625435593664,-301.18278195990194,7.962059039761866,1.4321789384230321
25.500000000000092,2,491.7725584323736,-300.3942132759919,7.937316984021639,1.4321790924152087
25.500000000000092,3,491.8822313136974,-299.6080950481467,7.920477435225038,1.432179208952725
25.500000000000092,4,491.99167142525107,-298.82364460994035,7.909665674381791,1.4321792767530537
25.500000000000092,5,492.1009620936675,-298.0402649697903,7.90279994548043,1.4321793035055852
25.500000000000092,6,492.21015787492263,-297.2575653140227,7.898828869986588,1.4321793052270597
25.500000000000092,7,492.31929878507674,-296.47525895657435,7.897790523534417,1.4321792969418579
25.500000000000092,8,492.42842535451166,-295.6930554386972,7.899776927130115,1.4321792882746418
25.600000000000094,0,491.66254334816415,-301.18278193043466,7.962059039761975,1.4321789384230015
25.600000000000094,1,491.7725582211714,-300.39421324652466,7.969164357602254,1.4321790474009384
25.600000000000094,2,491.8826711851113,-299.6049408342633,7.974293225397265,1.4321791397115877
25.600000000000094,3,491.9928549436563,-298.8151604446619,7.978181924066145,1.432179208730315
25.600000000000094,4,492.1030923792524,-298.02499490762045,7.979968068001016,1.4321792515211524
25.600000000000094,5,492.2133544608284,-297.23465246473285,7.979292039347276,1.4321792733746836
25.600000000000094,6,492.32360718420335,-296.4443769738564,7.976942448603227,1.432179282872383
25.600000000000094,7,492.4338274349417,-295.6543341872871,7.974703656818383,1.4321792863576626
25.600000000000094,8,492.54401674874504,-294.86451313206993,7.974228547244874,1.4321792858805655
25.700000000000095,0,491.77255808626063,-300.3942132277051,7.9691643576022795,1.432179047400986
25.700000000000095,1,491.88267105020054,-299.6049408154437,8.00686930269817,1.4321791141412752
25.700000000000095,2,491.99330494473014,-298.81193406787736,8.035718504220053,1.4321791709368514
25.700000000000095,3,492.10433741421775,-298.01607006598385,8.05538188024081,1.432179215395165
25.700000000000095,4,492.2156415443135,-297.218258582619,8.065972509433177,1.4321792447112776
25.700000000000095,5,492.3270919855505,-296.41939819157636,8.068718583891844,1.4321792602443248
25.700000000000095,6,492.4385803578725,-295.62026582538317,8.06607803966224,1.4321792668506705
25.700000000000095,7,492.5500322395721,-294.82139498007393,8.061384240371636,1.4321792697380764
25.700000000000095,8,492.6614192630648,-294.02298901209406,8.057597405586701,1.432179271323422
25.800000000000097,0,491.88267096757875,-299.60494080391857,8.00686930269823,1.432179114141237
25.800000000000097,1,491.99330486210846,-298.81193405635213,8.068900378879222,1.4321791555071233
25.800000000000097,2,492.10479583005747,-298.01278369671513,8.116088380695668,1.4321791919508238
25.800000000000097,3,492.2169387827105,-297.20895979547606,8.147244573362013,1.4321792229740589
25.800000000000097,4,492.3295122068057,-296.4020501564403,8.163412144136384,1.4321792452160238
25.800000000000097,5,492.4423090060892,-295.59353926571475,8.167272749483885,1.4321792575350742
25.800000000000097,6,492.5551591387793,-294.7846460161467,8.162788434676882,1.4321792625133822
25.800000000000097,7,492.66794730606085,-293.9761968961559,8.15465656330962,1.4321792645732558
25.800000000000097,8,492.7806231107038,-293.16855316300155,8.14691768548879,1.4321792664609987
25.900000000000098,0,491.99330481089726,-298.81193404920725,8.06890037887929,1.4321791555070793
25.900000000000098,1,492.1047957788463,-298.01278368957014,7.992595946553142,1.4321791471553196
25.900000000000098,2,492.21523242696577,-297.2211905829804,7.931025851543728,1.4321791675072908
25.900000000000098,3,492.32481832237147,-296.43569542570276,7.887790140466565,1.4321792078951034
25.900000000000098,4,492.4338067825353,-295.65448236350323,7.859976271953027,1.4321792487983123
25.900000000000098,5,492.54241089653834,-294.8760240047079,7.843649225716622,1.4321792789187957
25.900000000000098,6,492.6507893904832,-294.0991826864127,7.835744267564868,1.4321792960871593
25.900000000000098,7,492.759058645483,-293.3231242796618,7.834345372108805,1.4321793024373188
25.900000000000098,8,492.8673085665214,-292.54720441995346,7.837703340859319,1.432179301423723
26.0000000000001,0,492.10479578918137,-298.01278369100976,7.992595946553251,1.4321791471553207
26.0000000000001,1,492.2152324373007,-297.2211905844201,7.962008062999726,1.4321791887212378
26.0000000000001,2,492.32524640856616,-296.4326269217528,7.937282378772749,1.4321792262428168
26.0000000000001,3,492.4349187065324,-295.6465121065621,7.920455363772433,1.432179254639797
26.0000000000001,4,492.5443584772777,-294.8620638493302,7.909652560213609,1.4321792711627284
26.0000000000001,5,492.65364896887036,-294.07868550862884,7.902792778983568,1.4321792776841864
26.0000000000001,6,492.76284467131376,-293.2959865654565,7.8988252936924965,1.4321792781059308
26.0000000000001,7,492.87198555327006,-292.5136805651672,7.8977888593374095,1.4321792760885668
26.0000000000001,8,492.98111211602173,-291.7314772143891,7.899776236253565,1.4321792739774848
26.1000000000001,0,492.21523238583745,-297.22119057723864,7.962008062999842,1.4321791887212505
26.1000000000001,1,492.3252463571028,-296.43262691457153,7.969130105295091,1.4321792152763155
26.1000000000001,2,492.435358715267,-295.64335787620087,7.974272824825384,1.4321792377706606
26.1000000000001,3,492.54554211448465,-294.85357949628394,7.978171938359774,1.4321792545898737
26.1000000000001,4,492.65577937586795,-294.06341494317945,7.979965328804084,1.4321792650180867
26.1000000000001,5,492.76604140892823,-293.2730727700959,7.979293918944827,1.432179270344092
26.1000000000001,6,492.8762941606695,-292.4827970933967,7.976946928704843,1.432179272658884
26.1000000000001,7,492.98651448138025,-291.6927538642402,7.974709338873203,1.4321792735083845
26.1000000000001,8,493.0967038838433,-290.9029322476838,7.974234677031628,1.4321792733924248
26.200000000000102,0,492.3252463242322,-296.43262690998756,7.969130105295116,1.4321792152762547
26.200000000000102,1,492.43535868239655,-295.643357871617,8.006849208260642,1.432179231540165
26.200000000000102,2,492.5459922061758,-294.85035310123146,8.035709991833546,1.432179245380913
26.200000000000102,3,492.6570244987975,-294.05448993414586,8.055381893482043,1.4321792562153808
26.200000000000102,4,492.76832859650915,-293.25667844492637,8.065978262124123,1.4321792633598736
26.200000000000102,5,492.87977910233565,-292.457817482054,8.068727800615441,1.4321792671454858
26.200000000000102,6,492.99126759649323,-291.6586842022598,8.066089010058601,1.4321792687554988
26.200000000000102,7,493.10271962825317,-290.85981227022165,8.0613958155259,1.4321792694592028
26.200000000000102,8,493.2141068119067,-290.0614051558599,8.057608993423969,1.4321792698456517
26.300000000000104,0,492.4353586622649,-295.64335786880974,8.006849208260713,1.4321792315401662
26.300000000000104,1,492.5459921860443,-294.8503530984244,8.068892129698103,1.4321792416209034
26.300000000000104,2,492.6574829711938,-294.0512035461917,8.116089683217321,1.4321792505021977
26.300000000000104,3,492.76962589477915,-293.2473795093841,8.147252729016955,1.4321792580626744
26.300000000000104,4,492.8821994032507,-292.4404690586555,8.163424721762912,1.4321792634833042
26.300000000000104,5,492.99499636155423,-291.6319569201713,8.167287796320835,1.4321792664856603
26.300000000000104,6,493.10784669491187,-290.8230621793426,8.162804518008738,1.4321792676988965
26.300000000000104,7,493.2206350802303,-290.01461146586075,8.154672755569607,1.4321792682008772
26.300000000000104,8,493.33331110567764,-289.2069661286034,8.146933535951288,1.4321792686609616
26.400000000000105,0,492.5459921735647,-294.8503530966832,8.068892129698177,1.4321792416210068
26.400000000000105,1,492.6574829587139,-294.05120354445063,7.992597473184251,1.432179239586131
26.400000000000105,2,492.76791955475966,-293.25961027645434,7.931035126343234,1.4321792445460053
26.400000000000105,3,492.8775055178054,-292.47411419215064,7.887804798695987,1.4321792543882896
26.400000000000105,4,492.9864941441861,-291.6928996731209,7.8599942097681845,1.4321792643561184
26.400000000000105,5,493.0950984939312,-290.9144395360605,7.843668783802127,1.4321792716962825
26.400000000000105,6,493.2034772637276,-290.1375962814993,7.835764261822379,1.4321792758801664
26.400000000000105,7,493.31174681067677,-289.36153589668913,7.834365069804526,1.4321792774277555
26.400000000000105,8,493.41999702329065,-288.58561408881235,7.837722413459147,1.4321792771809059
26.500000000000107,0,492.65748296122854,-294.0512035447996,7.9925974731843645,1.432179239586103
26.500000000000107,1,492.76791955727435,-293.2596102768031,7.962017526548656,1.432179249715446
26.500000000000107,2,492.8779336112033,-292.4710456701483,7.937298000007343,1.4321792588592004
26.500000000000107,3,492.98760609937335,-291.68492930424065,7.920475086975499,1.432179265779474
26.500000000000107,4,493.0970461339027,-290.90047909238797,7.909674581157502,1.432179269806241
26.500000000000107,5,493.2063369308293,-290.1170985708628,7.902815703399378,1.4321792713957482
26.500000000000107,6,493.3155329549494,-289.33439735792433,7.898848158553317,1.4321792714987782
26.500000000000107,7,493.42467415800644,-288.5520890938022,7.8978111020876565,1.4321792710073724
26.500000000000107,8,493.5338010320684,-287.7698835406385,7.899797633029123,1.4321792704930059
26.600000000000108,0,492.76791954473015,-293.25961027505093,7.962017526548752,1.432179249715482
26.600000000000108,1,492.8779335986587,-292.4710456683962,7.969145883517128,1.4321792561869429
26.600000000000108,2,492.98804614254647,-291.68177506283314,7.974293368746183,1.4321792616688214
26.600000000000108,3,493.0982298067528,-290.8919946455966,7.978195476222795,1.432179265767725
26.600000000000108,4,493.2084673845349,-290.10182776005126,7.979990328730893,1.4321792683091974
26.600000000000108,5,493.31872976042706,-289.3114831105919,7.979319224420383,1.4321792696072237
26.600000000000108,6,493.42898286240523,-288.5212049276993,7.976971771867192,1.4321792701713587
26.600000000000108,7,493.53920352834825,-287.7311592383303,7.974733304592735,1.4321792703783953
26.600000000000108,8,493.6493932644263,-286.94133524853453,7.974257630200531,1.4321792703501808
26.70000000000011,0,492.87793359065216,-292.47104566728115,7.969145883517159,1.4321792561869657
26.70000000000011,1,492.9880461345401,-291.6817750617181,8.006869880836259,1.4321792601505294
26.70000000000011,2,493.0986799212717,-290.88876824073907,8.035734221643622,1.432179263523557
26.70000000000011,3,493.209712534246,-290.09290267189897,8.055408167859586,1.4321792661640116
26.70000000000011,4,493.3210169870632,-289.2950885793366,8.066005295054298,1.432179267905195
26.70000000000011,5,493.4324678627823,-288.49622493859476,8.068754647374579,1.4321792688278583
26.70000000000011,6,493.5439567265467,-287.6970889996884,8.066115073785431,1.4321792692202395
26.70000000000011,7,493.6554091180669,-286.898214486226,8.061420807671464,1.4321792693917568
26.70000000000011,8,493.7667966470996,-286.09980489662973,8.057632853282449,1.4321792694859399
26.80000000000011,0,492.9880461296366,-291.68177506103564,8.006869880836337,1.432179260150538
26.80000000000011,1,493.09867991636816,-290.88876824005627,8.0689164630683,1.4321792626072605
26.80000000000011,2,493.2101710209689,-290.0896162754873,8.116116533802415,1.43217926477167
26.80000000000011,3,493.3223143040886,-289.28578957777586,8.147280818913597,1.432179266614273
26.80000000000011,4,493.43488819378774,-288.47887634403867,8.163452985387204,1.4321792679353786
26.80000000000011,5,493.5476855390204,-287.67036140580035,8.167315476269138,1.4321792686671015
26.80000000000011,6,493.66053625307717,-286.8614639232812,8.16283116605476,1.4321792689627952
26.80000000000011,7,493.77332500557947,-286.05301057041294,8.154698190780252,1.4321792690851354
26.80000000000011,8,493.8860013817599,-285.24536271393237,8.146957759163932,1.4321792691972837
26.900000000000112,0,493.0986799133271,-290.88876823963176,8.06891646306839,1.4321792626072276
26.900000000000112,1,493.210171017928,-290.08961627506295,7.9926244052659685,1.4321792621114051
26.900000000000112,2,493.32060796827307,-289.29802033720387,7.931063689138914,1.4321792633201809
26.900000000000112,3,493.43019431123383,-288.512521421961,7.8878339255664764,1.4321792657188375
26.900000000000112,4,493.5391833312197,-287.73130401694766,7.860023031384793,1.432179268148078
26.900000000000112,5,493.6477880762514,-286.95284102495947,7.843696707209139,1.4321792699369307
26.900000000000112,6,493.7561672332422,-286.17599500503223,7.835790966878859,1.4321792709565815
26.900000000000112,7,493.86443715300595,-285.399931975865,7.834390466057805,1.432179271333757
26.900000000000112,8,493.9726877212573,-284.6240076533826,7.837746551851031,1.4321792712736263
27.000000000000114,0,493.2101710185376,-290.089616275146,7.992624405266078,1.4321792621114486
27.000000000000114,1,493.3206079688825,-289.29802033728697,7.962046151592716,1.4321792645800073
27.000000000000114,2,493.4306224066122,-288.50945289394963,7.937327508215201,1.432179266808434
27.000000000000114,3,493.5402952962587,-287.7233336046539,7.92050460051493,1.432179268494985
27.000000000000114,4,493.64973573645676,-286.9388804694591,7.909703404183186,1.4321792694763094
27.000000000000114,5,493.7590269318998,-286.15549709331424,7.902843386192874,1.4321792698637186
27.000000000000114,6,493.8682233397222,-285.37279313881726,7.8988744903114085,1.4321792698888443
27.000000000000114,7,493.977364907874,-284.5904822669521,7.89783606746188,1.432179269769112
27.000000000000114,8,494.08649212786037,-283.808274241333,7.899821322963071,1.4321792696437845
27.100000000000115,0,493.32060796582203,-289.2980203368579,7.962046151592827,1.432179264580006
27.100000000000115,1,493.4306224035517,-288.50945289352046,7.969175437320251,1.4321792661571744
27.100000000000115,2,493.54073534792576,-287.7201793598274,7.974323183066498,1.4321792674931515
27.100000000000115,3,493.650919419487,-286.9303959891149,7.978224840779534,1.432179268492098
27.100000000000115,4,493.76115740085726,-286.14022619497973,7.980018699891149,1.4321792691115118
27.100000000000115,5,493.8714201681295,-285.34987873552967,7.979346276178954,1.432179269427857
27.100000000000115,6,493.9816736440333,-284.55959787342897,7.976997385773002,1.4321792695653084
27.100000000000115,7,494.0918946643716,-283.76954964730487,7.974757526699523,1.4321792696157902
27.100000000000115,8,494.2020847357374,-282.97972325861616,7.9742805825978715,1.432179269608941
27.200000000000117,0,493.43062240160424,-288.5094528932511,7.969175437320287,1.4321792661571733
27.200000000000117,1,493.54073534597853,-287.7201793595576,8.006899726473772,1.432179267123163
27.200000000000117,2,493.6513695395684,-286.92716958187134,8.035763816652803,1.4321792679452008
27.200000000000117,3,493.7624025579486,-286.13130108142695,8.05543694956837,1.4321792685886978
27.200000000000117,4,493.8737074065186,-285.3334841380311,8.066032852327993,1.432179269013072
27.200000000000117,5,493.98515866212114,-284.53461776787105,8.068780760077384,1.432179269237941
27.200000000000117,6,494.09664788636655,-283.73547924269593,8.066139700534729,1.4321792693335835
27.200000000000117,7,494.2081006180729,-282.9366022901679,8.06144404379993,1.4321792693753856
27.200000000000117,8,494.31948846818057,-282.1381903992485,8.057654844324448,1.4321792693983624
27.300000000000118,0,493.54073534478584,-287.72017935939266,8.006899726473852,1.432179267123075
27.300000000000118,1,493.65136953837623,-286.9271695817062,8.068946077275141,1.4321792677219218
27.300000000000118,2,493.7628610480796,-286.1280146835523,8.116145485069792,1.4321792682493797
27.300000000000118,3,493.8750047284336,-285.32418511809385,8.147308673617859,1.4321792686984698
27.300000000000118,4,493.98757900132955,-284.51726912537003,8.163479446755012,1.4321792690204656
27.300000000000118,5,494.100376711311,-283.708751566254,8.167340413839204,1.4321792691987807
27.300000000000118,6,494.21322776950905,-282.89985161383777,8.162854601855422,1.4321792692708435
27.300000000000118,7,494.32601684558307,-282.09139593983434,8.154720258775992,1.4321792693006565
27.300000000000118,8,494.4386935265109,-281.28374589769714,8.146978621693947,1.4321792693279989
27.40000000000012,0,493.6513695376349,-286.9271695816027,8.068946077275218,1.4321792677218634
27.40000000000012,1,493.7628610473386,-286.1280146834488,7.992653365559783,1.432179267601037
27.40000000000012,2,493.8732983934929,-285.3364158767329,7.931091661148024,1.432179267895668
27.40000000000012,3,493.98288511935897,-284.55091419061796,7.88786058757276,1.4321792684802896
27.40000000000012,4,494.0918745055858,-283.76969414467743,7.860048184409333,1.4321792690723396
27.40000000000012,5,494.20047959744625,-282.99122866141295,7.8437202958673,1.4321792695082927
27.40000000000012,6,494.3088590807031,-282.2143803052927,7.835813064491327,1.4321792697567988
27.40000000000012,7,494.4171293067284,-281.4383150876898,7.834411235943305,1.4321792698487232
27.40000000000012,8,494.52538016311706,-280.6623887083021,7.8377661674822585,1.4321792698340658
27.50000000000012,0,493.76286104748345,-286.12801468346714,7.992653365559887,1.432179267600994
27.50000000000012,1,493.8732983936378,-285.3364158767512,7.9620741242034665,1.4321792682026202
27.50000000000012,2,493.9833132150184,-284.54784566258525,7.9373542431299535,1.4321792687457215
27.50000000000012,3,494.0929864725481,-283.76172372522956,7.920529872202099,1.4321792691568116
27.50000000000012,4,494.2024272614151,-282.9772680870342,7.909727096429844,1.432179269395998
27.50000000000012,5,494.311718784285,-282.1938823643991,7.902865505623392,1.4321792694904132
27.50000000000012,6,494.4209154980318,-281.4111762192164,7.898895150863901,1.4321792694964974
27.50000000000012,7,494.5300573519646,-280.6288633011568,7.897855453792746,1.432179269467336
27.50000000000012,8,494.6391848400549,-279.8466533555327,7.899839614885072,1.4321792694368136
27.600000000000122,0,493.8732983928888,-285.33641587664465,7.962074124203581,1.4321792682026513
27.600000000000122,1,493.9833132142693,-284.547845662479,7.969202165966489,1.4321792685870216
27.600000000000122,2,494.09342652604505,-283.75856948129126,7.974348490362102,1.4321792689126442
27.600000000000122,3,494.2036109461649,-282.9687836039676,7.978248583066905,1.4321792691561286
27.600000000000122,4,494.31384925506603,-282.178611458304,7.980040830184219,1.4321792693070887
27.600000000000122,5,494.42411232796616,-281.3882618070303,7.979366851494866,1.4321792693841986
27.600000000000122,6,494.5343660882009,-280.59797890713867,7.977016551335841,1.4321792694176962
27.600000000000122,7,494.64458737347337,-279.80792878285797,7.974775481639697,1.4321792694300173
27.600000000000122,8,494.7547776930756,-279.01810061591823,7.974297509065041,1.432179269428354
27.700000000000124,0,493.9833132137984,-284.54784566241506,7.969202165966498,1.4321792685870052
27.700000000000124,1,494.09342652557416,-283.75856948122765,8.006925022004662,1.4321792688224773
27.700000000000124,2,494.2040610673339,-282.9655571980635,8.03578756361376,1.4321792690228339
27.700000000000124,3,494.31509441297675,-282.1696863455815,8.05545907323355,1.4321792691796587
27.700000000000124,4,494.4263995667657,-281.37186721097424,8.066053362824537,1.4321792692831026
27.700000000000124,5,494.53785110555356,-280.572998809408,8.06879975456357,1.432179269337945
27.700000000000124,6,494.6493405921725,-279.7738584029927,8.0661573474298,1.4321792693612536
27.700000000000124,7,494.7607935676903,-278.9749797026987,8.06146055089143,1.4321792693714344
27.700000000000124,8,494.8721816458854,-278.17656617690415,8.057670392802233,1.4321792693770317
27.800000000000125,0,494.09342652528596,-283.7585694811891,8.00692502200475,1.4321792688225197
27.800000000000125,1,494.2040610670459,-282.96555719802467,8.068969808180512,1.4321792689684374
27.800000000000125,2,494.3155529036518,-282.1663999494039,8.116167588143375,1.4321792690969883
27.800000000000125,3,494.4276968887306,-281.3625681947445,8.147329131442724,1.4321792692064437
27.800000000000125,4,494.54027144388937,-280.55565017580386,8.163498315809207,1.4321792692849267
27.800000000000125,5,494.6530694143778,-279.7471307478519,8.167357822442785,1.432179269328363
27.800000000000125,6,494.76592071301184,-278.9382290712591,8.162870734669493,1.4321792693459483
27.800000000000125,7,494.87871001193815,-278.1297717994399,8.154735327372222,1.432179269353178
27.800000000000125,8,494.9913869010318,-277.32212026489117,8.146992803632799,1.4321792693598459
27.900000000000126,0,494.20406106686556,-282.96555719799915,8.06896980818059,1.4321792689684059
27.900000000000126,1,494.3155529034714,-282.1663999493784,7.99267544933583,1.4321792689389512
27.900000000000126,2,494.425990553706,-281.37479895531965,7.931112078130303,1.432179269010784
27.900000000000126,3,494.53557756080477,-280.5892952469686,7.8878793672874865,1.432179269153281
27.900000000000126,4,494.64456720599196,-279.8080733409963,7.860065420192588,1.4321792692975481
27.900000000000126,5,494.7531725358302,-279.0296061506618,7.843736139398845,1.4321792694038167
27.900000000000126,6,494.86155223808385,-278.2527562253967,7.835827710756505,1.4321792694644073
27.900000000000126,7,494.9698226667087,-277.4766895572478,7.8344248962701,1.4321792694867927
27.900000000000126,8,495.0780737121278,-276.70076182496933,7.837779013684801,1.4321792694832063
28.000000000000128,0,494.31555290350354,-282.16639994938066,7.992675449335922,1.4321792689389796
28.000000000000128,1,494.425990553738,-281.3747989553223,7.962094519551457,1.4321792690855975
28.000000000000128,2,494.536005656232,-280.58622672108766,7.937372966152669,1.4321792692179667
28.000000000000128,3,494.645679172093,-279.80010292933684,7.920546990189702,1.4321792693181752
28.000000000000128,4,494.75512019735885,-279.0156455957448,7.9097427312667445,1.4321792693764714
28.000000000000128,5,494.8644119362764,-278.232258324625,7.902879825628335,1.432179269399505
28.000000000000128,6,494.9736088479586,-277.44955076118777,7.89890835636512,1.4321792694010318
28.000000000000128,7,495.0827508844314,-276.6672365352548,7.897867752598325,1.4321792693939177
28.000000000000128,8,495.19187854251584,-275.88502537155534,7.899851171429225,1.4321792693864421
28.10000000000013,0,494.42599055355214,-281.3747989552946,7.962094519551568,1.4321792690855797
28.10000000000013,1,494.53600565604637,-280.58622672106003,7.969220865791976,1.4321792691792303
28.10000000000013,2,494.6461192257366,-279.7969486877615,7.974365539641735,1.4321792692585946
28.10000000000013,3,494.7563038811596,-279.00716112182545,7.978264078786257,1.4321792693179929
28.10000000000013,4,494.86654240404226,-278.21698744143544,7.980054915560289,1.4321792693547755
28.10000000000013,5,494.9768056715272,-277.42663639512955,7.979379705750857,1.4321792693735333
28.10000000000013,6,495.0870596093825,-276.63635222214316,7.9770283760024,1.4321792693816788
28.10000000000013,7,495.19728105806865,-275.8463009267422,7.974786478392365,1.432179269384694
28.10000000000013,8,495.30747152965284,-275.05647167068025,7.9743078337437945,1.432179269384307
28.20000000000013,0,494.53600565593575,-280.58622672104667,7.969220865792001,1.432179269179355
28.20000000000013,1,494.64611922562585,-279.79694868774806,8.006942047178923,1.4321792692367545
28.20000000000013,2,494.75675400230006,-279.00393471835116,8.035802981919886,1.4321792692855637
28.20000000000013,3,494.8677875607738,-278.20806233879836,8.0554730043152,1.4321792693237279
28.20000000000013,4,494.97909290693866,-277.4102418244297,8.066065965019906,1.432179269348958
28.20000000000013,5,495.0905446198028,-276.6113721747247,8.068811213159035,1.4321792693623268
28.20000000000013,6,495.20203426473006,-275.81223063343805,8.066167861767727,1.4321792693680235
28.20000000000013,7,495.31348738552254,-275.01335089179514,8.061470314483575,1.432179269370454
28.20000000000013,8,495.42487559862553,-274.21493639900643,8.057679552040515,1.4321792693718083
28.300000000000132,0,494.6461192255579,-279.7969486877399,8.006942047178985,1.4321792692366777
28.300000000000132,1,494.75675400223224,-279.00393471834286,8.068985202020542,1.432179269272256
28.300000000000132,2,494.8682460512976,-278.2047759450698,8.11618143593939,1.4321792693035968
28.300000000000132,3,494.98039022755006,-277.40094281889037,8.147341569409498,1.4321792693302788
28.300000000000132,4,495.09296495446904,-276.5940235680697,8.163509512110215,1.4321792693493767
28.300000000000132,5,495.20576307960846,-275.7855030312196,8.167367964389742,1.4321792693599862
28.300000000000132,6,495.3186145183518,-274.9766003501569,8.16288001668969,1.4321792693642785
28.300000000000132,7,495.4314039455162,-274.1681421590372,8.15474393328783,1.4321792693660533
28.300000000000132,8,495.54408095351056,-273.3604897721501,8.147000869840907,1.432179269367673
28.400000000000134,0,494.7567540021885,-279.0039347183368,8.068985202020622,1.4321792692722735
28.400000000000134,1,494.8682460512537,-278.2047759450636,7.992689272756566,1.4321792692650952
28.400000000000134,2,494.97868389223316,-277.4131735818863,7.931124429338247,1.432179269282536
28.400000000000134,3,495.0882710697798,-276.62766865023184,7.887890393851149,1.432179269317248
28.400000000000134,4,495.19726086719663,-275.846445652162,7.860075295633665,1.4321792693524014
28.400000000000134,5,495.30586633344484,-275.0679774837498,7.843745049734428,1.4321792693783255
28.400000000000134,6,495.41424615883534,-274.29112667600066,7.835835843355425,1.4321792693930653
28.400000000000134,7,495.522516699887,-273.5150592024005,7.834432424174685,1.4321792693985653
28.400000000000134,8,495.6307678493904,-272.73913072456185,7.837786063009112,1.4321792693977167
28.500000000000135,0,494.8682460512582,-278.2047759450625,7.992689272756678,1.4321792692650988
28.500000000000135,1,494.97868389223765,-277.41317358188525,7.962106846841176,1.4321792693008
28.500000000000135,2,495.08869916489266,-276.62460012672216,7.937383904492728,1.432179269333055
28.500000000000135,3,495.19837283180203,-275.8384752516167,7.920556694075173,1.432179269357462
28.500000000000135,4,495.30781399111896,-275.05401695693956,7.909751375855507,1.4321792693716873
28.500000000000135,5,495.4171058494856,-274.2706288296535,7.902887592959569,1.4321792693772832
28.500000000000135,6,495.5263028685094,-273.48792049693566,7.898915425114756,1.4321792693776092
28.500000000000135,7,495.63544500267204,-272.7056055709105,7.897874284310426,1.4321792693758737
28.500000000000135,8,495.7445727510217,-271.923393760307,7.899857281861747,1.432179269374084
28.600000000000136,0,494.9786838921892,-277.4131735818765,7.962106846841255,1.4321792693007724
28.600000000000136,1,495.0886991648442,-276.62460012671363,7.969231780961916,1.4321792693235889
28.600000000000136,2,495.1988128852394,-275.8353210123522,7.974375155497385,1.4321792693429503
28.600000000000136,3,495.3089976734612,-275.0455324940448,7.978272553035138,1.4321792693574338
28.600000000000136,4,495.41923631340484,-274.25535797435396,7.9800624219397145,1.4321792693663897
28.600000000000136,5,495.529499684599,-273.46500618460885,7.979386420199463,1.4321792693709479
28.600000000000136,6,495.6397537152319,-272.6747213466184,7.977034467308797,1.4321792693729272
28.600000000000136,7,495.74997524809083,-271.8846694479304,7.974792096198071,1.432179269373671
28.600000000000136,8,495.860165797307,-271.0948396354777,7.97431308355389,1.4321792693735815
28.700000000000138,0,495.08869916482104,-276.6246001267124,7.96923178096197,1.4321792693236046
28.700000000000138,1,495.1988128852161,-275.83532101235073,8.006951640837885,1.4321792693376039
28.700000000000138,2,495.3094477943695,-275.04230609277886,8.035811369680324,1.432179269349489
28.700000000000138,3,495.42048146868905,-274.24643288248876,8.055480344021937,1.4321792693588202
28.700000000000138,4,495.53178691624123,-273.44861164118566,8.066072426522823,1.4321792693649606
28.700000000000138,5,495.6432387183737,-272.64974135152636,8.06881696466355,1.43217926936824
28.700000000000138,6,495.75472844276635,-271.85059924060533,8.0661730613579,1.432179269369617
28.700000000000138,7,495.8661816354024,-271.0517189839906,8.061475099756162,1.43217926937022
28.700000000000138,8,495.97756991462546,-270.2533040172649,8.057684018492997,1.432179269370566
28.80000000000014,0,495.19881288520236,-275.83532101235005,8.006951640837949,1.4321792693376507
28.80000000000014,1,495.3094477943555,-275.0423060927783,8.068993568725835,1.4321792693463005
28.80000000000014,2,495.4209399589676,-274.24314649085176,8.116188691772235,1.432179269353972
28.80000000000014,3,495.53308423543575,-273.4393126460431,8.147347869845696,1.432179269360444
28.80000000000014,4,495.6456590493857,-272.63239277121863,8.163515021164358,1.4321792693650495
28.80000000000014,5,495.7584572506331,-271.8238716887459,8.167372841326085,1.432179269367603
28.80000000000014,6,495.87130875675666,-271.0149685246665,8.162884408390411,1.4321792693686186
28.80000000000014,7,495.9840982445993,-270.20650989858876,8.15474796537847,1.4321792693690383
28.80000000000014,8,496.0967753083041,-269.39885711235996,8.147004628168311,1.4321792693694761
28.90000000000014,0,495.30944779434503,-275.04230609277676,8.068993568725931,1.432179269346292
28.90000000000014,1,495.420939958957,-274.2431464908501,7.992696508794801,1.4321792693445576
28.90000000000014,2,495.5313778998566,-273.4515434110011,7.931130649347963,1.4321792693488442
28.90000000000014,3,495.64096516329505,-272.6660378633043,7.887895748935324,1.4321792693573019
28.90000000000014,4,495.74995503467386,-271.88481433485845,7.860079942477113,1.4321792693658426
28.90000000000014,5,495.85856056511847,-271.1063457062178,7.843749137816974,1.4321792693721722
28.90000000000014,6,495.9669404470003,-270.3294944935821,7.835839508128524,1.4321792693757422
28.90000000000014,7,496.0752110387027,-269.55342665702165,7.834435779540633,1.4321792693770539
28.90000000000014,8,496.1834622345851,-268.7774978468674,7.8377891856065505,1.4321792693768574
29.000000000000142,0,495.42093995895425,-274.24314649084783,7.992696508794896,1.4321792693444544
29.000000000000142,1,495.5313778998542,-273.45154341099874,7.962113048393913,1.4321792693532025
29.000000000000142,2,495.64139325815694,-272.6629693416234,7.937389183221872,1.4321792693611342
29.000000000000142,3,495.7510669979822,-271.87684394370535,7.92056119514782,1.4321792693670643
29.000000000000142,4,495.86050821948453,-271.0923852032373,7.909755247524876,1.4321792693705193
29.000000000000142,5,495.9698001313483,-270.308996692498,7.902890974388167,1.4321792693719195
29.000000000000142,6,496.0789971970989,-269.5262880248813,7.898918440316505,1.4321792693720115
29.000000000000142,7,496.18813937292765,-268.74397280022896,7.897877035850659,1.432179269371573
29.000000000000142,8,496.2972671592997,-267.9617607171111,7.899859837675872,1.4321792693711222
29.100000000000144,0,495.53137789983884,-273.45154341099504,7.962113048394028,1.4321792693532376
29.100000000000144,1,495.6413932581414,-272.66296934161954,7.9692370426135115,1.432179269358756
29.100000000000144,2,495.7515070512108,-271.8736897061359,7.974379584730686,1.432179269363416
29.100000000000144,3,495.8616919006171,-271.0839007491512,7.978276287901715,1.432179269366987
29.100000000000144,4,495.97193059215914,-270.29372585955537,7.980065601496429,1.4321792693692115
29.100000000000144,5,496.08219400728404,-269.5033737549041,7.979389173019748,1.4321792693703475
29.100000000000144,6,496.1924480759544,-268.71308864427215,7.977036906143346,1.4321792693708422
29.100000000000144,7,496.30266964251314,-267.9230365040404,7.97479431276793,1.4321792693710083
29.100000000000144,8,496.4128602223586,-267.1332064720571,7.974315137639274,1.4321792693709883
29.200000000000145,0,495.64139325814017,-272.6629693416212,7.969237042613529,1.432179269358861
29.200000000000145,1,495.75150705120956,-271.8736897061376,8.006956054385267,1.4321792693622724
29.200000000000145,2,495.8621420213269,-271.08067434944167,8.035815037513892,1.4321792693651894
29.200000000000145,3,495.9731757463137,-270.2848007758845,8.055483396229082,1.43217926936744
29.200000000000145,4,496.08448123603245,-269.48697923228747,8.06607499248579,1.4321792693688988
29.200000000000145,5,496.1959330736163,-268.6881086884925,8.06881916231176,1.43217926936966
29.200000000000145,6,496.30742282837383,-267.88896635991466,8.066174992497752,1.4321792693700055
29.200000000000145,7,496.4188760476927,-267.0900859120384,8.061476845836108,1.4321792693701898
29.200000000000145,8,496.53026435104186,-266.29167077237935,8.057685631712493,1.4321792693702462
29.300000000000146,0,495.7515070512087,-271.8736897061389,8.006956054385357,1.4321792693622672
29.300000000000146,1,495.86214202132606,-271.0806743494429,8.06899722225345,1.4321792693643536
29.300000000000146,2,495.9736342364056,-270.281514385666,8.116191681914124,1.4321792693661872
29.300000000000146,3,496.08577855418,-269.47768024471,8.147350318158963,1.4321792693677773
29.300000000000146,4,496.1983534019533,-268.67076012740176,8.163517047119253,1.4321792693689304
29.300000000000146,5,496.31115163119057,-267.86223884427636,8.167374552330614,1.4321792693695143
29.300000000000146,6,496.42400316095427,-267.0533355107375,8.162885895738416,1.4321792693697644
29.300000000000146,7,496.536792669347,-266.24487673735155,8.154749300872764,1.4321792693698987
29.300000000000146,8,496.64946975150406,-265.43722381885414,8.147005857014602,1.4321792693700106
29.400000000000148,0,495.8621420213236,-271.0806743494424,8.06899722225351,1.4321792693643445
29.400000000000148,1,495.9736342364032,-270.28151438566556,7.992699485979243,1.4321792693639552
29.400000000000148,2,496.08407221842424,-269.4899110109517,7.931133040616818,1.4321792693650004
29.400000000000148,3,496.1936595148909,-268.70440522642,7.887897666988608,1.432179269367013
29.400000000000148,4,496.30264941276454,-267.92318150800753,7.860081496835533,1.4321792693690596
29.400000000000148,5,496.4112549646839,-267.1447127254214,7.843750425632311,1.4321792693705773
29.400000000000148,6,496.5196348643613,-266.36786138523985,7.835840610698817,1.4321792693714337
29.400000000000148,7,496.6279054713016,-265.59179343948017,7.83443675968534,1.4321792693717499
29.400000000000148,8,496.7361566807311,-264.81586453225225,7.837790082125487,1.4321792693717397
29.50000000000015,0,495.97363423639916,-270.2815143856632,7.992699485979344,1.4321792693639037
29.50000000000015,1,496.0840722184202,-269.4899110109491,7.962115428007157,1.4321792693659994
29.50000000000015,2,496.1940876095928,-268.7013367058936,7.937391049216067,1.43217926936794
29.50000000000015,3,496.303761375196,-267.91521112316514,7.920562651238871,1.4321792693693818
29.50000000000015,4,496.4132026168159,-267.13075223848455,7.909756393409758,1.4321792693702475
29.50000000000015,5,496.522494544513,-266.34736361425576,7.90289189733956,1.432179269370641
29.50000000000015,6,496.63169162301693,-265.5646548552295,7.898919212214701,1.4321792693706525
29.50000000000015,7,496.74083380951254,-264.782339554128,7.89787771121216,1.4321792693705242
29.50000000000015,8,496.8499616052171,-264.00012740412194,7.899860449474069,1.4321792693703994
29.60000000000015,0,496.0840722184132,-269.4899110109465,7.962115428007285,1.432179269365958
29.60000000000015,1,496.19408760958595,-268.70133670589064,7.969238898195415,1.4321792693673543
29.60000000000015,2,496.30420142828785,-267.91205688662797,7.974380993640596,1.4321792693685633
29.60000000000015,3,496.41438629715714,-267.122267790103,7.978277344909303,1.4321792693693924
29.60000000000015,4,496.5246250033023,-266.33209279582024,7.980066396731808,1.4321792693699291
29.60000000000015,5,496.63488842941484,-265.54174061240803,7.979389784338917,1.432179269370221
29.60000000000015,6,496.745142506532,-264.75145544123063,7.977037396627483,1.4321792693703186
29.60000000000015,7,496.85536407986837,-263.96140325242084,7.974794729315185,1.4321792693703763
29.60000000000015,8,496.96555466546994,-263.17157317918236,7.974315507960075,1.432179269370361
29.700000000000152,0,496.1940876095892,-268.7013367058929,7.96923889819545,1.4321792693673545
29.700000000000152,1,496.3042014282913,-267.91205688663,8.006957454059117,1.4321792693681759
29.700000000000152,2,496.414836417744,-267.1190413913089,8.035816052054383,1.4321792693689455
29.700000000000152,3,496.52587015674607,-266.32316771727017,8.055484111630946,1.432179269369505
29.700000000000152,4,496.6371756563479,-265.52534610281907,8.066075489671796,1.4321792693698643
29.700000000000152,5,496.74862750080104,-264.72647550978235,8.068819510245818,1.4321792693700672
29.700000000000152,6,496.86011726036554,-263.9273331467449,8.066175246104024,1.432179269370106
29.700000000000152,7,496.9715704831887,-263.12845267375104,8.061477045071683,1.4321792693701334
29.700000000000152,8,497.0829587892909,-262.3300375143598,8.05768579956639,1.4321792693701694
29.800000000000153,0,496.30420142829337,-267.9120568866317,8.00695745405918,1.4321792693682065
29.800000000000153,1,496.4148364177459,-267.11904139131036,8.06899822866075,1.432179269368704
29.800000000000153,2,496.5263286467278,-266.31988132785773,8.116192359355033,1.43217926936918
29.800000000000153,3,496.6384729738604,-265.516047119807,8.147350744130861,1.4321792693695286
29.800000000000153,4,496.7510478275181,-264.7091269603102,8.163517293775048,1.4321792693697983
29.800000000000153,5,496.86384606016316,-263.9006056527554,8.167374680309008,1.4321792693699846
29.800000000000153,6,496.9766975916946,-263.0917023065415,8.162885952457714,1.4321792693700535
29.800000000000153,7,497.08948710087094,-262.2832435275376,8.154749320009628,1.4321792693700013
29.800000000000153,8,497.2021641832924,-261.47559060714485,8.147005857351811,1.4321792693700761
29.900000000000155,0,496.4148364177456,-267.1190413913106,8.068998228660844,1.4321792693687296
29.900000000000155,1,496.5263286467275,-266.3198813278577,7.9927001563130755,1.4321792693685889
29.900000000000155,2,496.6367666380072,-265.52827788675245,7.931133432894106,1.4321792693688726
29.900000000000155,3,496.746353939891,-264.7427720633692,7.887897850568854,1.4321792693693753
29.900000000000155,4,496.8553438402996,-263.9615483267744,7.860081535595922,1.4321792693699489
29.900000000000155,5,496.96394939275353,-263.18307954034947,7.843750372478873,1.4321792693703328
29.900000000000155,6,497.0723292916968,-262.40622820543246,7.835840506192206,1.4321792693705575
29.900000000000155,7,497.18059989719364,-261.63016027002345,7.8344366318584315,1.4321792693706206
29.900000000000155,8,497.28885110485754,-260.85423137545547,7.837789946040555,1.4321792693705895
30.000000000000156,0,496.5263286467232,-266.3198813278551,7.992700156313167,1.4321792693686373
30.000000000000156,1,496.63676663800277,-265.5282778867502,7.962115814124575,1.4321792693691706
30.000000000000156,2,496.746782034508,-264.73970354345255,7.937391203105464,1.4321792693696453
30.000000000000156,3,496.8564558022359,-263.9535779454829,7.920562634542604,1.4321792693699344
30.000000000000156,4,496.96589704362475,-263.1691190624557,7.9097562622617,1.4321792693701574
30.000000000000156,5,497.0751889695099,-262.385730451216,7.9028916975171555,1.432179269370292
30.000000000000156,6,497.18438604525323,-261.6030217119803,7.898918978056589,1.4321792693702988
30.000000000000156,7,497.29352822851365,-260.8207064340702,7.897877465714626,1.4321792693702977
30.000000000000156,8,497.40265602082616,-260.0384943083784,7.8998602044328585,1.4321792693702458
30.100000000000158,0,496.63676663799765,-265.5282778867478,7.962115814124668,1.4321792693691315
30.100000000000158,1,496.74678203450287,-264.73970354345045,7.969239046793158,1.4321792693694675
30.100000000000158,2,496.85689585525637,-263.9504237094701,7.974380950980672,1.432179269369735
30.100000000000158,3,496.96708072353556,-263.1606346171702,7.978277165380731,1.4321792693699664
30.100000000000158,4,497.0773194271997,-262.3704596406678,7.980066129280486,1.432179269370073
30.100000000000158,5,497.18758284961643,-261.5801074837443,7.979389468217628,1.4321792693701472
30.100000000000158,6,497.2978369223657,-260.78982234387576,7.977037060568279,1.4321792693701658
30.100000000000158,7,497.40805849105885,-259.99977018834954,7.974794391851397,1.4321792693701991
30.100000000000158,8,497.5182490719977,-259.20994014853363,7.974315178041937,1.4321792693701973
30.20000000000016,0,496.746782034508,-264.7397035434529,7.969239046793189,1.4321792693694757
30.20000000000016,1,496.8568958552615,-263.9504237094725,8.00695740689771,1.432179269369716
30.20000000000016,2,496.967530844061,-263.15740821882184,8.035815850005399,1.432179269369879
30.20000000000016,3,497.07856458027055,-262.3615345647942,8.055483802321888,1.4321792693700082
30.20000000000016,4,497.1898700755984,-261.56371298097736,8.066075115425729,1.4321792693700908
30.20000000000016,5,497.3013219148801,-260.7648424250061,8.068819104385248,1.4321792693701463
30.20000000000016,6,497.41281166883675,-259.96570010216544,8.066174832343712,1.4321792693701356
30.20000000000016,7,497.52426488594267,-259.1668196701507,8.06147663801927,1.4321792693701618
30.20000000000016,8,497.6356531864206,-258.3684045510744,8.057685405714222,1.4321792693701587
30.30000000000016,0,496.8568958552645,-263.9504237094741,8.006957406897786,1.432179269369697
30.30000000000016,1,496.96753084406413,-263.1574082188235,8.068998022824557,1.4321792693698212
30.30000000000016,2,497.079023070201,-262.35824817575707,8.11619203068355,1.4321792693699271
30.30000000000016,3,497.1911673927916,-261.55441400025825,8.147350333996755,1.4321792693700328
30.30000000000016,4,497.30374224078184,-260.74749388138116,8.163516838442954,1.4321792693700675
30.30000000000016,5,497.4165404671351,-259.9389726189229,8.167374207748386,1.4321792693701072
30.30000000000016,6,497.52939199213705,-259.1300693195117,8.16288548192477,1.432179269370122
30.30000000000016,7,497.6421814948116,-258.3216105871101,8.154748862685516,1.4321792693701152
30.30000000000016,8,497.75485857091394,-257.5139577120111,8.147005417625284,1.432179269370121
30.400000000000162,0,496.9675308440642,-263.15740821882355,8.068998022824633,1.4321792693698525
30.400000000000162,1,497.0790230702012,-262.3582481757569,7.992699824495505,1.432179269369851
30.400000000000162,2,497.18946105689486,-261.5666447675153,7.931133006273571,1.4321792693699078
30.400000000000162,3,497.29904835288323,-260.7811389863847,7.88789736477417,1.4321792693700233
30.400000000000162,4,497.40803824657877,-259.9999152979032,7.860081021388052,1.4321792693701072
30.400000000000162,5,497.5166437919277,-259.22144656240573,7.843749853028445,1.4321792693701947
30.400000000000162,6,497.6250236836936,-258.4445952789356,7.835839996821973,1.4321792693702138
30.400000000000162,7,497.7332942821525,-257.66852739397507,7.834436140783484,1.4321792693702404
30.400000000000162,8,497.84154548303155,-256.8925985480437,7.8377894758675675,1.432179269370243
30.500000000000163,0,497.07902307019674,-262.3582481757543,7.992699824495595,1.4321792693698532
30.500000000000163,1,497.1894610568904,-261.56664476751286,7.96211538492955,1.4321792693699322
30.500000000000163,2,497.29947644746454,-260.77807046672325,7.937390703425583,1.4321792693700184
30.500000000000163,3,497.40915020828817,-259.99194491824204,7.920562094769189,1.432179269370089
30.500000000000163,4,497.5185914422186,-259.2074860886743,7.909755708190327,1.4321792693701236
30.500000000000163,5,497.6278833604479,-258.42409753231044,7.9028911480463915,1.432179269370152
30.500000000000163,6,497.73708042859914,-257.6413888474948,7.898918445065131,1.432179269370184
30.500000000000163,7,497.84622260449515,-256.85907362237214,7.897876954873029,1.4321792693701558
30.500000000000163,8,497.9553503897495,-256.07686154727446,7.899859716855604,1.4321792693701734
30.600000000000165,0,497.1894610568858,-261.56664476751087,7.96211538492968,1.432179269369899
30.600000000000165,1,497.29947644746005,-260.778070466721,7.969238545044713,1.4321792693700066
30.600000000000165,2,497.40959026128047,-259.9887906824341,7.974380399658537,1.4321792693700999
30.600000000000165,3,497.51977512194145,-259.19900164473745,7.97827659013347,1.4321792693701352
30.600000000000165,4,497.63001381765685,-258.4088267252081,7.980065551454705,1.4321792693701427
30.600000000000165,5,497.74027723208957,-257.61847462551293,7.979388902935889,1.4321792693701294
30.600000000000165,6,497.8505312970284,-256.82818954163037,7.977036516717932,1.4321792693701034
30.600000000000165,7,497.960752858207,-256.0381374399675,7.974793872941732,1.4321792693701296
30.600000000000165,8,498.07094343197576,-255.248307451545,7.974314683954802,1.4321792693701458
30.700000000000166,0,497.29947644746505,-260.7780704667234,7.9692385450447425,1.4321792693700202
30.700000000000166,1,497.40959026128536,-259.9887906824364,8.006956853951529,1.4321792693700242
30.700000000000166,2,497.52022524244427,-259.1957752465501,8.035815265293662,1.432179269370018
30.700000000000166,3,497.63125897057495,-258.3999016504329,8.055483207227779,1.4321792693700668
30.700000000000166,4,497.74256445768003,-257.6020801255545,8.066074527337335,1.4321792693701352
30.700000000000166,5,497.8540162888356,-256.8032096278281,8.068818535112449,1.432179269370134
30.700000000000166,6,497.9655060349265,-256.00406736136847,8.066174288198201,1.4321792693701256
30.700000000000166,7,498.0769592445136,-255.20518698324648,8.061476120695175,1.4321792693701851
30.700000000000166,8,498.18834753784336,-254.40677191540624,8.057684914091396,1.4321792693701685
30.800000000000168,0,497.40959026128877,-259.9887906824382,8.006956853951609,1.4321792693699757
30.800000000000168,1,497.520225242448,-259.1957752465517,8.068997436876266,1.432179269370042
30.800000000000168,2,497.6317174604884,-258.39661526151804,8.116191427970993,1.432179269370076
30.800000000000168,3,497.74386177475105,-257.59278114571214,8.147349732093485,1.43217926937009
30.800000000000168,4,497.8564366144246,-256.7858610864481,8.163516251240171,1.4321792693701558
30.800000000000168,5,497.969234832664,-255.9773398821471,8.16737364417272,1.4321792693701707
30.800000000000168,6,498.08208634987875,-255.1684366385527,8.16288494609122,1.432179269370119
30.800000000000168,7,498.1948758451496,-254.35997795922052,8.15474835478338,1.4321792693701267
30.800000000000168,8,498.307552914234,-253.5523251344246,8.147004935736081,1.4321792693701494
30.90000000000017,0,497.52022524244825,-259.1957752465519,8.06899743687637,1.4321792693700912
30.90000000000017,1,497.63171746048863,-258.39661526151804,7.992699220881429,1.432179269370084
30.90000000000017,2,497.7421554388419,-257.6050119130588,7.931132398374967,1.4321792693700708
30.90000000000017,3,497.8517427264305,-256.8195061921348,7.887896766786071,1.4321792693701052
30.90000000000017,4,497.9607326118633,-256.0382825628787,7.860080444135617,1.4321792693701272
30.90000000000017,5,498.0693381492362,-255.25981388455278,7.843749302950019,1.4321792693701687
30.90000000000017,6,498.17771803340145,-254.48296265556257,7.835839476178993,1.4321792693701814
30.90000000000017,7,498.2859886246664,-253.70689482216687,7.83443564853684,1.4321792693701538
30.90000000000017,8,498.3942398187442,-252.93096602498792,7.837789009478808,1.4321792693701858
31.00000000000017,0,497.6317174604839,-258.3966152615153,7.992699220881511,1.4321792693700046
31.00000000000017,1,497.74215543883724,-257.6050119130563,7.9621147764164,1.4321792693700521
31.00000000000017,2,497.8521708210032,-256.8164376725342,7.937390100858085,1.4321792693700832
31.00000000000017,3,497.9618445735012,-256.0303121837318,7.920561509367989,1.4321792693701254
31.00000000000017,4,498.0712857993426,-255.24585341214282,7.909755148113635,1.432179269370122
31.00000000000017,5,498.1805777098333,-254.46246491124927,7.902890617605016,1.4321792693701627
31.00000000000017,6,498.2897747706555,-253.67975627896902,7.898917944975554,1.4321792693702147
31.00000000000017,7,498.3989169396413,-252.89744110337577,7.897876483112086,1.4321792693702067
31.00000000000017,8,498.508044718377,-252.11522907500176,7.899859270419883,1.4321792693701707
31.100000000000172,0,497.7421554388328,-257.605011913054,7.962114776416523,1.4321792693700641
31.100000000000172,1,497.85217082099894,-256.816437672532,7.969237942106038,1.4321792693700575
31.100000000000172,2,497.9622846264881,-256.02715794796063,7.974379810903037,1.4321792693700646
31.100000000000172,3,498.0724694790141,-255.23736896857497,7.9782760241831845,1.432179269370097
31.100000000000172,4,498.1827081669098,-254.44719410509765,7.980065014167799,1.432179269370136
31.100000000000172,5,498.29297157391863,-253.65684205861584,7.979388396822882,1.4321792693701905
31.100000000000172,6,498.4032256318641,-252.8665570248592,7.977036041225888,1.4321792693701938
31.100000000000172,7,498.5134471864724,-252.0765049702895,7.974793425277968,1.432179269370195
31.100000000000172,8,498.6236377540555,-251.28667502620385,7.974314260784435,1.43217926937017
31.200000000000173,0,497.85217082100405,-256.8164376725346,7.969237942106062,1.4321792693701036
31.200000000000173,1,497.9622846264932,-256.02715794796313,8.006956265028844,1.4321792693700812
31.200000000000173,2,498.0729195995148,-255.2341425704042,8.03581469703942,1.432179269370057
31.200000000000173,3,498.18395331979355,-254.4382690305673,8.055482666012349,1.4321792693701183
31.200000000000173,4,498.2952587994205,-253.6404475592913,8.066074017053783,1.4321792693701836
31.200000000000173,5,498.4067106235254,-252.84157711210383,8.068818056765792,1.4321792693702189
31.200000000000173,6,498.51820036300677,-252.04243489302013,8.066173840210427,1.4321792693702375
31.200000000000173,7,498.6296535664039,-251.2435545592672,8.061475699690826,1.4321792693702378
31.200000000000173,8,498.7410418539163,-250.4451395331235,8.057684516518103,1.4321792693702093
31.300000000000175,0,497.9622846264965,-256.02715794796484,8.006956265028915,1.432179269370112
31.300000000000175,1,498.0729195995181,-255.23414257040577,8.0689968686236,1.4321792693701303
31.300000000000175,2,498.184411809707,-254.43498264165208,8.116190885343162,1.4321792693701587
31.300000000000175,3,498.2965561164719,-253.63114857958868,8.147349219527158,1.4321792693701898
31.300000000000175,4,498.40913094906284,-252.82422857108958,8.163515770966939,1.432179269370209
31.300000000000175,5,498.52192916066633,-252.01570741435518,8.167373195955737,1.432179269370213
31.300000000000175,6,498.6347806716879,-251.20680421515254,8.16288452754253,1.4321792693701947
31.300000000000175,7,498.74757016117536,-250.39834557727377,8.154747962106033,1.4321792693701914
31.300000000000175,8,498.860247224834,-249.5906927913688,8.147004565256395,1.432179269370177
31.400000000000176,0,498.07291959951874,-255.2341425704056,8.068996868623671,1.4321792693701796
31.400000000000176,1,498.18441180970734,-254.43498264165194,7.992698678392554,1.4321792693701552
31.400000000000176,2,498.29484978056456,-253.64337934692142,7.93113188514445,1.4321792693701494
31.400000000000176,3,498.40443706106186,-252.85787367682798,7.887896285606065,1.43217926937016
31.400000000000176,4,498.5134269398458,-252.07665009522853,7.860079995849615,1.432179269370163
31.400000000000176,5,498.62203247102457,-251.29818146130108,7.843748886313672,1.4321792693701543
31.400000000000176,6,498.7304123494332,-250.52133027357493,7.835839088182304,1.4321792693701552
31.400000000000176,7,498.8386829353371,-249.74526247860663,7.834435285099219,1.4321792693701574
31.400000000000176,8,498.9469341243929,-248.9693337174229,7.837788666885558,1.4321792693701658
31.500000000000178,0,498.18441180970285,-254.4349826416494,7.992698678392654,1.4321792693700948
31.500000000000178,1,498.29484978056024,-253.64337934691886,7.9621142634345805,1.4321792693701532
31.500000000000178,2,498.4048651556382,-252.85480515720295,7.937389619633689,1.4321792693701554
31.500000000000178,3,498.5145389014866,-252.06867971606135,7.9205610613101305,1.4321792693701831
31.500000000000178,4,498.62398012113727,-251.28422098884852,7.90975473292217,1.432179269370184
31.500000000000178,5,498.73327202589087,-250.50083252907572,7.902890233234642,1.4321792693701878
31.500000000000178,6,498.84246908140165,-249.71812393486388,7.898917587956999,1.4321792693701063
31.500000000000178,7,498.95161124545484,-248.93580879463005,7.897876149197971,1.4321792693700952
31.500000000000178,8,499.06073901957706,-248.15359679932718,7.899858955920473,1.4321792693701165
31.60000000000018,0,498.2948497805559,-253.6433793469168,7.962114263434699,1.4321792693701718
31.60000000000018,1,498.4048651556337,-252.85480515720081,7.9692374612157835,1.4321792693701396
31.60000000000018,2,498.5149789544782,-252.06552548025715,7.97437936330617,1.432179269370132
31.60000000000018,3,498.6251638008195,-251.27573654520194,7.978275610140414,1.4321792693701152
31.60000000000018,4,498.7354024829942,-250.48556172273186,7.980064632452367,1.4321792693701243
31.60000000000018,5,498.8456658847287,-249.69520971405532,7.979388044769379,1.4321792693701438
31.60000000000018,6,498.9559199378099,-248.90492471516612,7.977035715045583,1.4321792693701698
31.60000000000018,7,499.0661414879111,-248.11487269290166,7.974793120654403,1.432179269370161
31.60000000000018,8,499.1763320512854,-247.32504277898627,7.974313974106188,1.4321792693701574
31.70000000000018,0,498.40486515563896,-252.85480515720334,7.969237461215804,1.4321792693701116
31.70000000000018,1,498.51497895448375,-252.06552548025965,8.006955817830447,1.4321792693701432
31.70000000000018,2,498.625613921326,-251.27251014699158,8.035814283861974,1.4321792693701731
31.70000000000018,3,498.73664763589557,-250.47663664807615,8.055482286177213,1.4321792693702085
31.70000000000018,4,498.84795311027403,-249.6788152144192,8.066073668598918,1.4321792693702111
31.70000000000018,5,498.95940492956424,-248.8799448017431,8.068817736562695,1.4321792693701707
31.70000000000018,6,499.07089466462133,-248.08080261437243,8.06617354426978,1.4321792693701465
31.70000000000018,7,499.18234786392964,-247.28192230992966,8.061475423707723,1.4321792693701672
31.70000000000018,8,499.2937361476288,-246.48350731111964,8.057684257001679,1.4321792693701672
31.800000000000182,0,498.514978954487,-252.06552548026124,8.006955817830532,1.4321792693701725
31.800000000000182,1,498.6256139213295,-251.2725101469931,8.068996455890758,1.432179269370179
31.800000000000182,2,498.73710612581505,-250.47335025911667,8.116190506689051,1.4321792693701514
31.800000000000182,3,498.8492504273481,-249.66951623455554,8.147348873518855,1.4321792693701618
31.800000000000182,4,498.9618252551582,-248.86259626032535,8.163515455074428,1.4321792693701425
31.800000000000182,5,499.07462346239714,-248.05407513487722,8.167372906722619,1.4321792693701718
31.800000000000182,6,499.1874749694221,-247.24517196432055,8.162884260878833,1.43217926937018
31.800000000000182,7,499.3002644552252,-246.4367133528523,8.15474771378391,1.4321792693701747
31.800000000000182,8,499.4129415154524,-245.62906059154136,8.14700433193802,1.4321792693701685
31.900000000000183,0,498.62561392132955,-251.2725101469932,8.068996455890836,1.4321792693701307
31.900000000000183,1,498.73710612581533,-250.47335025911673,7.992698300213617,1.4321792693701547
31.900000000000183,2,498.8475440914474,-249.6817470018413,7.931131540555664,1.4321792693701711
31.900000000000183,3,498.95713136718314,-248.89624136587636,7.887895972582806,1.4321792693701445
31.900000000000183,4,499.0661212416422,-248.11501781527892,7.860079711439139,1.432179269370165
31.900000000000183,5,499.17472676889145,-247.33654920951975,7.843748626846819,1.432179269370196
31.900000000000183,6,499.2831066437145,-246.5596980474914,7.835838849551384,1.432179269370168
31.900000000000183,7,499.3913772263213,-245.78363027615745,7.834435063205639,1.4321792693701272
31.900000000000183,8,499.4996284123111,-245.0077015369503,7.837788458568579,1.4321792693701312
32.000000000000185,0,498.73710612581084,-250.47335025911445,7.99269830021372,1.4321792693701447
32.000000000000185,1,498.8475440914428,-249.68174700183897,7.962113919338378,1.432179269370105
32.000000000000185,2,498.95755946176644,-248.89317284620265,7.937389308201848,1.4321792693701334
32.000000000000185,3,499.06723320331156,-248.10704743590554,7.920560780067959,1.4321792693701343
32.000000000000185,4,499.1766744190762,-247.32258873654698,7.909754478619066,1.4321792693701787
32.000000000000185,5,499.2859663203161,-246.5392003019607,7.902890002085884,1.4321792693701745
32.000000000000185,6,499.39516337263325,-245.75649173064195,7.898917375905053,1.4321792693701445
32.000000000000185,7,499.5043055337563,-244.97417661140992,7.897875952313912,1.4321792693701587
32.000000000000185,8,499.6134333051578,-244.19196463560644,7.899858771237436,1.4321792693701618
32.100000000000186,0,498.8475440914384,-249.68174700183678,7.962113919338497,1.4321792693701454
32.100000000000186,1,498.9575594617619,-248.89317284620049,7.9692371502829715,1.4321792693701232
32.100000000000186,2,499.0676732563103,-248.10389320005183,7.9743790837704065,1.4321792693701285
32.100000000000186,3,499.17785809878905,-247.31410429268195,7.978275359199397,1.4321792693701259
32.100000000000186,4,499.2880967774963,-246.52392949506526,7.980064406664037,1.4321792693701547
32.100000000000186,5,499.398360176111,-245.73357750875107,7.979387840314378,1.4321792693701587
32.100000000000186,6,499.50861422636706,-244.94329253011136,7.977035527971009,1.4321792693701725
32.100000000000186,7,499.6188357738836,-244.1532405263749,7.974792947231221,1.4321792693701372
32.100000000000186,8,499.72902633486177,-243.36341062963552,7.974313811572064,1.4321792693701425
32.20000000000019,0,498.95755946176695,-248.89317284620287,7.969237150282992,1.4321792693701054
32.20000000000019,1,499.0676732563155,-248.1038932000543,8.006955538791114,1.432179269370126
32.20000000000019,2,499.1783082193023,-247.3108778944224,8.035814034694168,1.4321792693701245
32.20000000000019,3,499.289341930429,-246.51500442018465,8.055482063855928,1.4321792693701707
32.20000000000019,4,499.4006474017356,-245.7171830085467,8.066073469580273,1.432179269370192
32.20000000000019,5,499.512099218276,-244.9183126155816,8.068817557059162,1.4321792693701743
32.20000000000019,6,499.6235889508526,-244.1191704459892,8.06617338047576,1.4321792693701356
32.20000000000019,7,499.7350421478979,-243.32029015776857,8.061475272115583,1.4321792693701512
32.20000000000019,8,499.84643042950245,-242.5218751739723,8.057684115059056,1.432179269370153
32.30000000000019,0,499.06767325631876,-248.10389320005586,8.006955538791178,1.4321792693701583
32.30000000000019,1,499.17830821930585,-247.310877894424,8.068996207209478,1.4321792693701494
32.30000000000019,2,499.2898004203554,-246.51171803117728,8.116190286167537,1.4321792693701534
32.30000000000019,3,499.4019447188413,-245.70788402845673,8.147348677998242,1.432179269370208
32.30000000000019,4,499.51451954394963,-244.90096407359107,8.16351528098361,1.432179269370178
32.30000000000019,5,499.627317748783,-244.09244296538498,8.167372750359524,1.4321792693701423
32.30000000000019,6,499.7401692536477,-243.28353981031466,8.162884118617614,1.4321792693701743
32.30000000000019,7,499.85295873748504,-242.4750812129361,8.154747582352396,1.4321792693702116
32.30000000000019,8,499.9656357958963,-241.66742846464226,8.147004208994938,1.4321792693702098
32.40000000000019,0,499.17830821930613,-247.3108778944241,8.068996207209562,1.4321792693701871
32.40000000000019,1,499.2898004203558,-246.5117180311773,7.992698080162903,1.4321792693701596
32.40000000000019,2,499.40023838294724,-245.72011479569576,7.9311313468281375,1.432179269370189
32.40000000000019,3,499.5098256560062,-244.93460917891775,7.887895801960256,1.4321792693701783
32.40000000000019,4,499.6188155281076,-244.15338564521883,7.860079560384428,1.432179269370173
32.40000000000019,5,499.7274210532694,-243.37491705442028,7.843748491785622,1.4321792693701467
32.40000000000019,6,499.8358009262264,-242.59806590576855,7.835838727061292,1.4321792693701434
32.40000000000019,7,499.94407150714085,-241.82199814656602,7.834434950257617,1.4321792693701823
32.40000000000019,8,500.05232269156977,-241.04606941854536,7.837788353030051,1.4321792693701756
32.50000000000019,0,499.289800420351,-246.5117180311749,7.992698080163001,1.4321792693701196
32.50000000000019,1,499.40023838294235,-245.7201147956934,7.962113726061451,1.4321792693701054
32.50000000000019,2,499.5102537505955,-244.93154065919938,7.937389139338759,1.432179269370129
32.50000000000019,3,499.6199274898074,-244.14541526562655,7.920560632402766,1.4321792693701583
32.50000000000019,4,499.7293687035318,-243.360956580893,7.909754348697889,1.4321792693701678
32.50000000000019,5,499.8386606029763,-242.5775681591742,7.90288988649463,1.4321792693701947
32.50000000000019,6,499.9478576536963,-241.79485959930372,7.898917271440724,1.4321792693701512
32.50000000000019,7,500.056999813376,-241.0125444904179,7.8978758561930915,1.432179269370141
32.50000000000019,8,500.16612758344934,-240.23033252413435,7.899858681531025,1.4321792693701396
32.60000000000019,0,499.40023838293854,-245.7201147956913,7.962113726061565,1.432179269370227
32.60000000000019,1,499.5102537505912,-244.93154065919728,7.969236981846938,1.432179269370194
32.60000000000019,2,499.620367542812,-244.14226102973072,7.974378937809635,1.4321792693701454
32.60000000000019,3,499.73055238327396,-243.35247213681689,7.978275232550356,1.4321792693701443
32.60000000000019,4,499.84079106023137,-242.56229735174358,7.980064295994883,1.4321792693701476
32.60000000000019,5,499.951054457317,-241.77194537639014,7.979387742395178,1.4321792693701483
32.60000000000019,6,500.06130850622,-240.98166040744852,7.977035439827786,1.432179269370167
32.60000000000019,7,500.17153005251873,-240.19160841244184,7.974792866324324,1.4321792693702107
32.60000000000019,8,500.2817206123786,-239.40177852371542,7.974313736168418,1.4321792693701787
32.700000000000195,0,499.5102537505964,-244.93154065919947,7.969236981846956,1.4321792693701434
32.700000000000195,1,499.62036754281723,-244.14226102973296,8.006955393231543,1.4321792693701236
32.700000000000195,2,499.73100250379315,-243.34924573851754,8.035813909677975,1.4321792693701707
32.700000000000195,3,499.8420362131922,-242.55337227666155,8.055481956311908,1.4321792693701738
32.700000000000195,4,499.953341683013,-241.75555087567477,8.066073376328372,1.4321792693701632
32.700000000000195,5,500.06479349826463,-240.95668049194538,8.068817475070182,1.432179269370117
32.700000000000195,6,500.1762832297086,-240.1575383304732,8.06617330700897,1.4321792693701063
32.700000000000195,7,500.2877364257388,-239.35865804952894,8.061475204869753,1.4321792693701445
32.700000000000195,8,500.3991247064142,-238.5602430723927,8.057684052487975,1.432179269370163
32.800000000000196,0,499.6203675428209,-244.14226102973458,8.006955393231639,1.4321792693701698
32.800000000000196,1,499.7310025037964,-243.34924573851904,8.0689960825671,1.4321792693701436
32.800000000000196,2,499.84249470312386,-242.55008588761714,8.11619018017237,1.4321792693701596
32.800000000000196,3,499.954639000145,-241.7462518953943,8.147348587702606,1.4321792693701791
32.800000000000196,4,500.0672138240059,-240.9393319494716,8.163515203381056,1.4321792693701672
32.800000000000196,5,500.1800120277669,-240.1308108489513,8.167372682631878,1.4321792693701458
32.800000000000196,6,500.29286353169573,-239.3219077005888,8.162884058257191,1.4321792693701598
32.800000000000196,7,500.40565301469917,-238.51344910918834,8.154747527288297,1.4321792693701645
32.800000000000196,8,500.5183300723498,-237.7057963663481,8.147004157857447,1.432179269370176
32.9000000000002,0,499.7310025037964,-243.34924573851907,8.06899608256718,1.4321792693701147
32.9000000000002,1,499.8424947031239,-242.55008588761703,7.992697974513385,1.4321792693701445
32.9000000000002,2,499.9529326642557,-241.7584826625991,7.93113125798864,1.4321792693701636
32.9000000000002,3,500.06251993608714,-240.97297705461986,7.887895727130003,1.4321792693701902
32.9000000000002,4,500.17150980715445,-240.1917535283322,7.860079496745571,1.4321792693701916
32.9000000000002,5,500.280115331437,-239.41328494383643,7.843748436736174,1.43217926937015
32.9000000000002,6,500.3884952036334,-238.63643380063687,7.835838678322723,1.4321792693701436
32.9000000000002,7,500.4967657838744,-237.86036604626145,7.834434905979155,1.4321792693701711
32.9000000000002,8,500.60501696769165,-237.08443732262614,7.837788312007213,1.4321792693701685
33.0000000000002,0,499.8424947031191,-242.5500858876149,7.9926979745134945,1.4321792693701156
33.0000000000002,1,499.95293266425097,-241.75848266259692,7.962113637539233,1.4321792693701223
33.0000000000002,2,500.06294803068084,-240.9699085348701,7.937389065866246,1.432179269370161
33.0000000000002,3,500.1726217688775,-240.18378314857412,7.920560571342819,1.4321792693701698
33.0000000000002,4,500.28206298175803,-239.3993244698879,7.909754297430542,1.4321792693701485
33.0000000000002,5,500.3913548804944,-238.61593605324643,7.902889842634825,1.4321792693701791
33.0000000000002,6,500.50055193060825,-237.83322749771997,7.8989172329324004,1.4321792693701845
33.0000000000002,7,500.6096940897557,-237.05091239264806,7.8978758213938,1.4321792693701347
33.0000000000002,8,500.71882185934845,-236.26870042981108,7.899858649389783,1.432179269370129
33.1000000000002,0,499.9529326642469,-241.75848266259473,7.962113637539328,1.4321792693701472
33.1000000000002,1,500.0629480306766,-240.96990853486795,7.969236908663588,1.4321792693701103
33.1000000000002,2,500.17306182188617,-240.18062891264952,7.974378878005946,1.432179269370092
33.1000000000002,3,500.28324666152224,-239.39084002565886,7.978275183663889,1.4321792693701862
33.1000000000002,4,500.39348533780384,-238.60066524542722,7.980064255608015,1.4321792693701987
33.1000000000002,5,500.5037487343313,-237.8103132740737,7.979387708337011,1.4321792693702062
33.1000000000002,6,500.61400278276375,-237.02002830850512,7.977035410255683,1.4321792693701965
33.1000000000002,7,500.7242243286537,-236.22997631642727,7.9747928397913235,1.4321792693701618
33.1000000000002,8,500.8344148881472,-235.44014643032875,7.974313711765055,1.4321792693701667
33.2000000000002,0,500.0629480306817,-240.96990853487026,7.969236908663629,1.4321792693701199
33.2000000000002,1,500.1730618218914,-240.18062891265188,8.006955333689637,1.4321792693701312
33.2000000000002,2,500.28369678204456,-239.38761362733337,8.035813861945403,1.4321792693701672
33.2000000000002,3,500.39473049078396,-238.59174017020493,8.055481918107269,1.4321792693701263
33.2000000000002,4,500.5060359600771,-237.793918773002,8.06607334543677,1.432179269370121
33.2000000000002,5,500.61748777490203,-236.99504839233217,8.068817449529224,1.4321792693701207
33.2000000000002,6,500.72897750599304,-236.19590623338954,8.066173285178824,1.4321792693701274
33.2000000000002,7,500.84043070172135,-235.39702595460727,8.061475185485392,1.4321792693701663
33.2000000000002,8,500.95181898212877,-234.59861097939094,8.057684034769476,1.4321792693701658
33.3000000000002,0,500.173061821895,-240.1806289126536,8.0069553336897,1.4321792693701851
33.3000000000002,1,500.2836967820479,-239.3876136273351,8.068996035069832,1.4321792693701874
33.3000000000002,2,500.39518898071896,-238.58845378113713,8.116190143020102,1.4321792693701818
33.3000000000002,3,500.50733327722685,-237.78461979259393,8.14734855879713,1.4321792693702047
33.3000000000002,4,500.6199081006883,-236.977699849534,8.163515180707414,1.432179269370171
33.3000000000002,5,500.73270630413595,-236.16917875125938,8.167372664428344,1.4321792693701614
33.3000000000002,6,500.8455578078133,-235.3602756046996,8.162884043074829,1.4321792693701618
33.3000000000002,7,500.958347290607,-234.55181701480282,8.15474751403011,1.4321792693701427
33.3000000000002,8,501.07102434807433,-233.7441642732758,8.147004145861242,1.4321792693701614
33.400000000000205,0,500.28369678204797,-239.38761362733496,8.068996035069919,1.432179269370161
33.400000000000205,1,500.3951889807192,-238.58845378113705,7.992697937571188,1.432179269370151
33.400000000000205,2,500.50562694134055,-237.7968505597779,7.931131230036339,1.4321792693701614
33.400000000000205,3,500.6152142127857,-237.01134495456702,7.8878957062515855,1.4321792693701954
33.400000000000205,4,500.7242040835648,-236.23012143034722,7.860079481120565,1.432179269370224
33.400000000000205,5,500.83280960763096,-235.45165284739895,7.843748424793927,1.432179269370161
33.400000000000205,6,500.9411894796626,-234.67480170538218,7.835838668792567,1.4321792693701092
33.400000000000205,7,501.04946005977183,-233.89873395195062,7.834434897918161,1.4321792693700814
33.400000000000205,8,501.15771124347793,-233.1228052291137,7.837788304859492,1.432179269370114
33.500000000000206,0,500.3951889807146,-238.58845378113477,7.992697937571287,1.432179269370148
33.500000000000206,1,500.5056269413359,-237.79685055977563,7.962113609773143,1.4321792693701079
33.500000000000206,2,500.61564230738196,-237.00827643479886,7.937389045845221,1.4321792693701227
33.500000000000206,3,500.7253160453024,-236.22215105048573,7.92056055732935,1.432179269370168
33.500000000000206,4,500.83475725798934,-235.43769237318747,7.909754287791147,1.4321792693701896
33.500000000000206,5,500.9440491565922,-234.65430395750093,7.9028898359791535,1.432179269370177
33.500000000000206,6,501.0532462066142,-233.8715954026335,7.898917228154868,1.432179269370196
33.500000000000206,7,501.1623883656957,-233.08928029803482,7.8978758176918005,1.432179269370208
33.500000000000206,8,501.271516135237,-232.30706833556457,7.899858646302733,1.432179269370184
33.60000000000021,0,500.50562694133146,-237.79685055977347,7.962113609773252,1.4321792693701345
33.60000000000021,1,500.61564230737736,-237.0082764347968,7.969236888806488,1.4321792693700863
33.60000000000021,2,500.7257560983129,-236.21899681454505,7.974378864758478,1.4321792693700912
33.60000000000021,3,500.83594093776566,-235.42920792886636,7.978275175461194,1.4321792693700859
33.60000000000021,4,500.9461796139342,-234.63903314944713,7.980064250994562,1.4321792693701405
33.60000000000021,5,501.056443010398,-233.84868117855066,7.979387706091088,1.4321792693701938
33.60000000000021,6,501.16669705879923,-233.05839621320453,7.977035409423612,1.4321792693701718
33.60000000000021,7,501.27691860467786,-232.26834422120905,7.9747928396973125,1.432179269370142
33.60000000000021,8,501.38710916417017,-231.4785143351199,7.974313712033373,1.4321792693701556
33.70000000000021,0,500.61564230738287,-237.0082764347991,7.969236888806508,1.4321792693701831
33.70000000000021,1,500.7257560983182,-236.21899681454735,8.006955320585243,1.4321792693702098
33.70000000000021,2,500.83639105829,-235.42598153052685,8.035813854422138,1.4321792693701916
33.70000000000021,3,500.9474247669258,-234.63010807414344,8.05548191476542,1.4321792693701558
33.70000000000021,4,501.0587302361724,-233.83228667727136,8.066073344988608,1.4321792693701236
33.70000000000021,5,501.1701820509913,-233.03341629664592,8.068817450909624,1.4321792693701443
33.70000000000021,6,501.28167178210134,-232.23427413756664,8.066173287572742,1.4321792693701205
33.70000000000021,7,501.39312497786256,-231.43539385854723,8.061475188330988,1.432179269370173
33.70000000000021,8,501.5045132583095,-230.6369788830491,8.05768403776598,1.4321792693701676
33.80000000000021,0,500.7257560983219,-236.21899681454897,8.006955320585316,1.43217926937026
33.80000000000021,1,500.8363910582936,-235.42598153052825,8.068996027670496,1.4321792693702378
33.80000000000021,2,500.9478832568624,-234.62682168506328,8.116190140276572,1.432179269370197
33.80000000000021,3,501.06002755333213,-233.82298769679178,8.147348559466254,1.4321792693701547
33.80000000000021,4,501.172602376803,-233.0160677536657,8.163515183658351,1.4321792693700959
33.80000000000021,5,501.2854005802916,-232.2075466550987,8.167372668740164,1.4321792693701183
33.80000000000021,6,501.3982520840284,-231.39864350811206,8.162884048058219,1.432179269370173
33.80000000000021,7,501.51104156689087,-230.5901849177217,8.15474751922482,1.4321792693701698
33.80000000000021,8,501.62371862443007,-229.78253217568025,8.147004151032354,1.4321792693701658
33.90000000000021,0,500.8363910582937,-235.4259815305283,8.068996027670593,1.4321792693701367
33.90000000000021,1,500.9478832568626,-234.62682168506322,7.992697934934048,1.4321792693701463
33.90000000000021,2,501.0583212174475,-233.83521846396516,7.931131231228291,1.4321792693701774
33.90000000000021,3,501.16790848890923,-233.04971285863638,7.887895710176521,1.432179269370213
33.90000000000021,4,501.2768983597424,-232.26848933402783,7.86007948679315,1.4321792693701831
33.90000000000021,5,501.3855038838871,-231.49002075051789,7.843748431425181,1.4321792693701432
33.90000000000021,6,501.49388375601046,-230.71316960784426,7.835838675806365,1.432179269370136
33.90000000000021,7,501.6021543362166,-229.9371018537182,7.834434904944251,1.4321792693701523
33.90000000000021,8,501.7104055200193,-229.16117313018538,7.837788311720217,1.4321792693701403
34.00000000000021,0,500.94788325685795,-234.6268216850611,7.992697934934147,1.4321792693701718
34.00000000000021,1,501.05832121744265,-233.83521846396312,7.962113611055535,1.4321792693701858
34.00000000000021,2,501.1683365835064,-233.04664433885932,7.937389050223348,1.4321792693701352
34.00000000000021,3,501.2780103214873,-232.26051895411257,7.920560563844005,1.4321792693701476
34.00000000000021,4,501.38745153426424,-231.476060276169,7.909754295590972,1.4321792693701416
34.00000000000021,5,501.4967434329751,-230.69267185971,7.902889844395023,1.4321792693701214
34.00000000000021,6,501.6059404831135,-229.90996330400912,7.898917236711911,1.4321792693701123
34.00000000000021,7,501.7150826423134,-229.12764819856284,7.897875826098862,1.4321792693701356
34.00000000000021,8,501.8242104119711,-228.34543623525985,7.899858654431578,1.4321792693701414
34.100000000000215,0,501.0583212174385,-233.83521846396098,7.9621136110556465,1.4321792693701227
34.100000000000215,1,501.1683365835024,-233.04664433885725,7.969236893260579,1.4321792693701152
34.100000000000215,2,501.27845037449924,-232.25736471816438,7.974378871662395,1.4321792693701252
34.100000000000215,3,501.3886352140472,-231.4675758318019,7.978275183982335,1.4321792693701103
34.100000000000215,4,501.4988738903335,-230.67740105153868,7.980064260404074,1.432179269370145
34.100000000000215,5,501.6091372869274,-229.88704907971027,7.979387715827959,1.4321792693701376
34.100000000000215,6,501.71939133546323,-229.09676411339981,7.977035419102867,1.4321792693701259
34.100000000000215,7,501.8296128814758,-228.30671212044584,7.974792849096807,1.432179269370115
34.100000000000215,8,501.9398034410978,-227.51688223342572,7.974313721067127,1.4321792693701412
34.200000000000216,0,501.16833658350737,-233.0466443388596,7.969236893260612,1.4321792693701352
34.200000000000216,1,501.27845037450425,-232.2573647181667,8.006955327552213,1.432179269370101
34.200000000000216,2,501.3890853345726,-231.46434943345602,8.03581386327443,1.4321792693701312
34.200000000000216,3,501.5001190433307,-230.6684759761959,8.055481924786644,1.4321792693701496
34.200000000000216,4,501.61142451271564,-229.87065457833145,8.06607335556112,1.4321792693701338
34.200000000000216,5,501.7228763276807,-229.07178419665894,8.068817461569232,1.4321792693701028
34.200000000000216,6,501.83436605893814,-228.27264203652385,8.06617329801377,1.43217926937013
34.200000000000216,7,501.94581925484357,-227.47376175647054,8.06147519839093,1.4321792693701352
34.200000000000216,8,502.0572075354296,-226.67534677997594,8.057684047394671,1.4321792693701483
34.30000000000022,0,501.278450374508,-232.25736471816805,8.006955327552276,1.432179269370156
34.30000000000022,1,501.3890853345762,-231.4643494334574,8.068996036574301,1.4321792693701343
34.30000000000022,2,501.500577533268,-230.66518958711063,8.116190150576372,1.4321792693700997
34.30000000000022,3,501.6127218298806,-229.8613555978192,8.147348570551543,1.4321792693701618
34.30000000000022,4,501.7252966535045,-229.05443565359508,8.163515195011737,1.4321792693702107
34.30000000000022,5,501.83809485714954,-228.24591455390376,8.167372679983655,1.4321792693702275
34.30000000000022,6,501.95094636104176,-227.43701140580347,8.162884058955472,1.432179269370212
34.30000000000022,7,502.06373584405486,-226.62855281433383,8.154747529664505,1.4321792693702
34.30000000000022,8,502.176412901738,-225.82090007125828,8.147004160994186,1.4321792693701825
34.40000000000022,0,501.38908533457635,-231.4643494334576,8.068996036574397,1.4321792693701538
34.40000000000022,1,501.50057753326826,-230.66518958711077,7.992697945275185,1.4321792693701676
34.40000000000022,2,501.6110154939958,-229.87358636498848,7.931131242545031,1.4321792693701785
34.40000000000022,3,501.7206027656138,-229.0880807585389,7.887895721954125,1.4321792693701436
34.40000000000022,4,501.8295926366099,-228.30685723276378,7.860079498604018,1.4321792693701532
34.40000000000022,5,501.93819816091803,-227.528388648084,7.8437484429674385,1.4321792693701756
34.40000000000022,6,502.04657803320043,-226.75153750426722,7.835838686903874,1.4321792693701836
34.40000000000022,7,502.15484861356,-225.97546974904196,7.83443491552907,1.4321792693701734
34.40000000000022,8,502.2630997975091,-225.1995410244607,7.837788321796771,1.4321792693701578
34.50000000000022,0,501.5005775332635,-230.66518958710859,7.992697945275266,1.4321792693701485
34.50000000000022,1,501.6110154939914,-229.8735863649864,7.9621136224046065,1.4321792693701751
34.50000000000022,2,501.7210308602119,-229.0850122387585,7.937389062190301,1.4321792693701998
34.50000000000022,3,501.8307045983579,-228.29888685282666,7.920560576000239,1.4321792693702242
34.50000000000022,4,501.94014581130267,-227.51442817367902,7.909754307588737,1.4321792693701856
34.50000000000022,5,502.0494377101795,-226.73103975603175,7.902889855999157,1.4321792693701803
34.50000000000022,6,502.1586347604778,-225.94833119918155,7.898917247798071,1.4321792693701436
34.50000000000022,7,502.2677769198312,-225.16601609263748,7.897875836635505,1.4321792693701645
34.50000000000022,8,502.3769046896342,-224.38380412829093,7.899858664443173,1.4321792693701663
34.60000000000022,0,501.61101549398677,-229.8735863649842,7.962113622404722,1.432179269370098
34.60000000000022,1,501.7210308602076,-229.08501223875658,7.9692369052521,1.4321792693700697
34.60000000000022,2,501.8311446513702,-228.29573261687605,7.974378883970805,1.4321792693700695
34.60000000000022,3,501.94132949108825,-227.50594372929444,7.978275196255879,1.4321792693700588
34.60000000000022,4,502.0515681675444,-226.71576894781572,7.980064272365486,1.4321792693701307
34.60000000000022,5,502.16183156430344,-225.92541697480257,7.979387727300121,1.4321792693701765
34.60000000000022,6,502.2720856129977,-225.13513200735585,7.977035430005552,1.4321792693701685
34.60000000000022,7,502.38230715916063,-224.345080013322,7.9747928594286295,1.4321792693701676
34.60000000000022,8,502.4924977189255,-223.5552501252786,7.97431373086849,1.432179269370168
34.70000000000022,0,501.7210308602126,-229.0850122387587,7.969236905252128,1.4321792693701
34.70000000000022,1,501.83114465137527,-228.29573261687824,8.006955339878441,1.4321792693701667
34.70000000000022,2,501.94177961161387,-227.50271733094687,8.035813875667447,1.43217926937018
34.70000000000022,3,502.0528133205432,-226.70684387245925,8.055481936962806,1.4321792693701916
34.70000000000022,4,502.16411879009644,-225.90902247338877,8.06607336730492,1.4321792693702289
34.70000000000022,5,502.2755706052235,-225.11015209055304,8.068817472753619,1.4321792693702056
34.70000000000022,6,502.38706033663533,-224.31100992931036,8.066173308595674,1.432179269370173
34.70000000000022,7,502.4985135326871,-223.51212964820894,8.061475208393572,1.4321792693701534
34.70000000000022,8,502.60990181341117,-222.71371467072368,8.057684056870777,1.4321792693701547
34.800000000000225,0,501.83114465137885,-228.2957326168797,8.006955339878527,1.4321792693701967
34.800000000000225,1,501.9417796116173,-227.5027173309483,8.068996048979383,1.432179269370137
34.800000000000225,2,502.05327181048034,-226.70355748337275,8.116190162843516,1.4321792693700837
34.800000000000225,3,502.16541610726244,-225.89972349286634,8.147348582457038,1.4321792693701147
34.800000000000225,4,502.2779909310509,-225.09280354746318,8.163515206393757,1.4321792693701436
34.800000000000225,5,502.39078913485343,-224.28428244664457,8.16737269075788,1.4321792693701565
34.800000000000225,6,502.5036406388944,-223.47537929747716,8.162884069109838,1.4321792693701756
34.800000000000225,7,502.6164301220478,-222.6669207050019,8.154747539241853,1.4321792693701736
34.800000000000225,8,502.7291071798635,-221.8592679609778,8.147004170056478,1.43217926937018
34.900000000000226,0,501.9417796116174,-227.50271733094817,8.068996048979454,1.432179269370111
34.900000000000226,1,502.0532718104809,-226.70355748337272,7.992697957549469,1.4321792693701647
34.900000000000226,2,502.1637097713783,-225.91195426003492,7.931131254516828,1.4321792693702309
34.900000000000226,3,502.27329704316156,-225.12644865239957,7.887895733452047,1.4321792693702138
34.900000000000226,4,502.38228691431624,-224.34522512548583,7.860079509512515,1.4321792693701858
34.900000000000226,5,502.490892438775,-223.5667565397257,7.84374845323832,1.4321792693701478
34.900000000000226,6,502.59927231119974,-222.78990539489172,7.835838696550479,1.432179269370149
34.900000000000226,7,502.70754289169236,-222.01383763871107,7.834434924609564,1.4321792693701347
34.900000000000226,8,502.8157940757672,-221.23790891323057,7.837788330379641,1.43217926937015
35.00000000000023,0,502.0532718104762,-226.70355748337056,7.992697957549557,1.4321792693701347
35.00000000000023,1,502.16370977137353,-225.91195426003281,7.962113634379481,1.4321792693701538
35.00000000000023,2,502.2737251377596,-225.12338013261908,7.937389073733463,1.4321792693701814
35.00000000000023,3,502.3833988760649,-224.33725474554376,7.920560586985592,1.432179269370145
35.00000000000023,4,502.4928400891618,-223.55279606530837,7.909754317940202,1.432179269370146
35.00000000000023,5,502.60213198818155,-222.76940764663587,7.902889865698738,1.43217926937016
35.00000000000023,6,502.71132903861405,-221.98669908882496,7.898917256879594,1.4321792693701831
35.00000000000023,7,502.8204711980924,-221.20438398138126,7.897875845168684,1.432179269370161
35.00000000000023,8,502.92959896801364,-220.42217201618956,7.899858672500743,1.43217926937016
35.10000000000023,0,502.16370977136927,-225.9119542600309,7.9621136343795955,1.4321792693701516
35.10000000000023,1,502.2737251377552,-225.12338013261714,7.96923691679494,1.4321792693701636
35.10000000000023,2,502.3838389290773,-224.33410050959333,7.974378894983458,1.432179269370177
35.10000000000023,3,502.4940237689474,-223.5443116209211,7.978275206651122,1.4321792693701467
35.10000000000023,4,502.6042624455469,-222.75413683841276,7.9800642821005985,1.4321792693701354
35.10000000000023,5,502.7145258424405,-221.96378486443552,7.979387736381967,1.4321792693701423
35.10000000000023,6,502.8247798912607,-221.1734998960894,7.977035438484099,1.4321792693702227
35.10000000000023,7,502.9350014375405,-220.38344790121582,7.974792867381937,1.4321792693702244
35.10000000000023,8,503.04519199741526,-219.59361801238467,7.9743137383716,1.4321792693701823
35.20000000000023,0,502.2737251377603,-225.12338013261925,7.969236916794979,1.4321792693701494
35.20000000000023,1,502.3838389290825,-224.33410050959546,8.006955350888031,1.4321792693701543
35.20000000000023,2,502.4944738894731,-223.54108522257374,8.035813886074997,1.4321792693701285
35.20000000000023,3,502.60550759854624,-222.7452117630553,8.055481946714133,1.432179269370117
35.20000000000023,4,502.7168130682345,-221.94739036301914,8.066073376385123,1.432179269370144
35.20000000000023,5,502.828264883487,-221.14851997928423,8.06881748118969,1.4321792693701803
35.20000000000023,6,502.9397546150155,-220.34937781720595,8.06617331644997,1.4321792693702249
35.20000000000023,7,503.0512078111756,-219.5504975353266,8.061475215749692,1.4321792693702209
35.20000000000023,8,503.16259609200125,-218.75208255711289,8.057684063804464,1.4321792693701973
35.30000000000023,0,502.383838929086,-224.33410050959694,8.006955350888115,1.4321792693701791
35.30000000000023,1,502.49447388947664,-223.54108522257516,8.068996059381696,1.4321792693701472
35.30000000000023,2,502.6059660884837,-222.74192537396934,8.116190172594749,1.432179269370163
35.30000000000023,3,502.71811038540005,-221.93809138249713,8.147348591530747,1.432179269370184
35.30000000000023,4,502.8306852093139,-221.1311714361953,8.163515214797913,1.43217926937018
35.30000000000023,5,502.9434834132326,-220.32265033454428,8.167372698535504,1.432179269370154
35.30000000000023,6,503.05633491738126,-219.51374718460653,8.162884076332357,1.4321792693701596
35.30000000000023,7,503.16912440063464,-218.70528859141604,8.154747545996065,1.4321792693701934
35.30000000000023,8,503.28180145854344,-217.89763584672292,8.147004176417498,1.4321792693701905
35.40000000000023,0,502.4944738894769,-223.5410852225751,8.068996059381753,1.432179269370176
35.40000000000023,1,502.60596608848374,-222.74192537396937,7.992697967293734,1.4321792693701627
35.40000000000023,2,502.7164040495157,-221.95032214966642,7.931131263580311,1.4321792693701398
35.40000000000023,3,502.82599132142445,-221.16481654113335,7.887895741831312,1.4321792693701514
35.40000000000023,4,502.9349811926951,-220.3835930133897,7.860079517234054,1.4321792693701638
35.40000000000023,5,503.04358671726055,-219.60512442686488,7.843748460357482,1.432179269370176
35.40000000000023,6,503.15196658978346,-218.82827328132575,7.835838703144963,1.4321792693701703
35.40000000000023,7,503.2602371703671,-218.0522055244921,7.834434930767415,1.432179269370133
35.40000000000023,8,503.36848835452713,-217.27627679840174,7.837788336174316,1.4321792693701423
35.500000000000234,0,502.6059660884791,-222.74192537396746,7.99269796729384,1.4321792693701303
35.500000000000234,1,502.7164040495112,-221.9503221496645,7.96211364343474,1.4321792693701794
35.500000000000234,2,502.82641941602236,-221.16174802135387,7.937389082094419,1.4321792693701894
35.500000000000234,3,502.9360931544432,-220.37562263345058,7.920560594667616,1.4321792693701503
35.500000000000234,4,503.0455343676461,-219.59116395245417,7.909754324984482,1.4321792693701214
35.500000000000234,5,503.15482626676317,-218.80777553308397,7.902889872169771,1.432179269370136
35.500000000000234,6,503.26402331728514,-218.02506697463232,7.89891726285898,1.4321792693701378
35.500000000000234,7,503.3731654768462,-217.24275186659645,7.897875850744114,1.4321792693701103
35.500000000000234,8,503.48229324684445,-216.46053990085258,7.899858677743136,1.4321792693701232
35.600000000000236,0,502.7164040495068,-221.95032214966236,7.962113643434853,1.4321792693701938
35.600000000000236,1,502.82641941601787,-221.16174802135177,7.969236925146765,1.4321792693701811
35.600000000000236,2,502.93653320745534,-220.37246839750085,7.974378902640899,1.4321792693701623
35.600000000000236,3,503.04671804743134,-219.5826795080702,7.978275213644626,1.4321792693701287
35.600000000000236,4,503.1569567241276,-218.7925047248693,7.98006428848264,1.4321792693701494
35.600000000000236,5,503.2672201211094,-218.00215275025994,7.979387742223509,1.4321792693701278
35.600000000000236,6,503.3774741700099,-217.21186778133526,7.977035443868627,1.4321792693701108
35.600000000000236,7,503.4876957163645,-216.4218157859284,7.974792872395454,1.432179269370088
35.600000000000236,8,503.59788627630866,-215.63198589660072,7.974313743081858,1.4321792693701245
35.70000000000024,0,502.8264194160233,-221.16174802135393,7.969236925146789,1.432179269370196
35.70000000000024,1,502.93653320746057,-220.37246839750296,8.006955358535748,1.4321792693701836
35.70000000000024,2,503.04716816795684,-219.57945310972374,8.035813893039176,1.4321792693701618
35.70000000000024,3,503.1582018771262,-218.78357964951573,8.055481953037017,1.4321792693701383
35.70000000000024,4,503.26950734690166,-217.98575824885333,8.066073382127573,1.4321792693701476
35.70000000000024,5,503.3809591622337,-217.18688786454956,8.068817486426804,1.4321792693701627
35.70000000000024,6,503.4924488938345,-216.38774570195267,8.066173321265442,1.4321792693701678
35.70000000000024,7,503.6039020900613,-215.58886541959637,8.061475220226825,1.4321792693701614
35.70000000000024,8,503.71529037094894,-214.7904504409391,8.057684068007347,1.4321792693701616
35.80000000000024,0,502.9365332074644,-220.3724683975044,8.006955358535828,1.4321792693702515
35.80000000000024,1,503.04716816796054,-219.5794531097251,8.068996066335824,1.4321792693702529
35.80000000000024,2,503.15866036706336,-218.7802932604306,8.116190178884944,1.432179269370167
35.80000000000024,3,503.2708046640667,-217.97645926833536,8.147348597208167,1.4321792693700885
35.80000000000024,4,503.3833794880593,-217.16953932147132,8.163515219929268,1.4321792693701452
35.80000000000024,5,503.4961776920488,-216.36101821931206,8.167372703198087,1.432179269370208
35.80000000000024,6,503.6090291962617,-215.55211506891263,8.162884080608734,1.432179269370169
35.80000000000024,7,503.7218186795741,-214.74365647529842,8.154747549966006,1.4321792693701973
35.80000000000024,8,503.8344957375378,-213.9360037302123,8.147004180141147,1.4321792693701842
35.90000000000024,0,503.04716816796076,-219.57945310972505,8.068996066335892,1.4321792693701232
35.90000000000024,1,503.15866036706393,-218.78029326043068,7.992697973573767,1.4321792693701254
35.90000000000024,2,503.26909832818257,-217.98869003550575,7.9311312692227816,1.4321792693701598
35.90000000000024,3,503.3786856001691,-217.203184426414,7.887895746893864,1.432179269370161
35.90000000000024,4,503.4876754715099,-216.42196089816883,7.860079521787119,1.4321792693701674
35.90000000000024,5,503.5962809961382,-215.64349231119303,7.84374846447892,1.4321792693701507
35.90000000000024,6,503.70466086871795,-214.86664116524568,7.835838706915126,1.4321792693701543
35.90000000000024,7,503.8129314493539,-214.09057340803864,7.83443493426196,1.4321792693701338
35.90000000000024,8,503.9211826335621,-213.31464468160218,7.837788339449177,1.432179269370145
36.00000000000024,0,503.1586603670594,-218.78029326042878,7.992697973573869,1.4321792693702453
36.00000000000024,1,503.2690983281778,-217.9886900355039,7.962113649067116,1.4321792693701958
36.00000000000024,2,503.3791136947669,-217.20011590663538,7.937389087120751,1.4321792693701756
36.00000000000024,3,503.4887874332573,-216.41399051823421,7.920560599149884,1.4321792693701678
36.00000000000024,4,503.598228646522,-215.629531836794,7.909754328995057,1.4321792693701325
36.00000000000024,5,503.70752054569454,-214.84614341702655,7.902889875785755,1.4321792693701418
36.00000000000024,6,503.8167175962666,-214.06343485821677,7.898917266157662,1.432179269370142
36.00000000000024,7,503.9258597558732,-213.2811197498542,7.897875853796599,1.4321792693701716
36.00000000000024,8,504.0349875259133,-212.49890778380808,7.899858680601064,1.4321792693701736
36.10000000000024,0,503.26909832817347,-217.98869003550175,7.96211364906721,1.4321792693701114
36.10000000000024,1,503.37911369476245,-217.2001159066334,7.969236930163176,1.4321792693701154
36.10000000000024,2,503.4892274862692,-216.4108362822856,7.974378907086449,1.4321792693701472
36.10000000000024,3,503.5994123263068,-215.62104739241474,7.978275217583878,1.4321792693701785
36.10000000000024,4,503.7096510030571,-214.83087260882368,7.9800642919883895,1.4321792693701338
36.10000000000024,5,503.8199144000875,-214.04052063386703,7.979387745371025,1.4321792693701896
36.10000000000024,6,503.93016844903156,-213.25023566463057,7.977035446731491,1.4321792693701787
36.10000000000024,7,504.0403899954255,-212.46018366894015,7.97479287503994,1.4321792693701494
36.10000000000024,8,504.1505805554062,-211.67035377935062,7.974313745555324,1.43217926937015
36.200000000000244,0,503.3791136947674,-217.20011590663557,7.969236930163224,1.4321792693700188
36.200000000000244,1,503.4892274862747,-216.4108362822879,8.006955362971741,1.4321792693700939
36.200000000000244,2,503.5998624468323,-215.61782099406915,8.035813896941923,1.4321792693701227
36.200000000000244,3,503.7108961560555,-214.82194753347463,8.055481956472162,1.432179269370177
36.200000000000244,4,503.8222016258784,-214.02412613247188,8.066073385167115,1.432179269370193
36.200000000000244,5,503.93365344125243,-213.2252557478671,8.068817489143356,1.432179269370181
36.200000000000244,6,504.0451431728906,-212.4261135850011,8.06617332372841,1.4321792693701734
36.200000000000244,7,504.15659636915154,-211.62723330240078,8.061475222497505,1.4321792693701647
36.200000000000244,8,504.26798465007056,-210.82881832351885,8.05768407012885,1.4321792693701478
36.300000000000246,0,503.48922748627814,-216.41083628228904,8.006955362971809,1.4321792693702668
36.300000000000246,1,503.59986244683535,-215.6178209940705,8.068996070229398,1.4321792693701856
36.300000000000246,2,503.71135464599246,-214.81866114439038,8.116190182284269,1.4321792693701143
36.300000000000246,3,503.82349894304286,-214.0148271519584,8.147348600178756,1.432179269370113
36.300000000000246,4,503.9360737670764,-213.20790720480016,8.163515222541374,1.4321792693701751
36.300000000000246,5,504.04887197110196,-212.39938610238224,8.167372705520982,1.4321792693702204
36.300000000000246,6,504.1617234753469,-211.59048295175276,8.162884082707325,1.4321792693702105
36.300000000000246,7,504.274512958688,-210.7820243579307,8.154747551896586,1.4321792693701831
36.300000000000246,8,504.3871900166785,-209.97437161265327,8.14700418194268,1.4321792693701871
36.40000000000025,0,503.59986244683614,-215.61782099407046,8.068996070229481,1.432179269370193
36.40000000000025,1,503.7113546459931,-214.81866114439038,7.992697976964434,1.4321792693702016
36.40000000000025,2,503.8217926071584,-214.02705791912973,7.931131272158756,1.4321792693701567
36.40000000000025,3,503.9313798791856,-213.24155230974702,7.887895749439489,1.4321792693701703
36.40000000000025,4,504.04036975056147,-212.4603287812498,7.860079524010101,1.432179269370182
36.40000000000025,5,504.14897527522066,-211.6818601940538,7.843748466444736,1.432179269370205
36.40000000000025,6,504.25735514782747,-210.9050090479119,7.8358387086840064,1.432179269370185
36.40000000000025,7,504.36562572848794,-210.1289412905296,7.834434935885241,1.432179269370185
36.40000000000025,8,504.47387691271825,-209.35301256393228,7.83778834096184,1.432179269370183
36.50000000000025,0,503.71135464598837,-214.81866114438836,7.992697976964537,1.4321792693701987
36.50000000000025,1,503.8217926071539,-214.02705791912763,7.962113651994944,1.4321792693702198
36.50000000000025,2,503.9318079737832,-213.23848378996928,7.937389089633239,1.432179269370213
36.50000000000025,3,504.04148171230827,-212.45235840131937,7.9205606013094485,1.4321792693701756
36.50000000000025,4,504.15092292560297,-211.66789971966534,7.909754330866223,1.4321792693701605
36.50000000000025,5,504.2602148248012,-210.88451129971253,7.902889877429917,1.432179269370134
36.50000000000025,6,504.36941187539605,-210.10180274073974,7.898917267630264,1.4321792693701232
36.50000000000025,7,504.4785540350231,-209.31948763223136,7.897875855144136,1.432179269370165
36.50000000000025,8,504.5876818050819,-208.53727566605176,7.899858681854731,1.4321792693701514
36.60000000000025,0,503.821792607149,-214.02705791912575,7.962113651995061,1.432179269370152
36.60000000000025,1,503.9318079737785,-213.23848378996738,7.969236932668119,1.4321792693701472
36.60000000000025,2,504.04192176531967,-212.4492041653715,7.974378909214608,1.4321792693700717
36.60000000000025,3,504.1521066053869,-211.6594152752898,7.978275219395116,1.4321792693700734
36.60000000000025,4,504.26234528216264,-210.86924049151938,7.9800642935436565,1.432179269370144
36.60000000000025,5,504.37260867921447,-210.07888851640877,7.979387746727409,1.4321792693702138
36.60000000000025,6,504.48286272817705,-209.28860354703795,7.977035447939683,1.4321792693702067
36.60000000000025,7,504.59308427458797,-208.49855155122793,7.97479287614175,1.4321792693701387
36.60000000000025,8,504.7032748345838,-207.70872166152927,7.974313746578361,1.4321792693701432
36.70000000000025,0,503.9318079737841,-213.23848378996956,7.969236932668151,1.4321792693701791
36.70000000000025,1,504.0419217653253,-212.4492041653736,8.006955365092903,1.4321792693701876
36.70000000000025,2,504.15255672591206,-211.65618887694495,8.035813898723653,1.4321792693701394
36.70000000000025,3,504.2635904351601,-210.8603154161739,8.05548195797127,1.432179269370125
36.70000000000025,4,504.3748959050038,-210.06249401502282,8.066073386440697,1.4321792693701236
36.70000000000025,5,504.4863477203955,-209.26362363029182,8.068817490244058,1.4321792693701427
36.70000000000025,6,504.59783745204896,-208.4644814673168,8.066173324702284,1.4321792693701392
36.70000000000025,7,504.7092906483232,-207.6656011846202,8.061475223381874,1.432179269370117
36.70000000000025,8,504.8206789292546,-206.86718620565046,8.057684070948003,1.4321792693701365
36.80000000000025,0,504.04192176532916,-212.449204165375,8.006955365092974,1.4321792693702413
36.80000000000025,1,504.15255672591593,-211.6561888769463,8.0689960720047,1.4321792693702302
36.80000000000025,2,504.26404892509726,-210.85702902709045,8.11619018375586,1.432179269370177
36.80000000000025,3,504.37619322216796,-210.05319503451278,8.14734860140009,1.4321792693701394
36.80000000000025,4,504.4887680462183,-209.2462750872335,8.163515223565522,1.432179269370156
36.80000000000025,5,504.6015662502582,-208.43775398471416,8.167372706396158,1.4321792693701991
36.80000000000025,6,504.71441775451507,-207.62885083399794,8.162884083475063,1.432179269370208
36.80000000000025,7,504.82720723786707,-206.8203922400998,8.154747552589999,1.432179269370205
36.80000000000025,8,504.93988429586705,-206.0127394947537,8.147004182582915,1.4321792693701938
36.900000000000254,0,504.15255672591604,-211.65618887694626,8.068996072004772,1.4321792693701858
36.900000000000254,1,504.2640489250974,-210.85702902709033,7.992697978430187,1.4321792693701867
36.900000000000254,2,504.37448688628325,-210.06542580168448,7.931131273354664,1.4321792693701847
36.900000000000254,3,504.4840741583271,-209.27992019218345,7.887895750415449,1.432179269370157
36.900000000000254,4,504.59306402971606,-208.49869666358956,7.860079524815033,1.432179269370156
36.900000000000254,5,504.7016695543864,-207.72022807631376,7.843748467122518,1.4321792693701818
36.900000000000254,6,504.81004942700287,-206.94337693010476,7.835838709271812,1.432179269370157
36.900000000000254,7,504.91832000767135,-206.1673091726641,7.834434936412227,1.4321792693701376
36.900000000000254,8,505.0265711919094,-205.39138044601475,7.837788341446302,1.4321792693701543
37.000000000000256,0,504.26404892509305,-210.85702902708852,7.99269797843029,1.432179269370189
37.000000000000256,1,504.37448688627876,-210.06542580168258,7.962113653185579,1.4321792693701911
37.000000000000256,2,504.4845022529245,-209.2768516724061,7.9373890905858335,1.4321792693701736
37.000000000000256,3,504.5941759914629,-208.4907262836619,7.920560602070215,1.4321792693701254
37.000000000000256,4,504.7036172047682,-207.70626760193238,7.909754331479956,1.4321792693701285
37.000000000000256,5,504.81290910397496,-206.9228791819188,7.9028898779362375,1.4321792693701505
37.000000000000256,6,504.92210615457657,-206.14017062289602,7.898917268062266,1.4321792693701327
37.000000000000256,7,505.0312483142095,-205.35785551434486,7.897875855527275,1.4321792693701192
37.000000000000256,8,505.14037608427384,-204.5756435481273,7.899858682204695,1.432179269370125
37.10000000000026,0,504.3744868862742,-210.06542580168056,7.962113653185668,1.432179269370176
37.10000000000026,1,504.4845022529201,-209.2768516724043,7.969236933615966,1.4321792693701705
37.10000000000026,2,504.5946160444746,-208.48757204771465,7.974378909954111,1.4321792693701658
37.10000000000026,3,504.7048008845517,-207.69778315755968,7.978275219968715,1.4321792693701476
37.10000000000026,4,504.81503956133514,-206.90760837373247,7.980064293992084,1.4321792693701367
37.10000000000026,5,504.92530295839333,-206.11725639857724,7.979387747086206,1.4321792693701498
37.10000000000026,6,505.0355570073611,-205.32697142917095,7.977035448238074,1.4321792693701556
37.10000000000026,7,505.14577855377604,-204.53691943333143,7.9747928764017875,1.4321792693701563
37.10000000000026,8,505.2559691137753,-203.74708954360705,7.974313746813358,1.4321792693701627
37.20000000000026,0,504.48450225292504,-209.27685167240617,7.969236933615999,1.4321792693700548
37.20000000000026,1,504.5946160444796,-208.48757204771653,8.006955365828166,1.4321792693700526
37.20000000000026,2,504.70525100507706,-207.69455675921515,8.035813899277981,1.432179269370129
37.20000000000026,3,504.81628471433277,-206.89868329838907,8.055481958383414,1.4321792693701918
37.20000000000026,4,504.9275901841817,-206.1008618971972,8.06607338674742,1.4321792693701663
37.20000000000026,5,505.03904199957765,-205.30199151243585,8.068817490477054,1.4321792693701423
37.20000000000026,6,505.15053173123437,-204.50284934943784,8.06617332488714,1.4321792693701618
37.20000000000026,7,505.2619849275112,-203.70396906672295,8.061475223537535,1.432179269370173
37.20000000000026,8,505.3733732084446,-202.9055540877378,8.057684071085628,1.4321792693701658
37.30000000000026,0,504.5946160444836,-208.48757204771812,8.006955365828235,1.4321792693702216
37.30000000000026,1,504.7052510050806,-207.6945567592165,8.06899607255529,1.4321792693702038
37.30000000000026,2,504.81674320426947,-206.895396909306,8.116190184150712,1.432179269370161
37.30000000000026,3,504.92888750134574,-206.0915629166892,8.147348601674306,1.4321792693701438
37.30000000000026,4,505.04146232539983,-205.28464296938284,8.163515223752064,1.4321792693701503
37.30000000000026,5,505.1542605294422,-204.476121866845,8.167372706523063,1.432179269370161
37.30000000000026,6,505.267112033701,-203.66721871611617,8.162884083564574,1.4321792693701667
37.30000000000026,7,505.37990151705407,-202.85876012220928,8.154747552658236,1.4321792693701902
37.30000000000026,8,505.49257857505495,-202.05110737685635,8.147004182639119,1.4321792693701656
37.40000000000026,0,504.7052510050808,-207.69455675921637,8.068996072555361,1.432179269370173
37.40000000000026,1,504.8167432042697,-206.89539690930596,7.992697978821736,1.4321792693701672
37.40000000000026,2,504.92718116546087,-206.10379368386123,7.931131273613426,1.4321792693701445
37.40000000000026,3,505.0367684375084,-205.31828807433465,7.8878957505730245,1.4321792693701303
37.40000000000026,4,505.14575830889976,-204.53706454572512,7.860079524900772,1.432179269370156
37.40000000000026,5,505.25436383357135,-203.75859595844105,7.84374846716103,1.4321792693701516
37.40000000000026,6,505.36274370618804,-202.981744812228,7.835838709282288,1.4321792693701336
37.40000000000026,7,505.4710142868568,-202.2056770547864,7.83443493640822,1.4321792693701196
37.40000000000026,8,505.5792654710945,-201.42974832813735,7.8377883414353295,1.43217926937013
37.50000000000026,0,504.816743204265,-206.89539690930377,7.992697978821825,1.4321792693701483
37.50000000000026,1,504.9271811654562,-206.10379368385924,7.96211365344145,1.4321792693701278
37.50000000000026,2,505.0371965321058,-205.3152195545576,7.937389090729709,1.4321792693701578
37.50000000000026,3,505.14687027064605,-204.5290941657991,7.9205606021303225,1.4321792693701276
37.50000000000026,4,505.25631148395206,-203.74463548406362,7.909754331482259,1.432179269370172
37.50000000000026,5,505.3656033831589,-202.96124706404987,7.902889877902189,1.4321792693701498
37.50000000000026,6,505.47480043376027,-202.17853850503042,7.898917268008219,1.4321792693701276
37.50000000000026,7,505.5839425933925,-201.39622339648466,7.897875855464502,1.4321792693701
37.50000000000026,8,505.6930703634559,-200.6140114302732,7.8998586821391985,1.4321792693701358
37.600000000000264,0,504.92718116545194,-206.10379368385776,7.9621136534415715,1.4321792693701059
37.600000000000264,1,505.03719653210135,-205.31521955455582,7.969236933757351,1.432179269370129
37.600000000000264,2,505.1473103236581,-204.5259399298521,7.9743789100021525,1.432179269370165
37.600000000000264,3,505.25749516373554,-203.7361510396925,7.9782752199484825,1.432179269370192
37.600000000000264,4,505.36773384051884,-202.94597625586715,7.980064293926368,1.4321792693701878
37.600000000000264,5,505.47799723757566,-202.1556242807186,7.979387746993537,1.4321792693701278
37.600000000000264,6,505.5882512865423,-201.3653393113216,7.977035448132291,1.4321792693701205
37.600000000000264,7,505.698472832956,-200.57528731549235,7.974792876292103,1.4321792693701414
37.600000000000264,8,505.8086633929538,-199.78545742577882,7.974313746704436,1.4321792693701412
37.700000000000266,0,505.03719653210624,-205.31521955455796,7.969236933757395,1.4321792693701214
37.700000000000266,1,505.1473103236631,-204.5259399298542,8.006955365874084,1.432179269370133
37.700000000000266,2,505.2579452842608,-203.73292464134818,8.035813899247252,1.4321792693701323
37.700000000000266,3,505.368978993516,-202.93705118052526,8.05548195829812,1.4321792693701645
37.700000000000266,4,505.480284463364,-202.13922977934175,8.066073386627394,1.4321792693701592
37.700000000000266,5,505.5917362787582,-201.34035939459224,8.06881749033816,1.4321792693701698
37.700000000000266,6,505.7032260104131,-200.54121723160787,8.066173324740927,1.4321792693701674
37.700000000000266,7,505.8146792066877,-199.74233694890745,8.061475223391419,1.4321792693701463
37.700000000000266,8,505.92606748761915,-198.94392196993687,8.057684070943115,1.432179269370142
37.80000000000027,0,505.14731032366683,-204.52593992985538,8.006955365874136,1.4321792693702342
37.80000000000027,1,505.2579452842643,-203.7329246413493,8.068996072522722,1.4321792693702085
37.80000000000027,2,505.36943748345294,-202.93376479144203,8.11619018405627,1.4321792693702475
37.80000000000027,3,505.48158178052785,-202.12993079883466,8.14734860153732,1.4321792693702404
37.80000000000027,4,505.59415660457967,-201.32301085154182,8.163515223589654,1.4321792693702033
37.80000000000027,5,505.70695480862,-200.51448974902007,8.16737270634867,1.432179269370173
37.80000000000027,6,505.8198063128766,-199.7055865983085,8.16288408338771,1.4321792693701272
37.80000000000027,7,505.9325957962274,-198.89712800441924,8.154747552484697,1.4321792693701332
37.80000000000027,8,506.04527285422614,-198.08947525908357,8.147004182471434,1.4321792693701458
37.90000000000027,0,505.25794528426445,-203.73292464134954,8.068996072522818,1.4321792693701578
37.90000000000027,1,505.36943748345317,-202.93376479144217,7.9926979787258015,1.4321792693701147
37.90000000000027,2,505.4798754446431,-202.14216156600696,7.931131273468646,1.432179269370121
37.90000000000027,3,505.5894627166886,-201.35665595649462,7.887895750396137,1.4321792693701516
37.90000000000027,4,505.69845258807743,-200.57543242790263,7.860079524706433,1.4321792693701756
37.90000000000027,5,505.8070581127462,-199.79696384063766,7.843748466960489,1.4321792693701831
37.90000000000027,6,505.9154379853603,-199.0201126944447,7.835838709083259,1.4321792693701931
37.90000000000027,7,506.02370856602624,-198.2440449370227,7.834434936215105,1.4321792693701787
37.90000000000027,8,506.1319597502612,-197.46811621039274,7.837788341249806,1.4321792693701842
38.00000000000027,0,505.3694374834481,-202.93376479144018,7.992697978725891,1.4321792693700504
38.00000000000027,1,505.47987544463837,-202.14216156600511,7.962113653295394,1.4321792693700781
38.00000000000027,2,505.5898908112858,-201.35358743671796,7.937389090546172,1.432179269370113
38.00000000000027,3,505.6995645498237,-200.56746204797747,7.920560601923703,1.432179269370139
38.00000000000027,4,505.8090057631267,-199.78300336626256,7.909754331264951,1.432179269370181
38.00000000000027,5,505.9182976623307,-198.9996149462703,7.9028898776835,1.4321792693702244
38.00000000000027,6,506.0274947129286,-198.21690638727245,7.898917267794242,1.4321792693701765
38.00000000000027,7,506.136636872558,-197.4345912787479,7.8978758552584525,1.432179269370186
38.00000000000027,8,506.24576464261844,-196.65237931255697,7.899858681942043,1.4321792693701734
38.10000000000027,0,505.4798754446338,-202.14216156600327,7.962113653295506,1.4321792693701223
38.10000000000027,1,505.58989081128135,-201.35358743671608,7.969236933572782,1.4321792693700963
38.10000000000027,2,505.70000460283507,-200.5643078120307,7.974378909789963,1.432179269370097
38.10000000000027,3,505.8101894429102,-199.7745189218919,7.978275219720919,1.4321792693701298
38.10000000000027,4,505.9204281196902,-198.98434413808917,7.980064293693797,1.43217926937014
38.10000000000027,5,506.0306915167439,-198.19399216296375,7.979387746763529,1.4321792693701152
38.10000000000027,6,506.14094556570734,-197.4037071935893,7.9770354479095404,1.4321792693700661
38.10000000000027,7,506.2511671121179,-196.61365519778226,7.974792876078808,1.43217926937007
38.10000000000027,8,506.36135767211294,-195.82382530808974,7.9743137465009495,1.4321792693701023
38.20000000000027,0,505.5898908112868,-201.3535874367181,7.969236933572813,1.4321792693701965
38.20000000000027,1,505.7000046028406,-200.5643078120326,8.006955365661039,1.4321792693701916
38.20000000000027,2,505.81063956343525,-199.7712925235477,8.035813899015018,1.432179269370164
38.20000000000027,3,505.92167327268714,-198.97541906274773,8.05548195805703,1.4321792693701578
38.20000000000027,4,506.03297874253195,-198.1775976615882,8.066073386386023,1.4321792693701447
38.20000000000027,5,506.1444305579229,-197.3787272768627,8.068817490102512,1.432179269370125
38.20000000000027,6,506.2559202895744,-196.57958511390163,8.066173324514509,1.4321792693701534
38.20000000000027,7,506.3673734858463,-195.7807048312236,8.061475223175535,1.432179269370185
38.20000000000027,8,506.47876176677454,-194.98228985227433,8.057684070737631,1.4321792693701714
38.300000000000274,0,505.7000046028445,-200.5643078120338,8.0069553656611,1.4321792693702278
38.300000000000274,1,505.8106395634388,-199.77129252354888,8.06899607228986,1.4321792693701794
38.300000000000274,2,505.9221317626242,-198.9721326736647,8.116190183811426,1.432179269370196
38.300000000000274,3,506.03427605969586,-198.16829868108164,8.147348601289067,1.432179269370208
38.300000000000274,4,506.14685088374443,-197.3613787338133,8.163515223344953,1.4321792693702045
38.300000000000274,5,506.2596490877811,-196.55285763131582,8.167372706112193,1.432179269370177
38.300000000000274,6,506.3725005920343,-195.74395448062762,8.162884083161892,1.4321792693701334
38.300000000000274,7,506.4852900753821,-194.93549588676063,8.154747552270141,1.4321792693701636
38.300000000000274,8,506.59796713337784,-194.12784314144614,8.1470041822676,1.432179269370168
38.400000000000276,0,505.81063956343854,-199.77129252354902,8.06899607228995,1.4321792693700441
38.400000000000276,1,505.9221317626243,-198.97213267366485,7.9926979784804395,1.432179269370078
38.400000000000276,2,506.032569723811,-198.18052944825405,7.931131273217321,1.4321792693701494
38.400000000000276,3,506.1421569958529,-197.39502383876646,7.887895750145903,1.432179269370197
38.400000000000276,4,506.2511468672382,-196.61380031019928,7.860079524462798,1.432179269370209
38.400000000000276,5,506.3597523919037,-195.83533172295847,7.84374846672699,1.4321792693701267
38.400000000000276,6,506.46813226451457,-195.05848057678853,7.835838708861434,1.4321792693701245
38.400000000000276,7,506.57640284517765,-194.28241281938867,7.834434936004946,1.432179269370165
38.400000000000276,8,506.6846540294098,-193.5064840927796,7.837788341050465,1.4321792693701658
38.50000000000028,0,505.92213176261987,-198.97213267366277,7.99269797848053,1.4321792693701965
38.50000000000028,1,506.03256972380603,-198.18052944825195,7.962113653043722,1.4321792693701718
38.50000000000028,2,506.1425850904502,-197.39195531898963,7.937389090293548,1.4321792693701645
38.50000000000028,3,506.2522588289844,-196.6058299302744,7.920560601675807,1.4321792693701316
38.50000000000028,4,506.36170004228427,-195.82137124858406,7.909754331026066,1.4321792693701485
38.50000000000028,5,506.4709919414848,-195.03798282861544,7.902889877456132,1.4321792693701245
38.50000000000028,6,506.5801889920799,-194.2552742696401,7.898917267579204,1.4321792693701405
38.50000000000028,7,506.6893311517063,-193.47295916113683,7.897875855055224,1.432179269370161
38.50000000000028,8,506.79845892176377,-192.69074719496595,7.899858681749532,1.4321792693701676
38.60000000000028,0,506.0325697238016,-198.1805294482501,7.962113653043825,1.4321792693700992
38.60000000000028,1,506.14258509044566,-197.39195531898798,7.969236933319927,1.4321792693700885
38.60000000000028,2,506.25269888199614,-196.60267569432747,7.974378909540245,1.432179269370096
38.60000000000028,3,506.3628837220676,-195.81288680421363,7.978275219478816,1.4321792693701059
38.60000000000028,4,506.4731223988445,-195.02271202043488,7.980064293462514,1.4321792693701534
38.60000000000028,5,506.5833857958952,-194.23236004533226,7.9793877465447105,1.4321792693701556
38.60000000000028,6,506.6936398448555,-193.44207507597952,7.977035447703374,1.4321792693701485
38.60000000000028,7,506.80386139126307,-192.65202308019286,7.974792875884385,1.4321792693701343
38.60000000000028,8,506.9140519512552,-191.8621931905198,7.974313746317008,1.4321792693701356
38.70000000000028,0,506.1425850904511,-197.39195531898983,7.9692369333199675,1.4321792693701574
38.70000000000028,1,506.2526988820016,-196.6026756943294,8.006955365411201,1.4321792693701352
38.70000000000028,2,506.36333384259274,-195.8096604058692,8.035813898771606,1.4321792693701645
38.70000000000028,3,506.47436755184145,-195.01378694509344,8.055481957823456,1.432179269370162
38.70000000000028,4,506.5856730216829,-194.21596554395694,8.066073386164573,1.4321792693701787
38.70000000000028,5,506.6971248370708,-193.41709515925328,8.068817489894101,1.4321792693701534
38.70000000000028,6,506.80861456871946,-192.61795299631302,8.066173324318797,1.4321792693701567
38.70000000000028,7,506.92006776498846,-191.81907271365438,8.06147522299134,1.432179269370073
38.70000000000028,8,507.0314560459145,-191.0206577347234,8.057684070563555,1.432179269370104
38.80000000000028,0,506.2526988820052,-196.60267569433066,8.006955365411265,1.4321792693701565
38.80000000000028,1,506.36333384259643,-195.8096604058705,8.06899607204641,1.4321792693701278
38.80000000000028,2,506.4748260417787,-195.0105005560103,8.116190183576961,1.4321792693701703
38.80000000000028,3,506.58697033884687,-194.20666656345043,8.147348601066113,1.4321792693701911
38.80000000000028,4,506.69954516289255,-193.3997466162042,8.163515223134974,1.4321792693701694
38.80000000000028,5,506.8123433669262,-192.5912255137276,8.167372705915518,1.4321792693701365
38.80000000000028,6,506.92519487117676,-191.78232236305897,8.162884082977794,1.4321792693701667
38.80000000000028,7,507.03798435452177,-190.9738637692102,8.15474755209718,1.4321792693701865
38.80000000000028,8,507.1506614125151,-190.16621102391292,8.147004182104297,1.4321792693701885
38.90000000000028,0,506.3633338425967,-195.80966040587055,8.068996072046481,1.4321792693701574
38.90000000000028,1,506.4748260417787,-195.0105005560104,7.992697978245984,1.432179269370118
38.90000000000028,2,506.58526400296194,-194.21889733062278,7.931131272993835,1.4321792693701232
38.90000000000028,3,506.6948512750009,-193.43339172115748,7.887895749935088,1.4321792693701654
38.90000000000028,4,506.8038411463835,-192.65216819261124,7.860079524265494,1.4321792693701978
38.90000000000028,5,506.9124466710461,-191.87369960538985,7.8437484665429915,1.4321792693701971
38.90000000000028,6,507.02082654365415,-191.09684845923817,7.835838708689713,1.4321792693701867
38.90000000000028,7,507.12909712431474,-190.3207807018552,7.834434935843884,1.432179269370182
38.90000000000028,8,507.2373483085447,-189.54485197526196,7.837788340898533,1.4321792693701851
39.000000000000284,0,506.47482604177367,-195.01050055600857,7.992697978246085,1.4321792693701019
39.000000000000284,1,506.585264002957,-194.218897330621,7.962113652820313,1.4321792693700999
39.000000000000284,2,506.69527936959815,-193.43032320138076,7.937389090082528,1.4321792693701707
39.000000000000284,3,506.8049531081295,-192.64419781268637,7.9205606014782175,1.432179269370169
39.000000000000284,4,506.9143943214265,-191.85973913101546,7.9097543308421585,1.432179269370179
39.000000000000284,5,507.02368622062437,-191.07635071106512,7.9028898772853164,1.4321792693701603
39.000000000000284,6,507.1328832712172,-190.29364215210677,7.898917267420211,1.4321792693701807
39.000000000000284,7,507.24202543084107,-189.51132704361925,7.897875854906347,1.4321792693701616
39.000000000000284,8,507.3511532008967,-188.72911507746306,7.899858681609212,1.4321792693701485
39.100000000000286,0,506.5852640029528,-194.21889733061937,7.962113652820438,1.432179269370161
39.100000000000286,1,506.6952793695938,-193.4303232013791,7.969236933109012,1.4321792693701507
39.100000000000286,2,506.8053931611411,-192.64104357673966,7.974378909342687,1.432179269370158
39.100000000000286,3,506.9155780012098,-191.85125468664526,7.97827521929509,1.43217926937016
39.100000000000286,4,507.02581667798387,-191.06107990288464,7.980064293292416,1.4321792693700972
39.100000000000286,5,507.1360800750323,-190.27072792779893,7.979387746387346,1.4321792693701387
39.100000000000286,6,507.24633412399055,-189.4804429584618,7.977035447557271,1.4321792693701703
39.100000000000286,7,507.3565556703959,-188.69039096268966,7.974792875747779,1.4321792693701765
39.100000000000286,8,507.4667462303861,-187.9005610730299,7.974313746188359,1.4321792693701614
39.20000000000029,0,506.69527936959884,-193.43032320138084,7.969236933109027,1.4321792693701627
39.20000000000029,1,506.8053931611464,-192.64104357674142,8.006955365213768,1.4321792693701474
39.20000000000029,2,506.9160281217348,-191.84802828830078,8.035813898588106,1.4321792693701338
39.20000000000029,3,507.02706183098104,-191.052154827543,8.055481957653905,1.4321792693701516
39.20000000000029,4,507.13836730082,-190.25433342642344,8.066073386008396,1.4321792693701192
39.20000000000029,5,507.24981911620586,-189.45546304173536,8.068817489750174,1.4321792693701205
39.20000000000029,6,507.3613088478525,-188.65632087880928,8.06617332418552,1.432179269370185
39.20000000000029,7,507.47276204411963,-187.85744059616383,8.061475222866914,1.4321792693701971
39.20000000000029,8,507.58415032504365,-187.0590256172452,8.057684070446467,1.4321792693701856
39.30000000000029,0,506.80539316115033,-192.6410435767429,8.006955365213845,1.4321792693702264
39.30000000000029,1,506.9160281217387,-191.8480282883021,8.068996071863072,1.4321792693702005
39.30000000000029,2,507.0275203209182,-191.04886843846015,8.116190183407813,1.4321792693702031
39.30000000000029,3,507.13966461798407,-190.24503444591699,8.147348600910767,1.4321792693702062
39.30000000000029,4,507.2522394420274,-189.43811449868608,8.163515222992583,1.4321792693701663
39.30000000000029,5,507.3650376460593,-188.62959339622353,8.167372705784754,1.432179269370152
39.30000000000029,6,507.47788915030793,-187.82069024556793,8.162884082856994,1.4321792693701574
39.30000000000029,7,507.5906786336516,-187.01223165173104,8.154747551984563,1.4321792693701787
39.30000000000029,8,507.7033556916432,-186.20457890644497,8.147004181998406,1.4321792693701818
39.40000000000029,0,506.9160281217384,-191.84802828830198,8.068996071863126,1.4321792693700752
39.40000000000029,1,507.0275203209183,-191.0488684384601,7.992697978077,1.4321792693700615
39.40000000000029,2,507.13795828209925,-190.25726521308923,7.931131272839001,1.4321792693701456
39.40000000000029,3,507.24754555413597,-189.4717596036392,7.887895749793759,1.4321792693701827
39.40000000000029,4,507.3565354255166,-188.69053607510696,7.860079524136563,1.432179269370201
39.40000000000029,5,507.4651409501772,-187.9120674878984,7.8437484664250245,1.4321792693701578
39.40000000000029,6,507.5735208227841,-187.13521634175834,7.8358387085809955,1.4321792693701272
39.40000000000029,7,507.6817914034431,-186.35914858438616,7.834434935742679,1.4321792693701323
39.40000000000029,8,507.7900425876718,-185.5832198578031,7.8377883408034545,1.4321792693701385
39.50000000000029,0,507.02752032091394,-191.0488684384584,7.992697978077108,1.4321792693702067
39.50000000000029,1,507.1379582820947,-190.25726521308735,7.962113652665684,1.432179269370173
39.50000000000029,2,507.2479736487333,-189.46869108386244,7.937389089941806,1.4321792693701738
39.50000000000029,3,507.35764738726283,-188.6825656951821,7.9205606013505205,1.432179269370184
39.50000000000029,4,507.4670886005578,-187.8981070135238,7.909754330726243,1.4321792693701159
39.50000000000029,5,507.5763804997542,-187.11471859358502,7.90288987717965,1.4321792693701463
39.50000000000029,6,507.6855775503457,-186.3320100346372,7.8989172673230765,1.432179269370181
39.50000000000029,7,507.79471970996826,-185.54969492615905,7.897875854816042,1.4321792693701951
39.50000000000029,8,507.9038474800224,-184.76748296001202,7.899858681524448,1.4321792693701707
39.60000000000029,0,507.13795828209015,-190.25726521308576,7.9621136526658045,1.4321792693701334
39.60000000000029,1,507.2479736487288,-189.4686910838609,7.969236932968496,1.4321792693701398
39.60000000000029,2,507.35808744027446,-188.67941145923533,7.974378909215654,1.4321792693701632
39.60000000000029,3,507.4682722803414,-187.88962256915357,7.978275219180499,1.4321792693701652
39.60000000000029,4,507.5785109571139,-187.0994477854043,7.9800642931888985,1.4321792693701374
39.60000000000029,5,507.68877435416067,-186.3090958103287,7.9793877462933125,1.4321792693701165
39.60000000000029,6,507.7990284031176,-185.518810841001,7.97703544747105,1.4321792693701072
39.60000000000029,7,507.90924994952206,-184.7287588452374,7.974792875667742,1.4321792693701774
39.60000000000029,8,508.019440509511,-183.93892895558562,7.974313746113295,1.4321792693701663
39.700000000000294,0,507.2479736487341,-189.46869108386286,7.969236932968527,1.4321792693702224
39.700000000000294,1,507.35808744027946,-188.6794114592372,8.006955366008434,1.432170487661562
39.700000000000294,2,507.4687293649039,-187.88639714231215,8.03581390021831,1.4321613554287949
39.700000000000294,3,507.57977733138534,-187.09052567057117,8.055481959992413,1.4321540964983441
39.700000000000294,4,507.69110288467755,-186.29270707134975,8.066073388922339,1.432155191789725
39.700000000000294,5,507.8025739349373,-185.49383937009446,8.068817493097598,1.4321774169166361
39.700000000000294,6,507.91406514700384,-184.69469741336687,8.066173327793571,1.432236269930845
39.700000000000294,7,508.02547280651595,-183.89581077876633,8.061475226526941,1.432336266965632
39.700000000000294,8,508.1367357368866,-183.09737832163162,8.057684074042589,1.4324479363321547
39.800000000000296,0,507.358098312116,-188.67941297606322,8.006955366008498,1.4321704876615304
39.800000000000296,1,507.4687402367405,-187.88639865913837,8.031516337692793,1.4321433509832753
39.800000000000296,2,507.5797431361877,-187.09095481877546,8.046464356019154,1.432125554654567
39.800000000000296,3,507.69096681323447,-186.2940325012703,8.05212197629309,1.4321384594144577
39.800000000000296,4,507.8022584024169,-185.49654841637994,8.049764321160136,1.4322154821442887
39.800000000000296,5,507.913455998748,-184.69928926720883,8.041913882960829,1.4323933675736387
39.800000000000296,6,508.02440346670437,-183.90278788705695,8.03217527632969,1.4326819803321462
39.800000000000296,7,508.13498697293653,-183.10721910425548,8.024366661602695,1.4330218507759533
39.800000000000296,8,508.245192840221,-182.31238624184812,8.019963272428505,1.433345832854833
39.9000000000003,0,507.4687738320857,-187.88640334711164,8.031516337692864,1.432143350983373
39.9000000000003,1,507.5797767315299,-187.09095950676775,7.925285779382005,1.4321069959401007
39.9000000000003,2,507.6893399635157,-186.30604075497735,7.837957973815568,1.4320913020210497
39.9000000000003,3,507.7977081137631,-185.52977263174563,7.774394712450709,1.4321282303366556
39.9000000000003,4,507.9051689999005,-184.75979582009973,7.73196668079488,1.4322538551892157
39.9000000000003,5,508.0119472271067,-183.99400766495677,7.706737229523205,1.4324909946902729
39.9000000000003,6,508.11819602854536,-183.23069305471947,7.695479149002101,1.4328238000172706
39.9000000000003,7,508.22403595370866,-182.46845821440274,7.6956168934226925,1.4331741395238136
39.9000000000003,8,508.3296107238354,-181.7061726770222,7.703108064032197,1.4334768061283694
40.0000000000003,0,507.5798217390327,-187.0909657887893,7.9252857793820715,1.4321069959401767
40.0000000000003,1,507.6893849708558,-186.30604703816527,7.861238102019306,1.4320777714987596
40.0000000000003,2,507.79808552866905,-185.52747472846858,7.808235008607771,1.432144154147235
40.0000000000003,3,507.9060018559689,-184.75414464484595,7.7699733622248015,1.4323501206925675
40.0000000000003,4,508.01323087283123,-183.98458190952528,7.745018728830323,1.4327049636090377
40.0000000000003,5,508.1198433008829,-183.2174528841129,7.73125649603174,1.433163028464448
40.0000000000003,6,508.22591550783255,-182.4516383011678,7.7270335769096805,1.4335998460363202
40.0000000000003,7,508.33159543148264,-181.68619575596753,7.73017088509207,1.433904569449936
40.0000000000003,8,508.4370849176815,-180.92041022880196,7.738282477251987,1.4341016334500971
40.1000000000003,0,507.68942115051544,-186.30605208916825,7.861238102019396,1.4320777715044006
40.1000000000003,1,507.7981217076477,-185.52747978434022,7.834218997821909,1.4321878457683637
40.1000000000003,2,507.9063632542564,-184.75157151197345,7.811342962118972,1.4324129903897282
40.1000000000003,3,508.014114549923,-183.97790462266192,7.795387271053208,1.4327829824221092
40.1000000000003,4,508.1213600756739,-183.205778320432,7.78599065280238,1.4332596939325448
40.1000000000003,5,508.2281086767942,-182.4345317699756,7.782345717231863,1.4337142670018408
40.1000000000003,6,508.3344568709554,-181.663597840159,7.783043881865197,1.434022756361394
40.1000000000003,7,508.4405767566611,-180.89256195936662,7.787320135051096,1.434181382191218
40.1000000000003,8,508.54663257514414,-180.12108560048432,7.794593425994206,1.434255973196524
40.2000000000003,0,507.7979854348458,-185.5274607707383,7.834218997821993,1.4321878457856514
40.2000000000003,1,507.90622698087543,-184.75155250246735,7.813244129511509,1.4323701295797178
40.2000000000003,2,508.0140376691081,-183.97770193764225,7.794613663496832,1.432722921824018
40.2000000000003,3,508.12131892150063,-183.20565870241086,7.781569153895299,1.433202199242816
40.2000000000003,4,508.22805121948744,-182.43485626238783,7.774626706192263,1.433683616982555
40.2000000000003,5,508.3343175356485,-181.66469025586812,7.772855963505406,1.4340286418936072
40.2000000000003,6,508.44029397724915,-180.8946630454555,7.775698726946045,1.4342132784131545
40.2000000000003,7,508.5461669492915,-180.12433464732194,7.782779212909491,1.4342797641257121
40.2000000000003,8,508.6520850654123,-179.35329775273328,7.791531176479258,1.43428780536285
40.3000000000003,0,507.90600130686465,-184.75152105371902,7.813244129511593,1.432370129583145
40.3000000000003,1,508.01381199484007,-183.9776704907344,7.673362317617414,1.4321936181463801
40.3000000000003,2,508.11982667850054,-183.21769298970815,7.5624498168589565,1.4325077864127738
40.3000000000003,3,508.22407368699123,-182.46866758793135,7.487889692708984,1.4332015390427284
40.3000000000003,4,508.3267783560263,-181.72695560098663,7.446439503177894,1.433963312888607
40.3000000000003,5,508.428352574535,-180.9892718436855,7.431038400797886,1.4345121360543567
40.3000000000003,6,508.52931268167356,-180.25305824194726,7.434678005473898,1.4347720511960218
40.3000000000003,7,508.6301307892319,-179.51645781122352,7.450990714265505,1.4348042384302735
40.3000000000003,8,508.7311463421956,-178.77823794193398,7.472338603572026,1.4347273751441247
40.400000000000304,0,508.0140305192968,-183.97770096640193,7.673362317617484,1.4321936181354111
40.400000000000304,1,508.12004520093353,-183.21772347999087,7.589706130372791,1.432870132114021
40.400000000000304,2,508.22439554024135,-182.4659606169775,7.527158943226198,1.4335849361620996
40.400000000000304,3,508.3273529613615,-181.7203192899405,7.490055890401705,1.4341344631227224
40.400000000000304,4,508.4293951391921,-180.97829719065885,7.474397366376663,1.4344218991470477
40.400000000000304,5,508.53101115154425,-180.237797080267,7.474717254348861,1.4344827118131227
40.400000000000304,6,508.6325864809424,-179.49725908536828,7.486331364903515,1.4344187535527206
40.400000000000304,7,508.73436707321525,-178.75557696368182,7.505362845308654,1.4343216212467038
40.400000000000304,8,508.836478629475,-178.01201930014827,7.526710815132929,1.4342313957220694
40.500000000000306,0,508.11920760422004,-183.2176071081298,7.589706130372872,1.4328701317581005
40.500000000000306,1,508.22355794344105,-182.46584424780855,7.55946346803062,1.4332942372342727
40.500000000000306,2,508.32717491326775,-181.7170329174847,7.539875061808657,1.4337199461909083
40.500000000000306,3,508.4302054274578,-180.9701180096652,7.533447347509847,1.4340787187179238
40.500000000000306,4,508.5328803573414,-180.2238029623279,7.537420084660604,1.4343141637550276
40.500000000000306,5,508.63543362077235,-179.47707018217312,7.548525877798268,1.4344241080055267
40.500000000000306,6,508.7380557693857,-178.72922585111849,7.564463976246752,1.4344347050651352
40.500000000000306,7,508.8408866574033,-177.9798013974575,7.583664145968998,1.4343772645334476
40.500000000000306,8,508.9440217085852,-177.22848066750774,7.603184615444051,1.434302180809778
40.60000000000031,0,508.22303282074444,-182.46577154374805,7.559463468030719,1.4332942371689144
40.60000000000031,1,508.3266497901072,-181.71696021710778,7.573193377336163,1.4336481542576553
40.60000000000031,2,508.4301894494847,-180.9667521657432,7.588346010581716,1.433924419279288
40.60000000000031,3,508.5337285988132,-180.21501444574224,7.605909182136827,1.4341009658394772
40.60000000000031,4,508.6373743630847,-179.46151852542704,7.624329285461951,1.4341868967494147
40.60000000000031,5,508.7412062322826,-178.7061888533562,7.642379390738551,1.4342114019765169
40.60000000000031,6,508.8452653637251,-177.94906843406557,7.659934220185155,1.4342011806895218
40.60000000000031,7,508.9495712802712,-177.19020994057396,7.677482204314008,1.4341714702512938
40.60000000000031,8,509.0541387469361,-176.42961609858486,7.6939084842716765,1.4341395711338922
40.70000000000031,0,508.32621155163105,-181.71689970642348,7.573193377336251,1.4336481542095794
40.70000000000031,1,508.42975121085436,-180.96669165643135,7.622516509284103,1.4338229567485343
40.70000000000031,2,508.5338332152672,-180.21157940232374,7.665172047989611,1.4339540412988647
40.70000000000031,3,508.63839812341905,-179.45222783246993,7.700905563171702,1.4340367516942516
40.70000000000031,4,508.74338739307046,-178.68932762950092,7.7293244623901,1.4340790720910048
40.70000000000031,5,508.84873170241116,-177.92360761325392,7.75108133657658,1.434095847145941
40.70000000000031,6,508.9543596588356,-177.15573043925082,7.768022833018389,1.4340991482736052
40.70000000000031,7,509.06021594571484,-176.38617456783248,7.782461769868566,1.434093966751543
40.70000000000031,8,509.1662729897034,-175.61518882046477,7.794810964188966,1.4340866713999794
40.80000000000031,0,508.4295347551456,-180.9666618142063,7.622516509284123,1.433822956743004
40.80000000000031,1,508.53361675950754,-180.21154956049105,7.700049716319271,1.4339060217477106
40.80000000000031,2,508.6386940828694,-179.44874787430183,7.7638815192099795,1.4339712882480962
40.80000000000031,3,508.7445922769566,-178.6796158082543,7.8127598350912315,1.434016984449407
40.80000000000031,4,508.85112179628027,-177.90563672296838,7.847397686861189,1.4340438013742214
40.80000000000031,5,508.95810276618755,-177.1282233339903,7.8701665796157805,1.4340565653285593
40.80000000000031,6,509.0653841851394,-176.34855294387967,7.884688333091954,1.4340617405812401
40.80000000000031,7,509.172859513534,-175.56744337730726,7.894880695227254,1.434063652429397
40.80000000000031,8,509.2804722776359,-174.78532388177803,7.902416464677983,1.4340646437225986
40.90000000000031,0,508.53351389979275,-180.21153538981014,7.7000497163193415,1.4339060217469817
40.90000000000031,1,508.63859122315483,-179.44873370362112,7.642166656330073,1.4338847912605075
40.90000000000031,2,508.74289472879025,-178.6916683889019,7.59926357008449,1.4339119366953672
40.90000000000031,3,508.8465922395314,-177.93885041989984,7.574770376485354,1.4339771571443627
40.90000000000031,4,508.94990658164966,-177.18845211928254,7.5656089392915815,1.4340487645383164
40.90000000000031,5,509.05304229913645,-176.43895401346148,7.567773978335804,1.4341038127252124
40.90000000000031,6,509.15616626041077,-175.68923574646817,7.57810165454737,1.4341330030450026
40.90000000000031,7,509.25940903974515,-174.93849133064776,7.594105410726492,1.4341374649807308
40.90000000000031,8,509.36286649474823,-174.1861609990299,7.611811989088848,1.4341301137665825
41.00000000000031,0,508.63861751293604,-179.4487373255472,7.642166656330168,1.4338847912604833
41.00000000000031,1,508.7429210185709,-178.691672010833,7.6320878920520965,1.4339564794143764
41.00000000000031,2,508.84703276368776,-177.93559767554558,7.627357530262814,1.4340173858621075
41.00000000000031,3,508.95103395897496,-177.17998561878102,7.6297630505892995,1.4340588428814685
41.00000000000031,4,509.05503661882625,-176.42413094436512,7.637417476330492,1.434079076198636
41.00000000000031,5,509.15912830871355,-175.66751586570481,7.648384665778733,1.4340834962131725
41.00000000000031,6,509.2633661232919,-174.90981384102832,7.661727734433854,1.4340799045477801
41.00000000000031,7,509.3677885132011,-174.1507903343895,7.677094768980395,1.4340745954263023
41.00000000000031,8,509.47242437965684,-173.3902450190472,7.692466620735314,1.4340699461302195
41.100000000000314,0,508.74283224620604,-178.69165978565934,7.632087892052226,1.4339564794139186
41.100000000000314,1,508.8469439913203,-177.93558545039258,7.6610968624055475,1.433993156409541
41.100000000000314,2,508.9514236210476,-177.17663350306032,7.686976456110434,1.4340242563136516
41.100000000000314,3,509.05623250542135,-176.41511451564776,7.710158510664081,1.4340476014978183
41.100000000000314,4,509.16133963649713,-175.65129651792782,7.729909700439117,1.4340623710812361
41.100000000000314,5,509.2667047113678,-174.8855202837907,7.746207898926345,1.4340702208180802
41.100000000000314,6,509.3722859203754,-174.11812861293703,7.760142824558158,1.434073287892688
41.100000000000314,7,509.4780547052678,-173.34935612969258,7.773262030910574,1.4340729256315856
41.100000000000314,8,509.5840025805991,-172.57928400705129,7.785191838133493,1.4340713301287935
41.200000000000315,0,508.8468985734647,-177.93557919772672,7.661096862405536,1.433993156409516
41.200000000000315,1,508.9513782031889,-177.1766272504177,7.721480912161412,1.434016755687164
41.200000000000315,2,509.0566632796763,-176.4116908298976,7.771330639619695,1.4340356953804738
41.200000000000315,3,509.16261349331535,-175.64181398822882,7.809977099473859,1.4340492619410123
41.200000000000315,4,509.26908009582735,-174.8681071409619,7.837791940266234,1.434057540203763
41.200000000000315,5,509.37591944602826,-174.09164389118678,7.8565106437669865,1.43406182626373
41.200000000000315,6,509.48301062071005,-173.31332578445802,7.8690545232566995,1.4340637302801529
41.200000000000315,7,509.5902712952454,-172.53376479350868,7.878649229379392,1.4340643484403266
41.200000000000315,8,509.69766226980414,-171.75325322062676,7.886289348722704,1.4340645009355837
41.30000000000032,0,508.951348979628,-177.1766232279876,7.72148091216147,1.4340167556870989
41.30000000000032,1,509.05663405611534,-176.41168680746785,7.806466132454008,1.43403012580653
41.30000000000032,2,509.1630675957596,-175.63832981589692,7.874502128527137,1.4340412961652378
41.30000000000032,3,509.27042002577554,-174.85823155702735,7.924044017499152,1.4340500322709135
41.30000000000032,4,509.3784409983267,-174.07322441985613,7.956511415197269,1.4340558683191844
41.30000000000032,5,509.4868999679896,-173.2850002189312,7.975242417581815,1.4340591162590606
41.30000000000032,6,509.59561170267017,-172.49492004898067,7.984802341061888,1.4340607606424818
41.30000000000032,7,509.7044524493594,-171.70389263092244,7.989888286535685,1.4340617376714082
41.30000000000032,8,509.81336174916237,-170.9123612590049,7.992615862704985,1.4340624680048781
41.40000000000032,0,509.0566174995306,-176.4116845288181,7.806466132454097,1.4340301258065449
41.40000000000032,1,509.16305103917455,-175.63832753724813,7.752979050826905,1.434026831274648
41.40000000000032,2,509.2687578651035,-174.87026965624077,7.711779177738326,1.4340322056741759
41.40000000000032,3,509.3738988516483,-174.10629272346597,7.6861073527030594,1.4340442266553737
41.40000000000032,4,509.4786806800392,-173.34485774212067,7.673533981108523,1.4340571525534167
41.40000000000032,5,509.5832812742166,-172.58466700730474,7.670910472716728,1.4340670463247074
41.40000000000032,6,509.6878385878583,-171.82473513996894,7.6758948382935195,1.4340724834222245
41.40000000000032,7,509.7924597057169,-171.06430891907013,7.686658925327594,1.4340737875901919
41.40000000000032,8,509.8972265431051,-170.30281619803833,7.699552164726498,1.4340730618171535
41.50000000000032,0,509.16305511887765,-175.6383280987286,7.752979050827017,1.434026831274596
41.50000000000032,1,509.26876194480667,-174.87027021772136,7.744738499048457,1.4340396156075421
41.50000000000032,2,509.3743466074931,-174.10302734666095,7.7396479143167864,1.4340508649805772
41.50000000000032,3,509.47985324448064,-173.33628759424943,7.739393133195734,1.4340591256867354
41.50000000000032,4,509.58535007469294,-172.56957221060532,7.742678253560264,1.4340637915111674
41.50000000000032,5,509.6908881059953,-171.80253088881685,7.748320861509863,1.4340655354219134
41.50000000000032,6,509.7965017112998,-171.0349303884857,7.756093942595795,1.4340655829969136
41.50000000000032,7,509.90222123114955,-170.26655982970755,7.766195146125977,1.4340650407250084
41.50000000000032,8,510.0080788527683,-169.49718863552863,7.776825119893751,1.4340644363807167
41.60000000000032,0,509.26874611359983,-174.87026803905883,7.744738499048526,1.4340396156075175
41.60000000000032,1,509.3743307762862,-174.10302516799936,7.773473880059609,1.4340472984308938
41.60000000000032,2,509.48030127434146,-173.33293477383637,7.797318558149261,1.434053753740944
41.60000000000032,3,509.5865918443,-172.56048148611478,7.81667552887722,1.434058599254574
41.60000000000032,4,509.6931425301095,-171.78611005418267,7.831346453075265,1.4340616823582588
41.60000000000032,5,509.7998908063062,-171.01028489462018,7.841967238689172,1.4340633506182192
41.60000000000032,6,509.9067825573033,-170.23340739121585,7.850235126660063,1.4340640821617958
41.60000000000032,7,510.0137864367439,-169.4557107374826,7.858149960411589,1.4340642038408564
41.60000000000032,8,510.1208981058612,-168.67722997449056,7.865470611987697,1.434064093389599
41.70000000000032,0,509.37432126241873,-174.103023858803,7.773473880059651,1.4340472984309494
41.70000000000032,1,509.48029176047385,-173.33293346464035,7.831868898165449,1.434052152079601
41.70000000000032,2,509.58705455238396,-172.55705756564385,7.878351909673934,1.4340561317470142
41.70000000000032,3,509.6944478872636,-171.77657632964258,7.912284866120224,1.4340591188993352
41.70000000000032,4,509.80230143597504,-170.992733150137,7.934520318835386,1.4340610449786029
41.70000000000032,5,509.9104565655101,-170.20668697155955,7.947363513967283,1.4340621094088628
41.70000000000032,6,510.01878592207913,-169.4193683456292,7.954250392296524,1.4340626429210839
41.70000000000032,7,510.1272087322772,-168.6313674019354,7.958772571731703,1.4340629047510747
41.70000000000032,8,510.2356929769672,-167.84291843266737,7.961984059950557,1.4340630577446782
41.800000000000324,0,509.48028575005065,-173.33293263758284,7.83186889816552,1.4340521520796399
41.800000000000324,1,509.58704854196054,-172.55705673858614,7.75632888520569,1.4340506320931583
41.800000000000324,2,509.6927827523675,-171.78866448556417,7.697540306263394,1.4340524650560171
41.800000000000324,3,509.79771415959897,-171.0260960181842,7.6595021284287474,1.4340568959578304
41.800000000000324,4,509.90212367544626,-170.2672953977606,7.639228985682067,1.4340617194914005
41.800000000000324,5,510.0062531901477,-169.5105026658146,7.632610007873815,1.4340653842770459
41.800000000000324,6,510.11028971118867,-168.75436527246882,7.636268696650839,1.4340673111517752
41.800000000000324,7,510.21437464441686,-167.99786522438188,7.647386777216548,1.4340676294997001
41.800000000000324,8,510.3186108796751,-167.2402637114015,7.661410553657979,1.434067179276442
41.900000000000325,0,509.5870504242025,-172.5570569975897,7.756328885205804,1.4340506320930586
41.900000000000325,1,509.6927846346096,-171.7886647445677,7.730076926067147,1.4340554807326318
41.900000000000325,2,509.79815726548094,-171.02287266998587,7.710902380051875,1.4340596446210632
41.900000000000325,3,509.90326533754774,-170.25897971391603,7.701116196666032,1.4340625134841023
41.900000000000325,4,510.00823782445866,-169.49605594070067,7.69888463396998,1.4340639348616282
41.900000000000325,5,510.1131788092637,-168.7333530917614,7.702135590805446,1.434064264463769
41.900000000000325,6,510.21816385530616,-167.97032814675632,7.709701057379872,1.434064037151388
41.900000000000325,7,510.3232521971238,-167.20655374003815,7.720898066264634,1.4340636901727155
41.900000000000325,8,510.4284934270016,-166.44167011945797,7.733167386055653,1.43406338595908
42.00000000000033,0,509.69277863037956,-171.78866391838142,7.730076926067251,1.434055480732642
42.00000000000033,1,509.798151261251,-171.0228718437997,7.7443751923994,1.4340580015648352
42.00000000000033,2,509.9037168650968,-170.25566302314465,7.757211348849189,1.4340601607386083
42.00000000000033,3,510.0094557826657,-169.48718233996607,7.769495358803051,1.4340618065203692
42.00000000000033,4,510.1153608774049,-168.71748454718448,7.780514099087384,1.4340628647732263
42.00000000000033,5,510.2214153516315,-167.94669505260285,7.790086889323149,1.4340634375299341
42.00000000000033,6,510.3275998684357,-167.17495715290943,7.799060917523708,1.434063666759988
42.00000000000033,7,510.4339065306236,-166.40233020183405,7.808658426685757,1.4340636463664953
42.00000000000033,8,510.54034402935855,-165.62875245970915,7.818007006113974,1.4340635344000883
42.10000000000033,0,509.7981481396299,-171.02287141427394,7.744375192399411,1.4340580015648867
42.10000000000033,1,509.90371374347563,-170.2556625936188,7.79147072231231,1.434059667539108
42.10000000000033,2,510.00992003288474,-169.4837880026027,7.829622711392379,1.43406100505043
42.10000000000033,3,510.1166453382929,-168.70813368061846,7.858595899739317,1.4340619653809692
42.10000000000033,4,510.22376482854804,-167.9296089796863,7.87875492101328,1.4340625535367508
42.10000000000033,5,510.33115864471023,-167.14908712906072,7.891660795356381,1.434062860450878
42.10000000000033,6,510.4387281384557,-166.36728670369314,7.899986829708001,1.4340629979785549
42.10000000000033,7,510.54641101491285,-165.58466143115623,7.906643154246336,1.4340630416386706
42.10000000000033,8,510.65418458797757,-164.80137673410493,7.912167138063937,1.434063050586985
42.20000000000033,0,509.9037116804497,-170.25566230975613,7.791470722312379,1.4340596675391102
42.20000000000033,1,510.0099179698588,-169.48378771874007,7.864534431505991,1.43406061697672
42.20000000000033,2,510.11711945802085,-168.704674851962,7.922152409960421,1.4340614082379535
42.20000000000033,3,510.2251057159904,-167.91985388119474,7.963170453940589,1.4340620248757823
42.20000000000033,4,510.3336506013468,-167.13096932395723,7.98897911025895,1.4340624353697051
42.20000000000033,5,510.44254695607935,-166.33952794510003,8.002731800810428,1.4340626642766154
42.20000000000033,6,510.55163058981503,-165.54672410832325,8.008745274273526,1.434062781330372
42.20000000000033,7,510.66079609913226,-164.75332452409248,8.011414042678362,1.4340628505373267
42.20000000000033,8,510.7699979309388,-163.95966054635247,8.012437489639815,1.4340629014881952
42.30000000000033,0,510.00991679413715,-169.48378755696694,7.8645344315060735,1.4340606169766086
42.30000000000033,1,510.1171182822996,-168.70467469018888,7.826893808288251,1.4340605558764103
42.30000000000033,2,510.2238067384103,-167.9292907593554,7.798745504514378,1.434060978142726
42.30000000000033,3,510.3301111785116,-167.15669534100482,7.782414814204198,1.4340617321785287
42.30000000000033,4,510.43619243417277,-166.38571766908385,7.775192609526792,1.4340624828194157
42.30000000000033,5,510.54217466655183,-165.61545539714513,7.773877739623586,1.4340630399803822
42.30000000000033,6,510.6481385470913,-164.84532332592158,7.776336566648958,1.4340633695380622
42.30000000000033,7,510.7541356894351,-164.0749476319948,7.781727987390175,1.4340635061100322
42.30000000000033,8,510.860206215493,-163.30403781353388,7.789681656352017,1.4340635043903425
42.40000000000033,0,510.1171183579565,-168.70467470059776,7.826893808288353,1.434060555876448
42.40000000000033,1,510.223806814067,-167.9292907697644,7.803928686369035,1.4340612598696445
42.40000000000033,2,510.3301816881419,-167.1561818410973,7.786173197119358,1.4340619503332843
42.40000000000033,3,510.4363140056409,-166.38483181566303,7.775799981779816,1.4340625223659405
42.40000000000033,4,510.5423044865367,-165.61450936919942,7.771416785206552,1.4340628906780255
42.40000000000033,5,510.6482349373376,-164.84462111231608,7.771538359511479,1.434063064176053
42.40000000000033,6,510.75416691171444,-164.07472079309406,7.775561474376779,1.4340631078425525
42.40000000000033,7,510.86015369056827,-163.30442191270652,7.783258218598583,1.4340630929231986
42.40000000000033,8,510.9662453933661,-162.53336054318316,7.792299112887327,1.4340630616258592
42.500000000000334,0,510.2238059422885,-167.9292906498127,7.803928686369115,1.4340612598696474
42.500000000000334,1,510.3301808163633,-167.15618172114574,7.819742849846832,1.434061794777901
42.500000000000334,2,510.4367708379518,-166.38150607955453,7.8325654534873115,1.4340622557938651
42.500000000000334,3,510.5435352852623,-165.60556009649775,7.843228608604979,1.4340626107523093
42.500000000000334,4,510.65044480453184,-164.8285577124874,7.8514220628479565,1.434062840896242
42.500000000000334,5,510.7574658281688,-164.05074360578243,7.857482150622535,1.434062966151358
42.500000000000334,6,510.8645693580416,-163.2723291330481,7.86274464991071,1.4340630196746602
42.500000000000334,7,510.97174457813884,-162.4933933163764,7.868812505720266,1.4340630275869792
42.500000000000334,8,511.07900250158156,-161.71385637667402,7.8749721303659355,1.4340630182199423
42.600000000000335,0,510.33018015397414,-167.1561816300062,7.819742849846861,1.4340617947778918
42.600000000000335,1,510.4367701755629,-166.38150598841514,7.866888290175863,1.4340621499050394
42.600000000000335,2,510.54400255449644,-165.60215976842744,7.903860296883337,1.4340624413217151
42.600000000000335,3,510.65173866514783,-164.81915082442487,7.930396213975039,1.434062659686225
42.600000000000335,4,510.75983631059887,-164.03351303246598,7.947225767155336,1.4340628003523417
42.600000000000335,5,510.8681632455778,-163.24620797780216,7.956361992582456,1.4340628784180218
42.600000000000335,6,510.9766146529598,-162.45799781940093,7.960897063208689,1.4340629174328092
42.600000000000335,7,511.0851278461151,-161.6693383824948,7.964055277514451,1.43406293540052
42.600000000000335,8,511.1936840740018,-160.88036606991344,7.966472570407179,1.434062944799214
42.70000000000034,0,510.4367697358005,-166.38150592790734,7.866888290175937,1.4340621499051576
42.70000000000034,1,510.544002114734,-165.6021597079196,7.8081041839464795,1.4340621084221574
42.70000000000034,2,510.65043324838604,-164.8286370364595,7.76344833019841,1.4340622578774287
42.70000000000034,3,510.7562555696378,-164.05953825471468,7.735980376719043,1.43406254046704
42.70000000000034,4,510.86170326304335,-163.29316060117492,7.722352214452251,1.4340628254658323
42.70000000000034,5,510.96696497550045,-162.528133014005,7.718308879827474,1.4340630362923545
42.70000000000034,6,511.07217141293444,-161.76350596428296,7.720603389214615,1.434063157106494
42.70000000000034,7,511.17740903387624,-160.99865159247486,7.727354360704573,1.43406320033013
42.70000000000034,8,511.2827386425394,-160.23312841993345,7.737297411170313,1.434063188010804
42.80000000000034,0,510.54400216609804,-165.602159714986,7.808104183946577,1.434062108422023
42.80000000000034,1,510.6504332997504,-164.82863704352587,7.768216228923407,1.4340623824041754
42.80000000000034,2,510.75632051563457,-164.0590659088637,7.7375827546781935,1.4340626432474974
42.80000000000034,3,510.8617899719675,-163.29252950226874,7.718971203765477,1.4340628468646295
42.80000000000034,4,510.9670055822358,-162.52783685825983,7.7103781679781775,1.434062965982959
42.80000000000034,5,511.0721039717231,-161.76399548502883,7.709351650102075,1.4340630107625958
42.80000000000034,6,511.1771883347815,-161.0002558007844,7.714283152413004,1.4340630107435297
42.80000000000034,7,511.28233991800477,-160.23602756910128,7.7240266472949495,1.4340629945256764
42.80000000000034,8,511.3876243249303,-159.47083408367467,7.735510629010688,1.4340629762632489
42.90000000000034,0,510.65043296046343,-164.8286369968414,7.768216228923533,1.434062382404247
42.90000000000034,1,510.75632017634734,-164.05906586217935,7.77081061360905,1.434062563262016
42.90000000000034,2,510.8622426166122,-163.28923769136844,7.773913364728314,1.434062722778585
42.90000000000034,3,510.9682072270377,-162.5191021244972,7.778828402143465,1.4340628472808463
42.90000000000034,4,511.0742387373803,-161.7484796281255,7.784666587767075,1.434062928110225
42.90000000000034,5,511.18034976442016,-160.9772787536659,7.790883601010105,1.4340629711261306
42.90000000000034,6,511.2865455009589,-160.2054619759358,7.797913765684052,1.4340629870368136
42.90000000000034,7,511.3928370517589,-159.43294874161614,7.806555823062924,1.4340629844075758
42.90000000000034,8,511.49924640246866,-158.65957936785782,7.815489611465754,1.434062975224919
43.00000000000034,0,510.7563199523905,-164.0590658313655,7.770810613609066,1.4340625632620345
43.00000000000034,1,510.8622423926555,-163.2892376605546,7.8079596254926065,1.434062688197971
43.00000000000034,2,510.9686711073907,-162.51572924831015,7.837936365567854,1.434062789006361
43.00000000000034,3,511.0755083507172,-161.7392511300447,7.86084241205138,1.434062861503786
43.00000000000034,4,511.1826577650338,-160.96050377866396,7.8768639801177684,1.4340629058724719
43.00000000000034,5,511.29002553119886,-160.18016921938744,7.887217402963886,1.4340629289598033
43.00000000000034,6,511.39753440450914,-159.398808978669,7.894192107659985,1.4340629389989
43.00000000000034,7,511.5051383405877,-158.61675777621053,7.900313593210807,1.4340629414901827
43.00000000000034,8,511.6128257152928,-157.83410013838937,7.905731059498787,1.4340629412068806
43.10000000000034,0,510.86224223794716,-163.28923763926866,7.807959625492655,1.4340626881979575
43.10000000000034,1,510.9686709526826,-162.51572922702428,7.872664251908938,1.4340627602656415
43.10000000000034,2,511.075981586856,-161.7358107363946,7.923504353452135,1.4340628198428145
43.10000000000034,3,511.1839851650185,-160.9508556806776,7.9596107561882405,1.4340628655418706
43.10000000000034,4,511.2924808657304,-160.16232367953427,7.982196435312759,1.434062895532434
43.10000000000034,5,511.40128440314334,-159.3715541874788,7.994090977788124,1.4340629121626116
43.10000000000034,6,511.51025005923884,-158.57960634108798,7.999256889212504,1.4340629206350406
43.10000000000034,7,511.6192861239971,-157.78714672421268,8.001741749859102,1.4340629253978947
43.10000000000034,8,511.72835605555406,-156.99444093998733,8.002911395299929,1.43406292871179
43.200000000000344,0,510.9686708634387,-162.51572921474474,7.872664251909005,1.434062760265693
43.200000000000344,1,511.0759814976121,-161.73581072411523,7.828088650563607,1.4340627543455866
43.200000000000344,2,511.1826845357098,-160.96030818970831,7.79440694510725,1.434062785581048
43.200000000000344,3,511.2889284414104,-160.18814238577718,7.774182789541172,1.4340628424736463
43.200000000000344,4,511.3948966321254,-159.4179801152079,7.7645329649650305,1.4340628993905664
43.200000000000344,5,511.50073324440444,-158.6487738144398,7.761954556109818,1.434062941644053
43.200000000000344,6,511.60653467847794,-157.87982294353915,7.763989384361707,1.4340629664528446
43.200000000000344,7,511.71236382975036,-157.11067048638526,7.76948556793458,1.4340629763606283
43.200000000000344,8,511.8182678906091,-156.34097353966075,7.777788936313214,1.4340629755591954
43.300000000000345,0,511.0759815049383,-161.73581072512206,7.8280886505637,1.4340627543456017
43.300000000000345,1,511.1826845430359,-160.96030819071535,7.7994572645144675,1.4340628080489215
43.300000000000345,2,511.28899727120745,-160.18764206615816,7.777268778095276,1.4340628603003898
43.300000000000345,3,511.39500751262455,-159.41717407514108,7.763892440743747,1.434062902892276
43.300000000000345,4,511.50083539136773,-158.64803122859382,7.757767476821169,1.4340629296273155
43.300000000000345,5,511.60657976155284,-157.87949515890148,7.75712958995804,1.4340629415558972
43.300000000000345,6,511.7123154276799,-157.1110222812652,7.761080297906621,1.4340629438876258
43.300000000000345,7,511.81810494321417,-156.34215801996254,7.769115236680287,1.4340629421253666
43.300000000000345,8,511.92400398252283,-155.5724977643422,7.778666054699662,1.4340629393645115
43.40000000000035,0,511.18268447653026,-160.9603081815644,7.799457264514567,1.434062808048886
43.40000000000035,1,511.2889972047019,-160.1876420570071,7.810727395371084,1.4340628473599852
43.40000000000035,2,511.3954635231906,-159.4138594341244,7.820082787560687,1.4340628814231315
43.40000000000035,3,511.50205733659703,-158.6391500002162,7.828515070017127,1.4340629077084004
43.40000000000035,4,511.6087660681893,-157.86360520549658,7.835552654924156,1.4340629247260432
43.40000000000035,5,511.71557071431187,-157.0873632189697,7.841275712694175,1.4340629339141102
43.40000000000035,6,511.82245336300315,-156.31055426727463,7.846753261171845,1.4340629376900753
43.40000000000035,7,511.92941067197864,-155.5332026727733,7.853344090739132,1.4340629379526393
43.40000000000035,8,512.0364578188485,-154.75519814680808,7.86013610294909,1.434062936911832
43.50000000000035,0,511.28899715602773,-160.18764205031056,7.810727395371101,1.4340628473599661
43.50000000000035,1,511.39546347451636,-159.4138594274279,7.854314108714787,1.4340628736781746
43.50000000000035,2,511.5025238934929,-158.63575881190832,7.888659883858074,1.4340628951720498
43.50000000000035,3,511.6100524553386,-157.85425567306675,7.913628870646261,1.4340629110962353
43.50000000000035,4,511.71792135138526,-157.07027893853385,7.929797846151271,1.4340629212189624
43.50000000000035,5,511.8260106351494,-156.28470039660235,7.9389463446134565,1.43406292675517
43.50000000000035,6,511.9342246156764,-155.49821554293717,7.943927173761025,1.4340629294427583
43.50000000000035,7,512.042506486643,-154.71123725490105,7.947750616774551,1.4340629305558912
43.50000000000035,8,512.1508404732184,-153.9238801910367,7.950890086128135,1.434062931041801
43.60000000000035,0,511.3954634419288,-159.41385942294463,7.854314108714867,1.4340628736781733
43.60000000000035,1,511.5025238609054,-158.6357588074249,7.766362211675419,1.4340628646746723
43.60000000000035,2,511.6083854339471,-157.86637129298092,7.697542544445918,1.4340628744665607
43.60000000000035,3,511.713308933793,-157.10380151163923,7.652277991140892,1.434062898841172
43.60000000000035,4,511.81761542404655,-156.3457159355808,7.6273096891124545,1.4340629254481845
43.60000000000035,5,511.92158155685325,-155.59010388289425,7.618033770247378,1.4340629455364968
43.60000000000035,6,512.0254212365481,-154.8354107623697,7.62053648725166,1.4340629558291056
43.60000000000035,7,512.1292950224368,-154.08046970497494,7.631475998948397,1.434062957098626
43.60000000000035,8,512.233317921342,-153.32444490661936,7.645800736387111,1.4340629541246819
43.70000000000035,0,511.5025238720501,-158.63575880895766,7.76636221167552,1.434062864674705
43.70000000000035,1,511.608385445092,-157.86637129451367,7.729844966766168,1.4340628917856928
43.70000000000035,2,511.71374923884895,-157.1006014184626,7.702512128805141,1.4340629147050845
43.70000000000035,3,511.81874044729557,-156.3375393128037,7.687028153398311,1.4340629298964824
43.70000000000035,4,511.9235205855911,-155.5760111511905,7.681291955322157,1.4340629367870006
43.70000000000035,5,512.0282225298274,-154.81505125480834,7.682772824459468,1.4340629376784244
43.70000000000035,6,512.1329446587758,-154.05394465358165,7.689811311674579,1.434062935749177
43.70000000000035,7,512.2377627292133,-153.2921407731758,7.701256155609282,1.434062933466286
43.70000000000035,8,512.3427368034579,-152.52920309060966,7.714125441538206,1.4340629316110745
43.80000000000035,0,511.60838541151384,-157.86637128989253,7.729844966766284,1.4340628917856761
43.80000000000035,1,511.71374920527086,-157.10060141384145,7.735787365118058,1.4340629046214763
43.80000000000035,2,511.81919398869866,-156.33424284291607,7.742118561633509,1.4340629157956564
43.80000000000035,3,511.92472506267626,-155.56725706035633,7.750039130738896,1.4340629244684393
43.80000000000035,4,512.0303640934883,-154.79948661259954,7.758577818787364,1.4340629301415884
43.80000000000035,5,512.1361195088664,-154.03087026498525,7.767130549033816,1.4340629332507946
43.80000000000035,6,512.2419915021784,-153.26140662667007,7.776098099074023,1.4340629344502829
43.80000000000035,7,512.3479857292053,-152.49105460304645,7.786286789177236,1.4340629341802922
43.80000000000035,8,512.4541188361611,-151.71969322000933,7.7964693992476874,1.4340629333762602
43.900000000000354,0,511.71374918938034,-157.10060141165567,7.735787365118069,1.4340629046214282
43.900000000000354,1,511.81919397280836,-156.33424284073027,7.776213286966947,1.434062913467819
43.900000000000354,2,511.92518978609985,-155.56387940805158,7.809308942305282,1.4340629204839206
43.900000000000354,3,512.0316367133927,-154.7902372987831,7.835073896265778,1.4340629253942399
43.900000000000354,4,512.1384348331453,-154.01404274120335,7.853626211517441,1.4340629283028887
43.900000000000354,5,512.2454858330474,-153.23601026750944,7.866138841678298,1.4340629297518084
43.900000000000354,6,512.3527073886476,-152.45673820925253,7.874882368734597,1.4340629303351209
43.900000000000354,7,512.4600481248282,-151.67659995895946,7.882400185592465,1.4340629304275225
43.900000000000354,8,512.567491334594,-150.89571694369187,7.888935701484318,1.4340629303512427
44.000000000000355,0,511.8191939618584,-156.33424283922437,7.776213286967004,1.434062913467958
44.000000000000355,1,511.92518977514965,-155.5638794065456,7.844085416843974,1.4340629183472322
44.000000000000355,2,512.0321107343768,-154.78679210852485,7.897906217872577,1.4340629223581756
44.000000000000355,3,512.1397653096665,-154.00437296338453,7.936707191377747,1.434062925403285
44.000000000000355,4,512.2479487698652,-153.21810993528516,7.9616456019889945,1.434062927375114
44.000000000000355,5,512.3564721583423,-152.42937634206757,7.975521675119814,1.434062928447017
44.000000000000355,6,512.4651846875828,-151.63926809259226,7.982291339308959,1.4340629289790527
44.000000000000355,7,512.5739894921621,-150.84848919507624,7.986028187413629,1.4340629292711142
44.000000000000355,8,512.6828452326404,-150.0573401004888,7.988191816064383,1.434062929473618
44.10000000000036,0,511.92518976910605,-155.56387940571375,7.8440854168440515,1.4340629183472007
44.10000000000036,1,512.0321107283334,-154.78679210769303,7.776071062126414,1.434062916963192
44.10000000000036,2,512.1381046002974,-154.01644276438287,7.722946943911592,1.434062918822749
44.10000000000036,3,512.2433743479569,-153.2513562495284,7.68844620406765,1.4340629231868087
44.10000000000036,4,512.3481738204903,-152.48968760708283,7.669873882141889,1.434062927917687
44.10000000000036,5,512.4527201343062,-151.7298588619389,7.663572050946493,1.4340629315278806
44.10000000000036,6,512.5571805465479,-150.970654417751,7.666632579075667,1.4340629334662076
44.10000000000036,7,512.6616826746817,-150.2111467770779,7.676661448364932,1.4340629338510458
44.10000000000036,8,512.7663215037633,-149.4506456098359,7.689439885863028,1.4340629334845676
44.20000000000036,0,512.0321107300427,-154.78679210792745,7.776071062126526,1.4340629169632706
44.20000000000036,1,512.1381046020061,-154.01644276461735,7.755637318051073,1.4340629216849814
44.20000000000036,2,512.2438199425824,-153.24811772346732,7.740675532405531,1.4340629257783768
44.20000000000036,3,512.3493313392985,-152.4812748959319,7.7332876346836255,1.4340629286783197
44.20000000000036,4,512.4547420310311,-151.71516396240082,7.731914072723478,1.4340629302060184
44.20000000000036,5,512.5601339988816,-150.9491891028968,7.734894337227102,1.4340629306655592
44.20000000000036,6,512.6655665896892,-150.1829189985106,7.741479386705433,1.434062930547528
44.20000000000036,7,512.7710889399043,-149.41599653531574,7.75135683951123,1.4340629302700778
44.20000000000036,8,512.8767459276514,-148.64809554594638,7.762239576501621,1.4340629300066259
44.30000000000036,0,512.1381045961568,-154.01644276381217,7.755637318051167,1.4340629216849474
44.30000000000036,1,512.243819936733,-153.24811772266222,7.774271901541691,1.4340629243071796
44.30000000000036,2,512.3497892790881,-152.47794661539336,7.79007241709103,1.434062926528072
44.30000000000036,3,512.4559739929839,-151.70621020367633,7.803789352453344,1.4340629282047836
44.30000000000036,4,512.5623456780249,-150.93311490088627,7.814966259484983,1.4340629292752758
44.30000000000036,5,512.6688697121251,-150.1589123391961,7.82379390647578,1.4340629298541143
44.30000000000036,6,512.7755140734322,-149.38383525199038,7.831491637116161,1.4340629300968373
44.30000000000036,7,512.8822633605726,-148.60799557633754,7.839602748925759,1.4340629301065915
44.30000000000036,8,512.9891232084321,-147.83135235997298,7.847471516907884,1.4340629300294616
44.40000000000036,0,512.2438199334915,-153.24811772221688,7.774271901541709,1.4340629243071716
44.40000000000036,1,512.3497892758471,-152.47794661494814,7.824428814079534,1.4340629259960997
44.40000000000036,2,512.4564422944263,-151.7028066299818,7.864481938348939,1.4340629273656873
44.40000000000036,3,512.5636412670119,-150.9236987158501,7.8940793916647225,1.4340629283708393
44.40000000000036,4,512.6712436749962,-150.14165868093187,7.913824185444867,1.4340629290030273
44.40000000000036,5,512.7791152192956,-149.35766259528376,7.925610259900251,1.4340629293436442
44.40000000000036,6,512.8871474166382,-148.57249890263395,7.932439106694838,1.434062929506756
44.40000000000036,7,512.9952726963159,-147.78665869896108,7.937496528824334,1.4340629295744631
44.40000000000036,8,513.1034669125149,-147.0003174733904,7.941488038916208,1.4340629296050735
44.50000000000036,0,512.3497892737585,-152.47794661466122,7.82442881407962,1.434062925996026
44.50000000000036,1,512.4564422923381,-151.7028066296947,7.742297053482738,1.4340629254446973
44.50000000000036,2,512.5619757918967,-150.93580316352632,7.678494227806942,1.4340629260594735
44.50000000000036,3,512.6666396091061,-150.17512042977214,7.637251031205468,1.4340629275815897
44.50000000000036,4,512.7707412484838,-149.4185235213624,7.61534345797382,1.4340629292451559
44.50000000000036,5,512.8745442694367,-148.6640969227658,7.608283348957433,1.4340629305055401
44.50000000000036,6,512.9782510546936,-147.91036974541862,7.612301966839381,1.434062931155839
44.50000000000036,7,513.0820126163288,-147.15624445697483,7.624222912797199,1.4340629312406805
44.50000000000036,8,513.185936669611,-146.40093820028852,7.639203303196226,1.4340629310585435
44.600000000000364,0,512.4564422930162,-151.70280662978735,7.742297053482835,1.4340629254447208
44.600000000000364,1,512.5619757925754,-150.93580316361903,7.710897657631272,1.4340629271329246
44.600000000000364,2,512.6670812927835,-150.1719103303692,7.687940497898711,1.4340629285626438
44.600000000000364,3,512.771873868056,-149.41029178597847,7.675920276734543,1.4340629295164475
44.600000000000364,4,512.8765025976915,-148.6498640445839,7.67277723980418,1.4340629299564696
44.600000000000364,5,512.981088484969,-147.88974767329665,7.676095628431269,1.4340629300224839
44.600000000000364,6,513.085719604399,-147.12930256034315,7.684355732447743,1.4340629299096601
44.600000000000364,7,513.1904633155204,-146.36803914653134,7.696560926025388,1.434062929770852
44.600000000000364,8,513.2953733929749,-145.60556660503974,7.709915632013893,1.4340629296563663
44.700000000000365,0,512.5619757904788,-150.93580316332952,7.710897657631387,1.434062927132839
44.700000000000365,1,512.6670812906871,-150.17191033007984,7.7213055613105075,1.434062927946762
44.700000000000365,2,512.7723286580515,-149.4069864205477,7.731421533308031,1.4340629286513424
44.700000000000365,3,512.8777139133995,-148.64106035543955,7.7422973342769446,1.4340629291943834
44.700000000000365,4,512.9832474139098,-147.8740568610582,7.753007663903504,1.434062929547026
44.700000000000365,5,513.0889269042257,-147.10599233011564,7.763060973302997,1.4340629297390515
44.700000000000365,6,513.1947434287756,-146.33693185142488,7.772991290319088,1.4340629298132743
44.700000000000365,7,513.3006953111687,-145.56688760944192,7.783748339822149,1.434062929798011
44.700000000000365,8,513.4067938204778,-144.79577770255497,7.794270111779235,1.434062929750381
44.80000000000037,0,512.6670812896845,-150.1719103299426,7.721305561310519,1.4340629279468446
44.80000000000037,1,512.7723286570489,-149.40698642041053,7.765595569184113,1.4340629284996111
44.80000000000037,2,512.8781797310538,-148.6376748479166,7.801935314101732,1.4340629289389981
44.80000000000037,3,512.9845261435507,-147.86476321842508,7.830194938278613,1.434062929248026
44.80000000000037,4,513.0912577563416,-147.0890520024784,7.85054149974367,1.4340629294322427
44.80000000000037,5,513.1982667083577,-146.31132512073907,7.864256737731692,1.434062929524847
44.80000000000037,6,513.3054626096024,-145.53223951624756,7.8737371061009505,1.4340629295630625
44.80000000000037,7,513.41278773557,-144.752214723375,7.881658002578359,1.434062929570646
44.80000000000037,8,513.5202208294767,-143.97140523378772,7.888408244699606,1.434062929567569
44.90000000000037,0,512.7723286563689,-149.40698642031728,7.765595569184165,1.434062928499593
44.90000000000037,1,512.8781797303741,-148.63767484782343,7.836781288520076,1.4340629288062607
44.90000000000037,2,512.9850011205556,-147.86131114424086,7.893354885192501,1.4340629290591367
44.90000000000037,3,513.0925936524181,-147.07934288368082,7.934236262657599,1.434062929252259
44.90000000000037,4,513.2007434289212,-146.29332464180675,7.960633388110386,1.4340629293781433
44.90000000000037,5,513.3092530185602,-145.50469132501436,7.975450515304004,1.4340629294469882
44.90000000000037,6,513.4179645770479,-144.71459012499508,7.98276145775004,1.4340629294813612
44.90000000000037,7,513.5267757893075,-143.92376465436348,7.9867604550132,1.4340629295004876
44.90000000000037,8,513.6356415109776,-143.13254301644977,7.989034101116882,1.4340629295139986
45.00000000000037,0,512.8781797299937,-148.63767484777054,7.836781288520153,1.4340629288062834
45.00000000000037,1,512.985001120175,-147.8613111441881,7.771580147700291,1.4340629287214093
45.00000000000037,2,513.0909337684437,-147.09140669949912,7.720765475128812,1.4340629288395714
45.00000000000037,3,513.1961737733327,-146.3265362944041,7.687975084584899,1.4340629291141709
45.00000000000037,4,513.3009668196287,-145.56491432356836,7.670565311545822,1.4340629294114673
45.00000000000037,5,513.4055225570272,-144.8050170806705,7.6649767480663735,1.4340629296384817
45.00000000000037,6,513.5100021178112,-144.04567347803578,7.668410790795141,1.4340629297608771
45.00000000000037,7,513.6145284871606,-143.28598967626402,7.678582922609424,1.4340629297861505
45.00000000000037,8,513.7191935105136,-142.52529815542232,7.691384379040569,1.434062929764396
45.10000000000037,0,512.9850011202755,-147.86131114420124,7.771580147700401,1.4340629287213957
45.10000000000037,1,513.0909337685441,-147.09140669951228,7.753507922322959,1.4340629290175237
45.10000000000037,2,513.1966200781757,-146.32329260969794,7.740458243516094,1.4340629292749918
45.10000000000037,3,513.302128510395,-145.55647130787673,7.7344524602216715,1.4340629294588445
45.10000000000037,4,513.4075550790021,-144.79024497889446,7.733981993192258,1.4340629295571095
45.10000000000037,5,513.5129752347052,-144.02406525749637,7.737478817619107,1.4340629295882932
45.10000000000037,6,513.6184430548051,-143.25753911739784,7.744294893170904,1.4340629295825718
45.10000000000037,7,513.7240037832901,-142.49033773149878,7.754216541759556,1.4340629295660907
45.10000000000037,8,513.829699751531,-141.7221534410694,7.7650510888330935,1.434062929549983
45.20000000000037,0,513.0909337681755,-147.09140669946112,7.7535079223230445,1.4340629290174478
45.20000000000037,1,513.1966200778074,-146.32329260964667,7.774099071376732,1.434062929184729
45.20000000000037,2,513.3025870605968,-145.5531386235674,7.791458069073495,1.4340629293260942
45.20000000000037,3,513.4087906598415,-144.7812649396472,7.806268098729722,1.4340629294326166
45.20000000000037,4,513.5151961311619,-144.00792407562585,7.818122620925322,1.4340629295004885
45.20000000000037,5,513.6217631887349,-143.23340882374356,7.827298520467452,1.4340629295371705
45.20000000000037,6,513.7284553208872,-142.45798454618836,7.8351076109038775,1.434062929552777
45.20000000000037,7,513.8352538969689,-141.68178664816818,7.843181549077602,1.4340629295538325
45.20000000000037,8,513.9421625270709,-140.90478889210482,7.850944895770238,1.4340629295494203
45.300000000000374,0,513.1966200776056,-146.3232926096199,7.774099071376764,1.4340629291846723
45.300000000000374,1,513.3025870603958,-145.5531386235404,7.8258520253129396,1.4340629292919198
45.300000000000374,2,513.4092594758899,-144.77785764544706,7.867151163470945,1.4340629293790457
45.300000000000374,3,513.5164948305098,-143.9984852998969,7.897589167930355,1.4340629294432534
45.300000000000374,4,513.62414507862,-143.2160975630709,7.917817307793299,1.434062929483841
45.300000000000374,5,513.7320710518884,-142.4317058920992,7.929809100545948,1.4340629295058411
45.300000000000374,6,513.8401604825492,-141.64612623433658,7.936650106909844,1.4340629295164513
45.300000000000374,7,513.9483431614084,-140.85986886095952,7.9416046766497335,1.4340629295210765
45.300000000000374,8,514.0565933748815,-140.07312065493375,7.945445816116785,1.4340629295232987
45.400000000000375,0,513.302587060266,-145.55313862352267,7.825852025313007,1.4340629292919953
45.400000000000375,1,513.4092594757601,-144.77785764542932,7.744997628963354,1.434062929257236
45.400000000000375,2,513.5148297833273,-144.01058664188076,7.682166775649992,1.4340629292965603
45.400000000000375,3,513.6195436577415,-143.24954008075977,7.64154526122914,1.434062929393452
45.400000000000375,4,513.7237038294246,-142.49251775715967,7.6199552346915524,1.4340629294992255
45.400000000000375,5,513.8275697122691,-141.73763428524643,7.612981538220134,1.434062929579441
45.400000000000375,6,513.9313405381768,-140.9834416741032,7.616931341064506,1.4340629296208989
45.400000000000375,7,514.0351652029208,-140.22885776920225,7.628697565814966,1.4340629296265863
45.400000000000375,8,514.1391502504034,-139.47310822377955,7.643493344575829,1.4340629296153407
45.50000000000038,0,513.4092594757986,-144.77785764543404,7.744997628963464,1.4340629292572056
45.50000000000038,1,513.5148297833659,-144.01058664188542,7.7145960068995105,1.4340629293643998
45.50000000000038,2,513.6199856932302,-143.2463274253123,7.692372377855691,1.4340629294553966
45.50000000000038,3,513.724838677774,-142.48426982930783,7.680785832386473,1.4340629295164269
45.50000000000038,4,513.8295337286961,-141.72336007359294,7.677820332872334,1.434062929544992
45.50000000000038,5,513.934188357545,-140.9627440999906,7.681126619507685,1.434062929549784
45.50000000000038,6,514.0388880536339,-140.20180058363218,7.689253048556535,1.4340629295430949
45.50000000000038,7,514.1436985192403,-139.44005200913614,7.701263713425957,1.4340629295345857
45.50000000000038,8,514.2486726995037,-138.67711357825513,7.7144088252299525,1.4340629295274074
45.60000000000038,0,513.5148297832275,-144.0105866418653,7.7145960068996215,1.4340629293643357
45.60000000000038,1,513.619985693092,-143.24632742529235,7.725758318408229,1.4340629294167955
45.60000000000038,2,513.7252937538543,-142.48096239585698,7.736402117684842,1.4340629294620708
45.60000000000038,3,513.8307468977982,-141.71454292083212,7.74755167556331,1.434062929496895
45.60000000000038,4,513.9363520188122,-140.94701889640638,7.758322735983142,1.4340629295195257
45.60000000000038,5,514.0421039576918,-140.17842781905787,7.768283908494443,1.434062929531748
45.60000000000038,6,514.147991675047,-139.40884992167344,7.778029832972467,1.434062929536474
45.60000000000038,7,514.2540122368865,-138.63830652815602,7.788562994030726,1.4340629295355973
45.60000000000038,8,514.3601763738578,-137.8667196496122,7.798858121521849,1.4340629295327323
45.70000000000038,0,513.6199856930322,-143.2463274252849,7.725758318408247,1.4340629294168146
45.70000000000038,1,513.7252937537951,-142.48096239584945,7.7705926924940085,1.4340629294522536
45.70000000000038,2,513.8312129417229,-141.7111557749667,7.807284454667663,1.4340629294804268
45.70000000000038,3,513.9376322667238,-140.9377142239577,7.835683303579301,1.4340629295003589
45.70000000000038,4,514.0444386899826,-140.1614592939957,7.8559945201030095,1.4340629295122955
45.70000000000038,5,514.1515219708212,-139.38319219976418,7.86955389307462,1.4340629295182743
45.70000000000038,6,514.2587900763951,-138.60358182381572,7.878811465266539,1.4340629295209086
45.70000000000038,7,514.3661843698351,-137.82305433116187,7.886488083125721,1.4340629295213954
45.70000000000038,8,514.4736833015136,-137.0417663416593,7.893001358102773,1.4340629295213172
45.80000000000038,0,513.7252937537558,-142.48096239584459,7.7705926924940725,1.4340629294522604
45.80000000000038,1,513.8312129416837,-141.71115577496175,7.842143175265641,1.4340629294720428
45.80000000000038,2,513.9381074180112,-140.93426088712678,7.898920086001863,1.4340629294883196
45.80000000000038,3,514.0457758075289,-140.1517413006953,7.939828944008351,1.4340629295007958
45.80000000000038,4,514.1540018164087,-139.3651690105636,7.966113040967188,1.4340629295090286
45.80000000000038,5,514.262586097851,-138.5759928428811,7.980724856016493,1.4340629295135332
45.80000000000038,6,514.3713695496286,-137.78536913156597,7.987785230061531,1.4340629295158478
45.80000000000038,7,514.4802492397632,-136.99404597261503,7.99152718335113,1.4340629295171325
45.80000000000038,8,514.5891799356141,-136.2023521108707,7.993559180483864,1.4340629295180398
45.90000000000038,0,513.8312129416573,-141.71115577495777,7.842143175265726,1.4340629294719278
45.90000000000038,1,513.9381074179853,-140.93426088712283,7.777154805736255,1.4340629294664962
45.90000000000038,2,514.0441160525806,-140.16380417963381,7.7264191556020565,1.4340629294741722
45.90000000000038,3,514.1494331210216,-139.39837368326243,7.6935648150395695,1.434062929491918
45.90000000000038,4,514.2543023593787,-138.6361979564918,7.675980528544619,1.4340629295111964
45.90000000000038,5,514.3589319102975,-137.8757642461525,7.670149612658243,1.4340629295259115
45.90000000000038,6,514.4634819813115,-137.1159081851407,7.673314408930571,1.4340629295338518
45.90000000000038,7,514.568075190941,-136.35573859834938,7.683223141304112,1.4340629295354934
45.90000000000038,8,514.6728034642538,-135.59458738659208,7.695782934137474,1.4340629295341234
46.000000000000384,0,513.938107417987,-140.9342608871225,7.777154805736356,1.434062929466418
46.000000000000384,1,514.0441160525828,-140.1638041796335,7.759168233031122,1.43406292948561
46.000000000000384,2,514.1498795162672,-139.39512934172473,7.746095118039409,1.4340629295022975
46.000000000000384,3,514.2554647832711,-138.62774961357928,7.739951933549345,1.434062929514225
46.000000000000384,4,514.3609663139107,-137.8609784701675,7.739259625752358,1.4340629295206742
46.000000000000384,5,514.4664584078546,-137.0942759113722,7.742487743177773,1.4340629295227363
46.000000000000384,6,514.5719945035336,-136.3272535537833,7.7490235935981895,1.4340629295223584
46.000000000000384,7,514.6776196879092,-135.55958371135947,7.758680807046995,1.4340629295212817
46.000000000000384,8,514.783376507573,-134.7909571611084,7.7692774768501724,1.434062929520303
46.100000000000385,0,514.0441160525576,-140.16380417962958,7.75916823303118,1.4340629294856155
46.100000000000385,1,514.1498795162419,-139.39512934172086,7.779740169772571,1.4340629294965108
46.100000000000385,2,514.2559233913256,-138.62441651086323,7.796992662670498,1.4340629295057128
46.100000000000385,3,514.3622024312226,-137.85199453325276,7.811607635862212,1.4340629295125873
46.100000000000385,4,514.4686806845017,-137.07812469914305,7.823205263076618,1.4340629295169984
46.100000000000385,5,514.5753170224054,-136.30310592690543,7.832095217090435,1.434062929519433
46.100000000000385,6,514.6820745372554,-135.52720645666562,7.839619546247121,1.4340629295205245
46.100000000000385,7,514.7889346145303,-134.75056157630917,7.847432362001816,1.4340629295206382
46.100000000000385,8,514.8959011865256,-133.97314270643443,7.854964653540681,1.4340629295203664
46.20000000000039,0,514.1498795162345,-139.39512934172052,7.779740169772617,1.4340629294966694
46.20000000000039,1,514.2559233913173,-138.62441651086277,7.831388816779547,1.4340629295035379
46.20000000000039,2,514.3626712773973,-137.84858702134014,7.872515477330222,1.4340629295091114
46.20000000000039,3,514.4699797516621,-137.06868325114868,7.902714539591278,1.4340629295132614
46.20000000000039,4,514.5776998624974,-136.28578776089205,7.922661275779682,1.434062929515966
46.20000000000039,5,514.6856918627703,-135.5009162142143,7.934357579066238,1.4340629295175025
46.20000000000039,6,514.7938432927017,-134.71488595390082,7.9409146057547595,1.4340629295181233
46.20000000000039,7,514.9020840999767,-133.92820611089013,7.945614854856821,1.4340629295184257
46.20000000000039,8,515.0103889752824,-133.14106062992605,7.949234126251589,1.4340629295186123
46.30000000000039,0,514.2559233913111,-138.62441651086218,7.831388816779626,1.4340629295034062
46.30000000000039,1,514.3626712773913,-137.84858702133954,7.750362456277049,1.4340629295011262
46.30000000000039,2,514.4683147115164,-137.08078454227154,7.687308111378759,1.4340629295036684
46.30000000000039,3,514.5730986661551,-136.31922864619906,7.646415671971628,1.4340629295100071
46.30000000000039,4,514.6773252252156,-135.56172382728897,7.6245287059925335,1.4340629295170282
46.30000000000039,5,514.781253447997,-134.8063872768729,7.617256392192158,1.4340629295223133
46.30000000000039,6,514.8850825435134,-134.0517711702545,7.6209273151816594,1.4340629295250125
46.30000000000039,7,514.9889616765474,-133.29679139757638,7.632448755480479,1.434062929525316
46.30000000000039,8,515.0929978557227,-132.54067023435397,7.6470336347608905,1.4340629295246246
46.40000000000039,0,514.36267127739,-137.84858702133863,7.750362456277155,1.4340629295012755
46.40000000000039,1,514.468314711515,-137.08078454227078,7.719736476312739,1.4340629295082197
46.40000000000039,2,514.5735406898433,-136.31601607657547,7.697251325187824,1.434062929514178
46.40000000000039,3,514.6784601781679,-135.5534751395757,7.685372067758233,1.4340629295182654
46.40000000000039,4,514.7832177430232,-134.79211104086593,7.682101644295647,1.4340629295200875
46.40000000000039,5,514.8879307294765,-134.03107093206697,7.68511145981692,1.4340629295203322
46.40000000000039,6,514.9926847420429,-133.26973265091385,7.692967545207427,1.4340629295198857
46.40000000000039,7,515.097545839129,-132.50761609366413,7.704745038687596,1.4340629295193044
46.40000000000039,8,515.2025674725601,-131.74433277953813,7.717691497978252,1.4340629295188663
46.50000000000039,0,514.4683147115003,-137.08078454226793,7.719736476312868,1.4340629295082459
46.50000000000039,1,514.5735406898282,-136.31601607657274,7.730635289428028,1.4340629295116387
46.50000000000039,2,514.6789152274051,-135.55016790192468,7.7409907069251425,1.4340629295146028
46.50000000000039,3,514.7844309173287,-134.78329385070987,7.751834411235484,1.4340629295168892
46.50000000000039,4,514.8900944153265,-134.01534554998725,7.762298838045408,1.4340629295183813
46.50000000000039,5,514.9959005515531,-133.24636057350986,7.771969946859372,1.4340629295192047
46.50000000000039,6,515.1018385124717,-132.47641751263788,7.781456728117302,1.4340629295194474
46.50000000000039,7,515.2079057855552,-131.70553462808522,7.791769839625327,1.4340629295193876
46.50000000000039,8,515.3141136343246,-130.9336300580789,7.801879410126216,1.434062929519255
46.60000000000039,0,514.5735406898302,-136.31601607657353,7.73063528942803,1.4340629295116971
46.60000000000039,1,514.6789152274065,-135.5501679019254,7.775178432560201,1.4340629295139333
46.60000000000039,2,514.7848969224708,-134.77990698710985,7.811564472326651,1.4340629295157612
46.60000000000039,3,514.8913745873951,-134.00604142906676,7.839651572945487,1.4340629295171352
46.60000000000039,4,514.9982351012209,-133.22939337593294,7.859659582975739,1.4340629295179221
46.60000000000039,5,515.105368339697,-132.4507631961838,7.872938669061778,1.434062929518376
46.60000000000039,6,515.2126825823848,-131.67081750180236,7.881950292053602,1.4340629295185532
46.60000000000039,7,515.3201196604634,-130.88997905608016,7.889421004634029,1.4340629295185747
46.60000000000039,8,515.427658570132,-130.10840051185642,7.895762303340753,1.4340629295185676
46.700000000000394,0,514.6789152274085,-135.55016790192627,7.775178432560266,1.4340629295139715
46.700000000000394,1,514.7848969224729,-134.7799069871106,7.84641967771805,1.4340629295153837
46.700000000000394,2,514.8918496908022,-134.0025884404804,7.902881549797929,1.4340629295163794
46.700000000000394,3,514.9995720781131,-133.21967640508092,7.943478758918449,1.4340629295172365
46.700000000000394,4,515.1078478367798,-132.4327425399951,7.969467205760369,1.4340629295177711
46.700000000000394,5,515.2164778380751,-131.64323408642704,7.983811100932926,1.4340629295180214
46.700000000000394,6,515.3253033577546,-130.8523046311531,7.990640135895861,1.4340629295182103
46.700000000000394,7,515.4342219624616,-130.06069864623217,7.9941909384876935,1.4340629295182317
46.700000000000394,8,515.5431889673541,-129.26874089517807,7.996064721740136,1.4340629295182925
46.800000000000395,0,514.7848969224694,-134.77990698710985,7.84641967771812,1.4340629295153038
46.800000000000395,1,514.8918496907991,-134.00258844047954,7.78111226719224,1.4340629295149974
46.800000000000395,2,514.9979122686175,-133.23173968051898,7.730058943212137,1.4340629295155227
46.800000000000395,3,515.1032789501464,-132.46594860256187,7.696897932916416,1.4340629295166698
46.800000000000395,4,515.2081936214588,-131.70344267495182,7.67902879657133,1.4340629295178782
46.800000000000395,5,515.3128647226229,-130.94270698289665,7.672944242765636,1.434062929518807
46.800000000000395,6,515.4174528866126,-130.18257406723046,7.675893233642297,1.4340629295193386
46.800000000000395,7,515.5220812476276,-129.42214900490424,7.685625835004813,1.4340629295194405
46.800000000000395,8,515.6268422715264,-128.66075976632214,7.698041107986437,1.434062929519356
46.9000000000004,0,514.8918496907945,-134.00258844047835,7.781112267192348,1.4340629295149405
46.9000000000004,1,514.9979122686127,-133.2317396805178,7.762803684509991,1.4340629295161533
46.9000000000004,2,515.1037252862889,-132.46270469059053,7.749415742606944,1.4340629295172032
46.9000000000004,3,515.2093558159627,-131.69499599927698,7.742974763089565,1.4340629295180651
46.9000000000004,4,515.3148985501033,-130.9279253942554,7.742010877616019,1.434062929518491
46.9000000000004,5,515.4204281457396,-130.1609502781427,7.745000974043615,1.4340629295186422
46.9000000000004,6,515.5259984987024,-129.39367894318053,7.751337060717097,1.4340629295186273
46.9000000000004,7,515.6316552174266,-128.62577991330954,7.760833142664768,1.4340629295185638
46.9000000000004,8,515.7374413750914,-127.85694013836995,7.771298715745011,1.4340629295185017
47.0000000000004,0,514.9979122686098,-133.2317396805171,7.762803684510065,1.4340629295161318
47.0000000000004,1,515.1037252862861,-132.46270469058976,7.783056254537999,1.4340629295169054
47.0000000000004,2,515.209814362154,-131.69166334630637,7.8000011870699115,1.434062929517554
47.0000000000004,3,515.3161344105558,-130.91894332424772,7.8143302727914445,1.4340629295179825
47.0000000000004,4,515.4226497754777,-130.1448037676056,7.825671398895519,1.4340629295182723
47.0000000000004,5,515.529319728719,-129.36954068354316,7.834339790506274,1.4340629295184317
47.0000000000004,6,515.6361078388416,-128.59341885092437,7.8416805590953915,1.4340629295184968
47.0000000000004,7,515.7429960093168,-127.8165697929206,7.849346990679844,1.4340629295184881
47.0000000000004,8,515.8499886791836,-127.03896124718845,7.856761177045946,1.4340629295184806
47.1000000000004,0,515.1037252862908,-132.46270469059115,7.783056254538033,1.4340629295169265
47.1000000000004,1,515.2098143621585,-131.69166334630768,7.834392706870158,1.4340629295173601
47.1000000000004,2,515.3166031935727,-130.91553627144197,7.87522255849215,1.4340629295177383
47.1000000000004,3,515.4239485674404,-130.1353643197756,7.905149923484525,1.4340629295179947
47.1000000000004,4,515.5317018744379,-129.352227564184,7.924856467573019,1.4340629295181693
47.1000000000004,5,515.6397237968713,-128.56713854719925,7.936348093785553,1.4340629295182898
47.1000000000004,6,515.7479023590568,-127.7809110932518,7.942737639961789,1.434062929518304
47.1000000000004,7,515.856168015698,-126.99405064834141,7.947305815078516,1.4340629295183103
47.1000000000004,8,515.9644959400991,-126.20673764960534,7.950819417206729,1.4340629295183298
47.2000000000004,0,515.2098143621602,-131.69166334630813,7.834392706870231,1.4340629295173022
47.2000000000004,1,515.3166031935748,-130.91553627144236,7.753064899006509,1.434062929517216
47.2000000000004,2,515.4222834640723,-130.1474660704128,7.689727165550383,1.4340629295174008
47.2000000000004,3,515.5271003922794,-129.38567052673523,7.648578854914513,1.4340629295178182
47.2000000000004,4,515.6313564371901,-128.62795140852714,7.6264687531547315,1.4340629295183145
47.2000000000004,5,515.7353111043136,-127.87242266412932,7.619008729731937,1.4340629295186416
47.2000000000004,6,515.8391640855486,-127.11763295929373,7.622527899267648,1.4340629295187373
47.2000000000004,7,515.9430650357864,-126.36249462210591,7.633930994863237,1.4340629295187013
47.2000000000004,8,516.0471214190356,-125.60622661838737,7.648421992840059,1.4340629295186864
47.3000000000004,0,515.3166031935701,-130.91553627144134,7.753064899006609,1.4340629295171674
47.3000000000004,1,515.4222834640677,-130.14746607041178,7.722150961596282,1.4340629295176426
47.3000000000004,2,515.5275423536901,-129.38245840973636,7.699397804796106,1.4340629295180536
47.3000000000004,3,515.6324911001891,-128.61970482818248,7.687279585580667,1.4340629295183251
47.3000000000004,4,515.7372746659876,-127.85815175806378,7.683803423150908,1.4340629295184795
47.3000000000004,5,515.842010849004,-127.09694305972718,7.686642296699471,1.4340629295184906
47.3000000000004,6,515.9467857280624,-126.33545312368584,7.694361821049478,1.4340629295185061
47.3000000000004,7,516.0516658302074,-125.57319844019342,7.7060340102677705,1.4340629295185585
47.3000000000004,8,516.1567050333184,-124.80978743196535,7.718897663294588,1.4340629295184897
47.400000000000404,0,515.4222834640614,-130.14746607040993,7.722150961596384,1.434062929517662
47.400000000000404,1,515.5275423536838,-129.38245840973465,7.732777328590971,1.43406292951788
47.400000000000404,2,515.6329460889062,-128.61639803043246,7.742881479689139,1.4340629295180374
47.400000000000404,3,515.7384875515223,-127.84933666668529,7.753503748156819,1.4340629295182596
47.400000000000404,4,515.8441738038721,-127.08122299033857,7.76377983666736,1.4340629295183922
47.400000000000404,5,515.950000127255,-126.31209129628263,7.773296344912077,1.4340629295184617
47.400000000000404,6,516.0559561680055,-125.5420168335931,7.7826610833756975,1.4340629295184395
47.400000000000404,7,516.1620398573834,-124.7710146375944,7.792881165149935,1.434062929518451
47.400000000000404,8,516.2682628543798,-123.99899997228646,7.8029182497922855,1.4340629295184173
47.500000000000405,0,515.5275423536892,-129.38245840973576,7.732777328590975,1.4340629295178369
47.500000000000405,1,515.6329460889117,-128.61639803043366,7.777064939266665,1.434062929517911
47.500000000000405,2,515.7389534985184,-127.84595022570967,7.81321729339478,1.4340629295181022
47.500000000000405,3,515.8454536926699,-127.07192092821288,7.841100710703785,1.4340629295182694
47.500000000000405,4,515.9523339593634,-126.29512931384944,7.860937512753975,1.434062929518311
47.500000000000405,5,516.0594846170095,-125.51637253387257,7.874077735722854,1.4340629295183218
47.500000000000405,6,516.1668143860572,-124.73631399596782,7.882981056976016,1.4340629295182783
47.500000000000405,7,516.2742655142592,-123.95537343581323,7.89037019771152,1.4340629295182532
47.500000000000405,8,516.3818173621638,-123.17370085820701,7.896648554223709,1.4340629295182872
47.600000000000406,0,515.6329460889165,-128.6163980304348,7.777064939266734,1.4340629295181286
47.600000000000406,1,515.7389534985224,-127.84595022571075,7.848068441790821,1.4340629295182725
47.600000000000406,2,515.8459287407791,-127.0684683415396,7.904314617936292,1.4340629295183067
47.600000000000406,3,515.9536706619152,-126.28541433687396,7.944725801785124,1.4340629295183056
47.600000000000406,4,516.0619634187399,-125.49835693142333,7.9705596815705,1.4340629295183072
47.600000000000406,5,516.1706083113252,-124.70874024993174,7.984779711905122,1.4340629295183658
47.600000000000406,6,516.2794470339206,-123.91771483760914,7.991513337312762,1.4340629295183587
47.600000000000406,7,516.3883775410384,-123.1260223475453,7.994993180835905,1.4340629295183325
47.600000000000406,8,516.4973554811143,-122.33398512102565,7.9968127830219595,1.4340629295183245
47.70000000000041,0,515.7389534985205,-127.84595022571004,7.848068441790896,1.4340629295181349
47.70000000000041,1,515.8459287407771,-127.068468341539,7.782541512348558,1.4340629295180847
47.70000000000041,2,515.9520108003101,-126.29747799104209,7.731290532415002,1.434062929518134
47.70000000000041,3,516.0573942693507,-125.53156490366278,7.697960800401954,1.434062929518165
47.70000000000041,4,516.1623234283677,-124.76895368132665,7.679953077839212,1.4340629295182228
47.70000000000041,5,516.2670071282,-124.00812642381851,7.673758819802272,1.4340629295183565
47.70000000000041,6,516.3716063955048,-123.24791281073064,7.676624399402526,1.4340629295184224
47.70000000000041,7,516.4762447228753,-122.48741531425877,7.6862957994553955,1.4340629295184408
47.70000000000041,8,516.5810148789085,-121.7259597045401,7.698664877543275,1.4340629295184215
47.80000000000041,0,515.8459287407723,-127.06846834153782,7.782541512348669,1.4340629295180263
47.80000000000041,1,515.9520108003051,-126.2974779910409,7.7640317013850835,1.4340629295180887
47.80000000000041,2,516.0578405567998,-125.52832134559004,7.750463900917264,1.4340629295182015
47.80000000000041,3,516.1634853736807,-124.76050881673933,7.743870942602968,1.4340629295182854
47.80000000000041,4,516.2690403234413,-123.99334943021151,7.742783663040487,1.4340629295182965
47.80000000000041,5,516.3745804527406,-123.22629775683235,7.745677311123737,1.4340629295183087
47.80000000000041,6,516.4801600247013,-122.45895941941848,7.751941068272961,1.434062929518293
47.80000000000041,7,516.5858249765155,-121.69100055253972,7.761384857025383,1.4340629295182579
47.80000000000041,8,516.6916186544743,-120.9221061211042,7.771811464782072,1.4340629295182692
47.90000000000041,0,515.9520108003037,-126.29747799104042,7.764031701385157,1.4340629295180982
47.90000000000041,1,516.0578405567985,-125.5283213455896,7.784101100786751,1.4340629295181775
47.90000000000041,2,516.1639438747272,-124.75717649188387,7.800883494865596,1.4340629295183034
47.90000000000041,3,516.2702759496664,-123.98436906254356,7.815076625010253,1.4340629295183325
47.90000000000041,4,516.3768014879458,-123.21015556728413,7.826308668094249,1.4340629295183578
47.90000000000041,5,516.4834801276588,-122.43482935109402,7.8348929221474455,1.4340629295183742
47.90000000000041,6,516.5902757773936,-121.65865272157421,7.84217152242038,1.434062929518527
47.90000000000041,7,516.6971706400785,-120.88175502547645,7.849793737008401,1.4340629295185034
47.90000000000041,8,516.8041693994433,-120.10410222208014,7.857175457856038,1.4340629295184453
48.00000000000041,0,516.057840556804,-125.52832134559094,7.784101100786778,1.4340629295183116
48.00000000000041,1,516.1639438747329,-124.75717649188513,7.835271966607364,1.434062929518337
48.00000000000041,2,516.2707446911365,-123.98096231169879,7.875955938997485,1.4340629295183134
48.00000000000041,3,516.3781000615475,-123.20071770647931,7.905762533708777,1.4340629295182958
48.00000000000041,4,516.4858617188952,-122.41752026164222,7.92537336342899,1.434062929518211
48.00000000000041,5,516.5938906870188,-121.63238003751437,7.936792199741268,1.4340629295182346
48.00000000000041,6,516.7020753027122,-120.84610858747571,7.9431288294621165,1.4340629295183622
48.00000000000041,7,516.810346291569,-120.05920938873025,7.947660059378517,1.4340629295184795
48.00000000000041,8,516.9186790445935,-119.27186129619665,7.951146999352921,1.4340629295184288
48.10000000000041,0,516.1639438747352,-124.75717649188542,7.835271966607424,1.4340629295182943
48.10000000000041,1,516.2707446911388,-123.98096231169916,7.75379549435018,1.4340629295182667
48.10000000000041,2,516.3764349202153,-123.21281973303316,7.690327740854753,1.4340629295182894
48.10000000000041,3,516.4812600347275,-122.45096469236935,7.649072924203751,1.4340629295182263
48.10000000000041,4,516.5855228141843,-121.69319662836973,7.6268794991564235,1.4340629295182765
48.10000000000041,5,516.6894830800939,-120.93762719273961,7.619357070816515,1.4340629295182676
48.10000000000041,6,516.7933408094876,-120.18280297891829,7.62283168982059,1.4340629295184182
48.10000000000041,7,516.8972459006256,-119.42763454621678,7.634204342657154,1.434062929518495
48.10000000000041,8,517.0013060098167,-118.67133946284686,7.648673823488255,1.4340629295184533
48.200000000000415,0,516.2707446911354,-123.98096231169811,7.753795494350262,1.434062929518427
48.200000000000415,1,516.3764349202111,-123.21281973303212,7.72274900960299,1.434062929518424
48.200000000000415,2,516.4817019616899,-122.44775282574146,7.699880791194791,1.4340629295184466
48.200000000000415,3,516.5866572916659,-121.68495139634096,7.687669355999271,1.4340629295184173
48.200000000000415,4,516.6914461703368,-120.92335971297092,7.684121270528554,1.4340629295184364
48.200000000000415,5,516.7961866858589,-120.16211952655804,7.686907176970181,1.4340629295183835
48.200000000000415,6,516.9009651754402,-119.40060334971442,7.694589663763734,1.4340629295183418
48.200000000000415,7,517.005848383258,-118.63832609460654,7.706237183942637,1.4340629295183451
48.200000000000415,8,517.1108903557833,-117.87489495864227,7.719083847836216,1.434062929518332
48.300000000000416,0,516.3764349202045,-123.21281973303059,7.722749009603125,1.4340629295182548
48.300000000000416,1,516.481701961683,-122.44775282573995,7.733258037404676,1.4340629295182357
48.300000000000416,2,516.5871122493382,-121.68164482422385,7.743261116690601,1.4340629295182254
48.300000000000416,3,516.6926588867001,-120.91454585110893,7.753802456970269,1.4340629295182479
48.300000000000416,4,516.7983492106821,-120.14640258267946,7.764017036624449,1.434062929518246
48.300000000000416,5,516.9041787672842,-119.37724739001737,7.773489095909574,1.434062929518232
48.300000000000416,6,517.0101374353801,-118.60715383213136,7.782823497113285,1.4340629295183183
48.300000000000416,7,517.1162233385833,-117.83613554634708,7.793023999388989,1.4340629295183285
48.300000000000416,8,517.222448282521,-117.064106730929,7.803048049294524,1.4340629295183618
48.40000000000042,0,516.4817019616892,-122.44775282574122,7.73325803740468,1.4340629295182494
48.40000000000042,1,516.5871122493445,-121.68164482422505,7.777442537833042,1.4340629295183245
48.40000000000042,2,516.6931248059107,-120.91115961207433,7.813506801260153,1.4340629295183076
48.40000000000042,3,516.7996289462784,-120.1371016340018,7.8413205688708825,1.434062929518269
48.40000000000042,4,516.9065122098093,-119.36028823902535,7.86110530957163,1.434062929518324
48.40000000000042,5,517.013665154656,-118.58151483597908,7.874208718922653,1.4340629295183747
48.40000000000042,6,517.1209967091061,-117.8014433220069,7.8830876361004085,1.4340629295184093
48.40000000000042,7,517.2284492900635,-117.0204922034151,7.890461649726136,1.434062929518402
48.40000000000042,8,517.3360023845296,-116.23881056596368,7.8967303966234486,1.4340629295183684
48.50000000000042,0,516.5871122493493,-121.68164482422588,7.777442537833094,1.4340629295184053
48.50000000000042,1,516.6931248059154,-120.91115961207518,7.848356138010473,1.4340629295183644
48.50000000000042,2,516.8001039696942,-120.13364922680212,7.904526179121251,1.4340629295183893
48.50000000000042,3,516.9078487745729,-119.3505742634777,7.944877992573808,1.4340629295184009
48.50000000000042,4,517.0161436058754,-118.5635017809948,7.970668322817788,1.434062929518392
48.50000000000042,5,517.124789979325,-117.77387433677829,7.984858335960384,1.434062929518364
48.50000000000042,6,517.2336297736271,-116.98284113543355,7.991572772528883,1.4340629295183973
48.50000000000042,7,517.3425610908927,-116.19114275732171,7.99504135248914,1.4340629295183978
48.50000000000042,8,517.4515396875854,-115.39910075859763,7.996854285335894,1.434062929518363
48.60000000000042,0,516.6931248059136,-120.9111596120746,7.848356138010569,1.4340629295183154
48.60000000000042,1,516.8001039696923,-120.13364922680162,7.782751475047032,1.4340629295183571
48.60000000000042,2,516.906188891179,-119.36263807600257,7.731435292768423,1.4340629295184755
48.60000000000042,3,517.0115743334147,-118.59671064769927,7.698055494414334,1.4340629295184153
48.60000000000042,4,517.1165047831844,-117.83409004434422,7.680011838353326,1.434062929518353
48.60000000000042,5,517.221189283968,-117.0732569656285,7.673793569561029,1.4340629295184022
48.60000000000042,6,517.3257890249389,-116.31303990999821,7.676644508930673,1.4340629295184961
48.60000000000042,7,517.4304276264173,-115.55254042134266,7.686307968721832,1.4340629295184617
48.60000000000042,8,517.5351979483269,-114.79108360605551,7.6986728766999395,1.4340629295183938
48.70000000000042,0,516.8001039696874,-120.13364922680044,7.782751475047126,1.4340629295183662
48.70000000000042,1,516.9061888911738,-119.36263807600147,7.764175061961212,1.4340629295182827
48.70000000000042,2,517.0120206017837,-118.59346722829795,7.750551986949476,1.4340629295182428
48.70000000000042,3,517.1176666193453,-117.82564597305866,7.743917325926949,1.4340629295182579
48.70000000000042,4,517.2232222013467,-117.05848199149013,7.742800879743362,1.4340629295183276
48.70000000000042,5,517.3287625653227,-116.29142861250978,7.745675785778436,1.4340629295183551
48.70000000000042,6,517.4343421164913,-115.52409042620678,7.751928836948026,1.4340629295183631
48.70000000000042,7,517.5400069015839,-114.75613277104443,7.761367516559489,1.4340629295184084
48.70000000000042,8,517.6458003431782,-113.9872400574709,7.771792054990499,1.4340629295184095
48.80000000000042,0,516.9061888911722,-119.36263807600103,7.764175061961307,1.4340629295182057
48.80000000000042,1,517.0120206017821,-118.59346722829747,7.784187970860493,1.434062929518264
48.80000000000042,2,517.1181251038176,-117.82231376866412,7.800924043831968,1.4340629295183245
48.80000000000042,3,517.2244577314706,-117.04950232227334,7.815082937618596,1.4340629295183152
48.80000000000042,4,517.3309833557959,-116.27528820164488,7.826291783086771,1.4340629295183314
48.80000000000042,5,517.4376617653531,-115.49996365819602,7.8348618802220145,1.4340629295184144
48.80000000000042,6,517.5444569919619,-114.72379010389585,7.842133146630648,1.4340629295183893
48.80000000000042,7,517.6513513315559,-113.94689620955921,7.84975263789553,1.4340629295183862
48.80000000000042,8,517.7583495307081,-113.16924747771452,7.857134032710252,1.4340629295183578
48.900000000000425,0,517.012020601788,-118.59346722829872,7.784187970860516,1.4340629295183147
48.900000000000425,1,517.1181251038231,-117.82231376866528,7.835311468418985,1.434062929518284
48.900000000000425,2,517.2249264586674,-117.04609567516665,7.875957138944936,1.4340629295182894
48.900000000000425,3,517.3322818454344,-116.26585095107238,7.905736115599189,1.434062929518301
48.900000000000425,4,517.4400431426828,-115.48265612338902,7.9253289731484875,1.4340629295182712
48.900000000000425,5,517.5480715057327,-114.69752029685775,7.936737608938865,1.4340629295182934
48.900000000000425,6,517.656255377311,-113.91125425494727,7.943069766137087,1.4340629295183116
48.900000000000425,7,517.7645255610893,-113.1243609074078,7.947600258418642,1.4340629295183995
48.900000000000425,8,517.8728574989806,-112.33701873915525,7.95108829713117,1.434062929518353
49.000000000000426,0,517.1181251038256,-117.82231376866564,7.83531146841906,1.434062929518336
49.000000000000426,1,517.2249264586698,-117.04609567516702,7.753795801066045,1.4340629295183338
49.000000000000426,2,517.3306166919267,-116.27795306611564,7.690296878152461,1.434062929518365
49.000000000000426,3,517.4354413857566,-115.51610108291644,7.649020267118164,1.4340629295184049
49.000000000000426,4,517.5397034474563,-114.75833823547819,7.626813407699379,1.4340629295184169
49.000000000000426,5,517.6436628124881,-114.00277534730768,7.619284161042428,1.4340629295183585
49.000000000000426,6,517.7475195480654,-113.24795835641369,7.622756707946271,1.4340629295183174
49.000000000000426,7,517.8514236171426,-112.49279735191557,7.634130251782488,1.4340629295182845
49.000000000000426,8,517.9554827164183,-111.73650960848079,7.648601974342065,1.4340629295182876
49.10000000000043,0,517.2249264586653,-117.04609567516592,7.7537958010661425,1.4340629295183247
49.10000000000043,1,517.3306166919222,-116.27795306611458,7.722717393055057,1.4340629295183223
49.10000000000043,2,517.4358833024431,-115.51288929096958,7.699824303412274,1.4340629295183405
49.10000000000043,3,517.5408378624476,-114.75009345762476,7.6875961588732356,1.4340629295183223
49.10000000000043,4,517.6456257433849,-113.98850902564911,7.684038545527111,1.434062929518269
49.10000000000043,5,517.7503651313012,-113.22727703452536,7.686820495106879,1.4340629295183183
49.10000000000043,6,517.855142439342,-112.465769444964,7.694502897146398,1.4340629295183236
49.10000000000043,7,517.9600244644632,-111.7035007855346,7.706152620596098,1.434062929518312
49.10000000000043,8,518.065065284325,-110.94007802697817,7.719002421776564,1.4340629295183174
49.20000000000043,0,517.3306166919164,-116.27795306611323,7.722717393055169,1.4340629295183445
49.20000000000043,1,517.4358833024371,-115.51288929096823,7.733200921133388,1.434062929518374
49.20000000000043,2,517.5412928115531,-114.74678694777002,7.743184648999602,1.4340629295183862
49.20000000000043,3,517.6468384066006,-113.97969555005344,7.7537136835487015,1.4340629295183402
49.20000000000043,4,517.7525275205323,-113.21156107610975,7.763922066324352,1.4340629295183942
49.20000000000043,5,517.8583557826158,-112.44241529183753,7.773392561157766,1.4340629295183809
49.20000000000043,6,517.964313134868,-111.67233129732647,7.782728497330677,1.4340629295183804
49.20000000000043,7,518.0703977431506,-110.9013224228528,7.792932236893503,1.434062929518394
49.20000000000043,8,518.1766214362942,-110.12930269803807,7.802960104073124,1.4340629295183598
49.30000000000043,0,517.4358833024428,-115.51288929096944,7.733200921133413,1.4340629295183076
49.30000000000043,1,517.5412928115588,-114.74678694777114,7.777365553615405,1.4340629295183365
49.30000000000043,2,517.6473043187707,-113.97630936218931,7.8134152648195565,1.434062929518333
49.30000000000043,3,517.7538072114259,-113.20226045232567,7.8412205061823625,1.4340629295183147
49.30000000000043,4,517.8606891110247,-112.425456970225,7.861001859991472,1.4340629295183829
49.30000000000043,5,517.9678406457733,-111.6466938155826,7.874105677733482,1.4340629295184288
49.30000000000043,6,518.0751707956927,-110.86663250955637,7.882987424773431,1.4340629295185199
49.30000000000043,7,518.182622010692,-110.08569131856541,7.890365466854672,1.4340629295184368
49.30000000000043,8,518.2901737941113,-109.30401920962929,7.896638524775923,1.4340629295183818
49.40000000000043,0,517.5412928115629,-114.746786947772,7.777365553615459,1.4340629295183063
49.40000000000043,1,517.6473043187752,-113.97630936219014,7.848264184337606,1.4340629295183203
49.40000000000043,2,517.7542822291542,-113.1988080864598,7.904423810159164,1.4340629295182596
49.40000000000043,3,517.8620256386653,-112.41574326448595,7.9447703091849275,1.4340629295182614
49.40000000000043,4,517.9703190021601,-111.62868144983614,7.9705595940760645,1.4340629295182712
49.40000000000043,5,518.0789638935523,-110.83906477701237,7.984751615771226,1.4340629295182676
49.40000000000043,6,518.187802233176,-110.04804214807976,7.991469892218204,1.4340629295183032
49.40000000000043,7,518.2967321481033,-109.25635396197605,7.9949430816048315,1.4340629295183434
49.40000000000043,8,518.4057094052879,-108.46432169861968,7.996760659803097,1.4340629295183458
49.50000000000043,0,517.6473043187734,-113.97630936218961,7.848264184337677,1.4340629295182992
49.50000000000043,1,517.7542822291525,-113.19880808645937,7.782648776270465,1.4340629295182798
49.50000000000043,2,517.8603657507753,-112.42780710968451,7.73132571130345,1.4340629295183458
49.50000000000043,3,517.9657496993312,-111.6618905372504,7.697943297589417,1.434062929518388
49.50000000000043,4,518.0706786197716,-110.89928104885931,7.6799005194326035,1.4340629295183913
49.50000000000043,5,518.1753616031918,-110.13845899813661,7.673685530712514,1.434062929518396
49.50000000000043,6,518.2799598715095,-109.3782526455537,7.67654107211371,1.4340629295183915
49.50000000000043,7,518.3845970630649,-108.61776340403758,7.6862095419970515,1.4340629295183844
49.50000000000043,8,518.489366043342,-107.85631633955671,7.698579294574398,1.4340629295183596
49.600000000000435,0,517.7542822291479,-113.19880808645824,7.782648776270579,1.4340629295182779
49.600000000000435,1,517.8603657507706,-112.4278071096835,7.764065227054028,1.4340629295182996
49.600000000000435,2,517.9661959642458,-111.65864714295674,7.7504382542954104,1.4340629295183263
49.600000000000435,3,518.0718404315433,-110.89083715483092,7.74380321699805,1.4340629295183138
49.600000000000435,4,518.1773944581519,-110.12368447765226,7.742689201120862,1.434062929518394
49.600000000000435,5,518.2829332998616,-109.35664216229941,7.74556837113444,1.4340629295184129
49.600000000000435,6,518.3885113868855,-108.58931461720583,7.751826572662927,1.4340629295183733
49.600000000000435,7,518.4941747780364,-107.82136709302404,7.761270509904069,1.4340629295182885
49.600000000000435,8,518.5999668973557,-107.05248398957526,7.771699979048469,1.4340629295183023
49.700000000000436,0,517.8603657507691,-112.42780710968307,7.764065227054108,1.4340629295183274
49.700000000000436,1,517.9661959642442,-111.65864714295633,7.784074050941138,1.4340629295182856
49.700000000000436,2,518.0722989134626,-110.88750496898821,7.800808718207634,1.434062929518261
49.700000000000436,3,518.1786299691385,-110.11470494752123,7.814969065027548,1.434062929518235
49.700000000000436,4,518.2851540412921,-109.34050210786948,7.826181566800351,1.4340629295182628
49.700000000000436,5,518.3918309485161,-108.56518848317933,7.834756662138929,1.4340629295183036
49.700000000000436,6,518.4986247409216,-107.78902535248268,7.842033444487251,1.4340629295183671
49.700000000000436,7,518.6055177214979,-107.01214133530377,7.849658312329008,1.434062929518412
49.700000000000436,8,518.7125146349194,-106.23450194797746,7.857044630487729,1.4340629295183942
49.80000000000044,0,517.9661959642494,-111.65864714295738,7.784074050941164,1.4340629295182392
49.80000000000044,1,518.0722989134683,-110.88750496898928,7.835196012363651,1.4340629295182319
49.80000000000044,2,518.1790986945572,-110.11129831333582,7.875842328667216,1.434062929518211
49.80000000000044,3,518.2864525163712,-109.33106496311169,7.905624225210566,1.4340629295182528
49.80000000000044,4,518.3942122884678,-108.54788122003481,7.925221679987179,1.4340629295183025
49.80000000000044,5,518.5022391890285,-107.76275602267803,7.936635833338324,1.4340629295183693
49.80000000000044,6,518.6104216733266,-106.9765000633358,7.942973717491876,1.4340629295184109
49.80000000000044,7,518.7186905478873,-106.1896162310143,7.947509598710779,1.4340629295184892
49.80000000000044,8,518.8270212500163,-105.40228304411559,7.951002477385618,1.4340629295184124
49.90000000000044,0,518.0722989134712,-110.88750496898969,7.835196012363723,1.4340629295183493
49.90000000000044,1,518.1790986945598,-110.11129831333614,7.753680908690196,1.4340629295183067
49.90000000000044,2,518.2847873617446,-109.3431670862881,7.690184292024975,1.434062929518332
49.90000000000044,3,518.3896105209387,-108.58132625661987,7.648911749518655,1.4340629295183418
49.90000000000044,4,518.4938711034595,-107.82357415965708,7.626710181310778,1.4340629295183203
49.90000000000044,5,518.597829061436,-107.06802149777951,7.619186788432439,1.4340629295183338
49.90000000000044,6,518.7016844697494,-106.31321415326425,7.622665144120895,1.4340629295184142
49.90000000000044,7,518.8055872907406,-105.558062219688,7.634044002261977,1.4340629295184386
49.90000000000044,8,518.9096452143681,-104.80178302070462,7.648520420812245,1.4340629295184069
50.00000000000044,0,518.1790986945555,-110.11129831333515,7.7536809086902885,1.4340629295182912
50.00000000000044,1,518.2847873617404,-109.34316708628715,7.722604765479571,1.4340629295182865
50.00000000000044,2,518.3900524370604,-108.57811446877922,7.699715298038566,1.4340629295183525
50.00000000000044,3,518.4950055112371,-107.81532943423204,7.687492093473883,1.4340629295183829
50.00000000000044,4,518.5997919736826,-107.05375531166733,7.683940253320491,1.4340629295184204
50.00000000000044,5,518.7045300217999,-106.29253305802368,7.6867282384730204,1.4340629295184106
50.00000000000044,6,518.8093060723114,-105.53103460801833,7.694416424637722,1.4340629295183973
50.00000000000044,7,518.9141869187453,-104.76877451513104,7.706071318090309,1.4340629295182894
50.00000000000044,8,519.0192266303911,-104.00535981094191,7.718925624211354,1.4340629295182992
50.10000000000044,0,518.2847873617345,-109.34316708628576,7.722604765479693,1.4340629295183929
50.10000000000044,1,518.390052437054,-108.57811446877785,7.733091908066487,1.434062929518305
50.10000000000044,2,518.4954604602377,-107.81202292513952,7.743080272848035,1.4340629295182894
50.10000000000044,3,518.6010046325581,-107.04494186761907,7.753614879390166,1.4340629295183476
50.10000000000044,4,518.7066923997122,-106.2768171818729,7.763829337121876,1.434062929518345
50.10000000000044,5,518.8125193978253,-105.5076805839725,7.773305920710346,1.4340629295183214
50.10000000000044,6,518.9184755691012,-104.73760517264066,7.782647530017701,1.4340629295183103
50.10000000000044,7,519.0245590737364,-103.96660431932783,7.792856240814212,1.4340629295182903
50.10000000000044,8,519.130781730995,-103.19459212319046,7.802888386548781,1.434062929518319
50.20000000000044,0,518.390052437059,-108.57811446877892,7.733091908066482,1.4340629295182086
50.20000000000044,1,518.4954604602431,-107.8120229251406,7.777261197379649,1.4340629295181766
50.20000000000044,2,518.6014705449993,-107.04155567778194,7.813316298950354,1.434062929518248
50.20000000000044,3,518.7079720886732,-106.26751657213583,7.8411275394139865,1.4340629295183356
50.20000000000044,4,518.8148527210628,-105.49072229994187,7.860915118439085,1.4340629295183862
50.20000000000044,5,518.9220030734573,-104.71196773849479,7.87402497254777,1.4340629295183884
50.20000000000044,6,519.0293321233022,-103.93191442766135,7.8829122131721485,1.434062929518428
50.20000000000044,7,519.1367823131096,-103.15098068763211,7.890294986486654,1.4340629295183867
50.20000000000044,8,519.2443331358268,-102.3693155609503,7.896572071359944,1.4340629295183702
50.300000000000445,0,518.4954604602476,-107.8120229251414,7.777261197379717,1.4340629295182312
50.300000000000445,1,518.6014705450036,-107.04155567778261,7.848165260554595,1.4340629295182081
50.300000000000445,2,518.7084471069752,-106.26406420210054,7.904330805593425,1.4340629295182774
50.300000000000445,3,518.8161892487616,-105.4810085937778,7.944683557246156,1.4340629295183023
50.300000000000445,4,518.9244814297606,-104.69395537335234,7.97047909187512,1.4340629295183285
50.300000000000445,5,519.0331252238454,-103.90434667561226,7.984677012400718,1.4340629295183462
50.300000000000445,6,519.1419625465677,-103.11333143738598,7.9914005498730045,1.4340629295182552
50.300000000000445,7,519.2508915163052,-102.32165012079645,7.994878200688046,1.4340629295182548
50.300000000000445,8,519.3598678891129,-101.5296242849754,7.996699537654242,1.4340629295182907
50.400000000000446,0,518.6014705450023,-107.04155567778224,7.8481652605546754,1.434062929518245
50.400000000000446,1,518.7084471069738,-106.26406420210012,7.78255583118383,1.4340629295182916
50.400000000000446,2,518.8145293616832,-105.49307243308405,7.731239023069929,1.434062929518333
50.400000000000446,3,518.9199121286115,-104.72716444856314,7.697862970168491,1.434062929518391
50.400000000000446,4,519.0248399541266,-103.96456291794098,7.679826363491364,1.4340629295183585
50.400000000000446,5,519.1295219267445,-103.20374821359928,7.673617068887148,1.4340629295183658
50.400000000000446,6,519.2341192618742,-102.44354864330035,7.676477599241836,1.4340629295183462
50.400000000000446,7,519.3387555882455,-101.68306568982925,7.686150240718105,1.434062929518325
50.400000000000446,8,519.4435237602002,-100.92162450012778,7.698523474591478,1.434062929518305
50.50000000000045,0,518.7084471069682,-106.26406420209912,7.782555831183935,1.4340629295182217
50.50000000000045,1,518.8145293616776,-105.49307243308307,7.763978611528636,1.4340629295181437
50.50000000000045,2,518.9203583945164,-104.72392104706663,7.750358072236899,1.4340629295181349
50.50000000000045,3,519.0260017688709,-103.95611900230917,7.74372938387969,1.434062929518236
50.50000000000045,4,519.1315547890765,-103.18897363953045,7.742621378755383,1.4340629295183742
50.50000000000045,5,519.2370927063153,-102.42193804311245,7.7455059866812705,1.4340629295183613
50.50000000000045,6,519.342669942991,-101.65461667823796,7.751768877190516,1.4340629295183804
50.50000000000045,7,519.4483325477079,-100.88667486975362,7.7612166844325134,1.434062929518325
50.50000000000045,8,519.5541239333443,-100.11779709861426,7.771649354198585,1.4340629295183547
50.60000000000045,0,518.8145293616767,-105.49307243308257,7.763978611528702,1.4340629295182916
50.60000000000045,1,518.9203583945152,-104.7239210470662,7.783993951221023,1.4340629295183138
50.60000000000045,2,519.0264602519126,-103.95278680830947,7.80073509466433,1.4340629295183445
50.60000000000045,3,519.1327903040423,-103.17999408048061,7.814901680969469,1.4340629295183722
50.60000000000045,4,519.2393134576988,-102.40579791634198,7.826119968136323,1.4340629295182947
50.60000000000045,5,519.3459895252859,-101.63049039402541,7.834700207280443,1.4340629295183536
50.60000000000045,6,519.4527825481675,-100.85433285612268,7.841981360630423,1.4340629295183338
50.60000000000045,7,519.559674818801,-100.07745399871726,7.849609792047188,1.4340629295183427
50.60000000000045,8,519.6666710708539,-99.29981941813293,7.856999031956689,1.434062929518344
50.70000000000045,0,518.9203583945205,-104.72392104706731,7.78399395122105,1.4340629295183214
50.70000000000045,1,519.0264602519181,-103.95278680831052,7.835122477707045,1.4340629295182894
50.70000000000045,2,519.1332590306723,-103.17658743748936,7.87577520318175,1.43406292951823
50.70000000000045,3,519.2406119375146,-102.39636073716255,7.905563152009643,1.4340629295183152
50.70000000000045,4,519.348370877136,-101.61318304440334,7.925166117730512,1.4340629295184368
50.70000000000045,5,519.4563970203396,-100.82806335141345,7.93658509453653,1.4340629295183516
50.70000000000045,6,519.5645788130291,-100.0418124185945,7.9429270220468835,1.4340629295183187
50.70000000000045,7,519.6728470510947,-99.25493321223456,7.94746616129466,1.4340629295183138
50.70000000000045,8,519.7811771611388,-98.46760432853532,7.950961688701056,1.4340629295183143
50.80000000000045,0,519.0264602519205,-103.95278680831079,7.835122477707124,1.4340629295182798
50.80000000000045,1,519.1332590306752,-103.17658743748967,7.753613876026987,1.4340629295183196
50.80000000000045,2,519.2389467841529,-102.40846285114324,7.690123513233736,1.4340629295183094
50.80000000000045,3,519.3437691148852,-101.64662804262659,7.648856775441424,1.4340629295183582
50.80000000000045,4,519.4480289480671,-100.88888139176173,7.626660408064381,1.434062929518375
50.80000000000045,5,519.5519862275953,-100.13333366075321,7.619141501953542,1.4340629295183556
50.80000000000045,6,519.655841018619,-99.3785308026178,7.622623570632262,1.434062929518375
50.80000000000045,7,519.7597432729315,-98.62338298758806,7.634005386774791,1.4340629295184253
50.80000000000045,8,519.8638006701999,-97.8671076141118,7.648484190093734,1.4340629295183622
50.90000000000045,0,519.1332590306708,-103.17658743748873,7.753613876027086,1.4340629295183827
50.90000000000045,1,519.2389467841485,-102.40846285114237,7.722544081256587,1.4340629295183662
50.90000000000045,2,519.3442110322957,-101.64341624541737,7.699660642927586,1.4340629295183893
50.90000000000045,3,519.4491633614805,-100.88063662536915,7.6874429502354,1.4340629295183027
50.90000000000045,4,519.553949154066,-100.11906737126075,7.683895976630928,1.4340629295182492
50.90000000000045,5,519.658686598658,-99.35784950396055,7.686688103851567,1.4340629295182943
50.90000000000045,6,519.7634621021034,-98.59635502995789,7.694379675615975,1.4340629295183853
50.90000000000045,7,519.8683424476203,-97.83409857767327,7.706037236252239,1.4340629295184097
50.90000000000045,8,519.9733816947039,-97.07068724985777,7.718893674702833,1.4340629295183802
51.000000000000455,0,519.2389467841423,-102.40846285114108,7.72254408125671,1.4340629295182201
51.000000000000455,1,519.3442110322895,-101.6434162454161,7.733037347459288,1.4340629295182437
51.000000000000455,2,519.4496183117697,-100.87733010691454,7.743031463560169,1.4340629295182663
51.000000000000455,3,519.5551618187819,-100.11025388476699,7.753571256869556,1.4340629295183103
51.000000000000455,4,519.6608489913276,-99.34213352055805,7.763790232440629,1.4340629295184044
51.000000000000455,5,519.7666754564132,-98.5730007966276,7.773270612290899,1.4340629295183511
51.000000000000455,6,519.8726311464084,-97.8029288831828,7.782615287376536,1.4340629295183602
51.000000000000455,7,519.9787142115514,-97.0319312240405,7.792826386609627,1.4340629295182474
51.000000000000455,8,520.0849364618741,-96.25992198545933,7.802860425586546,1.4340629295182765
51.100000000000456,0,519.3442110322957,-101.64341624541713,7.733037347459289,1.4340629295183676
51.100000000000456,1,519.4496183117759,-100.87733010691558,7.777212481057751,1.434062929518345
51.100000000000456,2,519.5556277324906,-100.10686768571989,7.813273017334165,1.4340629295183152
51.100000000000456,3,519.6621286862025,-99.33283286783879,7.841089098295595,1.434062929518321
51.100000000000456,4,519.76900879461,-98.5560424038778,7.860880840182062,1.4340629295183684
51.100000000000456,5,519.876158679765,-97.77729123826298,7.87399414927988,1.4340629295182747
51.100000000000456,6,519.9834873094649,-96.99724098098747,7.882884147051643,1.4340629295182346
51.100000000000456,7,520.09093711671,-96.21631002137498,7.890269044266452,1.434062929518353
51.100000000000456,8,520.1984875858145,-95.43464746470207,7.896547797925747,1.4340629295183598
51.20000000000046,0,519.4496183117806,-100.87733010691642,7.7772124810578065,1.434062929518456
51.20000000000046,1,519.5556277324949,-100.10686768572064,7.848122069190873,1.4340629295184297
51.20000000000046,2,519.6626037057343,-99.32938048886238,7.904292705684242,1.4340629295183303
51.20000000000046,3,519.7703453281895,-98.54632865497025,7.944649939772644,1.4340629295182332
51.20000000000046,4,519.8786370509567,-97.7592787649154,7.970449282759505,1.434062929518284
51.20000000000046,5,519.9872804387207,-96.96967302026465,7.984650326057307,1.4340629295183078
51.20000000000046,6,520.0961173976868,-96.17866042576516,7.9913763260098545,1.4340629295183183
51.20000000000046,7,520.2050460372345,-95.38698150895272,7.994855851919209,1.4340629295182736
51.20000000000046,8,520.3140221054114,-94.59495788714943,7.996678648657471,1.434062929518313
51.30000000000046,0,519.5556277324937,-100.10686768572012,7.848122069190962,1.4340629295184284
51.30000000000046,1,519.6626037057331,-99.32938048886196,7.78251781789891,1.434062929518391
51.30000000000046,2,519.7686854422916,-98.55839248569492,7.7312057416910225,1.4340629295183587
51.30000000000046,3,519.8740677555693,-97.7924877982489,7.697833809187465,1.4340629295183909
51.30000000000046,4,519.9789951835978,-97.02988915650752,7.679800662322929,1.4340629295183578
51.30000000000046,5,520.0836768058882,-96.2690769982946,7.67359417087004,1.434062929518321
51.30000000000046,6,520.1882738289012,-95.5088796964256,7.676456885040487,1.4340629295183893
51.30000000000046,7,520.2929098729212,-94.74839879504108,7.686131169525462,1.4340629295183445
51.30000000000046,8,520.3976777849211,-93.98695949465883,7.6985056700175365,1.4340629295183391
51.40000000000046,0,519.6626037057285,-99.32938048886105,7.782517817899002,1.43406292951836
51.40000000000046,1,519.7686854422872,-98.55839248569393,7.763945412457884,1.4340629295183822
51.40000000000046,2,519.8745140225963,-97.78924438859835,7.750329237902993,1.4340629295183462
51.40000000000046,3,519.9801570039165,-97.02144520036194,7.743704310358431,1.434062929518324
51.40000000000046,4,520.0857096823507,-96.25430232153309,7.742599426831559,1.4340629295184142
51.40000000000046,5,520.1912473003676,-95.48726889981876,7.745486533568884,1.434062929518371
51.40000000000046,6,520.2968242718823,-94.71994946209895,7.7517513466409245,1.43406292951834
51.40000000000046,7,520.4024866376443,-93.95200939030761,7.761200582069983,1.4340629295183387
51.40000000000046,8,520.5082778037928,-93.18313321437543,7.771634341253224,1.4340629295183223
51.50000000000046,0,519.7686854422847,-98.55839248569356,7.763945412457973,1.4340629295182241
51.50000000000046,1,519.8745140225947,-97.78924438859802,7.783965194386834,1.4340629295182326
51.50000000000046,2,519.9806154880146,-97.0181129986847,7.800710334962762,1.4340629295182965
51.50000000000046,3,520.0869452026502,-96.24532272371658,7.814880330144224,1.434062929518313
51.50000000000046,4,520.1934680652791,-95.47112867473274,7.8261014144213785,1.4340629295183405
51.50000000000046,5,520.3001438799643,-94.69582299047067,7.834683865264467,1.4340629295183742
51.50000000000046,6,520.4069366800917,-93.91966707151681,7.8419666982094265,1.4340629295183414
51.50000000000046,7,520.5138287508647,-93.14278966666842,7.849596360426792,1.4340629295184022
51.50000000000046,8,520.6208248198341,-92.36515641670974,7.856986528327333,1.4340629295183884
51.60000000000046,0,519.8745140226006,-97.78924438859897,7.783965194386868,1.434062929518459
51.60000000000046,1,519.9806154880199,-97.01811299868555,7.8350977903713614,1.4340629295183804
51.60000000000046,2,520.0874139302667,-96.24191607355618,7.875754150797826,1.4340629295183054
51.60000000000046,3,520.1947665501486,-95.46169145881856,7.9055451683259435,1.4340629295183414
51.60000000000046,4,520.3025252446384,-94.67851554764273,7.925150622949397,1.434062929518391
51.60000000000046,5,520.4105511766368,-93.893397389669,7.93657154288356,1.434062929518356
51.60000000000046,6,520.5187327846063,-93.10714779936696,7.942914925730295,1.4340629295183906
51.60000000000046,7,520.62700085779,-92.32026979134862,7.947455115692888,1.4340629295183398
51.60000000000046,8,520.735330817274,-91.53294200190017,7.950951425048015,1.4340629295183533
51.700000000000465,0,519.980615488023,-97.01811299868584,7.835097790371432,1.434062929518339
51.700000000000465,1,520.0874139302697,-96.24191607355651,7.753592890690858,1.4340629295183058
51.700000000000465,2,520.1931013977014,-95.47379356615716,7.6901058107774505,1.4340629295183212
51.700000000000465,3,520.297923487135,-94.71196051136354,7.648841816432782,1.4340629295183176
51.700000000000465,4,520.4021831164141,-93.95421534243768,7.626647647851821,1.434062929518372
51.700000000000465,5,520.5061402220113,-93.19866887554065,7.619130435618804,1.434062929518395
51.700000000000465,6,520.6099948621917,-92.44386711371004,7.622613754135797,1.43406292951842
51.700000000000465,7,520.7138969826979,-91.68872027116774,7.633996457826515,1.434062929518466
51.700000000000465,8,520.8179542582578,-90.9324457822525,7.64847591187503,1.4340629295184186
51.800000000000466,0,520.0874139302655,-96.24191607355559,7.7535928906909515,1.4340629295183622
51.800000000000466,1,520.1931013976969,-95.47379356615626,7.722526440463519,1.434062929518365
51.800000000000466,2,520.2983654053862,-94.70874870804568,7.69964594670815,1.4340629295183966
51.800000000000466,3,520.4033175342505,-93.94597054390276,7.68743068947594,1.4340629295183953
51.800000000000466,4,520.5081031597119,-93.18440250442669,7.683885643861362,1.4340629295182974
51.800000000000466,5,520.6128404634602,-92.42318566075946,7.686679235360601,1.4340629295182163
51.800000000000466,6,520.7176158460215,-91.66169206532854,7.6943718699725645,1.4340629295182452
51.800000000000466,7,520.8224960851412,-90.89943638632289,7.706030171332997,1.4340629295182066
51.800000000000466,8,520.9275352359249,-90.13602575840528,7.718887143427554,1.4340629295182499
51.90000000000047,0,520.1931013976906,-95.47379356615517,7.722526440463642,1.4340629295182836
51.90000000000047,1,520.2983654053803,-94.70874870804451,7.733022707548989,1.4340629295182912
51.90000000000047,2,520.4037724853072,-93.94266401986988,7.743019446444565,1.4340629295183154
51.90000000000047,3,520.5093158285165,-93.17558898821773,7.753561386126582,1.4340629295183223
51.90000000000047,4,520.6150028665163,-92.40746960187013,7.76378203885477,1.4340629295183516
51.90000000000047,5,520.7208292199175,-91.63833768965091,7.773263672995854,1.4340629295183867
51.90000000000047,6,520.8267848153243,-90.86826646365881,7.7826092419487045,1.4340629295184448
51.90000000000047,7,520.9328677980635,-90.09726940341685,7.792820950698123,1.4340629295185139
51.90000000000047,8,521.0390899742899,-89.32526070335317,7.802855419583287,1.43406292951844
52.00000000000047,0,520.2983654053857,-94.70874870804545,7.733022707548997,1.4340629295183294
52.00000000000047,1,520.4037724853129,-93.94266401987078,7.777200515006179,1.434062929518321
52.00000000000047,2,520.5097817429211,-93.17220278411182,7.81326337081466,1.4340629295183152
52.00000000000047,3,520.6162825651438,-92.3981689218791,7.841081328996413,1.4340629295183187
52.00000000000047,4,520.7231625676498,-91.62137922759658,7.860874517414903,1.434062929518376
52.00000000000047,5,520.8303123666207,-90.84262868835717,7.873988890086678,1.4340629295183382
52.00000000000047,6,520.9376409246338,-90.06257895209234,7.882879630067921,1.4340629295183351
52.00000000000047,7,521.0450906703084,-89.28164843996223,7.890265020370452,1.4340629295183214
52.00000000000047,8,521.1526410845645,-88.49998628192324,7.896544112704144,1.434062929518349
52.10000000000047,0,520.4037724853172,-93.94266401987153,7.777200515006225,1.4340629295184073
52.10000000000047,1,520.5097817429252,-93.17220278411247,7.848112468661507,1.4340629295183627
52.10000000000047,2,520.6167575853024,-92.39471653834657,7.904285141269477,1.4340629295183147
52.10000000000047,3,520.7244991046491,-91.61166545383567,7.944644003890234,1.4340629295182676
52.10000000000047,4,520.8327907465052,-90.82461615182885,7.970444582864844,1.434062929518292
52.10000000000047,5,520.9414340702058,-90.03501087278093,7.984646517710495,1.434062929518325
52.10000000000047,6,521.0502709772616,-89.24399865556163,7.991373124705032,1.4340629295182807
52.10000000000047,7,521.1591995731733,-88.45232005589173,7.994853041138814,1.434062929518309
52.10000000000047,8,521.2681756030368,-87.6602967125431,7.9966760969324175,1.434062929518308
52.20000000000047,0,520.5097817429242,-93.17220278411205,7.848112468661595,1.4340629295183582
52.20000000000047,1,520.6167575853012,-92.39471653834616,7.782510294619534,1.4340629295184137
52.20000000000047,2,520.7228392193119,-91.62372928048516,7.731199991724132,1.4340629295184155
52.20000000000047,3,520.8282214542126,-90.85782516266916,7.697829459638662,1.4340629295183807
52.20000000000047,4,520.9331488229534,-90.09522695182302,7.679797357879524,1.4340629295183493
52.20000000000047,5,521.0378304002018,-89.33441512097029,7.673591603872866,1.4340629295182885
52.20000000000047,6,521.1424273882243,-88.57421807340513,7.676454805471061,1.4340629295181977
52.20000000000047,7,521.247063403899,-87.81373737803665,7.6861293908203745,1.4340629295182326
52.20000000000047,8,521.3518312916538,-87.05229825386476,7.6985040814585926,1.4340629295182759
52.30000000000047,0,520.6167575852962,-92.39471653834529,7.78251029461963,1.4340629295183467
52.30000000000047,1,520.722839219307,-91.6237292804843,7.763939699026383,1.434062929518413
52.30000000000047,2,520.8286677217376,-90.8545817493993,7.750325055900401,1.4340629295183565
52.30000000000047,3,520.9343106460539,-90.08678297545984,7.743701320999145,1.4340629295182619
52.30000000000047,4,521.0398632837408,-89.31964039277682,7.742597310707024,1.434062929518205
52.30000000000047,5,521.1454008729135,-88.55260718069984,7.7454850178078,1.4340629295182183
52.30000000000047,6,521.2509778237675,-87.78528789314144,7.751750213239014,1.4340629295182779
52.30000000000047,7,521.3566401740802,-87.01734793363238,7.761199671789214,1.434062929518269
52.30000000000047,8,521.4624313278212,-86.24847184787869,7.771633562013996,1.4340629295183103
52.400000000000475,0,520.7228392193053,-91.62372928048396,7.763939699026466,1.4340629295183251
52.400000000000475,1,520.8286677217366,-90.85458174939896,7.783961044599395,1.4340629295183818
52.400000000000475,2,520.9347691305912,-90.08345077059107,7.800707495557292,1.4340629295184097
52.400000000000475,3,521.0410988065232,-89.31066077691348,7.814878495436257,1.4340629295183345
52.400000000000475,4,521.1476216441438,-88.53646690968802,7.82610029926102,1.4340629295183038
52.400000000000475,5,521.2542974436286,-87.76116133590111,7.834683229398529,1.434062929518284
52.400000000000475,6,521.3610902350888,-86.98500547994037,7.841966353130758,1.4340629295182836
52.400000000000475,7,521.4679823011579,-86.20812810927774,7.849596171652454,1.434062929518353
52.400000000000475,8,521.574978367554,-85.43049487802035,7.856986420403255,1.4340629295183334
52.500000000000476,0,520.8286677217422,-90.85458174939983,7.783961044599425,1.4340629295183698
52.500000000000476,1,520.934769130597,-90.08345077059195,7.8350949791565725,1.4340629295183374
52.500000000000476,2,521.0415675345251,-89.30725412396023,7.875752449360564,1.4340629295183438
52.500000000000476,3,521.1489201312148,-88.52702967777836,7.905544302742052,1.4340629295183853
52.500000000000476,4,521.2566788139059,-87.74385385235296,7.925150340449147,1.434062929518443
52.500000000000476,5,521.3647047420538,-86.9587357223656,7.936571633552347,1.4340629295185479
52.500000000000476,6,521.4728863512585,-86.17248612308134,7.942915228044624,1.4340629295184475
52.500000000000476,7,521.5811544285631,-85.38560808511369,7.947455517442768,1.434062929518439
52.500000000000476,8,521.6894843935229,-84.59828025586526,7.950951865504262,1.43406292951838
52.60000000000048,0,520.9347691305996,-90.08345077059221,7.835094979156633,1.434062929518365
52.60000000000048,1,521.0415675345274,-89.30725412396049,7.753591213723856,1.4340629295183502
52.60000000000048,2,521.1472549791008,-88.53913178269269,7.690105062783741,1.4340629295183858
52.60000000000048,3,521.2520770583385,-87.77729880200036,7.648841753657428,1.4340629295184386
52.60000000000048,4,521.3563366867616,-87.01955363929336,7.626648047866611,1.4340629295183982
52.60000000000048,5,521.4602937978116,-86.26400713276817,7.619131116514529,1.4340629295184608
52.60000000000048,6,521.564148447273,-85.50920530348364,7.622614578901745,1.4340629295184186
52.60000000000048,7,521.6680505790214,-84.75405837923444,7.6339973341541985,1.434062929518404
52.60000000000048,8,521.7721078665265,-83.99778380350442,7.648476791980941,1.4340629295183676
52.70000000000048,0,521.0415675345225,-89.30725412395967,7.753591213723959,1.4340629295183025
52.70000000000048,1,521.1472549790959,-88.53913178269184,7.722525713525799,1.434062929518304
52.70000000000048,2,521.2525189768768,-87.77408699659655,7.699645986905461,1.4340629295183278
52.70000000000048,3,521.3574711062888,-87.01130882847143,7.687431281452675,1.4340629295182823
52.70000000000048,4,521.4622567398201,-86.24974073035023,7.683886593393784,1.4340629295182934
52.70000000000048,5,521.566994056511,-85.48852379261598,7.686680386204703,1.4340629295182323
52.70000000000048,6,521.671769454759,-84.72703008317478,7.6943731072329795,1.434062929518218
52.70000000000048,7,521.7766497107439,-83.9647742815979,7.706031420358832,1.4340629295182634
52.70000000000048,8,521.8816888785525,-83.2013635299435,7.718888367728574,1.4340629295183012
52.80000000000048,0,521.1472549790903,-88.53913178269076,7.7225257135259175,1.4340629295184772
52.80000000000048,1,521.2525189768705,-87.77408699659546,7.733022765690898,1.434062929518399
52.80000000000048,2,521.3579260575902,-87.00800230266086,7.7430201278717625,1.434062929518355
52.80000000000048,3,521.4634694100877,-86.24092720350203,7.753562501995161,1.4340629295183032
52.80000000000048,4,521.569156463298,-85.4728077066091,7.7637834209618575,1.4340629295182916
52.80000000000048,5,521.6749828355382,-84.70367565746915,7.773265188453553,1.4340629295184268
52.80000000000048,6,521.7809384516015,-83.93360428134571,7.782610795677038,1.4340629295183906
52.80000000000048,7,521.8870214555195,-83.16260706718111,7.792822483598899,1.43406292951841
52.80000000000048,8,521.9932436526409,-82.39059821525814,7.8028569049364656,1.4340629295183709
52.90000000000048,0,521.2525189768764,-87.7740869965964,7.733022765690907,1.434062929518334
52.90000000000048,1,521.3579260575958,-87.00800230266177,7.777201211562202,1.4340629295183036
52.90000000000048,2,521.463935324699,-86.23754099789727,7.813264563716028,1.4340629295183867
52.90000000000048,3,521.5704361631813,-85.46350701748781,7.841082853957029,1.4340629295184035
52.90000000000048,4,521.6773161864733,-84.68671717213255,7.860876230065614,1.4340629295183658
52.90000000000048,5,521.7844660087897,-83.90796646322657,7.873990678648172,1.4340629295184102
52.90000000000048,6,521.8917945911821,-83.12791654977491,7.882881417091232,1.434062929518403
52.90000000000048,7,521.9992443612148,-82.34698586061037,7.890266760351531,1.4340629295183436
52.90000000000048,8,522.106794799188,-81.56532353019735,7.896545787299237,1.4340629295183147
53.00000000000048,0,521.3579260576001,-87.0080023026623,7.777201211562248,1.4340629295183953
53.00000000000048,1,521.4639353247026,-86.23754099789787,7.8481136741609,1.4340629295183271
53.00000000000048,2,521.570911183512,-85.46005463270725,7.904286731939863,1.434062929518327
53.00000000000048,3,521.6786527245406,-84.67700339061392,7.944645838026205,1.4340629295183422
53.00000000000048,4,521.7869443913971,-83.8899539069053,7.970446537775218,1.4340629295183438
53.00000000000048,5,521.8955877417452,-83.10034843419099,7.984648500562555,1.4340629295183733
53.00000000000048,6,522.0044246758287,-82.30933602053716,7.991375073624831,1.4340629295183684
53.00000000000048,7,522.1133532983056,-81.51765722779427,7.9948549224078915,1.4340629295183724
53.00000000000048,8,522.222329353812,-80.7256336980746,7.996677899316535,1.434062929518363
53.100000000000485,0,521.4639353247014,-86.23754099789758,7.848113674160987,1.434062929518309
53.100000000000485,1,521.5709111835105,-85.46005463270687,7.7825118956289945,1.4340629295183498
53.100000000000485,2,521.6769928393439,-84.68906721623924,7.731201881316237,1.4340629295183924
53.100000000000485,3,521.7823751000013,-83.92316291122765,7.697831516723753,1.4340629295183016
53.100000000000485,4,521.887302496782,-83.16056449659297,7.679799479348147,1.4340629295183427
53.100000000000485,5,521.9919841029484,-82.39975245557342,7.6735937137804715,1.4340629295183958
53.100000000000485,6,522.0965811197301,-81.63955519898676,7.67645685559968,1.4340629295183853
53.100000000000485,7,522.2012171633495,-80.87907430051888,7.686131357579071,1.4340629295184497
53.100000000000485,8,522.3059850779123,-80.11763498150671,7.698505959579308,1.4340629295183809
53.200000000000486,0,521.5709111835055,-85.4600546327059,7.782511895629089,1.4340629295183327
53.200000000000486,1,521.6769928393392,-84.68906721623831,7.763941596955474,1.4340629295182588
53.200000000000486,2,521.7828213676403,-83.91991949713189,7.75032715921994,1.4340629295182419
53.200000000000486,3,521.8884643206267,-83.1521205148236,7.743703527311031,1.4340629295182987
53.200000000000486,4,521.9940169883872,-82.38497771356865,7.742599534468762,1.4340629295182854
53.200000000000486,5,522.0995546078716,-81.61794428119097,7.745487198021288,1.434062929518298
53.200000000000486,6,522.2051315884432,-80.8506247776462,7.751752313564862,1.4340629295182512
53.200000000000486,7,522.3107939673852,-80.08268461006486,7.761201677254541,1.4340629295182783
53.200000000000486,8,522.4165851484619,-79.31380832563642,7.771635472292115,1.434062929518289
53.30000000000049,0,521.676992839338,-84.68906721623802,7.763941596955568,1.4340629295183063
53.30000000000049,1,521.7828213676393,-83.91991949713156,7.783963154494527,1.4340629295183267
53.30000000000049,2,521.8889228052535,-83.14878830930348,7.80070973986737,1.434062929518341
53.30000000000049,3,521.9952525117777,-82.3759980932895,7.814880788593979,1.4340629295183482
53.30000000000049,4,522.1017753806552,-81.60180399888861,7.826102571373968,1.4340629295183285
53.30000000000049,5,522.2084512111105,-80.82649820001106,7.834685432598947,1.4340629295183476
53.30000000000049,6,522.3152440326022,-80.05034212578661,7.841968461323673,1.4340629295182636
53.30000000000049,7,522.4221361274078,-79.27346454627238,7.849598177118455,1.434062929518301
53.30000000000049,8,522.5291322211401,-78.49583111634016,7.856988326844763,1.4340629295183338
53.40000000000049,0,521.7828213676448,-83.9199194971323,7.783963154494549,1.4340629295183356
53.40000000000049,1,521.8889228052592,-83.14878830930425,7.835097228504453,1.4340629295183733
53.40000000000049,2,521.9957212398472,-82.37259143983718,7.875754773212033,1.434062929518353
53.40000000000049,3,522.103073868213,-81.59236676343905,7.905546630580804,1.4340629295183172
53.40000000000049,4,522.2108325826342,-80.80919070740248,7.925152616225882,1.434062929518261
53.40000000000049,5,522.3188585418029,-80.02407235196155,7.9365738208443,1.4340629295183407
53.40000000000049,6,522.4270401808226,-79.23782253598958,7.9429173095094825,1.4340629295183076
53.40000000000049,7,522.5353082864991,-78.45094429181816,7.947457491389292,1.4340629295183245
53.40000000000049,8,522.6436382783656,-77.66361626701747,7.9509537388577805,1.434062929518338
53.50000000000049,0,521.8889228052617,-83.14878830930445,7.835097228504544,1.4340629295183194
53.50000000000049,1,521.9957212398499,-82.37259143983735,7.753593541281706,1.4340629295182998
53.50000000000049,2,522.1014087161495,-81.6044688679861,7.690107414885499,1.4340629295183294
53.50000000000049,3,522.2062308274487,-80.84263565427896,7.648844073151865,1.4340629295183451
53.50000000000049,4,522.3104904874884,-80.08489026178745,7.626650290858456,1.434062929518371
53.50000000000049,5,522.4144476291115,-79.32934353305654,7.619133256473697,1.4340629295183374
53.50000000000049,6,522.5183023077428,-78.57454149177337,7.622616605886209,1.4340629295182854
53.50000000000049,7,522.6222044671206,-77.81939436671763,7.6339992514083175,1.4340629295183085
53.50000000000049,8,522.7262617807594,-77.06311960105161,7.648478608945758,1.4340629295183402
53.60000000000049,0,521.9957212398456,-82.37259143983661,7.753593541281798,1.4340629295183156
53.60000000000049,1,522.1014087161453,-81.60446886798543,7.722528068191394,1.434062929518404
53.60000000000049,2,522.2066727460217,-80.83942384862124,7.699648325044653,1.4340629295184117
53.60000000000049,3,522.3116249073042,-80.07664544886453,7.687433557696308,1.4340629295183183
53.60000000000049,4,522.4164105718621,-79.31507712524348,7.683888774434097,1.434062929518261
53.60000000000049,5,522.5211479182831,-78.55385997144077,7.68668245398465,1.4340629295183418
53.60000000000049,6,522.625923344716,-77.79236605715158,7.6943750579931836,1.4340629295183722
53.60000000000049,7,522.7308036272914,-77.03011006231938,7.706033261311986,1.4340629295183236
53.60000000000049,8,522.8358428201935,-76.26669912828785,7.718890110216012,1.434062929518313
53.70000000000049,0,522.1014087161386,-81.6044688679844,7.722528068191519,1.4340629295183458
53.70000000000049,1,522.2066727460156,-80.83942384862027,7.733025105423242,1.4340629295184075
53.70000000000049,2,522.3120798586269,-80.07333892289621,7.743022417891934,1.4340629295183658
53.70000000000049,3,522.4176232423396,-79.30626359687272,7.753564707241761,1.4340629295182836
53.70000000000049,4,522.5233103256089,-78.53814388151346,7.763785517272571,1.434062929518237
53.70000000000049,5,522.6291367264234,-77.76901162469895,7.773267164955124,1.434062929518256
53.70000000000049,6,522.7350923694285,-76.99894005277018,7.782612653704041,1.4340629295182266
53.70000000000049,7,522.8411753986727,-76.22794265453703,7.79282423348222,1.4340629295181953
53.70000000000049,8,522.9473976196467,-75.45593362925895,7.802858559386677,1.4340629295182654
53.800000000000495,0,522.2066727460212,-80.83942384862098,7.7330251054232555,1.4340629295183147
53.800000000000495,1,522.3120798586333,-80.07333892289694,7.777203502359997,1.4340629295182972
53.800000000000495,2,522.4180891569613,-79.30287739119083,7.8132667785582255,1.4340629295183027
53.800000000000495,3,522.5245900256342,-78.52884319136439,7.841084966727399,1.4340629295183125
53.800000000000495,4,522.6314700777251,-77.75205313670403,7.860878224429121,1.4340629295183325
53.800000000000495,5,522.7386199272257,-76.9733022302231,7.87399254975261,1.4340629295183303
53.800000000000495,6,522.8459485351227,-76.19325213140749,7.882883170398426,1.4340629295183138
53.800000000000495,7,522.9533983290551,-75.41232126854864,7.890268408569305,1.434062929518321
53.800000000000495,8,523.0609487894947,-74.6306587748522,7.896547344053439,1.4340629295183256
53.900000000000496,0,522.3120798586378,-80.07333892289768,7.777203502360066,1.4340629295183476
53.900000000000496,1,522.4180891569658,-79.30287739119147,7.848115889104392,1.4340629295183394
53.900000000000496,2,522.5250650459662,-78.52539080657371,7.904288850750263,1.4340629295182874
53.900000000000496,3,522.632806615876,-77.74233935457693,7.944647842282238,1.4340629295182599
53.900000000000496,4,522.7410983100525,-76.95528967231343,7.970448417772759,1.4340629295182805
53.900000000000496,5,522.8497416860259,-76.16568401335405,7.984650256428837,1.4340629295183374
53.900000000000496,6,522.9585786440426,-75.37467142575235,7.991376714096866,1.434062929518256
53.900000000000496,7,523.0675072888805,-74.58299247049342,7.994856461929427,1.4340629295182896
53.900000000000496,8,523.176483365372,-73.79096878825854,7.996679352044617,1.4340629295183027
54.0000000000005,0,522.418089156964,-79.30287739119099,7.848115889104465,1.4340629295182734
54.0000000000005,1,522.5250650459645,-78.52539080657328,7.78251401398828,1.434062929518333
54.0000000000005,2,522.6311467306732,-77.75440318024684,7.731203888621871,1.4340629295183527
54.0000000000005,3,522.7365290186917,-76.98849867637826,7.697833401110334,1.4340629295183809
54.0000000000005,4,522.841456441158,-76.2259000750637,7.67980123666394,1.4340629295183507
54.0000000000005,5,522.9461380712773,-75.46508785995277,7.673595348205746,1.4340629295183076
54.0000000000005,6,523.0507351103378,-74.70489044144905,7.676458378401227,1.4340629295182823
54.0000000000005,7,523.1553711747138,-73.94440939212237,7.686132784387286,1.4340629295182379
54.0000000000005,8,523.2601391087254,-73.18296993176115,7.698507304761312,1.4340629295182787
54.1000000000005,0,522.5250650459595,-78.52539080657255,7.782514013988382,1.4340629295183391
54.1000000000005,1,522.6311467306681,-77.7544031802461,7.763943603367283,1.4340629295183276
54.1000000000005,2,522.7369752863185,-76.98525526237117,7.750329044172998,1.434062929518376
54.1000000000005,3,522.8426182649979,-76.21745609332686,7.743705284465202,1.4340629295184009
54.1000000000005,4,522.9481709567096,-75.45031311799656,7.742601164259135,1.4340629295183915
54.1000000000005,5,523.0537085984093,-74.68327952416104,7.745488707862998,1.4340629295184069
54.1000000000005,6,523.1592855995615,-73.91595987104128,7.751753716607774,1.4340629295183835
54.1000000000005,7,523.264947997628,-73.14801956446519,7.761202989849729,1.4340629295183804
54.1000000000005,8,523.3707391965962,-72.37914315000228,7.771636708751944,1.4340629295183729
54.2000000000005,0,522.6311467306668,-77.75440318024582,7.76394360336737,1.4340629295182765
54.2000000000005,1,522.7369752863171,-76.98525526237083,7.7839650382072705,1.4340629295183531
54.2000000000005,2,522.8430767496078,-76.21412388792966,7.800711495556958,1.4340629295184146
54.2000000000005,3,522.9494064800633,-75.44133349798538,7.8148824145194355,1.4340629295184608
54.2000000000005,4,523.0559293711032,-74.6671392425095,7.826104071698812,1.4340629295183183
54.2000000000005,5,523.1626052220093,-73.8918332949998,7.834686817256048,1.4340629295183493
54.2000000000005,6,523.2693980623749,-73.11567708360204,7.84196974478969,1.4340629295183267
54.2000000000005,7,523.3762901746748,-72.33879937693908,7.8495993760743605,1.434062929518315
54.2000000000005,8,523.48328628475,-71.56116582823032,7.856989455333394,1.4340629295183174
54.3000000000005,0,522.7369752863226,-76.98525526237154,7.7839650382073,1.4340629295183196
54.3000000000005,1,522.8430767496135,-76.21412388793026,7.835098982691075,1.434062929518316
54.3000000000005,2,522.9498752081122,-75.43792684468184,7.875756396041945,1.4340629295182477
54.3000000000005,3,523.0572278585987,-74.65770200751535,7.9055481240856995,1.4340629295182605
54.3000000000005,4,523.1649865933776,-73.87452580352235,7.925153987540061,1.4340629295182863
54.3000000000005,5,523.2730125712382,-73.0894073122299,7.936575081794862,1.434062929518317
54.3000000000005,6,523.3811942274463,-72.30315737133978,7.942918475426038,1.4340629295184235
54.3000000000005,7,523.4894623490145,-71.51627901166489,7.947458578959252,1.4340629295183627
54.3000000000005,8,523.5977923557055,-70.72895087912235,7.950954761683802,1.4340629295183334
54.4000000000005,0,522.843076749616,-76.21412388793061,7.835098982691147,1.4340629295183334
54.4000000000005,1,522.9498752081154,-75.43792684468207,7.753595162418348,1.4340629295184293
54.4000000000005,2,523.0555627065119,-74.66980411223025,7.690108904015305,1.4340629295184182
54.4000000000005,3,523.1603848381092,-73.90797075099991,7.648845435346834,1.4340629295183804
54.4000000000005,4,523.2646445167163,-73.15022522356031,7.626651535560045,1.434062929518375
54.4000000000005,5,523.3686016753061,-72.39467837152107,7.619134396865658,1.4340629295183471
54.4000000000005,6,523.4724563694817,-71.63987621726298,7.622617657751799,1.4340629295183454
54.4000000000005,7,523.576358543197,-70.8847289880025,7.634000231177961,1.4340629295183125
54.4000000000005,8,523.6804158701909,-70.12845412527395,7.64847952964983,1.4340629295183107
54.500000000000504,0,522.9498752081105,-75.43792684468133,7.753595162418444,1.4340629295183214
54.500000000000504,1,523.0555627065077,-74.6698041122296,7.722529555499597,1.4340629295183196
54.500000000000504,2,523.1608267566571,-73.90475894552279,7.699649681891357,1.4340629295182619
54.500000000000504,3,523.2657789364353,-73.14198041134779,7.687434791549667,1.4340629295182863
54.500000000000504,4,523.3705646178116,-72.38041196549298,7.683889896465975,1.434062929518302
54.500000000000504,5,523.475301979526,-71.61919470053442,7.6866834782764135,1.4340629295182918
54.500000000000504,6,523.5800774199214,-70.85770068477203,7.694376000449452,1.4340629295183625
54.500000000000504,7,523.6849577153424,-70.09544459657388,7.7060341378956245,1.4340629295183431
54.500000000000504,8,523.7899969201935,-69.33203357570218,7.718890933286577,1.4340629295183271
54.600000000000506,0,523.0555627065016,-74.66980411222869,7.72252955549971,1.4340629295183436
54.600000000000506,1,523.1608267566512,-73.90475894552189,7.733026460372432,1.4340629295183582
54.600000000000506,2,523.2662338877319,-73.13867388556758,7.7430236456885195,1.434062929518308
54.600000000000506,3,523.3717772881802,-72.3715984379104,7.753565817187841,1.4340629295182545
54.600000000000506,4,523.477464386579,-71.60347861259245,7.763786521773575,1.4340629295182967
54.600000000000506,5,523.5832908010855,-70.83434625626538,7.773268078602056,1.4340629295182885
54.600000000000506,6,523.6892464565447,-70.06427459382465,7.7826134922503645,1.4340629295183733
54.600000000000506,7,523.7953294972183,-69.29327711251948,7.792825012259196,1.4340629295183334
54.600000000000506,8,523.9015517288077,-68.52126801009065,7.802859290013325,1.434062929518324
54.70000000000051,0,523.1608267566572,-73.90475894552256,7.733026460372436,1.434062929518344
54.70000000000051,1,523.2662338877383,-73.13867388556824,7.777204728227101,1.4340629295184097
54.70000000000051,2,523.3722432027755,-72.36821223241955,7.813267881965782,1.4340629295183875
54.70000000000051,3,523.4787440864886,-71.59417792328219,7.841085958324777,1.4340629295183573
54.70000000000051,4,523.5856241520958,-70.8173877703876,7.860879117431321,1.4340629295183756
54.70000000000051,5,523.6927740137687,-70.03863677543995,7.873993358936319,1.4340629295183591
54.70000000000051,6,523.8001026326954,-69.25858659646113,7.882883911146438,1.4340629295183516
54.70000000000051,7,523.9075524367247,-68.47765566021893,7.890269095457563,1.4340629295183516
54.70000000000051,8,524.0151029065272,-67.69599309847472,7.896547987915281,1.4340629295183647
54.80000000000051,0,523.2662338877419,-73.13867388556872,7.77720472822716,1.4340629295182954
54.80000000000051,1,523.3722432027799,-72.36821223241998,7.848116990586761,1.4340629295182854
54.80000000000051,2,523.4792191067945,-71.59072553868212,7.90428983551957,1.434062929518341
54.80000000000051,3,523.5869606901274,-70.80767398912758,7.9446487219176065,1.434062929518361
54.80000000000051,4,523.6952523962938,-70.02062421972157,7.970449205940776,1.4340629295183507
54.80000000000051,5,523.8038957830104,-69.23101848268101,7.9846509678251785,1.4340629295183238
54.80000000000051,6,523.9127327507249,-68.44000582460372,7.9913773635606855,1.4340629295183978
54.80000000000051,7,524.0216614044148,-67.64832680500453,7.994857063192482,1.434062929518392
54.80000000000051,8,524.130637489102,-66.85630306320449,7.9966799151301515,1.434062929518381
54.90000000000051,0,523.3722432027782,-72.36821223241967,7.848116990586841,1.4340629295182592
54.90000000000051,1,523.4792191067932,-71.59072553868178,7.782514996866157,1.4340629295182699
54.90000000000051,2,523.5853008048989,-70.81973781498493,7.731204761300714,1.4340629295182452
54.90000000000051,3,523.6906831048127,-70.05383322466294,7.6978341757444255,1.4340629295182428
54.90000000000051,4,523.7956105378379,-69.291234546608,7.6798019270728135,1.4340629295182699
54.90000000000051,5,523.9002921773684,-68.5304222631006,7.6735959687880975,1.434062929518337
54.90000000000051,6,524.0048892248878,-67.77022478311792,7.676458943320308,1.4340629295183862
54.90000000000051,7,524.1095252969641,-67.00974367782652,7.68613330647154,1.4340629295183915
54.90000000000051,8,524.2142932380918,-66.24830416574412,7.6985077932167645,1.4340629295183795
55.00000000000051,0,523.4792191067879,-71.5907255386811,7.782514996866265,1.4340629295183942
55.00000000000051,1,523.5853008048933,-70.81973781498422,7.763944474211905,1.4340629295183511
55.00000000000051,2,523.691129372414,-70.05058981083758,7.750329811855265,1.4340629295182916
55.00000000000051,3,523.7967723615575,-69.28279056574162,7.743705961416768,1.434062929518278
55.00000000000051,4,523.9023250624973,-68.51564752334795,7.74260176420686,1.4340629295182628
55.00000000000051,5,524.007862712375,-67.7486138700777,7.745489244737451,1.4340629295183156
55.00000000000051,6,524.1134397208451,-66.98129416377154,7.751754203799129,1.4340629295183869
55.00000000000051,7,524.2191021255519,-66.21335380893103,7.761203439249242,1.4340629295183747
55.00000000000051,8,524.3248933306461,-65.44447734994768,7.771637128755454,1.4340629295183418
55.10000000000051,0,523.5853008048927,-70.81973781498394,7.763944474211996,1.434062929518276
55.10000000000051,1,523.6911293724131,-70.0505898108373,7.783965804130731,1.4340629295183271
55.10000000000051,2,523.7972308461435,-69.27945836051859,7.800712165669786,1.434062929518301
55.10000000000051,3,523.9035605857337,-68.50666790418862,7.814883001283738,1.4340629295182936
55.10000000000051,4,524.0100834847719,-67.73247359058388,7.826104588550267,1.434062929518261
55.10000000000051,5,524.1167593427232,-66.95716759187148,7.83468727752506,1.4340629295182725
55.10000000000051,6,524.2235521893626,-66.18101133487639,7.841970161026463,1.434062929518295
55.10000000000051,7,524.330444307336,-65.40413358697822,7.849599759220013,1.4340629295182308
55.10000000000051,8,524.4374404226343,-64.62650000031249,7.856989812992024,1.434062929518281
55.200000000000514,0,523.6911293724186,-70.05058981083802,7.78396580413076,1.4340629295182639
55.200000000000514,1,523.7972308461497,-69.27945836051933,7.8350996511341595,1.4340629295182776
55.200000000000514,2,523.9040293137606,-68.50326125105045,7.875756976167108,1.4340629295183795
55.200000000000514,3,524.0113819721539,-67.72303635641296,7.905548628183998,1.4340629295183946
55.200000000000514,4,524.1191407138043,-66.93986010248054,7.925154428598871,1.4340629295183633
55.200000000000514,5,524.2271666976765,-66.15474156749383,7.936575472446321,1.4340629295182854
55.200000000000514,6,524.3353483592093,-65.36849158790318,7.942918827339058,1.4340629295183902
55.200000000000514,7,524.4436164855744,-64.58161319336548,7.947458902129285,1.434062929518401
55.200000000000514,8,524.5519464966701,-63.79428502880753,7.950955062950664,1.434062929518367
55.300000000000516,0,523.7972308461519,-69.27945836051947,7.835099651134228,1.4340629295182588
55.300000000000516,1,523.9040293137627,-68.50326125105059,7.753595740972531,1.43406292951825
55.300000000000516,2,524.0097168200459,-67.73513846128338,7.690109401741353,1.4340629295182836
55.300000000000516,3,524.1145389584273,-66.973305050745,7.6488458642033255,1.4340629295183567
55.300000000000516,4,524.2187986428803,-66.21555948081998,7.626651907965143,1.4340629295183547
55.300000000000516,5,524.3227558065457,-65.46001259188773,7.619134724684324,1.4340629295182956
55.300000000000516,6,524.4266105051898,-64.70521040515388,7.622617951751882,1.4340629295183298
55.300000000000516,7,524.5305126829127,-63.95006314676777,7.634000500427689,1.4340629295183192
55.300000000000516,8,524.6345700135769,-63.193788257365576,7.648479780259141,1.434062929518334
55.40000000000052,0,523.9040293137587,-68.50326125104995,7.753595740972617,1.4340629295184213
55.40000000000052,1,524.0097168200416,-67.73513846128277,7.722530051759782,1.4340629295184173
55.40000000000052,2,524.1149808769554,-66.97009324541303,7.699650104693058,1.434062929518431
55.40000000000052,3,524.2199330624962,-66.20731466935248,7.687435152392765,1.4340629295183875
55.40000000000052,4,524.3247187487907,-65.44574618775022,7.683890207109941,1.4340629295183644
55.40000000000052,5,524.4294561147399,-64.68452889201717,7.686683749774979,1.4340629295183978
55.40000000000052,6,524.5342315588357,-63.92303484935833,7.694376242667432,1.4340629295183365
55.40000000000052,7,524.6391118575586,-63.16077873716442,7.706034359003645,1.43406292951828
55.40000000000052,8,524.7441510654237,-62.39736769438832,7.718891138704181,1.4340629295182845
55.50000000000052,0,524.0097168200347,-67.73513846128186,7.722530051759905,1.434062929518281
55.50000000000052,1,524.1149808769488,-66.97009324541222,7.733026881816943,1.4340629295183
55.50000000000052,2,524.2203880137745,-66.2040081437068,7.743024000830573,1.4340629295182585
55.50000000000052,3,524.3259314190639,-65.43693266086686,7.7535661169730075,1.434062929518289
55.50000000000052,4,524.4316185215487,-64.66881280585022,7.763786777240102,1.4340629295182754
55.50000000000052,5,524.5374449395376,-63.899680424214985,7.773268299969322,1.4340629295182639
55.50000000000052,6,524.6434005980138,-63.1296087398441,7.7826136884927575,1.4340629295182656
55.50000000000052,7,524.749483641363,-62.35861123909791,7.7928251906879735,1.4340629295183305
55.50000000000052,8,524.855705875384,-61.58660211899268,7.802859455400607,1.4340629295183414
55.60000000000052,0,524.114980876955,-66.9700932454129,7.73302688181695,1.4340629295183007
55.60000000000052,1,524.2203880137806,-66.20400814370744,7.777205082121762,1.4340629295182992
55.60000000000052,2,524.326397333642,-65.4335464554996,7.813268176427553,1.4340629295183263
55.60000000000052,3,524.432898221369,-64.65951211719093,7.841086203675818,1.434062929518358
55.60000000000052,4,524.5397782903206,-63.882721939990205,7.860879323949049,1.4340629295184033
55.60000000000052,5,524.6469281548084,-63.10397092458354,7.873993536000051,1.434062929518361
55.60000000000052,6,524.7542567761487,-62.323920728063605,7.882884066864367,1.4340629295183818
55.60000000000052,7,524.8617065823005,-61.54298977639496,7.890269236326221,1.4340629295184009
55.60000000000052,8,524.9692570540232,-60.761327200695376,7.896548118104559,1.4340629295183809
55.70000000000052,0,524.2203880137854,-66.20400814370782,7.777205082121811,1.4340629295184297
55.70000000000052,1,524.3263973336468,-65.43354645549994,7.848117283910144,1.4340629295183982
55.70000000000052,2,524.4333732416592,-64.65605973270354,7.90429007593839,1.4340629295183556
55.70000000000052,3,524.541114828269,-63.87300815933155,7.944648919084117,1.4340629295183405
55.70000000000052,4,524.649406537123,-63.08595837039291,7.970449369351288,1.434062929518305
55.70000000000052,5,524.7580499260671,-62.29635261716378,7.984651106027479,1.4340629295182705
55.70000000000052,6,524.8668868956656,-61.505339945395235,7.991377483830167,1.4340629295183338
55.70000000000052,7,524.9758155509949,-60.71366091388141,7.994857171260069,1.434062929518332
55.70000000000052,8,525.0847916371551,-59.92163716137547,7.9966800146098,1.4340629295183271
55.80000000000052,0,524.3263973336453,-65.43354645549967,7.848117283910228,1.4340629295183376
55.80000000000052,1,524.4333732416578,-64.65605973270323,7.782515236253286,1.4340629295183467
55.80000000000052,2,524.5394549430267,-63.885071985291134,7.731204953931106,1.4340629295183471
55.80000000000052,3,524.6448372455661,-63.119167375885915,7.697834330573098,1.434062929518356
55.80000000000052,4,524.7497646807014,-62.3565686824926,7.679802052810711,1.434062929518305
55.80000000000052,5,524.8544463219457,-61.59575638652869,7.673596073171532,1.4340629295182492
55.80000000000052,6,524.9590433708881,-60.83555889620507,7.676459032832136,1.4340629295182334
55.80000000000052,7,525.0636794441853,-60.07507778204609,7.686133386129158,1.434062929518262
55.80000000000052,8,525.1684473863988,-59.3136382620723,7.698507866124583,1.434062929518278
55.900000000000524,0,524.4333732416526,-64.6560597327026,7.782515236253392,1.434062929518269
55.900000000000524,1,524.5394549430216,-63.885071985290494,7.763944665913702,1.4340629295182734
55.900000000000524,2,524.645283513155,-63.11592396215263,7.750329962541694,1.434062929518225
55.900000000000524,3,524.750926504353,-62.34812470212863,7.7437060793342765,1.4340629295182672
55.900000000000524,4,524.8564792068992,-61.58098164805328,7.7426018572899515,1.434062929518222
55.900000000000524,5,524.9620168580456,-60.81394798556156,7.745489319939982,1.4340629295182024
55.900000000000524,6,525.0675938675411,-60.046628271805325,7.751754266856699,1.4340629295182838
55.900000000000524,7,525.1732562731074,-59.27868791071791,7.761203494519304,1.434062929518321
55.900000000000524,8,525.279047478955,-58.50981144625909,7.771637178878675,1.4340629295183414
56.000000000000526,0,524.53945494302,-63.88507198529029,7.763944665913798,1.4340629295182281
56.000000000000526,1,524.6452835131536,-63.11592396215238,7.783965953987103,1.4340629295182432
56.000000000000526,2,524.7513849889274,-62.344792496987885,7.800712279830871,1.4340629295182514
56.000000000000526,3,524.8577147300732,-61.572002029348255,7.814883087289387,1.4340629295182905
56.000000000000526,4,524.9642376302838,-60.797807707223306,7.82610465357797,1.434062929518375
56.000000000000526,5,525.0709134891215,-60.02250170206881,7.83468732778222,1.4340629295183824
56.000000000000526,6,525.1777063364455,-59.24634544009488,7.841970201549942,1.4340629295183722
56.000000000000526,7,525.2845984549717,-58.46946768818221,7.849599793761396,1.4340629295183493
56.000000000000526,8,525.3915945707403,-57.69183409809459,7.856989843772836,1.4340629295183525
56.10000000000053,0,524.6452835131596,-63.1159239621529,7.783965953987124,1.4340629295182667
56.10000000000053,1,524.7513849889333,-62.34479249698839,7.835099764558471,1.4340629295183012
56.10000000000053,2,524.8581834580899,-61.568595376282964,7.875757058789584,1.4340629295183591
56.10000000000053,3,524.9655361176098,-60.788370473460326,7.905548686850541,1.4340629295183875
56.10000000000053,4,525.0732948600594,-60.005194213716,7.925154469757679,1.4340629295183887
56.10000000000053,5,525.181320844493,-59.220075674651866,7.93657550159936,1.4340629295184173
56.10000000000053,6,525.2895025064228,-58.433825692173116,7.942918848875049,1.4340629295183263
56.10000000000053,7,525.397770633082,-57.64694729550194,7.947458919247429,1.4340629295183058
56.10000000000053,8,525.5061006444114,-56.85961912924815,7.950955077496245,1.434062929518305
56.20000000000053,0,524.7513849889356,-62.34479249698858,7.83509976455854,1.4340629295183387
56.20000000000053,1,524.8581834580923,-61.568595376283106,7.753595822945794,1.4340629295183267
56.20000000000053,2,524.9638709654928,-60.80047257839509,7.690109457381852,1.434062929518259
56.20000000000053,3,525.0686931046328,-60.038639162344644,7.648845899684262,1.434062929518296
56.20000000000053,4,525.1729527895695,-59.28089358890464,7.626651929039488,1.4340629295183938
56.20000000000053,5,525.2769099535224,-58.52534669788468,7.619134736193095,1.4340629295184075
56.20000000000053,6,525.3807646523233,-57.77054451001057,7.622617957486978,1.4340629295184022
56.20000000000053,7,525.4846668301242,-57.01539725105628,7.634000503088221,1.434062929518361
56.20000000000053,8,525.5887241608245,-56.25912236139054,7.648479781354998,1.4340629295183471
56.30000000000053,0,524.8581834580879,-61.568595376282495,7.753595822945903,1.434062929518356
56.30000000000053,1,524.9638709654881,-60.800472578394526,7.722530106832588,1.434062929518398
56.30000000000053,2,525.0691350231527,-60.03542735706894,7.699650137486339,1.4340629295183434
56.30000000000053,3,525.1740872091408,-59.27264877775968,7.6874351684349085,1.4340629295182548
56.30000000000053,4,525.2788728956546,-58.51108029456814,7.68389021149732,1.4340629295182903
56.30000000000053,5,525.3836102616633,-57.7498629984005,7.686683746734273,1.4340629295183347
56.30000000000053,6,525.4883857057175,-56.98836895604287,7.694376235444965,1.4340629295183702
56.30000000000053,7,525.5932660043418,-56.22611284456448,7.706034349848839,1.4340629295183374
56.30000000000053,8,525.6983052120821,-55.4627018026953,7.718891128830054,1.4340629295183493
56.40000000000053,0,524.9638709654815,-60.80047257839377,7.722530106832698,1.4340629295182663
56.40000000000053,1,525.0691350231464,-60.03542735706823,7.733026914117808,1.4340629295182332
56.40000000000053,2,525.1745421604126,-59.269342252162886,7.743024014502836,1.4340629295182734
56.40000000000053,3,525.2800855658882,-58.502266767968464,7.753566116933063,1.4340629295182743
56.40000000000053,4,525.3857726683727,-57.734146912955815,7.763786767969527,1.4340629295182925
56.40000000000053,5,525.4915990862353,-56.96501453223893,7.77326828512809,1.4340629295183132
56.40000000000053,6,525.5975547445087,-56.194942849338304,7.782613670831844,1.4340629295183325
56.40000000000053,7,525.7036377876173,-55.42394535034176,7.792825172055258,1.434062929518328
56.40000000000053,8,525.8098600213843,-54.65193623208243,7.802859436748296,1.4340629295183316
56.50000000000053,0,525.0691350231527,-60.03542735706877,7.733026914117805,1.434062929518258
56.50000000000053,1,525.1745421604186,-59.26934225216338,7.777205095370671,1.4340629295182823
56.50000000000053,2,525.2805514804606,-58.49888056264301,7.813268174313787,1.4340629295183194
56.50000000000053,3,525.3870523681586,-57.7248462245437,7.841086190540071,1.4340629295183294
56.50000000000053,4,525.4939324369313,-56.948056048644354,7.860879303701837,1.4340629295183993
56.50000000000053,5,525.6010823011429,-56.1693050352435,7.873993511782312,1.4340629295183636
56.50000000000053,6,525.7084109221535,-55.38925484112276,7.882884040980488,1.4340629295183525
56.50000000000053,7,525.815860727952,-54.60832389201835,7.890269210268023,1.4340629295183125
56.50000000000053,8,525.9234111993196,-53.82666131890024,7.896548092596897,1.4340629295182952
56.600000000000534,0,525.1745421604228,-59.26934225216373,7.777205095370724,1.4340629295183036
56.600000000000534,1,525.2805514804651,-58.49888056264336,7.8481172814359095,1.434062929518276
56.600000000000534,2,525.3875273884444,-57.72139384009204,7.904290061002511,1.4340629295183356
56.600000000000534,3,525.4952689748507,-56.93834226819967,7.9446488954902925,1.4340629295184122
56.600000000000534,4,525.6035606833827,-56.15129248159839,7.9704493404835,1.4340629295183787
56.600000000000534,5,525.7122040719336,-55.36168673122909,7.984651074554628,1.4340629295183618
56.600000000000534,6,525.8210410411024,-54.57067406257847,7.99137745165675,1.4340629295183223
56.600000000000534,7,525.9299696959936,-53.778995034251956,7.994857139564505,1.4340629295183187
56.600000000000534,8,526.0389457817218,-52.98697128488597,7.9966799839204,1.4340629295183345
56.700000000000536,0,525.2805514804631,-58.49888056264304,7.848117281435994,1.4340629295182636
56.700000000000536,1,525.3875273884423,-57.721393840091736,7.782515221013832,1.4340629295182494
56.700000000000536,2,525.4936090896038,-56.95040609418936,7.731204928788346,1.4340629295182565
56.700000000000536,3,525.5989913918004,-56.18450148727491,7.697834298833612,1.4340629295182779
56.700000000000536,4,525.7039188265035,-55.42190279702592,7.679802017376528,1.4340629295183303
56.700000000000536,5,525.8086004672648,-54.6610905045724,7.673596036285212,1.4340629295183194
56.700000000000536,6,525.9131975157043,-53.90089301790296,7.676458996042534,1.4340629295183387
56.700000000000536,7,526.0178335884993,-53.14041190738862,7.6861333503409925,1.4340629295182845
56.700000000000536,8,526.1226015302253,-52.378972390960215,7.698507831697804,1.4340629295183065
56.80000000000054,0,525.3875273884373,-57.72139384009119,7.782515221013942,1.4340629295182548
56.80000000000054,1,525.4936090895985,-56.950406094188835,7.763944640518428,1.4340629295182477
56.80000000000054,2,525.599437659386,-56.181258073566724,7.7503299294821,1.4340629295183018
56.80000000000054,3,525.7050806501329,-55.41345881681782,7.7437060414601975,1.4340629295183298
56.80000000000054,4,525.8106333521632,-54.64631576649452,7.742601817065307,1.4340629295183165
56.80000000000054,5,525.9161710027613,-53.87928210798775,7.745489279224901,1.4340629295183245
56.80000000000054,6,526.0217480117017,-53.11196239826505,7.751754226886114,1.4340629295183183
56.80000000000054,7,526.1274104167234,-52.34402204113738,7.7612034559608025,1.43406292951828
56.80000000000054,8,526.2332016220454,-51.57514558049844,7.771637141949449,1.4340629295182898
56.90000000000054,0,525.493609089597,-56.95040609418854,7.763944640518505,1.434062929518272
56.90000000000054,1,525.5994376593843,-56.181258073566475,7.783967780110108,1.4336619754633082
56.90000000000054,2,525.7058483399346,-55.41016903081005,7.800715805383107,1.4332306911157358
56.90000000000054,3,525.8128212387564,-54.63746697071521,7.814888124453691,1.432907460887438
56.90000000000054,4,525.9202386946837,-53.86339574606909,7.826111011561759,1.4329936336490396
56.90000000000054,5,526.0277436115773,-53.088203619457,7.834694799990176,1.433986572274049
56.90000000000054,6,526.1345958256499,-52.31205477390533,7.841978515296533,1.4364689147413299
56.90000000000054,7,526.2396185927192,-51.53492125826398,7.849608557687454,1.440780297831932
56.90000000000054,8,526.3413887997995,-50.75658559085155,7.856998613544342,1.4466686331821568
57.00000000000054,0,525.5999341519525,-56.181326550236356,7.783967780110135,1.4336619755418658
57.00000000000054,1,525.7063448323811,-55.410237507966556,7.8349817010894895,1.432495018292108
57.00000000000054,2,525.8143585517083,-54.63422048135023,7.875536037501007,1.4318663307959616
57.00000000000054,3,525.9234217309706,-53.854255160478495,7.905246461536892,1.4327509536945564
57.00000000000054,4,526.0322037285597,-53.07125085058452,7.924793260561095,1.4365564904359052
57.00000000000054,5,526.1382668053816,-52.28590106823705,7.9361763144381055,1.4447745267001562
57.00000000000054,6,526.2380154078548,-51.49857696708374,7.942500621322355,1.457665959213188
57.00000000000054,7,526.3276776742514,-50.70940406897573,7.947038237249635,1.4724393920663166
57.00000000000054,8,526.4057163561781,-49.91854110859313,7.950543458744686,1.4871559669238854
57.10000000000054,0,525.7077896452145,-55.410438272603855,7.8349817010895695,1.4324950202040942
57.10000000000054,1,525.8158033616611,-54.63442124983742,7.753406434817307,1.4304407455360224
57.10000000000054,2,525.9242700591024,-53.86670299082174,7.68985903198249,1.4296939846915961
57.10000000000054,3,526.0324164414114,-53.105356432961386,7.648547748123188,1.4318120414189814
57.10000000000054,4,526.1383773691706,-52.34787637874828,7.626319680638069,1.4382690578507122
57.10000000000054,5,526.2391517189127,-51.59192958490762,7.618781162231445,1.4497793585862084
57.10000000000054,6,526.331130019975,-50.835602726192356,7.622254544024582,1.465257848059537
57.10000000000054,7,526.4114315942368,-50.077564827879755,7.633638019425366,1.4808984322746181
57.10000000000054,8,526.4799717819265,-49.31721244185201,7.648126592317831,1.494656709528892
57.20000000000054,0,525.8183461268737,-54.63477942560541,7.753406434817385,1.430440728755284
57.20000000000054,1,525.9268125803978,-53.8670632398347,7.722201009863422,1.4295960295796724
57.20000000000054,2,526.0354890612816,-53.10252089671138,7.699203839166608,1.4329273641447071
57.20000000000054,3,526.1413021547089,-52.33989381149169,7.686900781716166,1.4426209262821126
57.20000000000054,4,526.2395597739114,-51.57750391543276,7.683297309522176,1.4594509062588412
57.20000000000054,5,526.324933260011,-50.813931927212124,7.686059951801721,1.4817879011469315
57.20000000000054,6,526.3932583457059,-50.048352951564766,7.693746340460255,1.5041446380697594
57.20000000000054,7,526.4445068216045,-49.2806386255354,7.705416226391897,1.521452459445651
57.20000000000054,8,526.4825192461105,-48.5109770270215,7.718293823763653,1.5334017126330657
57.300000000000544,0,525.9278574383721,-53.86721158750376,7.7222010098635465,1.4295964597121062
57.300000000000544,1,526.0365328546645,-53.10267673659068,7.732482898208207,1.4366934813825738
57.300000000000544,2,526.1399172819133,-52.336366693770245,7.742303281990966,1.4480080457691273
57.300000000000544,3,526.2347448695871,-51.56795843450598,7.752717972975602,1.4651858555162858
57.300000000000544,4,526.3164690021396,-50.79700217331151,7.762861123479689,1.487421230968951
57.300000000000544,5,526.3811169532719,-50.02341263606824,7.772311030357334,1.509607622469392
57.300000000000544,6,526.4286473020113,-49.24762854979141,7.781660772885859,1.526391121008524
57.300000000000544,7,526.4631952736125,-48.470203335546984,7.791898816888774,1.5366766791797697
57.300000000000544,8,526.489780528672,-47.69143765044033,7.801968623307585,1.5424791833454674
57.400000000000546,0,526.027741962738,-53.10147862741925,7.732482898208218,1.436694071656778
57.400000000000546,1,526.1311257851366,-52.335172746600946,7.776320068830406,1.4503659438331877
57.400000000000546,2,526.2245500841311,-51.56317287268881,7.81211061265496,1.4681811275756091
57.400000000000546,3,526.304573560428,-50.78607019407369,7.839743244020903,1.4887391916064412
57.400000000000546,4,526.3688319673442,-50.00473173278027,7.859435616501481,1.5089304292832368
57.400000000000546,5,526.4174238817213,-49.22029044935914,7.872519162922274,1.5242893278870837
57.400000000000546,6,526.4540234181969,-48.43388975259029,7.881428549068769,1.533652329049515
57.400000000000546,7,526.4832918758507,-47.64628869399573,7.888860835254967,1.5384560802344165
57.400000000000546,8,526.5088007289688,-46.85781215866529,7.89519705204693,1.5408439340072975
57.50000000000055,0,526.1141681643652,-52.3330754589048,7.776320068830478,1.4503626956348379
57.50000000000055,1,526.2075949801063,-51.56107612715044,7.846714820800428,1.4702357599022202
57.50000000000055,2,526.2863690868462,-50.78036851700383,7.902487880981887,1.4897175545718127
57.50000000000055,3,526.3503713748833,-49.99271476348534,7.942588649776109,1.50673273094207
57.50000000000055,4,526.4012197158692,-49.20008382858697,7.968259593018909,1.5197016252028597
57.50000000000055,5,526.441915594856,-48.40429723781677,7.982432081386756,1.5280568762034021
57.50000000000055,6,526.4760216896577,-47.60678296336639,7.989197104292289,1.5328401145501138
57.50000000000055,7,526.5063384257014,-46.808438000877175,7.99275270528274,1.5354447147708652
57.50000000000055,8,526.5345882886181,-46.00966086516258,7.99466390807609,1.5369977389592395
57.60000000000055,0,526.1828983562025,-51.5584867300565,7.846714820800519,1.4702257631040236
57.60000000000055,1,526.2616802468256,-50.77778016001915,7.780921346414873,1.462395521269495
57.60000000000055,2,526.3458611458204,-50.004252724934716,7.729481843877113,1.4741878517172382
57.60000000000055,3,526.420418763797,-49.234902141578615,7.696051301689253,1.4996865527058572
57.60000000000055,4,526.4750991631932,-48.46723685418717,7.678019732547146,1.5264889852920553
57.60000000000055,5,526.5091071684442,-47.700184534894404,7.671858371776459,1.5459701210943644
57.60000000000055,6,526.5281512457188,-46.93322707275793,7.674791074615149,1.5559010969890807
57.60000000000055,7,526.5395820562396,-46.16581216690538,7.684543856023864,1.5578062310320986
57.60000000000055,8,526.5495633698463,-45.39739067271094,7.696995362661708,1.555927026251289
57.70000000000055,0,526.2714121873317,-50.77882357427159,7.780921346414975,1.4623957428030727
57.70000000000055,1,526.3555927396177,-50.005298523217974,7.762099706728972,1.4900526783950987
57.70000000000055,2,526.4181981060763,-49.23161262021047,7.748312460118822,1.51438849356405
57.70000000000055,3,526.4618804624057,-48.458011702224965,7.741606330886658,1.5315005158619766
57.70000000000055,4,526.4922941371382,-47.684448669341805,7.740495882142931,1.540364486933773
57.70000000000055,5,526.5158491434679,-46.910752836782734,7.743430780049707,1.542899678781402
57.70000000000055,6,526.5374545451884,-46.136691671504735,7.749774508050159,1.5420655028538737
57.70000000000055,7,526.559726972967,-45.36199710123725,7.75931482222642,1.5403426813223406
57.70000000000055,8,526.5833623319455,-44.586392518307086,7.769839004209354,1.5387413214847852
57.80000000000055,0,526.3211707134938,-50.00232408356663,7.762099706729057,1.4900291690149907
57.80000000000055,1,526.3837948484565,-49.22864447527135,7.781709985234977,1.5058625062069422
57.80000000000055,2,526.4342896020278,-48.452110079430796,7.798164671583162,1.51899828599386
57.80000000000055,3,526.4746659557593,-47.673332801129966,7.812178903098791,1.5286817643640207
57.80000000000055,4,526.5075584711299,-46.89280201108194,7.823358209214177,1.5347322020886756
57.80000000000055,5,526.5357671711511,-46.110974272216474,7.831981353830016,1.537947369895273
57.80000000000055,6,526.561488398004,-45.32819426690391,7.83935537136275,1.5392770086383514
57.80000000000055,7,526.5861903048025,-44.54462321655265,7.847098720088239,1.5392937833361082
57.80000000000055,8,526.6109031019425,-43.76027007217964,7.854605262879044,1.538826508710105
57.90000000000055,0,526.3640521941356,-49.227299505124364,7.7817099852350085,1.505858614385106
57.90000000000055,1,526.4145493308918,-48.45076866728062,7.832467011729521,1.5153910270891875
57.90000000000055,2,526.4579231711423,-47.66872379235342,7.8728665880121795,1.5230138051472744
57.90000000000055,3,526.4955275542732,-46.882335041926666,7.90253394565921,1.5285489700909705
57.90000000000055,4,526.5289041493802,-46.092784437213965,7.922126935000639,1.5321532310519819
57.90000000000055,5,526.5595105451914,-45.30116076023579,7.933614263408296,1.5346889509269388
57.90000000000055,6,526.5881506542539,-44.50831621263413,7.940070335231073,1.5373261350857899
57.90000000000055,7,526.6147210263308,-43.71475285508027,7.944741359846645,1.540886842930894
57.90000000000055,8,526.6384794559087,-42.92063165440666,7.948367680150688,1.5455508387444286
58.000000000000554,0,526.4026543884604,-48.45008655262282,7.832467011729587,1.515389922510117
58.000000000000554,1,526.4460290714525,-47.66804177655597,7.750723479154629,1.51211029006768
58.000000000000554,2,526.491488899085,-46.89430341297445,7.687093346058263,1.5153368604333302
58.000000000000554,3,526.5340993128885,-46.12677402890436,7.645790671712882,1.5237774348058082
58.000000000000554,4,526.5700357886358,-45.36303675391633,7.6236421804636825,1.5334263049778951
58.000000000000554,5,526.5985187617893,-44.60120045473159,7.616227161631442,1.5416060819107837
58.000000000000554,6,526.6207475818557,-43.83989520237919,7.6198419526002255,1.5474852925628877
58.000000000000554,7,526.6385086229068,-43.078106957426414,7.631362834285123,1.551382950008922
58.000000000000554,8,526.6533227191511,-42.315102099595705,7.645973926953756,1.5546792657769641
58.100000000000556,0,526.4501216994995,-47.66827951167146,7.750723479154733,1.5121103120698938
58.100000000000556,1,526.4955815019405,-46.89454147404824,7.71942574153724,1.5192845382853033
58.100000000000556,2,526.535328046065,-46.12362034005244,7.696405778050667,1.5263398324649693
58.100000000000556,3,526.5695321468214,-45.354737631209446,7.684152137482914,1.533211081923723
58.100000000000556,4,526.5984062804681,-44.586864572900765,7.680651113379474,1.5406448157140349
58.100000000000556,5,526.6215613206966,-43.81914794895108,7.683545197777796,1.5499873300975109
58.100000000000556,6,526.6375498317354,-43.0509520452748,7.6913694139408,1.5617299222769552
58.100000000000556,7,526.6445246877097,-42.28182574202111,7.703169501362911,1.5740567492302429
58.100000000000556,8,526.642014655602,-41.511487880618404,7.7161654098282915,1.5858043115957032
58.20000000000056,0,526.4866259716407,-46.89406727809536,7.719425741537361,1.51928465269345
58.20000000000056,1,526.5263724429394,-46.123148634002426,7.729648992056269,1.5237970585671152
58.20000000000056,2,526.5626878634564,-45.35103677396883,7.739471755109702,1.530087773294027
58.20000000000056,3,526.5941854393174,-44.577729501992536,7.7499507663517315,1.5399346017504523
58.20000000000056,4,526.6180993044677,-43.80310238349749,7.760201777069077,1.5546542784259083
58.20000000000056,5,526.6306252949789,-43.02718318065543,7.769781012258409,1.5741066115307658
58.20000000000056,6,526.6280533384243,-42.2502086514279,7.779265433989628,1.5946814481887301
58.20000000000056,7,526.6094742980656,-41.47249995065559,7.789632384211633,1.6117519874511805
58.20000000000056,8,526.5775802206133,-40.69418409616828,7.7998203505587025,1.624593818866983
58.30000000000056,0,526.5207384142474,-46.122878793319984,7.729648992056276,1.5237970121620417
58.30000000000056,1,526.5570538615516,-45.35076745180841,7.773463577117567,1.5329155359012883
58.30000000000056,2,526.5864932841947,-44.5739785209181,7.809279685165796,1.543865576146665
58.30000000000056,3,526.6075215949982,-43.79333273165095,7.836985381957217,1.5586981692101856
58.30000000000056,4,526.617002410682,-43.009689637043316,7.856784006573312,1.5780288184989129
58.30000000000056,5,526.6113197726734,-42.22403059368497,7.869993646253499,1.5986266870360955
58.30000000000056,6,526.5894201557878,-41.437335970786734,7.879036536507415,1.615545144674986
58.30000000000056,7,526.5541744905959,-40.650218554593145,7.886597686378405,1.6270944285520994
58.30000000000056,8,526.5097982221953,-39.862804319420746,7.893051962257489,1.6346205283509567
58.40000000000056,0,526.545665507923,-45.35031593153823,7.773463577117629,1.5329146051303715
58.40000000000056,1,526.5751056838732,-44.57352726279522,7.843908411810746,1.5460249305836093
58.40000000000056,2,526.5945341636595,-43.78937699518853,7.899756530340518,1.5615834639778075
58.40000000000056,3,526.6018119819814,-42.999434788117696,7.939958823297366,1.5795024871924785
58.40000000000056,4,526.594899292719,-42.20546734620814,7.965752143760315,1.5981668289140751
58.40000000000056,5,526.5730990953141,-41.409187470303095,7.980059242115001,1.6135066261469717
58.40000000000056,6,526.5390262140278,-40.611908057752444,7.986959948998276,1.623908621614472
58.40000000000056,7,526.4966255823151,-39.81433832343241,7.990641915393639,1.6303500175098293
58.40000000000056,8,526.4490665285537,-39.01669031697823,7.992666242528136,1.6344853355457616
58.50000000000056,0,526.5587266007635,-44.57307930881531,7.8439084118108235,1.546022043152452
58.50000000000056,1,526.5781573341555,-43.78892917119603,7.778364108997834,1.536645376778993
58.50000000000056,2,526.6047161903629,-43.01153751298789,7.7271647159693675,1.5473771423405838
58.50000000000056,3,526.6228109446613,-42.2390201401538,7.693957708484185,1.5751977240849884
58.50000000000056,4,526.6194244163146,-41.46963007499963,7.676126650578325,1.6084964126036843
58.50000000000056,5,526.5904922632592,-40.702559210513556,7.670139569760642,1.6351206748686402
58.50000000000056,6,526.5411879681849,-39.93711357698456,7.673217317633766,1.650268322010347
58.50000000000056,7,526.4802702611596,-39.172189538873766,7.683085346582452,1.6555043650844992
58.50000000000056,8,526.4152651072625,-38.40661736494468,7.6956286449334845,1.6555371802458994
58.60000000000056,0,526.5898728739421,-43.78930708335949,7.778364108997951,1.5366449981719141
58.60000000000056,1,526.6164318574406,-43.0119242288298,7.759780564025546,1.5628194963865478
58.60000000000056,2,526.622619477456,-42.235959545870614,7.7462162260765695,1.5913641875366908
58.60000000000056,3,526.6066849192329,-41.46149479763636,7.739712873950146,1.616214531716703
58.60000000000056,4,526.5715441909379,-40.6883216036268,7.738782686148184,1.6329743913052015
58.60000000000056,5,526.5234618347237,-39.91593047952182,7.741872749271169,1.6408769669869647
58.60000000000056,6,526.4692609372282,-39.14360443340934,7.748344659853441,1.642684245645197
58.60000000000056,7,526.4136210052561,-38.37069654306322,7.757986941336829,1.6417496470371882
58.60000000000056,8,526.3586343991851,-37.59678242245424,7.768593250808346,1.6400813787431376
58.700000000000564,0,526.583727177212,-43.01149495145795,7.759780564025634,1.5628052123101093
58.700000000000564,1,526.5899280407018,-42.235541671092435,7.779532962869363,1.5866604074592727
58.700000000000564,2,526.5775871310914,-41.45768472133996,7.796134517744297,1.6073536047835573
58.700000000000564,3,526.549093117882,-40.67858861880914,7.810297429827474,1.6226646574263617
58.700000000000564,4,526.5086008095486,-39.89860605749452,7.821621240809893,1.632011596566139
58.700000000000564,5,526.4607506000116,-39.11790846952063,7.8303779904640445,1.6366471407646113
58.700000000000564,6,526.4092236752916,-38.3365660935557,7.837869163746652,1.638265278554174
58.700000000000564,7,526.3563806239532,-37.55455083826149,7.845710425804279,1.6381155339506714
58.700000000000564,8,526.3036014375446,-36.77174109323485,7.853298592032327,1.6373846875603446
58.800000000000566,0,526.5601262649384,-42.235875881967544,7.779532962869388,1.5866437351466378
58.800000000000566,1,526.5477982373993,-41.45802027136847,7.83031554459065,1.6022772072463367
58.800000000000566,2,526.5231518455087,-40.675376565244584,7.870768841381643,1.6147302517216113
58.800000000000566,3,526.4885839255912,-39.88905767716331,7.900518645759508,1.6236736202189732
58.800000000000566,4,526.4468283132151,-39.10010517682193,7.920213914526853,1.6291805114505764
58.800000000000566,5,526.4006139273786,-38.30942848181289,7.931812019085016,1.6320876499185992
58.800000000000566,6,526.3520295365358,-37.51773631864184,7.938376786390563,1.6334567662835404
58.800000000000566,7,526.3023186804066,-36.72545376161983,7.943146628502746,1.634011796762072
58.800000000000566,8,526.2521372537781,-35.932719479305916,7.946860048350112,1.634260825957747
58.90000000000057,0,526.5282688363543,-41.45857514515637,7.830315544590732,1.6022723285328038
58.90000000000057,1,526.5036262033241,-40.67593144850015,7.748644317312434,1.5972780648044653
58.90000000000057,2,526.4831087951222,-39.90133825870144,7.685104307565099,1.6027037929769272
58.90000000000057,3,526.4585914156445,-39.13321542920829,7.643907347397183,1.6162893300700962
58.90000000000057,4,526.4238282579391,-38.369608472124796,7.621872905874632,1.631193596233342
58.90000000000057,5,526.3778208149147,-37.60879847070594,7.614571987495426,1.6425144863869479
58.90000000000057,6,526.3232543735356,-36.84927284195458,7.618293465128932,1.64836621999937
58.90000000000057,7,526.2642132257224,-36.08968669308803,7.629908259017376,1.649112877265936
58.90000000000057,8,526.2045130330001,-35.32897678496582,7.644600639962552,1.6474519617784749
59.00000000000057,0,526.5098665878945,-40.675759858814345,7.748644317312545,1.5972781736518535
59.00000000000057,1,526.4893491449816,-39.90116711285148,7.717484555962906,1.6124227352014824
59.00000000000057,2,526.4572331156296,-39.130086022387175,7.694610881826587,1.6251674864389638
59.00000000000057,3,526.4154171415428,-38.36176187824404,7.682508058045703,1.633602285285146
59.00000000000057,4,526.3671983318872,-37.59502521187565,7.679154447296506,1.6374478960192813
59.00000000000057,5,526.3160539102959,-36.82881146419602,7.682184157724312,1.6379821774335346
59.00000000000057,6,526.2644799398026,-36.062317913219665,7.69012529879211,1.6369515584582293
59.00000000000057,7,526.2136434972094,-35.29497479548654,7.702019448199189,1.6357139090314377
59.00000000000057,8,526.1636796164648,-34.52638479037509,7.71508929063684,1.634704030985683
59.10000000000057,0,526.4704362048839,-39.901899320694625,7.71748455596302,1.6124187310257372
59.10000000000057,1,526.4383234527286,-39.13081926657314,7.727922993764529,1.6196155916735853
59.10000000000057,2,526.400611303375,-38.35894622686263,7.737955987426587,1.6258345587927479
59.10000000000057,3,526.3580445408893,-37.58631997397728,7.7486321040423665,1.630626213230471
59.10000000000057,4,526.3117123504048,-36.8128418163553,7.759058886943801,1.6337451086527714
59.10000000000057,5,526.2629022892532,-36.03847269330785,7.768785647402458,1.635455511225861
59.10000000000057,6,526.2127043961636,-35.263214994373755,7.778384456846948,1.6361304635674858
59.10000000000057,7,526.1619196537429,-34.48702594906706,7.788833824520823,1.6360092499804697
59.10000000000057,8,526.1111606814106,-33.70978596801391,7.799081471568577,1.6355959215388018
59.20000000000057,0,526.4293376683097,-39.13124596865785,7.7279229937645395,1.6196153367784496
59.20000000000057,1,526.391625697294,-38.35937438269461,7.772116879530182,1.6245007092247286
59.20000000000057,2,526.3499060853434,-37.58328317761266,7.808274596374889,1.6283835773130382
59.20000000000057,3,526.3049652287714,-36.8037498836748,7.836267463359767,1.6311162816558116
59.20000000000057,4,526.2577255581618,-36.02154793526513,7.856291587296989,1.6327481679779683
59.20000000000057,5,526.2090855197952,-35.23742568949929,7.8696633399106215,1.6335712673518654
59.20000000000057,6,526.1597161924122,-34.45200944082294,7.878810590971263,1.6339141844785656
59.20000000000057,7,526.1100197741116,-33.665696778209394,7.886431318051532,1.6339872618221332
59.20000000000057,8,526.0602177405766,-32.87862688697095,7.892918713747994,1.6339657415539235
59.30000000000057,0,526.3855276174531,-38.359696477427036,7.772116879530247,1.6245005628783233
59.30000000000057,1,526.3438081184072,-37.58360531571346,7.843114353247022,1.6272114845559504
59.30000000000057,2,526.2995845302098,-36.80054163934116,7.899435738690081,1.6294498320665887
59.30000000000057,3,526.2532781332399,-36.01195646048497,7.940005324659085,1.6311632429553744
59.30000000000057,4,526.2053758721887,-35.21940196322174,7.966056818277438,1.6322822237106633
59.30000000000057,5,526.1564267012254,-34.42430107971618,7.980523891845914,1.632894730344316
59.30000000000057,6,526.106900765978,-33.627786674552524,7.987506345548974,1.6332012440553334
59.30000000000057,7,526.0570871467382,-32.83059085014779,7.9912160270819115,1.63337415308827
59.30000000000057,8,526.0071124788064,-32.03303338406338,7.993239871071615,1.6334971226438753
59.400000000000574,0,526.3404247793565,-37.58379458808365,7.8431143532471115,1.627211459713919
59.400000000000574,1,526.2962012123453,-36.80073092291859,7.777661832939707,1.6264610969508948
59.400000000000574,2,526.2529293908623,-36.02416940201309,7.726548870330891,1.627509374716789
59.400000000000574,3,526.2091332589172,-35.252756687783474,7.69341986169028,1.6299438821877037
59.400000000000574,4,526.1636550789271,-34.48475991108346,7.6756540178565364,1.632577856544284
59.400000000000574,5,526.1162638555086,-33.71865863819096,7.669717037911945,1.6345889507685625
59.400000000000574,6,526.067369849231,-32.95324634216961,7.672831911468515,1.6356747198425143
59.400000000000574,7,526.0176245740425,-32.18757614505905,7.682727823922679,1.6359015597192248
59.400000000000574,8,525.9676412138072,-31.42092947221352,7.695293444048567,1.6357115073852415
59.500000000000576,0,526.2971377046914,-36.80067859619676,7.777661832939805,1.6264610973715194
59.500000000000576,1,526.2538658833878,-36.02411708198399,7.759288077157042,1.6290841904538564
59.500000000000576,2,526.2086642529595,-35.249505958836906,7.745905141568768,1.6313667826327523
59.500000000000576,3,526.1617756332864,-34.476335893347525,7.739542813456197,1.6329986031329242
59.500000000000576,4,526.1136649537043,-33.70387839130349,7.7387125888347805,1.6338739113268765
59.500000000000576,5,526.064883387307,-32.931546114979966,7.741867484887623,1.6341540363202651
59.500000000000576,6,526.0158654925543,-32.158912547259135,7.748376981910989,1.6341065715245982
59.500000000000576,7,525.9668430787598,-31.385626850580355,7.758037578242404,1.633962779383286
59.500000000000576,8,525.9178708776535,-30.611370016231163,7.7686515867396615,1.6338218819194559
59.60000000000058,0,526.2505925052799,-36.02430640434061,7.759288077157107,1.6290841703071752
59.60000000000058,1,526.2053908937148,-35.24969532195491,7.779540699742291,1.6305705335368952
59.60000000000058,2,526.1589169914897,-34.473130610190026,7.796542514587764,1.6318266650903936
59.60000000000058,3,526.1113639593034,-33.694927843659165,7.8109865159330845,1.6327735159951828
59.60000000000058,4,526.0629846444865,-32.9153288284085,7.8224836425629585,1.6333774509261911
59.60000000000058,5,526.0140626101128,-32.13461175269991,7.831328156784402,1.6337041086348632
59.60000000000058,6,525.9648299463652,-31.35302798232766,7.83884575809063,1.6338428043368847
59.60000000000058,7,525.9154415052741,-30.57070063512314,7.846675195226597,1.6338530838368144
59.60000000000058,8,525.8659956813392,-29.787592355632096,7.854234062238654,1.6338151051991616
59.70000000000058,0,526.203536228734,-35.24980577717522,7.779540699742313,1.6305705301812778
59.70000000000058,1,526.1570623303319,-34.47324109103728,7.830931693616153,1.6315229782178404
59.70000000000058,2,526.109536927085,-33.6915913943633,7.87186087457962,1.6322974815057498
59.70000000000058,3,526.0611545871607,-32.90589355623448,7.901931662656262,1.6328692166949275
59.70000000000058,4,526.0121365051255,-32.11722220706747,7.92181044885762,1.6332311900122174
59.70000000000058,5,525.9627089159172,-31.326584644923187,7.933484926053719,1.6334277408098807
59.70000000000058,6,525.9130528570686,-30.53479167240252,7.940051423233161,1.6335231758693467
59.70000000000058,7,525.8632800705888,-29.742348081156138,7.944778818047752,1.633564793202355
59.70000000000058,8,525.8134446504141,-28.949434744096397,7.94843172239519,1.633585273413987
59.80000000000058,0,526.1558739523709,-34.473313122734226,7.830931693616226,1.6315229771082649
59.80000000000058,1,526.1083485499954,-33.691663426239906,7.749702886924511,1.6312135156894962
59.80000000000058,2,526.0615555032871,-32.91810711781528,7.686498238597877,1.6315635491662093
59.80000000000058,3,526.0148755288562,-32.150876022975424,7.645514830285514,1.6324261052051496
59.80000000000058,4,525.9677862113151,-31.387776026681493,7.623587801900605,1.6333679760563464
59.80000000000058,5,525.9201152835828,-30.626909116467402,7.61631338424076,1.6340819114843932
59.80000000000058,6,525.8719471612116,-29.866802376099997,7.620006854605291,1.634451822904352
59.80000000000058,7,525.8234743700693,-29.106344833024185,7.63156354938168,1.634503055852627
59.80000000000058,8,525.7748890420315,-28.34473641328245,7.646187216360871,1.6344034713411513
59.90000000000058,0,526.1087346694967,-33.69164004534722,7.749702886924609,1.6312135157132541
59.90000000000058,1,526.0619416229024,-32.91808373896334,7.718922263958264,1.6321673740063418
59.90000000000058,2,526.0145995196298,-32.14764468117591,7.696327319753607,1.632977830474354
59.90000000000058,3,525.9667734331642,-31.37949937689223,7.684388723007426,1.633522556527105
59.90000000000058,4,525.918603762262,-30.612571748982845,7.681101476479908,1.6337781881910716
59.90000000000058,5,525.8702587313869,-29.845984521909376,7.684125240892077,1.6338216570233715
59.90000000000058,6,525.8218613320391,-29.079097601491767,7.69201416665307,1.633762154127811
59.90000000000058,7,525.773459923287,-28.311420455822056,7.703832984677956,1.6336860184704778
59.90000000000058,8,525.7250426836247,-27.542560091265315,7.716821847502852,1.6336224530601262
60.00000000000058,0,526.0607515321241,-32.918156647409646,7.718922263958378,1.6321673730090733
60.00000000000058,1,526.0134094299472,-32.14771759431625,7.729707692716762,1.6326354224469815
60.00000000000058,2,525.9656400754704,-31.37622429728029,7.739987957334795,1.6330396039843722
60.00000000000058,3,525.917494954941,-30.603724331538277,7.750798960319567,1.6333503021285296
60.00000000000058,4,525.8690422396248,-29.83016037928789,7.761265722826472,1.633551650540186
60.00000000000058,5,525.820368128314,-29.055561588155385,7.770963622003552,1.633661160294352
60.00000000000058,6,525.7715482649846,-28.280000248842484,7.780491111887381,1.6337038597644016
60.00000000000058,7,525.7226353882139,-27.50349010246914,7.7908498522982015,1.6336963065620562
60.00000000000058,8,525.6736632625901,-26.725945753614713,7.8010041195157624,1.6336704723639706
60.100000000000584,0,526.0128254832943,-32.147753698938715,7.729707692716759,1.6326354223701975
60.100000000000584,1,525.9650561291937,-31.376260407356092,7.774173007807185,1.6329512981817236
60.100000000000584,2,525.9167668852763,-30.60034429798632,7.810513424945762,1.6332030128066044
60.100000000000584,3,525.8680556921004,-29.820813400220807,7.838590130621587,1.633380919301692
60.100000000000584,4,525.8190302138082,-29.038489006265625,7.858616105390843,1.6334876975759647
60.100000000000584,5,525.769795737222,-28.254171188738646,7.8719320530682175,1.6335419056825398
60.100000000000584,6,525.7204352475114,-27.46852706794217,7.880990165935749,1.6335647710981602
60.100000000000584,7,525.6709999745656,-26.681980046570835,7.888509295413364,1.6335700280430205
60.100000000000584,8,525.6215133973367,-25.89468285184855,7.894896448928979,1.6335690498387199
60.200000000000585,0,525.9646620454325,-31.37628490929077,7.7741730078072395,1.632951298142165
60.200000000000585,1,525.9163728015569,-30.600368800114715,7.845366644643802,1.6331277099147001
60.200000000000585,2,525.8675032052015,-29.817355683665426,7.901807692162698,1.633273567358568
60.200000000000585,3,525.8181670023505,-29.028716610839243,7.942412858395738,1.633385490657636
60.200000000000585,4,525.7684885542175,-28.23603049791258,7.96843173004314,1.6334587928441535
60.200000000000585,5,525.7185890665369,-27.44075124697298,7.982820117009681,1.633499046022898
60.200000000000585,6,525.668567406454,-26.644037995250155,7.989699622281657,1.633519259846874
60.200000000000585,7,525.6184865198372,-25.846639158180324,7.993300351326468,1.633530726186671
60.200000000000585,8,525.5683739158269,-25.048881530743785,7.9952202105842884,1.6335389039810586
60.30000000000059,0,525.9161527146048,-30.600382528590668,7.845366644643878,1.6331277099079018
60.30000000000059,1,525.8672831182587,-29.817369412198822,7.780037021169755,1.6330789571260427
60.30000000000059,2,525.8188583231033,-29.040874209531406,7.728983424237127,1.6331474997799178
60.30000000000059,3,525.7706984239527,-28.269477766537126,7.6958452118510134,1.6333063813169046
60.30000000000059,4,525.7226229770051,-27.501396333629508,7.67801618169914,1.6334781921634285
60.30000000000059,5,525.6745272485282,-26.735102572975908,7.671981640318525,1.6336093619125975
60.30000000000059,6,525.6263688856716,-25.969417390133557,7.674983551354477,1.6336802368161605
60.30000000000059,7,525.5781373901593,-25.203436022112044,7.684766522553007,1.6336951798698927
60.30000000000059,8,525.5298329552747,-24.436479011143355,7.697227325026627,1.6336829586230088
60.40000000000059,0,525.867343941033,-29.817365618484583,7.780037021169866,1.6330789571262798
60.40000000000059,1,525.818919145879,-29.040870415845323,7.761727243844725,1.6332500108598924
60.40000000000059,2,525.7704758060019,-28.266210915692422,7.7483557603387,1.63339897434001
60.40000000000059,3,525.7220007250539,-27.492893169524656,7.741949299995405,1.633505648122835
60.40000000000059,4,525.6734832998104,-26.720219985645823,7.741032771036151,1.6335630495570084
60.40000000000059,5,525.6249272710636,-25.94764106026252,7.744076588176565,1.6335816090935906
60.40000000000059,6,525.5763378054456,-25.17475925366383,7.750466758219987,1.6335787244282747
60.40000000000059,7,525.527710476623,-24.40123954819829,7.76001278008862,1.6335694698338945
60.40000000000059,8,525.47903042239,-23.62676667087596,7.770522722949243,1.6335603485507975
60.50000000000059,0,525.8187057451236,-29.040883753656658,7.761727243844783,1.6332500108541144
60.50000000000059,1,525.7702624052624,-28.26622425368187,7.7819957504040405,1.633347289732388
60.50000000000059,2,525.7216170088145,-27.489546582980786,7.798970504857578,1.633429476832983
60.50000000000059,3,525.6728015309029,-26.711178765794696,7.813343110316894,1.6334914215938927
60.50000000000059,4,525.6238477871116,-25.93137953720956,7.824736751679452,1.6335309324784735
60.50000000000059,5,525.5747918021273,-25.150445120801002,7.833461039022091,1.6335523080308452
60.50000000000059,6,525.5256644100548,-24.368641041760956,7.840855988286502,1.6335614039112754
60.50000000000059,7,525.4764835227611,-23.5860993701951,7.848571225198771,1.6335621309032224
60.50000000000059,8,525.4272536730365,-22.802787729698885,7.856028140151159,1.6335597094863128
60.60000000000059,0,525.7701410443344,-28.26623185253298,7.781995750404072,1.6333472897315495
60.60000000000059,1,525.721495647894,-27.489554181939834,7.833361845372761,1.633409586644806
60.60000000000059,2,525.6724804571678,-26.70775299935906,7.874231937425863,1.63346026865299
60.60000000000059,3,525.6231697027217,-25.921875314492837,7.904209471071786,1.6334977204716468
60.60000000000059,4,525.5736416755826,-25.133007614381157,7.923971908179404,1.633521459595341
60.60000000000059,5,525.5239710425485,-24.342168732955198,7.935520324003611,1.6335343668304514
60.60000000000059,6,525.4742177970032,-23.550177923219387,7.941963279006502,1.633540648921803
60.60000000000059,7,525.4244191767348,-22.757544398373646,7.946578568443153,1.6335434099710104
60.60000000000059,8,525.3745894273688,-21.964450390310915,7.950132890889284,1.6335447852998843
60.70000000000059,0,525.7214179292902,-27.48955905356746,7.833361845372838,1.6334095866446265
60.70000000000059,1,525.6724027385638,-26.707757870987564,7.752074379838763,1.6333893378751094
60.70000000000059,2,525.6239118489088,-25.934068524066397,7.688784741863576,1.633412272445284
60.70000000000059,3,525.5757992501724,-25.166696850103833,7.647691228133367,1.6334687582928629
60.70000000000059,4,525.5279006803489,-24.40342917858951,7.625638892931307,1.6335304275941578
60.70000000000059,5,525.4800932930436,-23.64236535784945,7.618235495125959,1.6335771731466995
60.70000000000059,6,525.4322967780628,-22.882042653797306,7.62180660565503,1.6336014060285478
60.70000000000059,7,525.3844594246193,-22.121364700925376,7.633254697853691,1.6336047897823789
60.70000000000059,8,525.3365476407782,-21.359544357892595,7.647784140442003,1.6335983031513452
60.800000000000594,0,525.6724279999476,-26.70775628762889,7.752074379838852,1.6333893378749762
60.800000000000594,1,525.6239371102936,-25.934066940716434,7.721208862523447,1.6334517804940543
60.800000000000594,2,525.5755911723356,-25.163461118456084,7.698509440869495,1.6335048579834914
60.800000000000594,3,525.52734658409,-24.395123343893022,7.6864489255494535,1.6335405677436623
60.800000000000594,4,525.4791501818632,-23.62799097091151,7.683031147037535,1.6335573629201845
60.800000000000594,5,525.4309623317697,-22.86120051240887,7.68592562249052,1.6335602625495558
60.800000000000594,6,525.3827541033208,-22.094121315932433,7.693695076139712,1.6335564055471492
60.800000000000594,7,525.3345001043458,-21.326266517706458,7.705409830278034,1.6335514438588286
60.800000000000594,8,525.2861764473969,-20.557242310692445,7.718309470582653,1.6335472950981522
60.900000000000595,0,525.623859210112,-25.93407182703769,7.721208862523576,1.6334517804939293
60.900000000000595,1,525.5755132721553,-25.163466004797872,7.731889466272097,1.6334824902872358
60.900000000000595,2,525.5270767603074,-24.391795705030965,7.742051100285976,1.6335090020491019
60.900000000000595,3,525.4785561055744,-23.619112523825358,7.752732532791016,1.633529377532808
60.900000000000595,4,525.4299527431162,-22.84536428929127,7.7630665902111735,1.6335425798840801
60.900000000000595,5,525.3812743655694,-22.07058532442428,7.772636992753314,1.6335497607656193
60.900000000000595,6,525.3325304062728,-21.294851552629964,7.782049237566178,1.6335525651684308
60.900000000000595,7,525.2837252425556,-20.51817854576131,7.792309235075681,1.6335520814553064
60.900000000000595,8,525.2348561093888,-19.74048153517856,7.802379740322414,1.633550400787907
61.0000000000006,0,525.5754749603032,-25.16346840934704,7.731889466272105,1.6334824902872085
61.0000000000006,1,525.5270384484569,-24.39179810960341,7.776235198795778,1.6335032020934457
61.0000000000006,2,525.4783080579086,-23.61570295583166,7.8124471849656905,1.6335197121414688
61.0000000000006,3,525.4293378690655,-22.835994529053522,7.8403900259193975,1.6335313896545067
61.0000000000006,4,525.3801833905468,-22.05349788699193,7.860283548091698,1.633538405318066
61.0000000000006,5,525.3308986880785,-21.269016151912247,7.873475427862006,1.6335419720825035
61.0000000000006,6,525.2815284685503,-20.483218000632213,7.882423535738808,1.6335434813453138
61.0000000000006,7,525.2321009530519,-19.696526874018744,7.889849807493613,1.6335438348653417
61.0000000000006,8,525.1826265920089,-18.90909459917271,7.896158969142489,1.633543778149207
61.1000000000006,0,525.5270126095818,-24.391799731903006,7.776235198795825,1.6335032020934002
61.1000000000006,1,525.4782822190336,-23.615704578132082,7.847299073659944,1.6335147805445973
61.1000000000006,2,525.4290974330188,-22.8325175734266,7.903605694886457,1.6335243567581517
61.1000000000006,3,525.379552178282,-22.043711451787377,7.944075579927744,1.6335317098947886
61.1000000000006,4,525.3297474004787,-21.25086666728587,7.969964271479221,1.6335365291014554
61.1000000000006,5,525.279776482159,-20.455438347307457,7.9842333246575015,1.6335391775442065
61.1000000000006,6,525.2297139878142,-19.65858606206685,7.991008817986089,1.633540508899828
61.1000000000006,7,525.179607948186,-18.86105762741132,7.994522941211513,1.6335412655861488
61.1000000000006,8,525.1294792701992,-18.063178509863164,7.99637073446268,1.6335418059581983
61.2000000000006,0,525.478267774422,-23.61570548523223,7.8472990736600385,1.6335147805445327
61.2000000000006,1,525.4290829884073,-22.83251848052703,7.78183340052876,1.6335115787489958
61.2000000000006,2,525.3803110105265,-22.05586501538995,7.730642577884207,1.633516082877837
61.2000000000006,3,525.3318563916305,-21.28432078685911,7.697370036216646,1.6335265208325662
61.2000000000006,4,525.2836023018318,-20.516097773948154,7.679414709930027,1.6335378067542607
61.2000000000006,5,525.23545212241,-19.749667305412153,7.6732665593113785,1.6335464225346032
61.2000000000006,6,525.1873338939831,-18.983850856768214,7.676170971960111,1.6335510785952807
61.2000000000006,7,525.1391938852598,-18.21774476261232,7.685873790970211,1.6335520623344002
61.2000000000006,8,525.0909922720931,-17.450670343902885,7.698268488268568,1.63355126234265
61.3000000000006,0,525.429086982778,-22.83251822968694,7.781833400528862,1.6335115787489372
61.3000000000006,1,525.3803150048977,-22.05586476454999,7.76338460291817,1.6335228149838723
61.3000000000006,2,525.3316499473153,-21.281053098982337,7.749875779842115,1.6335326013499025
61.3000000000006,3,525.2830620008857,-20.507590134457253,7.743337882628897,1.63353961172872
61.3000000000006,4,525.2345096261947,-19.734780013821414,7.742300208764055,1.6335433864484963
61.3000000000006,5,525.1859608411883,-18.96207363963934,7.7452368654165795,1.6335446095273212
61.3000000000006,6,525.137392696175,-18.18907423711133,7.751536373831057,1.6335444230866596
61.3000000000006,7,525.0887851929981,-17.41544611443716,7.761008758088656,1.633543817234338
61.3000000000006,8,525.0401187606874,-16.640872588033396,7.7714584880170685,1.633543219440826
61.4000000000006,0,525.3803009872232,-22.05586564495316,7.763384602918252,1.6335228149839411
61.4000000000006,1,525.3316359296408,-21.281053979386286,7.78351385885389,1.633529209517119
61.4000000000006,2,525.282839723684,-20.50423365898111,7.8003533425144065,1.6335346116979017
61.4000000000006,3,525.2339337424651,-19.725732966827856,7.8145989344074165,1.63353868352503
61.4000000000006,4,525.184935269756,-18.945810717671012,7.825877531026845,1.6335412809749088
61.4000000000006,5,525.1358640501608,-18.164762955550266,7.834501594138253,1.633542686529632
61.4000000000006,6,525.0867376554042,-17.382854553226608,7.841812874128751,1.6335432851456582
61.4000000000006,7,525.0375649466253,-16.60021649112858,7.849460935514605,1.6335433339968042
61.4000000000006,8,524.9883442418011,-15.816815130391616,7.85686338166592,1.633543175915531
61.500000000000604,0,525.3316279522023,-21.28105448048197,7.783513858853905,1.633529209517052
61.500000000000604,1,525.282831746246,-20.50423416007724,7.834742698412689,1.633533304365539
61.500000000000604,2,525.2337111758616,-19.722301233882007,7.875481325790661,1.6335366361157577
61.500000000000604,3,525.1843325725167,-18.936302624048366,7.905337440943393,1.6335390988173897
61.500000000000604,4,525.1347648308306,-18.147324399040638,7.924991607002201,1.6335406603276583
61.500000000000604,5,525.0850726192912,-17.35638470233595,7.936447021181771,1.6335415096804753
61.500000000000604,6,525.0353079059121,-16.56430176065463,7.942813315685101,1.6335419233694042
61.500000000000604,7,524.985502945369,-15.771583462907188,7.947367747760021,1.6335421055545325
61.500000000000604,8,524.9356692820131,-14.978410627279116,7.950873135412212,1.6335421965645147
61.600000000000605,0,525.2828266377574,-20.504234480985474,7.834742698412762,1.6335333043656743
61.600000000000605,1,525.2337060673727,-19.722301554790242,7.7533217554842855,1.6335319723181365
61.600000000000605,2,525.1850970031037,-18.94849464004252,7.6899058153691815,1.633533480554
61.600000000000605,3,525.1368843643725,-18.181016916613828,7.648697345606945,1.6335371953584823
61.600000000000605,4,525.08892725054,-17.417652111242028,7.626543955867177,1.6335412508755978
61.600000000000605,5,525.041105950956,-16.65649847995931,7.619054899187723,1.633544324856548
61.600000000000605,6,524.9933292731009,-15.896092427495404,7.6225562615260785,1.6335459184610128
61.600000000000605,7,524.9455294269691,-15.135337004040904,7.633949598194631,1.6335461412435035
61.600000000000605,8,524.8976579652867,-14.373444499917435,7.648435381979444,1.633545715038868
61.70000000000061,0,525.2337077291521,-19.722301450399513,7.7533217554843805,1.6335319723180222
61.70000000000061,1,525.1850986648831,-18.948494535651832,7.722327936702762,1.6335360788381692
61.70000000000061,2,525.136680749865,-18.17778110439154,7.699508403259312,1.6335395695904953
61.70000000000061,3,525.0884032277077,-17.409345305269213,7.687340002136987,1.6335419183486377
61.70000000000061,4,525.0402002019441,-16.6421240650838,7.683828634547426,1.6335430232774137
61.70000000000061,5,524.9920183466719,-15.875253323906616,7.68664477717694,1.6335432143528883
61.70000000000061,6,524.9438186860441,-15.108101531872475,7.694351207903291,1.633542961017874
61.70000000000061,7,524.8955708962278,-14.3401806011219,7.706017036031861,1.6335426349785709
61.70000000000061,8,524.8472502060415,-13.571095367550772,7.718878000093829,1.6335423623462315
61.80000000000061,0,525.1850935418262,-18.948494857488818,7.722327936702895,1.6335360788382345
61.80000000000061,1,525.1366756268077,-18.17778142622864,7.732886470940991,1.6335380988796682
61.80000000000061,2,525.0881899522566,-17.406014316869985,7.7429349223876756,1.6335398427715853
61.80000000000061,3,525.0396399256688,-16.633244424184188,7.75351592258656,1.6335411830990516
61.80000000000061,4,524.9910225165363,-15.859418578694918,7.763763941485429,1.6335420516385464
61.80000000000061,5,524.9423401755525,-15.084569990216334,7.7732632083691255,1.6335425241185693
61.80000000000061,6,524.8935979032844,-14.30877336740846,7.782618897491028,1.6335427087338925
61.80000000000061,7,524.8447968227409,-13.532043025800384,7.7928354851749315,1.6335426770748294
61.80000000000061,8,524.7959317034854,-12.754293034407658,7.802871979528704,1.6335425666649996
61.90000000000061,0,525.1366731067302,-18.177781584550033,7.73288647094099,1.6335380988796508
61.90000000000061,1,525.0881874321791,-17.40601447519144,7.77711712675818,1.6335394613270613
61.90000000000061,2,525.0394233711852,-16.62983306959847,7.813223351457255,1.633540547426008
61.90000000000061,3,524.9904320701044,-15.850048199383727,7.841073407916995,1.6335413157213339
61.90000000000061,4,524.9412655394078,-15.067483841555864,7.860888392346674,1.6335417773854655
61.90000000000061,5,524.8919743989818,-14.282941907275326,7.874016115348466,1.633542012162556
61.90000000000061,6,524.8426007576037,-13.49708979562541,7.882913822941527,1.633542111566195
61.90000000000061,7,524.7931712453718,-12.710349669078106,7.890301859238349,1.6335421349196002
61.90000000000061,8,524.7436953883475,-11.922872193926748,7.896581343791997,1.6335421312644167
62.00000000000061,0,525.0881857324753,-17.40601458197623,7.777117126758234,1.633539461327084
62.00000000000061,1,525.0394216714809,-16.62983317638325,7.848073427980072,1.6335402231064284
62.00000000000061,2,524.9902121037851,-15.846570140260225,7.90428199320599,1.63354085317886
62.00000000000061,3,524.9406495959588,-15.057697339297354,7.944666779930468,1.6335413370299898
62.00000000000061,4,524.8908334782836,-14.264794030651894,7.970484276299982,1.6335416541766359
62.00000000000061,5,524.840855222688,-13.469314068644685,7.984695864274369,1.6335418284934464
62.00000000000061,6,524.7907877156048,-12.672415753184051,7.991426762092175,1.6335419161431028
62.00000000000061,7,524.7406779329655,-11.874845676875642,7.9949074645429326,1.633541965974759
62.00000000000061,8,524.69054628502,-11.076928217773364,7.996729576359349,1.633542001565301
62.10000000000061,0,525.039420721129,-16.629833236090008,7.848073427980166,1.6335402231064764
62.10000000000061,1,524.9902111534329,-15.84657019996699,7.782507981889354,1.6335400123046848
62.10000000000061,2,524.9414128627569,-15.069850796508703,7.731226919199615,1.6335403086983182
62.10000000000061,3,524.8929358885982,-14.298249422911024,7.697876875842134,1.6335409956358298
62.10000000000061,4,524.8446675008659,-13.52997652432498,7.679857452695769,1.6335417383709194
62.10000000000061,5,524.7965115319487,-12.763502057956552,7.673658189291234,1.633542305364383
62.10000000000061,6,524.7483940008112,-11.99764632529016,7.676523434436552,1.633542611761106
62.10000000000061,7,524.7002582684638,-11.231504646704515,7.686197278780357,1.6335426764919194
62.10000000000061,8,524.6520618265045,-10.46439749052237,7.6985699521485795,1.6335426238429687
62.200000000000614,0,524.9902114164117,-15.846570183444546,7.782507981889446,1.6335400123046675
62.200000000000614,1,524.9414131257356,-15.069850779986277,7.763967331974627,1.6335407517991811
62.200000000000614,2,524.8927305166062,-14.29498182920312,7.750376052106522,1.6335413958596745
62.200000000000614,3,524.8441326310478,-13.521469363233903,7.743768057624069,1.6335418572100089
62.200000000000614,4,524.7955758236412,-12.748616418776148,7.74267307483106,1.6335421056051307
62.200000000000614,5,524.7470256903086,-11.975872769180524,7.7455645951239696,1.6335421860723383
62.200000000000614,6,524.6984573636059,-11.202840540477512,7.751829971919237,1.633542173786244
62.200000000000614,7,524.6498497595544,-10.429183006445985,7.761277457582844,1.6335421339121283
62.200000000000614,8,524.6011829462298,-9.65458258105453,7.771708488209441,1.6335420945756967
62.300000000000615,0,524.9414122031851,-15.069850837946912,7.7639673319747065,1.6335407517993366
62.300000000000615,1,524.892729594055,-14.294981887163772,7.7840126294387915,1.6335411726070594
62.300000000000615,2,524.8439209674556,-13.518112371658237,7.800777290573075,1.6335415281158463
62.300000000000615,3,524.7950069434758,-12.739569706398893,7.814959916702344,1.6335417960873693
62.300000000000615,4,524.7460037796967,-11.959611582564014,7.826187632863861,1.6335419670377207
62.300000000000615,5,524.6969300797762,-11.178532904949616,7.834772135918231,1.6335420595512873
62.300000000000615,6,524.6478024788394,-10.396597470886398,7.842053921699155,1.6335420989567675
62.300000000000615,7,524.5986291869372,-9.613935293141854,7.849680795162463,1.6335421021749188
62.300000000000615,8,524.549408068503,-8.830511929079073,7.857067543311367,1.633542091770706
62.40000000000062,0,524.892729069086,-14.294981920146492,7.784012629438822,1.633541172606896
62.40000000000062,1,524.8439204424867,-13.518112404640927,7.83516525840621,1.6335414420968872
62.40000000000062,2,524.7947908593258,-12.736137705354828,7.875836456175443,1.6335416613642548
62.40000000000062,3,524.7454060793273,-11.95010390051655,7.905636402712532,1.6335418234388301
62.40000000000062,4,524.6958343133548,-11.161095973219783,7.925245723006082,1.6335419262054538
62.40000000000062,5,524.6461395071622,-10.37013097782647,7.936666739941115,1.6335419821050183
62.40000000000062,6,524.5963730418487,-9.578026131017067,7.943007780259513,1.633542009333096
62.40000000000062,7,524.5465667937798,-8.785288429361696,7.947544379200866,1.6335420213235414
62.40000000000062,8,524.4967320896743,-7.992097961150975,7.951036759679579,1.6335420273121377
62.50000000000062,0,524.8439201062893,-13.518112425763443,7.835165258406265,1.633541442096889
62.50000000000062,1,524.7947905231285,-12.736137726477327,7.7536756121443915,1.6335413543963684
62.50000000000062,2,524.7461719801263,-11.962295951784476,7.690199322607875,1.6335414536576986
62.50000000000062,3,524.6979513818101,-11.194789319818145,7.648941102268501,1.6335416981646866
62.50000000000062,4,524.6499893022377,-10.431400402697518,7.626748485939977,1.6335419650974203
62.50000000000062,5,524.6021661765262,-9.670226392812179,7.619229776961838,1.6335421674211013
62.50000000000062,6,524.5543900426327,-8.909802783912841,7.62270973489098,1.6335422723027553
62.50000000000062,7,524.5065920079846,-8.149031869045725,7.634088250676135,1.63354228695645
62.50000000000062,8,524.4587226134372,-7.387125342458136,7.648563422993892,1.6335422588952744
62.60000000000062,0,524.7947906325344,-12.736137719603224,7.753675612144487,1.6335413543963653
62.60000000000062,1,524.7461720895319,-11.962295944910387,7.722620283369033,1.6335416246994918
62.60000000000062,2,524.6977480671105,-11.191553605043604,7.699747114759568,1.6335418544611682
62.60000000000062,3,524.6494672923513,-10.423094092056107,7.687534971511771,1.6335420090419146
62.60000000000062,4,524.6012629744596,-9.655853397672294,7.683989569826035,1.6335420817461677
62.60000000000062,5,524.5530808320826,-8.888966549273057,7.6867803902408625,1.6335420943016223
62.60000000000062,6,524.5048811803482,-8.121801168634407,7.694468888028869,1.6335420776128604
62.60000000000062,7,524.456633331009,-7.353868450408065,7.706122581233779,1.6335420561469205
62.60000000000062,8,524.408312424177,-6.584772655117977,7.718975051547578,1.633542038200924
62.70000000000062,0,524.746171752312,-11.962295966096576,7.722620283369155,1.63354162469949
62.70000000000062,1,524.6977477298906,-11.191553626229847,7.733124132251714,1.6335417576340596
62.70000000000062,2,524.6492577413956,-10.419762974910714,7.743125259259982,1.633541872400448
62.70000000000062,3,524.600704952876,-9.64697418453351,7.753668097801378,1.633541960613523
62.70000000000062,4,524.5520859878757,-8.873133189269806,7.7638868460155255,1.6335420177799507
62.70000000000062,5,524.5034029024603,-8.098272332875865,7.77336471487,1.633542048880627
62.70000000000062,6,524.4546603623883,-7.322465556229112,7.782705579891351,1.6335420610332534
62.70000000000062,7,524.4058592413951,-6.545726531831299,7.792912410682196,1.633542058947827
62.70000000000062,8,524.3569941205301,-5.767968832821885,7.802942269344056,1.6335420516776675
62.80000000000062,0,524.6977475640551,-11.191553636649248,7.733124132251713,1.6335417576340743
62.80000000000062,1,524.6492575755601,-10.419762985330095,7.777306519832282,1.6335418473048653
62.80000000000062,2,524.6004904750374,-9.6435627940517,7.813371303018542,1.6335419187858657
62.80000000000062,3,524.5514971768694,-8.863763224981044,7.84118834204989,1.6335419693488644
62.80000000000062,4,524.5023294139787,-8.081187428494138,7.860978394916519,1.6335419997303953
62.80000000000062,5,524.453037534757,-7.296636522627577,7.874088251854419,1.6335420151798796
62.80000000000062,6,524.4036634386796,-6.510777211671528,7.882973900013273,1.6335420217201926
62.80000000000062,7,524.3542336204223,-5.724031084798407,7.890354269310798,1.6335420232550701
62.80000000000062,8,524.3047575226967,-4.9365483734287725,7.896628735570329,1.6335420230123412
62.900000000000624,0,524.6492574636965,-10.419762992358503,7.77730651983235,1.6335418473049743
62.900000000000624,1,524.6004903631737,-9.643562801080087,7.84822053721829,1.6335418974398088
62.900000000000624,2,524.5512785615946,-8.860285165376578,7.9043931030170524,1.63354193890551
62.900000000000624,3,524.5017145005602,-8.071401329109245,7.944749580441331,1.6335419707467562
62.900000000000624,4,524.4518973612126,-7.278489788276186,7.970546070652657,1.6335419916165268
62.900000000000624,5,524.4019184497116,-6.483003675858736,7.984742949613308,1.633542003087005
62.900000000000624,6,524.351850508249,-5.686100669871461,7.991464228935734,1.6335420088544876
62.900000000000624,7,524.3017404167318,-4.888526858897414,7.994939086790334,1.6335420121330668
62.900000000000624,8,524.2516085336699,-4.090606246107223,7.996757576309916,1.6335420144743413
63.000000000000625,0,524.6004903006265,-9.643562805009546,7.848220537218372,1.6335418974397407
63.000000000000625,1,524.5512784990475,-8.860285169306028,7.782618345252128,1.6335418835620934
63.000000000000625,2,524.5024780629026,-8.0835548425449,7.731306280690401,1.6335419030668903
63.000000000000625,3,524.4539993608958,-7.311945625706511,7.697932207025222,1.6335419482767803
63.000000000000625,4,524.405729894324,-6.543667250873371,7.679895304520377,1.633541997159704
63.000000000000625,5,524.3575734897033,-5.777189019233477,7.673684134221375,1.6335420344758378
63.000000000000625,6,524.3094560033416,-5.011330684145287,7.676541899819034,1.6335420546400767
63.000000000000625,7,524.2613205820415,-4.245187135837931,7.686211475496686,1.6335420588984673
63.000000000000625,8,524.2131245248227,-3.478078533012337,7.698581720327349,1.633542055431489
63.10000000000063,0,524.5512785163552,-8.86028516821817,7.782618345252216,1.6335418835619593
63.10000000000063,1,524.5024780802108,-8.083554841457078,7.764046036825301,1.6335419322325802
63.10000000000063,2,524.4537940628857,-7.308678093143992,7.750428312091818,1.6335419746207949
63.10000000000063,3,524.4051954019557,-6.5351604395869956,7.743800149575756,1.6335420049819644
63.10000000000063,4,524.3566382791116,-5.762304299424677,7.742690834190138,1.6335420213263485
63.10000000000063,5,524.3080880995457,-4.989558873296213,7.745572916629763,1.6335420266186782
63.10000000000063,6,524.259519843926,-4.216525806335811,7.751832673281334,1.6335420258074596
63.10000000000063,7,524.2109123374205,-3.442867995506806,7.761277240724822,1.633542023181707
63.10000000000063,8,524.1622456112273,-2.668267586369608,7.771706853118632,1.6335420205920235
63.20000000000063,0,524.5024780194906,-8.083554845271784,7.764046036825373,1.6335419322326419
63.20000000000063,1,524.4537940021659,-7.308678096958722,7.7840643162393786,1.633541959924108
63.20000000000063,2,524.4049844398237,-6.531803461372482,7.800806659132246,1.6335419833189382
63.20000000000063,3,524.3560698772951,-5.753257887302439,7.814972579444661,1.633542000953513
63.20000000000063,4,524.3070664743274,-4.973298509724298,7.826188750841791,1.6335420122035675
63.20000000000063,5,524.2579927321187,-4.192219722748571,7.834765975036552,1.6335420182918479
63.20000000000063,6,524.2088652020757,-3.410284901534171,7.842043743207513,1.633542020884934
63.20000000000063,7,524.1596920351016,-2.6276237357967727,7.849668844049392,1.6335420210961469
63.20000000000063,8,524.1104710551249,-1.8442015605027182,7.857055018995483,1.6335420204106907
63.30000000000063,0,524.4537939676254,-7.308678099129127,7.784064316239406,1.633541959924081
63.30000000000063,1,524.4049844052834,-6.5318034635428575,7.835194130751029,1.6335419776588218
63.30000000000063,2,524.3558542222846,-5.749825909016008,7.875846721563143,1.6335419920882361
63.30000000000063,3,524.3064691179569,-4.963791095991816,7.905633044298361,1.6335420027534957
63.30000000000063,4,524.2568972315627,-4.174783512764541,7.925233271539104,1.6335420095156707
63.30000000000063,5,524.207202437551,-3.3838197642077237,7.936648882188611,1.6335420131937912
63.30000000000063,6,524.157436059588,-2.591716701206585,7.942987273061974,1.6335420149852395
63.30000000000063,7,524.1076299356275,-1.7989810465169465,7.947523060158148,1.6335420157739418
63.30000000000063,8,524.0577953696038,-1.0057927057386271,7.951015564591475,1.6335420161675192
63.40000000000063,0,524.404984383161,-6.531803464932818,7.835194130751107,1.6335419776588376
63.40000000000063,1,524.3558542001622,-5.749825910405939,7.7536854517974625,1.6335419718868498
63.40000000000063,2,524.3072351176208,-4.975983183705723,7.690193870026734,1.6335419784186662
63.40000000000063,3,524.2590141507371,-4.208477121228917,7.648924749843782,1.633541994509089
63.40000000000063,4,524.2110519474754,-3.4450898503461382,7.626725179924539,1.6335420120753934
63.40000000000063,5,524.1632289321451,-2.683918168722678,7.619202674558447,1.633542025389811
63.40000000000063,6,524.1154530762002,-1.9234972579445948,7.622681138846197,1.633542032291602
63.40000000000063,7,524.0676554034558,-1.1627291855826143,7.634059637952084,1.6335420332553379
63.40000000000063,8,524.0197863816201,-0.40082550249235144,7.6485355000049315,1.6335420314081108
63.50000000000063,0,524.3558542073584,-5.749825909953436,7.753685451797556,1.6335419718868138
63.50000000000063,1,524.3072351248175,-4.9759831832532395,7.722614469139619,1.6335419896753627
63.50000000000063,2,524.2588108575515,-4.205241441338885,7.69972894798234,1.633542004795407
63.50000000000063,3,524.2105300811807,-3.4367837487123998,7.687508294453992,1.6335420149673558
63.50000000000063,4,524.1623259260194,-2.6695457170703016,7.683957790733874,1.6335420197507573
63.50000000000063,5,524.1141440304552,-1.9026620373395031,7.686746185445463,1.6335420205759668
63.50000000000063,6,524.0659446497597,-1.1355000668958026,7.6944341542939805,1.6335420194768346
63.50000000000063,7,524.0176970628615,-0.3675708124028884,7.706088478623446,1.6335420180637827
63.50000000000063,8,523.9693763991579,0.40152158117730485,7.718942088573853,1.6335420168826413
63.600000000000634,0,524.3072351026187,-4.975983184647418,7.722614469139729,1.633541989675245
63.600000000000634,1,524.2588108353531,-4.205241442733097,7.733105661698833,1.6335419984221666
63.600000000000634,2,524.210320776839,-3.433452646510329,7.743097024232294,1.6335420059739159
63.600000000000634,3,524.1617680621418,-2.6606666805650034,7.753633432185259,1.6335420117785686
63.600000000000634,4,524.113149274917,-1.8868291475287788,7.763848666364933,1.6335420155403724
63.600000000000634,5,524.0644664306409,-1.1119721014776194,7.773325263855253,1.6335420175869881
63.600000000000634,6,524.0157241622221,-0.33616926064358366,7.782666393853431,1.6335420183866323
63.600000000000634,7,523.9669233200686,0.44056585494291833,7.792874373387071,1.633542018249175
63.600000000000634,8,523.9180584693684,1.2183197596967874,7.8029057201501715,1.6335420177705513
63.700000000000635,0,524.258810824447,-4.205241443418574,7.733105661698836,1.6335419984222812
63.700000000000635,1,524.2103207659329,-3.433452647195788,7.777278032931838,1.6335420043229327
63.700000000000635,2,524.1615537221585,-2.65725530665892,7.813335312703754,1.6335420090265338
63.700000000000635,3,524.1125605792961,-1.8774593339585295,7.8411477158094085,1.6335420123534652
63.700000000000635,4,524.0633930374961,-1.0948875942154155,7.860935603056169,1.6335420143523516
63.700000000000635,5,524.0141014151268,-0.31034095983476984,7.874045148645584,1.633542015368791
63.700000000000635,6,523.9647275891778,0.47551404927319285,7.882931704140674,1.6335420157990272
63.700000000000635,7,523.9152980401657,1.2622559651553165,7.890313625647476,1.6335420158998373
63.700000000000635,8,523.8658222030865,2.0497346205206495,7.89658984039113,1.6335420158837446
63.80000000000064,0,524.2103207585754,-3.4334526476581897,7.777278032931895,1.6335420043228863
63.80000000000064,1,524.161553714801,-2.6572553071213036,7.848184341256446,1.6335420076216864
63.80000000000064,2,524.1123420538836,-1.8739812893133594,7.904351362862235,1.6335420103500011
63.80000000000064,3,524.0627781982178,-1.0851016223887013,7.944704738703678,1.6335420124450177
63.80000000000064,4,524.0129613069848,-0.292194558982449,7.970500195410858,1.6335420138180687
63.80000000000064,5,523.9629826654818,0.5032869738288305,7.984697549703236,1.6335420145727642
63.80000000000064,6,523.9129149995439,1.300185448184115,7.99142024520528,1.6335420149522586
63.80000000000064,7,523.8628051789613,2.0977548691349597,7.994896959435074,1.6335420151679318
63.80000000000064,8,523.8126735576353,2.8956712773275757,7.996717382000003,1.6335420153219
63.90000000000064,0,524.1615537106841,-2.657255307379752,7.848184341256535,1.633542007621665
63.90000000000064,1,524.112342049767,-1.8739812895718058,7.782576440326224,1.6335420067084532
63.90000000000064,2,524.0635417807335,-1.0972551510665618,7.7312605141976265,1.6335420079918022
63.90000000000064,3,524.0150632847419,-0.32565050695783965,7.697884637186183,1.6335420109665288
63.90000000000064,4,523.9667940682914,0.4426231172264896,7.679847639356894,1.6335420141829808
63.90000000000064,5,523.9186379495052,1.2090965909101214,7.673637577550187,1.6335420166382542
63.90000000000064,6,523.8705207687353,1.9749502803512171,7.6764971514448,1.6335420179649112
63.90000000000064,7,523.8223856561265,2.7410893643923986,7.686168802017767,1.6335420182451095
63.90000000000064,8,523.7741898976747,3.508193710226991,7.698541099809046,1.6335420180168962
64.00000000000064,0,524.1123420509016,-1.873981289500166,7.782576440326325,1.633542006708578
64.00000000000064,1,524.063541781868,-1.0972551509949486,7.764000141438425,1.6335420099109859
64.00000000000064,2,524.0148579921363,-0.3223829869706544,7.750379986073487,1.6335420126999975
64.00000000000064,3,523.966259604777,0.45112984164382147,7.743751105770662,1.6335420146975284
64.00000000000064,4,523.9177027819512,1.2239810866050331,7.742642460563449,1.633542015772834
64.00000000000064,5,523.8691529100015,1.9967216851597314,7.745526149686076,1.6335420161209813
64.00000000000064,6,523.8205849557468,2.769750085138723,7.75178800553345,1.6335420160675367
64.00000000000064,7,523.7719777368641,3.543403438456387,7.761234793212447,1.6335420158947835
64.00000000000064,8,523.7233112824802,4.317999611550075,7.771666523953143,1.6335420157243243
64.10000000000063,0,524.0635417778714,-1.0972551512458661,7.764000141438517,1.6335420099110198
64.10000000000063,1,524.01485798814,-0.32238298722158654,7.784015892569152,1.6335420117329642
64.10000000000063,2,523.9660486891873,0.45448681299799026,7.800757008312162,1.6335420132721208
64.10000000000063,3,523.9171344146715,1.2330274302914839,7.814923106142379,1.6335420144322685
64.10000000000063,4,523.8681313114112,2.0129818696145714,7.826140560570296,1.6335420151723985
64.10000000000063,5,523.8190578690585,2.794055846900653,7.834719771896294,1.6335420155729987
64.10000000000063,6,523.769930630856,3.575986057026752,7.841999843162753,1.633542015743657
64.10000000000063,7,523.7207577431783,4.358642841651421,7.849627247702046,1.633542015757512
64.10000000000063,8,523.671537028212,5.142060865759113,7.857015560948026,1.6335420157124163
64.20000000000063,0,524.0148579858724,-0.3223829873642454,7.784015892569176,1.6335420117327963
64.20000000000063,1,523.9660486869204,0.45448681285536296,7.835144409255839,1.6335420128996794
64.20000000000063,2,523.9169187881395,1.2364594032858216,7.875796772257954,1.633542013849049
64.20000000000063,3,523.8675339799127,2.0224892301341844,7.90558399881029,1.6335420145508
64.20000000000063,4,523.8179623917472,2.811491917879324,7.92518598799142,1.633542014995672
64.20000000000063,5,523.7682678898901,3.6024509471138115,7.936603864357545,1.6335420152376572
64.20000000000063,6,523.7185017925902,4.394549517089024,7.9429446881738235,1.6335420153554585
64.20000000000063,7,523.6686959353631,5.187280921651538,7.947482810727097,1.633542015407263
64.20000000000063,8,523.6188616220129,5.980465245425563,7.950977436101237,1.6335420154331601
64.30000000000062,0,523.9660486854668,0.45448681276404257,7.835144409255903,1.6335420128997569
64.30000000000062,1,523.916918786686,1.2364594031945249,7.753635454896458,1.6335420125199567
64.30000000000062,2,523.8682999862045,2.0102971380678163,7.690144462706532,1.6335420129496792
64.30000000000062,3,523.8200793026248,2.777798267870171,7.648876823595664,1.6335420140082928
64.30000000000062,4,523.7721173849972,3.541180754624149,7.626679377923312,1.633542015164042
64.30000000000062,5,523.7242946545148,4.302347864912996,7.61915932952887,1.6335420160400649
64.30000000000062,6,523.6765190774727,5.062764450164529,7.622640294261829,1.6335420164941947
64.30000000000062,7,523.6287216728599,5.823528446860818,7.634021117981775,1.6335420165575685
64.30000000000062,8,523.5808529052842,6.585428286333562,7.648499053504168,1.6335420164359908
64.40000000000062,0,523.9169187871559,1.2364594032243268,7.753635454896542,1.6335420125199147
64.40000000000062,1,523.8682999866742,2.0102971380975934,7.722565033766255,1.6335420136902918
64.40000000000062,2,523.819876010881,2.7810339450399164,7.699680758563759,1.6335420146851318
64.40000000000062,3,523.7715955290798,3.549486827730085,7.687462032915774,1.6335420153543452
64.40000000000062,4,523.7233916637025,4.316720242303349,7.683913915099192,1.6335420156689522
64.40000000000062,5,523.6752100463885,5.0835995433014745,7.686704883914219,1.6335420157232003
64.40000000000062,6,523.627010928396,5.8507573919535325,7.694395368878676,1.6335420156508458
64.40000000000062,7,523.5787635876372,6.618682775721959,7.706051972456109,1.6335420155578704
64.40000000000062,8,523.5304431547713,7.387771525990427,7.7189075846291235,1.6335420154801552
64.50000000000061,0,523.8682999852074,2.0102971380058734,7.72256503376639,1.6335420136902195
64.50000000000061,1,523.8198760094147,2.78103394494816,7.733057460582538,1.633542014265669
64.50000000000061,2,523.7713862409155,3.552817929776371,7.743050584004822,1.6335420147625512
64.50000000000061,3,523.7228338106274,4.32559926041105,7.753589253394923,1.6335420151444073
64.50000000000061,4,523.6742152978196,5.099432384098391,7.763807049058306,1.633542015391936
64.50000000000061,5,523.6255327146173,5.874285276615835,7.773286275580761,1.633542015526582
64.50000000000061,6,523.5767906922717,6.6500842263952205,7.7826298949103645,1.6335420155791942
64.50000000000061,7,523.5279900811636,7.4268156994069106,7.792840080925144,1.6335420155701885
64.50000000000061,8,523.4791254475762,8.20456618179379,7.8028733404220265,1.6335420155386746
64.6000000000006,0,523.8198760087025,2.781033944903246,7.733057460582535,1.6335420142657742
64.6000000000006,1,523.7713862402031,3.5528179297314817,7.7772315945094945,1.6335420146540032
64.6000000000006,2,523.7226194795999,4.329010635060755,7.813291026829707,1.6335420149634259
64.6000000000006,3,523.6736266098005,5.10880218759773,7.841105927460639,1.6335420151822473
64.6000000000006,4,523.6244593278188,5.8913697565902705,7.860896478915472,1.6335420153137734
64.6000000000006,5,523.5751679500216,6.675912486208564,7.874008656947479,1.633542015380653
64.6000000000006,6,523.5257943528825,7.461763853327206,7.882897640837148,1.6335420154089966
64.6000000000006,7,523.4763650177699,8.24850236960146,7.890281674888194,1.633542015415621
64.6000000000006,8,523.4268893814175,9.0359778362023,7.8965596994280505,1.6335420154145384
64.7000000000006,0,523.7713862397229,3.552817929701204,7.777231594509543,1.6335420146537927
64.7000000000006,1,523.7226194791201,4.3290106350304995,7.848140083314579,1.6335146518347055
64.7000000000006,2,523.6734295226944,5.112281581683239,7.904309556654102,1.6334833991022861
64.7000000000006,3,523.6239121662319,5.901159979882314,7.944665595773004,1.6334534395977482
64.7000000000006,4,523.5741657503241,6.694067546067233,7.9704637699040655,1.6334473123116575
64.7000000000006,5,523.5242626704012,7.489550173003691,7.984663728066477,1.6335156958746904
64.7000000000006,6,523.4742161897993,8.28644658928517,7.99138877218156,1.6337304548982838
64.7000000000006,7,523.423956274108,9.084003412353045,7.994867493937954,1.6341462337516266
64.7000000000006,8,523.3733427325703,9.881886443937958,7.996689614454805,1.6347467362181158
64.8000000000006,0,523.7226536153819,4.329012778995647,7.848140083314657,1.6335146518348322
64.8000000000006,1,523.6734636589564,5.112283725641804,7.782534658866815,1.6334973241803104
64.8000000000006,2,523.6246983578473,5.889007874182729,7.73122138054636,1.6334589236946009
64.8000000000006,3,523.5762842152789,6.660612638297142,7.6978482519884075,1.6334217234991957
64.8000000000006,4,523.5281076405561,7.428888432102049,7.679813965259869,1.6334333133919037
64.8000000000006,5,523.4800350491125,8.19536377507933,7.673606437018522,1.63355221627672
64.8000000000006,6,523.4319102520556,8.961213868273022,7.6764682524289505,1.633829060166851
64.8000000000006,7,523.3835554085583,9.727336230330522,7.686141789857455,1.6342786574585888
64.8000000000006,8,523.334794754338,10.494402187064217,7.698515666899255,1.6348596893258474
64.90000000000059,0,523.6734852759525,5.1122850829049185,7.7825346588669255,1.6334973241803694
64.90000000000059,1,523.6247199748575,5.889009231218532,7.763960270379005,1.6332403588717508
64.90000000000059,2,523.576270176656,6.663892073699955,7.7503422217894835,1.6331366846233855
64.90000000000059,3,523.5279855538497,7.437420786079542,7.7437155964845275,1.633319636918528
64.90000000000059,4,523.4796008180751,8.21027928050874,7.742609235458982,1.6339018168570976
64.90000000000059,5,523.4307731257742,8.982999046513134,7.745495112044443,1.6349445283863
64.90000000000059,6,523.3811212362971,9.755955480193592,7.751758954803144,1.6363563334925402
64.90000000000059,7,523.3303370936555,10.529466127797027,7.7612074768735,1.637779366056665
64.90000000000059,8,523.2783890281762,11.30384648910598,7.77164071991094,1.639037949249532
65.00000000000058,0,523.6250405544674,5.889029291846883,7.763960270379095,1.6332403588607418
65.00000000000058,1,523.5765907567588,6.663912126798042,7.783977035716151,1.6333606877271283
65.00000000000058,2,523.5279225658431,7.440786898459137,7.8007194656595455,1.6336782896896733
65.00000000000058,3,523.4789024289101,8.219317123908,7.81488717510982,1.6343925529200702
65.00000000000058,4,523.4292361884121,8.99922604341834,7.826106439681242,1.635645571476271
65.00000000000058,5,523.3785200433183,9.780191664340727,7.834687539320349,1.637375011691684
65.00000000000058,6,523.3263962518656,10.561924622276933,7.841969465318393,1.6391434230087505
65.00000000000058,7,523.2728403815055,11.344290751008124,7.849598582296017,1.6405648049238883
65.00000000000058,8,523.2181193385168,12.127341053183926,7.85698843003401,1.6416068518679143
65.10000000000058,0,523.5764406396491,6.663902726079465,7.783977035716185,1.6333606878010523
65.10000000000058,1,523.527772449532,7.4407774857390026,7.835105676154096,1.634007403851112
65.10000000000058,2,523.4782788777765,8.222723261389984,7.875758610627387,1.634853591790214
65.10000000000058,3,523.4278634168109,9.008683836513868,7.905546904053759,1.6360875378596824
65.10000000000058,4,523.3762838068628,9.797554103967226,7.92515036281346,1.6377378551102915
65.10000000000058,5,523.3232712504536,10.588294135706,7.936569973280257,1.6394249706641983
65.10000000000058,6,523.2688463924788,11.380082852727401,7.942912622805318,1.640751606470519
65.10000000000058,7,523.2133268338022,12.172431385899571,7.947452494823998,1.6416437473918855
65.10000000000058,8,523.1570682731585,12.965182932775251,7.950948713008167,1.6422298068950751
65.20000000000057,0,523.526965662785,7.4407265230821436,7.8351056761541775,1.6340074035039152
65.20000000000057,1,523.4774720913144,8.222672298662504,7.753599975218119,1.6332668935047536
65.20000000000057,2,523.4290664044559,8.996519950859062,7.690112141846515,1.6338536352337476
65.20000000000057,3,523.3806067466851,9.76400293909165,7.648847459578394,1.6358274101303545
65.20000000000057,4,523.330900514306,10.527270902956513,7.6266526831506605,1.6385848036446782
65.20000000000057,5,523.2792401779623,11.288184612450967,7.6191349726502935,1.6411715696490667
65.20000000000057,6,523.2256645458963,12.048212636565689,7.6226179057232,1.6429166105142423
65.20000000000057,7,523.1707375930284,12.808493769703242,7.634000314243552,1.643755747847807
65.20000000000057,8,523.1150897069931,13.569863764311265,7.648479530247564,1.6440281834554775
65.30000000000057,0,523.4783959154636,8.222730224614546,7.753599975218209,1.63326689289769
65.30000000000057,1,523.4299902362643,8.99657776514049,7.722532389734558,1.6348167832904732
65.30000000000057,2,523.3805839873045,9.767249085404895,7.699650835064191,1.6369821376256282
65.30000000000057,3,523.3296604137879,10.535528430303003,7.687434664884256,1.6393302121486024
65.30000000000057,4,523.2770166699441,11.302467250446087,7.683888897400034,1.6413314517718152
65.30000000000057,5,523.2228631902581,12.068945599088831,7.6866819560197435,1.6425819396621282
65.30000000000057,6,523.1677312295126,12.835634553778524,7.694374218017162,1.6431213830860723
65.30000000000057,7,523.1121300862005,13.603061190221469,7.706032270351193,1.6432236076012767
65.30000000000057,8,523.0563661375422,14.371644781946223,7.7188890697738906,1.643139336988003
65.40000000000056,0,523.4280568012839,8.996454399848185,7.722532389734691,1.634816785061001
65.40000000000056,1,523.3786505607325,9.767125593353732,7.733025774246485,1.6369206096686817
65.40000000000056,2,523.3275537374518,10.53873818522732,7.743020144403387,1.6390352367817422
65.40000000000056,3,523.2747572089438,11.311238115270035,7.753560349812066,1.6408055666406576
65.40000000000056,4,523.2205194532005,12.084694807276211,7.763779859893671,1.6420069607334686
65.40000000000056,5,523.1652797984511,12.85910513806433,7.773260832507876,1.6426344572654314
65.40000000000056,6,523.1094861639448,13.634426304077087,7.7826060950616585,1.6428493773234778
65.40000000000056,7,523.0534586209461,14.410667569143838,7.792817730065204,1.6428255062655808
65.40000000000056,8,522.9973761172073,15.187928693537833,7.802852241528795,1.6427212882542899
65.50000000000055,0,523.3760264690054,9.766952881110445,7.73302577424649,1.6369205975082455
65.50000000000055,1,523.324929655151,10.53856547293697,7.777199088132696,1.6387239008346581
65.50000000000055,2,523.272141645574,11.314491813349742,7.813258375389554,1.6401978629526068
65.50000000000055,3,523.2179599511572,12.093936759283931,7.8410738578360215,1.6412458868642203
65.50000000000055,4,523.162765612306,12.876099152710262,7.860865551452112,1.64187414235827
65.50000000000055,5,523.1069393303796,13.660200881489892,7.873979204080709,1.6421895061521439
65.50000000000055,6,523.0507722316216,14.44559297598373,7.882869775004638,1.6423168361772875
65.50000000000055,7,522.9944415953858,15.23186472234102,7.890255334611943,1.642342876973859
65.50000000000055,8,522.9380376865631,16.018871685545648,7.896534745771345,1.6423340388271344
65.60000000000055,0,523.322680678717,10.53841325138863,7.7771990881327495,1.6387238932685766
65.60000000000055,1,523.2698926751093,11.314339590185948,7.84810632769768,1.6397794634955463
65.60000000000055,2,523.2157969035829,12.097283636886075,7.904275335361844,1.6406402166894871
65.60000000000055,3,523.1606352434862,12.8857840353769,7.944631755038196,1.6412903634116134
65.60000000000055,4,523.1046766992505,13.678274054587414,7.970430971240849,1.6417108840690244
65.60000000000055,5,523.0482020986632,14.473313945831913,7.984632381349711,1.6419391165096338
65.60000000000055,6,522.9914451002268,15.269757442301492,7.991359042859005,1.6420520118126243
65.60000000000055,7,522.9345502985535,16.066865450113948,7.994839351264855,1.6421152101176602
65.60000000000055,8,522.8775803205604,16.864317008521947,7.996662932163711,1.6421600944284704
65.70000000000054,0,523.2685763330423,11.314248914621347,7.848106327697757,1.639779462040378
65.70000000000054,1,523.2144805628643,12.097192959210183,7.782500607061337,1.6394951032974874
65.70000000000054,2,523.1610577806331,12.873607258770619,7.731187631908155,1.6398922835364056
65.70000000000054,3,523.1076808954317,13.644881233873301,7.6978154269197105,1.6408156407141545
65.70000000000054,4,523.0538253497863,14.412776563778484,7.679782521244781,1.6418157957924162
65.70000000000054,5,522.9993297761197,15.17881892491468,7.673576621402651,1.6425806362243183
65.70000000000054,6,522.9442928241854,15.944200450149154,7.676440114263263,1.6429939998341068
65.70000000000054,7,522.8889188331223,16.709844859794643,7.686115225949027,1.6430793763723202
65.70000000000054,8,522.8334095971638,17.47644956769662,7.698490518821398,1.6430056813583658
65.80000000000054,0,523.2148351714109,12.097217379411031,7.782500607061453,1.6394951033214549
65.80000000000054,1,523.1614123892227,12.873631678179505,7.763927100172669,1.6404921979320033
65.80000000000054,2,523.1073448196425,13.648139487959272,7.750310341912932,1.6413572378592212
65.80000000000054,3,523.0527032918001,14.421241946577094,7.743685396086071,1.6419736370571898
65.80000000000054,4,522.9976323496576,15.193649757580495,7.742580944637806,1.642303030509939
65.80000000000054,5,522.9423148749986,15.965929229195398,7.745468775445733,1.6424075324119394
65.80000000000054,6,522.8868960323673,16.738490977199852,7.751734450630982,1.6423887202265042
65.80000000000054,7,522.8314469026657,17.51167875268418,7.761184560272113,1.6423340111715037
65.80000000000054,8,522.7759725275052,18.285812149394076,7.771619136675813,1.642280697999345
65.90000000000053,0,523.1601690308216,12.873545125960263,7.763927100172748,1.6404921968256905
65.90000000000053,1,523.106101462561,13.648052929813835,7.783945966758782,1.6410540289352658
65.90000000000053,2,523.0514582269855,14.424527186134323,7.800690688528535,1.641528192218809
65.90000000000053,3,522.996328481911,15.20264573475384,7.814860800703489,1.6418852192728925
65.90000000000053,4,522.9408202820966,15.982157982708594,7.826082422502356,1.642112793014014
65.90000000000053,5,522.8850547267814,16.762776881958516,7.8346656762025635,1.6422359100793074
65.90000000000053,6,522.8291317978853,17.544245047635176,7.841949427404794,1.6422883425582513
65.90000000000053,7,522.7731158644885,18.326436815574283,7.849580001979934,1.6422924694479994
65.90000000000053,8,522.7170421933095,19.109389467921655,7.856971013919553,1.6422784172285887
66.00000000000053,0,523.1054008997767,13.648003705865827,7.783945966758811,1.641054028754667
66.00000000000053,1,523.0507576645839,14.424477958485753,7.835078011888771,1.6414131678801156
66.00000000000053,2,522.9954747923111,15.206032997241815,7.875734252838382,1.6417052564436836
66.00000000000053,3,522.9396755915461,15.991627263038842,7.905525608738511,1.641921030961302
66.00000000000053,4,522.8834951691891,16.780181075967718,7.925131750743275,1.642057753558153
66.00000000000053,5,522.8270673362641,17.570682838902886,7.936553564878074,1.642132060453934
66.00000000000053,6,522.7704993546763,18.36231968056014,7.942897913189508,1.642168218580084
66.00000000000053,7,522.7138575065983,19.154587296300356,7.947439032857976,1.6421841135974036
66.00000000000053,8,522.657170674798,19.947306968277857,7.9509361879924265,1.642192037600504
66.10000000000052,0,523.0503098573621,14.424446314936038,7.835078011888849,1.641413167820605
66.10000000000052,1,522.9950269851373,15.206001353664735,7.753573001398064,1.6412963535619756
66.10000000000052,2,522.9404095447082,15.979432590768905,7.690086154614949,1.6414284748558048
66.10000000000052,3,522.8861379663754,16.74652375186831,7.6488227475212085,1.6417540090429619
66.10000000000052,4,522.8319092263433,17.50948124960607,7.626629422060116,1.64210943073945
66.10000000000052,5,522.7775674513073,18.270205735714512,7.619113185670954,1.6423788383311577
66.10000000000052,6,522.7230744900189,19.030165861516146,7.622597497867366,1.6425184863447075
66.10000000000052,7,522.668450432764,19.790465915941255,7.633981125784693,1.6425379590421714
66.10000000000052,8,522.6137299720901,20.551900346194547,7.648461404627693,1.6425005444728795
66.20000000000051,0,522.9951726399897,15.206011642841757,7.753573001398172,1.6412963535633094
66.20000000000051,1,522.9405551995801,15.979442879657936,7.72250675246409,1.6416562887367592
66.20000000000051,2,522.8858793287043,16.749755579552456,7.699626736827766,1.641962181442861
66.20000000000051,3,522.8311305175763,17.517769307737975,7.687412234651359,1.6421679168798042
66.20000000000051,4,522.7763108028093,18.28455341553262,7.683868131373192,1.6422646209452993
66.20000000000051,5,522.7214422446001,19.050978714380747,7.686662743984786,1.6422812554557504
66.20000000000051,6,522.6665409768384,19.817681850714337,7.694356379367121,1.6422589818945124
66.20000000000051,7,522.6116018521477,20.585153612059866,7.706015588923512,1.6422303754198708
66.20000000000051,8,522.556601466593,21.353789890866764,7.718873359709019,1.642206471434783
66.30000000000051,0,522.9401064075121,15.979411056418616,7.722506752464217,1.6416562886834063
66.30000000000051,1,522.8854305367274,16.749723755633823,7.733003457519363,1.6418331880579138
66.30000000000051,2,522.8305438963091,17.52107379462082,7.743000855824476,1.6419859111056054
66.30000000000051,3,522.7754683426049,18.29341265024064,7.75354366790355,1.6421033002641519
66.30000000000051,4,522.720227011198,19.06679663678287,7.763765324596054,1.6421793765122752
66.30000000000051,5,522.6648539404998,19.841195980284674,7.773247998984035,1.6422207667352322
66.30000000000051,6,522.6093811452945,20.616538882163,7.782594559090388,1.642236938838259
66.30000000000051,7,522.5538290952687,21.392813162680568,7.792807150239516,1.642234155600339
66.30000000000051,8,522.4982063112261,22.170106253171014,7.802842386160121,1.6422244700295088
66.4000000000005,0,522.8852099696765,16.74970806831154,7.733003457519359,1.6418331880537325
66.4000000000005,1,522.8303233293152,17.521058106523554,7.777181913779026,1.641952522120851
66.4000000000005,2,522.7750305491284,18.296808255542068,7.813245586194121,1.6420476435202431
66.4000000000005,3,522.7194072376946,19.076150358416154,7.8410645128367715,1.6421149214872623
66.4000000000005,4,522.6635332612973,19.858263538250505,7.860858748721852,1.6421553409189449
66.4000000000005,5,522.6074865425115,20.642348844978045,7.873974165839299,1.6421758908904422
66.4000000000005,6,522.5513301730186,21.427741201580076,7.882865875497901,1.6421845869479788
66.4000000000005,7,522.4951035512242,22.214019976283016,7.8902521133109165,1.642186623032273
66.4000000000005,8,522.4388226426956,23.001035379038917,7.896531933870684,1.6421862947768808
66.5000000000005,0,522.8301745389689,17.521047504686074,7.777181913779087,1.641952522118742
66.5000000000005,1,522.7748817587856,18.296797653677032,7.848094683633538,1.6420192311071269
66.5000000000005,2,522.7190325947705,19.079617411044318,7.904268292761878,1.6420744027372582
66.5000000000005,3,522.6627401856733,19.86803718320003,7.944628190215565,1.6421167653382036
66.5000000000005,4,522.6061267725124,20.660480299455973,7.97042983775722,1.6421445286454541
66.5000000000005,5,522.5493074245513,21.45549544408054,7.984632805208033,1.6421597864938988
66.5000000000005,6,522.4923746751076,22.251926403192208,7.991360349604475,1.6421674573395393
66.5000000000005,7,522.4353878418856,23.04902796711925,7.994841071835533,1.6421718169817523
66.5000000000005,8,522.3783727108491,23.846476468586587,7.996664812635208,1.6421749298538026
66.60000000000049,0,522.7747985838779,18.29679172077664,7.848094683633617,1.642019231106631
66.60000000000049,1,522.7189494198641,19.079611478135586,7.782493454682776,1.6420007651590725
66.60000000000049,2,522.6635814266215,19.85588876690042,7.731184175540475,1.6420267143393847
66.60000000000049,3,522.6085584586388,20.62704670183777,7.697814719064159,1.6420868644778035
66.60000000000049,4,522.5537267966879,21.394872856296182,7.679783688084417,1.6421519023104234
66.60000000000049,5,522.4989737494024,22.16089692839438,7.673578941708508,1.6422015509934682
66.60000000000049,6,522.4442269375725,22.926299387852843,7.676443039926256,1.6422283785567537
66.60000000000049,7,522.3894391504069,23.691986058100838,7.686118384263843,1.642234042394716
66.60000000000049,8,522.334577966829,24.458637484850364,7.698493713592848,1.6422294273119236
66.70000000000049,0,522.7189724437976,19.079613120405313,7.782493454682882,1.6420007651591801
66.70000000000049,1,522.6636044505548,19.855890409166115,7.763923892640987,1.6420655211798283
66.70000000000049,2,522.6083184205634,20.63031186873109,7.750310326909071,1.6421219172168868
66.70000000000049,3,522.5530857336123,21.403372313938196,7.743687683057073,1.6421623094594011
66.70000000000049,4,522.4978690441017,22.175769948920774,7.742584728035652,1.6421840516781752
66.70000000000049,5,522.4426434280234,22.948056368633402,7.745473406393787,1.642191089445976
66.70000000000049,6,522.3873917706333,23.720630531678783,7.751739451130658,1.6421900073266298
66.70000000000049,7,522.3320962516481,24.493829762841358,7.761189618718894,1.64218651205049
66.70000000000049,8,522.2767360275797,25.267971796865552,7.7716241000127235,1.6421830655528347
66.80000000000048,0,522.6635237109391,19.85588464619135,7.76392389264107,1.6420655211795123
66.80000000000048,1,522.60823768095,20.630306105730646,7.783946327011474,1.6421023602602802
66.80000000000048,2,522.5527804709429,21.40672268341307,7.800693881691411,1.64213348368026
66.80000000000048,3,522.4971797252349,22.184808030586872,7.814865967746607,1.6421569439764716
66.80000000000048,4,522.4414596783614,22.964305674818846,7.826088797449998,1.6421719104316321
66.80000000000048,5,522.3856479295735,23.744921910469863,7.8346726538895135,1.6421800098006951
66.80000000000048,6,522.3297686355853,24.526393893628338,7.841956575060215,1.6421834591026323
66.80000000000048,7,522.273834692387,25.308592221042773,7.849587050858741,1.6421837392657683
66.80000000000048,8,522.2178461043054,26.091551636916343,7.8569778426907755,1.64218282651726
66.90000000000047,0,522.6081917491009,20.630302825281937,7.783946327011495,1.642102360260194
66.90000000000047,1,522.5527345390948,21.406719402948923,7.835081379080736,1.6421259539145172
66.90000000000047,2,522.4968945753998,22.188235174141475,7.875739957768145,1.6421451498971678
66.90000000000047,3,522.4407497616432,22.973805386609094,7.905532876762962,1.6421593377698294
66.90000000000047,4,522.3843813714952,23.762346511260112,7.925139900595293,1.6421683330740793
66.90000000000047,5,522.3278660676968,24.5528428394599,7.936562069000655,1.6421732255827823
66.90000000000047,6,522.2712654377025,25.344478199608883,7.942906406227658,1.6421756082426002
66.90000000000047,7,522.214617674532,26.13674624308549,7.947447300423657,1.6421766568477516
66.90000000000047,8,522.15793669505,26.929467160249708,7.950944143923596,1.6421771800632563
67.00000000000047,0,522.552705122014,21.406717301211142,7.83508137908081,1.6421259539144861
67.00000000000047,1,522.4968651583191,22.188233072403587,7.753578737561212,1.6421182752231451
67.00000000000047,2,522.4416119956669,22.96161972887905,7.6900936820220025,1.6421269643656307
67.00000000000047,3,522.3868045719806,23.728673543617262,7.6488314053347315,1.6421483694364438
67.00000000000047,4,522.3322748944845,24.491610456453138,7.626638637989398,1.6421717380438063
67.00000000000047,5,522.277885655559,25.25233246867033,7.619122526742849,1.6421894503323753
67.00000000000047,6,522.223536556805,26.0123038209715,7.622606675664734,1.6421986315973578
67.00000000000047,7,522.1691556240597,26.77262220140169,7.633989983451728,1.6421999133580285
67.00000000000047,8,522.1146925049168,27.53407594228744,7.648469890092925,1.642197455553484
67.10000000000046,0,522.4968747322755,22.188233756412117,7.753578737561308,1.6421182752230858
67.10000000000046,1,522.4416215696237,22.961620412886305,7.722514348616798,1.642141939532427
67.10000000000046,2,522.3865715481361,23.73190722556356,7.699635689360599,1.6421620536660952
67.10000000000046,3,522.3316691696625,24.49991088852822,7.687421972993606,1.6421755848489688
67.10000000000046,4,522.2768435057852,25.266695547015047,7.683878169740511,1.6421819475571349
67.10000000000046,5,522.2220382392607,26.033126378889147,7.686672724792585,1.6421830446702197
67.10000000000046,6,522.1672121994025,26.799835894393276,7.694366075797639,1.6421815821649295
67.10000000000046,7,522.1123324083087,27.567312865813737,7.706024890226039,1.6421797020923612
67.10000000000046,8,522.0573709062376,28.33595285268436,7.7188822414051455,1.6421781305840124
67.20000000000046,0,522.4415920644742,22.961618304380643,7.722514348616934,1.6421419395323893
67.20000000000046,1,522.3865420429867,23.731905117054907,7.733012484198773,1.6421535748501483
67.20000000000046,2,522.3314082107213,24.503238431097806,7.743010874090041,1.642163620301134
67.20000000000046,3,522.2761953348227,25.275568485094198,7.753554186416932,1.6421713418002106
67.20000000000046,4,522.2209013063507,26.048949759523243,7.7637759325827185,1.64217634586288
67.20000000000046,5,522.1655305069306,26.823350328921904,7.773258403206396,1.6421790682940154
67.20000000000046,6,522.1100899682532,27.59869657977351,7.782604584448965,1.642180131961704
67.20000000000046,7,522.0545819449117,28.374975009564466,7.792816724080376,1.6421799490270044
67.20000000000046,8,521.9990012275207,29.152272062722222,7.802851506240114,1.6421793121718016
67.30000000000045,0,522.3865275358557,23.731904080137703,7.733012484198777,1.6421535748501261
67.30000000000045,1,522.331393703591,24.503237394177276,7.777191973897982,1.6421614240896591
67.30000000000045,2,522.2759387971468,25.278976978921975,7.813256305403846,1.6421676809069992
67.30000000000045,3,522.2202218594931,26.058313468378543,7.841075477728124,1.6421721064467725
67.30000000000045,4,522.1643030798966,26.840424545249398,7.860869621162063,1.6421747653654548
67.30000000000045,5,522.1082410531689,27.62450984747686,7.873984713711488,1.642176117294273
67.30000000000045,6,522.0520844306334,28.409903243465717,7.882875971591063,1.6421766894456047
67.30000000000045,7,521.995863946494,29.196183468957756,7.890261719075356,1.6421768234789882
67.30000000000045,8,521.9395906818932,29.983200380878458,7.896541066163447,1.642176801962524
67.40000000000045,0,522.3313839170189,24.503236694584366,7.777191973898037,1.642161424089632
67.40000000000045,1,522.275929010575,25.27897627932896,7.848105431705049,1.6421658122030016
67.40000000000045,2,522.21996502394,26.06178891391744,7.904279414083484,1.6421694414204238
67.40000000000045,3,522.1635976054117,26.85020444185139,7.944639342702522,1.642172228094336
67.40000000000045,4,522.1069401617347,27.642645529209343,7.97044074896803,1.6421740544414185
67.40000000000045,5,522.05009726255,28.437660083882655,7.98464329742499,1.6421750581738248
67.40000000000045,6,521.9931522754566,29.234091219836667,7.991370337312553,1.642175562815447
67.40000000000045,7,521.9361589101181,30.031193318057547,7.9948505452967025,1.6421758496313426
67.40000000000045,8,521.8791404956888,30.828642534517318,7.996673804184201,1.6421760544239783
67.50000000000044,0,522.2759235393946,25.27897588819419,7.848105431705127,1.642165812202915
67.50000000000044,1,522.2199595527597,26.061788522782646,7.782504593169903,1.6421645975023726
67.50000000000044,2,522.1644643015073,26.83805784107068,7.731195444355611,1.6421663044899408
67.50000000000044,3,522.1093336076547,27.609209211803847,7.697825840886087,1.6421702612562101
67.50000000000044,4,522.0544378323597,28.377031900073277,7.679794449410933,1.642174539532174
67.50000000000044,5,521.9996673676965,29.14305580574046,7.673589212837533,1.6421778054864322
67.50000000000044,6,521.9449386575253,29.90846058908011,7.676452771302075,1.6421795702442266
67.50000000000044,7,521.890188172946,30.67415090242071,7.6861275901719175,1.6421799428376842
67.50000000000044,8,521.835368399358,31.440806213335513,7.698502438640844,1.6421796392745263
67.60000000000043,0,522.2199610672651,26.061788631054704,7.782504593170003,1.6421645975022803
67.60000000000043,1,522.1644658160128,26.838057949342687,7.763935174750612,1.6421688572325996
67.60000000000043,2,522.109099680207,27.61247481704584,7.750321540776027,1.642172567049681
67.60000000000043,3,522.0538277579731,28.38553358225492,7.743698608014853,1.642175224135991
67.60000000000043,4,521.9986010152863,29.15793159378118,7.7425952015567665,1.6421766544069807
67.60000000000043,5,521.9433810373259,29.930219466653547,7.745483339635019,1.6421771173959643
67.60000000000043,6,521.8881401035496,30.7027953922956,7.75174882441151,1.6421770462380758
67.60000000000043,7,521.8328545392363,31.47599627482707,7.761198465555913,1.6421768163290662
67.60000000000043,8,521.7775017579534,32.25013972782709,7.771632474271363,1.6421765896220777
67.70000000000043,0,522.1644605049049,26.83805756963507,7.763935174750695,1.6421688572327748
67.70000000000043,1,522.1090943690987,27.612474437338083,7.7839575500553,1.642171280596647
67.70000000000043,2,522.0535835682963,28.388888310478404,7.800704876278694,1.642173327969185
67.70000000000043,3,521.9979517419679,29.166972538288846,7.81487656269383,1.642174871243637
67.70000000000043,4,521.942217645282,29.946470240253365,7.826098874174071,1.6421758557737256
67.70000000000043,5,521.8864027448309,30.72708726080249,7.834682158109986,1.6421763885708476
67.70000000000043,6,521.83052621295,31.50856039429523,7.8419655116542195,1.6421766154770767
67.70000000000043,7,521.7745975590972,32.29075999576444,7.849595468428794,1.6421766339129962
67.70000000000043,8,521.7186144741961,33.073720648917266,7.856985801771823,1.6421765738772156
67.80000000000042,0,522.1090913476121,27.612474221314137,7.783957550055328,1.6421712805966608
67.80000000000042,1,522.05358054681,28.388888094454398,7.835092378094179,1.6421728326423042
67.80000000000042,2,521.9977038682705,29.170402344182392,7.87575060078028,1.6421740954014394
67.80000000000042,3,521.9415362399089,29.955971992769324,7.905543035767889,1.6421750287190489
67.80000000000042,4,521.8851554043576,30.74451324615196,7.925149494830118,1.6421756204580928
67.80000000000042,5,521.8286342714869,31.535010119449353,7.936571073321161,1.642175942304512
67.80000000000042,6,521.7720314266217,32.32664622396444,7.942914845532989,1.6421760990458596
67.80000000000042,7,521.7153832144159,33.11891508141607,7.947455234901851,1.6421761680298639
67.80000000000042,8,521.6587025658425,33.91163681770506,7.950951638620784,1.642176202452002
67.90000000000042,0,522.0535786116948,28.388887956098365,7.835092378094248,1.6421728326422966
67.90000000000042,1,521.9977019331557,29.17040220582636,7.753589381147943,1.6421723275187707
67.90000000000042,2,521.9424068913551,29.943786936259134,7.6901038708767375,1.6421728991152975
67.90000000000042,3,521.8875641606394,30.710839248905597,7.648841048767207,1.6421743071986752
67.90000000000042,4,521.8330146255121,31.47377570897969,7.6266476874314115,1.6421758444477692
67.90000000000042,5,521.7786221982171,32.23449840046127,7.6191309812721375,1.6421770096091153
67.90000000000042,6,521.7242824937669,32.994471272094394,7.622614576164372,1.6421776135783435
67.90000000000042,7,521.6699174850796,33.7547915832781,7.633997398641203,1.64217769789899
67.90000000000042,8,521.615471229117,34.51624727341181,7.648476887687459,1.642177536221614
68.00000000000041,0,521.9977025629482,29.170402250855066,7.7535893811480525,1.6421723275187716
68.00000000000041,1,521.9424075211473,29.943786981287808,7.722524535567505,1.6421738842187446
68.00000000000041,2,521.8873328204671,30.71407305111459,7.699645348491089,1.6421752073812916
68.00000000000041,3,521.8324202710099,31.48207695529562,7.687431045371541,1.6421760975029838
68.00000000000041,4,521.7775941493337,32.248862490602086,7.683886633730121,1.6421765160647142
68.00000000000041,5,521.7227929853091,33.01529446437511,7.686680599174664,1.6421765882412251
68.00000000000041,6,521.6679718394994,33.78200511925694,7.694373413805023,1.642176492037796
68.00000000000041,7,521.6130959026298,34.5494831019141,7.7060317664318045,1.6421763683640407
68.00000000000041,8,521.5581369139566,35.31812395785184,7.718888724629491,1.6421762649874792
68.1000000000004,0,521.942405580221,29.943786842514204,7.722524535567616,1.6421738842187077
68.1000000000004,1,521.8873308795407,30.714072912340942,7.733022139332429,1.642174649627394
68.1000000000004,2,521.8321807227524,31.485406027330814,7.743019950226049,1.6421753104488341
68.1000000000004,3,521.7769587534752,32.257736341124726,7.753562651397172,1.6421758183929382
68.1000000000004,4,521.7216612025197,33.03111821235619,7.763783787030583,1.6421761475754744
68.1000000000004,5,521.6662905006364,33.80551957617881,7.773265681641129,1.6421763266655023
68.1000000000004,6,521.6108520357616,34.58086670500948,7.7826113493150295,1.6421763966373684
68.1000000000004,7,521.5553468638273,35.35714601687701,7.792823053540502,1.642176384604612
68.1000000000004,8,521.4997688719125,36.13444389945018,7.80285746893003,1.6421763427117284
68.2000000000004,0,521.8873299252222,30.71407284410755,7.733022139332437,1.642174649627449
68.2000000000004,1,521.8321797684333,31.485405959097438,7.777201044242207,1.642175165974424
68.2000000000004,2,521.7767141371827,32.2611456864386,7.81326476408858,1.6421755775676927
68.2000000000004,3,521.7209909850488,33.04048257960714,7.841083314928762,1.6421758686945211
68.2000000000004,4,521.665069207063,33.82259422781553,7.8608768556409325,1.6421760436077975
68.2000000000004,5,521.6090061264881,34.6066801799865,7.873991392279619,1.642176132542967
68.2000000000004,6,521.5528494443458,35.39207424127519,7.882882163226033,1.6421761701818627
68.2000000000004,7,521.4966293243356,36.178355113546026,7.8902675036430105,1.6421761789999136
68.2000000000004,8,521.4403565256949,36.965372638715294,7.896546511074664,1.6421761775852468
68.3000000000004,0,521.8321791246474,31.48540591306669,7.777201044242256,1.642175165974491
68.3000000000004,1,521.7767134933965,32.26114564040786,7.848113883287609,1.6421754546391867
68.3000000000004,2,521.7207418982675,33.04395857833688,7.9042872370015,1.6421756933814846
68.3000000000004,3,521.664369494805,33.83237453414825,7.9446465454790065,1.6421758766988628
68.3000000000004,4,521.6077091084549,34.62481613322318,7.970447364847103,1.642175996842818
68.3000000000004,5,521.5508646178496,35.41983123738511,7.984649382495977,1.6421760628723598
68.3000000000004,6,521.4939187871848,36.216262923083065,7.991375964792135,1.642176096069909
68.3000000000004,7,521.4369249566532,37.01336555222679,7.994855795184281,1.642176114938108
68.3000000000004,8,521.3799062932133,37.81081527721099,7.996678741834518,1.6421761284103995
68.40000000000039,0,521.7767131334833,32.261145614674,7.848113883287682,1.6421754546392395
68.40000000000039,1,521.7207415383546,33.043958552603,7.782512408027421,1.6421753747319903
68.40000000000039,2,521.6652378653375,33.82022805225661,7.731202626562807,1.6421754870237883
68.40000000000039,3,521.6101000391412,34.59137963310951,7.697832413778958,1.6421757473140133
68.40000000000039,4,521.55520000465,35.35920267582116,7.6798004575093515,1.6421760287541498
68.40000000000039,5,521.5004283563584,36.12522709920127,7.673594718909024,1.6421762436001717
68.40000000000039,6,521.445700802394,36.89063251722341,7.67645785086754,1.6421763596922894
68.40000000000039,7,521.3909527398762,37.656323512999066,7.6861323220839175,1.642176384203088
68.40000000000039,8,521.336135660787,38.4229794909748,7.698506885553305,1.6421763642339267
68.50000000000038,0,521.7207416379795,33.043958559726335,7.782512408027523,1.6421753747318402
68.50000000000038,1,521.6652379649631,33.82022805937994,7.7639423482691985,1.6421756549521187
68.50000000000038,2,521.6098665137295,34.59464526622679,7.750328088347493,1.6421758989972683
68.50000000000038,3,521.5545919690072,35.36770450035824,7.74370456466944,1.6421760737901
68.50000000000038,4,521.4993645275674,36.140103059109215,7.742600620295376,1.6421761678788047
68.50000000000038,5,521.444144886701,36.91239149934148,7.745488287675826,1.6421761983362584
68.50000000000038,6,521.3889046276784,37.68496796929656,7.751753377964055,1.6421761936555115
68.50000000000038,7,521.3336196901074,38.45816935315813,7.761202701299053,1.6421761785315012
68.50000000000038,8,521.2782673723622,39.23231326395682,7.771636451674728,1.642176163618069
68.60000000000038,0,521.6652376155778,33.82022803439875,7.763942348269283,1.6421756549519673
68.60000000000038,1,521.6098661643441,34.594645241245615,7.78396408855995,1.6421758143699954
68.60000000000038,2,521.5543517968259,35.37105951488998,7.800710804134818,1.6421759490538173
68.60000000000038,3,521.4987178887964,36.149144188157976,7.814881923903761,1.6421760505761722
68.60000000000038,4,521.4429828345876,36.92864235914856,7.826103727811662,1.6421761153422716
68.60000000000038,5,521.3871676968976,37.70925984933764,7.83468657396086,1.6421761503917547
68.60000000000038,6,521.3312913196534,38.49073343659954,7.84196956529058,1.642176165318543
68.60000000000038,7,521.2753629890046,39.27293346757638,7.849599233553969,1.6421761665314538
68.60000000000038,8,521.219380243192,40.05589452244776,7.85698933432751,1.6421761625821638
68.70000000000037,0,521.6098659655852,34.59464522703425,7.783964088559968,1.6421758143701344
68.70000000000037,1,521.5543515980667,35.371059500678626,7.83509829671258,1.6421759164694179
68.70000000000037,2,521.4984724672621,36.15257416844358,7.8757559308032405,1.6421759995384262
68.70000000000037,3,521.4423033050552,36.938144241723265,7.905547827813366,1.6421760609356482
68.70000000000037,4,521.3859216213823,37.726685914892435,7.925153811989787,1.6421760998625208
68.70000000000037,5,521.3294000787539,38.517183191709805,7.936574986375167,1.6421761210348458
68.70000000000037,6,521.2727970644919,39.30881967641719,7.942918428347206,1.6421761313459395
68.70000000000037,7,521.2161488011433,40.10108888940812,7.947458557598335,1.6421761358840885
68.70000000000037,8,521.1594681543556,40.89381095894266,7.950954753389197,1.642176138148569
68.80000000000037,0,521.5543514707699,35.371059491576865,7.835098296712659,1.6421759164693883
68.80000000000037,1,521.4984723399651,36.15257415934186,7.753594701939575,1.6421758832404179
68.80000000000037,2,521.4431745102768,36.925959223880255,7.690108630280827,1.6421759208423126
68.80000000000037,3,521.3883294277948,37.6930118455319,7.648845301994177,1.64217601347144
68.80000000000037,4,521.3337785605564,38.455948636768085,7.626651499853712,1.6421761145975804
68.80000000000037,5,521.2793859005624,39.21667169382684,7.619134423367822,1.6421761912463335
68.80000000000037,6,521.225046793497,39.97664495326209,7.622617719249109,1.6421762309776868
68.80000000000037,7,521.170682813613,40.73696565311785,7.634000308818756,1.6421762365246182
68.80000000000037,8,521.1162376496673,41.498421713093265,7.648479613271813,1.6421762258889259
68.90000000000036,0,521.4984723813909,36.15257416230395,7.753594701939664,1.6421758832403297
68.90000000000036,1,521.4431745517028,36.92595922684228,7.722529285893403,1.6421759856461375
68.90000000000036,2,521.3880981984433,37.696245654754804,7.699649568410185,1.6421760726888843
68.90000000000036,3,521.3331849543304,38.46424993233664,7.687434792966167,1.6421761312445258
68.90000000000036,4,521.2783587800544,39.23103583959833,7.683889975202428,1.64217615877913
68.90000000000036,5,521.2235578660341,39.99746816624726,7.686683603648814,1.6421761635272745
68.90000000000036,6,521.1687370244288,40.764179144094584,7.694376149398932,1.6421761571987221
68.90000000000036,7,521.1138613250307,41.53165741798898,7.706034294937941,1.642176149063003
68.90000000000036,8,521.0589024868881,42.30029853818586,7.718891090446311,1.6421761422625092
69.00000000000036,0,521.4431744240147,36.925959217712524,7.7225292858935175,1.6421759856459919
69.00000000000036,1,521.3880980707561,37.69624564562502,7.733026350440329,1.642176035997597
69.00000000000036,2,521.332946814581,38.46757910419406,7.743023664492902,1.6421760794690248
69.00000000000036,3,521.2777242248769,39.239909746001786,7.753565928331075,1.6421761128836554
69.00000000000036,4,521.2224264227968,40.01329192780754,7.76378669246878,1.6421761345386363
69.00000000000036,5,521.1670557102875,40.78769358215597,7.773268282518756,1.6421761463198412
69.00000000000036,6,521.1116173666937,41.56304098041015,7.782613710075295,1.6421761509228943
69.00000000000036,7,521.0561123686659,42.33932054139085,7.792825231493748,1.6421761501313696
69.00000000000036,8,521.0005345434736,43.1166186542361,7.8028595045883025,1.642176147375504
69.10000000000035,0,521.388098007983,37.69624564113683,7.733026350440345,1.6421760359977515
69.10000000000035,1,521.3329467518076,38.46757909970587,7.777204750053079,1.6421760699651111
69.10000000000035,2,521.2774803928656,39.24331914654374,7.8132680082010895,1.6421760970413186
69.10000000000035,3,521.2217568127505,40.02265633435062,7.841086157076911,1.642176116192786
69.10000000000035,4,521.1658348209237,40.80476825220951,7.860879360330138,1.6421761276993059
69.10000000000035,5,521.1097716565506,41.58885444949716,7.873993623610446,1.6421761335498006
69.10000000000035,6,521.0536149577038,42.374248733294166,7.882884181636402,1.6421761360257756
69.10000000000035,7,520.9973948501543,43.1605298088123,7.890269361892513,1.6421761366059182
69.10000000000035,8,520.9411220716256,43.94754752171897,7.89654824587376,1.6421761365128482
69.20000000000034,0,521.3329467094609,38.467579096678136,7.777204750053129,1.6421760699650467
69.20000000000034,1,521.277480350519,39.24331914351602,7.848117119366589,1.6421760889546002
69.20000000000034,2,521.2215082357607,40.0261323687251,7.904290047256955,1.6421761046599754
69.20000000000034,3,521.1651354879971,40.81454858166157,7.944648988890052,1.6421761167193771
69.20000000000034,4,521.1084748940182,41.6069904108557,7.97044950382077,1.64217612462285
69.20000000000034,5,521.0516302865703,42.40200572110673,7.984651277817077,1.6421761289665273
69.20000000000034,6,520.994684389749,43.19843759209036,7.99137767268698,1.6421761311503884
69.20000000000034,7,520.9376905190743,43.995540389589294,7.994857363877386,1.642176132391672
69.20000000000034,8,520.8806718305282,44.79299027004819,7.996680204363528,1.642176133277924
69.30000000000034,0,521.2774803268409,39.24331914182315,7.848117119366679,1.6421760889545385
69.30000000000034,1,521.2215082120827,40.02613236703222,7.782515210719606,1.6421760836979338
69.30000000000034,2,521.1660039687289,40.80240210689095,7.731205039338654,1.6421760910849494
69.30000000000034,3,521.1108656595022,41.57355389510022,7.697834494075922,1.6421761082078916
69.30000000000034,4,521.0559653330719,42.3413771254987,7.679802265044824,1.6421761267221437
69.30000000000034,5,521.0011935968428,43.107401723806205,7.673596310812268,1.6421761408555198
69.30000000000034,6,520.9464661101665,43.87280730623622,7.676459279051459,1.6421761484925514
69.30000000000034,7,520.8917181991768,44.638498456029396,7.686133630321957,1.6421761501049463
69.30000000000034,8,520.8369012902301,45.40515457732829,7.69850810337291,1.6421761487913082
69.40000000000033,0,521.2215082186316,40.026132367500466,7.782515210719697,1.6421760836979322
69.40000000000033,1,521.166003975278,40.80240210735919,7.763944753983718,1.6421761021319616
69.40000000000033,2,521.110632160583,41.57681952940385,7.750330139514985,1.6421761181862324
69.40000000000033,3,521.0553574317868,42.34987895601412,7.743706316569142,1.642176129684802
69.40000000000033,4,521.0001299346792,43.12227768642203,7.742602129515783,1.6421761358743048
69.40000000000033,5,520.9449103077657,43.8945662789593,7.74548960747142,1.6421761378779403
69.40000000000033,6,520.8896700860397,44.66714288389759,7.75175455591921,1.6421761375700523
69.40000000000033,7,520.8343851834328,45.44034438835542,7.761203776874481,1.6421761365751175
69.40000000000033,8,520.7790328904969,46.21448840876013,7.771637451075269,1.6421761355940456
69.50000000000033,0,521.1660039522927,40.802402105715814,7.763944753983798,1.6421761021319252
69.50000000000033,1,521.110632137598,41.57681952776045,7.783966133185833,1.6421761126190553
69.50000000000033,2,521.0551175239326,42.3532339887896,7.800712528589041,1.6421761214791362
69.50000000000033,3,520.999483469443,43.1313188244712,7.814883380839193,1.6421761281576754
69.50000000000033,4,520.9437483443689,43.91081713646035,7.82610497037938,1.6421761324182813
69.50000000000033,5,520.8879331844867,44.69143474963669,7.834687651422906,1.6421761347240214
69.50000000000033,6,520.8320568118024,45.47290844524588,7.841970520958516,1.6421761357059539
69.50000000000033,7,520.7761284975005,46.25510857320232,7.849600102756253,1.642176135785693
69.50000000000033,8,520.7201457695613,47.038069716493816,7.856990140151367,1.6421761355259104
69.60000000000032,0,521.1106321245284,41.57681952682616,7.783966133185863,1.642176112619193
69.60000000000032,1,521.0551175108628,42.353233987855305,7.835100015151225,1.6421761193356734
69.60000000000032,2,520.9992382092591,43.134748815690514,7.875757362095881,1.6421761248002165
69.60000000000032,3,520.9430689384427,43.92031902469911,7.905549021646548,1.6421761288391918
69.60000000000032,4,520.8866871927112,44.70886081311912,7.925154817879935,1.6421761314000267
69.60000000000032,5,520.8301656179779,45.4993581884868,7.936575849558889,1.6421761327927316
69.60000000000032,6,520.7735625882519,46.29099475862725,7.942919187975731,1.642176133470941
69.60000000000032,7,520.7169143178021,47.08326404726721,7.947459245079773,1.642176133769531
69.60000000000032,8,520.6602336677875,47.87598618549467,7.950955388909094,1.6421761339185208
69.70000000000032,0,521.0551175024912,42.353233987256885,7.8351000151512995,1.6421761193356064
69.70000000000032,1,520.9992382008875,43.13474881509214,7.753596127739532,1.6421761171495661
69.70000000000032,2,520.9439401801287,43.908134008912704,7.69010980034221,1.6421761196232314
69.70000000000032,3,520.8890949368263,44.67518673637035,7.648846262807015,1.6421761257167393
69.70000000000032,4,520.8345439770994,45.438123617320066,7.626652297196334,1.6421761323692616
69.70000000000032,5,520.7801512978995,46.19884675294338,7.619135098487683,1.6421761374114872
69.70000000000032,6,520.7258122269322,46.95882008264409,7.622618307294196,1.642176140025207
69.70000000000032,7,520.671448312007,47.71914084609914,7.634000837511002,1.6421761403900632
69.70000000000032,8,520.617003217493,48.48059696404326,7.648480100116515,1.6421761396904406
69.80000000000031,0,520.9992382036088,43.13474881528664,7.753596127739631,1.642176117149637
69.80000000000031,1,520.9439401828495,43.90813400910726,7.722530450974319,1.6421761238863892
69.80000000000031,2,520.8888637147959,44.6784205456174,7.699650507348585,1.6421761296123685
69.80000000000031,3,520.8339504202693,45.44642491372815,7.6874355489182715,1.6421761334644236
69.80000000000031,4,520.7791242388998,46.21321089627084,7.683890590182952,1.6421761352757691
69.80000000000031,5,520.724323338507,46.9796432855492,7.686684115008392,1.642176135588172
69.80000000000031,6,520.6695025146762,47.746354315933935,7.6943765884730935,1.6421761351717734
69.80000000000031,7,520.6146268290515,48.51383263483267,7.706034686011065,1.642176134636479
69.80000000000031,8,520.5596679992094,49.28247379483016,7.718891448565934,1.6421761341891328
69.9000000000003,0,520.9439401744435,43.90813400850614,7.7225304509744435,1.6421761238862493
69.9000000000003,1,520.8888637063905,44.6784205450163,7.733027284893615,1.6421761271985509
69.9000000000003,2,520.833712373205,45.44975409176287,7.743024400459426,1.642176130058274
69.9000000000003,3,520.7784897391803,46.22208480418617,7.753566505573931,1.6421761322564774
69.9000000000003,4,520.7231919180007,46.995467042497935,7.763787149277449,1.6421761336810923
69.9000000000003,5,520.6678212028978,47.76986874245841,7.773268652483445,1.64217613445612
69.9000000000003,6,520.612382865864,48.54521617827253,7.782614020934356,1.6421761347588615
69.9000000000003,7,520.5568778781668,49.32149577115716,7.7928255043505406,1.6421761347067978
69.9000000000003,8,520.5013000630181,50.09879391207595,7.802859752252358,1.6421761345255268
70.0000000000003,0,520.8888637022665,44.67842054472173,7.733027284893612,1.6421761271985384
70.0000000000003,1,520.8337123690809,45.449754091468286,7.777205482008377,1.6421761294331154
70.0000000000003,2,520.7782459587871,46.225494208016784,7.8132685673106765,1.6421761312143142
70.0000000000003,3,520.7225223480517,47.004831449688034,7.841086579715706,1.642176132474209
70.0000000000003,4,520.6666003404769,47.78694340879268,7.860879681152177,1.6421761332311693
70.0000000000003,5,520.6105371694784,48.57102963777068,7.873993872615749,1.64217613361602
70.0000000000003,6,520.5543804688036,49.356423946401094,7.882884383197972,1.6421761337789014
70.0000000000003,7,520.4981603615834,50.142705042150396,7.89026953419157,1.6421761338170762
70.0000000000003,8,520.4418875840208,50.92972277240003,7.896548399696,1.6421761338109755
70.10000000000029,0,520.8337123662989,45.44975409126954,7.77720548200843,1.6421761294331252
70.10000000000029,1,520.778245956005,46.22549420781809,7.848169066364737,1.640595392210693
70.10000000000029,2,520.7235109382473,47.00840013680539,7.904389534427744,1.6387801412851006
70.10000000000029,3,520.6698152635097,47.79701331025528,7.944791555853861,1.637027211638268
70.10000000000029,4,520.6172346608845,48.58975086696744,7.9706307250091335,1.6366469120265457
70.10000000000029,5,520.5647855176396,49.385086554180845,7.984866395706572,1.6405964019325923
70.10000000000029,6,520.509096335277,50.18162885011406,7.9916198947585295,1.653093404603709
70.10000000000029,7,520.4434018235264,50.97808625057404,7.995115451365287,1.6774169713485483
70.10000000000029,8,520.3583187264575,51.77305815580349,7.996939736262143,1.7127315461277886
70.20000000000029,0,520.7802170200093,46.225632624945476,7.8481690663648225,1.6405953961725608
70.20000000000029,1,520.7254819995851,47.00853852892207,7.782625850482273,1.639582436958908
70.20000000000029,2,520.6719904826202,47.784961410601014,7.731370836775692,1.637341052873842
70.20000000000029,3,520.6205800809307,48.55638917126262,7.6980510658191275,1.635164362834209
70.20000000000029,4,520.5710633120134,49.32460138580358,7.6800649763021,1.6358195491207859
70.20000000000029,5,520.5211602466654,50.09098494056129,7.6738993914234515,1.6427185961805764
70.20000000000029,6,520.4660150058083,50.85639918672362,7.676793495469853,1.65884549270955
70.20000000000029,7,520.3985063119609,51.62113992470836,7.686484194267663,1.68515856259864
70.20000000000029,8,520.3107876272252,52.3848273243989,7.69885809138205,1.7193195460537558
70.30000000000028,0,520.7267451921759,47.0086258170955,7.782625850106881,1.639582421965406
70.30000000000028,1,520.673253759016,47.78504794209997,7.750851283217627,1.6111503360145316
70.30000000000028,2,520.6419844599575,48.55950206879797,7.725857184534021,1.6072648149041444
70.30000000000028,3,520.6138156762843,49.33157411505686,7.710222585737665,1.6276969645608292
70.30000000000028,4,520.5699676905075,50.10134859615283,7.7025391555950655,1.6725980725255107
70.30000000000028,5,520.4916898636461,50.86761474440898,7.701162406023409,1.7425078051767857
70.30000000000028,6,520.3601009238484,51.62640561673223,7.705283928969728,1.8383640850419982
70.30000000000028,7,520.1563835487417,52.3695163428109,7.71443933151755,1.9615475286004525
70.30000000000028,8,519.862553485066,53.08281157164748,7.725870275887077,2.1139580577531087
70.40000000000028,0,520.7087285691778,47.786679833793954,7.7508512834549474,1.6111799487203964
70.40000000000028,1,520.6774363343665,48.561133028775245,7.71396387621989,1.6443366844237115
70.40000000000028,2,520.6207592285132,49.33044681788742,7.682379928547175,1.7021047202178596
70.40000000000028,3,520.5201742636505,50.09208122466522,7.659363595417963,1.7850425416489784
70.40000000000028,4,520.3573290138197,50.840528981580015,7.6448004337713105,1.8941618567583405
70.40000000000028,5,520.1144050183801,51.565429820749586,7.638289988448554,2.030974765881516
70.40000000000028,6,519.7751660592252,52.24986925759363,7.639830174535682,2.1975826575424926
70.40000000000028,7,519.327010495725,52.86873196809442,7.64882341240156,2.3968236806008516
70.40000000000028,8,518.7645364499347,53.38730057528536,7.66177564033492,2.611054203319663
70.50000000000027,0,520.6361254594362,48.5583570650966,7.713963876724771,1.644291344143178
70.50000000000027,1,520.5794826964568,49.327671037253694,7.673321254282922,1.7385772713937124
70.50000000000027,2,520.4513427524046,50.08422928085048,7.637979495536989,1.8594310692490492
70.50000000000027,3,520.2339340943379,50.81643679486539,7.612029925382513,2.0083951996322114
70.50000000000027,4,519.9113635678787,51.505926336284546,7.596150810533486,2.187706941934742
70.50000000000027,5,519.4719088012143,52.12554704016743,7.590283542396897,2.400430957278957
70.50000000000027,6,518.9119664803719,52.63804270074985,7.594160891154462,2.613020529689283
70.50000000000027,7,518.2561600550068,53.02105663416113,7.606039928367261,2.825719429838606
70.50000000000027,8,517.5331458136527,53.25737066622466,7.621443362604133,3.0111675567642786
70.60000000000026,0,520.4639385112094,49.31029060099255,7.673321254599992,1.7374981247753314
70.60000000000026,1,520.3366144983197,50.0669855131312,7.522772894195084,1.8312815542761816
70.60000000000026,2,520.1428661993247,50.7938879788271,7.40335688314639,1.949756578338127
70.60000000000026,3,519.8689749571324,51.481709763777616,7.323038524364391,2.09413496950569
70.60000000000026,4,519.5029813686131,52.11602893687936,7.278508436939399,2.266626530306622
70.60000000000026,5,519.0363880806797,52.674724127906465,7.263269130051046,2.4704391413469553
70.60000000000026,6,518.4675355142746,53.12649890660421,7.270462092472265,2.6738696409837948
70.60000000000026,7,517.8184954318066,53.45436012423585,7.292578960073315,2.877502251061796
70.60000000000026,8,517.1144228923362,53.64477235619883,7.3206218471990745,3.0493278500448056
70.70000000000026,0,520.2237883572542,50.03907485062538,7.522772892668879,1.8302127800209353
70.70000000000026,1,520.0308167763952,50.766180813308985,7.413526305510389,1.9832543422246915
70.70000000000026,2,519.7336332814257,51.445376625012926,7.329516225406232,2.1646584208085455
70.70000000000026,3,519.3234731271115,52.052894104393204,7.277458633096537,2.3699535797357805
70.70000000000026,4,518.8018124079258,52.56041439692885,7.254893468534936,2.5737901163302803
70.70000000000026,5,518.1901169163285,52.950619301787555,7.256015343077366,2.7769949193776378
70.70000000000026,6,517.5121527763522,53.20939311551893,7.273953017571119,2.980229379913547
70.70000000000026,7,516.7941370549759,53.32629203672625,7.301921996047964,3.183966031072284
70.70000000000026,8,516.0645206437152,53.29537882862152,7.332591692986524,3.356019240292836
70.80000000000025,0,519.857518315516,50.69616493582274,7.41352631079847,1.9785808789197807
70.80000000000025,1,519.5635152675248,51.37672788066433,7.316419357966973,2.186234655382162
70.80000000000025,2,519.1411263197916,51.974128493131616,7.2473132385573305,2.391166220666273
70.80000000000025,3,518.6110592298357,52.46835958699531,7.211209292278084,2.5941598229373914
70.80000000000025,4,517.9953204701935,52.843701057720786,7.204362799895083,2.79613988196713
70.80000000000025,5,517.3174460512134,53.08765774545318,7.2198707167687655,2.997926023525567
70.80000000000025,6,516.6028969948865,53.19102776353576,7.249951685944027,3.2001450011254717
70.80000000000025,7,515.8791436580875,53.14860323823366,7.285436707783546,3.3999902457361513
70.80000000000025,8,515.1747605290461,52.9624406307978,7.320174847468703,3.568737709450753
70.90000000000025,0,519.3551464844302,51.241349529814286,7.316419346791164,2.174557489448815
70.90000000000025,1,518.9397621577947,51.8436416162392,7.1164191310469365,2.3456762888995106
70.90000000000025,2,518.4418755154556,52.35211384527689,6.967545260424418,2.543630413634327
70.90000000000025,3,517.8660170454336,52.744360560992874,6.880159949972737,2.738802900969864
70.90000000000025,4,517.2330604770027,53.01405605615372,6.846840320112526,2.931521376512066
70.90000000000025,5,516.5634261329557,53.15683602852867,6.8545877062511025,3.123306838404435
70.90000000000025,6,515.878078580241,53.16937279598143,6.889428905569331,3.315310150503036
70.90000000000025,7,515.1995002780889,53.050295451101405,6.9366431428420245,3.489312064176115
70.90000000000025,8,514.5473418647855,52.813928509555446,6.98561001148548,3.635409515831822
71.00000000000024,0,518.7874412270239,51.70288032147273,7.116419150978273,2.3388037309697083
71.00000000000024,1,518.2930612075672,52.21476173560593,7.268163512629974,2.5381633913582418
71.00000000000024,2,517.6946046560394,52.62720778029226,7.402233311782532,2.741769906004662
71.00000000000024,3,517.0127627391189,52.915343450780156,7.512808826361853,2.9491265210110535
71.00000000000024,4,516.2753538828686,53.05904849802965,7.599180077777992,3.1596099182707937
71.00000000000024,5,515.5155592007525,53.0453575860753,7.663732641886908,3.338749812967902
71.00000000000024,6,514.7640325579598,52.89523857185404,7.7104367053400455,3.4883616863295823
71.00000000000024,7,514.0388846984664,52.633190931047295,7.742159334958289,3.609947639372806
71.00000000000024,8,513.3480424359511,52.283695110720956,7.763922585132661,3.7047215674556653
71.10000000000024,0,518.1516867314865,52.02264657462004,7.268163505699793,2.52692626009987
71.10000000000024,1,517.5579025718664,52.44179139178242,7.411823853845838,2.7304989077893316
71.10000000000024,2,516.8784723167003,52.73797690182912,7.536336607361065,2.9380943567313467
71.10000000000024,3,516.1403894498437,52.89028375315371,7.636060111715596,3.1197924563242614
71.10000000000024,4,515.3769647912748,52.906929190296694,7.71124382750024,3.272605984818654
71.10000000000024,5,514.6124485946503,52.8061903294355,7.7653023133187755,3.3977208362517444
71.10000000000024,6,513.8612495654604,52.60946634793832,7.8030372807851585,3.4961245385455944
71.10000000000024,7,513.1294724972877,52.33858241241803,7.827685921867622,3.568633324646408
71.10000000000024,8,512.4169984569555,52.01437534527966,7.843912431607916,3.615865220520734
71.20000000000023,0,517.452755489967,52.22203846702158,7.4118238530449,2.7190602591813695
71.20000000000023,1,516.7767575721682,52.525976195678574,7.549472619451462,2.9118904222538005
71.20000000000023,2,516.0416394056065,52.69786836915317,7.6667368242145555,3.07612661145607
71.20000000000023,3,515.2766073694654,52.748023729650015,7.757958714003845,3.2129205458492756
71.20000000000023,4,514.5027826904169,52.69273482487645,7.824089208124863,3.3230505773059633
71.20000000000023,5,513.7332171406382,52.55153825445548,7.869409557351975,3.407137689111453
71.20000000000023,6,512.9738550354232,52.34501674663839,7.8993921383539245,3.465698482095082
71.20000000000023,7,512.2250381835938,52.093450721460925,7.917591815421896,3.4991242198312307
71.20000000000023,8,511.4833403575807,51.81636278788891,7.928479662370283,3.5076306850513284
71.30000000000022,0,516.715900447698,52.302013301631774,7.549472619194957,2.9024377801286194
71.30000000000022,1,515.9824401040983,52.48084644106527,7.561586979464933,3.04924950851652
71.30000000000022,2,515.2295030741346,52.55057331657166,7.5760057343260225,3.167948124161904
71.30000000000022,3,514.4721655250443,52.53060870434324,7.593624750740958,3.2601710884286152
71.30000000000022,4,513.7181352693009,52.44077553572,7.612557753348657,3.3270963809572827
71.30000000000022,5,512.9699397238867,52.30036821156892,7.631294418673481,3.369485232893055
71.30000000000022,6,512.2265408244602,52.12795801090543,7.649540099954321,3.387752014422574
71.30000000000022,7,511.4846454215793,51.941553162365764,7.667698644125851,3.382006889014201
71.30000000000022,8,510.7399275267751,51.7589812301925,7.684661381656831,3.3551796312780473
71.40000000000022,0,515.9609533702856,52.30253947905916,7.56158697949068,3.0450953333049604
71.40000000000022,1,515.2083125157312,52.37539355790706,7.576810710686549,3.1467397978507443
71.40000000000022,2,514.4506414814255,52.37149366090945,7.590829610168228,3.2227176167951344
71.40000000000022,3,513.6940550110082,52.30998058733965,7.6045804058827695,3.273915453038275
71.40000000000022,4,512.9402448126152,52.20964802351663,7.617439969192337,3.300893853721033
71.40000000000022,5,512.1881457291579,52.08881385758011,7.629466870222919,3.303904735506738
71.40000000000022,6,511.43522698620507,51.965521409770204,7.6418658941177595,3.282913671392624
71.40000000000022,7,510.6786537976019,51.85788395387972,7.656200843520387,3.2573677805335897
71.40000000000022,8,509.91813883153725,51.76943914627998,7.67157884703606,3.236214505111491
71.50000000000021,0,515.2066451896028,52.24967018163122,7.576810715271611,-3.1378504822338984
71.50000000000021,1,514.448969421432,52.246834663192175,7.602614999310028,-3.078262251356557
71.50000000000021,2,513.6902147986268,52.19871896624712,7.623545351528821,-3.0430714589065317
71.50000000000021,3,512.9315086887975,52.12373076680721,7.6406344150649765,-3.0319277983008313
71.50000000000021,4,512.1720076159111,52.04010780394164,7.654601936230705,-3.0350758145022083
71.50000000000021,5,511.41088418191924,51.95872645433759,7.667027289944201,-3.043167228868618
71.50000000000021,6,510.64779184956484,51.88336661744847,7.680103657690776,-3.0519332227200415
71.50000000000021,7,509.8825877093201,51.814556219505256,7.69471120974611,-3.060075965875356
71.50000000000021,8,509.11533799914025,51.75185267392265,7.709282912938606,-3.066543125297155
71.60000000000021,0,514.45288495627,52.17268908257484,7.602614989017358,-3.078522587586135
71.60000000000021,1,513.694135052921,52.12477112268394,7.652345767407938,-3.0667117653455973
71.60000000000021,2,512.9310447375242,52.0675232193676,7.691742708810713,-3.0610871717313817
71.60000000000021,3,512.1643607487094,52.0056673480053,7.72135921213098,-3.0609300360445157
71.60000000000021,4,511.39473420622716,51.943452390242875,7.743024846766843,-3.063537957922308
71.60000000000021,5,510.6227891854438,51.88307582644978,7.759493628358643,-3.066744274242716
71.60000000000021,6,509.84901033873416,51.82505112518879,7.7729767501021305,-3.0694005843205954
71.60000000000021,7,509.0737276965621,51.76898392981281,7.785484693459741,-3.071361297912411
71.60000000000021,8,508.2970861473508,51.714348906165775,7.796818209891291,-3.072722344890086
71.7000000000002,0,513.695208422331,52.11004870720751,7.6523457674080335,-3.0667139506806116
71.7000000000002,1,512.932118109756,52.05280246459106,7.572530016417378,-3.069472640077211
71.7000000000002,2,512.1768324947174,51.998236700255575,7.510210969468264,-3.0704101220226487
71.7000000000002,3,511.4277130828814,51.944822171767214,7.470429579721385,-3.0687927123315903
71.7000000000002,4,510.68263869188195,51.89048411412626,7.451271700919951,-3.0656184318076916
71.7000000000002,5,509.93962112282605,51.83392332506057,7.449246977320816,-3.062763651345505
71.7000000000002,6,509.1969242282425,51.775252471269354,7.45994188888728,-3.0616354453097037
71.7000000000002,7,508.4531832255367,51.71565331477126,7.479139747659432,-3.0627658853815403
71.7000000000002,8,507.7074551716625,51.65674309912603,7.501208465410281,-3.0647575776178613
71.8000000000002,0,512.9318678818147,52.05624186144936,7.572530016417438,-3.069472733530626
71.8000000000002,1,512.1765833702611,52.001676166161914,7.5390807708130145,-3.0654461402011206
71.8000000000002,2,511.4248599136271,51.94432415572166,7.514931259026381,-3.0643576117083513
71.8000000000002,3,510.67560686443613,51.886340227529416,7.50386275582114,-3.066140842922259
71.8000000000002,4,509.92735511838987,51.82977590617383,7.50477235811189,-3.069258459877866
71.8000000000002,5,509.17884002240146,51.77553805060667,7.514545173128484,-3.0722008371799125
71.8000000000002,6,508.4291937357214,51.72343508486274,7.530511855492632,-3.07417234219231
71.8000000000002,7,507.6778531597453,51.672702585434095,7.550590750957041,-3.0750621404718315
71.8000000000002,8,506.9244643561975,51.62250516319136,7.571346535306608,-3.0753118708889566
71.90000000000019,0,512.1769627279984,51.99665732282111,7.5390807708131105,-3.0654462276716337
71.90000000000019,1,511.42523927939715,51.93930537855047,7.544112476660444,-3.06753051487492
71.90000000000019,2,510.67289583390476,51.88348312281258,7.55281923291645,-3.069695715146583
71.90000000000019,3,509.9195649757679,51.829227439246964,7.566498292638998,-3.0715026295379046
71.90000000000019,4,509.16477294905155,51.77623724572052,7.5832302596116925,-3.072613778385473
71.90000000000019,5,508.4082529126012,51.72397038344377,7.601227380617128,-3.073058494617028
71.90000000000019,6,507.64991284453276,51.67191657073032,7.619788474813121,-3.0731159813515103
71.90000000000019,7,506.8897162679004,51.61977918650156,7.638885717754489,-3.0731025528814637
71.90000000000019,8,506.1276152044503,51.567500905616726,7.657009111439219,-3.0730866886271175
72.00000000000018,0,511.4250455700504,51.94190354412848,7.544112476660569,-3.0675305259098717
72.00000000000018,1,510.6727024246144,51.88608130733492,7.5868084250996635,-3.0690657405831625
72.00000000000018,2,509.9160160874118,51.831104754271294,7.624772062592907,-3.070530281993314
72.00000000000018,3,509.1554632546592,51.77696690585962,7.657989305623734,-3.0717739067540766
72.00000000000018,4,508.39153005458206,51.72354321133168,7.685723462137427,-3.0726478660559824
72.00000000000018,5,507.6247836431767,51.670596123626325,7.708118982730552,-3.0731572173531925
72.00000000000018,6,506.8557760394359,51.61788644035677,7.7265088776171424,-3.073389730325759
72.00000000000018,7,506.08492142081883,51.56523023140501,7.742756579902623,-3.0734375808281866
72.00000000000018,8,505.31244325951235,51.51250025601408,7.756956518093078,-3.073410652583312
72.10000000000018,0,510.67256286239274,51.887995239852636,7.586808425099655,-3.0690657359856166
72.10000000000018,1,509.915876534315,51.83301868401769,7.659504926041795,-3.0703055687577114
72.10000000000018,2,509.15187143974885,51.778462541350606,7.720146690941238,-3.0713406253369406
72.10000000000018,3,508.3817610656352,51.72427154573772,7.767661976092234,-3.0721217436511874
72.10000000000018,4,507.6068685230788,51.6703522858176,7.8024427986270535,-3.0726279172506183
72.10000000000018,5,506.8284789716209,51.61658558788493,7.826403425066501,-3.072909865077768
72.10000000000018,6,506.04768388734556,51.56287391914631,7.8427108232483125,-3.0730468774825104
72.10000000000018,7,505.2652545355219,51.509157536521954,7.854894867985672,-3.073102996860399
72.10000000000018,8,504.48160661519506,51.45540168011688,7.8643774540042655,-3.0731265910737986
72.20000000000017,0,509.915765810254,51.8345645121811,7.659504926041828,-3.0703055661733405
72.20000000000017,1,509.1517607158972,51.7800083675487,7.75549027311654,-3.0710783425575023
72.20000000000017,2,508.3781390047418,51.72536637070152,7.833096971822541,-3.0717289117904905
72.20000000000017,3,507.5967401745781,51.67068593162009,7.890418774063619,-3.0722441134889458
72.20000000000017,4,506.8095948647568,51.616010877161905,7.9289146888374065,-3.0725954700866707
72.20000000000017,5,506.0185899366733,51.56134699263535,7.952108749822981,-3.072797499047823
72.20000000000017,6,505.22526006908106,51.506683477603836,7.964810013191502,-3.0729035443989225
72.20000000000017,7,504.43065730026063,51.45201691826834,7.972005552148518,-3.0729675117845474
72.20000000000017,8,503.63533318035905,51.39735184736315,7.976198362562979,-3.073014840429236
72.30000000000017,0,509.15169252059206,51.78097192734035,7.755490273116656,-3.0710783420325614
72.30000000000017,1,508.3780708133435,51.72632993032622,7.711762422991828,-3.0708979399597673
72.30000000000017,2,507.6088208384233,51.671857246575954,7.678988778895201,-3.0712173089156884
72.30000000000017,3,506.8428227541981,51.617860695236075,7.660088210777363,-3.071919259217811
72.30000000000017,4,506.0786724213976,51.56453342952882,7.652685410907702,-3.0726722396619497
72.30000000000017,5,505.3152206617,51.51183254838497,7.653820660469607,-3.073249573132495
72.30000000000017,6,504.5516253130825,51.45956468762437,7.661390352733653,-3.0735699597896913
72.30000000000017,7,503.78725798994486,51.407490020630725,7.673840175529594,-3.073652479120726
72.30000000000017,8,503.02164423902417,51.35539390808743,7.687868377490331,-3.0736172817390264
72.40000000000016,0,508.3780867340262,51.72610499044967,7.711762422991949,-3.0708979399659446
72.40000000000016,1,507.6088367594312,51.671632306724874,7.712116975214407,-3.0716385495750655
72.40000000000016,2,506.83951128139785,51.617726873407534,7.714388011596287,-3.0722953550958714
72.40000000000016,3,506.06992400638035,51.564311023905574,7.7199765541363465,-3.072785089006066
72.40000000000016,4,505.2997531340206,51.511233650819655,7.727652252538303,-3.073069109157158
72.40000000000016,5,504.52880144801816,51.45832246834251,7.736420971227067,-3.073182644527635
72.40000000000016,6,503.7569689304786,51.405438875817644,7.746285956459245,-3.073194338074426
72.40000000000016,7,502.9841515901914,51.35249688560238,7.757701246519602,-3.073167807614875
72.40000000000016,8,502.21019679816817,51.29945634428263,7.7691794063900605,-3.073135180611967
72.50000000000016,0,507.60877192177344,51.67255579500342,7.712116975214445,-3.0716385491049074
72.50000000000016,1,506.8394464466761,51.61865036151115,7.74836428939816,-3.072098163511093
72.50000000000016,2,506.06648029384576,51.56484683053398,7.778587864645356,-3.072483844354455
72.50000000000016,3,505.29047830264363,51.51113271633963,7.802940615692386,-3.0727730631489614
72.50000000000016,4,504.5120312974694,51.45747557630995,7.821297899000056,-3.072957017302609
72.50000000000016,5,503.7317430313704,51.4038357384436,7.834480456915219,-3.073056545658381
72.50000000000016,6,502.9501342702644,51.35018328432547,7.844405554360576,-3.07310070986519
72.50000000000016,7,502.1675329496133,51.29649742308491,7.853311177905603,-3.0731097715984945
72.50000000000016,8,501.3840426639501,51.242757712709874,7.861233160661614,-3.073105428848799
72.60000000000015,0,506.8394065030407,51.619223489183405,7.748364289398219,-3.072098163396592
72.60000000000015,1,506.066440351346,51.565419958201495,7.81327120924871,-3.0723872340436733
72.60000000000015,2,505.28698352395367,51.511391038700296,7.86523267059007,-3.0726252111802967
72.60000000000015,3,504.50233006753956,51.45718953273489,7.903392757049144,-3.072805155834666
72.60000000000015,4,503.71385988494103,51.40286693500131,7.928683192008247,-3.072922091302987
72.60000000000015,5,502.92286027162396,51.348463003315686,7.9435883509111616,-3.0729871084895337
72.60000000000015,6,502.1303701151116,51.294008322989264,7.9517524090205995,-3.0730200031287076
72.60000000000015,7,501.3370636815057,51.239523772191035,7.956986530803787,-3.073036836875502
72.60000000000015,8,500.54323414761905,51.18501672083799,7.960588869946737,-3.0730472265174487
72.70000000000014,0,506.0664153445848,51.565780430134026,7.813271209248785,-3.072387234012335
72.70000000000014,1,505.28695851720596,51.51175151060895,7.743326467728168,-3.072300114942012
72.70000000000014,2,504.5144840886395,51.458138962839804,7.68919702850044,-3.0724106011612706
72.70000000000014,3,503.74740373595665,51.40498594304,7.654693643944563,-3.0726740422149765
72.70000000000014,4,502.98375155380967,51.35227260981197,7.636913337981977,-3.0729603619481702
72.70000000000014,5,502.2218581532099,51.29989986186297,7.631916912606305,-3.073178310896712
72.70000000000014,6,501.46045182580207,51.247727324805666,7.636523234883749,-3.0732939238209633
72.70000000000014,7,500.6985799066472,51.19561137990918,7.648114986150912,-3.073314737837012
72.70000000000014,8,499.93555042544347,51.14343220783568,7.662352060277582,-3.0732899914139784
72.80000000000014,0,505.28696605514773,51.51164287297155,7.743326467728257,-3.07230011494256
72.80000000000014,1,504.5144916267163,51.458030325211965,7.721835351491773,-3.0725865279053224
72.80000000000014,2,503.74414587096715,51.40478721050383,7.706579488750183,-3.0728339962793445
72.80000000000014,3,502.975308944553,51.351839548287415,7.699708722580922,-3.073006904503357
72.80000000000014,4,502.20714833585424,51.29907191182002,7.699473025383964,-3.0730951199640915
72.80000000000014,5,501.4390065889511,51.246373652352986,7.703963195395899,-3.073118416643207
72.80000000000014,6,500.6704156481236,51.193662565857494,7.7121930359501265,-3.073107638988242
72.80000000000014,7,499.9010042188462,51.14088687760619,7.723662236708249,-3.073088510516906
72.80000000000014,8,499.1304495698731,51.088017964404315,7.735996914231547,-3.0730711429327267
72.90000000000013,0,504.51446692127627,51.45838748795633,7.7218353514918885,-3.072586527878512
72.90000000000013,1,503.74412116598694,51.4051443732582,7.7401401092930335,-3.0727403387569523
72.90000000000013,2,502.9719410913776,51.35189381378067,7.7562303622196005,-3.072871499730063
72.90000000000013,3,502.1981488112857,51.298634047564946,7.770879574767851,-3.0729709792132143
72.90000000000013,4,501.422889763435,51.24535081160653,7.783458100819546,-3.073034641197826
72.90000000000013,5,500.6463724278577,51.19203076198498,7.793938454750869,-3.073068967277612
72.90000000000013,6,499.8688076861812,51.13866560810152,7.803335743379647,-3.0730828688162806
72.90000000000013,7,499.0903046762537,51.08524693315718,7.813037093590092,-3.0730822554469404
72.90000000000013,8,498.3108338392719,51.031761368303336,7.822329530434491,-3.0730763027924435
73.00000000000013,0,503.7441079330332,51.40533618091993,7.740140109293037,-3.0727403387536016
73.00000000000013,1,502.9719278588068,51.35208562146666,7.790564872075742,-3.072840792899868
73.00000000000013,2,502.19471187569104,51.29856622439556,7.831378620843653,-3.07292177020208
73.00000000000013,3,501.4134198058019,51.244829712958285,7.8622317808387185,-3.072980384880389
73.00000000000013,4,500.62904653082376,51.19092747231272,7.883570957918279,-3.0730166390080518
73.00000000000013,5,499.84254240008187,51.13690744756849,7.897100056902533,-3.0730357865637306
73.00000000000013,6,499.054687503516,51.082809803851674,7.905646350244096,-3.073044589019148
73.00000000000013,7,498.2659795084346,51.02866055786822,7.912267787648411,-3.073047731230442
73.00000000000013,8,497.4766107542495,50.97446843910518,7.917637567171315,-3.0730487436864844
73.10000000000012,0,502.971919230176,51.35221089233089,7.790564872075824,-3.0728407928985977
73.10000000000012,1,502.19470324706873,51.29869149525938,7.866353968916265,-3.07289861894915
73.10000000000012,2,501.4099231356617,51.24469682508706,7.926109507537498,-3.0729470207631913
73.10000000000012,3,500.6191789314299,51.19033026616337,7.9685828314046026,-3.072985060656748
73.10000000000012,4,499.8241953193645,51.135702616394816,7.995243945797945,-3.073010607098974
73.10000000000012,5,499.0265504679864,51.08091257156081,8.009378515760428,-3.0730249576907083
73.10000000000012,6,498.22749469492055,51.026037131850515,8.015443472976713,-3.073032348999089
73.10000000000012,7,497.4278334455665,50.97112604925644,8.017964929595134,-3.073036804974029
73.10000000000012,8,496.6279203981898,50.916201257412,8.018756739418894,-3.0730401385141057
73.20000000000012,0,502.19469828476514,51.298763607286425,7.866353968916331,-3.0728986189489094
73.20000000000012,1,501.40991817337374,51.24476893711501,7.8309041616554005,-3.0728952512446543
73.20000000000012,2,500.62867486286734,51.19101496349835,7.804432943868129,-3.07292135601793
73.20000000000012,3,499.8500710320369,51.13746302252761,7.789188815803177,-3.0729676355115867
73.20000000000012,4,499.0729855483583,51.08405164576972,7.782538812296886,-3.0730136094854577
73.20000000000012,5,498.29656104712376,51.03072156412324,7.781403281408988,-3.073047715854239
73.20000000000012,6,497.5202480137673,50.977425740916345,7.783775341440437,-3.073067933097446
73.20000000000012,7,496.74369725349334,50.92412937085351,7.788930212846509,-3.0730764245190336
73.20000000000012,8,495.9666317627051,50.870804303182126,7.796592827853242,-3.0730765415167385
73.30000000000011,0,501.40991846232845,51.24476473741332,7.830904161655503,-3.072895251244619
73.30000000000011,1,500.62867515182256,51.1910107637967,7.809660094707923,-3.07293827352695
73.30000000000011,2,499.84954893145914,51.13743613637578,7.793180346061295,-3.072980597937344
73.30000000000011,3,499.07206454165583,51.08400746730946,7.783576350770506,-3.0730158830111987
73.30000000000011,4,498.2955364092463,51.030672041359196,7.779528135333401,-3.07303882114714
73.30000000000011,5,497.519410924268,50.97738215786552,7.7796612915976775,-3.073049841386686
73.30000000000011,6,496.74327156766407,50.92409991548466,7.783486418998069,-3.0730528357089835
73.30000000000011,7,495.96675043684587,50.87079380028068,7.7908776613662605,-3.073052136085787
73.30000000000011,8,495.18949195454843,50.81743652150348,7.7995836902930655,-3.0730503569990804
73.4000000000001,0,500.62867146217127,51.191064414928405,7.8096600947080015,-3.0729382735268573
73.4000000000001,1,499.8495452418158,51.13748978750795,7.826785714042311,-3.072971427475643
73.4000000000001,2,499.0687087142767,51.08382356533575,7.840537172368233,-3.0729999485828072
73.4000000000001,3,498.2864987443312,51.03008536248327,7.851699030520937,-3.073021902270459
73.4000000000001,4,497.5031740321023,50.9762878543024,7.860029021234985,-3.073036155173316
73.4000000000001,5,496.71901751089723,50.922444448002636,7.865963896286579,-3.0730439438507844
73.4000000000001,6,495.9342684766721,50.868566498297426,7.8709409477423655,-3.0730473261492275
73.4000000000001,7,495.1490227238168,50.814657114192755,7.876651951990568,-3.0730479280264555
73.4000000000001,8,494.3632071791778,50.7607090874336,7.882446296697272,-3.073047466503759
73.5000000000001,0,499.84954239994744,51.13753113239026,7.82678571404236,-3.072971427475631
73.5000000000001,1,499.06870587241247,51.0838649102183,7.874888442208692,-3.0729933857234464
73.5000000000001,2,498.28306920762924,51.02988611141444,7.912492219227223,-3.073011439313964
73.5000000000001,3,497.4936800305418,50.97566380702565,7.939298706465622,-3.0730250307898066
73.5000000000001,4,496.70161576692686,50.92126856988857,7.9561010473108045,-3.0730338330793208
73.5000000000001,5,495.9078747377186,50.86676520008611,7.965002629609711,-3.0730387456850723
73.5000000000001,6,495.11324537343745,50.81220475358347,7.969185515674345,-3.07304122698141
73.5000000000001,7,494.3181985676189,50.75761762696416,7.971950670557231,-3.073042411329731
73.5000000000001,8,493.5228758310958,50.70301250159528,7.973983656584097,-3.073043063311151
73.6000000000001,0,499.06870399087063,51.08389229346251,7.8748884422087775,-3.0729933857234535
73.6000000000001,1,498.28306732608695,51.02991349465866,7.816758162528229,-3.0729908492844027
73.6000000000001,2,497.5032301528937,50.97633117462256,7.7724822198342025,-3.073000162290004
73.6000000000001,3,496.72780966331175,50.92305957884634,7.7450948046382875,-3.073017729176032
73.6000000000001,4,495.9551205425799,50.869989266632956,7.731306509385169,-3.073035432165924
73.6000000000001,5,495.1838060729418,50.81702708802469,7.726943105184049,-3.073048528033206
73.6000000000001,6,494.4129262255599,50.76410489560989,7.728836618419215,-3.0730560466158137
73.6000000000001,7,493.64185707347826,50.711175531777734,7.735171222415096,-3.073058767967966
73.6000000000001,8,492.87015580397934,50.65820488676748,7.744720511622507,-3.0730580609594607
73.70000000000009,0,498.28306754341554,51.02991033156697,7.816758162528326,-3.07299084928437
73.70000000000009,1,497.50323037022247,50.97632801153089,7.777266634698896,-3.073007826994426
73.70000000000009,2,496.72733215569144,50.92302957101815,7.746801999318467,-3.073024037324112
73.70000000000009,3,495.95447238191116,50.86995243621664,7.728114968785644,-3.0730367578084863
73.70000000000009,4,495.18347624642894,50.81701314285389,7.719256073161989,-3.0730442625619663
73.70000000000009,5,494.4133635226988,50.764140314385884,7.717844949405921,-3.073047147337244
73.70000000000009,6,493.64339142743546,50.711279372566246,7.722342008427246,-3.0730472252961647
73.70000000000009,7,492.8729706781954,50.65838768962165,7.731656699009875,-3.0730462686016318
73.70000000000009,8,492.1016206979492,50.605431470771755,7.742745409074358,-3.073045165288487
73.80000000000008,0,497.50322891576894,50.97634918376936,7.777266634699019,-3.0730078269943766
73.80000000000008,1,496.72733070123894,50.923050743256674,7.780041603250994,-3.073019175918134
73.80000000000008,2,495.9511550372068,50.869742094342485,7.7831386533635945,-3.073029165822887
73.80000000000008,3,495.17466986332124,50.816419981529194,7.787852344603406,-3.073036953294153
73.80000000000008,4,494.39771401234833,50.76307162584004,7.79334275047332,-3.0730420074752782
73.80000000000008,5,493.6202101406858,50.70968958941069,7.799128647699206,-3.073044701806774
73.80000000000008,6,492.84212889428557,50.65627001774695,7.805703959646171,-3.0730457114509333
73.80000000000008,7,492.06339160690993,50.60280619520324,7.813913824383636,-3.0730455749445147
73.80000000000008,8,491.28383526838684,50.54928603419289,7.82245732366088,-3.07304503101745
73.90000000000008,0,496.727329729181,50.92306489606882,7.780041603251018,-3.0730191759181906
73.90000000000008,1,495.95115406515,50.86975624715477,7.817192589253437,-3.07302698844937
73.90000000000008,2,495.17127161545073,50.81619913347559,7.847021581793587,-3.0730333009912263
73.90000000000008,3,494.3884129360726,50.762442597367865,7.869626947537794,-3.073037856994663
73.90000000000008,4,493.6032987851226,50.70853477870138,7.88523949063108,-3.073040658811541
73.90000000000008,5,492.81662689585096,50.65452221649104,7.895130697911777,-3.073042127011902
73.90000000000008,6,492.02896812966685,50.60044305761788,7.901641078446887,-3.0730427758153773
73.90000000000008,7,491.2406598193846,50.54631981614546,7.907334404861372,-3.073042952012954
73.90000000000008,8,490.45178350406445,50.49215771654667,7.912371773725499,-3.073042952419851
74.00000000000007,0,495.9511533960742,50.86976598987174,7.817192589253489,-3.0730269884493806
74.00000000000007,1,495.17127094637505,50.81620887619253,7.881753708319465,-3.073031514732545
74.00000000000007,2,494.38494731031545,50.76221300079614,7.9323327092156335,-3.073035264079435
74.00000000000007,3,493.59357745342527,50.70787358874239,7.96806226415072,-3.0730381518363714
74.00000000000007,4,492.798642876782,50.65329171160379,7.990195472063537,-3.0730400550650683
74.00000000000007,5,492.0015000741353,50.598559737328635,8.00160973779288,-3.0730411147608745
74.00000000000007,6,491.2032184678278,50.5437504225042,8.006310909822304,-3.073041657576386
74.00000000000007,7,490.40446781873084,50.48890933923141,8.008377625407487,-3.073041966692926
74.00000000000007,8,489.60551096652813,50.434054346481716,8.009181447024488,-3.0730421840739224
74.10000000000007,0,495.1712705587645,50.81621452075359,7.881753708319562,-3.073031514732544
74.10000000000007,1,494.3849469227046,50.762218645357166,7.836918382630665,-3.073031144854232
74.10000000000007,2,493.6030963054862,50.70852963610091,7.802887371409154,-3.073033120939921
74.10000000000007,3,492.82464068844513,50.655075304134684,7.782230264503865,-3.073036715352891
74.10000000000007,4,492.0482457375294,50.60176527608919,7.772099699883286,-3.0730403087451865
74.10000000000007,5,491.27286127205775,50.54852743095057,7.76903385473494,-3.0730429751747756
74.10000000000007,6,490.49778252910045,50.49531265313451,7.770610909780179,-3.073044541182237
74.10000000000007,7,489.7225463676754,50.44208828714693,7.775703675238534,-3.0730451692632137
74.10000000000007,8,488.9468020922881,50.38882952577647,7.783658593139255,-3.073045124738358
74.20000000000006,0,494.3849469543742,50.76221818409499,7.836918382630766,-3.073031144854202
74.20000000000006,1,493.6030963371557,50.70852917483876,7.807936713273436,-3.0730345326884647
74.20000000000006,2,492.8241368966499,50.65504135162897,7.785332581491961,-3.0730378327919916
74.20000000000006,3,492.0474323831873,50.60171093993421,7.771484409720205,-3.0730405289149347
74.20000000000006,4,491.27210929049335,50.548477480153764,7.764863240903653,-3.073042227056081
74.20000000000006,5,490.4974466691962,50.495290689836594,7.763739748445609,-3.0730429904101033
74.20000000000006,6,489.7228960926796,50.44211218633396,7.767245550932489,-3.0730431458783416
74.20000000000006,7,488.9479957510187,50.38890978996272,7.774895404992331,-3.0730430404176436
74.20000000000006,8,488.17233222621104,50.33565491347589,7.784117397094904,-3.073042870065015
74.30000000000005,0,493.6030960470482,50.70853339968286,7.807936713273511,-3.073034532688448
74.30000000000005,1,492.8241366065426,50.65504557647304,7.818788319739241,-3.0730370254590023
74.30000000000005,2,492.04409442112046,50.6014853594208,7.827680575773487,-3.0730391838976527
74.30000000000005,3,491.26316498316504,50.54786591427749,7.835616775298987,-3.0730408494685726
74.30000000000005,4,490.48144369996936,50.49419340834875,7.842153360420881,-3.0730419284407873
74.30000000000005,5,489.69907023558665,50.44047697219654,7.847399935708169,-3.0730425120212734
74.30000000000005,6,488.91617331455944,50.386725055435335,7.85245005014625,-3.0730427535220874
74.30000000000005,7,488.1327725551892,50.33293873636653,7.85867677716151,-3.0730427734239862
74.30000000000005,8,487.3487505844705,50.27910978217139,7.865161112847974,-3.0730427107907996
74.40000000000005,0,492.82413639309704,50.65504868511726,7.818788319739293,-3.0730370254590342
74.40000000000005,1,492.04409420767485,50.60148846806498,7.861907514682046,-3.073038693070086
74.40000000000005,2,491.259750141721,50.547634184141785,7.895758758779061,-3.0730400558717044
74.40000000000005,3,490.4720288289769,50.49354909176811,7.92021971287433,-3.073041067363435
74.40000000000005,4,489.6818671113592,50.43929724375001,7.935891658124082,-3.073041711774804
74.40000000000005,5,488.8901418451195,50.384938556382544,7.944578592389913,-3.073042065179373
74.40000000000005,6,488.09754990651817,50.33052064599683,7.949152933315654,-3.0730422376645787
74.40000000000005,7,487.3045015987949,50.276071539577245,7.952635083174023,-3.0730423103721725
74.40000000000005,8,486.51110588996397,50.22159863925209,7.955488934734867,-3.073042343133505
74.50000000000004,0,492.044094064888,50.60149054768277,7.8619075146821205,-3.073038693070119
74.50000000000004,1,491.2597499989343,50.547636263759614,7.799922927154483,-3.0730384899453176
74.50000000000004,2,490.4815898430097,50.494206417911755,7.75285464380337,-3.0730391809237636
74.50000000000004,3,489.70812542277787,50.441099526507756,7.723875288413202,-3.073040496487514
74.50000000000004,4,488.9375520616096,50.38819215681757,7.709514284689894,-3.0730418253988354
74.50000000000004,5,488.16841135755357,50.335384179936014,7.705325323300305,-3.0730428078656438
74.50000000000004,6,487.3996885139264,50.28260565149148,7.70786342061134,-3.073043367913007
74.50000000000004,7,486.63071242710237,50.22981016871509,7.715067656143638,-3.073043562436403
74.50000000000004,8,485.8610175984197,50.17696548980962,7.72553148674128,-3.0730434946572878
74.60000000000004,0,491.2597500163221,50.54763601044954,7.79992292715457,-3.073038489945286
74.60000000000004,1,490.48158986039783,50.49420616460169,7.757557252190587,-3.0730397758995585
74.60000000000004,2,489.70765625229194,50.44106752090083,7.725126094100619,-3.0730409910909517
74.60000000000004,3,488.9369580781693,50.38815196457213,7.705485830830999,-3.073041927102788
74.60000000000004,4,488.16821926797314,50.33537165963588,7.696517379370176,-3.073042462826477
74.60000000000004,5,487.4003751682769,50.28265319729881,7.695594812009763,-3.073042652448673
74.60000000000004,6,486.63262309864336,50.229941199809566,7.700932459385353,-3.073042637932595
74.60000000000004,7,485.8643385186542,50.17719263024409,7.711227412717646,-3.07304255351353
74.60000000000004,8,485.09502686569687,50.124373479070655,7.723292575008604,-3.073042463311482
74.70000000000003,0,490.4815897502837,50.49420776826835,7.757557252190714,-3.0730397758995336
74.70000000000003,1,489.7076561421779,50.44106912456749,7.758301438561419,-3.0730405978283653
74.70000000000003,2,488.93364824655157,50.38792601942919,7.760135377026858,-3.0730413265421106
74.70000000000003,3,488.159457349094,50.3347709162737,7.764430947622967,-3.0730418975966467
74.70000000000003,4,487.38483787311594,50.28158683181934,7.770190686928309,-3.073042269127507
74.70000000000003,5,486.6096437562133,50.228363582841396,7.776713259620816,-3.073042466430932
74.70000000000003,6,485.8337989034606,50.17509580946395,7.784275564020211,-3.0730425373999464
74.70000000000003,7,485.05719959260006,50.121776292053525,7.79354037695758,-3.0730425207068857
74.70000000000003,8,484.2796759773071,50.06839330099229,7.803095398464682,-3.0730424733629764
74.80000000000003,0,489.7076560718052,50.4410701495658,7.7583014385614435,-3.07304059782838
74.80000000000003,1,488.9336481761791,50.38792704442747,7.794140352694898,-3.0730411714080326
74.80000000000003,2,488.1560647762611,50.33453889455253,7.823298907241041,-3.0730416326334593
74.80000000000003,3,487.3755723447382,50.28095137496489,7.845928491332513,-3.073041961568789
74.80000000000003,4,486.5928222521416,50.227209106211006,7.862114682390261,-3.07304216058395
74.80000000000003,5,485.80845733133805,50.173356122979214,7.872933042000688,-3.0730422623948543
74.80000000000003,6,485.0230131099531,50.11942911739412,7.880534126240682,-3.073042304884779
74.80000000000003,7,484.23681056308544,50.065450080284116,7.887326640118856,-3.073042312815333
74.80000000000003,8,483.4499303597288,50.01142452295417,7.893388192251675,-3.073042308395417
74.90000000000002,0,488.9336481270721,50.38792775971845,7.794140352694969,-3.073041171408076
74.90000000000002,1,488.15606472715416,50.3345396098435,7.857995301982421,-3.0730414988684203
74.90000000000002,2,487.37211081250325,50.2807143243019,7.908397044702763,-3.073041768229823
74.90000000000002,3,486.5831285468993,50.22654401205847,7.944510655147909,-3.0730419728296123
74.90000000000002,4,485.7905433910914,50.172126493826816,7.967456312853028,-3.0730421057189057
74.90000000000002,5,484.9956690514565,50.1175519103435,7.979938273236923,-3.07304217869141
74.90000000000002,6,484.19954944339395,50.06289188743082,7.9857974633631486,-3.073042215394711
74.90000000000002,7,483.40284529043805,50.00819176018289,7.988982116578545,-3.0730422353504236
74.90000000000002,8,482.6058234190354,49.95346983499658,7.990804334815863,-3.073042248833366
75.00000000000001,0,488.15606469911665,50.33454001820758,7.857995301982502,-3.0730414988684203
75.00000000000001,1,487.37211078446586,50.28071473266595,7.812958320482696,-3.0730414711514733
75.00000000000001,2,486.59264999156574,50.2271979174822,7.77915445698387,-3.0730416106328224
75.00000000000001,3,485.8165616380282,50.17391275857929,7.759168401988343,-3.0730418658531837
75.00000000000001,4,485.04246718229524,50.12076469645319,7.750031985601534,-3.0730421216464823
75.00000000000001,5,484.26928420876567,50.06767941391504,7.748131504438568,-3.0730423117038246
75.00000000000001,6,483.4962908269055,50.01460729598847,7.750903194283984,-3.0730424231535123
75.00000000000001,7,482.72302092111846,49.96151627909107,7.757111595850148,-3.073042467120783
75.00000000000001,8,481.9491316309728,49.90838277080738,7.766064191837325,-3.073042462357427
75.10000000000001,0,487.3721107868341,50.28071469810065,7.812958320482803,-3.0730414711514342
75.10000000000001,1,486.5926499939341,50.22719788291688,7.784189014631778,-3.0730417131040357
75.10000000000001,2,485.81605936163595,50.17387831819845,7.762137787569202,-3.0730419477078157
75.10000000000001,3,485.0416686604082,50.120709980026376,7.749183835661969,-3.0730421377122266
75.10000000000001,4,484.2685703018175,50.06763051946912,7.743689155743295,-3.0730422558172408
75.10000000000001,5,483.49602011443716,50.01458878697505,7.743792247999707,-3.0730423073838082
75.10000000000001,6,482.72345963930854,49.9615463881711,7.748503727887051,-3.0730423162443854
75.10000000000001,7,481.9504291222851,49.90847172414799,7.757249809306536,-3.073042307235772
75.10000000000001,8,481.17652605175067,49.85533714541488,7.767436926845186,-3.073042294120121
75.2,0,486.5926499732144,50.22719818464698,7.784189014631863,-3.073041713104007
75.2,1,485.8160593409163,50.1738786199285,7.795586802631335,-3.0730418876122645
75.2,2,485.0383315974936,50.12048111920103,7.8052885528743925,-3.073042039126358
75.2,3,484.2596359495804,50.06701728229141,7.814286654118362,-3.073042156095442
75.2,4,483.480042598642,50.01349190233144,7.822039794396138,-3.0730422317444703
75.2,5,482.69967575057603,49.95991347485877,7.828543531076225,-3.0730422724278297
75.2,6,481.91866005416716,49.90629053068034,7.834789365741275,-3.073042288857123
75.2,7,481.13702124034273,49.852624817433835,7.842079285183232,-3.073042289436878
75.2,8,480.3546551466944,49.798909171106246,7.849487068199265,-3.0730422841924985
75.3,0,485.8160593259798,50.17387883755203,7.795586802631354,-3.0730418876123005
75.3,1,485.03833158255736,50.120481336824575,7.839515438746214,-3.073042004747786
75.3,2,484.2562212866808,50.0667830293378,7.874372407296688,-3.0730421002415302
75.3,3,483.4706334755703,50.012846037187515,7.9000151245094115,-3.0730421706591073
75.3,4,482.68248741155395,49.958733455930776,7.9169578495226895,-3.0730422151661756
75.3,5,481.89265105190026,49.90450485757057,7.926907086366038,-3.073042239335355
75.3,6,481.1018221039887,49.850208129272474,7.932650245721269,-3.07304225090291
75.3,7,480.31042018838593,49.795872071360385,7.9371519758305356,-3.0730422554598453
75.3,8,479.5185691568272,49.74150518167886,7.940880820375804,-3.0730422572561173
75.39999999999999,0,485.0383315725315,50.12048148290042,7.839515438746283,-3.073042004747809
75.39999999999999,1,484.25622127665525,50.06678317541365,7.909245073498287,-3.073042074307476
75.39999999999999,2,483.4671543907651,50.012607295925406,7.96348902349003,-3.0730421326879105
75.39999999999999,3,482.6726758468109,49.95805990855955,8.00119265219961,-3.0730421788533686
75.39999999999999,4,481.87443579278215,49.90325430008344,8.023875713345696,-3.073042210103737
75.39999999999999,5,481.07393275840997,49.84829334491539,8.03480978179229,-3.073042227892515
75.39999999999999,6,480.2723388842566,49.79325750917195,8.038399315277626,-3.0730422372341257
75.39999999999999,7,479.47038689930025,49.73819709378223,8.03907194451182,-3.0730422429394344
75.39999999999999,8,478.66836780908386,49.683132075677214,8.038447082077017,-3.073042247200684
75.49999999999999,0,484.25622127069727,50.06678326215878,7.909245073498375,-3.0730420743074722
75.49999999999999,1,483.46715438480715,50.012607382670566,7.86818663444881,-3.0730420695911604
75.49999999999999,2,482.68218369979985,49.95871273707306,7.836652992041497,-3.073042101392305
75.49999999999999,3,481.90035897110994,49.90503411203876,7.817073054348,-3.0730421581863556
75.49999999999999,4,481.1204876344689,49.851489647753425,7.806848241871499,-3.073042214625163
75.49999999999999,5,480.341636374591,49.79801526413911,7.802871442830938,-3.0730422564259645
75.49999999999999,6,479.5631818583678,49.74456815285106,7.803073855458867,-3.073042281116871
75.49999999999999,7,478.78470714710204,49.69111967432412,7.806629548151641,-3.0730422914200153
75.49999999999999,8,478.0058777011259,49.63764684850109,7.813080384876141,-3.0730422915205446
75.59999999999998,0,483.4671543852056,50.01260737678846,7.8681866344489215,-3.073042069591122
75.59999999999998,1,482.6821837001982,49.95871273119096,7.868256598124273,-3.0730421274347552
75.59999999999998,2,481.8972060321382,49.904817651769875,7.869423476079655,-3.073042179726887
75.59999999999998,3,481.11211194752434,49.85091462065653,7.872700128364821,-3.073042220260583
75.59999999999998,4,480.3266909650718,49.79698917736023,7.876554954767008,-3.0730422452521733
75.59999999999998,5,479.54088540399897,49.74303734939147,7.8797131587620335,-3.0730422568595275
75.59999999999998,6,478.7547647636543,49.689063897881994,7.882070170058733,-3.0730422598757605
75.59999999999998,7,477.96840897559855,49.635074303989754,7.884672747003451,-3.073042258866135
75.59999999999998,8,477.18179354115955,49.5810668825054,7.888755156561799,-3.0730422570070877
75.69999999999997,0,482.68218369524647,49.95871280332578,7.868256598124334,-3.0730421274347672
75.69999999999997,1,481.89720602718626,49.904817723904706,7.901818289735866,-3.0730421660786273
75.69999999999997,2,481.10888007039813,49.85069278793101,7.929072048386194,-3.0730421989104775
75.69999999999997,3,480.3178351369562,49.79638119837123,7.949866208799702,-3.0730422238829003
75.69999999999997,4,479.5247156699595,49.74192719531662,7.963699653897659,-3.073042239788853
75.69999999999997,5,478.7302161065922,49.687378450290566,7.970989503501469,-3.0730422481078765
75.69999999999997,6,477.93498926994795,49.632779778788056,7.973415727604355,-3.073042251745107
75.69999999999997,7,477.1395203805319,49.57816449133717,7.9736886173336,-3.073042253217529
75.69999999999997,8,476.3440242661549,49.52354733585225,7.974463475315365,-3.073042253569362
75.79999999999997,0,481.89720602388144,49.90481777209648,7.901818289735925,-3.073042166078647
75.79999999999997,1,481.1088800670933,49.85069283612275,7.962126408210622,-3.0730421898597866
75.79999999999997,2,480.31453746151607,49.7961548276557,8.009671235316198,-3.073042210459527
75.79999999999997,3,479.5154515387758,49.74129116885533,8.043359710328577,-3.0730422272028095
75.79999999999997,4,478.71300467989505,49.68619676832664,8.063675282586036,-3.073042238699112
75.79999999999997,5,477.90853103459176,49.63096322197752,8.072586062766725,-3.0730422449430463
75.79999999999997,6,477.1031684037642,49.57566864471831,8.073382182298904,-3.073042247545634
75.79999999999997,7,476.297726347821,49.520368616396645,8.07024099256636,-3.073042248658884
75.79999999999997,8,475.4925976730311,49.46509010509392,8.066995509951333,-3.0730422494679335
75.89999999999996,0,481.1088800650604,49.8506928657797,7.962126408210694,-3.0730421898598124
75.89999999999996,1,480.3145374594829,49.79615485731267,7.886097060725392,-3.073042184135106
75.89999999999996,2,479.5277799322308,49.74213762095137,7.826468008201788,-3.0730421950156472
75.89999999999996,3,478.7469713047903,49.68852883297673,7.786866086350118,-3.0730422176977212
75.89999999999996,4,477.9701135671691,49.63519132304704,7.7638721609303705,-3.073042241007959
75.89999999999996,5,477.1955498203562,49.582011332112245,7.752928301190989,-3.0730422582588477
75.89999999999996,6,476.4220778882614,49.528906316388756,7.750394782989433,-3.0730422679912275
75.89999999999996,7,475.64885871243274,49.475818661959124,7.753927668712218,-3.0730422713284087
75.89999999999996,8,474.8752870776086,49.42270681100615,7.761652791779157,-3.0730422702795166
75.99999999999996,0,480.31453745996896,49.796154850173224,7.886097060725487,-3.073042184135077
75.99999999999996,1,479.52777993271707,49.742137613811906,7.857407040202705,-3.073042207732352
75.99999999999996,2,478.7438846679273,49.68831691339015,7.835881994915743,-3.073042228972499
75.99999999999996,3,477.96213685102055,49.63464366918083,7.823528666487221,-3.0730422446799643
75.99999999999996,4,477.1816214647377,49.58105505351509,7.818017244963432,-3.073042253347369
75.99999999999996,5,476.4016559256981,49.52750419604666,7.816727229763484,-3.073042256217879
75.99999999999996,6,475.6218190850439,49.473962176998356,7.8181208714607076,-3.0730422557101926
75.99999999999996,7,474.8418432075661,49.42041061156529,7.821890739773568,-3.073042254029713
75.99999999999996,8,474.0614912287604,49.36683322245856,7.828073828224411,-3.073042252480453
76.09999999999995,0,479.527779930691,49.74213764323861,7.857407040202839,-3.073042207732306
76.09999999999995,1,478.7438846659011,49.688316942816826,7.867718622699742,-3.073042222137861
76.09999999999995,2,477.9589606639271,49.63442562269269,7.877037426270877,-3.0730422343548884
76.09999999999995,3,477.17310696960755,49.580470481388105,7.886023881846433,-3.0730422433637132
76.09999999999995,4,476.38635673985704,49.52645379287683,7.893409404713976,-3.073042248818674
76.09999999999995,5,475.5988696921325,49.47238652024126,7.898372161242866,-3.073042251523286
76.09999999999995,6,474.81088753419084,49.41828525647794,7.901293638553589,-3.073042252652969
76.09999999999995,7,474.0226139146128,49.36416398244181,7.90368462733301,-3.0730422529911934
76.09999999999995,8,473.23410175769976,49.31002633118224,7.907200118753903,-3.073042252736652
76.19999999999995,0,478.74388466467104,49.68831696078182,7.867718622699779,-3.0730422221378957
76.19999999999995,1,477.95896066269734,49.634425640657724,7.909629010270874,-3.0730422309379635
76.19999999999995,2,477.1698554648184,49.58024725491945,7.943394593814207,-3.0730422383128335
76.19999999999995,3,476.37738163857193,49.525837591762155,7.968573608526944,-3.0730422438911322
76.19999999999995,4,475.5823958242436,49.47125546499795,7.984919133210421,-3.0730422474346657
76.19999999999995,5,474.7857792962606,49.41656137955077,7.993266729912215,-3.073042249250949
76.19999999999995,6,473.98832996907385,49.361810117243806,7.995738145123559,-3.0730422500033048
76.19999999999995,7,473.19063408077574,49.307041927151225,7.995456052393275,-3.073042250309494
76.19999999999995,8,472.39296633547997,49.25227566954577,7.9954292741738096,-3.073042250417644
76.29999999999994,0,477.9589606619473,49.63442565163237,7.909629010270928,-3.0730422309379817
76.29999999999994,1,477.16985546406835,49.580247265894094,7.97661311011715,-3.0730422361763443
76.29999999999994,2,476.37406758820794,49.52561006503025,8.029231802894493,-3.0730422407497455
76.29999999999994,3,475.57303020115955,49.470612446928556,8.066157245831656,-3.073042244545424
76.29999999999994,4,474.7683089421376,49.415361904645124,8.08811590669874,-3.073042247199789
76.29999999999994,5,473.96139697422325,49.35996095484951,8.097459649890446,-3.073042248639084
76.29999999999994,6,473.1535528264367,49.304496004630394,8.097877379841849,-3.0730422492096556
76.29999999999994,7,472.3456670037338,49.24902819355869,8.09391028792118,-3.073042249438425
76.29999999999994,8,471.5381769584755,49.19358755595365,8.089684626303288,-3.0730422496300998
76.39999999999993,0,477.1698554636215,49.580247272426845,7.976613110117233,-3.073042236176361
76.39999999999993,1,476.374067587761,49.52561007156301,7.905792645694614,-3.0730422350825304
76.39999999999993,2,475.58534512508345,49.47145796694301,7.849986713601142,-3.0730422375516184
76.39999999999993,3,474.80219014856624,49.41768811671494,7.812636105253464,-3.073042242531595
76.39999999999993,4,474.02276146023013,49.36417410986087,7.7905517829793105,-3.0730422476104686
76.39999999999993,5,473.24553601699546,49.31081137735232,7.779525289753279,-3.0730422513654916
76.39999999999993,6,472.4694106331353,49.25752417563149,7.776274387102507,-3.073042253502016
76.39999999999993,7,471.6936095759006,49.20425924318718,7.778773728476268,-3.0730422542697693
76.39999999999993,8,470.91755917149743,49.15097719166894,7.785388682110408,-3.073042254097204
76.49999999999993,0,476.37406758785085,49.525610070198525,7.9057926456947145,-3.0730422350825073
76.49999999999993,1,475.5853451251731,49.47145796557853,7.881034911563785,-3.073042240227826
76.49999999999993,2,474.79909262088063,49.41747544741898,7.862254356797758,-3.0730422448724064
76.49999999999993,3,474.01471376090166,49.36362157357602,7.851314292279369,-3.0730422483552493
76.49999999999993,4,473.231426337739,49.30984263832909,7.846100865290879,-3.0730422503381383
76.49999999999993,5,472.4486590327121,49.2560994149042,7.844309640444153,-3.073042251068804
76.49999999999993,6,471.66607042943326,49.20236846135519,7.844721113106792,-3.0730422510501585
76.49999999999993,7,470.8834407755297,49.148634689338536,7.847304588384967,-3.073042250747633
76.49999999999993,8,470.1005533808851,49.094883221124945,7.852289098560085,-3.0730422504483945
76.59999999999992,0,475.58534512472676,49.47145797199448,7.881034911563898,-3.0730422402277924
76.59999999999992,1,474.79909262043464,49.41747545383494,7.894177382720009,-3.073042243460238
76.59999999999992,2,474.01152895557124,49.36340291658115,7.905319161538669,-3.0730422461979163
76.59999999999992,3,473.22285372950205,49.30925406393989,7.915014204775394,-3.073042248227793
76.59999999999992,4,472.43321127603446,49.25503880502386,7.922194976408281,-3.0730422494699114
76.59999999999992,5,471.64285243185486,49.200774361152114,7.926323534218782,-3.0730422500934838
76.59999999999992,6,470.85208170151725,49.14648163850313,7.928062652528675,-3.073042250357741
76.59999999999992,7,470.06113746779414,49.09217700367181,7.92916142286853,-3.0730422504456953
76.59999999999992,8,469.2700836150958,49.037864842692784,7.931425178574139,-3.07304225041105
76.69999999999992,0,474.79909262016207,49.41747545786652,7.894177382720035,-3.0730422434602573
76.69999999999992,1,474.0115289552989,49.36340292061271,7.937977244824376,-3.0730422454312794
76.69999999999992,2,473.2195955912139,49.30903037016709,7.97278671781372,-3.073042247097286
76.69999999999992,3,472.42418945529806,49.25441938753044,7.998089331670918,-3.0730422483809967
76.69999999999992,4,471.6262590006476,49.199635091284804,8.013823913253226,-3.0730422492135823
76.69999999999992,5,470.82675878331014,49.14474301896679,8.021079253434785,-3.0730422496479903
76.69999999999992,6,470.0265347359625,49.08980125028957,8.022223868565842,-3.0730422498297623
76.69999999999992,7,469.22619649592315,49.034851641518614,8.020583688563235,-3.073042249906263
76.69999999999992,8,468.4260218886571,48.97991326750524,8.019281559572642,-3.0730422499422367
76.79999999999991,0,474.0115289551335,49.36340292307104,7.937977244824454,-3.073042245431304
76.79999999999991,1,473.21959559104835,49.309030372625436,8.006054483641412,-3.0730422466298633
76.79999999999991,2,472.4208704920397,49.254191516295045,8.05906621213187,-3.0730422476819967
76.79999999999991,3,471.61685667077217,49.198989547797964,8.095636927441305,-3.0730422485680196
76.79999999999991,4,470.8091943671392,49.1435370825741,8.116663465944939,-3.0730422491969644
76.79999999999991,5,469.9994343480378,49.087940592947625,8.124721970842593,-3.0730422495421723
76.79999999999991,6,469.18887037109556,49.03228890547851,8.123716128809562,-3.07304224967989
76.79999999999991,7,468.3784067421107,48.97664410780987,8.118358654597333,-3.0730422497353915
76.79999999999991,8,467.56847760225605,48.92103600713174,8.112858456089011,-3.0730422497846743
76.8999999999999,0,473.21959559094677,49.30903037412017,8.006054483641513,-3.0730422466298783
76.8999999999999,1,472.4208704919381,49.2541915177898,7.935661483093278,-3.0730422463923315
76.8999999999999,2,471.6291681600803,49.199834830316235,7.879712387993688,-3.0730422469710126
76.8999999999999,3,470.84304759716514,49.145861376312624,7.841623102897237,-3.0730422481218924
76.8999999999999,4,470.060727016823,49.09214882236101,7.818359756821835,-3.073042249290653
76.8999999999999,5,469.28072730725916,49.03859561563429,7.805911071157405,-3.0730422501535317
76.8999999999999,6,468.5019695424436,48.98512767900401,7.801180164878804,-3.0730422506460684
76.8999999999999,7,467.723683757101,48.93169214791707,7.802284677288034,-3.0730422508273123
76.8999999999999,8,466.94528777991997,48.87824905142264,7.807645788773341,-3.0730422507954476
76.9999999999999,0,472.42087049195413,49.25419151749311,7.935661483093364,-3.0730422463922937
76.9999999999999,1,471.62916816009647,49.19983483001955,7.910782403262517,-3.0730422475772206
76.9999999999999,2,470.8399478929094,49.14564855704651,7.891424283300243,-3.0730422486481226
76.9999999999999,3,470.0526588910983,49.09159488170904,7.879444483699529,-3.073042249457256
76.9999999999999,4,469.26656505555655,49.03762326471674,7.872869500022979,-3.0730422499256926
76.9999999999999,5,468.4811271741183,48.98369668457957,7.8695669070899426,-3.073042250107536
76.9999999999999,6,467.6960187762968,48.929792726266186,7.868475682426059,-3.0730422501153494
76.9999999999999,7,466.9110192446497,48.875896242490825,7.869682630197056,-3.073042250054337
76.9999999999999,8,466.1258993017,48.821991491470236,7.873449857641541,-3.0730422499911247
77.0999999999999,0,471.6291681599905,49.19983483149677,7.910782403262627,-3.0730422475772032
77.0999999999999,1,470.83994789280365,49.14564855852376,7.923358514001953,-3.0730422483324853
77.0999999999999,2,470.04947296820154,49.09137614390106,7.933578050742735,-3.0730422489721967
77.0999999999999,3,469.25797849011116,49.037033729300134,7.9420045342493815,-3.073042249448825
77.0999999999999,4,468.4656433427381,48.982633596421095,7.947696503578881,-3.0730422497428136
77.0999999999999,5,467.67274033526525,48.928194475647366,7.950264827550444,-3.0730422498918433
77.0999999999999,6,466.8795810985991,48.87373776281294,7.950506385936846,-3.0730422499557744
77.0999999999999,7,466.08639776282433,48.81927939543326,7.95026516747366,-3.0730422499783465
77.0999999999999,8,465.2932384922411,48.76482268033909,7.951360544626443,-3.0730422499733825
77.19999999999989,0,470.8399478927431,49.14564855946617,7.923358514001994,-3.073042248332505
77.19999999999989,1,470.049472968141,49.09137614484343,7.966238520413154,-3.0730422487938327
77.19999999999989,2,469.254720113924,49.03681001656662,7.999859559361328,-3.0730422491856504
77.19999999999989,3,468.4566130522266,48.98201359548244,8.023727208637911,-3.073042249490803
77.19999999999989,4,467.65612483128217,48.927053689052556,8.037892765299475,-3.073042249691012
77.19999999999989,5,466.8542233816664,48.871996753354296,8.043572600192782,-3.0730422497965124
77.19999999999989,6,466.0517552825548,48.81690091272995,8.043247376257245,-3.073042249840971
77.19999999999989,7,465.24931962945044,48.76180729981885,8.040318023338349,-3.073042249860037
77.19999999999989,8,464.4471762236317,48.70673375203205,8.037905704272134,-3.0730422498700904
77.29999999999988,0,470.049472968105,49.09137614541906,7.966238520413222,-3.0730422487938585
77.29999999999988,1,469.2547201138879,49.036810017142244,8.033122492825775,-3.0730422490779308
77.29999999999988,2,468.4532945711789,48.98178575575837,8.084747693090979,-3.0730422493279783
77.29999999999988,3,467.64671863342886,48.92640787884139,8.119770485792145,-3.0730422495402046
77.29999999999988,4,466.83664864205656,48.87079010742336,8.13918733069919,-3.073042249692037
77.29999999999988,5,466.0246415265399,48.81503933709331,8.145682656330965,-3.0730422497759124
77.29999999999988,6,465.2119864039861,48.75924407597593,8.143252651185978,-3.073042249809548
77.29999999999988,7,464.3995737112193,48.703465459626045,8.136667647861824,-3.073042249823215
77.29999999999988,8,463.5878179721916,48.647731948405564,8.130122093853434,-3.073042249835677
77.39999999999988,0,469.2547201138639,49.036810017496535,8.033122492825859,-3.0730422490779405
77.39999999999988,1,468.4532945711548,48.981785756112686,7.961332329067449,-3.0730422490225457
77.39999999999988,2,467.6590311837629,48.927253233823535,7.9038571802966935,-3.0730422491615155
77.39999999999988,3,466.87050181228784,48.87311439761278,7.864152314238081,-3.0730422494363334
77.39999999999988,4,466.08593360208465,48.81924752696209,7.839271455750325,-3.07304224971479
77.39999999999988,5,465.3038476340501,48.76555108227022,7.8252941970563565,-3.0730422499201326
77.39999999999988,6,464.52315610909255,48.711950377387765,7.819198707424868,-3.073042250037446
77.39999999999988,7,463.74307270146915,48.658391424706416,7.81914518335953,-3.0730422500810413
77.39999999999988,8,462.9629946336788,48.60483283868141,7.823530167148173,-3.0730422500743004
77.49999999999987,0,468.4532945711555,48.981785756043195,7.961332329067545,-3.0730422490225107
77.49999999999987,1,467.6590311837637,48.927253233754016,7.93491200237861,-3.073042249305103
77.49999999999987,2,466.86740362379146,48.87290168228421,7.913938191555407,-3.0730422495604874
77.49999999999987,3,466.0778685188548,48.81869379475906,7.900313105721669,-3.07304224975402
77.49999999999987,4,465.28969272242284,48.764579234766835,7.892139664919567,-3.0730422498668677
77.49999999999987,5,464.5023323504026,48.71052066025885,7.887360705130313,-3.073042249911639
77.49999999999987,6,463.7154487519441,48.65649482009705,7.884974862988338,-3.0730422499148107
77.49999999999987,7,462.92880317734665,48.602485322175795,7.8850985663833795,-3.0730422499012295
77.49999999999987,8,462.14214526146407,48.54847497691604,7.887961383493586,-3.0730422498868464
77.59999999999987,0,467.6590311837354,48.92725323410603,7.934912002378707,-3.0730422493050678
77.59999999999987,1,466.86740362376344,48.87290168263622,7.945853755900081,-3.073042249486172
77.59999999999987,2,466.0746844582742,48.81847518387775,7.954409999817936,-3.0730422496395775
77.59999999999987,3,465.28111167795447,48.76399007776932,7.96119286571257,-3.0730422497541987
77.59999999999987,4,464.48686220410303,48.70945851133969,7.96532701857889,-3.073042249825199
77.59999999999987,5,463.6922002859327,48.65489862737191,7.966484693811961,-3.073042249861382
77.59999999999987,6,462.8974228721355,48.6003308137363,7.96550895884921,-3.073042249877033
77.59999999999987,7,462.10274280266674,48.545769683578385,7.9642624282026375,-3.073042249882723
77.59999999999987,8,461.3081870934946,48.49121709175208,7.964526012565241,-3.0730422498819046
77.69999999999986,0,466.8674036237523,48.87290168286247,7.945853755900101,-3.0730422494862104
77.69999999999986,1,466.07468445826294,48.81847518410402,7.9870492681427,-3.073042249596987
77.69999999999986,2,465.2778554169642,48.763766509652,8.01899439176698,-3.07304224969128
77.69999999999986,3,464.4778393661185,48.70883902162972,8.041245615089142,-3.073042249765098
77.69999999999986,4,463.67560341898974,48.65375912006679,8.053910935203415,-3.073042249813785
77.69999999999986,5,462.87210391449884,48.59859246524397,8.058255810004264,-3.073042249839574
77.69999999999986,6,462.06817094298907,48.543396049471056,8.056795393720009,-3.0730422498504835
77.69999999999986,7,461.26438367010536,48.48820963708068,8.052939993074975,-3.0730422498552112
77.69999999999986,8,460.4609810317836,48.43304963292702,8.04976809049023,-3.073042249857825
77.79999999999986,0,466.0746844582563,48.818475184242516,7.987049268142763,-3.0730422495970022
77.79999999999986,1,465.2778554169579,48.76376650979047,8.052234392745728,-3.0730422496656433
77.79999999999986,2,464.47452317295824,48.708611338615974,8.10219973902444,-3.0730422497261283
77.79999999999986,3,463.6662061294833,48.653113921215265,8.135653654686827,-3.0730422497776457
77.79999999999986,4,462.85455155162316,48.59738735547926,8.153640732421321,-3.0730422498146313
77.79999999999986,5,462.04110249053866,48.54153758417585,8.15888371648312,-3.0730422498351158
77.79999999999986,6,461.2271303624448,48.48565190016366,8.155403219639503,-3.0730422498433536
77.79999999999986,7,460.41350546658526,48.42979005642282,8.147971272169976,-3.0730422498467207
77.79999999999986,8,459.6006220199613,48.373979119093235,8.140736876522187,-3.0730422498498333
77.89999999999985,0,465.2778554169522,48.76376650987608,8.052234392745811,-3.073042249665644
77.89999999999985,1,464.4745231729524,48.70861133870157,7.978760393196051,-3.073042249652225
77.89999999999985,2,463.67852107237155,48.65395944037509,7.919664557962351,-3.073042249686009
77.89999999999985,3,462.88841467571524,48.599712329212565,7.878454194341855,-3.073042249752736
77.89999999999985,4,462.1024196365086,48.545747495610634,7.852223426989004,-3.0730422498202827
77.89999999999985,5,461.31904151332077,48.49196233423591,7.837080790058262,-3.073042249870051
77.89999999999985,6,460.53717409733423,48.43828089500872,7.83002029515317,-3.07304224989847
77.89999999999985,7,459.7560110725672,48.38464781788369,7.829197556238913,-3.073042249909059
77.89999999999985,8,458.97493012845774,48.33102037625933,7.832962133445666,-3.073042249907493
77.99999999999984,0,464.4745231729493,48.708611338684435,7.978760393196129,-3.073042249652188
77.99999999999984,1,463.6785210723683,48.653959440357944,7.950694920651713,-3.0730422497207854
77.99999999999984,2,462.88531892741577,48.59949978139076,7.928157791764888,-3.0730422497827687
77.99999999999984,3,462.09436520214496,48.54519449443198,7.91310248329179,-3.073042249829766
77.99999999999984,4,461.30491347174063,48.490992331447615,7.903665382652618,-3.073042249857224
77.99999999999984,5,460.51640323494564,48.43685480953659,7.897810179340201,-3.0730422498681875
77.99999999999984,6,459.72847714329384,48.38275739386114,7.894544114649355,-3.073042249869058
77.99999999999984,7,458.9408768910234,48.32868234966095,7.8939739916712135,-3.0730422498658423
77.99999999999984,8,458.15333351714855,48.27461121061407,7.896281883104559,-3.073042249862409
78.09999999999984,0,463.67852107235876,48.65395944044313,7.950694920651833,-3.0730422497207637
78.09999999999984,1,462.8853189274059,48.59949978147594,7.960048892224062,-3.073042249764776
78.09999999999984,2,462.09118358222264,48.544976050898796,7.9671131066602445,-3.0730422498020573
78.09999999999984,3,461.2963434747364,48.490403932793654,7.972549528769293,-3.073042249829947
78.09999999999984,4,460.50096100186795,48.43579457699791,7.9755101195160005,-3.0730422498472505
78.09999999999984,5,459.70528316526594,48.381164942138014,7.975681053263794,-3.0730422498560865
78.09999999999984,6,458.90958827543517,48.326534136444856,7.9739079728857805,-3.0730422498599306
78.09999999999984,7,458.1140702772057,48.27191547577523,7.972039913214926,-3.073042249861347
78.09999999999984,8,457.3187386461997,48.21730961070427,7.971810617931257,-3.0730422498611842
78.19999999999983,0,462.8853189274063,48.59949978153131,7.960048892224104,-3.073042249764799
78.19999999999983,1,462.09118358222315,48.54497605095416,7.999728291940752,-3.0730422497917442
78.19999999999983,2,461.29308961640436,48.49018052949259,8.030262890090338,-3.0730422498147036
78.19999999999983,3,460.4919493623053,48.43517585604235,8.051257056882662,-3.073042249832706
78.19999999999983,4,459.6887146223397,48.380027379432946,8.062840630696591,-3.0730422498445966
78.19999999999983,5,458.88432424557897,48.32479955914242,8.066287158471862,-3.0730422498509045
78.19999999999983,6,458.0795900255117,48.269548131269346,8.06410941950785,-3.073042249853585
78.19999999999983,7,457.2750730678641,48.214311620197805,8.059701133633881,-3.0730422498547583
78.19999999999983,8,456.47099590344783,48.159105304443145,8.056094625070163,-3.0730422498554084
78.29999999999983,0,462.09118358222366,48.54497605098811,7.999728291940824,-3.0730422497917607
78.29999999999983,1,461.293089616405,48.49018052952651,8.063479496676477,-3.073042249808493
78.29999999999983,2,460.48863550309585,48.43494833318398,8.112122859394635,-3.07304224982325
78.29999999999983,3,459.6793284781811,48.379382945733894,8.144412268069217,-3.073042249835842
78.29999999999983,4,458.86680009607903,48.32359638640913,8.161409371381414,-3.0730422498448786
78.29999999999983,5,458.0525759956854,48.26769340249524,8.165840111623272,-3.0730422498498875
78.29999999999983,6,457.2379098618966,48.211760069464376,8.16171873264105,-3.073042249851899
78.29999999999983,7,456.4236548980349,48.15585496653277,8.153798489596346,-3.0730422498527235
78.29999999999983,8,455.61019009828266,48.10000411467527,8.146183773730744,-3.0730422498534953
78.39999999999982,0,461.29308961640396,48.490180529547416,8.063479496676575,-3.0730422498085126
78.39999999999982,1,460.4886355030943,48.43494833320487,7.988661047666501,-3.0730422498052055
78.39999999999982,2,459.69164566238385,48.38022861875631,7.9283361104735475,-3.0730422498134615
78.39999999999982,3,458.9006741471219,48.32592211039699,7.886054910002739,-3.0730422498297676
78.39999999999982,4,458.1139208214937,48.271905214440125,7.858924461939016,-3.073042249846276
78.39999999999982,5,457.3298741686543,48.218074153188844,7.8430524652277,-3.07304224985844
78.39999999999982,6,456.5474109876943,48.16435180993149,7.835423410152998,-3.0730422498653844
78.39999999999982,7,455.7657089204366,48.11068172321073,7.834172648676943,-3.0730422498679686
78.39999999999982,8,454.98413163556495,48.057020203798835,7.837607090672131,-3.0730422498675836
78.49999999999982,0,460.4886355030907,48.434948333200296,7.988661047666574,-3.073042249805176
78.49999999999982,1,459.6916456623804,48.380228618751765,7.959345116477007,-3.0730422498219525
78.49999999999982,2,458.8975805294754,48.32570970885363,7.935673841422515,-3.0730422498370977
78.49999999999982,3,458.1058769644999,48.271352939456776,7.9196408065728665,-3.073042249848586
78.49999999999982,4,457.3157729373956,48.21710599111202,7.909391696041686,-3.073042249855296
78.49999999999982,5,456.52669141417744,48.16292924582634,7.902886092774288,-3.0730422498579704
78.49999999999982,6,455.73825892334185,48.10879706179661,7.89911929924433,-3.073042249858173
78.49999999999982,7,454.9502022271675,48.05469067907027,7.898176964156893,-3.0730422498573855
78.49999999999982,8,454.16223954317974,48.00059075103036,7.900200777183617,-3.073042249856553
78.59999999999981,0,459.6916456623749,48.38022861877229,7.959345116477113,-3.0730422498219307
78.59999999999981,1,458.8975805294701,48.32570970887414,7.967544824145776,-3.0730422498326853
78.59999999999981,2,458.10269735162973,48.271134633669845,7.973570044893431,-3.0730422498417918
78.59999999999981,3,457.3072130668328,48.21651828768198,7.978119931916833,-3.073042249848604
78.59999999999981,4,456.51127486194656,48.16187077646208,7.980352669716751,-3.0730422498528287
78.59999999999981,5,455.7151139076739,48.10720797172215,7.979947726644511,-3.0730422498549945
78.59999999999981,6,454.91899335260086,48.05254794071146,7.9777370257076,-3.0730422498559338
78.59999999999981,7,454.1230933484034,47.997903052279604,7.975548053127303,-3.073042249856286
78.59999999999981,8,453.32741172734893,47.943273157594035,7.975076650572873,-3.073042249856253
78.6999999999998,0,458.89758052947406,48.32570970888807,7.967544824145836,-3.0730422498327172
78.6999999999998,1,458.1026973516334,48.271134633683744,8.00616643756586,-3.073042249839303
78.6999999999998,2,457.3039610833502,48.21629501306904,8.035755859161949,-3.073042249844912
78.6999999999998,3,456.5022728224534,48.16125271460208,8.055951686018934,-3.0730422498493106
78.6999999999998,4,455.6985697221815,48.106072081332414,8.066887379616881,-3.0730422498522216
78.6999999999998,5,454.8937756209713,48.050816542141945,8.069827769413624,-3.0730422498537613
78.6999999999998,6,454.0886881713785,47.99554086224465,8.067270680088955,-3.07304224985442
78.6999999999998,7,453.283855830145,47.940282697573146,8.062588300504284,-3.073042249854697
78.6999999999998,8,452.47949062713906,47.88505660566994,8.058777668987304,-3.0730422498548604
78.7999999999998,0,458.10269735163587,48.271134633692256,8.006166437565938,-3.0730422498393217
78.7999999999998,1,457.30396108335265,48.21629501307756,8.068955047619362,-3.0730422498434056
78.7999999999998,2,456.49896070096753,48.16102531103067,8.116744488955803,-3.0730422498470156
78.7999999999998,3,455.68919259855824,48.10542826694946,8.148319926777125,-3.073042249850091
78.7999999999998,4,454.8762743683606,48.04961494145266,8.164744458262604,-3.073042249852298
78.7999999999998,5,454.06171754257645,47.9936891132908,8.16873380719936,-3.07304224985353
78.7999999999998,6,453.24676271886045,47.937735959395035,8.164286492337302,-3.073042249854019
78.7999999999998,7,452.4322515821082,47.88181326815135,8.156134590641614,-3.073042249854215
78.7999999999998,8,451.6185537209218,47.82594641476724,8.148349892481757,-3.0730422498544074
78.89999999999979,0,457.30396108335214,48.2162950130827,8.068955047619426,-3.073042249843397
78.89999999999979,1,456.498960700967,48.16102531103578,7.99326665216485,-3.0730422498425822
78.89999999999979,2,455.70151138150425,48.10627404973309,7.932175528170606,-3.0730422498446077
78.89999999999979,3,454.91015682621907,48.051941242643366,7.889260284144957,-3.0730422498486103
78.89999999999979,4,454.12308371600875,47.99790239093719,7.861627590621497,-3.0730422498526604
78.89999999999979,5,453.33876738517347,47.94405281414387,7.8453738662903625,-3.0730422498556393
78.89999999999979,6,452.5560726093253,47.89031457004657,7.837467496055442,-3.0730422498573353
78.89999999999979,7,451.77416661356364,47.836630481999876,7.836023273819811,-3.073042249857961
78.89999999999979,8,450.9924047008271,47.782956286403426,7.839318207514172,-3.0730422498578633
78.99999999999979,0,456.498960700963,48.161025311034294,7.99326665216495,-3.0730422498425716
78.99999999999979,1,455.70151138150027,48.10627404973165,7.963169895418304,-3.073042249846683
78.99999999999979,2,454.9070646690102,48.0517289413688,7.9388159222280335,-3.073042249850393
78.99999999999979,3,454.1150476339209,47.99735064975703,7.92222389774359,-3.0730422498532013
78.99999999999979,4,453.3246859043793,47.94308600808653,7.911537705697276,-3.0730422498548404
78.99999999999979,5,452.53539028422,47.88889456333645,7.904704961437623,-3.0730422498554963
78.99999999999979,6,451.74677633370845,47.83474992064955,7.900704805503504,-3.073042249855547
78.99999999999979,7,450.95856145928957,47.78063267772202,7.899603156660755,-3.07304224985535
78.99999999999979,8,450.1704564910154,47.72652298072849,7.901514470477474,-3.0730422498551446
79.09999999999978,0,455.70151138149606,48.10627404973645,7.963169895418398,-3.073042249846643
79.09999999999978,1,454.9070646690062,48.05172894137359,7.970673625209745,-3.0730422498492738
79.09999999999978,2,454.11186934590694,47.997132434918804,7.976094866639862,-3.073042249851511
79.09999999999978,3,453.3161331719294,47.9424987947358,7.980155669696959,-3.0730422498531844
79.09999999999978,4,452.5199918713902,47.88783733938181,7.9820112617337955,-3.07304224985422
79.09999999999978,5,451.72366544746234,47.83316317383031,7.981328771864937,-3.073042249854752
79.09999999999978,6,450.9274071122279,47.77849368311153,7.978924169126055,-3.0730422498549865
79.09999999999978,7,450.13138867250797,47.72384066313496,7.9766061942731445,-3.073042249855067
79.09999999999978,8,449.3356014858602,47.66920352052777,7.976046055460228,-3.073042249855057
79.19999999999978,0,454.9070646690102,48.05172894137735,7.9706736252098045,-3.0730422498493093
79.19999999999978,1,454.1118693459109,47.99713243492258,8.008679294999427,-3.0730422498509236
79.19999999999978,2,453.3128823820684,47.94227560206593,8.03773833455358,-3.0730422498522962
79.19999999999978,3,452.510996339248,47.88721972429709,8.057509691934149,-3.0730422498533763
79.19999999999978,4,451.7071378043068,47.832028419199936,8.068122975940245,-3.0730422498540833
79.19999999999978,5,450.90222043366356,47.776764416580406,8.070830568085197,-3.0730422498544647
79.19999999999978,6,450.0970329397267,47.72148186784089,8.06811475918053,-3.073042249854627
79.19999999999978,7,449.2921163888298,47.66621792150393,8.063330088950064,-3.073042249854695
79.19999999999978,8,448.4876771811997,47.61098674859263,8.059451467155963,-3.0730422498547343
79.29999999999977,0,454.1118693459137,47.997132434924865,8.008679294999514,-3.073042249850948
79.29999999999977,1,453.3128823820712,47.94227560206822,8.070926817958446,-3.073042249851949
79.29999999999977,2,452.50768528575304,47.88699239404653,8.118254147079245,-3.073042249852832
79.29999999999977,3,451.69776657209854,47.831385009305826,8.149464405504784,-3.0730422498535805
79.29999999999977,4,450.88473416282676,47.775563844507026,8.165616169010988,-3.073042249854124
79.29999999999977,5,450.0700903707029,47.71963204541328,8.169412820559433,-3.0730422498544243
79.29999999999977,6,449.2550678051281,47.66367424049885,8.16483793128878,-3.0730422498545398
79.29999999999977,7,448.4405016539947,47.607747772079165,8.156607099211104,-3.07304224985459
79.29999999999977,8,447.62675665292744,47.55187768216629,8.14877237382662,-3.073042249854637
79.39999999999976,0,453.3128823820712,47.94227560206947,8.070926817958512,-3.0730422498519516
79.39999999999976,1,452.50768528575315,47.886992394047766,7.994766798963491,-3.073042249851757
79.39999999999976,2,451.7100863039433,47.83223085723769,7.933276421182483,-3.0730422498522474
79.39999999999976,3,450.9186219179187,47.77789050939708,7.890050020055246,-3.073042249853218
79.39999999999976,4,450.1314700195992,47.723846248261935,7.862189271202304,-3.0730422498542085
79.39999999999976,5,449.3470976526252,47.669992824141595,7.845778533681794,-3.0730422498549386
79.39999999999976,6,448.56436250508074,47.61625180820454,7.837771957135865,-3.0730422498553516
79.39999999999976,7,447.78242613471895,47.562565634697464,7.83626906845229,-3.0730422498555097
79.39999999999976,8,447.00063970024803,47.50888975548632,7.839529389376122,-3.073042249855484
79.49999999999976,0,452.507685285749,47.88699239404715,7.994766798963569,-3.0730422498517127
79.49999999999976,1,451.71008630393936,47.83223085723702,7.964262398705003,-3.07304224985272
79.49999999999976,2,450.915530597712,47.77767826558888,7.93956663544783,-3.0730422498536285
79.49999999999976,3,450.12343866761756,47.72329483183974,7.922712337274136,-3.0730422498543204
79.49999999999976,4,449.33302820884074,47.66902684451915,7.911838085906878,-3.0730422498547254
79.49999999999976,5,448.54370262120955,47.614833342262855,7.904879855593698,-3.07304224985489
79.49999999999976,6,447.7550712223587,47.56068750160772,7.9008033554484065,-3.073042249854903
79.49999999999976,7,446.9668465160918,47.506569583644804,7.899660464112874,-3.073042249854855
79.49999999999976,8,446.1787358305318,47.45245949411357,7.901550261897695,-3.0730422498548013
79.59999999999975,0,451.7100863039358,47.832230857237874,7.96426239870511,-3.0730422498527004
79.59999999999975,1,450.91553059770837,47.77767826558977,7.971416993938456,-3.0730422498533496
79.59999999999975,2,450.1202611123279,47.72307666730568,7.9765486126915555,-3.073042249853893
79.59999999999975,3,449.32447967031453,47.668439919112586,7.980391072331154,-3.073042249854294
79.59999999999975,4,448.5283148848001,47.61377685132844,7.982094131449431,-3.0730422498545478
79.59999999999975,5,447.731980193364,47.55910211814677,7.981313801853823,-3.0730422498546783
79.59999999999975,6,446.9357233516146,47.50443272996763,7.978853486859916,-3.073042249854737
79.59999999999975,7,446.1397119635206,47.449780194141226,7.976509106885504,-3.0730422498547583
79.59999999999975,8,445.3439344628093,47.395143716550635,7.975938455510571,-3.0730422498547565
79.69999999999975,0,450.9155305977125,47.777678265591035,7.971416993938495,-3.073042249853379
79.69999999999975,1,450.1202611123321,47.72307666730697,8.009126663177838,-3.073042249853766
79.69999999999975,2,449.32122951674336,47.66821677012693,8.037943114472352,-3.0730422498541055
79.69999999999975,3,448.5193230440266,47.61315948968407,8.057535334673432,-3.0730422498543692
79.69999999999975,4,447.7154619508341,47.55796800894338,8.068027413978916,-3.0730422498545407
79.69999999999975,5,446.9105541139427,47.50270466089236,8.070661217876543,-3.0730422498546335
79.69999999999975,6,446.1053835152522,47.44742327214651,8.067907373938866,-3.0730422498546783
79.69999999999975,7,445.3004876541716,47.39216074633063,8.063108796379343,-3.0730422498547005
79.69999999999975,8,444.4960705238243,47.33693108920103,8.05922878790205,-3.0730422498547054
79.79999999999974,0,450.12026111233513,47.72307666730778,8.009126663177913,-3.073042249853784
79.79999999999974,1,449.32122951674603,47.66821677012773,8.07112610740843,-3.0730422498540286
79.79999999999974,2,448.5160125382893,47.61293219704015,8.118252963419323,-3.073042249854247
79.79999999999974,3,447.70609394272293,47.5573248204083,8.14931882769016,-3.073042249854435
79.79999999999974,4,446.8930760570413,47.5015046527706,8.165376803543893,-3.0730422498545673
79.79999999999974,5,446.0784561452451,47.44557449325232,8.16912041284981,-3.0730422498546384
79.79999999999974,6,445.26346275176445,47.38961869123521,8.164522481752941,-3.0730422498546637
79.79999999999974,7,444.44892807149625,47.33369438354174,8.156288138479148,-3.073042249854675
79.79999999999974,8,443.6352148915893,47.277826478405586,8.148459479846125,-3.0730422498546903
79.89999999999974,0,449.32122951674614,47.668216770128026,8.07112610740852,-3.0730422498540353
79.89999999999974,1,448.5160125382894,47.61293219704051,7.994760933784819,-3.0730422498539838
79.89999999999974,2,447.7184141416198,47.55817070040669,7.9331075301226095,-3.0730422498541023
79.89999999999974,3,446.92696660503447,47.50383150941605,7.889767297199291,-3.0730422498543466
79.89999999999974,4,446.13984291259857,47.44978918484087,7.861836561774084,-3.073042249854594
79.89999999999974,5,445.3555057337278,47.39593817666503,7.845390510143664,-3.0730422498547747
79.89999999999974,6,444.57280929740347,47.34219981856211,7.837373463607193,-3.0730422498548693
79.89999999999974,7,443.7909126828019,47.288516374605,7.83587558498197,-3.073042249854907
79.89999999999974,8,443.0091655042624,47.23484319062639,7.839147946994522,-3.0730422498548995
79.99999999999973,0,448.5160125382853,47.61293219704005,7.994760933784924,-3.073042249853958
79.99999999999973,1,447.71841414161565,47.558170700406265,7.964089558472765,-3.0730422498542076
79.99999999999973,2,446.92387567881724,47.50361929265836,7.939263826691588,-3.0730422498544274
79.99999999999973,3,446.13181395847886,47.44923793305075,7.922322374213717,-3.0730422498545913
79.99999999999973,4,445.3414424044189,47.394972616849714,7.911398618615826,-3.07304224985469
79.99999999999973,5,444.55216066030135,47.34078212480056,7.904420066093546,-3.073042249854735
79.99999999999973,6,443.76357513241175,47.28663943355292,7.900343498362795,-3.0730422498547396
79.99999999999973,7,442.97539630384836,47.232524665460474,7.899212477607814,-3.073042249854727
79.99999999999973,8,442.1873303117224,47.178417644490125,7.901118992419859,-3.073042249854713
80.09999999999972,0,447.71841414161173,47.55817070040614,7.964089558472861,-3.0730422498541774
80.09999999999972,1,446.9238756788135,47.50361929265825,7.971110894463821,-3.0730422498543355
80.09999999999972,2,446.12863673148826,47.44901979105619,7.976141507603398,-3.073042249854477
80.09999999999972,3,445.33289590436857,47.3943858314002,7.979919907506373,-3.073042249854586
80.09999999999972,4,444.53677812467566,47.339725990941204,7.981590920205952,-3.0730422498546432
80.09999999999972,5,443.74049363617695,47.285054704591985,7.980802796429035,-3.073042249854667
80.09999999999972,6,442.94428777495233,47.23038881663276,7.978350886088449,-3.0730422498546854
80.09999999999972,7,442.14832652889186,47.17573972345721,7.976023776975781,-3.0730422498546908
80.09999999999972,8,441.3525974471838,47.12110657021765,7.975473387726317,-3.073042249854687
80.19999999999972,0,446.9238756788181,47.503619292658925,7.971110894463883,-3.073042249854368
80.19999999999972,1,446.12863673149275,47.449019791056884,8.008716855302364,-3.0730422498544687
80.19999999999972,2,445.32964602044115,47.39416270092726,8.037457474378295,-3.073042249854552
80.19999999999972,3,444.5277879976736,47.33910874696055,8.057005448684887,-3.073042249854619
80.19999999999972,4,443.72397976862766,47.28392089576566,8.06748020197896,-3.073042249854656
80.19999999999972,5,442.9191265244149,47.228661295937926,8.070116536369689,-3.0730422498546752
80.19999999999972,6,442.11401026594797,47.173383638082214,8.067377864338667,-3.0730422498546885
80.19999999999972,7,441.3091672314636,47.118124739233856,8.062600683901415,-3.073042249854693
80.19999999999972,8,440.50480079302594,47.06289856250848,8.05874350603202,-3.073042249854695
80.29999999999971,0,446.1286367314951,47.44901979105729,8.008716855302414,-3.0730422498544834
80.29999999999971,1,445.32964602044405,47.39416270092768,8.070638285787298,-3.0730422498545478
80.29999999999971,2,444.52447770957656,47.33888146925907,8.117711001339204,-3.0730422498546006
80.29999999999971,3,443.7146131829296,47.28327780489038,8.14874945049081,-3.07304224985465
80.29999999999971,4,442.9016521012407,47.227461537300385,8.1648023601794,-3.0730422498546774
80.29999999999971,5,442.0870894988637,47.17153531253129,8.168556868083272,-3.0730422498546996
80.29999999999971,6,441.27215232750245,47.11558337061149,8.163979381333831,-3.073042249854705
80.29999999999971,7,440.4576718297205,47.059662782978265,8.155769459094214,-3.073042249854704
80.29999999999971,8,439.64401039593184,47.00379843062617,8.147965363877493,-3.073042249854707
80.39999999999971,0,445.32964602044405,47.39416270092778,8.070638285787368,-3.0730422498545495
80.39999999999971,1,444.52447770957656,47.338881469259135,7.99421724895193,-3.0730422498545362
80.39999999999971,2,443.72693355369717,47.28412369668899,7.932528220397412,-3.0730422498545615
80.39999999999971,3,442.9355438120241,47.229788473780815,7.889174709345804,-3.0730422498546233
80.39999999999971,4,442.1484792391949,47.17575020823875,7.861248971160425,-3.0730422498546788
80.39999999999971,5,441.3642006813806,47.12190322486643,7.8448204613825965,-3.0730422498547263
80.39999999999971,6,440.58156111604745,47.06816877141098,7.836827831469728,-3.0730422498547494
80.39999999999971,7,439.7997189365091,47.014489064855354,7.8353564525683215,-3.0730422498547596
80.39999999999971,8,439.0180235492844,46.96081943676383,7.838654403041602,-3.073042249854761
80.4999999999997,0,444.52447770957303,47.33888146925874,7.994217248952038,-3.0730422498545082
80.4999999999997,1,443.7269335536934,47.28412369668858,7.96350892667335,-3.073042249854568
80.4999999999997,2,442.93245301770423,47.22957626607881,7.93866320803057,-3.0730422498546277
80.4999999999997,3,442.14045121816713,47.17519902051267,7.921720198546045,-3.0730422498546694
80.4999999999997,4,441.35013974024343,47.12093782901805,7.910809556758608,-3.0730422498546925
80.4999999999997,5,440.5609167639611,47.066751371849875,7.903853680303083,-3.073042249854704
80.4999999999997,6,439.77238774162566,47.01261256015955,7.899804380253307,-3.073042249854707
80.4999999999997,7,438.98426269825273,46.95850148484973,7.898701135501152,-3.0730422498547023
80.4999999999997,8,438.1962477202405,46.904397966405476,7.9006336713415575,-3.0730422498546974
80.5999999999997,0,443.7269335536897,47.28412369668828,7.963508926673433,-3.0730422498545447
80.5999999999997,1,442.93245301770054,47.22957626607851,7.970509300799347,-3.073042249854586
80.5999999999997,2,442.13727408844784,47.17498088519646,7.975532976008929,-3.073042249854612
80.5999999999997,3,441.3415939715644,47.12035109378289,7.979319388447312,-3.0730422498546317
80.5999999999997,4,440.545536102736,47.06569536668301,7.981009918559019,-3.0730422498546432
80.5999999999997,5,439.74930957794464,47.011028060004946,7.980248295484392,-3.0730422498546606
80.5999999999997,6,438.953159036581,46.9563659701958,7.977825546009819,-3.073042249854662
80.5999999999997,7,438.1572502011438,46.90172047542785,7.975526815678279,-3.073042249854664
80.5999999999997,8,437.3615706988464,46.84709072621058,7.975002390743949,-3.073042249854664
80.69999999999969,0,442.93245301770526,47.229576266079015,7.9705093007994225,-3.073042249854625
80.69999999999969,1,442.13727408845233,47.174980885196945,8.008107646665033,-3.0730422498546446
80.69999999999969,2,441.33834415518226,47.12012796794732,8.036852063224595,-3.0730422498546606
80.69999999999969,3,440.5365465313394,47.065078160849,8.056415717069491,-3.0730422498546703
80.69999999999969,4,439.7327971369475,47.00989434912276,8.066914895779009,-3.0730422498546783
80.69999999999969,5,438.92800029058355,46.954638621457576,8.069580428943032,-3.073042249854688
80.69999999999969,6,438.1229375169459,46.89936463576234,8.066872001166455,-3.073042249854688
80.69999999999969,7,437.31814494996866,46.84410920191118,8.062123244350854,-3.0730422498546863
80.69999999999969,8,436.51382614335216,46.78888629549051,8.05829157652984,-3.0730422498546885
80.79999999999968,0,442.1372740884552,47.17498088519728,8.008107646665088,-3.073042249854665
80.79999999999968,1,441.3383441551852,47.12012796794765,8.070032450875349,-3.0730422498546854
80.79999999999968,2,440.5332362855188,47.06485088605007,8.117117646586923,-3.073042249854693
80.79999999999968,3,439.7234309549879,47.00925128596738,8.148177772448298,-3.0730422498546925
80.79999999999968,4,438.9105269068354,46.95343893418494,8.164258720478927,-3.073042249854697
80.79999999999968,5,438.09601854074646,46.89751643316992,8.16804416540591,-3.0730422498547116
80.79999999999968,6,437.28113251923656,46.84156800309576,8.163497329815565,-3.073042249854713
80.79999999999968,7,436.46670011338887,46.78565071735768,8.155315420977907,-3.0730422498547116
80.79999999999968,8,435.6530839767737,46.72978947501818,8.147536064935707,-3.073042249854714
80.89999999999968,0,441.338344155185,47.12012796794766,8.070032450875404,-3.0730422498546797
80.89999999999968,1,440.5332362855187,47.06485088605007,7.993623683363463,-3.073042249854672
80.89999999999968,2,439.7357513467899,47.01009717921013,7.931954009536206,-3.073042249854681
80.89999999999968,3,438.9444188913402,46.95576588945855,7.888626718284327,-3.073042249854689
80.89999999999968,4,438.157408988913,46.901731377476004,7.860731519940137,-3.073042249854706
80.89999999999968,5,437.37318205468904,46.84788793847525,7.844334876486741,-3.0730422498547196
80.89999999999968,6,436.5905909337983,46.79415681111747,7.836372747349106,-3.0730422498547263
80.89999999999968,7,435.8087941557882,46.74048022173914,7.83492860750009,-3.073042249854731
80.89999999999968,8,435.0271414525842,46.686813524246325,7.838250280561564,-3.0730422498547285
80.99999999999967,0,440.5332362855152,47.06485088604965,7.993623683363563,-3.073042249854649
80.99999999999967,1,439.73575134678623,47.01009717920968,7.962934681682244,-3.0730422498546686
80.99999999999967,2,438.9413281004256,46.95555368199034,7.938113611857006,-3.073042249854679
80.99999999999967,3,438.1493811314245,46.90118020097819,7.921200109729964,-3.073042249854687
80.99999999999967,4,437.35912154023134,46.84692257192181,7.910321564878014,-3.073042249854689
80.99999999999967,5,436.56994724852393,46.79273945733834,7.903397810676874,-3.073042249854688
80.99999999999967,6,435.78146370608306,46.738603768205834,7.899378409555346,-3.0730422498546854
80.99999999999967,7,434.9933811597341,46.68449561065588,7.898301345148129,-3.07304224985469
80.99999999999967,8,434.2054060668601,46.63039483064475,7.900256402872731,-3.07304224985469
81.09999999999967,0,439.7357513467826,47.0100971792093,7.962934681682343,-3.0730422498546384
81.09999999999967,1,438.941328100422,46.95555368198993,7.969959814932776,-3.073042249854651
81.09999999999967,2,438.14620399070066,46.900962064906324,7.975012062784437,-3.0730422498546615
81.09999999999967,3,437.3505758427946,46.846335841577975,7.978830196027393,-3.073042249854663
81.09999999999967,4,436.5545667783136,46.79168346528612,7.980553586621916,-3.0730422498546606
81.09999999999967,5,435.75838577953886,46.73701928433255,7.97982378935064,-3.0730422498546623
81.09999999999967,6,434.96227758908674,46.682360102251536,7.9774299787685745,-3.0730422498546615
81.09999999999967,7,434.1664082174683,46.62771731698974,7.975156155148014,-3.0730422498546694
81.09999999999967,8,433.37076569416837,46.573090106675835,7.974652920329525,-3.073042249854668
81.19999999999966,0,438.9413281004262,46.9555536819904,7.969959814932839,-3.0730422498546814
81.19999999999966,1,438.1462039907047,46.900962064906814,8.007586959635638,-3.073042249854682
81.19999999999966,2,437.34732600384604,46.846112714193026,8.036362695117798,-3.0730422498546766
81.19999999999966,3,436.54557720187836,46.79106625910612,8.055959373725779,-3.07304224985469
81.19999999999966,4,435.741873334641,46.73588557318251,8.066491518241413,-3.0730422498546934
81.19999999999966,5,434.93711872659355,46.68063274551491,8.069188135586774,-3.0730422498546943
81.19999999999966,6,434.1320950901552,46.62536144690078,8.066507410065626,-3.073042249854692
81.19999999999966,7,433.3273388966582,46.57010851037942,8.061782131319875,-3.0730422498546917
81.19999999999966,8,432.52305412122865,46.51488794047141,8.057970236045882,-3.073042249854693
81.29999999999966,0,438.1462039907075,46.90096206490711,8.007586959635713,-3.0730422498547005
81.29999999999966,1,437.34732600384876,46.846112714193296,8.06954339978185,-3.0730422498547005
81.29999999999966,2,436.54226692443046,46.79083898213568,8.116661658602709,-3.073042249854705
81.29999999999966,3,435.7325070856021,46.7352425054215,8.147755352051147,-3.0730422498547076
81.29999999999966,4,434.9196451802774,46.67943304708062,8.16386883353249,-3.0730422498547103
81.29999999999966,5,434.1051757113117,46.62351321666365,8.1676842701509,-3.0730422498547094
81.29999999999966,6,433.2903255947999,46.567567251754184,8.16316369436547,-3.0730422498547187
81.29999999999966,7,432.475926474138,46.51165225130983,8.155003731180804,-3.073042249854729
81.29999999999966,8,431.66234143329706,46.45579314394347,8.147242682525356,-3.0730422498547227
81.39999999999965,0,437.34732600384876,46.84611271419334,8.06954339978194,-3.0730422498547005
81.39999999999965,1,436.54226692443035,46.790838982135725,7.993168081367617,-3.0730422498547014
81.39999999999965,2,435.74482743889575,46.736088396020406,7.931532371369818,-3.073042249854698
81.39999999999965,3,434.95353704823464,46.681759994352305,7.888238562169135,-3.0730422498546988
81.39999999999965,4,434.16656587025403,46.62772814111216,7.860375033858092,-3.0730422498547103
81.39999999999965,5,433.38237450091174,46.573887143924445,7.84400702104836,-3.0730422498547147
81.39999999999965,6,432.5998160885627,46.52015826226912,7.836069564332452,-3.0730422498547214
81.39999999999965,7,431.8180495576472,46.4664837495953,7.834645777295092,-3.0730422498547263
81.39999999999965,8,431.03642507103615,46.41281898939684,7.8379842768550505,-3.0730422498547214
81.49999999999964,0,436.5422669244266,46.79083898213533,7.993168081367708,-3.073042249854674
81.49999999999964,1,435.74482743889195,46.73608839602001,7.962513479607296,-3.073042249854682
81.49999999999964,2,434.9504462138128,46.681547783897045,7.937726573299928,-3.0730422498546854
81.49999999999964,3,434.1585378577653,46.627176953972395,7.920845957329068,-3.0730422498546845
81.49999999999964,4,433.3683135986339,46.57292175074406,7.909997881628526,-3.073042249854688
81.49999999999964,5,432.5791715992294,46.51874085328497,7.90310119971544,-3.0730422498546917
81.49999999999964,6,431.79071764822106,46.464607195840486,7.899104790555853,-3.073042249854685
81.49999999999964,7,431.0026623995082,46.41050091249115,7.898046461947152,-3.0730422498546908
81.49999999999964,8,430.21471273509104,46.35640187834656,7.90001687574911,-3.0730422498546925
81.59999999999964,0,435.7448274388882,46.736088396019646,7.962513479607411,-3.0730422498546552
81.59999999999964,1,434.95044621380924,46.68154778389666,7.969573246414422,-3.073042249854658
81.59999999999964,2,434.1553606701479,46.62695881468093,7.974659283450062,-3.073042249854654
81.59999999999964,3,433.3597677173195,46.572335007775536,7.978509300710015,-3.073042249854667
81.59999999999964,4,432.56379066700316,46.51768482951165,7.980261703635272,-3.0730422498546632
81.59999999999964,5,431.7676387879736,46.46302264786104,7.979557284111976,-3.0730422498546677
81.59999999999964,6,430.97155718545224,46.40836529125372,7.977184735647151,-3.073042249854666
81.59999999999964,7,430.1757122805469,46.35372418582709,7.974928036542444,-3.0730422498546672
81.59999999999964,8,429.3800925155301,46.299098538051,7.97443871901475,-3.073042249854664
81.69999999999963,0,434.9504462138135,46.681547783897116,7.969573246414483,-3.0730422498546845
81.69999999999963,1,434.155360670152,46.62695881468137,8.007234670597237,-3.073042249854687
81.69999999999963,2,433.35651782945655,46.57211187703222,8.0360433593591,-3.0730422498546845
81.69999999999963,3,432.5548008860634,46.51706760929079,8.055670604771485,-3.0730422498546943
81.69999999999963,4,431.75112582789967,46.46188890134006,8.066230119270799,-3.073042249854696
81.69999999999963,5,430.94639729835563,46.40663786416988,8.068950335555705,-3.073042249854703
81.69999999999963,6,430.14139738606946,46.35136819440821,8.066289129278697,-3.073042249854696
81.69999999999963,7,429.3366629693841,46.29611675303879,8.061579393757292,-3.073042249854692
81.69999999999963,8,428.5323984200948,46.24089757181676,8.05778002536255,-3.07304224985469
81.79999999999963,0,434.1553606701548,46.62695881468167,8.007234670597322,-3.0730422498547214
81.79999999999963,1,433.35651782945916,46.57211187703253,8.069224563109577,-3.0730422498547156
81.79999999999963,2,432.55149055882447,46.51684032890181,8.11637457656491,-3.0730422498547196
81.79999999999963,3,431.74175936077404,46.461245818605676,8.147497283728471,-3.073042249854712
81.79999999999963,4,430.9289232016702,46.40543812794836,8.163636367576249,-3.0730422498547156
81.79999999999963,5,430.1144769247017,46.34951988984713,8.167473583659593,-3.073042249854716
81.79999999999963,6,429.29964782735635,46.293575368071224,8.162970801028361,-3.0730422498547156
81.79999999999963,7,428.48526795072377,46.237661688883094,8.15482484905304,-3.0730422498547174
81.79999999999963,8,427.6717007560823,46.18180380680076,8.147074998112586,-3.0730422498547156
81.89999999999962,0,433.3565178294594,46.57211187703254,8.069224563109662,-3.0730422498547085
81.89999999999962,1,432.5514905588245,46.51684032890181,7.992881497730573,-3.073042249854719
81.89999999999962,2,431.7540796643448,46.46209170579065,7.931276067163915,-3.0730422498547214
81.89999999999962,3,430.9628148439068,46.40776505972255,7.888009550913396,-3.0730422498547174
81.89999999999962,4,430.17586651326496,46.35373477513459,7.860169783119771,-3.0730422498547165
81.89999999999962,5,429.39169562079036,46.29989518384728,7.8438217257807645,-3.0730422498547165
81.89999999999962,6,428.6091556944482,46.246167571403916,7.835900376925487,-3.0730422498547147
81.89999999999962,7,427.8274060425372,46.19249421760844,7.834489133289395,-3.0730422498547143
81.89999999999962,8,427.04579718353676,46.13883053037016,7.8378375721672064,-3.073042249854714
81.99999999999962,0,432.5514905588208,46.516840328901424,7.992881497730672,-3.0730422498546908
81.99999999999962,1,431.75407966434113,46.46209170579027,7.962257665410358,-3.073042249854687
81.99999999999962,2,430.9597239605997,46.40755284591087,7.937499361302039,-3.073042249854685
81.99999999999962,3,430.1678382723874,46.353183572314066,7.920644208015399,-3.0730422498546854
81.99999999999962,4,429.3776341408033,46.298929751002504,7.90981801948119,-3.0730422498546925
81.99999999999962,5,428.5885100853704,46.244750085540275,7.902939494031919,-3.0730422498546925
81.99999999999962,6,427.8000722669509,46.190617535726815,7.898957567149661,-3.073042249854689
81.99999999999962,7,427.0120317060008,46.13651226080968,7.897910389490636,-3.073042249854688
81.99999999999962,8,426.2240956168705,46.08241415871686,7.899889561620629,-3.0730422498546877
82.09999999999961,0,431.75407966433755,46.46209170578991,7.962257665410461,-3.0730422498546623
82.09999999999961,1,430.9597239605959,46.40755284591048,7.969346509890207,-3.0730422498546632
82.09999999999961,2,430.1646610373343,46.352965429765746,7.97445933373235,-3.0730422498546663
82.09999999999961,3,429.36908803251634,46.29834299245055,7.9783329230050715,-3.0730422498546623
82.09999999999961,4,428.5731285785451,46.24369402231619,7.980105343535501,-3.073042249854663
82.09999999999961,5,427.7769922988022,46.18903291168111,7.979417330092484,-3.073042249854663
82.09999999999961,6,426.9809246588124,46.134376513713015,7.97705771249602,-3.0730422498546615
82.09999999999961,7,426.1850924263888,46.07973627835341,7.974810855140906,-3.073042249854662
82.09999999999961,8,425.3894843519901,46.02511143323156,7.9743291965496415,-3.073042249854665
82.1999999999996,0,430.95972396060006,46.4075528459109,7.969346509890247,-3.073042249854701
82.1999999999996,1,430.16466103733836,46.35296542976621,8.007035177043349,-3.0730422498546943
82.1999999999996,2,429.36583809914407,46.29811985858262,8.035868753241099,-3.0730422498546908
82.1999999999996,3,428.56413857535375,46.243076786836,8.055517660519445,-3.0730422498546854
82.1999999999996,4,427.76047877569374,46.18789912650331,8.06609535553309,-3.0730422498546845
82.1999999999996,5,426.9557636908723,46.13264901242067,8.068830294621957,-3.0730422498546863
82.1999999999996,6,426.15077575448595,46.07738016490009,8.066180552591607,-3.0730422498546823
82.1999999999996,7,425.3460521699685,46.022129467245435,8.06147943799224,-3.073042249854689
82.1999999999996,8,424.5417975927794,45.96691097068768,8.057686712870815,-3.0730422498546908
82.2999999999996,0,430.16466103734126,46.35296542976647,8.007035177043448,-3.0730422498547147
82.2999999999996,1,429.3658380991468,46.298119858582886,8.06905039026095,-3.073042249854723
82.2999999999996,2,428.5608282048895,46.242849503479235,8.11622335324664,-3.073042249854719
82.2999999999996,3,427.7511120936539,46.18725602901334,8.147365826291573,-3.0730422498547165
82.2999999999996,4,426.9382890494187,46.13144923879642,8.16352130887859,-3.0730422498547165
82.2999999999996,5,426.12385425129673,46.075531788809656,8.167371645594393,-3.0730422498547174
82.2999999999996,6,425.30903532381603,46.019587965276145,8.16287895268539,-3.0730422498547165
82.2999999999996,7,424.4946646104456,45.9636749152191,8.1547404919583,-3.073042249854716
82.2999999999996,8,423.6811058317013,45.90781761095528,8.146996352775396,-3.0730422498547143
82.3999999999996,0,429.3658380991469,46.298119858582965,8.06905039026102,-3.0730422498547085
82.3999999999996,1,428.56082820488956,46.24284950347924,7.992730682227855,-3.073042249854713
82.3999999999996,2,427.76343235653866,46.188101913404935,7.931146262363396,-3.0730422498547156
82.3999999999996,3,426.9721804860942,46.13377615645723,7.887897657341862,-3.073042249854714
82.3999999999996,4,426.1852433185295,46.079746638303604,7.860072579562909,-3.073042249854722
82.3999999999996,5,425.4010821235807,46.02590771282889,7.84373613191376,-3.0730422498547236
82.3999999999996,6,424.61855073652214,45.972180686675486,7.835823594859007,-3.073042249854728
82.3999999999996,7,423.836808744784,45.918507858812085,7.834418804783385,-3.073042249854727
82.3999999999996,8,423.05520690211597,45.86484465330106,7.837772107068872,-3.0730422498547223
82.49999999999959,0,428.5608282048859,46.24284950347883,7.992730682227935,-3.0730422498546885
82.49999999999959,1,427.7634323565351,46.18810191340452,7.962128241287516,-3.0730422498546863
82.49999999999959,2,426.96908956480854,46.133563940038,7.937389038774571,-3.0730422498546868
82.49999999999959,3,426.17721488293824,46.07919542211444,7.920550004873008,-3.073042249854693
82.49999999999959,4,425.3870201495433,46.02494224606361,7.909736883973567,-3.0730422498546917
82.49999999999959,5,424.5979041886049,45.97076313635306,7.902868555311144,-3.0730422498546934
82.49999999999959,6,423.80947344739667,45.91663107244661,7.898894261061083,-3.0730422498547005
82.49999999999959,7,423.02143920218714,45.86252623115548,7.897852590492743,-3.073042249854703
82.49999999999959,8,422.23350887938153,45.8084285249669,7.899835858740093,-3.073042249854698
82.59999999999958,0,427.76343235653167,46.188101913404175,7.9621282412876315,-3.0730422498546712
82.59999999999958,1,426.9690895648052,46.13356394003765,7.969236539957592,-3.0730422498546703
82.59999999999958,2,426.1740376127083,46.07897727715098,7.974366610497265,-3.0730422498546694
82.59999999999958,3,425.37847385843645,46.024355474959606,7.978254606621574,-3.0730422498546694
82.59999999999958,4,424.5825222177099,45.96970704126685,7.980038568220472,-3.0730422498546694
82.59999999999958,5,423.786392599815,45.91504638802084,7.979359440706358,-3.0730422498546686
82.59999999999958,6,422.99033073516773,45.8603903865761,7.977006375526387,-3.073042249854663
82.59999999999958,7,422.1945036243835,45.80575050285794,7.974764167951072,-3.073042249854657
82.59999999999958,8,421.39890020773885,45.751125977528034,7.974285916257031,-3.073042249854659
82.69999999999958,0,426.9690895648094,46.1335639400381,7.969236539957651,-3.0730422498546996
82.69999999999958,1,426.1740376127125,46.07897727715141,8.00694277799219,-3.073042249854697
82.69999999999958,2,425.375223892722,46.024132338871134,8.035791819288129,-3.0730422498546903
82.69999999999958,3,424.57353204425783,45.96908979409686,8.055453512386883,-3.073042249854689
82.69999999999958,4,423.76987864434466,45.9139125731579,8.06604132392138,-3.0730422498546988
82.69999999999958,5,422.9651689499941,45.85866282917412,8.06878394178418,-3.0730422498547005
82.69999999999958,6,422.1601856380048,45.80339429915534,8.066139769514304,-3.073042249854698
82.69999999999958,7,421.3554661222164,45.74814388085143,8.061442533464632,-3.0730422498546934
82.69999999999958,8,420.55121522681225,45.69292563707762,8.057652600429094,-3.0730422498546943
82.79999999999957,0,426.1740376127152,46.078977277151765,8.006942777992258,-3.07304224985471
82.79999999999957,1,425.3752238927244,46.02413233887144,8.06897375226027,-3.073042249854709
82.79999999999957,2,424.57022164426735,45.968862508712945,8.116160486436828,-3.073042249854711
82.79999999999957,3,423.76051180494755,45.91326946486416,8.147314224263463,-3.073042249854712
82.79999999999957,4,422.94769390879566,45.85746302810427,8.163478504292186,-3.0730422498547045
82.79999999999957,5,422.133263381079,45.80154587131487,8.167335416050138,-3.073042249854709
82.79999999999957,6,421.3184480680436,45.745602295941886,8.162847405137569,-3.0730422498547174
82.79999999999957,7,420.5040805020187,45.68968946197527,8.154712133951213,-3.0730422498547214
82.79999999999957,8,419.6905245524147,45.633832351954496,8.146970242300549,-3.073042249854721
82.89999999999957,0,425.3752238927243,46.024132338871425,8.068973752260364,-3.073042249854713
82.89999999999957,1,424.5702216442676,45.96886250871296,7.992668083728521,-3.073042249854713
82.89999999999957,2,423.77283204106436,45.91411534741788,7.931095839182573,-3.073042249854717
82.89999999999957,3,422.9815852010954,45.85978993585246,7.8878570832389645,-3.073042249854721
82.89999999999957,4,422.19465208141133,45.80576069561822,7.860039590442558,-3.073042249854719
82.89999999999957,5,421.4104941776265,45.75192199610814,7.843708715673666,-3.0730422498547196
82.89999999999957,6,420.6279655257531,45.698195157747016,7.835800064079386,-3.0730422498547263
82.89999999999957,7,419.8462258815666,45.644522491061736,7.834397852321347,-3.073042249854728
82.89999999999957,8,419.0646261292237,45.59085942906823,7.837752923358393,-3.073042249854724
82.99999999999956,0,424.570221644264,45.968862508712554,7.992668083728608,-3.073042249854689
82.99999999999956,1,423.77283204106095,45.91411534741749,7.962078059690036,-3.0730422498546903
82.99999999999956,2,422.97849425570826,45.859577717778514,7.937349541540242,-3.073042249854687
82.99999999999956,3,422.18662351428475,45.805209470398054,7.920519049042784,-3.0730422498546885
82.99999999999956,4,421.3964318692023,45.750956506384554,7.909712406548802,-3.073042249854687
82.99999999999956,5,420.6073183502575,45.69677756433633,7.902848747068994,-3.073042249854693
82.99999999999956,6,419.8188895852211,45.642645636109876,7.8988776285540725,-3.0730422498546917
82.99999999999956,7,419.0308569993558,45.588540908745955,7.897837998031487,-3.0730422498546908
82.99999999999956,8,418.2429281323689,45.53444330251095,7.899822617336797,-3.0730422498546908
83.09999999999955,0,423.77283204105777,45.914115347417145,7.9620780596901515,-3.0730422498546694
83.09999999999955,1,422.9784942557048,45.859577717778166,7.9691972587444875,-3.0730422498546703
83.09999999999955,2,422.18344622250373,45.80499132395495,7.974336631564339,-3.073042249854665
83.09999999999955,3,421.3878854590838,45.75036972710941,7.978231969945716,-3.0730422498546712
83.09999999999955,4,420.5919360767083,45.69572144847048,7.9800214069899615,-3.073042249854673
83.09999999999955,5,419.79580817090596,45.64106091277331,7.979346139348407,-3.0730422498546734
83.09999999999955,6,418.99974763327043,45.58640500243851,7.976995622027086,-3.073042249854666
83.09999999999955,7,418.2039215953106,45.53176519237832,7.974754984093509,-3.073042249854661
83.09999999999955,8,417.40831909489464,45.47714072995484,7.974277722074878,-3.0730422498546632
83.19999999999955,0,422.97849425570837,45.859577717778585,7.969197258744527,-3.0730422498546957
83.19999999999955,1,422.1834462225074,45.80499132395536,8.006912990868738,-3.0730422498546917
83.19999999999955,2,421.3846354742332,45.75014658970707,8.035770062744104,-3.073042249854698
83.19999999999955,3,420.5829457963134,45.69510419395809,8.055438006178417,-3.073042249854697
83.19999999999955,4,419.7792939433797,45.63992707923158,8.066030390341957,-3.073042249854695
83.19999999999955,5,418.9745853398192,45.58467741013924,8.068776148351615,-3.0730422498546974
83.19999999999955,6,418.1696028053427,45.52940893350289,8.066133972585655,-3.0730422498546943
83.19999999999955,7,417.36488386788585,45.47415855490607,8.06143789843506,-3.0730422498546917
83.19999999999955,8,416.5606334348963,45.41894034288068,8.057648645229063,-3.0730422498546917
83.29999999999954,0,422.1834462225101,45.804991323955676,8.006912990868816,-3.0730422498547156
83.29999999999954,1,421.3846354742359,45.75014658970741,8.068952164794302,-3.0730422498547165
83.29999999999954,2,420.57963537945557,45.694876907416024,8.116145767726453,-3.073042249854714
83.29999999999954,3,419.76992700854964,45.63928396438557,8.147304768447842,-3.073042249854714
83.29999999999954,4,418.95711005575845,45.58347759239491,8.163472814030834,-3.073042249854713
83.29999999999954,5,418.1426800957312,45.527560474581975,8.167332230474676,-3.0730422498547125
83.29999999999954,6,417.32786510050516,45.47161692102911,8.162845735692319,-3.073042249854711
83.29999999999954,7,416.51349770103275,45.415704098497606,8.154711276099036,-3.0730422498547063
83.29999999999954,8,415.69994183701255,45.359846994352836,8.146969801270666,-3.073042249854713
83.39999999999954,0,421.384635474236,45.75014658970741,8.06895216479438,-3.073042249854719
83.39999999999954,1,420.57963537945557,45.69487690741601,7.992653512927518,-3.0730422498547245
83.39999999999954,2,419.78224722991035,45.6401298459262,7.931087083051815,-3.0730422498547174
83.39999999999954,3,418.9910012634979,45.585804494337395,7.887852703165511,-3.0730422498547147
83.39999999999954,4,418.2040685807924,45.531775284105166,7.8600382595003415,-3.0730422498547147
83.39999999999954,5,417.41991080978914,45.47793659371163,7.843709332564768,-3.073042249854713
83.39999999999954,6,416.6373820963714,45.42420975112502,7.835801782080327,-3.073042249854713
83.39999999999954,7,415.8556422807883,45.37053707267201,7.834400083888589,-3.073042249854712
83.39999999999954,8,415.0740423058129,45.316873995392946,7.8377553510173055,-3.0730422498547147
83.49999999999953,0,420.57963537945204,45.69487690741565,7.992653512927611,-3.0730422498546908
83.49999999999953,1,419.7822472299066,45.640129845925784,7.962069431905277,-3.0730422498546868
83.49999999999953,2,418.9879103053063,45.5855922753843,7.937345778644114,-3.073042249854691
83.49999999999953,3,418.1960399392884,45.53122405377846,7.920518871231023,-3.07304224985469
83.49999999999953,4,417.40584831194553,45.476971090982886,7.909714646527359,-3.0730422498546934
83.49999999999953,5,416.61673456952894,45.422792133591564,7.9028524507950015,-3.0730422498546948
83.49999999999953,6,415.8283054349897,45.368660179995786,7.898882078112741,-3.073042249854698
83.49999999999953,7,415.0402724052136,45.314555422153845,7.8978427103872075,-3.073042249854704
83.49999999999953,8,414.2523430680978,45.260457783640774,7.899827342950693,-3.0730422498547
83.59999999999953,0,419.7822472299036,45.64012984592543,7.962069431905402,-3.0730422498546672
83.59999999999953,1,418.98791030530276,45.585592275383924,7.969193606245708,-3.0730422498546694
83.59999999999953,2,418.19286263649354,45.53100590657917,7.974336994039816,-3.0730422498546646
83.59999999999953,3,417.39730183691154,45.47638430725081,7.97823521703145,-3.073042249854666
83.59999999999953,4,416.60135213058993,45.4217360063704,7.980026519734323,-3.073042249854665
83.59999999999953,5,415.805223714714,45.36707543565255,7.979352298620109,-3.073042249854665
83.59999999999953,6,415.0091625625978,45.31241948312879,7.977002226089932,-3.0730422498546606
83.59999999999953,7,414.2133358657828,45.25777962783292,7.9747616426096215,-3.0730422498546592
83.59999999999953,8,413.4177327010791,45.203155119800776,7.974284244750733,-3.0730422498546632
83.69999999999952,0,418.9879103053066,45.585592275384386,7.969193606245752,-3.0730422498546948
83.69999999999952,1,418.19286263649747,45.53100590657958,8.006913447390076,-3.07304224985469
83.69999999999952,2,417.3940518426783,45.476161169204296,8.035773779010228,-3.0730422498546845
83.69999999999952,3,416.592361794005,45.421118748000076,8.055443991287653,-3.073042249854688
83.69999999999952,4,415.78870934396576,45.36594159227751,8.066037762159926,-3.073042249854695
83.69999999999952,5,414.98400000495496,45.310691872690626,8.068784210486289,-3.073042249854696
83.69999999999952,6,414.1790166661583,45.25542334083132,8.066142227368168,-3.073042249854696
83.69999999999952,7,413.37429690516205,45.20017290569193,8.061446037150679,-3.0730422498547
83.69999999999952,8,412.5700456602124,45.14495463791904,8.057656528821425,-3.0730422498546974
83.79999999999951,0,418.1928626365001,45.53100590657985,8.006913447390161,-3.0730422498547165
83.79999999999951,1,417.3940518426807,45.47616116920457,8.06895596031232,-3.0730422498547174
83.79999999999951,2,416.58905136923977,45.42089146091512,8.116152156736131,-3.0730422498547103
83.79999999999951,3,415.77934236093375,45.365298474122056,8.14731288919246,-3.073042249854714
83.79999999999951,4,414.96652459797525,45.30949204650697,8.16348190965738,-3.073042249854719
83.79999999999951,5,414.152093730522,45.25357486639198,8.167341715488815,-3.0730422498547187
83.79999999999951,6,413.3372777890221,45.19763124786988,8.162855204994077,-3.0730422498547165
83.79999999999951,7,412.52290944484355,45.14171836047677,8.1547204922954,-3.073042249854718
83.79999999999951,8,411.70935266136786,45.085861193204074,8.146978669215692,-3.0730422498547147
83.89999999999951,0,417.39405184268145,45.4761611692046,8.06895596031238,-3.0730422498547236
83.89999999999951,1,416.58905136924045,45.420891460915165,7.992659967896014,-3.073042249854727
83.89999999999951,2,415.7916625757142,45.366144355210906,7.9310955481881384,-3.073042249854726
83.89999999999951,3,415.00041576477594,45.31181894563872,7.8878624354260785,-3.073042249854722
83.89999999999951,4,414.2134821111303,45.2577896687437,7.860048615950262,-3.0730422498547205
83.89999999999951,5,413.4293233069145,45.20395090741185,7.843719827221269,-3.073042249854717
83.89999999999951,6,412.6467935464958,45.150223992940276,7.835812091593667,-3.073042249854712
83.89999999999951,7,411.8650527023825,45.09655124387045,7.834410032677565,-3.0730422498547085
83.89999999999951,8,411.083451734865,45.042888098445445,7.837764881189796,-3.073042249854711
83.9999999999995,0,416.5890513692367,45.42089146091476,7.9926599678961034,-3.073042249854698
83.9999999999995,1,415.7916625757106,45.36614435521051,7.962077951138588,-3.0730422498546974
83.9999999999995,2,414.9973248011873,45.311606726315034,7.937355801422783,-3.0730422498546917
83.9999999999995,3,414.2054534352459,45.25723843605642,7.920529762863754,-3.0730422498546934
83.9999999999995,4,413.41526072129795,45.20298539865676,7.909725866953292,-3.0730422498546934
83.9999999999995,5,412.62614585947404,45.14880636440919,7.902863602706573,-3.073042249854698
83.9999999999995,6,411.83771561236296,45.094674334426486,7.8988929098154985,-3.0730422498546996
83.9999999999995,7,411.04968150196044,45.04056950239093,7.897853099395868,-3.0730422498546925
83.9999999999995,8,410.26175112838405,44.98647179271652,7.899837262620565,-3.073042249854693
84.0999999999995,0,415.7916625757074,45.366144355210125,7.9620779511387,-3.073042249854676
84.0999999999995,1,414.99732480118416,45.31160672631468,7.969203672611482,-3.073042249854676
84.0999999999995,2,414.20227612810265,45.25702028855858,7.974348127752776,-3.073042249854675
84.0999999999995,3,413.40671421776415,45.202398612967954,7.9782468816121925,-3.0730422498546686
84.0999999999995,4,412.61076334772406,45.147750232189004,7.980038267385371,-3.073042249854666
84.0999999999995,5,411.8146337598422,45.09308958100359,7.979363810490891,-3.0730422498546677
84.0999999999995,6,411.0185714592429,45.03843354962725,7.977013312794185,-3.073042249854664
84.0999999999995,7,410.2227436563612,44.98379361839108,7.974772226825749,-3.0730422498546632
84.0999999999995,8,409.4271394357217,44.92916903786053,7.974294325699087,-3.0730422498546663
84.19999999999949,0,414.99732480118837,45.31160672631512,7.969203672611528,-3.0730422498547005
84.19999999999949,1,414.20227612810663,45.257020288559005,8.006924615446325,-3.0730422498547076
84.19999999999949,2,413.403464220105,45.20217547468621,8.035785642421,-3.0730422498547076
84.19999999999949,3,412.60177298787653,45.1471329722215,8.055456101984118,-3.073042249854701
84.19999999999949,4,411.7981193296122,45.091955733544665,8.066049754517168,-3.0730422498546943
84.19999999999949,5,410.9934087941822,45.03670593181404,8.06879583455638,-3.073042249854689
84.19999999999949,6,410.18842429570896,44.981437320333654,8.066153347482011,-3.0730422498546908
84.19999999999949,7,409.3837034253128,44.9261868090251,8.06145661398087,-3.0730422498546996
84.19999999999949,8,408.57945112516427,44.87096846880435,8.057666582663735,-3.0730422498547
84.29999999999949,0,414.20227612810896,45.25702028855932,8.006924615446401,-3.0730422498547103
84.29999999999949,1,413.40346422010737,45.20217547468647,8.068967849998947,-3.0730422498547174
84.29999999999949,2,412.59846256049036,45.146905684956586,8.11616442791695,-3.0730422498547183
84.29999999999949,3,411.78875232794826,45.09131261410991,8.147325172837892,-3.07304224985472
84.29999999999949,4,410.97593333951033,45.03550610235591,8.163493912806109,-3.0730422498547254
84.29999999999949,5,410.16150127456115,44.97958884002323,8.167353248232125,-3.073042249854727
84.29999999999949,6,409.3466841824958,44.923645142505634,8.162866177539584,-3.073042249854724
84.29999999999949,7,408.5323147436395,44.86773217995419,8.154730896874334,-3.0730422498547236
84.29999999999949,8,407.7187569221501,44.81187494141352,8.146988542967545,-3.0730422498547223
84.39999999999948,0,413.4034642201074,45.20217547468649,8.068967849999012,-3.0730422498547183
84.39999999999948,1,412.59846256049036,45.14690568495658,7.99267225837002,-3.0730422498547174
84.39999999999948,2,411.8010725408037,45.09215849506661,7.931107958568875,-3.073042249854719
84.39999999999948,3,411.0098244917423,45.03783300048735,7.887874666849449,-3.0730422498547223
84.39999999999948,4,410.2228896178272,44.9838036398111,7.860060439232903,-3.0730422498547263
84.39999999999948,5,409.4387296340599,44.92996479749365,7.843731104332057,-3.073042249854721
84.39999999999948,6,408.65619874857884,44.87623780577755,7.835822771511128,-3.0730422498547227
84.39999999999948,7,407.87445683898216,44.82256498355378,7.834420133454726,-3.0730422498547236
84.39999999999948,8,407.0928548637592,44.76890176894179,7.837774453099072,-3.073042249854725
84.49999999999947,0,412.59846256048695,45.14690568495621,7.99267225837011,-3.0730422498546925
84.49999999999947,1,411.8010725408001,45.09215849506621,7.962090374822955,-3.0730422498546988
84.49999999999947,2,411.0067335268264,45.037620781072604,7.937368130106115,-3.0730422498546934
84.49999999999947,3,410.21486093091227,44.98325240636655,7.920541759518354,-3.073042249854693
84.49999999999947,4,409.4246670201163,44.92899928679371,7.909737357935285,-3.073042249854698
84.49999999999947,5,408.63555101189297,44.87482017383666,7.902874494400686,-3.0730422498547005
84.49999999999947,6,407.8471196781702,44.82068806924939,7.898903183575155,-3.073042249854699
84.49999999999947,7,407.0590845428049,44.76658316684195,7.8978627940182955,-3.0730422498547
84.49999999999947,8,406.27115320204325,44.71248539076258,7.899846438282831,-3.073042249854698
84.59999999999947,0,411.8010725407971,45.092158495065846,7.962090374823075,-3.073042249854679
84.59999999999947,1,411.0067335268233,45.03762078107225,7.9692160095117694,-3.0730422498546828
84.59999999999947,2,410.2116836229493,44.98303425881244,7.974360196135452,-3.073042249854676
84.59999999999947,3,409.4161205086068,44.92841250055732,7.978258498531266,-3.073042249854667
84.59999999999947,4,408.62016847960354,44.87376404020627,7.980049307154647,-3.07304224985466
84.59999999999947,5,407.82403779033746,44.81910331340205,7.979374217136411,-3.073042249854666
84.59999999999947,6,407.02797445151754,44.76444721074358,7.977023094326899,-3.0730422498546726
84.59999999999947,7,406.23214567277984,44.70980721250716,7.974781438326067,-3.073042249854671
84.59999999999947,8,405.4365405331538,44.65518256888083,7.974303034464074,-3.0730422498546694
84.69999999999946,0,411.006733526827,45.03762078107269,7.969216009511801,-3.073042249854697
84.69999999999946,1,410.2116836229531,44.98303425881284,8.006936687774493,-3.0730422498546917
84.69999999999946,2,409.4128705105541,44.92818936224853,8.035797309149054,-3.073042249854698
84.69999999999946,3,408.61117811439294,44.87314677987058,8.05546722708274,-3.0730422498546943
84.69999999999946,4,407.8075233462316,44.81796946499043,8.066060253329791,-3.0730422498546996
84.69999999999946,5,407.0028117633861,44.76271959134638,8.068805682641909,-3.0730422498546988
84.69999999999946,6,406.19782628241694,44.707450912409826,8.066162574433957,-3.0730422498546957
84.69999999999946,7,405.393104491493,44.652200337899686,8.06146528727415,-3.0730422498546988
84.69999999999946,8,404.5888513260521,44.596981938269714,8.057674774335883,-3.0730422498546996
84.79999999999946,0,410.2116836229558,44.98303425881312,8.00693668777459,-3.0730422498547183
84.79999999999946,1,409.4128705105564,44.9281893622488,8.068979517132028,-3.073042249854726
84.79999999999946,2,408.6078676869661,44.872919492602875,8.116175584191865,-3.073042249854721
84.79999999999946,3,407.79815634141653,44.81732634533938,8.147335722569826,-3.0730422498547205
84.79999999999946,4,406.9853363004833,44.761519761323136,8.163503806081422,-3.0730422498547187
84.79999999999946,5,406.1709032485303,44.70560243122481,8.16736248667259,-3.0730422498547143
84.79999999999946,6,405.3560852347906,44.64965867042691,8.162874807849352,-3.073042249854707
84.79999999999946,7,404.5417149349306,44.59374564876059,8.154738995561223,-3.0730422498547103
84.79999999999946,8,403.72815630547444,44.537888354746585,8.146996184797258,-3.073042249854714
84.89999999999945,0,409.41287051055633,44.92818936224884,8.068979517132082,-3.0730422498547183
84.89999999999945,1,408.60786768696624,44.872919492602875,7.992683412160417,-3.0730422498547196
84.89999999999945,2,407.81047655452005,44.81817222631305,7.93111852381363,-3.073042249854723
84.89999999999945,3,407.01922745141576,44.763846659365356,7.887884582222103,-3.07304224985472
84.89999999999945,4,406.232291588292,44.70981723077206,7.860069683897147,-3.07304224985472
84.89999999999945,5,405.4481306822296,44.655978325131656,7.843739701108417,-3.073042249854718
84.89999999999945,6,404.6655989390902,44.60225127453044,7.8358307803036915,-3.073042249854719
84.89999999999945,7,403.88385623049516,44.548578397449084,7.834427636924752,-3.0730422498547245
84.89999999999945,8,403.10225350668753,44.49491513144078,7.837781527058836,-3.073042249854721
84.99999999999945,0,408.607867686963,44.872919492602534,7.992683412160512,-3.073042249854692
84.99999999999945,1,407.81047655451664,44.81817222631272,7.962100935269163,-3.073042249854691
84.99999999999945,2,407.0161364869788,44.76363443998349,7.937378047992267,-3.073042249854687
84.99999999999945,3,406.22426290160524,44.70926599734315,7.920551002461457,-3.0730422498546845
84.99999999999945,4,405.4340680686855,44.655012814459155,7.9097459291056,-3.0730422498546934
84.99999999999945,5,404.64495120535855,44.60083364279239,7.902882433523219,-3.073042249854691
84.99999999999945,6,403.85651907958834,44.54670148382475,7.898910560361825,-3.073042249854687
84.99999999999945,7,403.06848320827714,44.49259653088872,7.897869694842254,-3.073042249854695
84.99999999999945,8,402.28055117905353,44.438498707540944,7.899852938617062,-3.0730422498546934
85.09999999999944,0,407.81047655451346,44.818172226312306,7.962100935269237,-3.073042249854681
85.09999999999944,1,407.0161364869755,44.76363443998312,7.969225920790281,-3.073042249854674
85.09999999999944,2,406.2210855943015,44.70904784983426,7.974369430966533,-3.073042249854672
85.09999999999944,3,405.42552155864496,44.6544260283236,7.978267048611,-3.0730422498546672
85.09999999999944,4,404.6295686766416,44.59977750940729,7.9800571951531305,-3.0730422498546686
85.09999999999944,5,403.8334372004283,44.54511672857287,7.979381495920415,-3.0730422498546677
85.09999999999944,6,403.03737313543957,44.49046057605714,7.977029840499638,-3.073042249854664
85.09999999999944,7,402.2415436836692,44.435820531611554,7.974787739925899,-3.0730422498546686
85.09999999999944,8,401.4459379153633,44.381195844821384,7.974308965501526,-3.0730422498546677
85.19999999999943,0,407.0161364869792,44.76363443998356,7.969225920790346,-3.0730422498546908
85.19999999999943,1,406.2210855943051,44.709047849834676,8.00694591462869,-3.0730422498546925
85.19999999999943,2,405.4222715613876,44.65420289006944,8.035805842591426,-3.0730422498546957
85.19999999999943,3,404.62057831388665,44.599160249240185,8.055475078548618,-3.0730422498546908
85.19999999999943,4,403.8169227624229,44.54398288058006,8.06606746101264,-3.073042249854695
85.19999999999943,5,403.01221046050193,44.488732957565745,8.068812309279586,-3.0730422498546988
85.19999999999943,6,402.2072243184256,44.43346423323891,8.066168701037626,-3.073042249854697
85.19999999999943,7,401.4025019162799,44.378213616763524,8.061471001854533,-3.073042249854704
85.19999999999943,8,400.5982481807233,44.32299517799058,8.05768014854929,-3.073042249854703
85.29999999999943,0,406.22108559430745,44.70904784983496,8.006945914628751,-3.0730422498547116
85.29999999999943,1,405.42227156138995,44.65420289006971,8.068988041607742,-3.073042249854712
85.29999999999943,2,404.61726788735444,44.59893296203389,8.11618341233927,-3.073042249854718
85.29999999999943,3,403.8075557608287,44.54333976115016,8.14734288171913,-3.07304224985472
85.29999999999943,4,402.99473500566194,44.48753312809607,8.163510346467199,-3.0730422498547223
85.29999999999943,5,402.1803013012063,44.43161575319823,8.1673684780851,-3.0730422498547187
85.29999999999943,6,401.3654826897325,44.37567195136111,8.162880333616123,-3.0730422498547236
85.29999999999943,7,400.5511118385936,44.319758891845154,8.154744142287207,-3.0730422498547245
85.29999999999943,8,399.7375526956735,44.26390156257776,8.147001021095384,-3.0730422498547227
85.39999999999942,0,405.4222715613901,44.654202890069726,8.068988041607815,-3.073042249854714
85.39999999999942,1,404.6172678873546,44.5989329620339,7.992691230676104,-3.0730422498547183
85.39999999999942,2,403.8198759748931,44.544185642189824,7.9311256545701685,-3.073042249854722
85.39999999999942,3,403.0286261603876,44.48986002639875,7.88789106506409,-3.0730422498547214
85.39999999999942,4,402.2416896505025,44.435830553400095,7.8600755780753255,-3.0730422498547227
85.39999999999942,5,401.4575281564064,44.38199160738651,7.843745081059265,-3.073042249854722
85.39999999999942,6,400.6749958765353,44.32826451993441,7.8358357299313885,-3.073042249854721
85.39999999999942,7,399.8932526741403,44.27459160894971,7.834432240328297,-3.073042249854722
85.39999999999942,8,399.1116494910734,44.220928311409594,7.837785849294413,-3.0730422498547223
85.49999999999942,0,404.61726788735115,44.598932962033565,7.992691230676205,-3.073042249854692
85.49999999999942,1,403.81987597488967,44.544185642189476,7.962108056003806,-3.0730422498546925
85.49999999999942,2,403.0255351969507,44.489647807085554,7.937384498755603,-3.073042249854695
85.49999999999942,3,402.2336609680158,44.43527932025963,7.920556832662958,-3.073042249854689
85.49999999999942,4,401.44346555344566,44.381026097440625,7.909751204406997,-3.073042249854695
85.49999999999942,5,400.65434816382736,44.326846889639775,7.9028872309747165,-3.073042249854705
85.49999999999942,6,399.8659155594388,44.27271469781118,7.898914963018462,-3.0730422498547085
85.49999999999942,7,399.07787924889567,44.21860971471841,7.8978737834405,-3.073042249854704
85.49999999999942,8,398.28994681177255,44.164511863365085,7.899856774294188,-3.0730422498547
85.59999999999941,0,403.8198759748868,44.544185642189134,7.962108056003911,-3.0730422498546686
85.59999999999941,1,403.02553519694766,44.48964780708519,7.96923236137151,-3.0730422498546694
85.59999999999941,2,402.2304836617281,44.43506117282047,7.974375226591897,-3.0730422498546677
85.59999999999941,3,401.43491904787027,44.380439311611624,7.978272255702486,-3.0730422498546703
85.59999999999941,4,400.63896564638077,44.32579075702846,7.980061883561284,-3.0730422498546712
85.59999999999941,5,399.8428337024277,44.27112994407997,7.979385743612941,-3.0730422498546686
85.59999999999941,6,399.0467692136674,44.21647376246893,7.977033728534703,-3.073042249854674
85.59999999999941,7,398.2509393740065,44.16183369139161,7.974791345032795,-3.073042249854675
85.59999999999941,8,397.4553332460365,44.10720897990765,7.974312344665233,-3.0730422498546757
85.6999999999994,0,403.0255351969512,44.48964780708562,7.96923236137156,-3.073042249854695
85.6999999999994,1,402.2304836617316,44.43506117282088,8.006951700101435,-3.0730422498546996
85.6999999999994,2,401.4316690516258,44.38021617342702,8.0358110136164,-3.0730422498547036
85.6999999999994,3,400.6299752882368,44.32517349717796,8.055479696371679,-3.0730422498547054
85.6999999999994,4,399.8263192760751,44.269996096887276,8.066071597797604,-3.0730422498546988
85.6999999999994,5,399.02160656144736,44.21474614553733,8.068816042515866,-3.0730422498547005
85.6999999999994,6,398.21662004692394,44.159477395639,8.066172108883263,-3.073042249854702
85.6999999999994,7,397.4118973047945,44.104226755821024,8.061474156569602,-3.073042249854704
85.6999999999994,8,396.60764325450737,44.04900829543931,8.05768310284176,-3.073042249854702
85.7999999999994,0,402.23048366173396,44.435061172821136,8.006951700101515,-3.0730422498547254
85.7999999999994,1,401.43166905162786,44.3802161734273,8.068993202663746,-3.073042249854722
85.7999999999994,2,400.62666486269893,44.32494621003994,8.116187993449017,-3.073042249854719
85.7999999999994,3,399.81695227913826,44.26935297777711,8.147346947094139,-3.073042249854714
85.7999999999994,4,399.004131118389,44.21354631687656,8.16351396902094,-3.0730422498547147
85.7999999999994,5,398.1896970525289,44.15762891716538,8.167371733699621,-3.0730422498547187
85.7999999999994,6,397.37487811625806,44.10168509302836,8.162883296859292,-3.0730422498547165
85.7999999999994,7,396.5605069694907,44.04577201321516,8.154746880643888,-3.0730422498547125
85.7999999999994,8,395.74694755337805,43.98991466519091,8.147003582962165,-3.073042249854714
85.8999999999994,0,401.4316690516281,44.380216173427335,8.068993202663833,-3.073042249854721
85.8999999999994,1,400.62666486269893,44.32494621003999,7.99269580212313,-3.073042249854714
85.8999999999994,2,399.8292724941666,44.27019885888296,7.931129683282205,-3.0730422498547165
85.8999999999994,3,399.03802227773656,44.21587321549653,7.8878946166585875,-3.0730422498547156
85.8999999999994,4,398.25108541352574,44.161843718170616,7.860078724930173,-3.0730422498547147
85.8999999999994,5,397.46692360548354,44.108004750602106,7.843747896554895,-3.0730422498547174
85.8999999999994,6,396.68439104472435,44.05427764386479,7.835838284540066,-3.0730422498547165
85.8999999999994,7,395.90264758746844,44.00060471538184,7.834434596585567,-3.0730422498547183
85.8999999999994,8,395.1210441693294,43.94694140170212,7.837788051325203,-3.073042249854719
85.99999999999939,0,400.626664862696,44.324946210039585,7.992695802123224,-3.0730422498546988
85.99999999999939,1,399.8292724941634,44.27019885888258,7.962112075454333,-3.0730422498547
85.99999999999939,2,399.03493131522333,44.21566099624673,7.937388014304248,-3.073042249854698
85.99999999999939,3,398.24305673555955,44.161292485340475,7.920559910040736,-3.0730422498547005
85.99999999999939,4,397.45286101397414,44.107039241442465,7.909753914418123,-3.073042249854693
85.99999999999939,5,396.6637433539912,44.052860015078934,7.90288964380911,-3.0730422498546908
85.99999999999939,6,395.875310508886,43.99872780672318,7.898917144705548,-3.0730422498546863
85.99999999999939,7,395.0872739806869,43.944622808686525,7.8978757915024485,-3.0730422498546934
85.99999999999939,8,394.29934134322923,43.890524943578626,7.899858648683822,-3.0730422498546925
86.09999999999938,0,399.82927249416036,44.27019885888225,7.96211207545442,-3.0730422498546726
86.09999999999938,1,399.03493131522043,44.215660996246406,7.969235868130923,-3.073042249854679
86.09999999999938,2,398.2398794301487,44.16107433796153,7.974378268992953,-3.0730422498546828
86.09999999999938,3,397.44431451276523,44.10645245591326,7.978274898535583,-3.0730422498546783
86.09999999999938,4,396.64836084761305,44.051803883227535,7.980064195236285,-3.0730422498546703
86.09999999999938,5,395.8522286730355,43.99714305444485,7.979387790618381,-3.073042249854667
86.09999999999938,6,395.05616398005543,43.94248685881247,7.977035572244185,-3.0730422498546623
86.09999999999938,7,394.26033395645675,43.88784677510634,7.974793037981797,-3.073042249854666
86.09999999999938,8,393.4647276595897,43.8332220520262,7.974313922781107,-3.07304224985467
86.19999999999938,0,399.03493131522396,44.21566099624684,7.9692358681309905,-3.073042249854705
86.19999999999938,1,398.2398794301523,44.161074337961935,8.006954734236068,-3.073042249854708
86.19999999999938,2,397.44106451734535,44.106229317785264,8.035813622893185,-3.073042249854702
86.19999999999938,3,396.63937049364154,44.05118662366347,8.055481943796712,-3.073042249854704
86.19999999999938,4,395.8357142572652,43.99600920797869,8.066073548755723,-3.0730422498546988
86.19999999999938,5,395.0310013479998,43.94075924326533,8.068817759436438,-3.0730422498547005
86.19999999999938,6,394.22601466218794,43.885490481606666,8.066173648383781,-3.073042249854697
86.19999999999938,7,393.42129176646966,43.830239831243624,8.061475566298943,-3.0730422498546996
86.19999999999938,8,392.6170375755406,43.7750213612057,8.057684414884445,-3.073042249854701
86.29999999999937,0,398.2398794301546,44.16107433796222,8.006954734236135,-3.07304224985472
86.29999999999937,1,397.4410645173477,44.10622931778553,8.068995804229726,-3.0730422498547187
86.29999999999937,2,396.6360600688728,44.05095933657827,8.116190209001822,-3.0730422498547245
86.29999999999937,3,395.8263472642774,43.995366089139665,8.147348837196562,-3.0730422498547254
86.29999999999937,4,395.0135259149614,43.939559415292514,8.163515595566714,-3.0730422498547116
86.29999999999937,5,394.1990916868288,43.883642004440034,8.167373154831289,-3.07304224985471
86.29999999999937,6,393.38427260877904,43.82769817056874,8.162884564431433,-3.073042249854719
86.29999999999937,7,392.569901335552,43.77178508207308,8.154748037577054,-3.073042249854719
86.29999999999937,8,391.75634180401806,43.71592772612422,8.147004657707221,-3.0730422498547183
86.39999999999937,0,397.44106451734785,44.10622931778552,8.068995804229797,-3.073042249854728
86.39999999999937,1,396.63606006887306,44.050959336578316,7.992698010538772,-3.0730422498547276
86.39999999999937,2,395.83866748001776,43.99621197029437,7.931131543384752,-3.073042249854727
86.39999999999937,3,395.04741707801406,43.941886314166865,7.887896186069229,-3.0730422498547263
86.39999999999937,4,394.2604800572311,43.88785680609102,7.860080061726922,-3.0730422498547236
86.39999999999937,5,393.4763181158231,43.834017829365884,7.843749054475524,-3.073042249854724
86.39999999999937,6,392.6937854395435,43.78029071469719,7.835839310745426,-3.0730422498547254
86.39999999999937,7,391.9120418799083,43.72661777918508,7.834435529471131,-3.0730422498547254
86.39999999999937,8,391.13043836869974,43.67295445911541,7.837788915935621,-3.0730422498547227
86.49999999999936,0,396.6360600688698,44.05095933657793,7.992698010538858,-3.0730422498546996
86.49999999999936,1,395.8386674800145,43.996211970293984,7.962113928999054,-3.0730422498547023
86.49999999999936,2,395.04432611615505,43.941674094961996,7.937389555711288,-3.073042249854703
86.49999999999936,3,394.2524513827128,43.88730557349756,7.920561193630207,-3.0730422498547036
86.49999999999936,4,393.4622555330699,43.833052320807404,7.909754994247864,-3.073042249854706
86.49999999999936,5,392.67313776535764,43.7788730870474,7.902890569185275,-3.073042249854697
86.49999999999936,6,391.88470482793207,43.72474087235314,7.898917958225448,-3.0730422498546908
86.49999999999936,7,391.0966682185717,43.67063586874415,7.897876527273118,-3.0730422498546885
86.49999999999936,8,390.3087355077101,43.61653799859644,7.899859328582423,-3.073042249854692
86.59999999999935,0,395.8386674800114,43.996211970293736,7.962113928999149,-3.073042249854679
86.59999999999935,1,395.0443261161523,43.94167409496171,7.969237403555042,-3.0730422498546757
86.59999999999935,2,394.24927407789863,43.88708742615967,7.97437952664465,-3.073042249854664
86.59999999999935,3,393.4537090350455,43.83246553549688,7.97827592919299,-3.0730422498546597
86.59999999999935,4,392.65775526706966,43.77781695575147,7.980065048833784,-3.0730422498546686
86.59999999999935,5,391.86162300733304,43.72315612112192,7.979388512078307,-3.073042249854675
86.59999999999935,6,391.06555824237637,43.66849992054778,7.9770361997780315,-3.07304224985468
86.59999999999935,7,390.2697281561718,43.613859832543284,7.9747936016682655,-3.0730422498546743
86.59999999999935,8,389.4741218030682,43.559235105602056,7.974314441574058,-3.073042249854674
86.69999999999935,0,395.04432611615573,43.94167409496204,7.969237403555098,-3.073042249854705
86.69999999999935,1,394.24927407790227,43.887087426160036,8.006955986466966,-3.0730422498547094
86.69999999999935,2,393.4504590401664,43.832242397406006,8.035814629702715,-3.0730422498547076
86.69999999999935,3,392.6487649160181,43.77719969638791,8.055482752280493,-3.073042249854704
86.69999999999935,4,391.8451085989834,43.722022275165244,8.066074204705409,-3.073042249854704
86.69999999999935,5,391.040395624277,43.66677230595886,8.068818303498327,-3.0730422498547014
86.69999999999935,6,390.23540888418654,43.61150354057355,8.066174114597256,-3.073042249854705
86.69999999999935,7,389.4306859419566,43.556252887017095,8.061475980989474,-3.0730422498547023
86.69999999999935,8,388.6264317096558,43.50103441413869,8.057684794327423,-3.0730422498547023
86.79999999999934,0,394.2492740779045,43.88708742616028,8.006955986467052,-3.073042249854726
86.79999999999934,1,393.45045904016854,43.83224239740625,8.06899680616148,-3.0730422498547236
86.79999999999934,2,392.64545449173625,43.776972409336125,8.116190995714518,-3.0730422498547205
86.79999999999934,3,391.83574160865425,43.72137915650876,8.147349452046777,-3.0730422498547165
86.79999999999934,4,391.0229201979976,43.66557247845007,8.163516080252748,-3.073042249854718
86.79999999999934,5,390.20848592151026,43.60965506427766,8.167373545878462,-3.0730422498547183
86.79999999999934,6,389.39366680444766,43.55371122772783,8.162884891946524,-3.07304224985472
86.79999999999934,7,388.5792954985461,43.49779813698879,8.154748324415367,-3.0730422498547174
86.79999999999934,8,387.76573593839566,43.44194077907519,8.147004917707136,-3.073042249854719
86.89999999999934,0,393.4504590401692,43.832242397406226,8.068996806161577,-3.073042249854736
86.89999999999934,1,392.64545449173636,43.77697240933611,7.992698792892553,-3.073042249854736
86.89999999999934,2,391.8480618248293,43.72222503769335,7.9311321384972455,-3.0730422498547263
86.89999999999934,3,391.0568113634543,43.667899377489505,7.8878966335707155,-3.0730422498547263
86.89999999999934,4,390.269874298026,43.6138698663484,7.860080399326935,-3.073042249854721
86.89999999999934,5,389.4857123229375,43.560030887310816,7.843749314769364,-3.073042249854719
86.89999999999934,6,388.7031796206898,43.506303770859205,7.835839520164205,-3.0730422498547165
86.89999999999934,7,387.9214360401613,43.45263083391262,7.834435707684999,-3.073042249854722
86.89999999999934,8,387.1398325111734,43.398967512622235,7.8377890745808925,-3.0730422498547245
86.99999999999933,0,392.6454544917332,43.77697240933579,7.992698792892633,-3.073042249854698
86.99999999999933,1,391.84806182482606,43.72222503769297,7.962114520243654,-3.0730422498546988
86.99999999999933,2,391.0537204019814,43.66768715831114,7.937389985441146,-3.073042249854702
86.99999999999933,3,390.2618456256666,43.61331863390318,7.9205614978181895,-3.073042249854703
86.99999999999933,4,389.47164974567636,43.55906537912947,7.909755206762587,-3.0730422498547005
86.99999999999933,5,388.68253195676255,43.504886143913765,7.9028907189093704,-3.0730422498547014
86.99999999999933,6,387.89409900439966,43.45075392819399,7.898918068181292,-3.0730422498546943
86.99999999999933,7,387.1060623840697,43.39664892383182,7.89787661422789,-3.0730422498546983
86.99999999999933,8,386.31812966453265,43.34255105308851,7.899859402196303,-3.0730422498546974
87.09999999999933,0,391.8480618248232,43.72222503769261,7.962114520243747,-3.073042249854684
87.09999999999933,1,391.05372040197835,43.667687158310784,7.969237829877658,-3.073042249854681
87.09999999999933,2,390.25866832119266,43.6131004865886,7.974379814941399,-3.0730422498546743
87.09999999999933,3,389.46310324957767,43.558478593951094,7.978276111892978,-3.0730422498546686
87.09999999999933,4,388.6671494633746,43.50383001295427,7.980065156145452,-3.0730422498546677
87.09999999999933,5,387.8710171929319,43.44916917758965,7.979388569406916,-3.073042249854674
87.09999999999933,6,387.0749524222558,43.39451297662281,7.977036227008275,-3.0730422498546823
87.09999999999933,7,386.2791223333345,43.33987288843181,7.974793612939724,-3.073042249854678
87.09999999999933,8,385.4835159791064,43.285248161413385,7.97431444478583,-3.0730422498546757
87.19999999999932,0,391.0537204019814,43.667687158311196,7.969237829877714,-3.073042249854697
87.19999999999932,1,390.25866832119596,43.61310048658899,8.006956271785192,-3.073042249854696
87.19999999999932,2,389.45985325499555,43.55825545588061,8.03581479829256,-3.0730422498547014
87.19999999999932,3,388.65815911402774,43.50321275370774,8.055482833175512,-3.073042249854698
87.19999999999932,4,387.85450278892245,43.44803533193098,8.066074224658614,-3.073042249854703
87.19999999999932,5,387.0497898122254,43.3927853625879,8.068818284683875,-3.0730422498547014
87.19999999999932,6,386.2448030740122,43.33751659733146,8.066174074032109,-3.073042249854703
87.19999999999932,7,385.4400801358287,43.28226594405286,8.06147593045122,-3.0730422498547045
87.19999999999932,8,384.63582590857015,43.2270474715206,8.057684740156887,-3.073042249854704
87.29999999999932,0,390.25866832119857,43.61310048658929,8.006956271785281,-3.0730422498547183
87.29999999999932,1,389.45985325499777,43.55825545588088,8.06899697216873,-3.073042249854715
87.29999999999932,2,388.65484869000363,43.502985466673636,8.116191064171563,-3.0730422498547205
87.29999999999932,3,387.8451358000917,43.44739221337737,8.14734944876571,-3.0730422498547223
87.29999999999932,4,387.03231438976275,43.391585535341164,8.16351602875216,-3.0730422498547236
87.29999999999932,5,386.21788011841306,43.33566812152152,8.16737346535278,-3.073042249854722
87.29999999999932,6,385.40306100938403,43.279724285523244,8.162884796809921,-3.0730422498547307
87.29999999999932,7,384.588689712974,43.223811195435886,8.15474822433687,-3.0730422498547316
87.29999999999932,8,383.7751301628077,43.167953838207794,8.147004817658894,-3.073042249854727
87.39999999999931,0,389.4598532549983,43.55825545588091,8.068996972168812,-3.073042249854723
87.39999999999931,1,388.654848690004,43.502985466673664,7.992698859130033,-3.0730422498547307
87.39999999999931,2,387.85745601648864,43.448238094577164,7.931132124335467,-3.0730422498547343
87.39999999999931,3,387.06620555652626,43.39391243447031,7.887896561792625,-3.0730422498547325
87.39999999999931,4,386.279268498259,43.33988292382088,7.860080290447544,-3.0730422498547254
87.39999999999931,5,385.4951065340327,43.286043945529094,7.843749185254897,-3.0730422498547223
87.39999999999931,6,384.7125738447062,43.23231682996459,7.8358393820827335,-3.0730422498547245
87.39999999999931,7,383.93083027795376,43.17864389396384,7.834435568836454,-3.0730422498547294
87.39999999999931,8,383.1492267628177,43.124980573624526,7.837788938744707,-3.073042249854728
87.4999999999993,0,388.6548486900006,43.502985466673294,7.9926988591301065,-3.073042249854705
87.4999999999993,1,387.85745601648534,43.44823809457682,7.962114504192744,-3.073042249854699
87.4999999999993,2,387.0631145952417,43.39370021530489,7.937389904221397,-3.0730422498546908
87.4999999999993,3,386.27123982703023,43.33933169145332,7.920561371387756,-3.0730422498546925
87.4999999999993,4,385.48104395965316,43.285078437545536,7.9097550528681015,-3.073042249854697
87.4999999999993,5,384.6919261860927,43.230899203384,7.902890551536505,-3.0730422498546983
87.4999999999993,6,383.9034932504278,43.17676698881064,7.898917897297918,-3.073042249854696
87.4999999999993,7,383.1154566471461,43.12266198561899,7.897876445989245,-3.0730422498546974
87.4999999999993,8,382.3275239443934,43.068564116028064,7.899859239351145,-3.073042249854697
87.5999999999993,0,387.85745601648233,43.44823809457645,7.962114504192835,-3.0730422498546783
87.5999999999993,1,387.0631145952388,43.39370021530455,7.9692377470676545,-3.073042249854681
87.5999999999993,2,386.2680625227147,43.33911354414957,7.974379680389713,-3.0730422498546863
87.5999999999993,3,385.4724974645228,43.2844916524337,7.978275942943675,-3.0730422498546806
87.5999999999993,4,384.6765436951754,43.22984307259415,7.980064968011807,-3.0730422498546734
87.5999999999993,5,383.8804114435019,43.17518223851817,7.9793883738348015,-3.0730422498546726
87.5999999999993,6,383.08434669233696,43.12052603889096,7.977036032098554,-3.073042249854679
87.5999999999993,7,382.28851662286104,43.065885952035,7.9747934234115565,-3.0730422498546788
87.5999999999993,8,381.49291028754124,43.01126122631479,7.9743142625054455,-3.0730422498546783
87.69999999999929,0,387.06311459524215,43.393700215304975,7.9692377470677025,-3.073042249854711
87.69999999999929,1,386.2680625227181,43.339113544149996,8.006956135911572,-3.073042249854707
87.69999999999929,2,385.46924747007296,43.284268514372314,8.035814622424851,-3.073042249854708
87.69999999999929,3,384.6675533466506,43.22922581340407,8.055482632256435,-3.0730422498546988
87.69999999999929,4,383.8638970415901,43.17404839300353,8.066074011599277,-3.073042249854698
87.69999999999929,5,383.05918408614923,43.118798425119834,8.068818069221575,-3.073042249854704
87.69999999999929,6,382.2541973694315,43.06352966133926,8.066173862619998,-3.0730422498547014
87.69999999999929,7,381.4494744523398,43.008279009508755,8.061475726564819,-3.0730422498547005
87.69999999999929,8,380.6452202454219,42.95306053837304,8.057684544914391,-3.073042249854703
87.79999999999929,0,386.2680625227203,43.33911354415025,8.006956135911658,-3.0730422498547165
87.79999999999929,1,385.46924747007506,43.284268514372556,8.068996795218407,-3.073042249854715
87.79999999999929,2,384.6642429227343,43.228998526377374,8.116190857422374,-3.0730422498547143
87.79999999999929,3,383.854530053449,43.173405274497256,8.147349224969965,-3.0730422498547165
87.79999999999929,4,383.0417086654469,43.11759859799393,8.163515798743312,-3.073042249854722
87.79999999999929,5,382.22727441704455,43.06168118574982,8.167373237079346,-3.073042249854726
87.79999999999929,6,381.41245533078893,43.00573735131513,8.162884575281886,-3.0730422498547316
87.79999999999929,7,380.59808405647965,42.94982426274515,8.154748011962322,-3.073042249854737
87.79999999999929,8,379.78452452750093,42.8939669069718,8.14700461492934,-3.0730422498547325
87.89999999999928,0,385.4692474700754,43.284268514372556,8.068996795218506,-3.073042249854728
87.89999999999928,1,384.6642429227346,43.228998526377374,7.992698651510104,-3.073042249854734
87.89999999999928,2,383.86685026993274,43.17425115570302,7.931131895687473,-3.0730422498547285
87.89999999999928,3,383.07559983278145,43.11992549716234,7.887896322884733,-3.073042249854724
87.89999999999928,4,382.28866279834887,43.06589598814935,7.860080050250973,-3.0730422498547227
87.89999999999928,5,381.504500858086,43.01205701150282,7.843748950136578,-3.0730422498547236
87.89999999999928,6,380.721968192216,42.95832989754879,7.835839155798586,-3.0730422498547294
87.89999999999928,7,379.94022464803857,42.904656963098034,7.834435352887518,-3.073042249854729
87.89999999999928,8,379.15862115444713,42.8509936442379,7.837788733104401,-3.073042249854727
87.99999999999928,0,384.6642429227317,43.22899852637701,7.992698651510203,-3.0730422498547103
87.99999999999928,1,383.8668502699295,43.17425115570266,7.962114274860321,-3.0730422498547068
87.99999999999928,2,383.0725088715652,43.11971327800161,7.9373896613338975,-3.0730422498547
87.99999999999928,3,382.28063412758524,43.0653447558137,7.920561123928297,-3.073042249854698
87.99999999999928,4,381.49043828489624,43.01109150360094,7.909754808150398,-3.073042249854705
87.99999999999928,5,380.70132053575,42.956912271115655,7.90289031453946,-3.073042249854704
87.99999999999928,6,379.91288762372955,42.90278005816562,7.898917670697224,-3.073042249854704
87.99999999999928,7,379.12485104305426,42.84867505652612,7.897876230523674,-3.0730422498547085
87.99999999999928,8,378.33691836179753,42.79457718841108,7.899859034572606,-3.0730422498547028
88.09999999999927,0,383.86685026992626,43.17425115570235,7.962114274860386,-3.073042249854673
88.09999999999927,1,383.07250887156243,43.11971327800128,7.969237503658086,-3.073042249854672
88.09999999999927,2,382.27745682332215,43.065126608513594,7.974379429723742,-3.0730422498546686
88.09999999999927,3,381.4818917901383,43.01050471851468,7.978275692409563,-3.0730422498546655
88.09999999999927,4,380.68593804578524,42.95585614039119,7.980064723458569,-3.073042249854673
88.09999999999927,5,379.88980581850944,42.90119530799034,7.979388139032715,-3.0730422498546734
88.09999999999927,6,379.09374109076975,42.846539109971424,7.977035808801557,-3.0730422498546783
88.09999999999927,7,378.2979110435708,42.79189902464499,7.974793211726066,-3.073042249854678
88.09999999999927,8,377.5023047293698,42.73727430037475,7.97431406164717,-3.0730422498546783
88.19999999999926,0,383.0725088715659,43.11971327800167,7.969237503658163,-3.0730422498547036
88.19999999999926,1,382.2774568233254,43.065126608513935,8.006955884864055,-3.0730422498547054
88.19999999999926,2,381.47864179572605,43.01028158045586,8.03581436936426,-3.073042249854703
88.19999999999926,3,380.67694769755053,42.95523888122101,8.05548238315615,-3.0730422498546996
88.19999999999926,4,379.8732914173414,42.90006146252672,8.066073771023584,-3.0730422498547023
88.19999999999926,5,379.0685784859015,42.8448114962909,8.068817839897289,-3.0730422498547028
88.19999999999926,6,378.26359179206236,42.78954273408111,8.066173645522875,-3.0730422498547036
88.19999999999926,7,377.4588688966296,42.73429208373766,8.061475521284653,-3.073042249854704
88.19999999999926,8,376.6546147101916,42.679073614008054,8.057684350405442,-3.073042249854705
88.29999999999926,0,382.27745682332795,43.065126608514205,8.006955884864134,-3.073042249854729
88.29999999999926,1,381.47864179572844,43.01028158045611,8.068996541896635,-3.0730422498547343
88.29999999999926,2,380.67363727366046,42.955011594196115,8.116190606389079,-3.073042249854735
88.29999999999926,3,379.8639244294193,42.89941834403548,8.147348980952428,-3.0730422498547334
88.29999999999926,4,379.0511030657617,42.84361166920367,8.163515565187875,-3.073042249854732
88.29999999999926,5,378.2366688406597,42.787694258559284,8.167373015820248,-3.0730422498547245
88.29999999999926,6,377.4218497764782,42.73175042564017,8.162884366645793,-3.073042249854726
88.29999999999926,7,376.60747852298323,42.67583733849925,8.154747815124766,-3.073042249854725
88.29999999999926,8,375.79391901364204,42.61997998407415,8.147004428648076,-3.0730422498547227
88.39999999999925,0,381.47864179572827,43.01028158045617,8.068996541896695,-3.073042249854729
88.39999999999925,1,380.67363727366035,42.95501159419616,7.992698400317731,-3.0730422498547245
88.39999999999925,2,379.87624464591846,42.90026422524237,7.9311316502505464,-3.073042249854722
88.39999999999925,3,379.08499423325344,42.84593856838282,7.887896086841508,-3.0730422498547254
88.39999999999925,4,378.2980572223697,42.79190906098664,7.860079826083216,-3.073042249854727
88.39999999999925,5,377.51389530447085,42.73807008587559,7.843748738922794,-3.073042249854728
88.39999999999925,6,376.73136265967264,42.68434297336833,7.8358389573318,-3.0730422498547325
88.39999999999925,7,375.9496191352953,42.63067004027701,7.834435166018827,-3.0730422498547316
88.39999999999925,8,375.1680156603465,42.57700672269684,7.8377885564510885,-3.07304224985473
88.49999999999925,0,380.6736372736574,42.95501159419578,7.992698400317804,-3.0730422498547014
88.49999999999925,1,379.87624464591556,42.900264225242,7.962114029350015,-3.0730422498547005
88.49999999999925,2,379.08190327204494,42.8457263492226,7.937389424311952,-3.0730422498546988
88.49999999999925,3,378.2900285517112,42.79135782865822,7.920560898088874,-3.073042249854706
88.49999999999925,4,377.49983273155317,42.73710457799241,7.909754595150788,-3.073042249854706
88.49999999999925,5,376.71071500365684,42.68292534696606,7.90289011482579,-3.0730422498547103
88.49999999999925,6,375.92228211156043,42.62879313538403,7.898917483631133,-3.0730422498547085
88.49999999999925,7,375.13424554954815,42.57468813502587,7.897876054710149,-3.0730422498547054
88.49999999999925,8,374.3463128858318,42.520590268115086,7.899858868536279,-3.073042249854705
88.59999999999924,0,379.87624464591255,42.900264225241656,7.962114029350123,-3.0730422498546774
88.59999999999924,1,379.0819032720419,42.845726349222275,7.969237266633712,-3.073042249854673
88.59999999999924,2,378.28685124744845,42.79113968135812,7.974379203279793,-3.0730422498546712
88.59999999999924,3,377.4912862368558,42.73651779291027,7.978275478429102,-3.0730422498546694
88.59999999999924,4,376.6953325138506,42.681869216252466,7.980064522901394,-3.0730422498546788
88.59999999999924,5,375.89920030658345,42.62720838522539,7.979387951822983,-3.0730422498546814
88.59999999999924,6,375.1031355975208,42.57255218848883,7.977035633959681,-3.0730422498546828
88.59999999999924,7,374.3073055677651,42.517912104359965,7.974793047678535,-3.0730422498546806
88.59999999999924,8,373.51169926993043,42.463287381213405,7.974313906866336,-3.07304224985468
88.69999999999924,0,379.08190327204517,42.84572634922267,7.969237266633765,-3.0730422498547014
88.69999999999924,1,378.28685124745175,42.7911396813585,8.006955658475444,-3.0730422498547076
88.69999999999924,2,377.48803624243794,42.73629465485111,8.03581415509349,-3.073042249854711
88.69999999999924,3,376.6863421656392,42.681251957083916,8.055482182196144,-3.0730422498547085
88.69999999999924,4,375.8826859054788,42.62607453976615,8.066073583751065,-3.0730422498547005
88.69999999999924,5,375.07797299272215,42.57082457481309,8.06881766581252,-3.073042249854697
88.69999999999924,6,374.2729863162505,42.5155558137957,8.066173483383784,-3.073042249854706
88.69999999999924,7,373.4682634369936,42.46030516456287,8.061475369397101,-3.073042249854705
88.69999999999924,8,372.6640092657086,42.40508669587365,8.057684207223216,-3.0730422498547045
88.79999999999923,0,378.2868512474539,42.79113968135873,8.006955658475533,-3.07304224985473
88.79999999999923,1,377.4880362424401,42.73629465485135,8.068996327727426,-3.073042249854729
88.79999999999923,2,376.68303174173843,42.681024670058335,8.11619040539922,-3.0730422498547245
88.79999999999923,3,375.87331891754945,42.62543142127443,8.147348793754102,-3.0730422498547174
88.79999999999923,4,375.06049757256767,42.569624747724845,8.163515391677079,-3.07304224985472
88.79999999999923,5,374.2460633647761,42.513707338268944,8.167372855159886,-3.0730422498547227
88.79999999999923,6,373.4312443166227,42.457763506450306,8.162884217399546,-3.0730422498547223
88.79999999999923,7,372.61687307801765,42.401850420331684,8.154747675526904,-3.0730422498547156
88.79999999999923,8,371.80331358260344,42.34599306686272,8.147004297161564,-3.0730422498547196
88.89999999999922,0,377.48803624244,42.73629465485132,8.068996327727486,-3.0730422498547316
88.89999999999922,1,376.6830317417387,42.68102467005831,7.992698199465479,-3.0730422498547334
88.89999999999922,2,375.8856391340349,42.62627730248032,7.9311314632349745,-3.073042249854728
88.89999999999922,3,375.09438874002757,42.57195164690181,7.887895913792223,-3.0730422498547245
88.89999999999922,4,374.3074517464081,42.51792214069094,7.860079666506345,-3.0730422498547276
88.89999999999922,5,373.5232898444294,42.46408316667297,7.843748591719703,-3.073042249854729
88.89999999999922,6,372.7407572143168,42.41035605517399,7.835838820930553,-3.073042249854728
88.89999999999922,7,371.9590137035476,42.35668312301695,7.834435038623124,-3.0730422498547307
88.89999999999922,8,371.17741024130873,42.30301980630942,7.837788436555544,-3.073042249854728
88.99999999999922,0,376.68303174173536,42.681024670057994,7.992698199465544,-3.0730422498547005
88.99999999999922,1,375.88563913403163,42.62627730247999,7.962113842499183,-3.0730422498546988
88.99999999999922,2,375.0912977788023,42.57173942774046,7.937389251615589,-3.0730422498546934
88.99999999999922,3,374.299423075698,42.517370908358984,7.920560739281597,-3.0730422498546957
88.99999999999922,4,373.50922727138345,42.46311765878095,7.909754449428992,-3.073042249854698
88.99999999999922,5,372.72010955802483,42.40893842875279,7.9028899808951305,-3.073042249854695
88.99999999999922,6,371.93167667929026,42.354806218088086,7.8989173598339475,-3.073042249854696
88.99999999999922,7,371.1436401296286,42.3007012185779,7.8978759392535,-3.073042249854697
88.99999999999922,8,370.35570747743054,42.246603352457946,7.899858759964199,-3.0730422498546988
89.09999999999921,0,375.885639134029,42.62627730247965,7.962113842499296,-3.0730422498546788
89.09999999999921,1,375.0912977787996,42.57173942774014,7.9692370941216915,-3.0730422498546845
89.09999999999921,2,374.2962457714166,42.51715276105763,7.974379044958604,-3.0730422498546837
89.09999999999921,3,373.500680776619,42.462530873694284,7.9782753337158505,-3.0730422498546783
89.09999999999921,4,372.70472706805083,42.4078822980277,7.9800643907528634,-3.073042249854671
89.09999999999921,5,371.9085948739676,42.35322146790576,7.979387830805797,-3.0730422498546752
89.09999999999921,6,371.11253017697834,42.298565271998136,7.977035522372424,-3.0730422498546788
89.09999999999921,7,370.31670015835533,42.24392518863361,7.974792943759155,-3.0730422498546783
89.09999999999921,8,369.52109387088825,42.18930046619887,7.974313809221999,-3.073042249854679
89.1999999999992,0,375.0912977788031,42.571739427740546,7.969237094121747,-3.073042249854706
89.1999999999992,1,374.2962457714201,42.517152761058014,8.006955500351587,-3.073042249854706
89.1999999999992,2,373.4974307821816,42.462307735633715,8.035814010967012,-3.0730422498547023
89.1999999999992,3,372.6957367197614,42.40726503885371,8.055482051234755,-3.0730422498547036
89.1999999999992,4,371.8920804726666,42.35208762243302,8.066073464732876,-3.0730422498547023
89.1999999999992,5,371.08736757178394,42.29683765829519,8.06881755721342,-3.073042249854713
89.1999999999992,6,370.28238090614684,42.241568898021704,8.066173383493489,-3.0730422498547085
89.1999999999992,7,369.4776580368551,42.18631824947303,8.06147527650639,-3.073042249854708
89.1999999999992,8,368.67340387483716,42.13109978142011,8.057684120012548,-3.0730422498547068
89.2999999999992,0,374.29624577142226,42.51715276105827,8.006955500351664,-3.073042249854722
89.2999999999992,1,373.4974307821839,42.462307735633956,8.068996183805751,-3.0730422498547254
89.2999999999992,2,372.69242629584073,42.40703775182675,8.116190275097408,-3.0730422498547245
89.2999999999992,3,371.88271348465105,42.35144450393536,8.147348676049836,-3.073042249854725
89.2999999999992,4,371.06989215141203,42.295637831192025,8.163515285222106,-3.073042249854727
89.2999999999992,5,370.2554579542409,42.239720422465325,8.167372758380202,-3.0730422498547263
89.2999999999992,6,369.44063891574285,42.18377659130959,8.162884128604494,-3.0730422498547187
89.2999999999992,7,368.6262676859964,42.12786350579917,8.15474759307721,-3.0730422498547227
89.2999999999992,8,367.81270819880785,42.072006152895,8.147004219818134,-3.0730422498547254
89.3999999999992,0,373.4974307821838,42.46230773563394,8.068996183805833,-3.073042249854731
89.3999999999992,1,372.69242629584073,42.40703775182675,7.992698069371369,-3.07304224985473
89.3999999999992,2,371.89503370111584,42.35229038513985,7.9311313462392095,-3.0730422498547267
89.3999999999992,3,371.1037833187804,42.29796473036269,7.887895808733815,-3.073042249854727
89.3999999999992,4,370.31684633564237,42.24393522487149,7.860079571955381,-3.073042249854722
89.3999999999992,5,369.5326844430965,42.19009625150113,7.843748506086255,-3.0730422498547236
89.3999999999992,6,368.7501518215273,42.13636914058871,7.835838742566559,-3.073042249854724
89.3999999999992,7,367.96840831857617,42.08269620896842,7.834434965971979,-3.07304224985473
89.3999999999992,8,367.18680486358517,42.02903289275854,7.837788368463135,-3.073042249854729
89.49999999999919,0,372.6924262958378,42.407037751826365,7.992698069371452,-3.0730422498547094
89.49999999999919,1,371.895033701113,42.3522903851395,7.962113725710232,-3.073042249854705
89.49999999999919,2,371.1006923575349,42.29775251119996,7.937389147294446,-3.073042249854705
89.49999999999919,3,370.3088176648383,42.24338399253303,7.920560646172594,-3.073042249854703
89.49999999999919,4,369.5186218698124,42.1891307435928,7.909754366058159,-3.073042249854702
89.49999999999919,5,368.7295041647716,42.13495151413565,7.9028899056845745,-3.073042249854706
89.49999999999919,6,367.9410712935403,42.08081930398616,7.898917291196161,-3.0730422498547094
89.49999999999919,7,367.1530347507263,42.026714304946125,7.897875875723677,-3.0730422498547068
89.49999999999919,8,366.36510210486637,41.972616439261344,7.899858700475576,-3.0730422498547054
89.59999999999918,0,371.8950337011102,42.35229038513917,7.962113725710337,-3.073042249854681
89.59999999999918,1,371.1006923575321,42.29775251119961,7.969236990003284,-3.073042249854683
89.59999999999918,2,370.3056403605367,42.243165845230294,7.974378952598529,-3.0730422498546814
89.59999999999918,3,369.5100753749533,42.18854395849954,7.978275251801082,-3.073042249854678
89.59999999999918,4,368.7141216745577,42.13389538339407,7.980064317796746,-3.0730422498546845
89.59999999999918,5,367.9179894877528,42.079234553771904,7.979387765265035,-3.0730422498546788
89.59999999999918,6,367.1219247973019,42.02457835831318,7.977035462733775,-3.073042249854669
89.59999999999918,7,366.3260947846287,41.96993827535717,7.974792888655629,-3.073042249854667
89.59999999999918,8,365.53048850265907,41.91531355329984,7.974313757674716,-3.073042249854671
89.69999999999918,0,371.10069235753576,42.29775251120003,7.9692369900033695,-3.073042249854713
89.69999999999918,1,370.30564036054,42.243165845230685,8.006955408187896,-3.073042249854709
89.69999999999918,2,369.50682538049614,42.18832082043767,8.03581392979911,-3.073042249854705
89.69999999999918,3,368.7051313261737,42.13327812421366,8.055481979723545,-3.0730422498547028
89.69999999999918,4,367.90147508621294,42.078100708282776,8.066073401404681,-3.0730422498547036
89.69999999999918,5,367.0967621916484,42.02285074457873,8.06881750057742,-3.073042249854706
89.69999999999918,6,366.2917755316612,41.96758198469317,8.06617333212068,-3.073042249854702
89.69999999999918,7,365.4870526674951,41.91233133649639,8.06147522913093,-3.073042249854702
89.69999999999918,8,364.6827985102035,41.857112868767956,8.057684075742522,-3.073042249854705
89.79999999999917,0,370.3056403605422,42.24316584523092,8.006955408187956,-3.0730422498547334
89.79999999999917,1,369.5068253804982,42.18832082043791,8.069036463984446,-3.074629233145698
89.79999999999917,2,368.7017301160261,42.134328162367865,8.11626671949535,-3.0762976271408666
89.79999999999917,3,367.8918326537098,42.08137061147242,8.147455920017332,-3.077838234655002
89.79999999999917,4,367.0787417496166,42.02946213791422,8.163647752134082,-3.07805792180403
89.79999999999917,5,366.2640239047893,41.97762950538137,8.167524507683268,-3.0740540635699345
89.79999999999917,6,365.4491334861887,41.922509114685,8.16304774686997,-3.061875011835894
89.79999999999917,7,364.6354205461381,41.857504059704,8.154913649685364,-3.039810829590655
89.79999999999917,8,363.8241491392795,41.774645033261336,8.147167415700569,-3.0143493664256726
89.89999999999917,0,369.5066919533081,42.19030005605106,8.069036463984496,-3.0746292309664174
89.89999999999917,1,368.70159674929675,42.13630739869288,7.9927890275582145,-3.0758923835124508
89.89999999999917,2,367.90404156918873,42.083832269778085,7.931268206553058,-3.0781060717031035
89.89999999999917,3,367.11251086022594,42.03351302901388,7.8880723984606975,-3.079906250514634
89.89999999999917,4,366.32520272459544,41.984885082704125,7.860289220431538,-3.078683170024803
89.89999999999917,5,365.5407286493409,41.93546902561355,7.843983513969648,-3.071342422070067
89.89999999999917,6,364.75825802411566,41.880409838706555,7.836088958688026,-3.0554994437469176
89.89999999999917,7,363.9775190808542,41.81302746987423,7.834687784054284,-3.031773626340333
89.89999999999917,8,363.1987074366871,41.72715461839624,7.838036289499934,-3.0072031762606866
89.99999999999916,0,368.7014926380705,42.137882908948384,7.992789027558285,-3.075892387476368
89.99999999999916,1,367.90393816855396,42.08540784301417,7.9398068727552085,-3.0752397726098173
89.99999999999916,2,367.11169725551235,42.03276274527851,7.895820883118274,-3.0683336375509853
89.99999999999916,3,366.3242225022075,41.97496892494695,7.86377272754677,-3.0536388202136004
89.99999999999916,4,365.54088176265907,41.90589232707022,7.8419253844873245,-3.032765751418002
89.99999999999916,5,364.76132708026694,41.82071971642727,7.8280992609417686,-3.011401933911971
89.99999999999916,6,363.98511945024995,41.71909194715226,7.821022643493684,-3.0001843565627793
89.99999999999916,7,363.21076293255715,41.608859734593,7.820193014145313,-3.01174935807755
89.99999999999916,8,362.4352508603424,41.50759955248928,7.8241738531425815,-3.033870969342968
90.09999999999916,0,367.90399219696974,42.0845930465441,7.939806872466791,-3.075239110014855
90.09999999999916,1,367.1117587358656,42.03194826082583,7.846954613921647,-3.043127607048052
90.09999999999916,2,366.3308638754349,41.95480794392843,7.766639274476695,-3.0361517301574237
90.09999999999916,3,365.55851224992523,41.87306731443071,7.7039403367649655,-3.0536695313693656
90.09999999999916,4,364.79109164105444,41.80541886674426,7.658691570189073,-3.095487475138592
90.09999999999916,5,364.0260320700047,41.770120597728564,7.6299212244912775,-3.161882266984736
90.09999999999916,6,363.2631902848216,41.785600404743874,7.616893756662965,-3.2536144671564964
90.09999999999916,7,362.50626532036813,41.8707488530941,7.617821643328043,-3.371969942000802
90.09999999999916,8,361.76459576888504,42.044700861131695,7.627595693810308,-3.5188112380251306
90.19999999999915,0,367.11542725351353,41.99201517863037,7.846954613912717,-3.0431683435223893
90.19999999999915,1,366.33452953367487,41.91490670264224,7.717168566369178,-3.0776055544100913
90.19999999999915,2,365.5643894679995,41.86556004554909,7.604995173713283,-3.1362735530924355
90.19999999999915,3,364.80389065607847,41.8615138055531,7.518201376956682,-3.2192718374913505
90.19999999999915,4,364.05431471829297,41.91985532535665,7.458174669674241,-3.32731149945137
90.19999999999915,5,363.3212809276183,42.057576411081214,7.4244333892707575,-3.4617697020885396
90.19999999999915,6,362.6165026210149,42.29126415725213,7.414686997230275,-3.6247739928185836
90.19999999999915,7,361.9598207452078,42.63578926889813,7.4234648267674235,-3.819308181572031
90.19999999999915,8,361.38140216505235,43.10133696071451,7.441808527182986,-4.027226766663064
90.29999999999914,0,366.33147813387785,41.95779903767771,7.717168566259001,-3.0775560053014717
90.29999999999914,1,365.5613430249981,41.90841463890996,7.517168539492916,-3.1195652822233537
90.29999999999914,2,364.80978703894186,41.89185704390495,7.338798807474128,-3.184837390863163
90.29999999999914,3,364.0765094518903,41.923582586690955,7.206069122307371,-3.2731589588299173
90.29999999999914,4,363.361943339915,42.018126051975756,7.121522795722806,-3.385206718862651
90.29999999999914,5,362.67048574773105,42.18995469419504,7.080616381808155,-3.5225439129687244
90.29999999999914,6,362.0126606325237,42.45336418417422,7.075565800898103,-3.6876268085470585
90.29999999999914,7,361.4072418609629,42.8211546083736,7.09558237969981,-3.883843488420986
90.29999999999914,8,360.8833624563257,43.301505419568,7.127405530124622,-4.082578543527665
90.39999999999914,0,365.55976726699157,41.96083899722417,7.5171685395339605,-3.1194901921879934
90.39999999999914,1,364.8082340234291,41.94422554652934,7.330652291124251,-3.252340034533372
90.39999999999914,2,364.0796485079848,42.025244760658545,7.181250904797018,-3.4104613870239153
90.39999999999914,3,363.38727841757645,42.21601604263918,7.079711821729283,-3.595824803012899
90.39999999999914,4,362.75099354715724,42.526693816335815,7.024256219669756,-3.7941224648061658
90.39999999999914,5,362.1927860971933,42.953263999085436,7.008208305693004,-3.9908653305124875
90.39999999999914,6,361.7297896126722,43.47951689409352,7.021660667008684,-4.1871583579932725
90.39999999999914,7,361.37764573489113,44.08712994876132,7.053583286647066,-4.383828839936243
90.39999999999914,8,361.1499897161849,44.754864691036424,7.092238626831423,-4.550031202021984
90.49999999999913,0,364.82235188846755,42.10677318453524,7.330652296097733,3.033938349095343
90.49999999999913,1,364.09353047712375,42.185538470835766,7.165241354882529,2.828845515032612
90.49999999999913,2,363.41171094774245,42.40600436769137,7.039886499650271,2.6281468398129912
90.49999999999913,3,362.79844437380416,42.751807000324035,6.964121508568423,2.430961867170886
90.49999999999913,4,362.27054629856934,43.206108973578765,6.934682292676774,2.2359014531596033
90.49999999999913,5,361.8425269653588,43.75179934190749,6.942044366827112,2.041667843904996
90.49999999999913,6,361.5275442186795,44.370500716288504,6.974362181607005,1.847230005771814
90.49999999999913,7,361.3371542661206,45.041515963827294,7.018150660188249,1.6518883870516436
90.49999999999913,8,361.28027447204727,45.741093912940585,7.063458441510822,1.4865264844617463
90.59999999999913,0,364.1604969607206,42.42194406947638,7.165241353002033,2.840152471311356
90.59999999999913,1,363.4762809788893,42.6346770484725,7.0552076742651355,2.639457608804954
90.59999999999913,2,362.85785183958023,42.97424287120103,6.980850630918723,2.4418460878126496
90.59999999999913,3,362.3238129784054,43.42382628623489,6.9487227453931295,2.246318646202961
90.59999999999913,4,361.88930585867286,43.96609101985146,6.9528416116095,2.0516924563718866
90.59999999999913,5,361.567685567674,44.582516570692874,6.983009961115893,1.8569522131904914
90.59999999999913,6,361.37057853993167,45.252421874981025,7.028418352883347,1.6613681749795783
90.59999999999913,7,361.30700780646055,45.952382899759755,7.077768082398407,1.4645131620477698
90.59999999999913,8,361.38209096645704,46.65616594497743,7.124334582563729,1.2977472162158157
90.69999999999912,0,363.58500986674443,42.848818094661745,7.055207675339046,2.650739183526335
90.69999999999912,1,362.9627893328375,43.18138560256462,7.255207741540917,2.4531159038207693
90.69999999999912,2,362.4025315194027,43.64235367652062,7.4549458578153525,2.2498925075514777
90.69999999999912,3,361.9342938495361,44.22245336986014,7.623707215085327,2.041077057073257
90.69999999999912,4,361.58883581473685,44.902061977610586,7.753181721279527,1.8275378659446153
90.69999999999912,5,361.39195908599345,45.651967187083685,7.844673301962152,1.61037571226611
90.69999999999912,6,361.36091846242294,46.43582015696995,7.904043487652386,1.3906516603793886
90.69999999999912,7,361.502536715662,47.21343401764407,7.937766183815424,1.2044083507555197
90.69999999999912,8,361.78690361314716,47.954525645690566,7.955734177345761,1.0495386751793785
90.79999999999912,0,363.1076336021149,43.368309636402614,7.255207672962926,2.464234718541487
90.79999999999912,1,362.5422851025462,43.823019934842286,7.455207682772623,2.2610252935986503
90.79999999999912,2,362.06760177646413,44.39789118467597,7.645429390530643,2.052214435276571
90.79999999999912,3,361.7135904397072,45.07553554388244,7.799573887836545,1.8380761671194048
90.79999999999912,4,361.507596740074,45.82779888094749,7.912078637649529,1.6196180313576105
90.79999999999912,5,361.4689837116366,46.618064004428874,7.986788562750894,1.4331875672697676
90.79999999999912,6,361.578541843269,47.40919299864252,8.031622298108735,1.277362539452457
90.79999999999912,7,361.8108484317904,48.17802558235901,8.05416536574235,1.1508046617674468
90.79999999999912,8,362.13925834026065,48.913446049926385,8.06384087776719,1.0523005094306312
90.89999999999911,0,362.7242953714007,43.98429030339163,7.4552076731853365,2.272443192435129
90.89999999999911,1,362.24307931008536,44.553704311008275,7.520788911435713,2.063628422993176
90.89999999999911,2,361.887253604076,45.21628315268878,7.582810641575148,1.8529775879671417
90.89999999999911,3,361.67610918735306,45.94457444808472,7.6374517294503965,1.6405811226925069
90.89999999999911,4,361.62285431442615,46.70646070077241,7.682644464776944,1.4606724480016244
90.89999999999911,5,361.70729895883426,47.470087338780225,7.7185599851752515,1.310809900215951
90.89999999999911,6,361.9057575170565,48.216061323482634,7.746890592785255,1.1891971206915033
90.89999999999911,7,362.1943448012878,48.93514143610393,7.7681044614675905,1.094450647930545
90.89999999999911,8,362.55069764459483,49.62565678437842,7.784108679536028,1.025547659139623
90.9999999999991,0,362.4582660841809,44.68073099714597,7.5207889095375915,2.0753647167639704
90.9999999999991,1,362.09468883630893,45.3390882311532,7.614194966654163,1.8647500554032699
90.9999999999991,2,361.8740762003504,46.06784725727383,7.693709197578577,1.6853925877498306
90.9999999999991,3,361.7861020110805,46.83217189805673,7.756753891929458,1.5353491514053388
90.9999999999991,4,361.8135917499972,47.60736002044561,7.802946554754215,1.4131898844729394
90.9999999999991,5,361.93606271030575,48.377983543397306,7.8342533035693425,1.3178263765308893
90.9999999999991,6,362.13213877622354,49.13647508937597,7.854532919651158,1.2484140392568919
90.9999999999991,7,362.38099159359297,49.88146445172378,7.868329763360939,1.2043180275109733
90.9999999999991,8,362.6629373047779,50.616047836946166,7.87827139955902,1.1851267078745078
91.0999999999991,0,362.3326250675204,45.42224093683431,7.614194968229894,1.8765776110706684
91.0999999999991,1,362.10340863363103,46.14833974258097,7.714616476363731,1.729122731460958
91.0999999999991,2,361.98177506307195,46.910152948464976,7.797158639594735,1.6086038681579082
91.0999999999991,3,361.9523013424439,47.68931415456858,7.859388061572122,1.5142454720642466
91.0999999999991,4,361.9967201970435,48.47400252958641,7.90221298362558,1.4455162180128216
91.0999999999991,5,362.09545612145973,49.258041321535615,7.928879606878428,1.402040579228889
91.0999999999991,6,362.22862088363354,50.03968242004785,7.944168681648628,1.3835811570988674
91.0999999999991,7,362.37647418513586,50.820240996674094,7.953187740721051,1.390066597086851
91.0999999999991,8,362.51942361223985,51.60263636068701,7.958729044141056,1.4216476977307035
91.1999999999991,0,362.2806800055221,46.18188648523554,7.714616476119568,1.7332600154161129
91.1999999999991,1,362.1558961382921,46.943189354053544,7.670629493598166,1.6237330542363817
91.1999999999991,2,362.11531039022,47.70918152301115,7.638390579793905,1.5412821293485326
91.1999999999991,3,362.1378563471788,48.47270137897232,7.62073707076731,1.4844296443770923
91.1999999999991,4,362.2036045414691,49.23196250524329,7.615037980908059,1.4521756664979566
91.1999999999991,5,362.2937444313004,49.988161984864725,7.618105131861078,1.4439902741453734
91.1999999999991,6,362.39011943273823,50.74392717701616,7.627642940191889,1.4597528365600851
91.1999999999991,7,362.474685569608,51.50209622511215,7.641934476612337,1.4997106827094249
91.1999999999991,8,362.52900739554923,52.26450204798247,7.657639263228324,1.541572572006428
91.29999999999909,0,362.2908551531701,46.95328102596011,7.67062949271018,1.6254086387566316
91.29999999999909,1,362.2489849132217,47.71920037333811,7.66801504797379,1.560898271295182
91.29999999999909,2,362.2565745914806,48.48596437204908,7.668605500708947,1.5212152990679826
91.29999999999909,3,362.29458054351915,49.25188277706516,7.67390167945893,1.5058406557133948
91.29999999999909,4,362.3443914031875,50.017655161385385,7.6824065798142565,1.514592099898416
91.29999999999909,5,362.3875463306267,50.784683692494625,7.692765804759615,1.5476190359246313
91.29999999999909,6,362.4053746871421,51.553753706956854,7.7046269884424845,1.5885888709511948
91.29999999999909,7,362.3916728244161,52.324142451179455,7.718127965678326,1.6200561980128705
91.29999999999909,8,362.3536743298558,53.095131065140514,7.731588735911507,1.6404358289074725
91.39999999999908,0,362.32929097554165,47.719380396009115,7.668015044172797,1.5612515477738105
91.39999999999908,1,362.3366099435091,48.486146957507756,7.7018065910799836,1.5368126235130042
91.39999999999908,2,362.36277858424353,49.25588357963423,7.730783187382274,1.5366649971966648
91.39999999999908,3,362.3891595914405,50.02851423646486,7.755209562425149,1.5590183875900268
91.39999999999908,4,362.3982932062037,50.80398343189617,7.77470977763874,1.58793456092372
91.39999999999908,5,362.3849693069923,51.581340328629224,7.789740472891099,1.6124550517037561
91.39999999999908,6,362.3525278672315,52.359640597929186,7.801848718948473,1.6289216422610626
91.39999999999908,7,362.30720510834055,53.13851764841351,7.81296177406147,1.638316197945946
91.39999999999908,8,362.25449221383974,53.918045580562534,7.822944684534237,1.6434777751067977
91.49999999999908,0,362.3671270972968,48.48524787014015,7.7018065987954465,1.536831962937193
91.49999999999908,1,362.39328076440586,49.254984340985274,7.765300748948489,1.558622234529317
91.49999999999908,2,362.40273408072017,50.03145689998147,7.81689469798236,1.58052791590013
91.49999999999908,3,362.39512712160683,50.813109474397386,7.855807526306004,1.600767107367349
91.49999999999908,4,362.37158617690386,51.59833760856745,7.882716118815552,1.6163823129980022
91.49999999999908,5,362.33566448287996,52.38579036214393,7.899761503197063,1.626744760428811
91.49999999999908,6,362.29148960706414,53.17453044630195,7.910255666929961,1.6328778375590947
91.49999999999908,7,362.2424130747464,53.96403223195474,7.917744754879069,1.6362557629167127
91.49999999999908,8,362.1906209562787,54.75411110038155,7.923404194003555,1.6382455641722506
91.59999999999907,0,362.3660592813378,49.255427789783646,7.765300748948557,1.558608636607298
91.59999999999907,1,362.37552315501443,50.0319001925843,7.851817063633484,1.5789453489518939
91.59999999999907,2,362.36912464377957,50.81705754109991,7.9203263144642,1.5963554909575435
91.59999999999907,3,362.34888297144437,51.608832619006634,7.969220812783774,1.610654715865035
91.59999999999907,4,362.3171274325191,52.405121972142794,8.000185465340373,1.6210083117756713
91.59999999999907,5,362.27697405539476,53.20413623750564,8.01690019155688,1.627605720456934
91.59999999999907,6,362.23145530947824,54.00453857633255,8.024254178451542,1.6315319691553625
91.59999999999907,7,362.1827497055454,54.80548709431534,8.027200643596682,1.6340380788441844
91.59999999999907,8,362.13201832233904,55.60660368429832,8.027974513335874,1.6358495939081092
91.69999999999906,0,362.3501114744591,50.031794085208304,7.851817063633557,1.5789354366725468
91.69999999999906,1,362.34372086483535,50.81694978449103,7.7989741940375295,1.5732130231518497
91.69999999999906,2,362.34183604175587,51.59684529783054,7.757535730972116,1.582297351784165
91.69999999999906,3,362.33291398594423,52.37255052628686,7.7307062369719866,1.6026934380807099
91.69999999999906,4,362.30825878619964,53.145233562559454,7.7163008281227246,1.624547182781038
91.69999999999906,5,362.26680159256296,53.9157601345336,7.711476781364916,1.6412192709649234
91.69999999999906,6,362.2125366841037,54.685022827672526,7.714177100048919,1.6504862010665233
91.69999999999906,7,362.15112092713366,55.45404630251539,7.722792212281407,1.6530466116981293
91.69999999999906,8,362.0876639921416,56.223782956037866,7.733755871607491,1.652273200729971
91.79999999999906,0,362.3508736744051,50.816975421625614,7.7989741940376245,1.573213211619831
91.79999999999906,1,362.348988754002,51.59687056321036,7.790441108963628,1.5946596676430382
91.79999999999906,2,362.33039933500083,52.37569609360698,7.784375737744904,1.6137768962693602
91.79999999999906,3,362.2969510186048,53.153417230073046,7.7824607190004444,1.628169597873701
91.79999999999906,4,362.25232453427816,53.930383144532186,7.78361468229511,1.6366443746260364
91.79999999999906,5,362.20110865295953,54.707058599781334,7.7869149910471585,1.640159346807422
91.79999999999906,6,362.14714152919447,55.483886293247615,7.7923728810265676,1.6406775367470448
91.79999999999906,7,362.0927344905515,56.261242818133084,7.800361497311278,1.6400565810827232
91.79999999999906,8,362.0387548084537,57.03942932575577,7.809127615076745,1.639227521013105
91.89999999999905,0,362.32219522221374,51.59634537945871,7.790441108963704,1.5946489898937088
91.89999999999905,1,362.3036147075101,52.37516788246915,7.818060882728408,1.6082054436815967
91.89999999999905,2,362.2743749408784,53.15642804051082,7.840295922435715,1.6195976064933502
91.89999999999905,3,362.23612872695435,53.939527019329965,7.857573377828673,1.628201149756222
91.89999999999905,4,362.1910476162102,54.723993554006526,7.869882030883122,1.633730686444272
91.89999999999905,5,362.14155203210026,55.50942497806876,7.878074282219688,1.6367762090871611
91.89999999999905,6,362.08960995438116,56.29551878806732,7.884040274176522,1.638180092255788
91.89999999999905,7,362.0365228017554,57.082141386729724,7.889913314234176,1.6385294095192502
91.89999999999905,8,361.9831206389598,57.86933482532779,7.895463252939538,1.638463664338615
91.99999999999905,0,362.2866819318058,52.374579619856206,7.818060882728469,1.6082025813233365
91.99999999999905,1,362.2574443137378,53.15583880946616,7.874781124234852,1.6168134772808833
91.99999999999905,2,362.22121959771664,53.94248330240879,7.919237466119533,1.623916300983414
91.99999999999905,3,362.1791724465289,54.7332902066769,7.950835478489387,1.6293231617704382
91.99999999999905,4,362.132665376599,55.52701404004222,7.970591945455898,1.6328647648983443
91.99999999999905,5,362.0832250360047,56.322540941740556,7.980993719950993,1.6348572299939315
91.99999999999905,6,362.03213314836717,57.1190040778716,7.985633750399479,1.6358865506512608
91.99999999999905,7,361.98019111257145,57.915876481573434,7.988204760249706,1.6364301494300457
91.99999999999905,8,361.9277989157663,58.712977593888084,7.989746600170582,1.6367740856147526
92.09999999999904,0,362.246692011183,53.15536228225929,7.874781124234923,1.6168126628540205
92.09999999999904,1,362.2104679409787,53.94200679808823,7.823672208215315,1.6159357865738753
92.09999999999904,2,362.1751642954747,54.72357711306434,7.784866370070468,1.6196426664236037
92.09999999999904,3,362.137153160912,55.501135511616795,7.76115398716457,1.6265334595052596
92.09999999999904,4,362.09391703829516,56.27604631717485,7.7494618025306234,1.6334571144524508
92.09999999999904,5,362.0453899221816,57.04947303845068,7.745969837118066,1.6385885273554432
92.09999999999904,6,361.9929181117848,57.82229478797958,7.747883577894474,1.6415682912733724
92.09999999999904,7,361.938129640281,58.595153893318006,7.753735373957118,1.6427055783350113
92.09999999999904,8,361.88241957245344,59.36854120097179,7.762596362915574,1.6425249224852
92.19999999999904,0,362.2115629106021,53.94205645653398,7.823672208215382,1.6159357869948483
92.19999999999904,1,362.1762592683724,54.72362674835752,7.789780646908461,1.6225099296219372
92.19999999999904,2,362.13599343902365,55.50156363164467,7.763565883602567,1.6288554975306233
92.19999999999904,3,362.0909441319848,56.27661210822791,7.747581829399489,1.6339405284670256
92.19999999999904,4,362.0420551596199,57.0498264029421,7.740084805982061,1.6370450296562806
92.19999999999904,5,361.99081560292325,57.82213785672367,7.739018529922119,1.6383445664126892
92.19999999999904,6,361.93857959784316,58.594276918627244,7.743179881948061,1.6385084409279624
92.19999999999904,7,361.88618886005156,59.366823629608724,7.751784979241505,1.6382183103936696
92.19999999999904,8,361.8339643122723,60.14024354092039,7.762036612573898,1.6378369304617797
92.29999999999903,0,362.16805231553684,54.723212840577894,7.789780646908566,1.6225096032812136
92.29999999999903,1,362.1277867598821,55.501149541278586,7.796903099809738,1.6271314547424067
92.29999999999903,2,362.08388602979437,56.2796031206022,7.803184072492276,1.6311652352448338
92.29999999999903,3,362.0368076559821,57.058500392860715,7.8097627856216425,1.6342914929037273
92.29999999999903,4,361.9872527457453,57.8379031450052,7.8159934759323875,1.6363167253105155
92.29999999999903,5,361.93607867999447,58.6178254411368,7.821689133654436,1.6374031985337394
92.29999999999903,6,361.88401934176966,59.39826017110784,7.827644377557025,1.637831359640956
92.29999999999903,7,361.8315858870801,60.179267616654876,7.834971989951981,1.6378223325584156
92.29999999999903,8,361.77911038139996,60.96100694399212,7.842571508438527,1.6376543642198333
92.39999999999903,0,362.12201841107026,55.50082952308257,7.796903099809786,1.6271313467275021
92.39999999999903,1,362.07811777128074,56.279282934215246,7.837321522588014,1.6302643773122778
92.39999999999903,2,362.031538213692,57.061629692635016,7.869422878011821,1.6328103480570964
92.39999999999903,3,361.98276803012783,57.8470593472509,7.893186233850123,1.6346737746285642
92.39999999999903,4,361.9323826476408,58.634768343130496,7.909024283862313,1.6358407985553551
92.39999999999903,5,361.88097508175855,59.42399842474391,7.918474115643622,1.636467633977762
92.39999999999903,6,361.829010797971,60.21413894401118,7.924143411574832,1.6367605019964648
92.39999999999903,7,361.77677772316656,61.00483003307131,7.928827932631188,1.636864418913199
92.39999999999903,8,361.72443154552764,61.79598322783829,7.932848968935985,1.6368951676239987
92.49999999999902,0,362.0742082977429,56.27905260969853,7.837321522588088,1.6302643387554097
92.49999999999902,1,362.02762877038845,57.061399357704516,7.904223734702629,1.6321096408111955
92.49999999999902,2,361.97919571345943,57.850336480207204,7.956300712690375,1.6336510600025265
92.49999999999902,3,361.92921951989626,58.64439541539561,7.99259690794952,1.6348584181262538
92.49999999999902,4,361.8780522836598,59.44201570676087,8.014534564335593,1.6356679550928288
92.49999999999902,5,361.8260971415682,60.241783597096536,8.025229391525281,1.6361254697428185
92.49999999999902,6,361.7737062861205,61.04259473801701,8.0289231122196,1.6363640610722272
92.49999999999902,7,361.72110016923364,61.84376180718607,8.029893863587704,1.636506533585917
92.49999999999902,8,361.66837353322796,62.64501823271794,8.02963828221636,1.6366108547156824
92.59999999999901,0,362.02532643132804,57.06125888020516,7.904223734702706,1.632109633320758
92.59999999999901,1,361.97689338127464,57.850195993126555,7.860941807272543,1.6319715901111858
92.59999999999901,2,361.9288338522554,58.63481968856303,7.827757357743389,1.6328013927529579
92.59999999999901,3,361.8803288849955,59.41609117425088,7.807178333518642,1.634295702404357
92.59999999999901,4,361.8307870976456,60.1952355629175,7.796513583725005,1.6357842897824764
92.59999999999901,5,361.78015479817486,60.97324114749377,7.792513768163922,1.6368873941392017
92.59999999999901,6,361.72869071641617,61.75079140886154,7.792963906983956,1.6375372345581813
92.59999999999901,7,361.6767183405724,62.52835325230295,7.796906875782493,1.637804078235784
92.59999999999901,8,361.62451205455227,63.30629494613782,7.80378376603101,1.6377983522945099
92.69999999999901,0,361.9770656121934,57.850206547555906,7.860941807272627,1.6319715901129719
92.69999999999901,1,361.9290060832211,58.63483024248745,7.859314446838703,1.633496917374632
92.69999999999901,2,361.8797599995353,59.41921730343386,7.859276360198079,1.634874542967848
92.69999999999901,3,361.8294336150723,60.20353197669425,7.861901902469657,1.6359368576193987
92.69999999999901,4,361.7782569790612,60.98805474548659,7.865572329516207,1.636584846273625
92.69999999999901,5,361.7265478619671,61.77291043871989,7.868883914426323,1.6368780074985954
92.69999999999901,6,361.6745867908637,62.558081368254506,7.87160165782323,1.636945744612155
92.69999999999901,7,361.62255456965795,63.3435199691496,7.874658063424141,1.6369103851198632
92.69999999999901,8,361.57052992579224,64.12926543411358,7.879206113389873,1.6368553451703154
92.799999999999,0,361.9271031376712,58.63471136724338,7.859314446838784,1.6334969129493788
92.799999999999,1,361.8778570575917,59.41909842688899,7.891633588092441,1.6345072209286242
92.799999999999,2,361.8276127613991,60.20666068962127,7.918064079139735,1.635364312715668
92.799999999999,3,361.7765229327544,60.99681714203216,7.93850050927032,1.6360128965482146
92.799999999999,4,361.72478744638795,61.78897960671549,7.952360414415885,1.6364231138852563
92.799999999999,5,361.6726361115311,62.5825038104435,7.959944830199142,1.636636073978294
92.799999999999,6,361.62026589036395,63.37677367169219,7.962818151947083,1.6367285544240628
92.799999999999,7,361.56780328531886,64.171325372609,7.963591981770327,1.6367651479752672
92.799999999999,8,361.5153064998257,64.96595241952484,7.964857460177538,1.6367715454149565
92.899999999999,0,361.87659671943925,59.419018282590045,7.891633588092528,1.634507219625859
92.899999999999,1,361.8263524242814,60.20658054532933,7.951089541929919,1.6351263439359252
92.899999999999,2,361.7752383229924,61.00004485182599,7.9981352861356525,1.6356610053817369
92.899999999999,3,361.7233950477438,61.79817639317558,8.031710861126694,1.636092542199553
92.899999999999,4,361.67098827377936,62.599635897489954,8.052224380999686,1.6363867201991593
92.899999999999,5,361.618211275609,63.40312692674966,8.061540178146398,1.636545646351154
92.899999999999,6,361.56524537545556,64.20753913014386,8.06284674467921,1.6366118108319136
92.899999999999,7,361.51221766127276,65.01207816268295,8.060236991802165,1.6366400286255893
92.899999999999,8,361.4591844162077,65.8163552821978,8.05749474669626,1.6366597605405633
92.99999999999899,0,361.8255801134576,60.20653089379163,7.951089541929988,1.6351263437263546
92.99999999999899,1,361.774466012683,60.99999519528213,7.874539786150618,1.6349746754398082
92.99999999999899,2,361.72396320231053,61.78582802486984,7.81468385368064,1.6352547062219207
92.99999999999899,3,361.6736258908299,62.56567352194442,7.775170433461847,1.6358421937094687
92.99999999999899,4,361.62308727575146,63.34154632746004,7.7525111488256355,1.636447029353056
92.99999999999899,5,361.5722280472126,64.11512737880014,7.742055962899827,1.6368948840121478
92.99999999999899,6,361.5210914281037,64.88764235083664,7.740076478967654,1.6371471560064887
92.99999999999899,7,361.4697730491583,65.65994691445084,7.744157270835968,1.6372326341200856
92.99999999999899,8,361.41836156152124,66.43265430328549,7.752387967580624,1.6372035403598786
93.09999999999899,0,361.77465520733983,61.00000736034519,7.87453978615068,1.6349746754413537
93.09999999999899,1,361.7241523970285,61.78584018899716,7.845607557189602,1.6355871311551406
93.09999999999899,2,361.67335563148083,62.56875478781994,7.824080751277083,1.6361377235701822
93.09999999999899,3,361.62226836594243,63.34949321228312,7.8119784678804685,1.6365431642748325
93.09999999999899,4,361.5709440728573,64.12900324607142,7.806907698076589,1.636764853859232
93.09999999999899,5,361.51948039864334,64.90799590868443,7.80616678037998,1.6368358953816036
93.09999999999899,6,361.46796627312006,65.68691098397234,7.808141238914911,1.6368198136404586
93.09999999999899,7,361.41645164697536,66.46602390898147,7.812463818817923,1.6367742346239806
93.09999999999899,8,361.36494403263447,67.24557050916582,7.819146447579949,1.6367328120629425
93.19999999999898,0,361.7233884276939,61.78579071836486,7.845607557189704,1.6355871308763805
93.19999999999898,1,361.6725916624123,62.56870531654977,7.829439854213998,1.6359040363526103
93.19999999999898,2,361.62165197948116,63.34999043508094,7.8166764964543525,1.6362090092021586
93.19999999999898,3,361.57055745715564,64.12998637658097,7.809247408914509,1.6364716546681062
93.19999999999898,4,361.51930683003263,64.90922756232207,7.806059684389818,1.636659332837959
93.19999999999898,5,361.4679309374021,65.68814103403425,7.806082988131554,1.6367707686155328
93.19999999999898,6,361.41646809201563,66.46705111002186,7.809179542561524,1.636818682556553
93.19999999999898,7,361.3649474955131,67.24626771774884,7.815536397710914,1.6368158573698697
93.19999999999898,8,361.31338716291907,68.02611877682875,7.8231364149128195,1.6367931204930786
93.29999999999897,0,361.67219636823484,62.568679569009014,7.829439854214069,1.6359040363274238
93.29999999999897,1,361.6212566854616,63.34996468535664,7.850388477394027,1.6361716402047832
93.29999999999897,2,361.56997107483085,64.13332652949299,7.866797940180384,1.636387163257403
93.29999999999897,3,361.5184090789563,64.91831472023784,7.879313143978683,1.6365405727886726
93.29999999999897,4,361.4666444380075,65.70454380840096,7.887904823672309,1.6366328319845793
93.29999999999897,5,361.4147507366762,66.49162542373148,7.893320778972796,1.6366792269099868
93.29999999999897,6,361.36278486274034,67.27924505099165,7.897311189913211,1.6366973498774642
93.29999999999897,7,361.3107784365497,68.06726191232242,7.901839489228906,1.6366991578931605
93.29999999999897,8,361.25874076440175,68.85573052705021,7.906442574523682,1.636695331301036
93.39999999999897,0,361.62092289403057,63.349942850592726,7.85038847739411,1.6361716401814066
93.39999999999897,1,361.56963728342834,64.13330469457355,7.901233472110721,1.6363247245435057
93.39999999999897,2,361.51789881226773,64.9217322653814,7.940591598913893,1.6364497848006523
93.39999999999897,3,361.46580352643036,65.71408069303249,7.968061135081726,1.6365436447921091
93.39999999999897,4,361.4134533962184,66.50916524682398,7.9846334259090055,1.6366038999442427
93.39999999999897,5,361.360946378613,67.30590028709888,7.992691125130218,1.636636821855692
93.39999999999897,6,361.30836011707953,68.10343762155594,7.995692722572194,1.636653307381592
93.39999999999897,7,361.2557409544189,68.90127359777043,7.997172979170749,1.636661769210898
93.39999999999897,8,361.20310529786383,69.69925683363428,7.9979640072878455,1.636667075582503
93.49999999999896,0,361.5694463382806,64.1332921702888,7.901233472110791,1.6363247245390617
93.49999999999896,1,361.51770786712336,64.92171974109684,7.844922285813397,1.6363085653903293
93.49999999999896,2,361.46635077965243,65.70452910887481,7.8016372489715,1.6363725117341414
93.49999999999896,3,361.41522727785053,66.4830159908181,7.7743403328200325,1.6364921418133667
93.49999999999896,4,361.364189846307,67.25877294826128,7.759925164650804,1.6366125276353036
93.49999999999896,5,361.3131538316562,68.03308536037505,7.7544665115896025,1.6367018418795767
93.49999999999896,6,361.2620846095204,68.80684853177725,7.75503879252092,1.6367537020443663
93.49999999999896,7,361.21097148795457,69.5806661593667,7.760025471558595,1.6367732813974287
93.49999999999896,8,361.15981033866746,70.35498037136551,7.768311035197515,1.636769568050767
93.59999999999896,0,361.5177280227216,64.92172106349554,7.844922285813472,1.6363085653902785
93.59999999999896,1,361.46637093525106,65.70453043126705,7.806469473227993,1.6364235390496666
93.59999999999896,2,361.41517601964074,66.48349688566387,7.776358458183681,1.6365338148950106
93.59999999999896,3,361.36409300287625,67.25945309197158,7.757294248059043,1.6366213419604612
93.59999999999896,4,361.31306746872326,68.03350253190038,7.747495179485688,1.6366740265878292
93.59999999999896,5,361.26206566144737,68.80657150142966,7.744801321515777,1.6366953806895599
93.59999999999896,6,361.21106508538804,69.57937058098226,7.747883951330023,1.6366973273856402
93.59999999999896,7,361.16004270476566,70.35247715539913,7.755820576925721,1.6366917828713576
93.59999999999896,8,361.10897234974,71.12637595258914,7.76564769729131,1.6366849065935691
93.69999999999895,0,361.46622752733373,65.70452100963666,7.80646947322809,1.6364235390478936
93.69999999999895,1,361.41503261172903,66.48348746397238,7.809631330151294,1.6365026176246387
93.69999999999895,2,361.3637553362785,67.26276537090985,7.812557469014756,1.6365717650025347
93.69999999999895,3,361.31240494299243,68.04233171147587,7.81651905456375,1.6366254546044985
93.69999999999895,4,361.26098663523476,68.82229059440056,7.8208289283426256,1.6366602759438864
93.69999999999895,5,361.2095128022885,69.60267773921677,7.825199573599143,1.6366789521710574
93.69999999999895,6,361.15799562052706,70.38350003895107,7.830306792351064,1.6366862348387268
93.69999999999895,7,361.1064391252057,71.16483157739943,7.837135707002083,1.6366858722644309
93.69999999999895,8,361.05483795031137,71.94684454426866,7.844439184709869,1.6366827418068097
93.79999999999895,0,361.41493397671303,66.48348097525094,7.809631330151356,1.6365026176241786
93.79999999999895,1,361.3636567012668,67.26275888213101,7.846632312404419,1.6365564598103295
93.79999999999895,2,361.3120943242469,68.04572612777012,7.875865930679796,1.6366001276913749
93.79999999999895,3,361.26030552723523,68.83160815588849,7.897425692733101,1.6366319693939748
93.79999999999895,4,361.2083498688609,69.61963984012581,7.91168052316668,1.6366518198180038
93.79999999999895,5,361.1562847596871,70.4090928858925,7.920070807031842,1.636662422479061
93.79999999999895,6,361.1041560566417,71.19938258859847,7.925092467547861,1.6366673138911583
93.79999999999895,7,361.0519904337036,71.99017311335349,7.929424198913744,1.636668947169515
93.79999999999895,8,360.99979500556435,72.78139578660242,7.933258599606546,1.6366693286268723
93.89999999999894,0,361.36358954395837,67.26275446020622,7.846632312404496,1.6365564598101008
93.89999999999894,1,361.31202716693906,68.04572170584086,7.910608569679914,1.6365880293726909
93.89999999999894,2,361.26001946491243,68.83507110779175,7.9602558943289505,1.6366143348823872
93.89999999999894,3,361.20766446574055,69.62937312408957,7.9947172706548,1.6366348439973408
93.89999999999894,4,361.1550664514351,70.42711273782149,8.015369819009697,1.6366485296891797
93.89999999999894,5,361.1023216162075,71.22691241012566,8.025236985321538,1.6366562372024451
93.89999999999894,6,361.0495056784167,72.02769625329381,8.028456038321472,1.6366602444745708
93.89999999999894,7,360.9966653450517,72.82880109210373,8.029198320861283,1.6366626092249117
93.89999999999894,8,360.94381823166896,73.6299798732544,8.028848255737767,1.6366643208606524
93.99999999999893,0,361.3119877903437,68.04571911169722,7.910608569679974,1.636588029372594
93.99999999999893,1,361.25998008831755,68.83506851364591,7.864843449772865,1.6365854986384347
93.99999999999893,2,361.2082752517123,69.61985143571164,7.829621539488409,1.6365995813688579
93.99999999999893,3,361.1567909676302,70.4011190614411,7.807534933136415,1.6366250881488424
93.99999999999893,4,361.10543204435123,71.18018149689205,7.795846859350894,1.6366505312245865
93.99999999999893,5,361.0541302146014,71.95807635150447,7.791220627466502,1.6366693852223317
93.99999999999893,6,361.0028441708008,72.73550861893666,7.791344233574468,1.6366804684185783
93.99999999999893,7,360.95154869678413,73.51295265178248,7.795163644942788,1.6366849713438976
93.99999999999893,8,360.90022457461,74.29077756611227,7.8020227810994855,1.636684785873264
94.09999999999893,0,361.25998324488836,68.83506872161551,7.864843449772951,1.6365854986384463
94.09999999999893,1,361.20827840828315,69.61985164368105,7.859895625299662,1.6366116290455437
94.09999999999893,2,361.1565856057499,70.40413950318978,7.856788554472153,1.636635154175785
94.09999999999893,3,361.1048947945711,71.18811611249457,7.856589203871177,1.6366531969782154
94.09999999999893,4,361.0531911501778,71.97207189718014,7.857584325377538,1.6366641139816287
94.09999999999893,5,361.00147239743285,72.75612641372942,7.858263370793031,1.6366689716130587
94.09999999999893,6,360.94974536622317,73.54024843630609,7.858324861428857,1.6366700117594117
94.09999999999893,7,360.898017114643,74.32437654080974,7.858758893811578,1.6366693325678217
94.09999999999893,8,360.8462865386007,75.10854798956524,7.861098010617786,1.6366683461317515
94.19999999999892,0,361.20824581597947,69.61984949568188,7.85989562529974,1.6366116290454957
94.19999999999892,1,361.1565530134465,70.40413735519019,7.886347807142945,1.6366288420928128
94.19999999999892,2,361.1046726953291,71.19106381296382,7.906719372280312,1.6366433726123444
94.19999999999892,3,361.05264689894307,71.98002225853027,7.920688376835786,1.636654296417941
94.19999999999892,4,361.0005205535914,72.77037400791579,7.927478200421954,1.6366611592046145
94.19999999999892,5,360.94834409549367,73.56140290967573,7.927288316480774,1.6366646868316637
94.19999999999892,6,360.89616609677154,74.35241268015008,7.921837220262699,1.6366661889430185
94.19999999999892,7,360.8440227902013,75.14287844476196,7.914561248041082,1.6366667663258414
94.19999999999892,8,360.7919269197266,75.93261815997988,7.908995823090676,1.6366668582152184
94.29999999999892,0,361.1565315437432,70.40413593981654,7.886347807143016,1.6366288420928363
94.29999999999892,1,361.10465122562596,71.1910623975902,7.936697353256319,1.6366392629838382
94.29999999999892,2,361.0524314303257,71.98301235923788,7.973804412078005,1.6366482480941136
94.29999999999892,3,360.9999603387281,72.77866451474824,7.9961278344794415,1.6366555116320927
94.29999999999892,4,360.94733655390064,73.57654379178638,8.003829887453467,1.6366604796955202
94.29999999999892,5,360.89465811290853,74.37519134268001,7.998899061700818,1.6366631532115874
94.29999999999892,6,360.8420099910252,75.17334673937944,7.985533871843273,1.6366642271823426
94.29999999999892,7,360.78944898200336,75.97016845878807,7.969498957864165,1.6366646487975802
94.29999999999892,8,360.73699317996,76.76539014185929,7.955497267868184,1.6366649549119914
94.39999999999891,0,361.10463822773795,71.19106154056088,7.936697353256396,1.636639262983889
94.39999999999891,1,361.0524184324379,71.9830115022065,7.85295793322148,1.6366370594051503
94.39999999999891,2,361.00075133047665,72.76660578088942,7.784803608402543,1.6366418452085982
94.39999999999891,3,360.94952891986253,73.54339914908104,7.73533833679417,1.6366515078023276
94.39999999999891,4,360.8986245224439,74.31525621756754,7.700842923695357,1.6366613286080782
94.39999999999891,5,360.8479395845735,75.08367072447822,7.676833985550172,1.6366685421581013
94.39999999999891,6,360.7974071415525,75.8496891789738,7.660644967517477,1.6366725947224796
94.39999999999891,7,360.7469781642819,76.61409203837184,7.651589699487281,1.6366739989653403
94.39999999999891,8,360.69660772446264,77.377591264384,7.648746599182882,1.6366736068397447
94.4999999999989,0,361.05242118094,71.98301168343275,7.85295793322156,1.6366370594051434
94.4999999999989,1,361.00075407897884,72.76660596211545,7.7872347211422275,1.6366464787270392
94.4999999999989,2,360.9495120717321,73.54364167732774,7.73131588419698,1.6366554301818101
94.4999999999989,3,360.898631119163,74.31509717291894,7.687742693883784,1.636662372632669
94.4999999999989,4,360.8480316027062,75.08220444456276,7.654308786179315,1.6366663928961953
94.4999999999989,5,360.79764907242486,75.84597537264796,7.629188940618632,1.6366678764547422
94.4999999999989,6,360.7474307577228,76.6072396892906,7.612212028205934,1.636667856048792
94.4999999999989,7,360.69732420721834,77.36680999757793,7.6033909636886445,1.636667309310154
94.4999999999989,8,360.6472761352086,78.12550013983925,7.598971005835133,1.6366666995788286
94.5999999999989,0,361.0007423303392,72.76660518736773,7.7872347211423065,1.6366464787269612
94.5999999999989,1,360.9495003230928,73.54364090257951,7.760078716217247,1.6366527690416912
94.5999999999989,2,360.89843213858927,74.31796658170343,7.733026962397205,1.6366582395316243
94.5999999999989,3,360.84753775738915,75.08959267118883,7.707437467029952,1.6366624117698128
94.5999999999989,4,360.79680858292613,75.8586651475787,7.682527724952698,1.6366650406117857
94.5999999999989,5,360.74624134533946,76.62525191822469,7.659149635380508,1.6366663812494147
94.5999999999989,6,360.6958269603073,77.38950588200493,7.639463355070119,1.6366668450523476
94.5999999999989,7,360.6455418016058,78.15179546369411,7.625505390489442,1.6366667552322955
94.5999999999989,8,360.5953485866108,78.91269228046741,7.615128525745466,1.6366664820931036
94.6999999999989,0,360.94949247724674,73.54364038514211,7.7600787162173175,1.636652769041735
94.6999999999989,1,360.89842429274336,74.3179660642657,7.762046207690194,1.6366569785856173
94.6999999999989,2,360.84733990002104,75.09248785099814,7.756108413949447,1.6366603499549284
94.6999999999989,3,360.7962919765286,75.86641697359039,7.742927477593888,1.6366627539039889
94.6999999999989,4,360.7453289479072,76.63903073799446,7.722969488911279,1.6366642098875661
94.6999999999989,5,360.6944961583822,77.40965295722772,7.698940869107256,1.6366649485359837
94.6999999999989,6,360.64382095842086,78.17787748766716,7.674938213842772,1.636665259161026
94.6999999999989,7,360.59330350845516,78.9437069419923,7.654780490339079,1.6366653552324633
94.6999999999989,8,360.542918665888,79.70752499047788,7.637706364310011,1.6366653768082422
94.79999999999889,0,360.89841904222396,74.31796571796704,7.762046207690263,1.6366569785856382
94.79999999999889,1,360.8473346495017,75.0924875046995,7.786725324561999,1.6366593255932584
94.79999999999889,2,360.79608601239875,75.86947173233662,7.79687325858953,1.6366612922297807
94.79999999999889,3,360.74476905623436,76.64746845219796,7.792212898801398,1.6366628489625628
94.79999999999889,4,360.69348156291557,77.42500006675232,7.774272029211383,1.6366639064123394
94.79999999999889,5,360.64231133413125,78.20074143056425,7.747453278645991,1.636664495520287
94.79999999999889,6,360.59131717084176,78.97380670488427,7.717643524610458,1.636664778704806
94.79999999999889,7,360.5405189989141,79.74389745373074,7.6902927506259395,1.6366649393917287
94.79999999999889,8,360.48990072875176,80.51125904817582,7.665835092567245,1.6366650543016334
94.89999999999888,0,360.84733172210133,75.09248731161398,7.7867253245620764,1.6366593255933006
94.89999999999888,1,360.79608308499814,75.86947153925098,7.68443836269893,1.636658986907988
94.89999999999888,2,360.74550791322946,76.63624926551958,7.59528835456781,1.6366600120813735
94.89999999999888,3,360.69551870575066,77.39413126888545,7.523404374885664,1.6366619982319333
94.89999999999888,4,360.6460011193967,78.14484036202487,7.466528004782861,1.6366640272294182
94.89999999999888,5,360.59685637059215,78.8898740512814,7.42279664080264,1.6366655317701015
94.89999999999888,6,360.5479983476174,79.6305440137468,7.391469776434052,1.6366663541463413
94.89999999999888,7,360.49934591648616,80.36808804328359,7.371794154745608,1.6366665855497748
94.89999999999888,8,360.4508228248113,81.10366876636908,7.358848731852804,1.6366665326717946
94.99999999999888,0,360.7960835074323,75.86947156711338,7.684438362699028,1.6366589869079518
94.99999999999888,1,360.74550833566354,76.63624929338192,7.62524500544324,1.6366610702746676
94.99999999999888,2,360.6953211601152,77.39712041344147,7.569715693988122,1.6366628914924863
94.99999999999888,3,360.6454980869473,78.1524505520286,7.520364473951084,1.6366642507776323
94.99999999999888,4,360.59599881830775,78.90285620273669,7.4761244618902305,1.6366650668274052
94.99999999999888,5,360.5467901300124,79.64884740556201,7.437246379287332,1.6366654395856903
94.99999999999888,6,360.4978370649819,80.39095921282974,7.405300297055849,1.636665535657429
94.99999999999888,7,360.4490942028399,81.12988333497353,7.381753895660688,1.6366655013042526
94.99999999999888,8,360.40050635215357,81.86645792490091,7.363616597889559,1.6366654312276925
95.09999999999887,0,360.74550573710405,76.63624912198193,7.625245005443308,1.6366610702747475
95.09999999999887,1,360.6953185615556,77.3971202420415,7.601872773407366,1.636662405492002
95.09999999999887,2,360.6452842025207,78.15565913988817,7.5735735808279285,1.6366634955193664
95.09999999999887,3,360.59543528067456,78.9113742004982,7.5414818982257845,1.636664289950422
95.09999999999887,4,360.5457969870255,79.66388701236002,7.5057126887545005,1.636664781955694
95.09999999999887,5,360.4963937590611,80.4128306355573,7.468529733316203,1.6366650345784257
95.09999999999887,6,360.4472350841529,81.15806401407413,7.433675058098647,1.6366651400648968
95.09999999999887,7,360.3983057482624,81.89981947835011,7.404663709197883,1.6366651772434238
95.09999999999887,8,360.34956734106083,82.6386800972266,7.380186028726366,1.636665189704693
95.19999999999887,0,360.69531689615656,77.39712013219028,7.601872773407438,1.6366624054920285
95.19999999999887,1,360.6452825371216,78.15565903003696,7.607825958850293,1.6366631658851152
95.19999999999887,2,360.5952084178947,78.91479191747183,7.601087369463189,1.636663812283393
95.19999999999887,3,360.54517816127213,79.67325237484872,7.581622665764159,1.6366643377835783
95.19999999999887,4,360.4952756235218,80.42977055651137,7.550708102649971,1.636664708573087
95.19999999999887,5,360.44557628727307,81.18320396729877,7.512516676635384,1.6366649226176788
95.19999999999887,6,360.39612816944856,81.93282650685518,7.472825586859373,1.6366650251286914
95.19999999999887,7,360.3469412258115,82.67848853960993,7.437032712955677,1.6366650801488702
95.19999999999887,8,360.2979898338992,83.42057904417504,7.4052836182445185,1.6366651152935185
95.29999999999886,0,360.6452815886903,78.15565896747643,7.607825958850355,1.6366631658851127
95.29999999999886,1,360.59520746946356,78.91479185491119,7.493101344639449,1.6366631442216852
95.29999999999886,2,360.5458884749293,79.66247715929289,7.392265837930614,1.6366635014183029
95.29999999999886,3,360.49723290816917,80.40010076114515,7.309479018260145,1.6366641071777837
95.29999999999886,4,360.4491217987757,81.12946360386245,7.24233402411179,1.6366647016564926
95.29999999999886,5,360.4014522092147,81.85212647920551,7.188944527035272,1.6366651360255444
95.29999999999886,6,360.35413372176754,82.56946196199831,7.148691916784142,1.636665378392431
95.29999999999886,7,360.30708000890127,83.28278090140512,7.1210056740197345,1.636665461630288
95.29999999999886,8,360.2602084717,83.99333721662205,7.100919010082279,1.6366654679704413
95.39999999999885,0,360.59520749648425,78.91479185669371,7.493101344639519,1.636663144221688
95.39999999999885,1,360.54588850194995,79.66247716107537,7.401806516393691,1.6366636484975436
95.39999999999885,2,360.49717003023693,80.40105275475221,7.321882919831125,1.636664215600525
95.39999999999885,3,360.44897719894857,81.13165329261776,7.253718627810421,1.63666470762218
95.39999999999885,4,360.4012326707482,81.85545215925214,7.196524106844316,1.6366650427873424
95.39999999999885,5,360.3538643605595,82.57354396076062,7.15022872071684,1.6366652211537636
95.39999999999885,6,360.30680064441503,83.28701625469233,7.114956557118172,1.6366652841574525
95.39999999999885,7,360.2599690494141,83.99696897833415,7.087498866484343,1.636665284338366
95.39999999999885,8,360.2133181844752,84.70418188731176,7.065105603439604,1.6366652633859842
95.49999999999885,0,360.54588787296666,79.66247711958513,7.401806516393788,1.6366636484974204
95.49999999999885,1,360.4971694012543,80.40105271326206,7.355190776167125,1.6366641338778116
95.49999999999885,2,360.4487573967335,81.13497681789154,7.309827742588161,1.636664553891392
95.49999999999885,3,360.400643666199,81.86437443592783,7.264405056742237,1.6366648537295716
95.49999999999885,4,360.3528286932017,82.58923962107698,7.219468788744735,1.6366650340787379
95.49999999999885,5,360.30530936487605,83.30962091549813,7.177252232624976,1.6366651261457918
95.49999999999885,6,360.258067844576,84.02578970486758,7.140374075882037,1.636665165205583
95.49999999999885,7,360.21106903282157,84.73827867399538,7.10798839335468,1.6366651756204762
95.49999999999885,8,360.1642833801868,85.44753609743779,7.079390983082351,1.636665173454174
95.59999999999884,0,360.4971687958491,80.40105267332845,7.355190776167184,1.6366641338778827
95.59999999999884,1,360.44875679132804,81.13497677795797,7.345445463760718,1.6366644127975072
95.59999999999884,2,360.40040872620295,81.86792845113249,7.32780217720746,1.636664657565868
95.59999999999884,3,360.3521766110416,82.59911960982478,7.2995001780228845,1.6366648515323508
95.59999999999884,4,360.3041306403728,83.32748669666486,7.262404931460155,1.6366649930797745
95.59999999999884,5,360.25632873139915,84.05215229636133,7.220938434067255,1.6366650888323724
95.59999999999884,6,360.20879969025685,84.77268023401112,7.1800579235498345,1.6366651503791187
95.59999999999884,7,360.16153968520666,85.48912898289555,7.141087774242113,1.6366651803220225
95.59999999999884,8,360.11453616503127,86.20168916637863,7.10510134044049,1.6366651889108912
95.69999999999884,0,360.4487564434368,81.13497675501031,7.345445463760792,1.6366644127975034
95.69999999999884,1,360.4004083783117,81.86792842818488,7.222060658372808,1.6366644448746148
95.69999999999884,2,360.35287241462254,82.58856837551514,7.11605674484671,1.6366645991179087
95.69999999999884,3,360.30603406446,83.29863091143204,7.028627527956257,1.6366648070328127
95.69999999999884,4,360.2597710332934,83.99996947533296,6.958096116188319,1.6366649908907935
95.69999999999884,5,360.21397211829526,84.69427018468448,6.903087024290819,1.6366651137219805
95.69999999999884,6,360.1685351942747,85.38308190829615,6.862449928867719,1.6366651740073934
95.69999999999884,7,360.1233657070758,86.06783873205784,6.83182541434401,1.6366651929652765
95.69999999999884,8,360.07839778126413,86.74953974464978,6.807453006288204,1.6366651945370123
95.79999999999883,0,360.40040833829914,81.86792842554496,7.222060658372876,1.6366644448746213
95.79999999999883,1,360.35287237460966,82.58856837287524,7.151629945599499,1.636664653792868
95.79999999999883,2,360.30579984030044,83.30218051213689,7.087077390065705,1.636664845591557
95.79999999999883,3,360.25915205984444,84.00935138533944,7.027610780685903,1.63666498881352
95.79999999999883,4,360.2128955935245,84.71058848659094,6.973006002197128,1.6366650765602482
95.79999999999883,5,360.16699848049234,85.40637694731873,6.924444239734401,1.6366651197848796
95.79999999999883,6,360.12142097659944,86.09731976074883,6.883560641651862,1.6366651341696323
95.79999999999883,7,360.0761125634623,86.78418307959177,6.848658493343079,1.6366651350514725
95.79999999999883,8,360.0310338798054,87.46756375232408,6.818345247556876,1.6366651323498727
95.89999999999883,0,360.3528721140295,82.58856835568665,7.1516299455995735,1.6366646537928968
95.89999999999883,1,360.3057995797199,83.30218049494817,7.125152133927373,1.6366647876558302
95.89999999999883,2,360.2589012290679,84.01315058856821,7.0941424904985215,1.636664904751699
95.89999999999883,3,360.2122069036077,84.72102643695175,7.056112836610062,1.636664995491377
95.89999999999883,4,360.16576282908454,85.42510756265484,7.012280007913949,1.636665059827465
95.89999999999883,5,360.11960722181914,86.1248149079155,6.966257520470802,1.636665102263096
95.89999999999883,6,360.0737545101893,86.81992998274218,6.92229395755188,1.6366651287762037
95.89999999999883,7,360.0281911534955,87.51065823384698,6.881139176123429,1.636665141422564
95.89999999999883,8,359.98289867375195,88.19727993091931,6.843461114257016,1.636665144900797
95.99999999999882,0,360.3057994127574,83.30218048393533,7.125152133927452,1.6366647876557776
95.99999999999882,1,360.25890106210556,84.0131505775554,7.13458856460775,1.6366648675775384
95.99999999999882,2,360.21194054317573,84.72506226415987,7.130105829884311,1.6366649401101776
95.99999999999882,3,360.16500947841416,85.43652664599065,7.107779040677741,1.6366650054126746
95.99999999999882,4,360.11822532448207,86.1457631875279,7.070241016461055,1.636665061243387
95.99999999999882,5,360.0716882104103,86.8512540643805,7.023409233356784,1.6366651039346154
95.99999999999882,6,360.02545931843395,87.55207191670635,6.973976327675958,1.6366651326257955
95.99999999999882,7,359.97955577959465,88.2479571969874,6.924933993107541,1.6366651462458617
95.99999999999882,8,359.9339750338032,88.93894887834254,6.878733035963873,1.636665149685096
96.09999999999881,0,360.25890096241744,84.01315057097923,7.134588564607801,1.6366648675775712
96.09999999999881,1,360.2119404434873,84.72506225758372,7.030138419381806,1.6366648959137897
96.09999999999881,2,360.1656674051543,85.42655157887094,6.936792384508402,1.6366649476104005
96.09999999999881,3,360.1200087434996,86.11872653686454,6.854582174314186,1.6366650053573486
96.09999999999881,4,360.07489115817805,86.8026982989563,6.782683180157864,1.6366650534367433
96.09999999999881,5,360.0302467871053,87.47949575119395,6.721317318016552,1.636665086260695
96.09999999999881,6,359.986006310912,88.15016992332286,6.671162429085274,1.6366651051587144
96.09999999999881,7,359.9420959473309,88.81583948213,6.629593474492729,1.636665114422721
96.09999999999881,8,359.89845918929393,89.47736115956647,6.594241495840094,1.6366651190405082
96.19999999999881,0,360.2119404081434,84.72506225525208,7.030138419381867,1.6366648959137824
96.19999999999881,1,360.1656673698103,85.42655157653932,6.977256978539052,1.6366649558723905
96.19999999999881,2,360.1197423603961,86.1227642185934,6.923845905940349,1.636665009223718
96.19999999999881,3,360.07416887119143,86.81364733343537,6.867976728234889,1.6366650492146322
96.19999999999881,4,360.0289630914424,87.498955644251,6.810357223967776,1.6366650755032746
96.19999999999881,5,359.98413655175625,88.17851449859702,6.753855520579649,1.6366650912895977
96.19999999999881,6,359.9396819020183,88.8524354346461,6.702014206505658,1.6366651001887278
96.19999999999881,7,359.89556847178926,89.52118348100987,6.6549186618105,1.6366651050155672
96.19999999999881,8,359.8517650266605,90.18523218566031,6.61255494771762,1.6366651079851522
96.2999999999988,0,360.1656672950285,85.42655157160723,6.97725697853911,1.6366649558724218
96.2999999999988,1,360.1197422856143,86.12276421366133,6.949233500416807,1.636664986999876
96.2999999999988,2,360.0740017079762,86.81618058352171,6.915137785740107,1.636665018928185
96.2999999999988,3,360.0284855298473,87.50619477430779,6.872856287015557,1.6366650499244333
96.2999999999988,4,359.9832476318179,88.1919899828078,6.824453937921583,1.636665078308762
96.2999999999988,5,359.9383283040595,88.87295545146367,6.773497480131051,1.6366651022991312
96.2999999999988,6,359.8937443612555,89.5488363234947,6.720840014270167,1.6366651189212287
96.2999999999988,7,359.84950700482676,90.21946286731048,6.668925710453077,1.636665127211956
96.2999999999988,8,359.8056113489114,90.88490923833311,6.620073331229074,1.636665129873804
96.3999999999988,0,360.11974224678687,86.12276421109966,6.949233500416854,1.6366649869998842
96.3999999999988,1,360.07400166914874,86.81618058096012,6.817191192622438,1.6366649979031762
96.3999999999988,2,360.02913020029655,87.49642135366537,6.702524358409075,1.6366650228527795
96.3999999999988,3,359.9850134639114,88.16522030800158,6.60674570800386,1.6366650530270612
96.3999999999988,4,359.9415271330148,88.82446216614423,6.5285855628901714,1.6366650793952335
96.3999999999988,5,359.8985552436598,89.47590495814129,6.46619006275092,1.6366650979858122
96.3999999999988,6,359.85599403655624,90.12112173018463,6.414716315504386,1.6366651086535269
96.3999999999988,7,359.8137716287522,90.76120228946073,6.371326885212556,1.6366651136683354
96.3999999999988,8,359.7718348120296,91.39695331477289,6.333891488811625,1.6366651159227903
96.49999999999879,0,360.07400165554435,86.81618058006175,6.817191192622524,1.6366649979031394
96.49999999999879,1,360.02913018669216,87.49642135276702,6.687797637142856,1.6366650237318678
96.49999999999879,2,359.9851103825839,88.16375082851333,6.570765333555256,1.6366650509642948
96.49999999999879,3,359.94186087984326,88.81940245186152,6.467702241918284,1.6366650747366895
96.49999999999879,4,359.8992897344066,89.46477011488568,6.379397416617208,1.636665092298216
96.49999999999879,5,359.8572998101082,90.10132644408895,6.306755452402236,1.6366651035524054
96.49999999999879,6,359.81578801645435,90.73063432927043,6.247767363669428,1.636665109635196
96.49999999999879,7,359.77466448542896,91.35405619727094,6.20191417976902,1.6366651123208353
96.49999999999879,8,359.73384276372815,91.9729026903284,6.167408969545463,1.636665113351651
96.59999999999879,0,360.0291301544792,87.49642135064273,6.687797637142914,1.6366650237319087
96.59999999999879,1,359.985110350371,88.1637508263891,6.619008629403593,1.6366650486451637
96.59999999999879,2,359.9415433064636,88.82421631757408,6.549224965158757,1.636665069540141
96.59999999999879,3,359.89843557266624,89.47771857444043,6.477777150746176,1.6366650847852928
96.59999999999879,4,359.8557981065486,90.12409154311271,6.40717933723538,1.6366650948428836
96.59999999999879,5,359.81362531684044,90.76342003958628,6.341333811720395,1.6366651010135622
96.59999999999879,6,359.7718859260335,91.39617826226824,6.28146396164772,1.6366651043644
96.59999999999879,7,359.73054060338734,92.02296248296147,6.23018167510452,1.6366651060142532
96.59999999999879,8,359.6895328256594,92.64462959582325,6.1884357141171815,1.6366651070084608
96.69999999999878,0,359.98511031929854,88.16375082433987,6.619008629403653,1.6366650486451415
96.69999999999878,1,359.94154327539127,88.8242163155249,6.458959159682564,1.6366650516456924
96.69999999999878,2,359.8990296927897,89.4687115672985,6.319201633326948,1.6366650624847296
96.69999999999878,3,359.8574360028289,90.09926137324709,6.2022630877862515,1.6366650773575446
96.69999999999878,4,359.816612006213,90.71814268287063,6.107518842617061,1.63666509157486
96.69999999999878,5,359.77641161826216,91.32757011328201,6.033851817024546,1.6366651024731271
96.69999999999878,6,359.7366961085428,91.92964681585879,5.977243941016224,1.6366651093749751
96.69999999999878,7,359.6973531942863,92.52607500634099,5.935490504523768,1.6366651129791945
96.69999999999878,8,359.6582851038663,93.11833690753318,5.905580352599731,1.6366651145672886
96.79999999999878,0,359.9415432716443,88.824216315277,6.4589591596826335,1.6366650516456573
96.79999999999878,1,359.89902968904266,89.4687115670506,6.36839103764596,1.6366650676625705
96.79999999999878,2,359.85711222564623,90.10416964619185,6.283230876112799,1.636665081890158
96.79999999999878,3,359.8157552870549,90.73113017609438,6.203422608540234,1.6366650927175845
96.79999999999878,4,359.7749236488346,91.3501271857169,6.1302066954627055,1.6366650999702985
96.79999999999878,5,359.7345739217045,91.9618184810705,6.0657511548399015,1.6366651043217506
96.79999999999878,6,359.69464844573974,92.56707819978082,6.009594935534952,1.6366651066477669
96.79999999999878,7,359.6550925951127,93.16673447430249,5.962999208396872,1.6366651077602898
96.79999999999878,8,359.61584344230266,93.76174128064767,5.926037013850442,1.6366651082864565
96.89999999999877,0,359.8990296690683,89.46871156573366,6.368391037646019,1.6366650676625876
96.89999999999877,1,359.85711220567174,90.10416964487496,6.310449890347198,1.6366650783674757
96.89999999999877,2,359.8155761106583,90.73384617373462,6.248854929990104,1.6366650875098387
96.89999999999877,3,359.774445434941,91.35737656343153,6.182703896621636,1.6366650943942007
96.89999999999877,4,359.73375016862155,91.97430619477703,6.115363937962499,1.6366650991509886
96.89999999999877,5,359.69349813873237,92.58451643315973,6.051974817590941,1.6366651022995753
96.89999999999877,6,359.65366334143425,93.18840150571219,5.99481206482451,1.636665104251463
96.89999999999877,7,359.6142047948099,93.7865826990173,5.946583366124036,1.6366651054580243
96.89999999999877,8,359.57506369434464,94.37995148110562,5.905078920508551,1.6366651062402393
96.99999999999876,0,359.85711219231916,90.10416964399414,6.310449890347256,1.6366650783674654
96.99999999999876,1,359.8155760973059,90.73384617285389,6.164083985791111,1.6366650802440084
96.99999999999876,2,359.77500339807887,91.34891785153548,6.034548570665745,1.6366650850726296
96.99999999999876,3,359.73528331272394,91.95106407907207,5.924035625761005,1.6366650914002983
96.99999999999876,4,359.6962906324071,92.54218297729346,5.832913016166202,1.6366650974678412
96.99999999999876,5,359.65789772800133,93.12420937483301,5.761509051795054,1.6366651022526129
96.99999999999876,6,359.6199748099517,93.6991108601552,5.707068772486558,1.6366651054088655
96.99999999999876,7,359.58241022231095,94.26858012314861,5.667668953684258,1.6366651071678087
96.99999999999876,8,359.54510496784593,94.83411794829813,5.637274069298118,1.6366651081541512
97.09999999999876,0,359.81557609496184,90.73384617269858,6.164083985791181,1.6366650802439908
97.09999999999876,1,359.7750033957347,91.34891785138015,6.075675428065304,1.6366650865846264
97.09999999999876,2,359.73501260780813,91.95516784598044,5.99368239276866,1.6366650926622888
97.09999999999876,3,359.6955615037472,92.55323631751367,5.918798620151544,1.6366650977572443
97.09999999999876,4,359.6566032902461,93.14383265060403,5.85196162471942,1.6366651015572944
97.09999999999876,5,359.6180850033197,93.7277597780301,5.791541793440658,1.6366651040511817
97.09999999999876,6,359.57996440525613,94.30565802465739,5.738442388715465,1.6366651055112982
97.09999999999876,7,359.542193312781,94.87825784570103,5.694448496554727,1.6366651062910593
97.09999999999876,8,359.504711792757,95.44646781785553,5.656873443142741,1.6366651067486226
97.19999999999875,0,359.77500338783136,91.34891785085986,6.075675428065351,1.6366650865846664
97.19999999999875,1,359.7350125999047,91.9551678454602,6.0481333805857265,1.6364864112924886
97.19999999999875,2,359.69531092785815,92.55867671905219,6.01268200223212,1.6363475784863608
97.19999999999875,3,359.6559252643561,93.158653582592,5.967683784133538,1.6362853605616552
97.19999999999875,4,359.6168714092041,93.75414271084766,5.916059228597213,1.636399767919074
97.19999999999875,5,359.57808785827774,94.34447601126669,5.859486759662668,1.6368536600830816
97.19999999999875,6,359.53940979219124,94.92914677476199,5.802470411988186,1.6378408605280386
97.19999999999875,7,359.50053652976067,95.508090320912,5.750197992924645,1.639475122129618
97.19999999999875,8,359.46107588872883,96.08175470662954,5.702783755835835,1.6416584292079301
97.29999999999875,0,359.73523546252295,91.9551825052709,6.0481333805857735,1.6364864111806885
97.29999999999875,1,359.69553379104707,92.55869137113407,5.930645954174656,1.6363050943208863
97.29999999999875,2,359.656710641841,93.15048388340907,5.825578055654127,1.6362058160395754
97.29999999999875,3,359.6186329987356,93.73179592614596,5.734428939167928,1.6362683617186071
97.29999999999875,4,359.5811153425726,94.30401020564592,5.657219680654192,1.636589097930258
97.29999999999875,5,359.54392177301463,94.86850820452204,5.590921737052639,1.6372731881940106
97.29999999999875,6,359.50678244782756,95.42636547957869,5.535095506822911,1.6384233825597505
97.29999999999875,7,359.4693787517184,95.97860980604959,5.4903480788635655,1.6400790202021063
97.29999999999875,8,359.4313705653416,96.52632743699462,5.452942371924635,1.6421411707109108
97.39999999999874,0,359.69575995177786,92.55870621118794,5.930645956498012,1.636305042215424
97.39999999999874,1,359.65693683409495,93.15049873030986,5.879972318434364,1.6243639282906555
97.39999999999874,2,359.62545438567076,93.73765736336043,5.826413598301553,1.6157818715794834
97.39999999999874,3,359.59925320925595,94.31971308332666,5.768959042543431,1.6148616929592503
97.39999999999874,4,359.5738398207332,94.89605005814772,5.709726695791073,1.6304268303156029
97.39999999999874,5,359.53980857020906,95.46602969375988,5.649188731060303,1.664009563283656
97.39999999999874,6,359.48721397797254,96.0285654482325,5.590694680187223,1.715649787560095
97.39999999999874,7,359.4064808021035,96.58192465648328,5.538407361085698,1.785638952411796
97.39999999999874,8,359.2883318430233,97.12328204860789,5.491537036057879,1.8746086218226976
97.49999999999874,0,359.6718439794315,93.15128839516376,5.879972318295831,1.6243634759301564
97.49999999999874,1,359.6403617111773,93.73844222592004,5.746729164164328,1.6172211761620212
97.49999999999874,2,359.6136924583915,94.31249627466131,5.629728691743945,1.6145454965535433
97.49999999999874,3,359.5890720174705,94.87493247701784,5.530844696364616,1.6211986919560846
97.49999999999874,4,359.5612101986943,95.42732084029524,5.449382017362946,1.6436183566167033
97.49999999999874,5,359.5215670614035,95.970828281737,5.3813055251731186,1.6832517223674521
97.49999999999874,6,359.46118572057077,96.5055835106222,5.32526003941863,1.740236475312963
97.49999999999874,7,359.3713922538699,97.03052071975384,5.281091015205877,1.815032350942789
97.49999999999874,8,359.2436905676,97.54301139460628,5.24445684220481,1.908463312784912
97.59999999999873,0,359.6492793632905,93.73885249547999,5.746729156473071,1.617222045708906
97.59999999999873,1,359.6226093523514,94.31290621229516,5.622400741965798,1.6487275287416994
97.59999999999873,2,359.578837654538,94.87343983262426,5.5088019251091485,1.6977824940186719
97.59999999999873,3,359.5090713547669,95.41988438830177,5.4083262467244,1.764334681611919
97.59999999999873,4,359.40505173270657,95.95061958866879,5.3228316179811435,1.8487090274261104
97.59999999999873,5,359.25902036214075,96.46247915552698,5.250927043128208,1.951671491959034
97.59999999999873,6,359.06382603950806,96.94994356073553,5.192502404270279,2.0744505114353604
97.59999999999873,7,358.8132207087529,97.40471582705032,5.144478814408067,2.218856475321573
97.59999999999873,8,358.5026788557826,97.81486266695799,5.104486588908095,2.3629436353390885
97.69999999999872,0,359.58342435017886,94.30973959072665,5.622400741219112,1.6486538127196888
97.69999999999872,1,359.5396939815637,94.87027643463699,5.49887112334585,1.6998540208486914
97.69999999999872,2,359.468923675822,95.41559047788178,5.380582061975555,1.7684742063332157
97.69999999999872,3,359.36325284233726,95.94317017700253,5.270304099242749,1.8546808438398945
97.69999999999872,4,359.2156385857088,96.44910609912719,5.172376363776905,1.95900921888512
97.69999999999872,5,359.01984606100234,96.92785467053264,5.088474464615741,2.0824993126292557
97.69999999999872,6,358.77068230667726,97.37152500743217,5.02169751485088,2.2250144461545927
97.69999999999872,7,358.46509232276605,97.77000893442815,4.971375211866663,2.3656664903481692
97.69999999999872,8,358.11024900434654,98.1181930174028,4.934483701988684,2.504906436185318
97.79999999999872,0,359.4765774971494,94.86173384170401,5.4988711255713,1.699525555455531
97.79999999999872,1,359.4059863108786,95.40707109457418,5.311382966890443,1.7486538510539895
97.79999999999872,2,359.3120166661614,95.9298307345179,5.145496560477058,1.813979966869267
97.79999999999872,3,359.1881163742841,96.42924063254992,5.006287292320147,1.8954420026936403
97.79999999999872,4,359.02842945226246,96.9037188897175,4.895439677907494,1.9935228200065274
97.79999999999872,5,358.82759489877674,97.3501710320133,4.8105038062415115,2.1093131679881436
97.79999999999872,6,358.5808817575937,97.76313991774617,4.750298731820512,2.2440425018155543
97.79999999999872,7,358.2846875087695,98.1345206131804,4.710383002793774,2.377092872988407
97.79999999999872,8,357.9447251792622,98.46056362957056,4.684933534125491,2.509022732466419
97.89999999999871,0,359.3458961790045,95.39586699550671,5.311382971931139,1.748350585920219
97.89999999999871,1,359.2520850291242,95.91865505100756,5.163675748682608,1.8971215590970842
97.89999999999871,2,359.08655597809417,96.40777221458042,5.0277853503112615,2.0417537775500736
97.89999999999871,3,358.85842538918587,96.85581538898714,4.907958615066059,2.182578399398186
97.89999999999871,4,358.57654797715026,97.25759356471883,4.8081249355873155,2.3200455125853674
97.89999999999871,5,358.2490718057978,97.60964472266686,4.72836975426554,2.454715289570429
97.89999999999871,6,357.88346014558846,97.9094829054803,4.668927895651991,2.587150301805006
97.89999999999871,7,357.48651066172044,98.15528773623367,4.62640357509194,2.7179198143383103
97.89999999999871,8,357.06477460335225,98.34548459752111,4.59669765129021,2.832595538312889
97.9999999999987,0,359.08460577982703,95.85829018700299,5.163675745206138,1.8887570615343445
97.9999999999987,1,358.923173706558,96.34877478920534,4.963675740265849,2.0047752390970506
97.9999999999987,2,358.7144573303191,96.79913258353241,4.782648964747352,2.1377928051423787
97.9999999999987,3,358.45757208386703,97.20257119151753,4.6337414388087765,2.271776890767209
97.9999999999987,4,358.15870099843346,97.55669836322066,4.520433547371722,2.4015524319495247
97.9999999999987,5,357.8248825966517,97.86152976472874,4.439241860854095,2.52817474580446
97.9999999999987,6,357.46188064413803,98.11709095517601,4.386298203384785,2.652511451192632
97.9999999999987,7,357.0746610589855,98.32317385271821,4.354378956272499,2.7753700030623825
97.9999999999987,8,356.6680850825453,98.47910690396486,4.336480985841882,2.8779746071998593
98.0999999999987,0,358.7965331210034,96.28683379149798,4.963675743248629,2.0004829563922275
98.0999999999987,1,358.5897533586046,96.73807972092403,4.779352190341915,2.139516760460388
98.0999999999987,2,358.3323592626227,97.14078351487365,4.620821146171171,2.2733857566928277
98.0999999999987,3,358.03376362635447,97.49343138734368,4.496157149461181,2.402812724033538
98.0999999999987,4,357.7013669104002,97.79619649828645,4.403336411580554,2.528746498550129
98.0999999999987,5,357.3411677240017,98.04947551985867,4.338840301278079,2.652079215352046
98.0999999999987,6,356.9582382780866,98.2534862931609,4.295826822465419,2.773604424498333
98.0999999999987,7,356.5574148894982,98.40802399227645,4.269018850465485,2.893924320331718
98.0999999999987,8,356.1435392046294,98.5126765097903,4.250407360060895,2.9945112995059686
98.1999999999987,0,358.4522600084232,96.6444044760367,4.7793521870278415,2.131697753502155
98.1999999999987,1,358.19802249994063,97.04910851525733,4.790550803192614,2.26556231397788
98.1999999999987,2,357.89132871046655,97.41712031799739,4.786471903660974,2.3997400690921125
98.1999999999987,3,357.53846132932824,97.74052060014407,4.766479058684228,2.533803094278701
98.1999999999987,4,357.1471752007958,98.01271242853858,4.732144893489776,2.667305651644652
98.1999999999987,5,356.72619480446133,98.22883151778223,4.688359568024596,2.7998460876109146
98.1999999999987,6,356.2844712732842,98.38595402336469,4.63834015556826,2.9311597431567398
98.1999999999987,7,355.830869165759,98.48284123722681,4.587598595023923,3.0610721924167517
98.1999999999987,8,355.3735956847986,98.51974094715386,4.53800571708763,3.169164737060809
98.29999999999869,0,358.0785741220038,96.94236576718203,4.790550802518451,2.2580399939434077
98.29999999999869,1,357.7746572866884,97.31267418482706,4.726164457728483,2.392217980185004
98.29999999999869,2,357.42864770774,97.63461156047691,4.662908467242637,2.5245920899316143
98.29999999999869,3,357.04833274320265,97.90440348505118,4.6027377415906034,2.655194011842358
98.29999999999869,4,356.64144071366866,98.11955655607042,4.544927140548155,2.784110183726349
98.29999999999869,5,356.2156808647439,98.27859193250112,4.490755783214585,2.91140674438481
98.29999999999869,6,355.77845017874216,98.38105349648387,4.43959081035853,3.037185846019927
98.29999999999869,7,355.33690846288425,98.42732329199288,4.393355329362864,3.1521188625775958
98.29999999999869,8,354.89757366377876,98.4227112350641,4.350698179640365,3.2472107929522602
98.39999999999868,0,357.6693651124,97.19144759135713,4.726164457364173,2.384678275813057
98.39999999999868,1,357.3257926593941,97.5159846011833,4.727637002729159,2.5170534730800425
98.39999999999868,2,356.9422713055643,97.7924206419599,4.714700600902481,2.6494693950001853
98.39999999999868,3,356.5267498476426,98.01518943346986,4.686192577067079,2.781522449193295
98.39999999999868,4,356.0881821852479,98.18030278654723,4.642969096952152,2.9127764908977833
98.39999999999868,5,355.6359869119083,98.28561696007321,4.589923927964276,3.042819362800865
98.39999999999868,6,355.179231678335,98.33087973567393,4.5305838039795026,3.1713766561698264
98.39999999999868,7,354.7263741334584,98.31738819406934,4.471181219791303,3.278127045495898
98.39999999999868,8,354.2834168614721,98.25653108707218,4.4138184672628675,3.365358320349557
98.49999999999868,0,357.2378526238756,97.3842253820186,4.727637001974379,2.5096144978147947
98.49999999999868,1,356.8563982636912,97.66350675286697,4.653552760346146,2.6420306865668755
98.49999999999868,2,356.4479128997301,97.88643104041205,4.5811144678911315,2.7723712683375883
98.49999999999868,3,356.02067422385403,98.05175862690959,4.511840478654754,2.9006823981625134
98.49999999999868,4,355.5825198488011,98.15940525049189,4.444520735311496,3.0270527175888793
98.49999999999868,5,355.1409800613799,98.2102017909888,4.380626654353943,3.1515373397901425
98.49999999999868,6,354.70293897971914,98.20584592809881,4.320018202879682,3.254919475792647
98.49999999999868,7,354.27368887143575,98.15699882145111,4.265300877013624,3.339378126581488
98.49999999999868,8,353.8554102957301,98.0731874339383,4.215245088128913,3.406771308042725
98.59999999999867,0,356.7855403056824,97.52177202764237,4.65355276044609,2.634589668522206
98.59999999999867,1,356.37872502122156,97.74772965851469,4.6444294637072545,2.7649336748324274
98.59999999999867,2,355.94684012917696,97.91855906281523,4.62003410147828,2.8950213371126408
98.59999999999867,3,355.49881001863554,98.03132505002013,4.579120351745159,3.0244246768544825
98.59999999999867,4,355.0440375764292,98.08485503126059,4.522877026582528,3.1526872189229076
98.59999999999867,5,354.5917776980714,98.07983726476306,4.457196435160039,3.2592676744273756
98.59999999999867,6,354.14914049578715,98.0275082493057,4.386484631994879,3.3462392115602393
98.59999999999867,7,353.7196453157992,97.9383657215798,4.317593970612039,3.415369246847689
98.59999999999867,8,353.3039660013604,97.82163133994143,4.252413716720952,3.468184226805931
98.69999999999867,0,356.3269118152522,97.60061003191802,4.644429465822467,2.757606493757714
98.69999999999867,1,355.8962902090384,97.77459929466332,4.5580203226521,2.887707830184798
98.69999999999867,2,355.45509937788006,97.8890812938657,4.472704550128897,3.015385302065491
98.69999999999867,3,355.01138633267124,97.94538034535422,4.390142061382958,3.1406977614855616
98.69999999999867,4,354.5723723066187,97.9457731965404,4.309651696803987,3.2441962386432177
98.69999999999867,5,354.14367363870497,97.90163216247556,4.233544587501355,3.3283411808422985
98.69999999999867,6,353.7276799874048,97.82303009081848,4.162266066981873,3.3951150329484703
98.69999999999867,7,353.3247580602815,97.71863412100484,4.098809547034886,3.44608336481588
98.69999999999867,8,352.93373169426684,97.59574884586773,4.041616299343696,3.4824952650131045
98.79999999999866,0,355.86298653581207,97.6225324457985,4.558020315860846,2.880381965107511
98.79999999999866,1,355.422646209727,97.74024346283655,4.410489931987311,3.008049698627878
98.79999999999866,2,354.98552414838844,97.79896751921055,4.278352256211044,3.120234895144531
98.79999999999866,3,354.55777863020546,97.8081022659222,4.165682418788023,3.2110568533976434
98.79999999999866,4,354.14218876101324,97.77918084570956,4.069789934817162,3.2833601547761138
98.79999999999866,5,353.7392423510008,97.72165881967067,3.9896270214916525,3.3392822123130523
98.79999999999866,6,353.34797256774914,97.64326757831955,3.922041682735753,3.3804350597114503
98.79999999999866,7,352.96679444188266,97.55043046956075,3.8666339902043734,3.4079896709408213
98.79999999999866,8,352.59362977296456,97.44857032879928,3.819029818169333,3.4227839826341353
98.89999999999866,0,355.4084849241739,97.5881263717468,4.410489931150975,3.0008733197941586
98.89999999999866,1,354.9717955412757,97.64998582673039,4.345383629474268,3.0923722617163647
98.89999999999866,2,354.5377829771128,97.67136527934358,4.275779273476799,3.165835662004697
98.89999999999866,3,354.11032904544777,97.66100028323166,4.202589815184902,3.2227578508149373
98.89999999999866,4,353.69145026168445,97.62692671686412,4.12586702074263,3.2643739442854205
98.89999999999866,5,353.2819642007818,97.57639485037393,4.0492976090915915,3.291698799951411
98.89999999999866,6,352.88158007693335,97.51583867403906,3.974682811260709,3.3055800245552716
98.89999999999866,7,352.48943384557674,97.45094828334689,3.906404276015935,3.3066804643649954
98.89999999999866,8,352.10409139522295,97.3867479288181,3.8438924637529968,3.3029166769008063
98.99999999999865,0,354.97025012966276,97.53838196305058,4.345383640210795,3.0894476313439627
98.99999999999865,1,354.53630241656117,97.56103033862645,4.16824825540863,3.1544089894871394
98.99999999999865,2,354.11951124697197,97.55568794486346,4.008440329288763,3.202105854772731
98.99999999999865,3,353.71939886187545,97.53144592901133,3.87142559921112,3.2345021757699586
98.99999999999865,4,353.333921943395,97.49552775140134,3.7557831734849008,3.2532041574179136
98.99999999999865,5,352.96067391736574,97.45369488253912,3.6619280215638645,3.2603821792021535
98.99999999999865,6,352.59705226983147,97.4102958927105,3.588030425039705,3.2611770384727943
98.99999999999865,7,352.24079937177373,97.36748915226477,3.53461918789257,3.258707964553111
98.99999999999865,8,351.88974471839344,97.32618606575082,3.496086818428775,3.2550103443038694
99.09999999999864,0,354.5395267068605,97.48092862932029,4.168248232454663,-3.1298776795620897
99.09999999999864,1,354.1227304859359,97.47604564903429,4.086014858569103,-3.104524263967862
99.09999999999864,2,353.7144093404407,97.46090287366064,3.9987749956346064,-3.0864721341814216
99.09999999999864,3,353.3151376217768,97.43887236972265,3.9084162438188046,-3.0758112273978093
99.09999999999864,4,352.92513813196587,97.41318033833514,3.8165119122196116,-3.070563877801619
99.09999999999864,5,352.5444450109644,97.38609428293135,3.7287382807321956,-3.068747944224106
99.09999999999864,6,352.1725557639432,97.35895575348516,3.648814775975618,-3.068798310009328
99.09999999999864,7,351.8086371049517,97.3324173243657,3.5827068320630158,-3.069768027052657
99.09999999999864,8,351.45128746482936,97.30670632109454,3.529148904492391,-3.0710656549186686
99.19999999999864,0,354.12430035312,97.44445934861324,4.08601485856914,-3.1045956607491974
99.19999999999864,1,353.71597847762325,97.42934577077122,3.9347668954437665,-3.0944096110068156
99.19999999999864,2,353.3229388513986,97.41078705952731,3.7955338001236334,-3.086822171694682
99.19999999999864,3,352.9439512737066,97.3900084437327,3.6734841920576664,-3.0820519072429224
99.19999999999864,4,352.57724666074256,97.36814771172268,3.5685026994633775,-3.0795251305422084
99.19999999999864,5,352.2210720215097,97.3460108100582,3.4826004452838357,-3.0785963705363755
99.19999999999864,6,351.87348769204345,97.32408323313615,3.4140827841720736,-3.0786330663516503
99.19999999999864,7,351.5327385871586,97.30259911335095,3.3595370357141894,-3.0791150101526306
99.19999999999864,8,351.1974217498015,97.28161959156802,3.317062369251941,-3.0797524380681187
99.29999999999863,0,353.7166474679945,97.41663311115894,3.934766895443799,-3.094412696597001
99.29999999999863,1,353.32360862661454,97.39807578426539,3.875436027396186,-3.0902807090088777
99.29999999999863,2,352.9365734542266,97.37819884757101,3.8056022731247428,-3.087151987904403
99.29999999999863,3,352.5565701643671,97.35749091613054,3.726925803126907,-3.085175396443558
99.29999999999863,4,352.18445557659027,97.33647529396865,3.6424004507582333,-3.084167467500041
99.29999999999863,5,351.82079240597,97.31556947606438,3.559459428521132,-3.0838424878930475
99.29999999999863,6,351.46540949344063,97.29502399595923,3.4820022253873497,-3.0839388495992175
99.29999999999863,7,351.11775361524553,97.27495897821188,3.411903565406092,-3.0842595427817714
99.29999999999863,8,350.7770890216274,97.2554071146277,3.351892656981805,-3.0846482997965508
99.39999999999863,0,353.32388611253975,97.39291765462441,3.875436027396238,-3.0902803151908653
99.39999999999863,1,352.9368525905082,97.37304061138013,3.766227303125859,-3.0890710788595097
99.39999999999863,2,352.5607491997831,97.35326888530335,3.658501939155818,-3.0882298822992804
99.39999999999863,3,352.1954197767181,97.3337553689743,3.555674366583804,-3.0877945214819107
99.39999999999863,4,351.8403667640523,97.31463573127871,3.4589177086082548,-3.087663012214123
99.39999999999863,5,351.4949778634308,97.29599095400692,3.3727919293239523,-3.087722326877272
99.39999999999863,6,351.1581879339092,97.27783040204224,3.2982115940481327,-3.0878765092983893
99.39999999999863,7,350.828842478405,97.26012220189642,3.234328989880333,-3.088058191961906
99.39999999999863,8,350.50587292163596,97.2428156671012,3.1816813910120194,-3.0882379639836235
99.49999999999862,0,352.936933060681,97.37153121780463,3.7662273031258686,-3.0890710878072385
99.49999999999862,1,352.5608296706695,97.35175949532409,3.6180993446945857,-3.0885860066955404
99.49999999999862,2,352.1995279060993,97.33259014348977,3.4818244068336677,-3.0882802123844915
99.49999999999862,3,351.8518401509826,97.31403647928337,3.3622073263931305,-3.08817809115774
99.49999999999862,4,351.5160989387326,97.29608593437757,3.2586973486747084,-3.0882209225126704
99.49999999999862,5,351.1906932152944,97.27870195807341,3.173237499456107,-3.088346432546725
99.49999999999862,6,350.87381918532077,97.26181364996766,3.1040659654995144,-3.0885027676892296
99.49999999999862,7,350.56384992679784,97.24534193902433,3.047950605806207,-3.0886555507528763
99.49999999999862,8,350.2594818305604,97.22921450606835,3.0036377209272525,-3.0887959138856527
99.59999999999862,0,352.56086198994944,97.35115400636677,3.6180993446946266,-3.0885860072447304
99.59999999999862,1,352.1995602259898,97.33198465477213,3.551968373788361,-3.0886246660846397
99.59999999999862,2,351.84486153490514,97.31317938892832,3.4794130830459467,-3.0886979178566953
99.59999999999862,3,351.49740682259113,97.29478370446886,3.402668625968575,-3.088798680093091
99.59999999999862,4,351.15761397201317,97.27682800470956,3.3225024385676307,-3.0889054606427466
99.59999999999862,5,350.8258246579328,97.25933076392144,3.239645207535739,-3.0889978218171086
99.59999999999862,6,350.5023079616915,97.24229975131954,3.1596904164490516,-3.0890652968889594
99.59999999999862,7,350.18677455047714,97.22571035545336,3.085593097788359,-3.0891075869644133
99.59999999999862,8,349.87863996309915,97.2095230251139,3.021349546138846,-3.089138311432677
99.69999999999861,0,352.19955766891053,97.3320329111659,3.551968373788384,-3.0886246665213872
99.69999999999861,1,351.84485898652946,97.31322764592207,3.4196124898663034,-3.0886529779998106
99.69999999999861,2,351.50337681749556,97.29513278323788,3.2961624183495113,-3.0887329611666097
99.69999999999861,3,351.1742209665206,97.27771748287029,3.1868754465170355,-3.08885425691816
99.69999999999861,4,350.85597650806636,97.26091820266487,3.0912017373632965,-3.0889883774972464
99.69999999999861,5,350.5472839358767,97.24466465828039,3.0071106579367406,-3.0891091439844636
99.69999999999861,6,350.24698693215555,97.22888953064549,2.9367147898394697,-3.089203610941521
99.69999999999861,7,349.9537183681068,97.21351139976147,2.8781140557525786,-3.089268171852907
99.69999999999861,8,349.6663008650744,97.19845868800263,2.826490278091159,-3.0893093527828697
99.7999999999986,0,351.8448571146659,97.31326298573147,3.4196124898663323,-3.088652977999815
99.7999999999986,1,351.50337494565434,97.29516812304847,3.2580825339207555,-3.0886913887581855
99.7999999999986,2,351.178022480286,97.27794049235547,3.1140481247282823,-3.088775714430512
99.7999999999986,3,350.867051918795,97.26150068930102,2.9938259906763958,-3.088894572888658
99.7999999999986,4,350.5680849293814,97.24573110222043,2.8953304967608258,-3.089021679943591
99.7999999999986,5,350.27895187984416,97.23051707800681,2.814268198681363,-3.089134142508552
99.7999999999986,6,349.9979121997429,97.21576061627029,2.75046661523713,-3.089221047859097
99.7999999999986,7,349.72324264892995,97.20136256485436,2.7000294765131283,-3.0892799702701867
99.7999999999986,8,349.45360906431665,97.1872444275358,2.656731466815055,-3.08931749250299
99.8999999999986,0,351.50337240839303,97.29521606940916,3.2580825339208035,-3.088691388757881
99.8999999999986,1,351.17801994302823,97.27798843871628,3.192151533197447,-3.088838083390584
99.8999999999986,2,350.85924888165016,97.26115619051728,3.118845751533079,-3.0889558997378987
99.8999999999986,3,350.54779626459094,97.24474717855495,3.040702126403837,-3.0890327528266424
99.8999999999986,4,350.2441459584827,97.22877263576818,2.958990230354122,-3.0890647700217633
99.8999999999986,5,349.9486550602928,97.21323683295924,2.8751966415969887,-3.0890565515227495
99.8999999999986,6,349.6615320875652,97.1981386180327,2.79587407359515,-3.089026222593088
99.8999999999986,7,349.38233087281026,97.1834484734024,2.7229818204788323,-3.088985929520865
99.8999999999986,8,349.11040939140287,97.16913036432425,2.654970118958537,-3.0889432855744126
99.9999999999986,0,351.17801029866496,97.27817155318861,3.1921515331974604,-3.088838083371269
99.9999999999986,1,350.859239237354,97.2613393049869,3.0882895546437616,-3.0889156174392625
99.9999999999986,2,350.55083866293944,97.24507863357941,2.986504105490261,-3.0889801249772377
99.9999999999986,3,350.25260150088366,97.22937312832718,2.8906734238591127,-3.089021721185698
99.9999999999986,4,349.96393351460654,97.21418358742811,2.8005823561464913,-3.089034299601346
99.9999999999986,5,349.6842620035831,97.1994709633666,2.715408562310137,-3.0890187549910584
99.9999999999986,6,349.41309633222966,97.18520157750245,2.639320021628949,-3.0889884150253457
99.9999999999986,7,349.14952942271,97.1713240378838,2.5721196619935798,-3.088951716114023
99.9999999999986,8,348.8926737498649,97.15779041129066,2.510564058719725,-3.0889136887754223
100.09999999999859,0,350.8592341415721,97.26143608851166,3.088289554643793,-3.0889156174357097
100.09999999999859,1,350.55083356715863,97.24517541710307,2.903727317035708,-3.089029601206456
100.09999999999859,2,350.2608618748094,97.22991956726048,2.7380210167340246,-3.089130101750655
100.09999999999859,3,349.98743648212917,97.21556179861719,2.5987839070361214,-3.089209081352886
100.09999999999859,4,349.7279145680701,97.201954665241,2.485047824777034,-3.089262331695341
100.09999999999859,5,349.4797499684754,97.18895626448335,2.39395382305127,-3.089291498282093
100.09999999999859,6,349.24068193390326,97.17644131682215,2.327385775302086,-3.0893068355704907
100.09999999999859,7,349.0082614150516,97.16427793373592,2.282556324009896,-3.0893145578830197
100.09999999999859,8,348.78031762285747,97.15235059857213,2.2521760436079044,-3.0893188455583562
100.19999999999858,0,350.5508260980406,97.2453177008959,2.9037273170357403,-3.089029601194442
100.19999999999858,1,350.26085440569386,97.23006185104997,2.804353381266364,-3.0889773727411
100.19999999999858,2,349.98080715179617,97.21531347397858,2.7028095282212456,-3.088916851779638
100.19999999999858,3,349.71090109099015,97.20108279122687,2.604451385521946,-3.088853583135265
100.19999999999858,4,349.4508180691108,97.18735352314286,2.5115138259342245,-3.0887910723952583
100.19999999999858,5,349.2000167089212,97.17409849409434,2.424547421128942,-3.0887320659199062
100.19999999999858,6,348.9579006241522,97.16128816162002,2.3446124284338197,-3.088679459606565
100.19999999999858,7,348.7237675254214,97.14888785656767,2.2783148425605093,-3.088637459241152
100.19999999999858,8,348.4962554128585,97.13682863394945,2.224365587937249,-3.0886034165674476
100.29999999999858,0,350.26085784304985,97.22999665602012,2.80435338126639,-3.0889773727289005
100.29999999999858,1,349.9808105894579,97.21524827896178,2.6793522620996795,-3.08894019973402
100.29999999999858,2,349.7132466733095,97.20114734922502,2.5594534903827766,-3.0888923483987885
100.29999999999858,3,349.45765666336445,97.18766519395604,2.4509375806448563,-3.088839225871747
100.29999999999858,4,349.2129038648846,97.17474165425767,2.354771801588874,-3.0887849736441826
100.29999999999858,5,348.9777549402763,97.16231242936854,2.2696197550963246,-3.088732919789255
100.29999999999858,6,348.75110997400907,97.15032086595534,2.1946277221721737,-3.088686218299144
100.29999999999858,7,348.531954278277,97.13871528894444,2.1347180478865937,-3.0886487685330986
100.29999999999858,8,348.3187815902089,97.12741854154258,2.087387208542081,-3.0886183028218133
100.39999999999857,0,349.980813037011,97.21520187722487,2.679352262099716,-3.0889401997345516
100.39999999999857,1,349.71324912086226,97.20110094748827,2.5354463517920096,-3.0889146197139126
100.39999999999857,2,349.4600561943839,97.18775089095288,2.402843442356084,-3.08887749307587
100.39999999999857,3,349.2201056345,97.17509012888614,2.288523924207177,-3.0888338487123015
100.39999999999857,4,348.99157167255044,97.16302175069204,2.1922706108120855,-3.0887878685583186
100.39999999999857,5,348.7726501808316,97.15145089186677,2.1110468070430644,-3.0887429181682418
100.39999999999857,6,348.561840249177,97.14029925829854,2.0423014067870042,-3.0887020808914576
100.39999999999857,7,348.35789569990413,97.12950244469627,1.9895009649083095,-3.088669010918326
100.39999999999857,8,348.15922415923603,97.1189781954019,1.949179923883702,-3.0886419165685957
100.49999999999856,0,349.7132508055573,97.20106901687583,2.5354463517920296,-3.0889146197141306
100.49999999999856,1,349.46005787907893,97.1877189603405,2.4660804877862574,-3.0887732853537067
100.49999999999856,2,349.21379375433804,97.17469933484435,2.3807663394822836,-3.0886502730245073
100.49999999999856,3,348.97605069405853,97.16210087835017,2.2827751679194606,-3.0885537298902292
100.49999999999856,4,348.7480941882262,97.14999896042188,2.175421167700253,-3.088482664126059
100.49999999999856,5,348.5308588059003,97.13845073159425,2.0619250685682116,-3.08843289088239
100.49999999999856,6,348.32495757549486,97.12749474870765,1.947747933075129,-3.08839938194706
100.49999999999856,7,348.1304582763605,97.11713892545986,1.8475249719358453,-3.0883769194894457
100.49999999999856,8,347.94596731826846,97.10731182543535,1.7626553860893979,-3.0883604327021392
100.59999999999856,0,349.460067242759,97.18754254072196,2.466080487786275,-3.0887732853724126
100.59999999999856,1,349.2138031181396,97.17452291523693,2.3621446126832994,-3.0887014223082203
100.59999999999856,2,348.97791898274465,97.16203506585778,2.256424692951019,-3.08863211937919
100.59999999999856,3,348.75259288253744,97.15009050569068,2.1480457917782023,-3.0885685776322642
100.59999999999856,4,348.53809019979616,97.1387060277946,2.0429297926307983,-3.0885165671006587
100.59999999999856,5,348.3340849068839,97.12786804619084,1.9425799240399941,-3.0884768323640674
100.59999999999856,6,348.14010087915653,97.11755472446993,1.8467329903728025,-3.088447973701798
100.59999999999856,7,347.9556883103942,97.10774494035219,1.7561451246344986,-3.088427529226556
100.59999999999856,8,347.7803219293499,97.09841277068361,1.6782043620885552,-3.0884120812144316
100.69999999999855,0,349.2138078769719,97.17443321255305,2.362144612683312,-3.0887014223128704
100.69999999999855,1,348.9779237415788,97.16194536317505,2.2403787066350884,-3.088654536023605
100.69999999999855,2,348.75419972443433,97.15009075882753,2.122451151004822,-3.08860635791074
100.69999999999855,3,348.54225248375684,97.13884993798224,2.008142343444433,-3.088559418438213
100.69999999999855,4,348.3417205806607,97.1282051009182,1.9023243838282093,-3.0885194778080276
100.69999999999855,5,348.15175599914517,97.11811360039303,1.8049801181401546,-3.088488001295003
100.69999999999855,6,347.97151243911486,97.10853282085046,1.7143225474563473,-3.0884644992003576
100.69999999999855,7,347.80032206987386,97.09942922559952,1.6297925058205516,-3.0884474323874906
100.69999999999855,8,347.63757292560626,97.09077173401005,1.5578885506127533,-3.0884343160914485
100.79999999999855,0,348.97792684723584,97.16188683765768,2.2403787066351093,-3.0886545360250386
100.79999999999855,1,348.7542028300917,97.15003223331045,2.106006754248468,-3.0886221725718928
100.79999999999855,2,348.5438975448425,97.13888183037163,1.9802290784045173,-3.088586871612252
100.79999999999855,3,348.346152755736,97.12839038571934,1.8633058448742348,-3.0885507565940378
100.79999999999855,4,348.16008422502466,97.1185116917608,1.759134042273041,-3.0885191775095224
100.79999999999855,5,347.98441851854506,97.10917973838107,1.6663336323764235,-3.0884937713318426
100.79999999999855,6,347.81802001077716,97.10033585029134,1.5817736385355707,-3.088474451657784
100.79999999999855,7,347.66006574660537,97.09193770372667,1.5037652881084047,-3.088460188316878
100.79999999999855,8,347.50990142876014,97.0839515868161,1.438116480263659,-3.0884491016406086
100.89999999999854,0,348.7542049743139,97.14999183586022,2.106006754248477,-3.088622172572421
100.89999999999854,1,348.5438996890648,97.13884143292154,1.9678021469218567,-3.088561863954622
100.89999999999854,2,348.34739610855354,97.12841091325328,1.8241009682585116,-3.0885123490170185
100.89999999999854,3,348.16524292332974,97.11873307583234,1.6763530492613081,-3.0884748755388527
100.89999999999854,4,347.99784405417,97.10983284761967,1.5386207289068348,-3.0884479687704647
100.89999999999854,5,347.844199210894,97.10165974481234,1.4172024937525256,-3.0884292367062196
100.89999999999854,6,347.70267918978584,97.09412896072115,1.3144691287877155,-3.0884163835563347
100.89999999999854,7,347.5714180803652,97.08714239794224,1.2298213650708356,-3.0884074485117465
100.89999999999854,8,347.4486098405557,97.08060465099236,1.158534129963312,-3.08840070167436
100.99999999999854,0,348.5439036938909,97.13876615360489,1.9678021469218832,-3.088561863958444
100.99999999999854,1,348.34740011337965,97.12833563393741,1.824327472520155,-3.0885207720032497
100.99999999999854,2,348.1652242281119,97.11865812925403,1.6787563036071929,-3.088486649473036
100.99999999999854,3,347.99758526754874,97.10974711525998,1.5327687654496556,-3.088460377900006
100.99999999999854,4,347.8445246933892,97.1016069972384,1.3995984306609994,-3.088441139815854
100.99999999999854,5,347.7047625028999,97.09417142188622,1.284453364082299,-3.0884274586524443
100.99999999999854,6,347.57649865154633,97.08734581706972,1.1886603910439937,-3.0884178612745683
100.99999999999854,7,347.45780062318954,97.08102811838657,1.1107869666188526,-3.088411047907094
100.99999999999854,8,347.3468789705129,97.07512355915391,1.0457075652744243,-3.088405828852774
101.09999999999853,0,348.34740284271817,97.12828434155875,1.8243274725201624,-3.0885207720046246
101.09999999999853,1,348.1652269574507,97.1186068368757,1.679442944759863,-3.0884923796000594
101.09999999999853,2,347.99751937849555,97.10969313910418,1.5364517964323539,-3.0884685323692307
101.09999999999853,3,347.8440909544498,97.10153471263388,1.397667211178372,-3.088449845614602
101.09999999999853,4,347.7045215485425,97.09411061223611,1.2758341053948583,-3.0884358663809603
101.09999999999853,5,347.57711834821396,97.0873318814634,1.1753825668772309,-3.088425668779392
101.09999999999853,6,347.45974617675404,97.08108567044977,1.0968560661376725,-3.088418297339173
101.09999999999853,7,347.3502156022988,97.07525595709888,1.0380874376146636,-3.0884128869345755
101.09999999999853,8,347.2465536140553,97.06973803404892,0.993181856320566,-3.088408614233381
101.19999999999852,0,348.1652288435607,97.11857139652332,1.6794429447598807,-3.0884923796005914
101.19999999999852,1,347.9975212646052,97.10965769875202,1.5350606481482891,-3.0884713254299916
101.19999999999852,2,347.8442317363655,97.10150708730603,1.394803806383161,-3.088453567608705
101.19999999999852,3,347.7049482391227,97.09409871509612,1.261017469976618,-3.0884395565773675
101.19999999999852,4,347.57902458477815,97.08739917239379,1.1457631121486629,-3.0884289995086096
101.19999999999852,5,347.4646101531905,97.08131074599291,1.0526320895606984,-3.0884212382828307
101.19999999999852,6,347.3594957092213,97.07571638912316,0.9813945230342542,-3.0884155795173727
101.19999999999852,7,347.2614949836532,97.07050007945773,0.9293090055556549,-3.0884113888935225
101.19999999999852,8,347.1686954678938,97.0655602259263,0.8903166109188055,-3.088408056277154
101.29999999999852,0,347.9975226634896,97.10963141824418,1.5350606481482965,-3.088471325430281
101.29999999999852,1,347.84423313524974,97.10148080679824,1.3988874715597504,-3.088456165393864
101.29999999999852,2,347.7045418286174,97.09405110746408,1.2727652526060438,-3.0884430647005003
101.29999999999852,3,347.57744503142055,97.08728959692868,1.156523918843489,-3.0884323692396114
101.29999999999852,4,347.46195601880004,97.0811443782591,1.0497289207605704,-3.088424075939942
101.29999999999852,5,347.3571314655851,97.07556574813214,0.9623496464905504,-3.0884178832712905
101.29999999999852,6,347.26103252376583,97.07045088721185,0.8961044302570762,-3.0884133236932083
101.29999999999852,7,347.17154876189005,97.06568770971796,0.848622242537664,-3.088409922190605
101.29999999999852,8,347.0868065216332,97.06117663206564,0.8138433444423174,-3.088407203319348
101.39999999999851,0,347.844234142597,97.1014618835463,1.3988874715597661,-3.0884561653939855
101.39999999999851,1,347.7045428359645,97.09403218421215,1.2660087497943673,-3.088444072241904
101.39999999999851,2,347.5781207281824,97.08730669468216,1.1446549276541296,-3.0884336951684466
101.39999999999851,3,347.4638169299134,97.08122469375186,1.0345877484708337,-3.088425275906468
101.39999999999851,4,347.36050434770686,97.07572665313218,0.9348171249972941,-3.088418778156602
101.39999999999851,5,347.2671547620204,97.07075821031543,0.854666690240423,-3.0884139445031913
101.39999999999851,6,347.181808913325,97.06621534507848,0.795278281827433,-3.088410391596708
101.39999999999851,7,347.1023935250223,97.06198786874131,0.7538813208696886,-3.088407739323193
101.39999999999851,8,347.02711199056296,97.057980247373,0.7243815802597436,-3.0884056146810424
101.49999999999851,0,347.7045436396316,97.09401708914956,1.266008749794389,-3.0884440722419355
101.49999999999851,1,347.5781215318494,97.08729159961958,1.0962086965104332,-3.0884327714794986
101.49999999999851,2,347.46865551853733,97.08146691141891,0.9419719713751138,-3.088423977545446
101.49999999999851,3,347.3745914334478,97.07646093051287,0.8077554597020901,-3.0884176094387694
101.49999999999851,4,347.293930060445,97.07216771119785,0.6946987679999084,-3.0884132098638375
101.49999999999851,5,347.22455839275165,97.06847508285995,0.6054374748020412,-3.0884102600307948
101.49999999999851,6,347.16410024506104,97.06525673906424,0.5386452097525654,-3.0884082954201864
101.49999999999851,7,347.11031188607524,97.06239333942426,0.49076455591730517,-3.088406952920233
101.49999999999851,8,347.0613048258678,97.05978440414398,0.4554382721947989,-3.0884059471988365
101.5999999999985,0,347.57812228305505,97.08727749365457,1.0962086965104496,-3.0884327714795443
101.5999999999985,1,347.46865626974295,97.08145280545384,0.9444750459843089,-3.088424398323183
101.5999999999985,2,347.3743422287954,97.07643356198614,0.8084598398896121,-3.088417919569754
101.5999999999985,3,347.2936105160026,97.07213662392871,0.6920405733132895,-3.088413250025301
101.5999999999985,4,347.2245042918429,97.06845812783567,0.5948613952952062,-3.0884100316970544
101.5999999999985,5,347.16510225752586,97.06529599008839,0.51592794777317,-3.08840787722691
101.5999999999985,6,347.1135824137672,97.0625533322527,0.4566785353966489,-3.088406452288899
101.5999999999985,7,347.0679791369755,97.06012557757334,0.4145953429055553,-3.0884054859239813
101.5999999999985,8,347.0265782307779,97.0579215018904,0.3839548747902506,-3.0884047657917963
101.6999999999985,0,347.4686568263742,97.08144235382017,0.9444750459843436,-3.0884243983232196
101.6999999999985,1,347.3743427854264,97.07642311035251,0.8088311569051405,-3.0884181741650893
101.6999999999985,2,347.29357399232094,97.07212421932047,0.6891177727848299,-3.0884134011512643
101.6999999999985,3,347.224759634467,97.06846126958077,0.588970270772003,-3.0884099880907607
101.6999999999985,4,347.16594587981484,97.06533044504653,0.5074141620977335,-3.0884076444826825
101.6999999999985,5,347.11527621142216,97.06263303445272,0.442042629395353,-3.088406073045106
101.6999999999985,6,347.0711344565276,97.06028306916232,0.3907929639404604,-3.088405029062612
101.6999999999985,7,347.0321104232719,97.05820551408308,0.3540889884639754,-3.0884043223774675
101.6999999999985,8,346.99675159848096,97.05632306171225,0.3275482933909556,-3.088403797168376
101.79999999999849,0,347.3743431992126,97.07641534116634,0.8088311569051414,-3.0884181741651178
101.79999999999849,1,347.29357440610715,97.07211645013429,0.6876067703231341,-3.088413569265506
101.79999999999849,2,347.22491093427675,97.0684615435492,0.5824754278937807,-3.0884100790184332
101.79999999999849,3,347.1667457453483,97.065365249329,0.49695496230121355,-3.088407609532304
101.79999999999849,4,347.11712051810764,97.06272343804315,0.4298058577391289,-3.0884059222703364
101.79999999999849,5,347.07420071035483,97.06043851880536,0.37808591355215704,-3.0884047870078684
101.79999999999849,6,347.0364455856842,97.05842850850846,0.3384480372014293,-3.0884040235443164
101.79999999999849,7,347.0026486446674,97.05662919842833,0.3080000764351731,-3.0884034983201465
101.79999999999849,8,346.971892194692,97.05499174437749,0.2856352156605227,-3.0884031054447307
101.89999999999849,0,347.2935747122451,97.0721107021563,0.6876067703231369,-3.088413569265507
101.89999999999849,1,347.2249112404148,97.06845579557123,0.554042750643605,-3.088410141401888
101.89999999999849,2,347.16958529904537,97.06551064582915,0.4388844277859291,-3.088407752047611
101.89999999999849,3,347.12575891380203,97.06317754359952,0.34654168717711586,-3.0884062427993997
101.89999999999849,4,347.0911537482883,97.06133528159661,0.2762232013215754,-3.0884053410599
101.89999999999849,5,347.0635704892022,97.05986681720564,0.2252842323401042,-3.0884048154779213
101.89999999999849,6,347.04107392430456,97.05866914395632,0.19040683820869153,-3.0884045070818598
101.89999999999849,7,347.0220601669815,97.0576568827108,0.16780171258582305,-3.0884043166491324
101.89999999999849,8,347.00530372567334,97.05676479406654,0.15268209734086824,-3.0884041826533846
101.99999999999848,0,347.2249114683036,97.06845151680591,0.5540427506436088,-3.0884101414018907
101.99999999999848,1,347.16958552693427,97.06550636706393,0.4365672568099591,-3.088407880097848
101.99999999999848,2,347.12599053084693,97.06318558845857,0.33610093551993436,-3.0884063585080437
101.99999999999848,3,347.09242796390345,97.06139883477272,0.25653975203775925,-3.0884054425370913
101.99999999999848,4,347.06681026614774,97.06003501460536,0.19694294988618427,-3.08840492606214
101.99999999999848,5,347.0471438215267,97.05898801362213,0.1546817614769393,-3.0884046438271353
101.99999999999848,6,347.0316975196809,97.05816567997164,0.1265577159846366,-3.088404488692044
101.99999999999848,7,347.0190596453306,97.05749286004217,0.10902811856162654,-3.0884043982092177
101.99999999999848,8,347.0081722518147,97.0569132318848,0.09781787302451023,-3.088404336902406
102.09999999999847,0,347.16958567726203,97.0655035444342,0.4365672568099577,-3.0884078800978463
102.09999999999847,1,347.12599068117487,97.06318276582877,0.3340397881339131,-3.0884064621835927
102.09999999999847,2,347.0926339373279,97.06140697291283,0.2471169013969099,-3.0884055505507773
102.09999999999847,3,347.0679571920032,97.06009324929933,0.1792148189818178,-3.0884050364119915
102.09999999999847,4,347.05006105337236,97.05914049773924,0.12928588315062317,-3.0884047698198858
102.09999999999847,5,347.03715074791774,97.05845317765939,0.09475564816059057,-3.0884046381262986
102.09999999999847,6,347.0276885829629,97.05794942876454,0.0725732048355388,-3.08840457338255
102.09999999999847,7,347.0204415254374,97.05756360779344,0.05945236659221633,-3.0884045394228323
102.09999999999847,8,347.01450469626013,97.05724754094072,0.05160189997126908,-3.0884045180972137
