{"type":"FeatureCollection","attribution":"OpenStreetMap contributors, ODbL","features":[{"type":"Feature","properties":{},"geometry":{"type":"LineString","coordinates":[[118.7939068,31.8795833],[118.7988603,31.8796396],[118.8026116,31.8796804],[118.8069566,31.8796457],[118.8092429,31.8796752],[118.8137342,31.8796669],[118.8147032,31.8792937],[118.8163141,31.8786732],[118.821069,31.8767947],[118.82507,31.8752176],[118.8278881,31.8752754],[118.8336322,31.8754788],[118.836207,31.8747971],[118.8404149,31.8755535],[118.8449532,31.876394],[118.8479077,31.8735331],[118.8508306,31.8707846],[118.8532497,31.8685108],[118.8553042,31.86659],[118.8569516,31.8669561],[118.8631938,31.8683419],[118.867272,31.8692489],[118.8716937,31.8702236],[118.8740899,31.8707596],[118.877851,31.8720841],[118.8826517,31.8737787],[118.8862147,31.8750758],[118.8912175,31.8731114],[118.8963359,31.8711457],[118.9015315,31.8691251],[118.9056895,31.8675176],[118.909251,31.8677604],[118.9133251,31.8680184],[118.9187308,31.8683704],[118.9210872,31.8698991],[118.9246674,31.872213],[118.9260266,31.874255],[118.92822,31.8775626],[118.9296393,31.8808744],[118.931129,31.8844748],[118.9324443,31.8875694],[118.9340179,31.8911453],[118.9360815,31.8923211],[118.9395901,31.8943529],[118.943243,31.8965202],[118.9459054,31.898036],[118.9492536,31.8985645],[118.9499595,31.9006288],[118.9509071,31.9015346],[118.9532107,31.9035899],[118.9533654,31.9057634],[118.9536149,31.9090361],[118.9539,31.9126811],[118.9541947,31.9159472],[118.9545465,31.9205267],[118.9548413,31.9242818],[118.9551037,31.9276234],[118.9553527,31.9305912],[118.9554602,31.931874],[118.9542903,31.9355806],[118.9535068,31.938067],[118.9523992,31.9415925],[118.9513577,31.9448993],[118.9502749,31.9483109],[118.9503535,31.9516624],[118.9504212,31.954538],[118.9505824,31.958629],[118.9506474,31.9614855],[118.9507387,31.9644031],[118.9508776,31.9703784],[118.9508378,31.9740582],[118.9510424,31.9781545],[118.9511114,31.9827584],[118.9512097,31.9871382],[118.9512661,31.9896124],[118.9513512,31.9926679],[118.951402,31.9947741],[118.9514949,31.9968044],[118.951518,31.9992143],[118.9516425,32.006026],[118.9516503,32.0077583],[118.9504729,32.0086494],[118.9456816,32.0121534],[118.9440161,32.0133458],[118.942076,32.0181375],[118.9413571,32.0199842],[118.9402842,32.0224675],[118.9390665,32.0230679]]}},{"type":"Feature","properties":{},"geometry":{"type":"LineString","coordinates":[[118.8058588,31.8946221],[118.8063226,31.889144],[118.8063438,31.8890125],[118.806385,31.8889248],[118.8065067,31.8888408],[118.806674,31.888598],[118.8066998,31.8884454],[118.8067098,31.8882624],[118.8067217,31.8881053],[118.8067314,31.8879988],[118.8067417,31.8876782],[118.8066592,31.8875966],[118.8066054,31.8875274],[118.8065811,31.8874811],[118.8065656,31.8874075],[118.8069372,31.885332],[118.8069604,31.8852459],[118.8078822,31.8824881],[118.8079657,31.882315],[118.8080408,31.8822284],[118.8081029,31.8821816],[118.8081857,31.8821328],[118.8082939,31.882091],[118.8084005,31.8820845],[118.8085349,31.8820924],[118.8136886,31.8827294],[118.8137396,31.8827405],[118.813772,31.8827566],[118.8139104,31.8828721],[118.8140973,31.8829527],[118.8142535,31.8830767],[118.8143039,31.8831312],[118.8143017,31.8831491],[118.8145324,31.8831671],[118.814722,31.8831675],[118.8148841,31.8831756],[118.814915,31.8830966],[118.8150843,31.8830419],[118.8151541,31.8829891],[118.8152238,31.8829556],[118.8153067,31.8829459],[118.8159537,31.8830404],[118.8161092,31.8830631],[118.8166947,31.8831069],[118.8178735,31.8832563],[118.8186207,31.8833268],[118.8195273,31.8833743],[118.8251185,31.8835221],[118.8251801,31.883538],[118.8252365,31.8835699],[118.8252713,31.8836155],[118.8252942,31.8836827],[118.8252928,31.8840289],[118.82527,31.8840801],[118.8251962,31.8841689],[118.8251506,31.8842258],[118.8251238,31.8842964],[118.8251131,31.8843534],[118.8251211,31.8844035],[118.825148,31.8844513],[118.8252571,31.8846354],[118.8252767,31.8847109],[118.8252004,31.8889925],[118.8249483,31.8891313],[118.8248974,31.8891297],[118.8248923,31.8892134],[118.8248834,31.8893585],[118.8249318,31.8893604],[118.8251794,31.8894205],[118.8251826,31.8905008],[118.8251314,31.8960007],[118.8251144,31.8960787],[118.8250806,31.8961457],[118.8250264,31.8961822],[118.8249482,31.8962101],[118.8248852,31.8962152],[118.8182021,31.8957176],[118.818084,31.8957088],[118.8179553,31.8956994],[118.8100489,31.8951254],[118.8096125,31.8950931],[118.8060616,31.8948439],[118.805986,31.8948186],[118.8059254,31.8947755],[118.8058885,31.8947308],[118.8058664,31.8946821],[118.8058588,31.8946221]]}},{"type":"Feature","properties":{},"geometry":{"type":"LineString","coordinates":[[118.81153,31.8882821],[118.8115816,31.8880888],[118.8116531,31.8878816],[118.8117516,31.8876913],[118.8118709,31.887497],[118.8120082,31.8873211],[118.8121745,31.8871537],[118.8123543,31.8869986],[118.8125485,31.8868669],[118.8127582,31.8867466],[118.8129791,31.8866384],[118.8132099,31.8865487],[118.8134437,31.8864823],[118.8136878,31.8864366],[118.8139608,31.8864055],[118.8141756,31.8864023],[118.8144142,31.8864159],[118.8146375,31.8864463],[118.814851,31.886497],[118.8150991,31.8865731],[118.8153181,31.8866566],[118.8155398,31.8867649],[118.8157444,31.8868922],[118.8159484,31.8870294],[118.8161244,31.8871878],[118.8162783,31.8873619],[118.8164158,31.887542],[118.8165166,31.8877265],[118.8166117,31.8879431],[118.8166902,31.8881495],[118.81674,31.8883623],[118.8167715,31.8885597],[118.8146684,31.8884442],[118.8145677,31.8883177],[118.8144191,31.8882192],[118.8142418,31.8881652],[118.8140553,31.8881626],[118.813874,31.8882124],[118.8137376,31.8882948],[118.8136468,31.8883941],[118.81153,31.8882821]]}},{"type":"Feature","properties":{},"geometry":{"type":"LineString","coordinates":[[118.821704,31.8880577],[118.8218163,31.8863632],[118.8232984,31.886434],[118.823186,31.8881285],[118.821704,31.8880577]]}},{"type":"Feature","properties":{},"geometry":{"type":"LineString","coordinates":[[118.8206959,31.8864311],[118.8206998,31.8863456],[118.8206634,31.8863444],[118.8206768,31.88605],[118.8207135,31.8860512],[118.8207165,31.8859864],[118.8210601,31.885997],[118.821463,31.8860089],[118.821446,31.8863793],[118.8214846,31.8863805],[118.8214816,31.8864534],[118.8213464,31.8864501],[118.8210867,31.8864417],[118.8206959,31.8864311]]}},{"type":"Feature","properties":{},"geometry":{"type":"LineString","coordinates":[[118.821066,31.8867978],[118.8210853,31.8864731],[118.8210867,31.8864417],[118.8213464,31.8864501],[118.8213449,31.8864836],[118.8213255,31.8868089],[118.821066,31.8867978]]}},{"type":"Feature","properties":{},"geometry":{"type":"LineString","coordinates":[[118.8204694,31.8880096],[118.8204265,31.8876637],[118.8201344,31.8876874],[118.8199711,31.8868797],[118.8203842,31.8868023],[118.8208571,31.8868309],[118.8209112,31.8869072],[118.8213208,31.8869315],[118.8214347,31.8869354],[118.8214186,31.8872718],[118.8216306,31.8872791],[118.8215911,31.8880366],[118.8204694,31.8880096]]}},{"type":"Feature","properties":{},"geometry":{"type":"LineString","coordinates":[[118.8213321,31.8859832],[118.8211051,31.8858095],[118.8207778,31.8855592],[118.8205792,31.8854072]]}},{"type":"Feature","properties":{},"geometry":{"type":"LineString","coordinates":[[118.8214902,31.8854771],[118.8212527,31.8856781],[118.8211538,31.8857661],[118.8211051,31.8858095],[118.8210686,31.8858419],[118.8210633,31.8859703],[118.8210601,31.885997]]}},{"type":"Feature","properties":{},"geometry":{"type":"LineString","coordinates":[[118.8185209,31.8847861],[118.8185464,31.8847159],[118.8185543,31.8846363],[118.8185615,31.884547]]}},{"type":"Feature","properties":{},"geometry":{"type":"LineString","coordinates":[[118.8158901,31.8859315],[118.8160319,31.8859108],[118.8161754,31.8858782],[118.8162517,31.8858387],[118.8163268,31.8858023],[118.8164514,31.8857819],[118.8165349,31.8857663],[118.8166066,31.8857575],[118.8166781,31.885768],[118.8167541,31.8857516],[118.8168276,31.8857217],[118.8169008,31.885722],[118.8170031,31.8857051]]}},{"type":"Feature","properties":{},"geometry":{"type":"LineString","coordinates":[[118.8195879,31.8839467],[118.819788,31.884095],[118.8198667,31.8841754],[118.8199367,31.8842767],[118.8200106,31.8843759],[118.8200714,31.8844616],[118.8201269,31.884565],[118.8201491,31.8846544],[118.8201195,31.884741],[118.8200487,31.8848419],[118.819988,31.8849323],[118.8199559,31.885047],[118.8199748,31.8851919],[118.8200501,31.8853864],[118.8200355,31.8855108],[118.8199961,31.8855882],[118.8199451,31.8856588],[118.8198735,31.8857429],[118.8197903,31.8858059],[118.8197073,31.8858164]]}},{"type":"Feature","properties":{},"geometry":{"type":"LineString","coordinates":[[118.819621,31.8835338],[118.8195879,31.8839467],[118.8195241,31.8847423]]}},{"type":"Feature","properties":{},"geometry":{"type":"LineString","coordinates":[[118.7924467,31.8816874],[118.7923961,31.882454],[118.7934987,31.8825157],[118.793778,31.8801684],[118.7957919,31.8801414],[118.7985084,31.8800241],[118.8033787,31.8801364],[118.8070032,31.8802133],[118.807908,31.8802476],[118.8089763,31.8802769],[118.810638,31.8803034],[118.8122026,31.8803421],[118.8138121,31.880361],[118.8157118,31.8803882],[118.8175833,31.8804202],[118.8195081,31.8804549],[118.821446,31.8805199],[118.8232866,31.8805244],[118.8236402,31.880305],[118.8250286,31.8807966],[118.8266538,31.8815945],[118.8283023,31.8824826],[118.8300948,31.8834065],[118.8314523,31.8843055],[118.832446,31.8851162],[118.8335028,31.8859402],[118.834726,31.8868742],[118.8360096,31.8862161]]}},{"type":"Feature","properties":{},"geometry":{"type":"LineString","coordinates":[[118.8183788,31.8908762],[118.8183922,31.8906945],[118.8184888,31.8906996],[118.8185481,31.8907029],[118.8190931,31.8907356],[118.819228,31.8907429],[118.8192958,31.8907465],[118.8192861,31.8908774],[118.8191963,31.8908726],[118.8191929,31.8909196],[118.8183788,31.8908762]]}},{"type":"Feature","properties":{},"geometry":{"type":"LineString","coordinates":[[118.8172487,31.890186],[118.8172511,31.8901523],[118.8172114,31.8901502],[118.8172206,31.8900226],[118.8172618,31.890025],[118.8173954,31.890032],[118.8179541,31.8900634],[118.8180125,31.8900665],[118.8181091,31.8900717],[118.8181019,31.8901718],[118.8180974,31.8902342],[118.8179944,31.8902289],[118.8179894,31.8902967],[118.8179785,31.8904502],[118.817927,31.8904475],[118.8179336,31.8903559],[118.817938,31.8902938],[118.8179431,31.8902219],[118.8172487,31.890186]]}},{"type":"Feature","properties":{},"geometry":{"type":"LineString","coordinates":[[118.8171774,31.8905623],[118.8169205,31.8905489],[118.8169316,31.8903957],[118.817927,31.8904475],[118.8179785,31.8904502],[118.8180819,31.8904556],[118.818076,31.8905366],[118.8182095,31.8905436],[118.8184989,31.8905587],[118.8184948,31.8906154],[118.8182051,31.8906002],[118.8180747,31.8905934],[118.8180683,31.8906821],[118.8171721,31.8906354],[118.8171774,31.8905623]]}},{"type":"Feature","properties":{},"geometry":{"type":"LineString","coordinates":[[118.8184086,31.890487],[118.8184181,31.8903595],[118.8184215,31.8903131],[118.8185083,31.8903177],[118.8185727,31.8903211],[118.819124,31.890353],[118.8192539,31.8903598],[118.8192752,31.8903564],[118.8192718,31.8904033],[118.819321,31.8904058],[118.819317,31.8904623],[118.8193119,31.8905335],[118.8193101,31.8905583],[118.819479,31.890567],[118.8194676,31.8907272],[118.81923,31.890715],[118.819229,31.8907293],[118.819228,31.8907429],[118.8190931,31.8907356],[118.8191081,31.8905248],[118.8185629,31.8904967],[118.8185481,31.8907029],[118.8184888,31.8906996],[118.8184948,31.8906154],[118.8184989,31.8905587],[118.8185038,31.8904921],[118.8184086,31.890487]]}},{"type":"Feature","properties":{},"geometry":{"type":"LineString","coordinates":[[118.8174223,31.889642],[118.8172849,31.8896348],[118.8172859,31.8896138],[118.8170365,31.8896005],[118.8170514,31.8894007],[118.8172531,31.8894115],[118.8172651,31.8892507],[118.8173987,31.8892578],[118.8174043,31.8891826],[118.8180427,31.8892168],[118.8180367,31.8892981],[118.8181737,31.8893055],[118.8181687,31.8893717],[118.8181616,31.8894672],[118.8180566,31.8894616],[118.8180407,31.8896755],[118.8179851,31.8896725],[118.818001,31.8894596],[118.8174381,31.8894294],[118.8174223,31.889642]]}},{"type":"Feature","properties":{},"geometry":{"type":"LineString","coordinates":[[118.8185587,31.889643],[118.8184744,31.8896386],[118.8184822,31.8895308],[118.8184862,31.8894752],[118.8192497,31.8895151],[118.8192426,31.8896141],[118.8193752,31.8896211],[118.8193664,31.8897431],[118.8193279,31.8897411],[118.8193272,31.8897501],[118.8193248,31.8897838],[118.8195331,31.8897947],[118.8195217,31.8899524],[118.8192837,31.88994],[118.8192833,31.8899462],[118.8192816,31.8899692],[118.8191615,31.8899627],[118.8191767,31.889752],[118.818613,31.8897226],[118.818598,31.8899303],[118.8185381,31.8899271],[118.8185587,31.889643]]}},{"type":"Feature","properties":{},"geometry":{"type":"LineString","coordinates":[[118.8184387,31.8900979],[118.8184429,31.8900361],[118.8184506,31.8899228],[118.8185381,31.8899271],[118.818598,31.8899303],[118.8191615,31.8899627],[118.8192816,31.8899692],[118.8193456,31.8899724],[118.8193417,31.8900299],[118.8193365,31.8901057],[118.8192938,31.8901036],[118.8192897,31.8901637],[118.8195064,31.8901744],[118.8194949,31.8903433],[118.8192559,31.8903315],[118.8192539,31.8903598],[118.819124,31.890353],[118.819139,31.8901327],[118.8185873,31.8901056],[118.8185727,31.8903211],[118.8185083,31.8903177],[118.8185229,31.890102],[118.8184387,31.8900979]]}},{"type":"Feature","properties":{},"geometry":{"type":"LineString","coordinates":[[118.817231,31.8897948],[118.8172405,31.8896639],[118.8172826,31.8896661],[118.8172849,31.8896348],[118.8174223,31.889642],[118.8179851,31.8896725],[118.8180407,31.8896755],[118.8181442,31.8896809],[118.8181416,31.8897167],[118.818132,31.8898482],[118.8180287,31.8898428],[118.8180125,31.8900665],[118.8179541,31.8900634],[118.8179704,31.8898392],[118.8174115,31.88981],[118.8173954,31.890032],[118.8172618,31.890025],[118.8172631,31.8900062],[118.8171795,31.8900018],[118.8170046,31.8899927],[118.8170198,31.8897837],[118.817231,31.8897948]]}},{"type":"Feature","properties":{},"geometry":{"type":"LineString","coordinates":[[118.8171386,31.885942],[118.8178923,31.8859817],[118.8179005,31.885869],[118.8171469,31.8858293],[118.8171386,31.885942]]}},{"type":"Feature","properties":{},"geometry":{"type":"LineString","coordinates":[[118.8169851,31.8859365],[118.8170031,31.8857051],[118.8170793,31.8846976]]}},{"type":"Feature","properties":{},"geometry":{"type":"LineString","coordinates":[[118.8156707,31.8866454],[118.8157196,31.8865093],[118.8158608,31.8863407],[118.8158901,31.8859315],[118.8159852,31.8846041],[118.8160312,31.8845389]]}},{"type":"Feature","properties":{},"geometry":{"type":"LineString","coordinates":[[118.817154,31.885726],[118.8173585,31.8857369],[118.8173683,31.8856038],[118.8177563,31.8856245],[118.8177462,31.885761],[118.8179448,31.8857716],[118.8179695,31.8854386],[118.8171784,31.8853964],[118.817154,31.885726]]}},{"type":"Feature","properties":{},"geometry":{"type":"LineString","coordinates":[[118.8180285,31.8859525],[118.8181141,31.8848239]]}},{"type":"Feature","properties":{},"geometry":{"type":"LineString","coordinates":[[118.8237157,31.8881661],[118.8248521,31.8881873],[118.8248875,31.886818],[118.8237531,31.8867969],[118.8237439,31.8871509],[118.8237243,31.8878317],[118.8237157,31.8881661]]}},{"type":"Feature","properties":{},"geometry":{"type":"LineString","coordinates":[[118.8203173,31.8909467],[118.8213398,31.8909866],[118.8213438,31.8909123],[118.8213911,31.8909141],[118.821397,31.8908051],[118.8214016,31.8907186],[118.8213332,31.8907159],[118.8209353,31.8907004],[118.8209299,31.8908006],[118.8203265,31.8907771],[118.8203204,31.8908891],[118.8203173,31.8909467]]}},{"type":"Feature","properties":{},"geometry":{"type":"LineString","coordinates":[[118.8209353,31.8907004],[118.8209299,31.8908006],[118.8203265,31.8907771],[118.8203306,31.8907091],[118.8204107,31.8907117],[118.8204146,31.8906253],[118.8204641,31.8906464],[118.8205231,31.8906486],[118.8205821,31.8906418],[118.8206411,31.8905872],[118.8206465,31.8905097],[118.8205962,31.8904111],[118.8208905,31.8904182],[118.8209028,31.8902537],[118.8213285,31.8902715],[118.8213236,31.8903554],[118.8213628,31.8903581],[118.8213399,31.8906347],[118.8213332,31.8907159],[118.8209353,31.8907004]]}},{"type":"Feature","properties":{},"geometry":{"type":"LineString","coordinates":[[118.8233636,31.8853278],[118.8238572,31.885403]]}},{"type":"Feature","properties":{},"geometry":{"type":"LineString","coordinates":[[118.8234323,31.8866474],[118.8234277,31.8866273],[118.8234284,31.8866073],[118.8234464,31.8866079],[118.823453,31.8865879],[118.8234684,31.886573],[118.8234919,31.8865679],[118.8235157,31.8865772],[118.8235319,31.8865929],[118.8235342,31.886608],[118.8235603,31.8866091],[118.8235637,31.8865492],[118.8235811,31.8865654],[118.8236015,31.8865773],[118.823626,31.8865854],[118.8236517,31.8865869],[118.8236778,31.8865761],[118.8237034,31.8865588],[118.8237061,31.8866913],[118.8236799,31.8866763],[118.8236453,31.886662],[118.8236146,31.8866591],[118.8235792,31.8866693],[118.8235541,31.8866853],[118.8235578,31.8866377],[118.8235197,31.8866365],[118.8235114,31.8866553],[118.8234921,31.886667],[118.8234681,31.8866681],[118.8234478,31.8866621],[118.8234323,31.8866474]]}},{"type":"Feature","properties":{},"geometry":{"type":"LineString","coordinates":[[118.8203192,31.8905735],[118.820287,31.8905325],[118.8202549,31.8904687],[118.8202549,31.8904095],[118.8202763,31.8903776],[118.8203031,31.8903366],[118.8203568,31.8903275],[118.820448,31.8903275],[118.8205338,31.8903594],[118.8205962,31.8904111],[118.8206465,31.8905097],[118.8206411,31.8905872],[118.8205821,31.8906418],[118.8205231,31.8906486],[118.8204641,31.8906464],[118.8204146,31.8906253],[118.8203997,31.890619],[118.8203192,31.8905735]]}},{"type":"Feature","properties":{},"geometry":{"type":"LineString","coordinates":[[118.8232914,31.8896068],[118.8233983,31.8895781],[118.823468,31.8895417],[118.8235056,31.8895189],[118.8235351,31.8895012],[118.8235719,31.8895084],[118.8236178,31.8895427],[118.8236611,31.8895519],[118.8237135,31.8895328],[118.8237522,31.8895139],[118.8237827,31.8895117],[118.8238133,31.8895191],[118.8238542,31.8895417],[118.8239133,31.8895508],[118.8239776,31.8895372],[118.8240313,31.8895417],[118.8240796,31.8895873],[118.8241439,31.8896191],[118.8242179,31.8896217],[118.8242475,31.8895972],[118.8242853,31.8895847],[118.8243183,31.8895963],[118.8243443,31.8896031],[118.8243681,31.8896029],[118.8243918,31.8895889],[118.8244557,31.889513],[118.8247432,31.8892921]]}},{"type":"Feature","properties":{},"geometry":{"type":"LineString","coordinates":[[118.8233304,31.886744],[118.823715,31.8867479],[118.825116,31.886762]]}},{"type":"Feature","properties":{},"geometry":{"type":"LineString","coordinates":[[118.8233388,31.8863887],[118.8238286,31.8864031]]}},{"type":"Feature","properties":{},"geometry":{"type":"LineString","coordinates":[[118.8198241,31.8861917],[118.820402,31.88615],[118.8204425,31.8854469],[118.8196986,31.885415],[118.8198241,31.8861917]]}},{"type":"Feature","properties":{},"geometry":{"type":"LineString","coordinates":[[118.823436,31.8864879],[118.8237183,31.8864925],[118.8237499,31.8850638],[118.8250312,31.8850842],[118.8250398,31.8846953],[118.8249003,31.8844767],[118.8249057,31.8842535],[118.8251369,31.8839078],[118.8251429,31.8837519],[118.8235053,31.8837188],[118.823436,31.8864879]]}},{"type":"Feature","properties":{},"geometry":{"type":"LineString","coordinates":[[118.8150012,31.8844233],[118.8169168,31.8845458],[118.8170026,31.8833979],[118.8158278,31.8832567],[118.8154791,31.8834343],[118.8149695,31.8834434],[118.8149244,31.884354],[118.8150012,31.8844233]]}},{"type":"Feature","properties":{},"geometry":{"type":"LineString","coordinates":[[118.8196593,31.8852647],[118.8196646,31.885333],[118.8204312,31.8853476],[118.8205479,31.8836648],[118.8196807,31.8836158],[118.8195895,31.884668],[118.8196968,31.8847363],[118.8197827,31.884832],[118.8198376,31.8849349],[118.8198173,31.8850383],[118.8197695,31.8851155],[118.8196697,31.885169],[118.8196593,31.8852647]]}},{"type":"Feature","properties":{},"geometry":{"type":"LineString","coordinates":[[118.8170093,31.8845541],[118.8192033,31.8848274],[118.8192642,31.884775],[118.8193291,31.8847334],[118.8193959,31.8847067],[118.8194608,31.8846999],[118.819552,31.8836294],[118.8171058,31.8834017],[118.8170093,31.8845541]]}},{"type":"Feature","properties":{},"geometry":{"type":"LineString","coordinates":[[118.81706,31.8885883],[118.8198646,31.8887648],[118.8199087,31.8880382],[118.8194566,31.8852448],[118.8193938,31.8851802],[118.8193053,31.8851348],[118.8192539,31.8850868],[118.8192136,31.8850239],[118.8191465,31.8849764],[118.8168346,31.8846883],[118.8150916,31.8845843],[118.8149862,31.8846014],[118.8149105,31.8846642],[118.8148731,31.884775],[118.8147659,31.8862367],[118.8148969,31.8863049],[118.815081,31.8863595],[118.8153584,31.8864694],[118.8157404,31.8866405],[118.8159325,31.8867614],[118.816098,31.8868814],[118.816273,31.887051],[118.8164876,31.8872878],[118.81667,31.8875338],[118.8167987,31.8877797],[118.8169168,31.8880621],[118.817016,31.8883217],[118.81706,31.8885883]]}},{"type":"Feature","properties":{},"geometry":{"type":"LineString","coordinates":[[118.8204503,31.8864309],[118.8206251,31.8864389],[118.8206578,31.8859256],[118.8214629,31.8859625],[118.8214681,31.8858566],[118.8214902,31.8854771],[118.8205139,31.8854323],[118.8204503,31.8864309]]}},{"type":"Feature","properties":{},"geometry":{"type":"LineString","coordinates":[[118.8195215,31.8850706],[118.8194679,31.8850649],[118.8194191,31.8850451],[118.8193802,31.8850132],[118.8193552,31.8849725],[118.8193467,31.8849272],[118.8193554,31.8848819],[118.8193806,31.8848413],[118.8194196,31.8848095],[118.8194684,31.8847899],[118.8195221,31.8847843],[118.819578,31.8847944],[118.8196268,31.8848198],[118.8196627,31.8848576],[118.8196817,31.8849034],[118.8196816,31.884952],[118.8196624,31.8849977],[118.8196263,31.8850354],[118.8195775,31.8850607],[118.8195215,31.8850706]]}},{"type":"Feature","properties":{},"geometry":{"type":"LineString","coordinates":[[118.8236482,31.8885861],[118.824941,31.8886312],[118.8249984,31.8885532],[118.8250417,31.8868351],[118.8250256,31.8868209],[118.8248875,31.886818],[118.8248521,31.8881873],[118.8237157,31.8881661],[118.8236672,31.8881661],[118.8236482,31.8885861]]}},{"type":"Feature","properties":{},"geometry":{"type":"LineString","coordinates":[[118.8163147,31.8902031],[118.817938,31.8902938]]}},{"type":"Feature","properties":{},"geometry":{"type":"LineString","coordinates":[[118.8233726,31.8897011],[118.8245998,31.889777],[118.8246676,31.8897649],[118.824693,31.8897236],[118.824699,31.8896116],[118.8246419,31.8896075],[118.8245726,31.8895898],[118.8245115,31.889556],[118.8244557,31.889513],[118.8244176,31.8894586],[118.8243909,31.8894041],[118.8243831,31.8893392],[118.8243859,31.8892719],[118.8236456,31.8892447],[118.8233789,31.8894604],[118.8233726,31.8897011]]}},{"type":"Feature","properties":{},"geometry":{"type":"LineString","coordinates":[[118.820454,31.8867562],[118.8208534,31.886772],[118.820867,31.8865235],[118.8204676,31.8865078],[118.820454,31.8867562]]}},{"type":"Feature","properties":{},"geometry":{"type":"LineString","coordinates":[[118.8233385,31.88928],[118.8232775,31.8892772],[118.8232212,31.8892572],[118.8231761,31.8892224],[118.8231473,31.8891767],[118.8231383,31.8891254],[118.8231501,31.8890746],[118.8231813,31.88903],[118.8232283,31.888997],[118.8232856,31.8889792],[118.8233466,31.8889788],[118.8234004,31.8889941],[118.8234459,31.8890228],[118.8234785,31.8890622],[118.823495,31.8891083],[118.8234937,31.8891564],[118.8234747,31.8892018],[118.82344,31.8892399],[118.823393,31.8892669],[118.8233385,31.88928]]}},{"type":"Feature","properties":{},"geometry":{"type":"LineString","coordinates":[[118.8164257,31.8888765],[118.816417,31.8890288],[118.8164736,31.8890888],[118.8165154,31.8891389],[118.8165422,31.88921],[118.8165445,31.8892731],[118.8165146,31.8893386],[118.8164664,31.8894004],[118.8163921,31.8894776],[118.8163503,31.8895209],[118.8162054,31.8896256],[118.8160993,31.8896767]]}},{"type":"Feature","properties":{},"geometry":{"type":"LineString","coordinates":[[118.8160421,31.8896773],[118.8160056,31.8896145],[118.8159256,31.8894474],[118.8159333,31.8892618],[118.8159963,31.8891201],[118.8160335,31.8889001]]}},{"type":"Feature","properties":{},"geometry":{"type":"LineString","coordinates":[[118.8169515,31.8921459],[118.8172547,31.8919634],[118.8191181,31.8920481],[118.8192601,31.8916125],[118.8183897,31.8915509],[118.8184211,31.891234],[118.8193586,31.8912905],[118.8194312,31.8910138],[118.8183479,31.8909615],[118.81825,31.8908796],[118.8182081,31.8907752],[118.8180683,31.8906821],[118.8171721,31.8906354],[118.8171774,31.8905623],[118.8169205,31.8905489],[118.8169316,31.8903957],[118.817927,31.8904475],[118.8179336,31.8903559],[118.8163569,31.8902516],[118.8160185,31.8905376],[118.8155745,31.8907802],[118.8150048,31.8909943],[118.8154921,31.8914606],[118.816357,31.8915055],[118.8163039,31.8921344],[118.8169515,31.8921459]]}},{"type":"Feature","properties":{},"geometry":{"type":"LineString","coordinates":[[118.8148284,31.8908844],[118.8148849,31.8901825],[118.8152366,31.8901918],[118.815295,31.8900596],[118.8153288,31.8899417],[118.815315,31.889776],[118.8152828,31.8896758],[118.8152131,31.8896029],[118.8151862,31.8895528],[118.8152152,31.8891611],[118.8153502,31.8891675],[118.8153552,31.8890929],[118.8154545,31.8891019],[118.8154831,31.8888711],[118.8168082,31.888942],[118.8167969,31.889051],[118.8166891,31.8894175],[118.8165054,31.8897753],[118.8162484,31.8901039],[118.8160658,31.8902806],[118.8159457,31.8903821],[118.8155869,31.8906169],[118.8152019,31.8907852],[118.8148284,31.8908844]]}},{"type":"Feature","properties":{},"geometry":{"type":"LineString","coordinates":[[118.823321,31.8871468],[118.8237439,31.8871509]]}},{"type":"Feature","properties":{},"geometry":{"type":"LineString","coordinates":[[118.8094584,31.8844481],[118.80967,31.8843207],[118.8099211,31.8842449],[118.8102437,31.8842097],[118.8109445,31.8842496],[118.8118927,31.8843035],[118.8128168,31.8843561],[118.8140423,31.8844258],[118.8143926,31.8844457],[118.8144846,31.884451],[118.814864,31.8844725],[118.8160312,31.8845389],[118.8169669,31.8845922]]}},{"type":"Feature","properties":{},"geometry":{"type":"LineString","coordinates":[[118.8233038,31.8885867],[118.8245011,31.8886454],[118.8247823,31.8886592]]}},{"type":"Feature","properties":{},"geometry":{"type":"LineString","coordinates":[[118.823305,31.8878305],[118.8237243,31.8878317]]}},{"type":"Feature","properties":{},"geometry":{"type":"LineString","coordinates":[[118.8199595,31.8880422],[118.8200693,31.8880479],[118.821627,31.8881292],[118.823296,31.8882187]]}},{"type":"Feature","properties":{},"geometry":{"type":"LineString","coordinates":[[118.8195288,31.8853658],[118.8196318,31.8853699],[118.8200501,31.8853864],[118.8204917,31.8854037],[118.8205792,31.8854072],[118.8209441,31.8854216],[118.8210775,31.8854268],[118.8211444,31.8854294],[118.821492,31.8854431],[118.8217913,31.8854549],[118.8225108,31.8854833],[118.8226073,31.8854871],[118.8233591,31.8855171]]}},{"type":"Feature","properties":{},"geometry":{"type":"LineString","coordinates":[[118.8195146,31.8909531],[118.819601,31.8909578],[118.8196488,31.8909603],[118.8198671,31.8909721],[118.8202712,31.8909938],[118.8209122,31.8910283],[118.8212013,31.8910439],[118.8213703,31.891053],[118.8216236,31.8910666],[118.821786,31.8910755]]}},{"type":"Feature","properties":{},"geometry":{"type":"LineString","coordinates":[[118.8120942,31.8884111],[118.8138511,31.8885023],[118.8139289,31.8884306],[118.8140349,31.8883793],[118.8141542,31.8883724],[118.8142736,31.8883975],[118.8143688,31.8884544],[118.8144372,31.8885341],[118.8160556,31.8886187],[118.8162034,31.8886264],[118.8162021,31.8885638],[118.8146303,31.8884863],[118.814578,31.8884088],[118.8145056,31.8883303],[118.814413,31.8882688],[118.8143178,31.8882245],[118.8141918,31.8882039],[118.8140603,31.8882017],[118.8139423,31.8882267],[118.8138364,31.8882779],[118.8137439,31.8883382],[118.8136688,31.8884305],[118.8120943,31.8883496],[118.8120942,31.8884111]]}},{"type":"Feature","properties":{},"geometry":{"type":"LineString","coordinates":[[118.8185615,31.884547],[118.8186268,31.8845463],[118.8186729,31.8845385],[118.8187158,31.8845316],[118.8187587,31.8845111],[118.8188016,31.8845043],[118.8188553,31.8845043],[118.8189116,31.8845111],[118.8189626,31.8845191],[118.8190471,31.8845123],[118.8191262,31.8844792],[118.8191753,31.8844176],[118.8191834,31.884363],[118.819186,31.8843094],[118.8191391,31.8842331],[118.8190775,31.8841898],[118.8189942,31.8841637],[118.8189299,31.8841181],[118.8188897,31.8840828],[118.8188655,31.8840338],[118.8188669,31.8838437],[118.8188029,31.8837581],[118.8187386,31.8837345],[118.8186662,31.883722],[118.8185777,31.8837265],[118.8184932,31.8837402],[118.8184248,31.8837356],[118.8183685,31.8837356],[118.8182397,31.883706],[118.8181016,31.8836218],[118.8180468,31.8836091],[118.8180023,31.8835956],[118.8179594,31.8835967],[118.8179232,31.8835956],[118.817887,31.8835944],[118.8178449,31.8835954],[118.8177851,31.8835853],[118.8177051,31.8835432],[118.8176563,31.8835231],[118.8176105,31.8835071],[118.8175615,31.8835088],[118.817525,31.8835295],[118.8174712,31.8835505],[118.8174349,31.8836217],[118.8173895,31.8837265],[118.8173814,31.8837948],[118.8173693,31.8838461],[118.8173841,31.8838905],[118.8174136,31.8839634],[118.8174149,31.8840784],[118.8174216,31.8841547],[118.8173988,31.8841957],[118.8173782,31.8842411],[118.8173774,31.8842697],[118.8174051,31.8843037],[118.8174283,31.8843517],[118.8174739,31.8844462],[118.8175383,31.8844849],[118.8176693,31.8844961],[118.8177636,31.8844861],[118.8178736,31.8844815],[118.8179153,31.8844854],[118.8179594,31.8844895],[118.8180587,31.8845032],[118.8181472,31.8844986],[118.8182299,31.8844802],[118.818317,31.8844643],[118.8183966,31.884469],[118.8184878,31.8845214],[118.8185615,31.884547]]}},{"type":"Feature","properties":{},"geometry":{"type":"LineString","coordinates":[[118.8180468,31.8836091],[118.8180615,31.8834331]]}},{"type":"Feature","properties":{},"geometry":{"type":"LineString","coordinates":[[118.8232806,31.8900841],[118.8232823,31.8900066],[118.8232886,31.889732],[118.8232914,31.8896068],[118.8232934,31.8895176],[118.8232964,31.8893325]]}},{"type":"Feature","properties":{},"geometry":{"type":"LineString","coordinates":[[118.8235461,31.8891525],[118.8240401,31.8891749],[118.8247485,31.8892069],[118.8248923,31.8892134],[118.825541,31.8892427]]}},{"type":"Feature","properties":{},"geometry":{"type":"LineString","coordinates":[[118.8235332,31.8892026],[118.8235055,31.8892482],[118.8234649,31.8892862],[118.8234142,31.889314],[118.8233567,31.8893298],[118.8232964,31.8893325],[118.8232509,31.8893256],[118.8232078,31.8893111],[118.823169,31.8892897],[118.823136,31.8892622],[118.82311,31.8892297],[118.8230922,31.8891934],[118.8230831,31.8891549],[118.8230833,31.8891156],[118.8230958,31.8890689],[118.8231212,31.8890261],[118.823158,31.8889898],[118.8232041,31.8889621],[118.8232566,31.8889447],[118.8233125,31.8889385],[118.8233762,31.8889455],[118.8234352,31.8889672],[118.8234849,31.8890017],[118.8235217,31.8890464],[118.8235426,31.889098],[118.8235461,31.8891525],[118.8235332,31.8892026]]}},{"type":"Feature","properties":{},"geometry":{"type":"LineString","coordinates":[[118.8233125,31.8889385],[118.8233072,31.8887453],[118.8233061,31.8886929],[118.8233038,31.8885867],[118.8232975,31.8882902],[118.823296,31.8882187]]}},{"type":"Feature","properties":{},"geometry":{"type":"LineString","coordinates":[[118.8200053,31.8889724],[118.8199951,31.8891053],[118.8199779,31.8893348],[118.8199403,31.8898409],[118.8199282,31.8899234],[118.8196928,31.8906625],[118.819601,31.8909578],[118.8195301,31.8911862],[118.8194183,31.8915464],[118.8193341,31.8918174],[118.8192436,31.8921088],[118.8191427,31.8924248],[118.8189537,31.8930436],[118.8188698,31.8933123],[118.8188165,31.8934838]]}},{"type":"Feature","properties":{},"geometry":{"type":"LineString","coordinates":[[118.8216224,31.8882046],[118.821627,31.8881292],[118.8216791,31.8872812],[118.8217444,31.8862189],[118.8217693,31.8858133],[118.8217913,31.8854549],[118.821909,31.8835999]]}},{"type":"Feature","properties":{},"geometry":{"type":"LineString","coordinates":[[118.8168453,31.8887875],[118.8169719,31.8887949],[118.8183413,31.888875],[118.8199024,31.8889664],[118.8200053,31.8889724]]}},{"type":"Feature","properties":{},"geometry":{"type":"LineString","coordinates":[[118.8114474,31.8883935],[118.8120644,31.8884259],[118.8128694,31.8884683],[118.8132335,31.8884874],[118.8136081,31.8885071],[118.8139163,31.8885233],[118.8141486,31.8885356],[118.8143734,31.8885474],[118.8146817,31.8885636],[118.8150552,31.8885832],[118.8154253,31.8886027],[118.8162218,31.8886446],[118.8168551,31.8886779],[118.8169719,31.8887949]]}},{"type":"Feature","properties":{},"geometry":{"type":"LineString","coordinates":[[118.8114331,31.8885088],[118.8120541,31.8885408],[118.81286,31.8885823],[118.8132254,31.8886011],[118.8136014,31.8886204],[118.8139091,31.8886363],[118.8141389,31.8886481],[118.8143653,31.8886598],[118.8146735,31.8886756],[118.815048,31.8886949],[118.8154189,31.888714],[118.8162155,31.888755],[118.8168453,31.8887875]]}},{"type":"Feature","properties":{},"geometry":{"type":"LineString","coordinates":[[118.8232177,31.8943604],[118.8232408,31.8932805],[118.8232459,31.8930418],[118.8232472,31.8929779],[118.8232719,31.8918279],[118.8232818,31.891365],[118.823289,31.8910288],[118.8232945,31.8906459],[118.8232964,31.8903694],[118.8232932,31.8901412],[118.8232806,31.8900841]]}},{"type":"Feature","properties":{},"geometry":{"type":"LineString","coordinates":[[118.8236784,31.8890854],[118.8233992,31.8888286],[118.8234045,31.8886282],[118.8247055,31.8886675],[118.8247513,31.8886872],[118.8247672,31.8887093],[118.8247589,31.8888124],[118.8246917,31.8888126],[118.8246218,31.8888242],[118.824565,31.8888504],[118.8245135,31.8888858],[118.8244706,31.8889247],[118.8244277,31.8889772],[118.8244111,31.8890377],[118.8243978,31.8891177],[118.8236784,31.8890854]]}},{"type":"Feature","properties":{},"geometry":{"type":"LineString","coordinates":[[118.8197387,31.8849014],[118.8197412,31.884966],[118.819719,31.885028],[118.8196746,31.8850805],[118.8196125,31.8851182],[118.8195948,31.8851227],[118.8195395,31.8851368],[118.8194916,31.8851353],[118.8194622,31.8851343],[118.8193901,31.8851104],[118.8193311,31.8850678],[118.8192918,31.8850112],[118.8192811,31.8849663],[118.8192764,31.8849468],[118.8192867,31.8848816],[118.8193215,31.8848229],[118.819377,31.8847771],[118.8194471,31.8847492],[118.8195241,31.8847423],[118.8195984,31.8847568],[118.8196633,31.8847909],[118.8197117,31.8848408],[118.8197387,31.8849014]]}},{"type":"Feature","properties":{},"geometry":{"type":"LineString","coordinates":[[118.8169589,31.884677],[118.8169669,31.8845922],[118.8169734,31.8845238],[118.8170584,31.883625],[118.8170883,31.8833088]]}},{"type":"Feature","properties":{},"geometry":{"type":"LineString","coordinates":[[118.8218196,31.8905801],[118.8220023,31.8905886],[118.8230414,31.8906364],[118.8232945,31.8906459]]}},{"type":"Feature","properties":{},"geometry":{"type":"LineString","coordinates":[[118.823403,31.8836423],[118.821909,31.8835999],[118.819621,31.8835338],[118.8180615,31.8834331],[118.8170883,31.8833088],[118.8159831,31.8831661],[118.8158149,31.883183],[118.8157227,31.8832397],[118.8156368,31.8832852],[118.8154866,31.8833627],[118.8153525,31.8833945],[118.814928,31.8833884]]}},{"type":"Feature","properties":{},"geometry":{"type":"LineString","coordinates":[[118.8218913,31.8906757],[118.822458,31.8907049],[118.8225182,31.890708],[118.8225781,31.8907111],[118.8231452,31.8907404],[118.8231361,31.8908675],[118.8231258,31.8910117],[118.8231168,31.8911371],[118.8231104,31.8912264],[118.8231036,31.8913219],[118.8230946,31.8914482],[118.8230846,31.8915872],[118.8230756,31.8917125],[118.8225122,31.8916834],[118.8224487,31.8916801],[118.8223873,31.891677],[118.8218217,31.8916478],[118.8218306,31.8915232],[118.8218407,31.891382],[118.8218496,31.8912578],[118.8218565,31.8911617],[118.821863,31.8910705],[118.8218719,31.8909464],[118.8218823,31.8908012],[118.8218913,31.8906757]]}},{"type":"Feature","properties":{},"geometry":{"type":"LineString","coordinates":[[118.8224437,31.8917826],[118.8224487,31.8916801],[118.8224835,31.8911941],[118.8225182,31.890708]]}},{"type":"Feature","properties":{},"geometry":{"type":"LineString","coordinates":[[118.821863,31.8910705],[118.8218719,31.8909464],[118.8219714,31.8909516],[118.8224383,31.8909759],[118.8224292,31.8911006],[118.821863,31.8910705]]}},{"type":"Feature","properties":{},"geometry":{"type":"LineString","coordinates":[[118.8218823,31.8908012],[118.8218913,31.8906757],[118.8223417,31.8906989],[118.822458,31.8907049],[118.8224488,31.8908312],[118.8219823,31.8908065],[118.8218823,31.8908012]]}},{"type":"Feature","properties":{},"geometry":{"type":"LineString","coordinates":[[118.8225512,31.8911071],[118.8225597,31.8909823],[118.8230243,31.8910065],[118.8231258,31.8910117],[118.8231168,31.8911371],[118.8225512,31.8911071]]}},{"type":"Feature","properties":{},"geometry":{"type":"LineString","coordinates":[[118.8225695,31.8908376],[118.8225781,31.8907111],[118.8226207,31.8907133],[118.8231452,31.8907404],[118.8231361,31.8908675],[118.8230352,31.8908622],[118.8225695,31.8908376]]}},{"type":"Feature","properties":{},"geometry":{"type":"LineString","coordinates":[[118.8218719,31.8909464],[118.8218823,31.8908012],[118.8219823,31.8908065],[118.8219714,31.8909516],[118.8218719,31.8909464]]}},{"type":"Feature","properties":{},"geometry":{"type":"LineString","coordinates":[[118.8230243,31.8910065],[118.8230352,31.8908622],[118.8231361,31.8908675],[118.8231258,31.8910117],[118.8230243,31.8910065]]}},{"type":"Feature","properties":{},"geometry":{"type":"LineString","coordinates":[[118.8205686,31.8837121],[118.8211353,31.8837413],[118.8211956,31.8837444],[118.8212554,31.8837475],[118.8218225,31.8837768],[118.8218134,31.8839039],[118.8218031,31.8840482],[118.8217941,31.8841735],[118.8217878,31.8842628],[118.8217819,31.8843563],[118.8217728,31.8844834],[118.8217625,31.8846277],[118.8217535,31.884753],[118.8217471,31.8848423],[118.8217403,31.8849378],[118.8217312,31.8850641],[118.8217213,31.8852032],[118.8217123,31.8853284],[118.8211489,31.8852994],[118.8210854,31.8852961],[118.821024,31.8852929],[118.8204584,31.8852637],[118.8204673,31.8851391],[118.8204774,31.8849979],[118.8204863,31.8848737],[118.8204932,31.8847777],[118.820499,31.8846842],[118.820508,31.8845596],[118.8205181,31.8844184],[118.8205269,31.8842942],[118.8205338,31.8841981],[118.8205403,31.884107],[118.8205492,31.8839828],[118.8205596,31.8838376],[118.8205686,31.8837121]]}},{"type":"Feature","properties":{},"geometry":{"type":"LineString","coordinates":[[118.8205269,31.8842942],[118.8205338,31.8841981],[118.8205403,31.884107],[118.8211065,31.884137],[118.8210947,31.8843208],[118.8205269,31.8842942]]}},{"type":"Feature","properties":{},"geometry":{"type":"LineString","coordinates":[[118.8210775,31.8854268],[118.8210854,31.8852961],[118.8211201,31.88481],[118.8211608,31.8842305],[118.8211956,31.8837444]]}},{"type":"Feature","properties":{},"geometry":{"type":"LineString","coordinates":[[118.8212148,31.884327],[118.8212286,31.8841435],[118.8217941,31.8841735],[118.8217878,31.8842628],[118.8217819,31.8843563],[118.8212148,31.884327]]}},{"type":"Feature","properties":{},"geometry":{"type":"LineString","coordinates":[[118.8212286,31.8841435],[118.821237,31.8840187],[118.8217017,31.8840429],[118.8218031,31.8840482],[118.8217941,31.8841735],[118.8212286,31.8841435]]}},{"type":"Feature","properties":{},"geometry":{"type":"LineString","coordinates":[[118.8205403,31.884107],[118.8205492,31.8839828],[118.8206488,31.883988],[118.8211156,31.8840123],[118.8211065,31.884137],[118.8205403,31.884107]]}},{"type":"Feature","properties":{},"geometry":{"type":"LineString","coordinates":[[118.8205492,31.8839828],[118.8205596,31.8838376],[118.8206596,31.8838429],[118.8206488,31.883988],[118.8205492,31.8839828]]}},{"type":"Feature","properties":{},"geometry":{"type":"LineString","coordinates":[[118.8205596,31.8838376],[118.8205686,31.8837121],[118.8211353,31.8837413],[118.8211261,31.8838676],[118.8206596,31.8838429],[118.8205596,31.8838376]]}},{"type":"Feature","properties":{},"geometry":{"type":"LineString","coordinates":[[118.8212468,31.883874],[118.8212554,31.8837475],[118.8218225,31.8837768],[118.8218134,31.8839039],[118.8217126,31.8838986],[118.8212468,31.883874]]}},{"type":"Feature","properties":{},"geometry":{"type":"LineString","coordinates":[[118.8217017,31.8840429],[118.8217126,31.8838986],[118.8218134,31.8839039],[118.8218031,31.8840482],[118.8217017,31.8840429]]}},{"type":"Feature","properties":{},"geometry":{"type":"LineString","coordinates":[[118.8211489,31.8852994],[118.8211573,31.8851744],[118.8216175,31.8851979],[118.8217213,31.8852032],[118.8217123,31.8853284],[118.8211489,31.8852994]]}},{"type":"Feature","properties":{},"geometry":{"type":"LineString","coordinates":[[118.8204584,31.8852637],[118.8204673,31.8851391],[118.820565,31.8851441],[118.821033,31.885168],[118.821024,31.8852929],[118.8204584,31.8852637]]}},{"type":"Feature","properties":{},"geometry":{"type":"LineString","coordinates":[[118.8217312,31.8850641],[118.8216278,31.8850587],[118.8216175,31.8851979],[118.8217213,31.8852032],[118.8217312,31.8850641]]}},{"type":"Feature","properties":{},"geometry":{"type":"LineString","coordinates":[[118.8211668,31.8850343],[118.8211753,31.8849089],[118.8217403,31.8849378],[118.8217312,31.8850641],[118.8216278,31.8850587],[118.8211668,31.8850343]]}},{"type":"Feature","properties":{},"geometry":{"type":"LineString","coordinates":[[118.8204774,31.8849979],[118.8204863,31.8848737],[118.8210523,31.8849026],[118.8210432,31.8850278],[118.8205755,31.8850031],[118.8204774,31.8849979]]}},{"type":"Feature","properties":{},"geometry":{"type":"LineString","coordinates":[[118.8204673,31.8851391],[118.8204774,31.8849979],[118.8205755,31.8850031],[118.820565,31.8851441],[118.8204673,31.8851391]]}},{"type":"Feature","properties":{},"geometry":{"type":"LineString","coordinates":[[118.8204863,31.8848737],[118.8204932,31.8847777],[118.8204997,31.8846865],[118.8210659,31.8847165],[118.8210523,31.8849026],[118.8204863,31.8848737]]}},{"type":"Feature","properties":{},"geometry":{"type":"LineString","coordinates":[[118.8211753,31.8849089],[118.8211879,31.884723],[118.8217535,31.884753],[118.8217471,31.8848423],[118.8217403,31.8849378],[118.8211753,31.8849089]]}},{"type":"Feature","properties":{},"geometry":{"type":"LineString","coordinates":[[118.8211879,31.884723],[118.8211964,31.8845982],[118.821661,31.8846224],[118.8217625,31.8846277],[118.8217535,31.884753],[118.8211879,31.884723]]}},{"type":"Feature","properties":{},"geometry":{"type":"LineString","coordinates":[[118.8204997,31.8846865],[118.8205086,31.8845623],[118.8206081,31.8845675],[118.8210749,31.8845918],[118.8210659,31.8847165],[118.8204997,31.8846865]]}},{"type":"Feature","properties":{},"geometry":{"type":"LineString","coordinates":[[118.8205086,31.8845623],[118.820519,31.8844171],[118.8206189,31.8844224],[118.8206081,31.8845675],[118.8205086,31.8845623]]}},{"type":"Feature","properties":{},"geometry":{"type":"LineString","coordinates":[[118.820519,31.8844171],[118.820528,31.8842916],[118.8210947,31.8843208],[118.8210855,31.8844471],[118.8206189,31.8844224],[118.820519,31.8844171]]}},{"type":"Feature","properties":{},"geometry":{"type":"LineString","coordinates":[[118.8212062,31.8844535],[118.8212148,31.884327],[118.8217819,31.8843563],[118.8217728,31.8844834],[118.8216719,31.8844781],[118.8212062,31.8844535]]}},{"type":"Feature","properties":{},"geometry":{"type":"LineString","coordinates":[[118.821661,31.8846224],[118.8216719,31.8844781],[118.8217728,31.8844834],[118.8217625,31.8846277],[118.821661,31.8846224]]}},{"type":"Feature","properties":{},"geometry":{"type":"LineString","coordinates":[[118.8225852,31.8853633],[118.8225936,31.8852383],[118.8230578,31.885262],[118.8231576,31.8852671],[118.8231486,31.8853923],[118.8225852,31.8853633]]}},{"type":"Feature","properties":{},"geometry":{"type":"LineString","coordinates":[[118.8218947,31.8853277],[118.8219036,31.8852031],[118.8220013,31.885208],[118.8224693,31.8852319],[118.8224603,31.8853568],[118.8218947,31.8853277]]}},{"type":"Feature","properties":{},"geometry":{"type":"LineString","coordinates":[[118.8219036,31.8852031],[118.8219137,31.8850618],[118.8220118,31.885067],[118.8220013,31.885208],[118.8219036,31.8852031]]}},{"type":"Feature","properties":{},"geometry":{"type":"LineString","coordinates":[[118.8219137,31.8850618],[118.8219226,31.8849376],[118.8224886,31.8849665],[118.8224795,31.8850917],[118.8220118,31.885067],[118.8219137,31.8850618]]}},{"type":"Feature","properties":{},"geometry":{"type":"LineString","coordinates":[[118.8204932,31.8847777],[118.8211201,31.88481],[118.8217471,31.8848423]]}},{"type":"Feature","properties":{},"geometry":{"type":"LineString","coordinates":[[118.8226116,31.8849728],[118.8226181,31.8848771],[118.8226242,31.8847869],[118.8231898,31.8848169],[118.8231834,31.8849063],[118.8231766,31.8850017],[118.8226116,31.8849728]]}},{"type":"Feature","properties":{},"geometry":{"type":"LineString","coordinates":[[118.8220049,31.883776],[118.8225716,31.8838052],[118.8226319,31.8838083],[118.8226917,31.8838114],[118.8232588,31.8838407],[118.8232497,31.8839678],[118.8232394,31.8841121],[118.8232305,31.8842374],[118.8232241,31.8843268],[118.8232182,31.8844202],[118.8232091,31.8845473],[118.8231988,31.8846916],[118.8231898,31.8848169],[118.8231834,31.8849063],[118.8231766,31.8850017],[118.8231676,31.8851281],[118.8231576,31.8852671],[118.8231486,31.8853923],[118.8225852,31.8853633],[118.8225217,31.88536],[118.8224603,31.8853568],[118.8218947,31.8853277],[118.8219036,31.8852031],[118.8219137,31.8850618],[118.8219226,31.8849376],[118.8219295,31.8848416],[118.8219353,31.8847482],[118.8219443,31.8846235],[118.8219544,31.8844823],[118.8219633,31.8843581],[118.8219701,31.8842621],[118.8219766,31.8841709],[118.8219855,31.8840467],[118.8219959,31.8839015],[118.8220049,31.883776]]}},{"type":"Feature","properties":{},"geometry":{"type":"LineString","coordinates":[[118.8219553,31.884481],[118.8219643,31.8843555],[118.822531,31.8843847],[118.8225218,31.884511],[118.8220552,31.8844863],[118.8219553,31.884481]]}},{"type":"Feature","properties":{},"geometry":{"type":"LineString","coordinates":[[118.821936,31.8847504],[118.8219449,31.8846263],[118.8220444,31.8846314],[118.8225112,31.8846558],[118.8225022,31.8847804],[118.821936,31.8847504]]}},{"type":"Feature","properties":{},"geometry":{"type":"LineString","coordinates":[[118.8219449,31.8846263],[118.8219553,31.884481],[118.8220552,31.8844863],[118.8220444,31.8846314],[118.8219449,31.8846263]]}},{"type":"Feature","properties":{},"geometry":{"type":"LineString","coordinates":[[118.8205338,31.8841981],[118.8211608,31.8842305],[118.8217878,31.8842628]]}},{"type":"Feature","properties":{},"geometry":{"type":"LineString","coordinates":[[118.8225108,31.8854833],[118.8225217,31.88536],[118.8225565,31.8848739],[118.8225971,31.8842944],[118.8226319,31.8838083]]}},{"type":"Feature","properties":{},"geometry":{"type":"LineString","coordinates":[[118.8226425,31.8845174],[118.8226511,31.8843909],[118.8232182,31.8844202],[118.8232091,31.8845473],[118.8231082,31.884542],[118.8226425,31.8845174]]}},{"type":"Feature","properties":{},"geometry":{"type":"LineString","coordinates":[[118.8226242,31.8847869],[118.8226327,31.8846621],[118.8230973,31.8846863],[118.8231988,31.8846916],[118.8231898,31.8848169],[118.8226242,31.8847869]]}},{"type":"Feature","properties":{},"geometry":{"type":"LineString","coordinates":[[118.8230973,31.8846863],[118.8231082,31.884542],[118.8232091,31.8845473],[118.8231988,31.8846916],[118.8230973,31.8846863]]}},{"type":"Feature","properties":{},"geometry":{"type":"LineString","coordinates":[[118.8226511,31.8843909],[118.8226581,31.8842976],[118.8226649,31.8842074],[118.8232305,31.8842374],[118.8232241,31.8843268],[118.8232182,31.8844202],[118.8226511,31.8843909]]}},{"type":"Feature","properties":{},"geometry":{"type":"LineString","coordinates":[[118.8219633,31.8843581],[118.8219701,31.8842621],[118.8219766,31.8841709],[118.8225428,31.8842009],[118.8225369,31.8842913],[118.822531,31.8843847],[118.8219633,31.8843581]]}},{"type":"Feature","properties":{},"geometry":{"type":"LineString","coordinates":[[118.8219766,31.8841709],[118.8219855,31.8840467],[118.8220851,31.8840519],[118.8225519,31.8840762],[118.8225428,31.8842009],[118.8219766,31.8841709]]}},{"type":"Feature","properties":{},"geometry":{"type":"LineString","coordinates":[[118.8219855,31.8840467],[118.8219959,31.8839015],[118.8220959,31.8839068],[118.8220851,31.8840519],[118.8219855,31.8840467]]}},{"type":"Feature","properties":{},"geometry":{"type":"LineString","coordinates":[[118.8219959,31.8839015],[118.8220049,31.883776],[118.8225716,31.8838052],[118.8225624,31.8839315],[118.8220959,31.8839068],[118.8219959,31.8839015]]}},{"type":"Feature","properties":{},"geometry":{"type":"LineString","coordinates":[[118.8226831,31.8839379],[118.8226917,31.8838114],[118.8232588,31.8838407],[118.8232497,31.8839678],[118.8231489,31.8839625],[118.8226831,31.8839379]]}},{"type":"Feature","properties":{},"geometry":{"type":"LineString","coordinates":[[118.8226649,31.8842074],[118.8226733,31.8840826],[118.823138,31.8841068],[118.8232394,31.8841121],[118.8232305,31.8842374],[118.8226649,31.8842074]]}},{"type":"Feature","properties":{},"geometry":{"type":"LineString","coordinates":[[118.823138,31.8841068],[118.8231489,31.8839625],[118.8232497,31.8839678],[118.8232394,31.8841121],[118.823138,31.8841068]]}},{"type":"Feature","properties":{},"geometry":{"type":"LineString","coordinates":[[118.8224886,31.8849665],[118.8224956,31.8848708],[118.8225022,31.8847804],[118.821936,31.8847504],[118.8219295,31.8848416],[118.8219226,31.8849376],[118.8224886,31.8849665]]}},{"type":"Feature","properties":{},"geometry":{"type":"LineString","coordinates":[[118.8226031,31.8850983],[118.8226116,31.8849728],[118.8231766,31.8850016],[118.8231676,31.8851279],[118.8230673,31.8851227],[118.8226031,31.8850983]]}},{"type":"Feature","properties":{},"geometry":{"type":"LineString","coordinates":[[118.8230578,31.885262],[118.8230673,31.8851227],[118.8231676,31.8851281],[118.8231576,31.8852671],[118.8230578,31.885262]]}},{"type":"Feature","properties":{},"geometry":{"type":"LineString","coordinates":[[118.8219611,31.8857237],[118.8219711,31.8855991],[118.8225378,31.8856283],[118.8225286,31.8857546],[118.822063,31.8857293],[118.8219611,31.8857237]]}},{"type":"Feature","properties":{},"geometry":{"type":"LineString","coordinates":[[118.8219397,31.8860348],[118.8219474,31.885903],[118.8220493,31.8859086],[118.8225171,31.8859328],[118.822506,31.8860626],[118.8219397,31.8860348]]}},{"type":"Feature","properties":{},"geometry":{"type":"LineString","coordinates":[[118.8219474,31.885903],[118.8219611,31.8857237],[118.822063,31.8857293],[118.8220493,31.8859086],[118.8219474,31.885903]]}},{"type":"Feature","properties":{},"geometry":{"type":"LineString","coordinates":[[118.8226494,31.885761],[118.8226579,31.8856345],[118.8232251,31.8856638],[118.823216,31.8857909],[118.8231151,31.8857856],[118.8226494,31.885761]]}},{"type":"Feature","properties":{},"geometry":{"type":"LineString","coordinates":[[118.8231014,31.8859661],[118.8231151,31.8857856],[118.823216,31.8857909],[118.823203,31.8859719],[118.8231014,31.8859661]]}},{"type":"Feature","properties":{},"geometry":{"type":"LineString","coordinates":[[118.8226287,31.8860662],[118.8226373,31.88594],[118.8231014,31.8859661],[118.823203,31.8859719],[118.8231942,31.8860959],[118.8226287,31.8860662]]}},{"type":"Feature","properties":{},"geometry":{"type":"LineString","coordinates":[[118.8226185,31.8862165],[118.822625,31.8861208],[118.8226287,31.8860662],[118.8231942,31.8860959],[118.8231903,31.8861499],[118.8231834,31.8862454],[118.8226185,31.8862165]]}},{"type":"Feature","properties":{},"geometry":{"type":"LineString","coordinates":[[118.8219294,31.8861813],[118.8219362,31.8860852],[118.8219397,31.8860348],[118.822506,31.8860626],[118.8225025,31.8861144],[118.8224957,31.8862104],[118.8219294,31.8861813]]}},{"type":"Feature","properties":{},"geometry":{"type":"LineString","coordinates":[[118.8219362,31.8860852],[118.8225025,31.8861144],[118.8225633,31.8861176],[118.822625,31.8861208],[118.8231903,31.8861499]]}},{"type":"Feature","properties":{},"geometry":{"type":"LineString","coordinates":[[118.8225564,31.8862134],[118.8225633,31.8861176],[118.8225981,31.8856314],[118.8226073,31.8854871]]}},{"type":"Feature","properties":{},"geometry":{"type":"LineString","coordinates":[[118.8219711,31.8855991],[118.8225378,31.8856283],[118.8225981,31.8856314],[118.8226579,31.8856345],[118.8232251,31.8856638],[118.823216,31.8857909],[118.823203,31.8859719],[118.8231942,31.8860959],[118.8231903,31.8861499],[118.8231834,31.8862454],[118.8226185,31.8862165],[118.8225564,31.8862134],[118.8224957,31.8862104],[118.8219294,31.8861813],[118.8219362,31.8860852],[118.8219397,31.8860348],[118.8219474,31.885903],[118.8219611,31.8857237],[118.8219711,31.8855991]]}},{"type":"Feature","properties":{},"geometry":{"type":"LineString","coordinates":[[118.8202126,31.8879576],[118.8201746,31.8877138],[118.8203681,31.887692],[118.8204062,31.8879358],[118.8202126,31.8879576]]}},{"type":"Feature","properties":{},"geometry":{"type":"LineString","coordinates":[[118.8149956,31.8830409],[118.8150843,31.8830419],[118.8151541,31.8829891],[118.8152238,31.8829556],[118.8153067,31.8829459],[118.8159537,31.8830404],[118.8161092,31.8830631],[118.8166947,31.8831069],[118.8178735,31.8832563],[118.8186207,31.8833268],[118.8195273,31.8833743],[118.8251185,31.8835221],[118.8251801,31.883538],[118.8252365,31.8835699],[118.8252713,31.8836155],[118.8252942,31.8836827],[118.8252928,31.8840289],[118.82527,31.8840801],[118.8251962,31.8841689],[118.8251506,31.8842258],[118.8251238,31.8842964],[118.8251131,31.8843534],[118.8251211,31.8844035],[118.825148,31.8844513],[118.8252571,31.8846354],[118.8252767,31.8847109],[118.8252004,31.8889925]]}},{"type":"Feature","properties":{},"geometry":{"type":"LineString","coordinates":[[118.8251794,31.8894205],[118.8251826,31.8905008],[118.8251314,31.8960007],[118.8251144,31.8960787],[118.8250806,31.8961457],[118.8250264,31.8961822],[118.8249482,31.8962101],[118.8248852,31.8962152],[118.8182021,31.8957176]]}},{"type":"Feature","properties":{},"geometry":{"type":"LineString","coordinates":[[118.8198671,31.8909721],[118.8197815,31.8912441],[118.8196766,31.89158],[118.819667,31.8916108],[118.8196083,31.8917989],[118.8195836,31.8918782],[118.8195624,31.891946],[118.8193922,31.8924863]]}},{"type":"Feature","properties":{},"geometry":{"type":"LineString","coordinates":[[118.817938,31.8902938],[118.8179894,31.8902967]]}},{"type":"Feature","properties":{},"geometry":{"type":"LineString","coordinates":[[118.8179894,31.8902967],[118.818228,31.8903103]]}},{"type":"Feature","properties":{},"geometry":{"type":"LineString","coordinates":[[118.8160335,31.8889001],[118.8160556,31.8886187]]}},{"type":"Feature","properties":{},"geometry":{"type":"LineString","coordinates":[[118.8243284,31.8866768],[118.8241992,31.8866542],[118.8240895,31.8866001],[118.8239886,31.886513],[118.823916,31.8863793],[118.8238948,31.8862531],[118.8239107,31.8854657],[118.8239656,31.8853545],[118.8240594,31.8852734],[118.8241903,31.8851967],[118.8243779,31.8851562],[118.824546,31.8851862],[118.8246823,31.8852674],[118.8247778,31.8853846],[118.8248008,31.8855108],[118.8247778,31.8863086],[118.8247566,31.8864228],[118.8246982,31.8865355],[118.8246115,31.8865971],[118.8244894,31.8866572],[118.8243284,31.8866768]]}},{"type":"Feature","properties":{},"geometry":{"type":"LineString","coordinates":[[118.8233405,31.8863138],[118.8217444,31.8862189]]}},{"type":"Feature","properties":{},"geometry":{"type":"LineString","coordinates":[[118.8198757,31.8868547],[118.8204061,31.8867697],[118.8204252,31.8864644],[118.8204579,31.8859418],[118.8204658,31.8858163],[118.8204917,31.8854037]]}},{"type":"Feature","properties":{},"geometry":{"type":"LineString","coordinates":[[118.8247527,31.889138],[118.8245135,31.8888858],[118.8244767,31.888864],[118.8244363,31.888856],[118.8243954,31.8888544],[118.824375,31.8888444],[118.8243243,31.8887826],[118.8242544,31.8887519],[118.8241796,31.888745],[118.8241024,31.8887491],[118.8240205,31.8887856],[118.8239658,31.8888265],[118.8239058,31.8888527],[118.8238336,31.8888493],[118.8237791,31.8888221],[118.8237255,31.8887902],[118.8236772,31.8887765],[118.8236129,31.8887765],[118.8235638,31.888801],[118.8235239,31.8888036],[118.82349,31.8887877],[118.8234479,31.8887482],[118.8233911,31.8886977],[118.8233061,31.8886929]]}},{"type":"Feature","properties":{},"geometry":{"type":"LineString","coordinates":[[118.8232932,31.8901412],[118.8235919,31.8901546]]}},{"type":"Feature","properties":{},"geometry":{"type":"LineString","coordinates":[[118.8207047,31.8891878],[118.8207257,31.8890037],[118.8207307,31.8888022],[118.8209131,31.8888389],[118.8210569,31.8888676],[118.8211362,31.8887908],[118.8212487,31.8887044],[118.8213887,31.8886531],[118.821486,31.8886407],[118.8214856,31.8886277],[118.8214852,31.8886133],[118.8213565,31.8885996],[118.8211311,31.8886135],[118.8210123,31.8886039],[118.8209337,31.8885893],[118.8207691,31.8885586],[118.8205867,31.8885131],[118.8206128,31.8884712],[118.8206832,31.8883423],[118.8214653,31.8883868],[118.8217368,31.8883997],[118.8225286,31.8884448],[118.822559,31.8885311],[118.8225956,31.8886247],[118.8223891,31.8886497],[118.8222742,31.8886588],[118.8222241,31.8886627],[118.8221853,31.8886657],[118.821982,31.8886659],[118.8218339,31.8886292],[118.821673,31.8886224],[118.8216701,31.8886354],[118.8216692,31.8886483],[118.8217224,31.8886607],[118.8218653,31.8887202],[118.8219768,31.8887928],[118.8220773,31.8889378],[118.8222098,31.8889181],[118.8222633,31.8889103],[118.8223818,31.8888929],[118.8223704,31.8890858],[118.8223587,31.8892914],[118.8222334,31.889264],[118.8221909,31.8892547],[118.8220835,31.8892313],[118.8219186,31.889365],[118.8217657,31.889446],[118.8215893,31.8894776],[118.8215902,31.8894795],[118.8216032,31.8895083],[118.8219707,31.8894946],[118.8221316,31.8895083],[118.8221762,31.8895169],[118.8222251,31.8895264],[118.8225276,31.8895836],[118.8224991,31.8896349],[118.8224415,31.8897398],[118.8216437,31.8897015],[118.8213749,31.8896889],[118.8205767,31.8896479],[118.8205511,31.8895541],[118.820525,31.8894741],[118.8208629,31.8894468],[118.8210426,31.88944],[118.8212974,31.8894719],[118.8214235,31.8895015],[118.8214352,31.8894731],[118.8214412,31.8894585],[118.8213303,31.889421],[118.8212045,31.8893609],[118.8210774,31.8892377],[118.8210282,31.8891621],[118.8208855,31.8891727],[118.8207047,31.8891878]]}},{"type":"Feature","properties":{},"geometry":{"type":"LineString","coordinates":[[118.8193313,31.8924713],[118.8193497,31.8923782],[118.8193701,31.8922181],[118.8193917,31.8920342],[118.8194079,31.8918965],[118.8194212,31.8918386],[118.8194453,31.8917898],[118.8195858,31.891608],[118.8195918,31.8915917],[118.8195972,31.8915773],[118.8195785,31.8914702],[118.8195739,31.8914246],[118.8195856,31.891377],[118.8196206,31.8913334],[118.8196743,31.8912918],[118.819709,31.8912275],[118.8197023,31.8911431],[118.8196619,31.8910049],[118.8196488,31.8909603]]}},{"type":"Feature","properties":{},"geometry":{"type":"LineString","coordinates":[[118.8196092,31.8906446],[118.8196928,31.8906625]]}},{"type":"Feature","properties":{},"geometry":{"type":"LineString","coordinates":[[118.8232806,31.8900841],[118.8227162,31.8900558],[118.822024,31.8900229],[118.8218578,31.890015],[118.8217147,31.8900082],[118.8215721,31.8900014],[118.8215221,31.8899991],[118.8214581,31.889996],[118.8206789,31.889959],[118.8199282,31.8899234],[118.8198318,31.8899188]]}},{"type":"Feature","properties":{},"geometry":{"type":"LineString","coordinates":[[118.8187425,31.8934668],[118.8190671,31.8924059],[118.8191615,31.8921025],[118.819255,31.8917982],[118.8193181,31.8915927],[118.8193809,31.8913882],[118.8193986,31.8913307],[118.8195146,31.8909531],[118.8195262,31.8909153],[118.8195776,31.8907476],[118.8196092,31.8906446],[118.8196376,31.8905521],[118.8198132,31.8899795],[118.8198318,31.8899188],[118.8198425,31.889836],[118.8198444,31.8898084],[118.8198467,31.8897746],[118.8199024,31.8889664],[118.8199652,31.8881185],[118.8199595,31.8880422],[118.8196054,31.8858418],[118.8195288,31.8853658],[118.8194916,31.8851353]]}},{"type":"Feature","properties":{},"geometry":{"type":"LineString","coordinates":[[118.8218578,31.890015],[118.8218475,31.8901685],[118.8218432,31.8902322],[118.8218388,31.8902971],[118.8218196,31.8905801],[118.8218057,31.890785],[118.821786,31.8910755],[118.8217635,31.8914073],[118.8217504,31.8916004],[118.8217611,31.8916599],[118.8217821,31.89171],[118.8218077,31.8917481],[118.8217852,31.8920609],[118.8217213,31.8929535]]}},{"type":"Feature","properties":{},"geometry":{"type":"LineString","coordinates":[[118.8215221,31.8899991],[118.8215269,31.8899198]]}},{"type":"Feature","properties":{},"geometry":{"type":"LineString","coordinates":[[118.8227162,31.8900558],[118.8227216,31.8899792]]}},{"type":"Feature","properties":{},"geometry":{"type":"LineString","coordinates":[[118.823296,31.8882187],[118.823305,31.8878305],[118.823321,31.8871468],[118.8233304,31.886744],[118.8233356,31.8865229],[118.8233388,31.8863887],[118.8233405,31.8863138],[118.8233591,31.8855171],[118.8233636,31.8853278],[118.823403,31.8836423]]}},{"type":"Feature","properties":{},"geometry":{"type":"LineString","coordinates":[[118.8232975,31.8882902],[118.8227454,31.8882628],[118.8226839,31.8882596],[118.8217493,31.8882106],[118.8216224,31.8882046],[118.8214778,31.8881977],[118.820586,31.8881507],[118.8200724,31.8881241],[118.8199652,31.8881185]]}},{"type":"Feature","properties":{},"geometry":{"type":"LineString","coordinates":[[118.8196054,31.8858418],[118.8194404,31.8858346],[118.8193385,31.8857998],[118.8192531,31.8857565],[118.8191861,31.885708],[118.8191105,31.8856511],[118.8190496,31.885599],[118.8189783,31.885515],[118.8189334,31.8854465],[118.8188966,31.885367],[118.8188687,31.8852899],[118.8188415,31.8852046],[118.8188335,31.8851308],[118.8188389,31.885053],[118.8188541,31.8849142]]}},{"type":"Feature","properties":{},"geometry":{"type":"LineString","coordinates":[[118.8162922,31.8900829],[118.8163769,31.8901356]]}},{"type":"Feature","properties":{},"geometry":{"type":"LineString","coordinates":[[118.8143134,31.8862672],[118.8143589,31.8862707],[118.8146315,31.8862916],[118.8147266,31.886313],[118.8150921,31.886395],[118.8155259,31.8865622],[118.8156707,31.8866454],[118.8159206,31.8867887],[118.8160739,31.8869131],[118.8162651,31.8870681],[118.8164389,31.8872662],[118.8165498,31.8873924],[118.8167608,31.8877407],[118.8168368,31.8879406],[118.8169025,31.8881134],[118.8169713,31.8885007],[118.8169719,31.8887949],[118.8169654,31.8888924],[118.8168848,31.889278],[118.8167317,31.8896475],[118.8165101,31.889991],[118.8163769,31.8901356],[118.8163147,31.8902031],[118.8162259,31.8902996],[118.8158867,31.8905649],[118.8157743,31.8906277],[118.8155013,31.8907802],[118.8150799,31.8909395],[118.8149148,31.8909763],[118.8146337,31.8910389],[118.8143802,31.8910569],[118.8141744,31.8910755],[118.8139573,31.8910628]]}},{"type":"Feature","properties":{},"geometry":{"type":"LineString","coordinates":[[118.8139636,31.8909782],[118.814057,31.8909785],[118.8143531,31.8909795],[118.8143862,31.8909749],[118.8147876,31.8909198],[118.8152051,31.8908014],[118.8155947,31.8906274],[118.8157111,31.8905523],[118.8157453,31.8905302],[118.8159596,31.890392],[118.8162727,31.8901079],[118.8162922,31.8900829],[118.8165253,31.8897832],[118.8167101,31.8894272],[118.8167603,31.8892577],[118.8168218,31.8890498],[118.8168371,31.8888987],[118.8168453,31.8887875],[118.8168551,31.8886779],[118.8168574,31.8886619],[118.8168485,31.8885795],[118.8168157,31.8882744],[118.8167188,31.8879647],[118.8166981,31.8878984],[118.8165077,31.8875444],[118.8163333,31.8873266],[118.8162832,31.887264],[118.8162501,31.8872227],[118.8159799,31.886984],[118.8159325,31.8869422],[118.8155639,31.8867109],[118.8151549,31.8865355],[118.8150379,31.8865049],[118.814717,31.8864209],[118.8143028,31.8863748]]}},{"type":"Feature","properties":{},"geometry":{"type":"LineString","coordinates":[[118.8167188,31.8879647],[118.8168368,31.8879406]]}},{"type":"Feature","properties":{},"geometry":{"type":"LineString","coordinates":[[118.8163333,31.8873266],[118.8164389,31.8872662]]}},{"type":"Feature","properties":{},"geometry":{"type":"LineString","coordinates":[[118.8159799,31.886984],[118.8160739,31.8869131]]}},{"type":"Feature","properties":{},"geometry":{"type":"LineString","coordinates":[[118.8192811,31.8849663],[118.8188541,31.8849142],[118.8185626,31.8848786],[118.8181141,31.8848239],[118.8177242,31.8847763],[118.8170793,31.8846976],[118.8169589,31.884677],[118.8168505,31.8846584],[118.8165594,31.8846331]]}},{"type":"Feature","properties":{},"geometry":{"type":"LineString","coordinates":[[118.8165594,31.8846331],[118.8159852,31.8846041],[118.8148587,31.8845417],[118.8144795,31.8845213],[118.8143871,31.8845165],[118.8140366,31.8844975],[118.8128107,31.8844316],[118.8118872,31.884382],[118.8109381,31.884331],[118.8102502,31.884294],[118.8100645,31.8843055],[118.8098822,31.8843442],[118.8096998,31.8844102],[118.8095415,31.884515]]}},{"type":"Feature","properties":{},"geometry":{"type":"LineString","coordinates":[[118.8185778,31.8847932],[118.8185626,31.8848786]]}},{"type":"Feature","properties":{},"geometry":{"type":"LineString","coordinates":[[118.8177417,31.8846889],[118.8177242,31.8847763]]}},{"type":"Feature","properties":{},"geometry":{"type":"LineString","coordinates":[[118.8169669,31.8845922],[118.8177417,31.8846889],[118.8185209,31.8847861],[118.8185778,31.8847932],[118.8192867,31.8848816]]}},{"type":"Feature","properties":{},"geometry":{"type":"LineString","coordinates":[[118.8209441,31.8854216],[118.8207778,31.8855592],[118.8204658,31.8858163]]}},{"type":"Feature","properties":{},"geometry":{"type":"LineString","coordinates":[[118.8214681,31.8858566],[118.8212527,31.8856781],[118.8211489,31.8855918],[118.8209441,31.8854216]]}},{"type":"Feature","properties":{},"geometry":{"type":"LineString","coordinates":[[118.8208996,31.8867959],[118.8209308,31.8868779],[118.8213223,31.8869002]]}},{"type":"Feature","properties":{},"geometry":{"type":"LineString","coordinates":[[118.8198241,31.8861917],[118.8199224,31.8868002],[118.8203674,31.8867496],[118.820402,31.88615],[118.8198241,31.8861917]]}},{"type":"Feature","properties":{},"geometry":{"type":"LineString","coordinates":[[118.8200219,31.8877555],[118.8201012,31.8877558],[118.82012,31.8877671],[118.8201535,31.8879505],[118.8201401,31.8879926],[118.8200693,31.8880479]]}},{"type":"Feature","properties":{},"geometry":{"type":"LineString","coordinates":[[118.8204061,31.8867697],[118.8208996,31.8867959],[118.8209197,31.8864884],[118.8204252,31.8864644]]}},{"type":"Feature","properties":{},"geometry":{"type":"LineString","coordinates":[[118.8169719,31.8887949],[118.8168371,31.8888987],[118.8164257,31.8888765],[118.8154131,31.8888219],[118.8150414,31.8888019],[118.8146658,31.8887817],[118.8143583,31.8887651],[118.8141294,31.8887528],[118.8139033,31.8887406],[118.8135959,31.888724],[118.8132182,31.8887037],[118.8128514,31.8886839],[118.812047,31.8886406],[118.8113742,31.8886043]]}},{"type":"Feature","properties":{},"geometry":{"type":"LineString","coordinates":[[118.8181687,31.8893717],[118.8183017,31.8893769]]}},{"type":"Feature","properties":{},"geometry":{"type":"LineString","coordinates":[[118.8181416,31.8897167],[118.8182742,31.8897245]]}},{"type":"Feature","properties":{},"geometry":{"type":"LineString","coordinates":[[118.8181019,31.8901718],[118.8182383,31.8901802]]}},{"type":"Feature","properties":{},"geometry":{"type":"LineString","coordinates":[[118.8182248,31.8903502],[118.8184181,31.8903595]]}},{"type":"Feature","properties":{},"geometry":{"type":"LineString","coordinates":[[118.8182504,31.8900269],[118.8184429,31.8900361]]}},{"type":"Feature","properties":{},"geometry":{"type":"LineString","coordinates":[[118.8182904,31.8895205],[118.8184822,31.8895308]]}},{"type":"Feature","properties":{},"geometry":{"type":"LineString","coordinates":[[118.8193272,31.8897501],[118.8198467,31.8897746]]}},{"type":"Feature","properties":{},"geometry":{"type":"LineString","coordinates":[[118.8192833,31.8899462],[118.8198132,31.8899795]]}},{"type":"Feature","properties":{},"geometry":{"type":"LineString","coordinates":[[118.8193119,31.8905335],[118.8196376,31.8905521]]}},{"type":"Feature","properties":{},"geometry":{"type":"LineString","coordinates":[[118.819229,31.8907293],[118.8195776,31.8907476]]}},{"type":"Feature","properties":{},"geometry":{"type":"LineString","coordinates":[[118.8170584,31.883625],[118.8172341,31.8835746],[118.8173194,31.8835711],[118.8173601,31.8836022],[118.8174349,31.8836217]]}},{"type":"Feature","properties":{},"geometry":{"type":"LineString","coordinates":[[118.8174283,31.8843517],[118.8173784,31.884372],[118.817295,31.8844376],[118.8172239,31.8844566],[118.8169734,31.8845238]]}},{"type":"Feature","properties":{},"geometry":{"type":"LineString","coordinates":[[118.8233356,31.8865229],[118.8237189,31.8865248],[118.823715,31.8867479]]}},{"type":"Feature","properties":{},"geometry":{"type":"LineString","coordinates":[[118.8200368,31.8885893],[118.8205524,31.8886221],[118.8209551,31.8886477],[118.8212925,31.8886584],[118.8214856,31.8886277]]}},{"type":"Feature","properties":{},"geometry":{"type":"LineString","coordinates":[[118.8214856,31.8886277],[118.8216701,31.8886354]]}},{"type":"Feature","properties":{},"geometry":{"type":"LineString","coordinates":[[118.8216701,31.8886354],[118.8218416,31.8886766],[118.8219531,31.8887127],[118.8222965,31.8887262],[118.8225573,31.8887314],[118.8226414,31.8887331],[118.8227939,31.8887362],[118.8231841,31.888744],[118.8233072,31.8887453]]}},{"type":"Feature","properties":{},"geometry":{"type":"LineString","coordinates":[[118.8214352,31.8894731],[118.8212279,31.8894194],[118.8210808,31.8893862],[118.8208941,31.8893872],[118.8204944,31.8893609],[118.8199779,31.8893348]]}},{"type":"Feature","properties":{},"geometry":{"type":"LineString","coordinates":[[118.8214352,31.8894731],[118.8215902,31.8894795]]}},{"type":"Feature","properties":{},"geometry":{"type":"LineString","coordinates":[[118.8215902,31.8894795],[118.821899,31.8894622],[118.8219114,31.889462],[118.8220091,31.8894602],[118.8222518,31.8894713],[118.8225045,31.8894829],[118.822607,31.8894875],[118.8231803,31.8895152],[118.8232934,31.8895176]]}},{"type":"Feature","properties":{},"geometry":{"type":"LineString","coordinates":[[118.8226724,31.8886736],[118.822673,31.8885727],[118.8226785,31.8884277],[118.8226793,31.8884069],[118.8226813,31.8883553],[118.8231726,31.8883688],[118.8231566,31.8886882],[118.8226724,31.8886736]]}},{"type":"Feature","properties":{},"geometry":{"type":"LineString","coordinates":[[118.8225339,31.8883754],[118.8227358,31.8884112]]}},{"type":"Feature","properties":{},"geometry":{"type":"LineString","coordinates":[[118.8201713,31.8885432],[118.820196,31.8881892],[118.8205814,31.8882086],[118.8205767,31.8882764],[118.8205748,31.8883034],[118.8205633,31.8884684],[118.8205562,31.8885626],[118.8201713,31.8885432]]}},{"type":"Feature","properties":{},"geometry":{"type":"LineString","coordinates":[[118.8206877,31.8882578],[118.8205767,31.8882764]]}},{"type":"Feature","properties":{},"geometry":{"type":"LineString","coordinates":[[118.8205748,31.8883034],[118.8202139,31.8882849],[118.8202016,31.8884523],[118.8205633,31.8884684],[118.8205748,31.8883034],[118.8205767,31.8882764],[118.8205814,31.8882086],[118.820586,31.8881507]]}},{"type":"Feature","properties":{},"geometry":{"type":"LineString","coordinates":[[118.8200493,31.8897911],[118.8200712,31.8894407],[118.8204892,31.8894594],[118.8204815,31.8895529],[118.8204678,31.8897204],[118.8204599,31.8898174],[118.8200493,31.8897911]]}},{"type":"Feature","properties":{},"geometry":{"type":"LineString","coordinates":[[118.8204547,31.8898664],[118.8204599,31.8898174],[118.8204678,31.8897204],[118.8204815,31.8895529],[118.8201051,31.889534],[118.8200947,31.889702],[118.8204678,31.8897204]]}},{"type":"Feature","properties":{},"geometry":{"type":"LineString","coordinates":[[118.8204678,31.8897204],[118.8205712,31.8897249],[118.8213703,31.8897595],[118.8216391,31.8897711],[118.8224712,31.8898072],[118.8226421,31.8898146]]}},{"type":"Feature","properties":{},"geometry":{"type":"LineString","coordinates":[[118.8224314,31.8898918],[118.8224415,31.8897398],[118.8216437,31.8897015],[118.8216391,31.8897711],[118.8216338,31.8898526],[118.8224314,31.8898918]]}},{"type":"Feature","properties":{},"geometry":{"type":"LineString","coordinates":[[118.8205688,31.8898002],[118.8205712,31.8897249],[118.8205767,31.8896479],[118.8213749,31.8896889],[118.8213703,31.8897595],[118.8213651,31.8898393],[118.8205688,31.8898002]]}},{"type":"Feature","properties":{},"geometry":{"type":"LineString","coordinates":[[118.8206832,31.8883423],[118.8206877,31.8882578],[118.820691,31.8881961],[118.821475,31.8882392],[118.8214653,31.8883868],[118.8206832,31.8883423]]}},{"type":"Feature","properties":{},"geometry":{"type":"LineString","coordinates":[[118.8217465,31.8882531],[118.8225403,31.8882913],[118.8225339,31.8883754],[118.8225286,31.8884448],[118.8217368,31.8883997],[118.8217465,31.8882531]]}},{"type":"Feature","properties":{},"geometry":{"type":"LineString","coordinates":[[118.8226207,31.8907133],[118.8226253,31.8906407],[118.8232353,31.8906747],[118.8232096,31.891746],[118.8231611,31.8917861],[118.8225959,31.8917521],[118.8225992,31.8916879],[118.8230756,31.8917125],[118.8230846,31.8915872],[118.8230946,31.8914482],[118.8231036,31.8913219],[118.8231104,31.8912264],[118.8231452,31.8907404],[118.8226207,31.8907133]]}},{"type":"Feature","properties":{},"geometry":{"type":"LineString","coordinates":[[118.8223417,31.8906989],[118.8223441,31.8906321],[118.821869,31.8906042],[118.8218515,31.890626],[118.8217805,31.8915892],[118.8217891,31.8916475],[118.8218078,31.8916895],[118.821835,31.8917122],[118.8223041,31.8917383],[118.8223074,31.8916729],[118.8218217,31.8916478],[118.8218306,31.8915232],[118.8218407,31.891382],[118.8218496,31.8912578],[118.8218565,31.8911617],[118.821863,31.8910705],[118.8218719,31.8909464],[118.8218823,31.8908012],[118.8218913,31.8906757],[118.8223417,31.8906989]]}},{"type":"Feature","properties":{},"geometry":{"type":"LineString","coordinates":[[118.8199151,31.890957],[118.8199379,31.8908721],[118.8202425,31.8908856],[118.8202363,31.8909725],[118.8199151,31.890957]]}},{"type":"Feature","properties":{},"geometry":{"type":"LineString","coordinates":[[118.8196957,31.8909387],[118.8196863,31.8909239],[118.819748,31.8907235],[118.8198861,31.8907371],[118.8199054,31.8907529],[118.8198695,31.8908692],[118.8198499,31.8909318],[118.8198311,31.8909466],[118.8196957,31.8909387]]}},{"type":"Feature","properties":{},"geometry":{"type":"LineString","coordinates":[[118.8199523,31.8905972],[118.8198955,31.8906301],[118.8197895,31.8906267],[118.8197788,31.8906107],[118.8199545,31.8900289],[118.8199827,31.8900049],[118.8200444,31.8899742],[118.8200993,31.8899674],[118.8205526,31.8899867],[118.8205727,31.8899993],[118.8205687,31.890055],[118.8205472,31.8900728],[118.8201776,31.890049],[118.8201037,31.890083],[118.8199523,31.8905972]]}},{"type":"Feature","properties":{},"geometry":{"type":"LineString","coordinates":[[118.8208011,31.8900892],[118.820775,31.8900723],[118.8207797,31.8900187],[118.8208074,31.8900056],[118.8214359,31.890037],[118.821456,31.8900566],[118.8214527,31.8901118],[118.8214311,31.8901297],[118.8208011,31.8900892]]}},{"type":"Feature","properties":{},"geometry":{"type":"LineString","coordinates":[[118.8215837,31.8901383],[118.8215639,31.8901169],[118.821568,31.8900582],[118.8215931,31.8900396],[118.8217118,31.8900431],[118.8217033,31.8901636],[118.821699,31.8902255],[118.8216944,31.8902905],[118.8216629,31.8907388],[118.821606,31.8907353],[118.8216147,31.8906495],[118.8216514,31.8902883],[118.821658,31.8902236],[118.8216643,31.890162],[118.8216658,31.8901471],[118.8215837,31.8901383]]}},{"type":"Feature","properties":{},"geometry":{"type":"LineString","coordinates":[[118.8213398,31.8909866],[118.8213438,31.8909123],[118.8213911,31.8909141],[118.821397,31.8908051],[118.821655,31.890822],[118.8216318,31.8910025],[118.8213398,31.8909866]]}},{"type":"Feature","properties":{},"geometry":{"type":"LineString","coordinates":[[118.8200796,31.8893049],[118.8200945,31.8891111],[118.8204432,31.8891304],[118.8204376,31.8892033],[118.8205512,31.8892096],[118.8205419,31.8893305],[118.8204965,31.889328],[118.8200796,31.8893049]]}},{"type":"Feature","properties":{},"geometry":{"type":"LineString","coordinates":[[118.8201081,31.8888354],[118.8201191,31.8886284],[118.8201388,31.8886292],[118.8205518,31.8886451],[118.8205856,31.8886464],[118.8205765,31.8888167],[118.8204662,31.8888125],[118.8204643,31.8888491],[118.8201081,31.8888354]]}},{"type":"Feature","properties":{},"geometry":{"type":"LineString","coordinates":[[118.822602,31.8895759],[118.822607,31.8894875],[118.8226093,31.8894463],[118.822621,31.889239],[118.8229377,31.8892519],[118.8231831,31.8894665],[118.8231803,31.8895152],[118.8231756,31.8895993],[118.8231009,31.8895962],[118.822602,31.8895759]]}},{"type":"Feature","properties":{},"geometry":{"type":"LineString","coordinates":[[118.8247117,31.8898024],[118.8243782,31.889786],[118.8242589,31.8897801],[118.8232886,31.889732]]}},{"type":"Feature","properties":{},"geometry":{"type":"LineString","coordinates":[[118.818448,31.891327],[118.8184548,31.8912616],[118.8184878,31.8909425],[118.8183763,31.8909371],[118.8182006,31.8906574],[118.8182051,31.8906002]]}},{"type":"Feature","properties":{},"geometry":{"type":"LineString","coordinates":[[118.8195262,31.8909153],[118.8192841,31.8909043],[118.8192861,31.8908774],[118.8192958,31.8907465],[118.819228,31.8907429],[118.81923,31.890715],[118.8194676,31.8907272],[118.819479,31.890567],[118.8193101,31.8905583],[118.8193119,31.8905335],[118.819317,31.8904623],[118.819557,31.890476],[118.8196735,31.8900489],[118.8193417,31.8900299],[118.8193456,31.8899724],[118.8192816,31.8899692],[118.8192833,31.8899462],[118.8192837,31.88994],[118.8195217,31.8899524],[118.8195331,31.8897947],[118.8198444,31.8898084],[118.8198425,31.889836],[118.8198318,31.8899188],[118.8198132,31.8899795],[118.8196376,31.8905521],[118.8196092,31.8906446],[118.8195776,31.8907476],[118.8195262,31.8909153]]}},{"type":"Feature","properties":{},"geometry":{"type":"LineString","coordinates":[[118.8182051,31.8906002],[118.8182095,31.8905436]]}},{"type":"Feature","properties":{},"geometry":{"type":"LineString","coordinates":[[118.8182095,31.8905436],[118.8182248,31.8903502],[118.818228,31.8903103],[118.8182383,31.8901802],[118.8182504,31.8900269],[118.8182742,31.8897245],[118.8182904,31.8895205],[118.8183017,31.8893769],[118.8183413,31.888875]]}},{"type":"Feature","properties":{},"geometry":{"type":"LineString","coordinates":[[118.811462,31.8882915],[118.8120736,31.8883222],[118.8128783,31.8883629],[118.8129809,31.8883681],[118.8132391,31.8883812],[118.8136135,31.8884002],[118.8136579,31.8884025],[118.8137303,31.8883172],[118.8138202,31.8882538],[118.8139405,31.8882012],[118.8140642,31.8881725],[118.8142253,31.8881784],[118.8143701,31.8882181],[118.8144845,31.8882815],[118.8145803,31.8883638],[118.8146456,31.8884629],[118.8146888,31.8884651],[118.8150609,31.8884838],[118.8153478,31.8884982],[118.8154302,31.8885023],[118.8162264,31.8885422],[118.8168485,31.8885795]]}},{"type":"Feature","properties":{},"geometry":{"type":"LineString","coordinates":[[118.8209197,31.8864884],[118.8210853,31.8864731]]}},{"type":"Feature","properties":{},"geometry":{"type":"LineString","coordinates":[[118.8210853,31.8864731],[118.8213449,31.8864836]]}},{"type":"Feature","properties":{},"geometry":{"type":"LineString","coordinates":[[118.8239553,31.891027],[118.8239611,31.8907377],[118.8241582,31.8907406],[118.8241524,31.8910298],[118.8239553,31.891027]]}},{"type":"Feature","properties":{},"geometry":{"type":"LineString","coordinates":[[118.8237636,31.8910242],[118.8237694,31.8907349],[118.8239611,31.8907377],[118.8239553,31.891027],[118.8237636,31.8910242]]}},{"type":"Feature","properties":{},"geometry":{"type":"LineString","coordinates":[[118.8235743,31.8910215],[118.8235802,31.8907321],[118.8237694,31.8907349],[118.8237636,31.8910242],[118.8235743,31.8910215]]}},{"type":"Feature","properties":{},"geometry":{"type":"LineString","coordinates":[[118.8235919,31.8901546],[118.8235977,31.8898652],[118.823787,31.889868],[118.8237811,31.8901573],[118.8235919,31.8901546]]}},{"type":"Feature","properties":{},"geometry":{"type":"LineString","coordinates":[[118.823586,31.8904429],[118.8235919,31.8901546],[118.8237811,31.8901573],[118.8237753,31.8904457],[118.823586,31.8904429]]}},{"type":"Feature","properties":{},"geometry":{"type":"LineString","coordinates":[[118.8237753,31.8904457],[118.8237811,31.8901573],[118.8239727,31.8901601],[118.8239669,31.8904485],[118.8237753,31.8904457]]}},{"type":"Feature","properties":{},"geometry":{"type":"LineString","coordinates":[[118.8237811,31.8901573],[118.823787,31.889868],[118.8239786,31.8898708],[118.8239727,31.8901601],[118.8237811,31.8901573]]}},{"type":"Feature","properties":{},"geometry":{"type":"LineString","coordinates":[[118.8239727,31.8901601],[118.8239786,31.8898708],[118.8241757,31.8898737],[118.8241698,31.890163],[118.8239727,31.8901601]]}},{"type":"Feature","properties":{},"geometry":{"type":"LineString","coordinates":[[118.8239669,31.8904485],[118.8239727,31.8901601],[118.8241698,31.890163],[118.824164,31.8904513],[118.8239669,31.8904485]]}},{"type":"Feature","properties":{},"geometry":{"type":"LineString","coordinates":[[118.8235802,31.8907321],[118.823586,31.8904429],[118.8237753,31.8904457],[118.8237694,31.8907349],[118.8235802,31.8907321]]}},{"type":"Feature","properties":{},"geometry":{"type":"LineString","coordinates":[[118.8237694,31.8907349],[118.8237753,31.8904457],[118.8239669,31.8904485],[118.8239611,31.8907377],[118.8237694,31.8907349]]}},{"type":"Feature","properties":{},"geometry":{"type":"LineString","coordinates":[[118.8239611,31.8907377],[118.8239669,31.8904485],[118.824164,31.8904513],[118.8241582,31.8907406],[118.8239611,31.8907377]]}},{"type":"Feature","properties":{},"geometry":{"type":"LineString","coordinates":[[118.8239809,31.8863768],[118.8239534,31.8863007],[118.8239763,31.8854637],[118.8240108,31.8853877],[118.8247093,31.8853974],[118.8247277,31.8854677],[118.8247116,31.8863222],[118.824684,31.8863807],[118.8239809,31.8863768]]}},{"type":"Feature","properties":{},"geometry":{"type":"LineString","coordinates":[[118.8198425,31.889836],[118.8199403,31.8898409],[118.8204547,31.8898664],[118.8213604,31.889912],[118.8215269,31.8899198],[118.8216291,31.8899247],[118.8218621,31.8899364],[118.8226358,31.889975],[118.8227216,31.8899792],[118.8232823,31.8900066]]}},{"type":"Feature","properties":{},"geometry":{"type":"LineString","coordinates":[[118.821863,31.8905533],[118.8219027,31.8900629],[118.8232093,31.8901206],[118.823249,31.8901699],[118.8232575,31.8902143],[118.8232575,31.8906242],[118.821863,31.8905533]]}},{"type":"Feature","properties":{},"geometry":{"type":"LineString","coordinates":[[118.8235919,31.8901546],[118.8235977,31.8898652],[118.823787,31.889868],[118.8239786,31.8898708],[118.8241757,31.8898737],[118.8243721,31.8898766],[118.8245691,31.8898794],[118.8247662,31.8898823],[118.8247603,31.8901717],[118.8247544,31.89046],[118.8247485,31.8907492],[118.8247427,31.8910384],[118.8247367,31.8913327],[118.8245397,31.8913298],[118.8243429,31.891327],[118.8241465,31.8913242],[118.8239494,31.8913213],[118.8237577,31.8913186],[118.8235684,31.8913158],[118.823574,31.8910375],[118.8235743,31.8910215],[118.8235802,31.8907321],[118.823586,31.8904429],[118.8235919,31.8901546]]}},{"type":"Feature","properties":{},"geometry":{"type":"LineString","coordinates":[[118.8230833,31.8891156],[118.8229502,31.8891179],[118.8225315,31.8891017],[118.8223704,31.8890858]]}},{"type":"Feature","properties":{},"geometry":{"type":"LineString","coordinates":[[118.8225825,31.8899266],[118.8225997,31.8896367],[118.8226014,31.8895997],[118.822602,31.8895759],[118.8231009,31.8895962],[118.82309,31.8899466],[118.8225825,31.8899266]]}},{"type":"Feature","properties":{},"geometry":{"type":"LineString","coordinates":[[118.8226501,31.8896095],[118.8226014,31.8895997],[118.8225495,31.8895676],[118.8225215,31.88953],[118.8225045,31.8894829]]}},{"type":"Feature","properties":{},"geometry":{"type":"LineString","coordinates":[[118.8226501,31.8896095],[118.8226483,31.889657],[118.8226421,31.8898146],[118.8226358,31.889975]]}},{"type":"Feature","properties":{},"geometry":{"type":"LineString","coordinates":[[118.8226483,31.889657],[118.8230083,31.889666],[118.8230029,31.8898236],[118.8226421,31.8898146]]}},{"type":"Feature","properties":{},"geometry":{"type":"LineString","coordinates":[[118.8225573,31.8887314],[118.822592,31.8886798],[118.8226453,31.8886491],[118.8227208,31.8886427]]}},{"type":"Feature","properties":{},"geometry":{"type":"LineString","coordinates":[[118.8225045,31.8894829],[118.8225315,31.8891017],[118.8225573,31.8887314]]}},{"type":"Feature","properties":{},"geometry":{"type":"LineString","coordinates":[[118.8227208,31.8886427],[118.8227248,31.8885797],[118.8227358,31.8884112],[118.8227454,31.8882628]]}},{"type":"Feature","properties":{},"geometry":{"type":"LineString","coordinates":[[118.8227248,31.8885797],[118.8230835,31.8885991],[118.8230961,31.8884307],[118.8227358,31.8884112]]}},{"type":"Feature","properties":{},"geometry":{"type":"LineString","coordinates":[[118.8208011,31.8900892],[118.8214311,31.8901297],[118.8215837,31.8901383],[118.8216658,31.8901471],[118.8216643,31.890162],[118.821658,31.8902236],[118.8216514,31.8902883],[118.8216147,31.8906495],[118.8214871,31.8906426],[118.8213399,31.8906347],[118.8213628,31.8903581],[118.8213236,31.8903554],[118.8213285,31.8902715],[118.8209028,31.8902537],[118.8208905,31.8904182],[118.8205962,31.8904111],[118.8205338,31.8903594],[118.820448,31.8903275],[118.8203568,31.8903275],[118.8203031,31.8903366],[118.8202763,31.8903776],[118.8202549,31.8904095],[118.8202549,31.8904687],[118.820287,31.8905325],[118.8203192,31.8905735],[118.8203997,31.890619],[118.8204146,31.8906253],[118.8204107,31.8907117],[118.8203306,31.8907091],[118.8203265,31.8907771],[118.8203204,31.8908891],[118.8202842,31.8908875],[118.8202425,31.8908856],[118.8199379,31.8908721],[118.8199014,31.8908706],[118.8198695,31.8908692],[118.8199054,31.8907529],[118.8199523,31.8905972],[118.8201037,31.890083],[118.8201776,31.890049],[118.8205472,31.8900728],[118.8208011,31.8900892]]}},{"type":"Feature","properties":{},"geometry":{"type":"LineString","coordinates":[[118.8196928,31.8906625],[118.820042,31.8906831]]}},{"type":"Feature","properties":{},"geometry":{"type":"LineString","coordinates":[[118.8198671,31.8909721],[118.8199014,31.8908706],[118.820042,31.8906831]]}},{"type":"Feature","properties":{},"geometry":{"type":"LineString","coordinates":[[118.820042,31.8906831],[118.8202842,31.8908875],[118.8202712,31.8909938]]}},{"type":"Feature","properties":{},"geometry":{"type":"LineString","coordinates":[[118.820042,31.8906831],[118.8201737,31.8902427],[118.8201935,31.8902114],[118.8202204,31.8901862],[118.8202615,31.8901706],[118.8206667,31.8901923],[118.8214931,31.8902367]]}},{"type":"Feature","properties":{},"geometry":{"type":"LineString","coordinates":[[118.8206667,31.8901923],[118.8206789,31.889959]]}},{"type":"Feature","properties":{},"geometry":{"type":"LineString","coordinates":[[118.8215221,31.8899991],[118.8214931,31.8902367],[118.8214871,31.8906426],[118.8214804,31.8907608],[118.8218057,31.890785]]}},{"type":"Feature","properties":{},"geometry":{"type":"LineString","coordinates":[[118.8214931,31.8902367],[118.821658,31.8902236],[118.821699,31.8902255],[118.8218432,31.8902322]]}},{"type":"Feature","properties":{},"geometry":{"type":"LineString","coordinates":[[118.8214931,31.8902367],[118.8216514,31.8902883],[118.8216944,31.8902905],[118.8218388,31.8902971]]}},{"type":"Feature","properties":{},"geometry":{"type":"LineString","coordinates":[[118.8214931,31.8902367],[118.8216643,31.890162],[118.8217033,31.8901636],[118.8218475,31.8901685]]}},{"type":"Feature","properties":{},"geometry":{"type":"LineString","coordinates":[[118.8219295,31.8848416],[118.8224956,31.8848708],[118.8225565,31.8848739],[118.8226181,31.8848771],[118.8231834,31.8849063]]}},{"type":"Feature","properties":{},"geometry":{"type":"LineString","coordinates":[[118.8219701,31.8842621],[118.8225369,31.8842913],[118.8225971,31.8842944],[118.8226581,31.8842976],[118.8232241,31.8843268]]}},{"type":"Feature","properties":{},"geometry":{"type":"LineString","coordinates":[[118.8357317,31.8891662],[118.8344979,31.8878954],[118.8331112,31.8864288],[118.8319606,31.885101],[118.8312766,31.8844086],[118.8299945,31.8835887],[118.8282081,31.8831514],[118.8263373,31.883041],[118.8260852,31.8830182],[118.8246571,31.882689],[118.8238744,31.8825774],[118.8212868,31.8827276],[118.8190513,31.8828674],[118.8173268,31.8819877],[118.8158481,31.8809886],[118.8133971,31.880962],[118.8109606,31.8809173],[118.8087484,31.8808728],[118.8066616,31.8808256],[118.8045806,31.8808228],[118.8021309,31.8807831],[118.7997604,31.880761],[118.7980289,31.8833048],[118.796799,31.8850775]]}},{"type":"Feature","properties":{},"geometry":{"type":"LineString","coordinates":[[118.6866413,32.1605907],[118.6871993,32.1604026],[118.6876611,32.1602291],[118.6879673,32.1601192],[118.6886289,32.1598864],[118.6891786,32.1597306],[118.6897189,32.1596048],[118.6900017,32.1595577],[118.6905613,32.1594804],[118.6916829,32.1594027],[118.6928225,32.1593239],[118.6932427,32.1593162],[118.6937849,32.1593316],[118.6943998,32.1593272],[118.6951185,32.1593096],[118.6959954,32.1592525],[118.6968204,32.1591822],[118.6977467,32.1591075],[118.6985561,32.1590658],[118.6993163,32.159046],[118.7000437,32.159015],[118.7004629,32.15897],[118.7008794,32.1589128],[118.7012495,32.1588201],[118.7022979,32.1584295],[118.7033953,32.1580206],[118.7042115,32.157741],[118.704829,32.1575148],[118.7054672,32.157271],[118.7060406,32.1570777],[118.7067385,32.1568668],[118.7072314,32.1567394],[118.7077036,32.1566384],[118.7082303,32.1565505],[118.7095416,32.1563463],[118.7109277,32.1561305],[118.7120562,32.1559314],[118.7132076,32.1557283],[118.7148223,32.1554434],[118.7243522,32.1537374],[118.7257676,32.1535061],[118.7265594,32.1533692],[118.7272429,32.1532557],[118.728718,32.1529916],[118.7305638,32.1526612],[118.732051,32.1523732],[118.7329468,32.1522188],[118.7334564,32.1520917],[118.7339205,32.15196],[118.7344301,32.1518055],[118.7350336,32.151533],[118.7353361,32.1513647],[118.7355082,32.1512682],[118.7356548,32.151176],[118.735765,32.1510759],[118.7358577,32.1509838],[118.7359344,32.1508671],[118.7360468,32.1506683],[118.7373161,32.1483924],[118.7404303,32.1429809],[118.7406441,32.1426638],[118.7410533,32.1419312],[118.7414986,32.1411339],[118.7417149,32.1407576],[118.7419475,32.1403567],[118.7423113,32.1398595],[118.7445325,32.1378746],[118.7467652,32.1358003],[118.7633837,32.118816],[118.7641554,32.1180591],[118.7646869,32.1175597],[118.7652448,32.1170354],[118.7654495,32.1168291],[118.7656186,32.1166316],[118.7658085,32.1164399],[118.7662597,32.1159974],[118.7667193,32.1156023],[118.7672026,32.115219],[118.7674582,32.1150723],[118.7676914,32.1149587],[118.7679736,32.1148297],[118.768334,32.1147114],[118.7686846,32.1146239],[118.7691316,32.1145494],[118.7695772,32.1144949],[118.7699375,32.1144358],[118.7702658,32.1143648],[118.7705703,32.1142465],[118.77096,32.1140572],[118.7711961,32.1139176],[118.7715088,32.1136864],[118.7717687,32.1134078],[118.7719221,32.1132277],[118.7724358,32.1125376],[118.7729889,32.1118134],[118.7734386,32.1112838],[118.7737011,32.1109161],[118.7739827,32.1104086],[118.774404,32.1096034],[118.7748465,32.1087785],[118.775524,32.1075196],[118.7759856,32.1066372],[118.7762989,32.1059701],[118.7766186,32.1053011],[118.7770039,32.1045443],[118.7777428,32.1030665],[118.7786384,32.1013053],[118.7793392,32.0996966],[118.7795615,32.0991316],[118.7797991,32.0985308],[118.7799623,32.0981305],[118.7800687,32.0978695],[118.7804004,32.0970739],[118.7807731,32.0961798],[118.7808666,32.0959459],[118.7811003,32.0953615],[118.7813202,32.0949155],[118.7816633,32.0944696],[118.7820365,32.0941845],[118.7827562,32.0937865],[118.7833235,32.0935754],[118.7843741,32.0932592],[118.7856683,32.0930665],[118.7866541,32.0929793],[118.787688,32.0927666],[118.7882245,32.0926439],[118.7887287,32.0924393],[118.7892866,32.0921985],[118.7903126,32.0917247],[118.7913358,32.0912566],[118.7923323,32.0907998],[118.7933716,32.0902988],[118.7942031,32.0898875],[118.7949878,32.0894779],[118.7966144,32.0884468],[118.7975424,32.0878332],[118.7982452,32.0874287],[118.79886,32.0871065],[118.8014692,32.0861016],[118.80229,32.085747],[118.802923,32.0851562],[118.8038564,32.0838927],[118.8041344,32.0832545],[118.8043045,32.082661],[118.804366,32.0818746],[118.8045055,32.0810019],[118.804626,32.0805179],[118.8047587,32.0799852],[118.8049138,32.0794131],[118.8051636,32.0786701],[118.805426,32.0778895],[118.8057071,32.0770293],[118.8067049,32.0750315],[118.807244,32.0737883],[118.8073674,32.0732656],[118.8073486,32.0727087],[118.8070106,32.0721041],[118.806603,32.071545],[118.8062623,32.0712359],[118.8042882,32.0699085],[118.7961423,32.0660468],[118.7952727,32.0655624],[118.7946296,32.0648921],[118.7941235,32.0641448],[118.7937337,32.0635692],[118.7932885,32.0626781],[118.79264,32.0598894],[118.792625,32.0592036],[118.7926118,32.0583904],[118.7924516,32.0574544],[118.791615,32.0543744],[118.7911165,32.0522028],[118.7909492,32.0514404],[118.7907205,32.0503982],[118.7902324,32.0482536],[118.7895333,32.0454779],[118.7894532,32.0450369],[118.7893357,32.0441326],[118.789185,32.0429724],[118.7890746,32.0419084],[118.7889347,32.0413351],[118.7886215,32.0404737],[118.7881904,32.0392009],[118.7876803,32.0376598],[118.7872862,32.0365067],[118.7869308,32.0354197],[118.7867015,32.0347185],[118.7860578,32.0327124],[118.785788,32.031912],[118.7856549,32.0313652],[118.7855413,32.0309349],[118.7854625,32.0304251],[118.7853729,32.029716],[118.7853564,32.0288704],[118.7853361,32.0280814],[118.7853564,32.0276154],[118.7854474,32.0271494],[118.7856414,32.026261],[118.7858146,32.0254675],[118.7858259,32.0254159],[118.7859865,32.025029],[118.7862889,32.0245088],[118.7867674,32.0239289],[118.7871314,32.0235531],[118.7874895,32.0231026],[118.7879093,32.0225725],[118.7882909,32.0220449],[118.7887958,32.0214923],[118.7892714,32.0209523],[118.7895502,32.0205391],[118.7897998,32.0201359],[118.7899436,32.0197078],[118.790059,32.0192042],[118.7900933,32.0186774],[118.7900111,32.0182493],[118.7898602,32.0176172],[118.7894643,32.016356],[118.7892213,32.0156423],[118.7889756,32.0149206],[118.7889291,32.0147841],[118.7883808,32.0131123],[118.7880477,32.0119956],[118.78761,32.0106096],[118.7873741,32.0099142],[118.7872684,32.0096026],[118.7869937,32.008793],[118.7868321,32.00803],[118.7867916,32.007541],[118.7868504,32.0070685],[118.7869622,32.0066043],[118.7873051,32.005763],[118.7876599,32.0048923],[118.7880031,32.003928],[118.7883846,32.0027242],[118.7885773,32.0022306],[118.7887361,32.0019572],[118.7889744,32.001547],[118.7893284,32.0010101],[118.78958,32.0005099],[118.7896862,32.0001363],[118.7898081,31.999406],[118.7898848,31.9987633],[118.7899699,31.9982775],[118.7901634,31.9974039],[118.790206,31.9972117],[118.7903463,31.9965784],[118.7905419,31.9954336],[118.7906909,31.9947612],[118.7908804,31.9942742],[118.7911984,31.9937093],[118.7916799,31.9929911],[118.7924206,31.9918517],[118.7935682,31.9900527],[118.7943298,31.9888358],[118.7948412,31.9880478],[118.7953794,31.9872185],[118.7960226,31.9862221],[118.7965978,31.9854208],[118.7974095,31.9842085],[118.797676,31.9835916],[118.7978152,31.9830645],[118.7978596,31.982692],[118.7977949,31.9822359],[118.7977095,31.9818635],[118.7975138,31.9814561],[118.7972053,31.9810302],[118.7967174,31.9804821],[118.7959899,31.9798338],[118.7953512,31.9792942],[118.7945521,31.9786191],[118.7937099,31.9778599],[118.7923985,31.9766717],[118.7917757,31.9759386],[118.7914866,31.9752965],[118.7913227,31.9746771],[118.7912512,31.974126],[118.7913364,31.9735576],[118.7915969,31.9729352],[118.7924116,31.97168],[118.7939308,31.9693483],[118.7972296,31.9638233],[118.7981958,31.9620083],[118.7987889,31.9610892],[118.7993811,31.9601714],[118.8007289,31.9584243],[118.8012582,31.9576627],[118.80172,31.9568746],[118.8019522,31.9561675],[118.8021371,31.9554401],[118.8022708,31.9548629],[118.8022865,31.9543691],[118.8021921,31.9489437],[118.8021545,31.9465933],[118.8021351,31.9456855],[118.8021142,31.9447113],[118.802077,31.9427703],[118.8020481,31.9412604],[118.8020827,31.9402123],[118.8021583,31.9392676],[118.8023821,31.9378782],[118.8025702,31.9365277],[118.8028397,31.9346636],[118.8030735,31.9330455],[118.8033852,31.9312533],[118.803464,31.9308023],[118.8034853,31.9304663],[118.8034757,31.9295888],[118.8034646,31.928578],[118.8033807,31.9262998],[118.8033106,31.9233156],[118.8034508,31.9209857],[118.8035442,31.9194489],[118.8037662,31.9186557],[118.8043035,31.9179319],[118.8052497,31.9173073],[118.8061599,31.9168911],[118.8072581,31.9166148],[118.8084682,31.9165199],[118.8095143,31.9166084],[118.8107934,31.9167621],[118.8118301,31.9169529],[118.8129557,31.9172158],[118.8147715,31.9176171],[118.8157589,31.9178559],[118.8168829,31.9181277],[118.8177001,31.9183012],[118.8183884,31.9183527],[118.8191576,31.9183081],[118.8201294,31.9181397],[118.8210525,31.9178819],[118.8216436,31.9176035],[118.8222185,31.9172427],[118.8225951,31.9167719],[118.8229757,31.915978],[118.8233724,31.9150466],[118.8238407,31.9136618],[118.824248,31.9124679],[118.8243822,31.9120517],[118.8245304,31.9116019],[118.8246039,31.9112913],[118.8246702,31.9108482],[118.8247217,31.9101761],[118.8247911,31.9092695],[118.8248754,31.9075076],[118.8249781,31.9060342],[118.8250147,31.9047315],[118.8250281,31.902687],[118.8250959,31.9009421],[118.825132,31.8988904],[118.8251386,31.897977],[118.8251455,31.8970074],[118.8252165,31.8962109],[118.8252913,31.8951659],[118.8253502,31.8934164],[118.8254278,31.8904832],[118.8255047,31.886734],[118.8255113,31.8864142],[118.8255411,31.8830182],[118.8256364,31.8800776],[118.8257286,31.8767322],[118.8259044,31.8749337],[118.8259884,31.8737967],[118.825979,31.8719707],[118.8259752,31.8710452]]}},{"type":"Feature","properties":{},"geometry":{"type":"LineString","coordinates":[[118.8261559,31.8710049],[118.8261665,31.8719542],[118.8261676,31.8725684],[118.8261699,31.873807],[118.8260746,31.8749064],[118.8259421,31.8759447],[118.8258233,31.8777275],[118.8257997,31.8795475],[118.8257697,31.8808821],[118.8257286,31.8828471],[118.8256944,31.8855796],[118.8256754,31.8868393],[118.8256716,31.8870918],[118.8256465,31.8887596],[118.8255438,31.8923697],[118.8254741,31.8952304],[118.8253267,31.8970088],[118.8253185,31.8979669],[118.8253109,31.8988617],[118.8252716,31.8998433],[118.8251949,31.9024567],[118.825169,31.9043817],[118.8251275,31.9057472],[118.8250185,31.907725],[118.8249246,31.9092724],[118.8248593,31.9101715],[118.8248096,31.9108577],[118.8247547,31.9112596],[118.8246623,31.911634],[118.8243673,31.912484],[118.8239936,31.9135663],[118.8234831,31.9151346],[118.8230224,31.9162772],[118.8226971,31.9168677],[118.8222996,31.9173431],[118.8218118,31.9176499],[118.8211884,31.9179489],[118.8205198,31.9181905],[118.8199326,31.9183132],[118.8192189,31.918432],[118.8183742,31.9184781],[118.8176243,31.9184205],[118.8168402,31.9182575],[118.8157174,31.9179778],[118.8147494,31.9177366],[118.814191,31.9176116],[118.8133803,31.91743],[118.811819,31.9170779],[118.8107921,31.9168713],[118.8096924,31.9167602],[118.8085126,31.9166263],[118.8072802,31.9167453],[118.8062523,31.9170031],[118.8053295,31.9174443],[118.8044008,31.9180838],[118.8039277,31.9186936],[118.8037116,31.9194422],[118.8035451,31.9213257],[118.8034642,31.9232997],[118.803535,31.9262136],[118.8035989,31.928572],[118.8036119,31.9295774],[118.8036233,31.9304604],[118.8036021,31.9309288],[118.8035362,31.9313874],[118.8033024,31.9329117],[118.8026516,31.9373811],[118.8023833,31.9392884],[118.8023028,31.9401709],[118.8022659,31.9412432],[118.8022744,31.9427639],[118.8022854,31.9447229],[118.8022992,31.9456651],[118.8023128,31.9465937],[118.8023903,31.9495031],[118.8024598,31.9541775],[118.8024061,31.9548855],[118.8021901,31.955747],[118.8018564,31.956895],[118.8013855,31.957689],[118.8007179,31.9586447],[118.7994979,31.9602286],[118.7989149,31.9611341],[118.7983143,31.9620668],[118.7978026,31.9629354],[118.7940382,31.9694012],[118.7931106,31.9708027],[118.7925023,31.9717217],[118.7917778,31.9728179],[118.7916079,31.9731263],[118.7914648,31.9735738],[118.7914082,31.9739682],[118.7914596,31.9744695],[118.7915906,31.9750136],[118.7917126,31.9754466],[118.7919611,31.9759601],[118.792205,31.9762283],[118.7927154,31.9767609],[118.7946594,31.9785205],[118.7954661,31.9792006],[118.7960967,31.9797324],[118.7969973,31.9805429],[118.7975989,31.9812968],[118.7978663,31.9818238],[118.798004,31.9825276],[118.7979961,31.9830046],[118.7978624,31.9836016],[118.7975478,31.9842754],[118.7955335,31.9872766],[118.7950003,31.9881042],[118.7944859,31.9889026],[118.7936849,31.9901104],[118.7933381,31.9906609],[118.7919218,31.9929094],[118.7913501,31.993731],[118.791042,31.9942566],[118.7908298,31.9948053],[118.7906552,31.9956095],[118.7905179,31.9965008],[118.7905039,31.9965915],[118.7903202,31.9974333],[118.7901432,31.9982439],[118.7900265,31.99897],[118.7899425,31.9995266],[118.7898193,32.0001769],[118.78972,32.0005688],[118.7894872,32.001074],[118.7887033,32.0023078],[118.7884157,32.0031671],[118.7881247,32.0040845],[118.7878309,32.0049218],[118.7874859,32.0057811],[118.7871352,32.0066544],[118.7869913,32.0071796],[118.7869737,32.0076102],[118.7869943,32.0079936],[118.7870647,32.008347],[118.787144,32.0087478],[118.7873113,32.0092855],[118.7875591,32.010024],[118.7876371,32.0102563],[118.7882425,32.0120728],[118.7888891,32.0141156],[118.7890877,32.0147433],[118.7893687,32.0156207],[118.7895894,32.0163102],[118.7898585,32.0171296],[118.7900782,32.0179292],[118.7902213,32.0186052],[118.7902188,32.0189714],[118.7901651,32.0193592],[118.7900578,32.0198186],[118.7899172,32.0201782],[118.7897614,32.0204577],[118.7894164,32.0209864],[118.7889231,32.0215563],[118.7882587,32.0222973],[118.7876991,32.0230209],[118.7872723,32.0235648],[118.7868915,32.0239894],[118.7863319,32.0246806],[118.7861198,32.0251291],[118.7860264,32.0254412],[118.7858414,32.026271],[118.7856419,32.0271659],[118.7855567,32.0276089],[118.7855121,32.0280332],[118.7855082,32.0287753],[118.785516,32.029373],[118.7855315,32.0299312],[118.7856864,32.0308934],[118.7859111,32.0318391],[118.7860583,32.0322561],[118.7865773,32.0338914],[118.7868267,32.0346901],[118.7870635,32.0354009],[118.7874188,32.0364676],[118.7880495,32.0382672],[118.7885459,32.0397415],[118.7890257,32.0409814],[118.7892356,32.04171],[118.7893773,32.0429563],[118.7895234,32.0441111],[118.7896367,32.0450077],[118.7897448,32.0456694],[118.7900056,32.0467317],[118.7904786,32.0486589],[118.7908806,32.0503623],[118.7911076,32.0514084],[118.7912763,32.0521863],[118.7926555,32.0574726],[118.7928086,32.0583952],[118.792836,32.0591975],[118.7928441,32.0598867],[118.7934118,32.0626099],[118.7938625,32.0635146],[118.7947608,32.0648462],[118.7952894,32.0654649],[118.7961852,32.0659422],[118.8043311,32.0698335],[118.8056409,32.0707146],[118.8063213,32.0711723],[118.8066995,32.07152],[118.8071072,32.0720791],[118.8074516,32.072705],[118.8074532,32.0732815],[118.8073513,32.0738201],[118.8068309,32.0750633],[118.8058358,32.0770793],[118.8055966,32.0779145],[118.8053311,32.0787017],[118.8050778,32.0794529],[118.8048344,32.0803046],[118.8046345,32.0810866],[118.804553,32.0817452],[118.8044367,32.0826842],[118.8042934,32.0832375],[118.8040173,32.0839154],[118.8030088,32.085238],[118.8023379,32.0858289],[118.8014907,32.0861652],[118.7989345,32.087181],[118.7982559,32.0875196],[118.7976068,32.0878786],[118.796668,32.0885286],[118.7950319,32.0895648],[118.7942626,32.0899646],[118.7934574,32.0903874],[118.7923899,32.0908907],[118.7913774,32.0913463],[118.7903756,32.0918247],[118.7899397,32.0920349],[118.7893751,32.0922712],[118.7888119,32.0925075],[118.7882781,32.0927211],[118.7876961,32.0928665],[118.78665,32.0930506],[118.7857246,32.0931574],[118.7843353,32.0933551],[118.7833967,32.0936712],[118.7828403,32.0938833],[118.7821473,32.0942475],[118.7817633,32.0945627],[118.7814668,32.0949635],[118.7812502,32.0953784],[118.7810776,32.0958165],[118.7809154,32.0962281],[118.7805574,32.0971075],[118.7801669,32.0980666],[118.7799298,32.0985956],[118.7796575,32.0991684],[118.7792002,32.1002561],[118.7788476,32.1011008],[118.7784901,32.1018054],[118.777617,32.1035318],[118.7767265,32.1053301],[118.7765493,32.10572],[118.7761773,32.1065385],[118.7755948,32.1076532],[118.774688,32.1093393],[118.7740134,32.1106601],[118.773689,32.1111565],[118.7731187,32.1118852],[118.7725855,32.1126004],[118.7720621,32.1133111],[118.7719321,32.1134524],[118.7715337,32.1138145],[118.7711519,32.1140905],[118.7707311,32.1143171],[118.7702472,32.1144798],[118.7697243,32.1145828],[118.7690701,32.1146776],[118.7686031,32.1147682],[118.7681605,32.1148897],[118.7676741,32.1150937],[118.7672436,32.1153305],[118.766553,32.1158949],[118.7660276,32.116379],[118.7656945,32.1166715],[118.7654561,32.1168713],[118.7652576,32.1170436],[118.764698,32.1175689],[118.7641661,32.1180681],[118.7634009,32.1188184],[118.7467921,32.1358226],[118.7445698,32.1378837],[118.7423369,32.1398715],[118.741971,32.1403766],[118.7415284,32.141144],[118.7410844,32.1419388],[118.7406735,32.1426744],[118.7404534,32.1430053],[118.7400602,32.1437079],[118.737452,32.1484584],[118.7361199,32.1507291],[118.7359534,32.1509989],[118.7358848,32.1510795],[118.7357831,32.1511731],[118.7356532,32.151269],[118.7353814,32.1514354],[118.7350899,32.1515966],[118.7344364,32.1518875],[118.7339634,32.1520599],[118.7334942,32.1522079],[118.7330012,32.1523499],[118.7324126,32.1524757],[118.7305936,32.15281],[118.728751,32.1531478],[118.7272754,32.1534184],[118.72662,32.1535371],[118.7257608,32.1536817],[118.7244533,32.153887],[118.714866,32.1555456],[118.7132391,32.1558764],[118.7121076,32.1560981],[118.7114901,32.1562058],[118.7107662,32.1563222],[118.709581,32.1564965],[118.7092277,32.1565484],[118.7079428,32.1567487],[118.7071917,32.1569052],[118.7062636,32.1571715],[118.7056029,32.1573913],[118.7048754,32.1576476],[118.7034524,32.1581503],[118.7023528,32.1585583],[118.7013169,32.1589427],[118.7010349,32.1590352],[118.7007298,32.1590974],[118.7004169,32.1591302],[118.6999639,32.1591479],[118.6992636,32.1591665],[118.6981612,32.1592013],[118.696922,32.159294],[118.6958333,32.1593955],[118.6948885,32.1594447],[118.6941079,32.1594621],[118.6934609,32.1594795],[118.6928286,32.1595014],[118.6916871,32.1595816],[118.69057,32.1596601],[118.6900687,32.1597132],[118.6896001,32.1597811],[118.6892164,32.1598529],[118.6886591,32.1599942],[118.688218,32.1601431],[118.6876637,32.1603373],[118.6871153,32.1605417],[118.6867008,32.1606839]]}},{"type":"Feature","properties":{},"geometry":{"type":"LineString","coordinates":[[118.8156949,31.8901294],[118.8157763,31.8900902],[118.8159335,31.8900271],[118.8160587,31.8899551],[118.8160951,31.8898454],[118.8160791,31.889741],[118.8160749,31.8897338]]}},{"type":"Feature","properties":{},"geometry":{"type":"LineString","coordinates":[[118.8160749,31.8897338],[118.8160421,31.8896773]]}},{"type":"Feature","properties":{},"geometry":{"type":"LineString","coordinates":[[118.8160993,31.8896767],[118.8159694,31.8897195]]}},{"type":"Feature","properties":{},"geometry":{"type":"LineString","coordinates":[[118.8251263,31.8836889],[118.823403,31.8836423]]}},{"type":"Feature","properties":{},"geometry":{"type":"LineString","coordinates":[[118.8167603,31.8892577],[118.8165445,31.8892731]]}},{"type":"Feature","properties":{},"geometry":{"type":"LineString","coordinates":[[118.8162264,31.8885422],[118.8162218,31.8886446],[118.8162155,31.888755]]}},{"type":"Feature","properties":{},"geometry":{"type":"LineString","coordinates":[[118.8160309,31.8894946],[118.8160331,31.889455],[118.8160545,31.8894558],[118.8160563,31.8894219],[118.8161186,31.8894243],[118.816134,31.8891455],[118.8161854,31.8891475],[118.8161795,31.8892533],[118.816174,31.8893532],[118.8162437,31.889356],[118.8162374,31.8894697],[118.8162356,31.8895028],[118.8160309,31.8894946]]}},{"type":"Feature","properties":{},"geometry":{"type":"LineString","coordinates":[[118.8163921,31.8894776],[118.8162374,31.8894697]]}},{"type":"Feature","properties":{},"geometry":{"type":"LineString","coordinates":[[118.8161795,31.8892533],[118.8162506,31.8891591],[118.8163162,31.8890908],[118.816417,31.8890288]]}},{"type":"Feature","properties":{},"geometry":{"type":"LineString","coordinates":[[118.821463,31.8859894],[118.8213321,31.8859832],[118.8210633,31.8859703],[118.8204579,31.8859418]]}},{"type":"Feature","properties":{},"geometry":{"type":"LineString","coordinates":[[118.8211538,31.8857661],[118.8211489,31.8855918],[118.8211444,31.8854294]]}},{"type":"Feature","properties":{},"geometry":{"type":"LineString","coordinates":[[118.8162832,31.887264],[118.8151078,31.8880084]]}},{"type":"Feature","properties":{},"geometry":{"type":"LineString","coordinates":[[118.7899262,31.8879276],[118.7906037,31.8885566],[118.7909923,31.8889549],[118.7942154,31.8922579],[118.7951577,31.8930524],[118.7959777,31.8936767],[118.7968706,31.8941464],[118.7977516,31.894417],[118.798901,31.894597],[118.8035682,31.8949297],[118.804786,31.8950198],[118.8063804,31.8951378],[118.8071963,31.8952588],[118.807912,31.8954642],[118.8085404,31.8957587],[118.8091129,31.896177],[118.809567,31.8967085],[118.8099269,31.8973338],[118.8101449,31.8979773],[118.8103071,31.8987705],[118.8111911,31.9045572],[118.8113566,31.9052925],[118.811573,31.9059265],[118.8118068,31.9064418],[118.8118437,31.9065232],[118.8121811,31.9070626],[118.8126758,31.9075226],[118.8132441,31.9078777],[118.8146683,31.9084997],[118.8160591,31.9090079],[118.8204927,31.9103921],[118.8217953,31.9108102],[118.8224922,31.9109978],[118.8233053,31.9111292],[118.8243192,31.9112269]]}},{"type":"Feature","properties":{},"geometry":{"type":"LineString","coordinates":[[118.8164689,31.8901403],[118.8167908,31.8896425],[118.8169315,31.8892479],[118.8170019,31.8889398],[118.8183057,31.889],[118.818301,31.8890749],[118.8198256,31.8891443],[118.8198028,31.8895052],[118.8183851,31.889441],[118.8183996,31.8892088],[118.8174063,31.8891642],[118.8174021,31.8892324],[118.8172317,31.889225],[118.8172243,31.8893506],[118.8169656,31.8893397],[118.8169259,31.8900196],[118.8171569,31.8900293],[118.8171488,31.8901686],[118.8164689,31.8901403]]}},{"type":"Feature","properties":{},"geometry":{"type":"LineString","coordinates":[[118.8183413,31.888875],[118.8184243,31.8886444],[118.8182906,31.8883155],[118.8183591,31.8873796],[118.8179997,31.8867305],[118.8180573,31.8861145],[118.8180285,31.8859525]]}},{"type":"Feature","properties":{},"geometry":{"type":"LineString","coordinates":[[118.8365567,31.9604095],[118.837326,31.9587413],[118.8379312,31.9571627],[118.8385634,31.9556031],[118.8389183,31.9547276],[118.8399697,31.9519466],[118.8401628,31.9512138],[118.8402916,31.9502852],[118.8403184,31.9480822],[118.8403881,31.9447365],[118.8403941,31.9445028],[118.8404686,31.9415819],[118.8405223,31.9378991],[118.8405625,31.9348876],[118.8405625,31.9335955],[118.8405625,31.9330871],[118.8407455,31.9325197],[118.8424937,31.9292469],[118.8429926,31.9285321],[118.8434539,31.9278788],[118.8439367,31.9270024],[118.8442902,31.9263592],[118.8461683,31.9229411],[118.8471071,31.9212154],[118.8475416,31.9201955],[118.8477133,31.9196673],[118.8477723,31.9188751],[118.8476757,31.918101],[118.8474826,31.9173406],[118.8471017,31.9166621],[118.846635,31.9162068],[118.8459591,31.9157014],[118.8448326,31.9150684],[118.8431776,31.9142602],[118.8413457,31.9133221],[118.8405276,31.9130171],[118.8401548,31.9128941],[118.8387735,31.9125102],[118.8378813,31.9122863],[118.8369522,31.9121428],[118.8355124,31.9119846],[118.8283692,31.9115599],[118.826428,31.9114696],[118.8251398,31.9114096],[118.8233373,31.9112639],[118.8218192,31.9109315],[118.8177154,31.9097111],[118.8154731,31.9089506],[118.8133434,31.9080262],[118.8126782,31.9076983],[118.8121633,31.9072201],[118.8117824,31.906619],[118.8114981,31.9060316],[118.8112781,31.9053986],[118.8111494,31.9048521],[118.8110582,31.9043011],[118.8107846,31.9023428],[118.8103715,31.899624],[118.810039,31.8979525],[118.8098083,31.8972921],[118.8094864,31.8967547],[118.8089714,31.896186],[118.8084457,31.8957852],[118.8078234,31.8955165],[118.8070134,31.8952797],[118.8061229,31.8951612],[118.8047832,31.8950712],[118.803886,31.8950109],[118.7989078,31.8947104],[118.797792,31.8945373],[118.7968961,31.8942959],[118.7959895,31.8938359],[118.794981,31.8930844],[118.7932,31.8914174],[118.7913654,31.8895181],[118.7898088,31.888011]]}},{"type":"Feature","properties":{},"geometry":{"type":"LineString","coordinates":[[118.8195948,31.8851227],[118.8196318,31.8853699],[118.8197073,31.8858164],[118.8198757,31.8868547],[118.8200219,31.8877555],[118.8200693,31.8880479],[118.8200724,31.8881241],[118.8200368,31.8885893],[118.8200174,31.8888314],[118.8200053,31.8889724]]}},{"type":"Feature","properties":{},"geometry":{"type":"LineString","coordinates":[[118.8200053,31.8889724],[118.8207257,31.8890037]]}},{"type":"Feature","properties":{},"geometry":{"type":"LineString","coordinates":[[118.8231819,31.8887871],[118.8231799,31.888835],[118.8229624,31.8889973],[118.8226308,31.8889873],[118.8226401,31.8887654],[118.8231819,31.8887871]]}},{"type":"Feature","properties":{},"geometry":{"type":"LineString","coordinates":[[118.81828,31.8842116],[118.8183524,31.884264],[118.8183832,31.8843118],[118.8183752,31.8843585],[118.8183376,31.8843938],[118.818317,31.8844643]]}},{"type":"Feature","properties":{},"geometry":{"type":"LineString","coordinates":[[118.8183685,31.8837356],[118.8183497,31.8838563],[118.8182048,31.8839577],[118.8180453,31.8840078]]}},{"type":"Feature","properties":{},"geometry":{"type":"LineString","coordinates":[[118.8183457,31.8840328],[118.8184771,31.8840089],[118.8185348,31.8840169],[118.8186394,31.8840613],[118.8188655,31.8840338]]}},{"type":"Feature","properties":{},"geometry":{"type":"LineString","coordinates":[[118.8179153,31.8844854],[118.8179514,31.8844098],[118.8181351,31.8842993],[118.8182679,31.8842287],[118.81828,31.8842116],[118.8183202,31.8841433],[118.8183457,31.8840328],[118.8183108,31.8839919],[118.8182048,31.8839577]]}},{"type":"Feature","properties":{},"geometry":{"type":"LineString","coordinates":[[118.8195879,31.8839467],[118.8191852,31.8839087],[118.8191155,31.883878],[118.8189961,31.8838336],[118.8188669,31.8838437]]}},{"type":"Feature","properties":{},"geometry":{"type":"LineString","coordinates":[[118.7957115,32.370225],[118.7892527,32.3670715],[118.7845144,32.364883],[118.7797203,32.3618225],[118.777502,32.3598133],[118.77378,32.3561488],[118.7715124,32.3533379],[118.7708592,32.3518178],[118.7700951,32.3488506],[118.7701198,32.3474346],[118.7709455,32.3452689],[118.7723381,32.3433531],[118.7753773,32.3397004],[118.7778878,32.3352224],[118.779347,32.3322127],[118.781085,32.3281331],[118.7817288,32.3241985],[118.7819648,32.3192482],[118.7812138,32.316383],[118.7794972,32.3145515],[118.7771154,32.3135359],[118.7733174,32.3123028],[118.7714291,32.3118312],[118.7688542,32.3115774],[118.7616015,32.3113053],[118.7569881,32.3105618],[118.7529969,32.3091654],[118.7508726,32.3083311],[118.7493062,32.3076964],[118.7475038,32.306572],[118.7462807,32.3050485],[118.7442422,32.3031623],[118.7423539,32.3007682],[118.7387276,32.2960343],[118.7350369,32.2905201],[118.7325692,32.2883434],[118.7287712,32.2835],[118.7263036,32.2806881],[118.7242651,32.2788921],[118.7222266,32.2771868],[118.7196946,32.2762434],[118.7158752,32.2748646],[118.7127209,32.2733588],[118.7080431,32.2703652],[118.7034726,32.2678614],[118.6995888,32.2656841],[118.6977233,32.2645103],[118.6957838,32.2632414],[118.6955619,32.2627649],[118.6923719,32.237289],[118.6922702,32.2366844],[118.6919713,32.2352197],[118.691768,32.23455],[118.6914352,32.2337733],[118.6909823,32.2329472],[118.6902983,32.2320219],[118.689676,32.2312844],[118.6753124,32.2201205],[118.6744743,32.2194323],[118.6713933,32.2168152],[118.6696641,32.2153841],[118.6675543,32.2137914],[118.6626308,32.2105798],[118.6599297,32.2091572],[118.6466153,32.2020479],[118.6455252,32.2014249],[118.644421,32.200826],[118.6440671,32.200209],[118.6438588,32.1994556],[118.6439205,32.1985692],[118.6443025,32.197787],[118.6458554,32.1953153],[118.6479012,32.1928123],[118.6493431,32.1911644],[118.6529294,32.1885048],[118.6543098,32.187201],[118.6553696,32.1858868],[118.6560351,32.1845726],[118.6560844,32.1831854],[118.6561707,32.1815373],[118.6562816,32.166787],[118.6563063,32.1619775],[118.6566021,32.1605065],[118.6569348,32.1598074],[118.6573292,32.1581381],[118.657551,32.1565313],[118.6599173,32.1484449],[118.664317,32.1419753],[118.6668558,32.1385629],[118.6688153,32.1366009],[118.6699368,32.134879],[118.6739299,32.1258826],[118.6739176,32.1237325],[118.6739668,32.1226053],[118.6738313,32.1211858],[118.6739915,32.1196723],[118.6743982,32.1176682],[118.6747802,32.1168227],[118.6756306,32.1160816],[118.6777504,32.1144219],[118.6795744,32.1126369],[118.6806959,32.1111129],[118.6819529,32.1093696],[118.6825314,32.1083914],[118.6830111,32.107744],[118.6846861,32.1059809],[118.6871254,32.1041694],[118.6942975,32.098532],[118.69956,32.0941261],[118.7084211,32.0871096],[118.7148913,32.0836951],[118.7198456,32.0811681],[118.7222735,32.0799046],[118.7235182,32.0791841],[118.7262911,32.0779936],[118.7284356,32.077388],[118.730999,32.0765212],[118.7326628,32.0751532],[118.7352878,32.0734092],[118.737272,32.0725111],[118.7393671,32.0715817],[118.7411048,32.071143],[118.7423144,32.0709125],[118.743071,32.070964],[118.7439396,32.0709838],[118.7447709,32.0711698],[118.74542,32.0712608],[118.745889,32.0714084],[118.7465059,32.0716607],[118.7471389,32.0719948],[118.747737,32.0723516],[118.7484988,32.0726312],[118.7489092,32.0727539],[118.749569,32.0728766],[118.7529352,32.073238],[118.7543487,32.0733153],[118.756644,32.0735337],[118.7589548,32.0739828],[118.7606309,32.074176],[118.7611916,32.074176],[118.7630957,32.074082],[118.763754,32.07403],[118.7641646,32.0739235],[118.7648784,32.0733964],[118.7788763,32.060968],[118.7791078,32.0609175],[118.7798642,32.0608402],[118.7805294,32.0606902],[118.7810823,32.0604263],[118.7817632,32.06009],[118.7819271,32.0596542],[118.7819792,32.0587699],[118.7821041,32.0548651],[118.7820616,32.0542951],[118.7820444,32.0520807],[118.7817176,32.0471811],[118.7813866,32.0436261],[118.7806222,32.039924],[118.7805644,32.0390402],[118.7805187,32.0359326],[118.7803338,32.0321924],[118.7791384,32.0272622],[118.7771296,32.0213482],[118.7771154,32.019803],[118.7773784,32.0186219],[118.778362,32.016228],[118.7791,32.0147962],[118.7797008,32.0135317],[118.7802428,32.0128724],[118.7803553,32.0118032],[118.7795292,32.0097744],[118.7789254,32.0091109],[118.7776731,32.0085462],[118.7758063,32.0083916],[118.7737034,32.0079913],[118.7722765,32.0071725],[118.771901,32.0057805],[118.7708817,32.0033331],[118.7703345,32.0015498],[118.7704135,31.9985899],[118.771532,31.9976531],[118.7723213,31.9968397],[118.7732503,31.9966654],[118.7781209,31.9961386],[118.7817262,31.9956079],[118.7845562,31.9949742],[118.7868165,31.9941267],[118.7889647,31.9930652],[118.7905805,31.9919008],[118.792159,31.990562],[118.7929435,31.9897144],[118.7952879,31.9857218],[118.7995002,31.9804456],[118.803367,31.9749552],[118.803252,31.9745327],[118.7965879,31.9705552],[118.7913855,31.9681346],[118.7877896,31.9667361],[118.7860197,31.9660071],[118.7847915,31.9652861],[118.7830636,31.964149],[118.7822043,31.963424],[118.7815318,31.9623265],[118.7815645,31.9618511],[118.7826551,31.95855],[118.7839363,31.9546524],[118.7850263,31.9513491],[118.7881251,31.941507],[118.7886181,31.9396664],[118.7902326,31.9323975],[118.7911076,31.9258917],[118.7911806,31.9245836],[118.7913958,31.9182384],[118.7916721,31.9105114],[118.7918776,31.90577],[118.7921017,31.9030424],[118.7927555,31.8993632],[118.7940444,31.8943993],[118.795296,31.8910369],[118.7967344,31.8878331],[118.7983408,31.8847085],[118.8010494,31.8809492],[118.8029921,31.8782526],[118.8054392,31.8748897],[118.8090258,31.869163],[118.8106883,31.86553],[118.8119212,31.8617541],[118.8127991,31.858343],[118.8132848,31.855376],[118.8138826,31.8513617],[118.8142562,31.8446021],[118.8142935,31.8432691],[118.8145551,31.8407301],[118.8147232,31.8396352],[118.8150594,31.8382863],[118.8155638,31.836255],[118.8159561,31.8349219],[118.8166099,31.8325572],[118.817712,31.8294783],[118.8189262,31.8267485],[118.8208129,31.8230345],[118.8227929,31.8196696],[118.8248291,31.8166855],[118.825615,31.8135343],[118.8262158,31.8113799],[118.8270687,31.8096658],[118.8276051,31.8089638],[118.8285761,31.8076782],[118.8294612,31.8062786],[118.8299494,31.805221],[118.8304161,31.8038305],[118.830738,31.8020798],[118.830856,31.8006938],[118.8314469,31.7893137],[118.8316071,31.7863177],[118.8319029,31.7808282],[118.8323662,31.7726334],[118.8325998,31.7683548],[118.8323031,31.7658405],[118.8309513,31.7634141],[118.8273249,31.7598018],[118.8251791,31.7585429],[118.8211236,31.7558608],[118.8159094,31.751646],[118.8135491,31.7486354],[118.8115964,31.7460808],[118.8105879,31.7422305],[118.809558,31.7387085],[118.8097511,31.7250209],[118.8119612,31.7217356],[118.814858,31.7193628],[118.8188921,31.7170994],[118.8225184,31.715767],[118.827282,31.7154567],[118.8311229,31.7154567],[118.8342772,31.7155479],[118.8368307,31.715986],[118.840221,31.7166249],[118.8510786,31.7218451],[118.871914,31.733033]]}},{"type":"Feature","properties":{},"geometry":{"type":"LineString","coordinates":[[118.8058588,31.8946221],[118.8063226,31.889144],[118.8063438,31.8890125],[118.806385,31.8889248],[118.8065067,31.8888408],[118.806674,31.888598],[118.8066998,31.8884454],[118.8067098,31.8882624],[118.8067217,31.8881053],[118.8067314,31.8879988],[118.8067417,31.8876782],[118.8066592,31.8875966],[118.8066054,31.8875274],[118.8065811,31.8874811],[118.8065656,31.8874075],[118.8069372,31.885332],[118.8069604,31.8852459],[118.8078822,31.8824881],[118.8079657,31.882315],[118.8080408,31.8822284],[118.8081029,31.8821816],[118.8081857,31.8821328],[118.8082939,31.882091],[118.8084005,31.8820845],[118.8085349,31.8820924],[118.8136886,31.8827294],[118.8137396,31.8827405],[118.813772,31.8827566],[118.8139104,31.8828721],[118.8140973,31.8829527],[118.8142535,31.8830767],[118.8143039,31.8831312],[118.8143017,31.8831491],[118.8145324,31.8831671],[118.814722,31.8831675],[118.8148841,31.8831756],[118.814915,31.8830966],[118.8150843,31.8830419],[118.8151541,31.8829891],[118.8152238,31.8829556],[118.8153067,31.8829459],[118.8159537,31.8830404],[118.8161092,31.8830631],[118.8166947,31.8831069],[118.8178735,31.8832563],[118.8186207,31.8833268],[118.8195273,31.8833743],[118.8251185,31.8835221],[118.8251801,31.883538],[118.8252365,31.8835699],[118.8252713,31.8836155],[118.8252942,31.8836827],[118.8252928,31.8840289],[118.82527,31.8840801],[118.8251962,31.8841689],[118.8251506,31.8842258],[118.8251238,31.8842964],[118.8251131,31.8843534],[118.8251211,31.8844035],[118.825148,31.8844513],[118.8252571,31.8846354],[118.8252767,31.8847109],[118.8252004,31.8889925],[118.8249483,31.8891313],[118.8248974,31.8891297],[118.8248923,31.8892134],[118.8248834,31.8893585],[118.8249318,31.8893604],[118.8251794,31.8894205],[118.8251826,31.8905008],[118.8251314,31.8960007],[118.8251144,31.8960787],[118.8250806,31.8961457],[118.8250264,31.8961822],[118.8249482,31.8962101],[118.8248852,31.8962152],[118.8182021,31.8957176],[118.818084,31.8957088],[118.8179553,31.8956994],[118.8100489,31.8951254],[118.8096125,31.8950931],[118.8060616,31.8948439],[118.805986,31.8948186],[118.8059254,31.8947755],[118.8058885,31.8947308],[118.8058664,31.8946821],[118.8058588,31.8946221]]}},{"type":"Feature","properties":{},"geometry":{"type":"LineString","coordinates":[[118.81153,31.8882821],[118.8115816,31.8880888],[118.8116531,31.8878816],[118.8117516,31.8876913],[118.8118709,31.887497],[118.8120082,31.8873211],[118.8121745,31.8871537],[118.8123543,31.8869986],[118.8125485,31.8868669],[118.8127582,31.8867466],[118.8129791,31.8866384],[118.8132099,31.8865487],[118.8134437,31.8864823],[118.8136878,31.8864366],[118.8139608,31.8864055],[118.8141756,31.8864023],[118.8144142,31.8864159],[118.8146375,31.8864463],[118.814851,31.886497],[118.8150991,31.8865731],[118.8153181,31.8866566],[118.8155398,31.8867649],[118.8157444,31.8868922],[118.8159484,31.8870294],[118.8161244,31.8871878],[118.8162783,31.8873619],[118.8164158,31.887542],[118.8165166,31.8877265],[118.8166117,31.8879431],[118.8166902,31.8881495],[118.81674,31.8883623],[118.8167715,31.8885597],[118.8146684,31.8884442],[118.8145677,31.8883177],[118.8144191,31.8882192],[118.8142418,31.8881652],[118.8140553,31.8881626],[118.813874,31.8882124],[118.8137376,31.8882948],[118.8136468,31.8883941],[118.81153,31.8882821]]}},{"type":"Feature","properties":{},"geometry":{"type":"LineString","coordinates":[[118.821704,31.8880577],[118.8218163,31.8863632],[118.8232984,31.886434],[118.823186,31.8881285],[118.821704,31.8880577]]}},{"type":"Feature","properties":{},"geometry":{"type":"LineString","coordinates":[[118.8206634,31.8863444],[118.8206768,31.88605],[118.8207135,31.8860512],[118.8207165,31.8859864],[118.8210601,31.885997],[118.821463,31.8860089],[118.821446,31.8863793],[118.8214846,31.8863805],[118.8214816,31.8864534],[118.8213464,31.8864501],[118.8210867,31.8864417],[118.8206959,31.8864311],[118.8206998,31.8863456],[118.8206634,31.8863444]]}},{"type":"Feature","properties":{},"geometry":{"type":"LineString","coordinates":[[118.821066,31.8867978],[118.8210853,31.8864731],[118.8210867,31.8864417],[118.8213464,31.8864501],[118.8213449,31.8864836],[118.8213255,31.8868089],[118.821066,31.8867978]]}},{"type":"Feature","properties":{},"geometry":{"type":"LineString","coordinates":[[118.8199711,31.8868797],[118.8203842,31.8868023],[118.8208571,31.8868309],[118.8209112,31.8869072],[118.8213208,31.8869315],[118.8214347,31.8869354],[118.8214186,31.8872718],[118.8216306,31.8872791],[118.8215911,31.8880366],[118.8204694,31.8880096],[118.8204265,31.8876637],[118.8201344,31.8876874],[118.8199711,31.8868797]]}},{"type":"Feature","properties":{},"geometry":{"type":"LineString","coordinates":[[118.8183788,31.8908762],[118.8183922,31.8906945],[118.8184888,31.8906996],[118.8185481,31.8907029],[118.8190931,31.8907356],[118.819228,31.8907429],[118.8192958,31.8907465],[118.8192861,31.8908774],[118.8191963,31.8908726],[118.8191929,31.8909196],[118.8183788,31.8908762]]}},{"type":"Feature","properties":{},"geometry":{"type":"LineString","coordinates":[[118.8172114,31.8901502],[118.8172206,31.8900226],[118.8172618,31.890025],[118.8173954,31.890032],[118.8179541,31.8900634],[118.8180125,31.8900665],[118.8181091,31.8900717],[118.8181019,31.8901718],[118.8180974,31.8902342],[118.8179944,31.8902289],[118.8179894,31.8902967],[118.8179785,31.8904502],[118.817927,31.8904475],[118.8179336,31.8903559],[118.817938,31.8902938],[118.8179431,31.8902219],[118.8172487,31.890186],[118.8172511,31.8901523],[118.8172114,31.8901502]]}},{"type":"Feature","properties":{},"geometry":{"type":"LineString","coordinates":[[118.8169205,31.8905489],[118.8169316,31.8903957],[118.817927,31.8904475],[118.8179785,31.8904502],[118.8180819,31.8904556],[118.818076,31.8905366],[118.8182095,31.8905436],[118.8184989,31.8905587],[118.8184948,31.8906154],[118.8182051,31.8906002],[118.8180747,31.8905934],[118.8180683,31.8906821],[118.8171721,31.8906354],[118.8171774,31.8905623],[118.8169205,31.8905489]]}},{"type":"Feature","properties":{},"geometry":{"type":"LineString","coordinates":[[118.8184086,31.890487],[118.8184181,31.8903595],[118.8184215,31.8903131],[118.8185083,31.8903177],[118.8185727,31.8903211],[118.819124,31.890353],[118.8192539,31.8903598],[118.8192752,31.8903564],[118.8192718,31.8904033],[118.819321,31.8904058],[118.819317,31.8904623],[118.8193119,31.8905335],[118.8193101,31.8905583],[118.819479,31.890567],[118.8194676,31.8907272],[118.81923,31.890715],[118.819229,31.8907293],[118.819228,31.8907429],[118.8190931,31.8907356],[118.8191081,31.8905248],[118.8185629,31.8904967],[118.8185481,31.8907029],[118.8184888,31.8906996],[118.8184948,31.8906154],[118.8184989,31.8905587],[118.8185038,31.8904921],[118.8184086,31.890487]]}},{"type":"Feature","properties":{},"geometry":{"type":"LineString","coordinates":[[118.8170365,31.8896005],[118.8170514,31.8894007],[118.8172531,31.8894115],[118.8172651,31.8892507],[118.8173987,31.8892578],[118.8174043,31.8891826],[118.8180427,31.8892168],[118.8180367,31.8892981],[118.8181737,31.8893055],[118.8181687,31.8893717],[118.8181616,31.8894672],[118.8180566,31.8894616],[118.8180407,31.8896755],[118.8179851,31.8896725],[118.818001,31.8894596],[118.8174381,31.8894294],[118.8174223,31.889642],[118.8172849,31.8896348],[118.8172859,31.8896138],[118.8170365,31.8896005]]}},{"type":"Feature","properties":{},"geometry":{"type":"LineString","coordinates":[[118.8184744,31.8896386],[118.8184822,31.8895308],[118.8184862,31.8894752],[118.8192497,31.8895151],[118.8192426,31.8896141],[118.8193752,31.8896211],[118.8193664,31.8897431],[118.8193279,31.8897411],[118.8193272,31.8897501],[118.8193248,31.8897838],[118.8195331,31.8897947],[118.8195217,31.8899524],[118.8192837,31.88994],[118.8192833,31.8899462],[118.8192816,31.8899692],[118.8191615,31.8899627],[118.8191767,31.889752],[118.818613,31.8897226],[118.818598,31.8899303],[118.8185381,31.8899271],[118.8185587,31.889643],[118.8184744,31.8896386]]}},{"type":"Feature","properties":{},"geometry":{"type":"LineString","coordinates":[[118.8184387,31.8900979],[118.8184429,31.8900361],[118.8184506,31.8899228],[118.8185381,31.8899271],[118.818598,31.8899303],[118.8191615,31.8899627],[118.8192816,31.8899692],[118.8193456,31.8899724],[118.8193417,31.8900299],[118.8193365,31.8901057],[118.8192938,31.8901036],[118.8192897,31.8901637],[118.8195064,31.8901744],[118.8194949,31.8903433],[118.8192559,31.8903315],[118.8192539,31.8903598],[118.819124,31.890353],[118.819139,31.8901327],[118.8185873,31.8901056],[118.8185727,31.8903211],[118.8185083,31.8903177],[118.8185229,31.890102],[118.8184387,31.8900979]]}},{"type":"Feature","properties":{},"geometry":{"type":"LineString","coordinates":[[118.8170046,31.8899927],[118.8170198,31.8897837],[118.817231,31.8897948],[118.8172405,31.8896639],[118.8172826,31.8896661],[118.8172849,31.8896348],[118.8174223,31.889642],[118.8179851,31.8896725],[118.8180407,31.8896755],[118.8181442,31.8896809],[118.8181416,31.8897167],[118.818132,31.8898482],[118.8180287,31.8898428],[118.8180125,31.8900665],[118.8179541,31.8900634],[118.8179704,31.8898392],[118.8174115,31.88981],[118.8173954,31.890032],[118.8172618,31.890025],[118.8172631,31.8900062],[118.8171795,31.8900018],[118.8170046,31.8899927]]}},{"type":"Feature","properties":{},"geometry":{"type":"LineString","coordinates":[[118.8171386,31.885942],[118.8171469,31.8858293],[118.8179005,31.885869],[118.8178923,31.8859817],[118.8171386,31.885942]]}},{"type":"Feature","properties":{},"geometry":{"type":"LineString","coordinates":[[118.817154,31.885726],[118.8171784,31.8853964],[118.8179695,31.8854386],[118.8179448,31.8857716],[118.8177462,31.885761],[118.8177563,31.8856245],[118.8173683,31.8856038],[118.8173585,31.8857369],[118.817154,31.885726]]}},{"type":"Feature","properties":{},"geometry":{"type":"LineString","coordinates":[[118.8237157,31.8881661],[118.8237243,31.8878317],[118.8237439,31.8871509],[118.8237531,31.8867969],[118.8248875,31.886818],[118.8248521,31.8881873],[118.8237157,31.8881661]]}},{"type":"Feature","properties":{},"geometry":{"type":"LineString","coordinates":[[118.8203173,31.8909467],[118.8203204,31.8908891],[118.8203265,31.8907771],[118.8209299,31.8908006],[118.8209353,31.8907004],[118.8213332,31.8907159],[118.8214016,31.8907186],[118.821397,31.8908051],[118.8213911,31.8909141],[118.8213438,31.8909123],[118.8213398,31.8909866],[118.8203173,31.8909467]]}},{"type":"Feature","properties":{},"geometry":{"type":"LineString","coordinates":[[118.8203265,31.8907771],[118.8203306,31.8907091],[118.8204107,31.8907117],[118.8204146,31.8906253],[118.8204641,31.8906464],[118.8205231,31.8906486],[118.8205821,31.8906418],[118.8206411,31.8905872],[118.8206465,31.8905097],[118.8205962,31.8904111],[118.8208905,31.8904182],[118.8209028,31.8902537],[118.8213285,31.8902715],[118.8213236,31.8903554],[118.8213628,31.8903581],[118.8213399,31.8906347],[118.8213332,31.8907159],[118.8209353,31.8907004],[118.8209299,31.8908006],[118.8203265,31.8907771]]}},{"type":"Feature","properties":{},"geometry":{"type":"LineString","coordinates":[[118.8234277,31.8866273],[118.8234284,31.8866073],[118.8234464,31.8866079],[118.823453,31.8865879],[118.8234684,31.886573],[118.8234919,31.8865679],[118.8235157,31.8865772],[118.8235319,31.8865929],[118.8235342,31.886608],[118.8235603,31.8866091],[118.8235637,31.8865492],[118.8235811,31.8865654],[118.8236015,31.8865773],[118.823626,31.8865854],[118.8236517,31.8865869],[118.8236778,31.8865761],[118.8237034,31.8865588],[118.8237061,31.8866913],[118.8236799,31.8866763],[118.8236453,31.886662],[118.8236146,31.8866591],[118.8235792,31.8866693],[118.8235541,31.8866853],[118.8235578,31.8866377],[118.8235197,31.8866365],[118.8235114,31.8866553],[118.8234921,31.886667],[118.8234681,31.8866681],[118.8234478,31.8866621],[118.8234323,31.8866474],[118.8234277,31.8866273]]}},{"type":"Feature","properties":{},"geometry":{"type":"LineString","coordinates":[[118.8202549,31.8904095],[118.8202763,31.8903776],[118.8203031,31.8903366],[118.8203568,31.8903275],[118.820448,31.8903275],[118.8205338,31.8903594],[118.8205962,31.8904111],[118.8206465,31.8905097],[118.8206411,31.8905872],[118.8205821,31.8906418],[118.8205231,31.8906486],[118.8204641,31.8906464],[118.8204146,31.8906253],[118.8203997,31.890619],[118.8203192,31.8905735],[118.820287,31.8905325],[118.8202549,31.8904687],[118.8202549,31.8904095]]}},{"type":"Feature","properties":{},"geometry":{"type":"LineString","coordinates":[[118.8196986,31.885415],[118.8204425,31.8854469],[118.820402,31.88615],[118.8198241,31.8861917],[118.8196986,31.885415]]}},{"type":"Feature","properties":{},"geometry":{"type":"LineString","coordinates":[[118.823436,31.8864879],[118.8235053,31.8837188],[118.8251429,31.8837519],[118.8251369,31.8839078],[118.8249057,31.8842535],[118.8249003,31.8844767],[118.8250398,31.8846953],[118.8250312,31.8850842],[118.8237499,31.8850638],[118.8237183,31.8864925],[118.823436,31.8864879]]}},{"type":"Feature","properties":{},"geometry":{"type":"LineString","coordinates":[[118.8149244,31.884354],[118.8149695,31.8834434],[118.8154791,31.8834343],[118.8158278,31.8832567],[118.8170026,31.8833979],[118.8169168,31.8845458],[118.8150012,31.8844233],[118.8149244,31.884354]]}},{"type":"Feature","properties":{},"geometry":{"type":"LineString","coordinates":[[118.8195895,31.884668],[118.8196807,31.8836158],[118.8205479,31.8836648],[118.8204312,31.8853476],[118.8196646,31.885333],[118.8196593,31.8852647],[118.8196697,31.885169],[118.8197695,31.8851155],[118.8198173,31.8850383],[118.8198376,31.8849349],[118.8197827,31.884832],[118.8196968,31.8847363],[118.8195895,31.884668]]}},{"type":"Feature","properties":{},"geometry":{"type":"LineString","coordinates":[[118.8170093,31.8845541],[118.8171058,31.8834017],[118.819552,31.8836294],[118.8194608,31.8846999],[118.8193959,31.8847067],[118.8193291,31.8847334],[118.8192642,31.884775],[118.8192033,31.8848274],[118.8170093,31.8845541]]}},{"type":"Feature","properties":{},"geometry":{"type":"LineString","coordinates":[[118.8147659,31.8862367],[118.8148731,31.884775],[118.8149105,31.8846642],[118.8149862,31.8846014],[118.8150916,31.8845843],[118.8168346,31.8846883],[118.8191465,31.8849764],[118.8192136,31.8850239],[118.8192539,31.8850868],[118.8193053,31.8851348],[118.8193938,31.8851802],[118.8194566,31.8852448],[118.8199087,31.8880382],[118.8198646,31.8887648],[118.81706,31.8885883],[118.817016,31.8883217],[118.8169168,31.8880621],[118.8167987,31.8877797],[118.81667,31.8875338],[118.8164876,31.8872878],[118.816273,31.887051],[118.816098,31.8868814],[118.8159325,31.8867614],[118.8157404,31.8866405],[118.8153584,31.8864694],[118.815081,31.8863595],[118.8148969,31.8863049],[118.8147659,31.8862367]]}},{"type":"Feature","properties":{},"geometry":{"type":"LineString","coordinates":[[118.8204503,31.8864309],[118.8205139,31.8854323],[118.8214902,31.8854771],[118.8214681,31.8858566],[118.8214629,31.8859625],[118.8206578,31.8859256],[118.8206251,31.8864389],[118.8204503,31.8864309]]}},{"type":"Feature","properties":{},"geometry":{"type":"LineString","coordinates":[[118.8193467,31.8849272],[118.8193554,31.8848819],[118.8193806,31.8848413],[118.8194196,31.8848095],[118.8194684,31.8847899],[118.8195221,31.8847843],[118.819578,31.8847944],[118.8196268,31.8848198],[118.8196627,31.8848576],[118.8196817,31.8849034],[118.8196816,31.884952],[118.8196624,31.8849977],[118.8196263,31.8850354],[118.8195775,31.8850607],[118.8195215,31.8850706],[118.8194679,31.8850649],[118.8194191,31.8850451],[118.8193802,31.8850132],[118.8193552,31.8849725],[118.8193467,31.8849272]]}},{"type":"Feature","properties":{},"geometry":{"type":"LineString","coordinates":[[118.8236482,31.8885861],[118.8236672,31.8881661],[118.8237157,31.8881661],[118.8248521,31.8881873],[118.8248875,31.886818],[118.8250256,31.8868209],[118.8250417,31.8868351],[118.8249984,31.8885532],[118.824941,31.8886312],[118.8236482,31.8885861]]}},{"type":"Feature","properties":{},"geometry":{"type":"LineString","coordinates":[[118.8233726,31.8897011],[118.8233789,31.8894604],[118.8236456,31.8892447],[118.8243859,31.8892719],[118.8243831,31.8893392],[118.8243909,31.8894041],[118.8244176,31.8894586],[118.8244557,31.889513],[118.8245115,31.889556],[118.8245726,31.8895898],[118.8246419,31.8896075],[118.824699,31.8896116],[118.824693,31.8897236],[118.8246676,31.8897649],[118.8245998,31.889777],[118.8233726,31.8897011]]}},{"type":"Feature","properties":{},"geometry":{"type":"LineString","coordinates":[[118.820454,31.8867562],[118.8204676,31.8865078],[118.820867,31.8865235],[118.8208534,31.886772],[118.820454,31.8867562]]}},{"type":"Feature","properties":{},"geometry":{"type":"LineString","coordinates":[[118.8231383,31.8891254],[118.8231501,31.8890746],[118.8231813,31.88903],[118.8232283,31.888997],[118.8232856,31.8889792],[118.8233466,31.8889788],[118.8234004,31.8889941],[118.8234459,31.8890228],[118.8234785,31.8890622],[118.823495,31.8891083],[118.8234937,31.8891564],[118.8234747,31.8892018],[118.82344,31.8892399],[118.823393,31.8892669],[118.8233385,31.88928],[118.8232775,31.8892772],[118.8232212,31.8892572],[118.8231761,31.8892224],[118.8231473,31.8891767],[118.8231383,31.8891254]]}},{"type":"Feature","properties":{},"geometry":{"type":"LineString","coordinates":[[118.8150048,31.8909943],[118.8155745,31.8907802],[118.8160185,31.8905376],[118.8163569,31.8902516],[118.8179336,31.8903559],[118.817927,31.8904475],[118.8169316,31.8903957],[118.8169205,31.8905489],[118.8171774,31.8905623],[118.8171721,31.8906354],[118.8180683,31.8906821],[118.8182081,31.8907752],[118.81825,31.8908796],[118.8183479,31.8909615],[118.8194312,31.8910138],[118.8193586,31.8912905],[118.8184211,31.891234],[118.8183897,31.8915509],[118.8192601,31.8916125],[118.8191181,31.8920481],[118.8172547,31.8919634],[118.8169515,31.8921459],[118.8163039,31.8921344],[118.816357,31.8915055],[118.8154921,31.8914606],[118.8150048,31.8909943]]}},{"type":"Feature","properties":{},"geometry":{"type":"LineString","coordinates":[[118.8148284,31.8908844],[118.8148849,31.8901825],[118.8152366,31.8901918],[118.815295,31.8900596],[118.8153288,31.8899417],[118.815315,31.889776],[118.8152828,31.8896758],[118.8152131,31.8896029],[118.8151862,31.8895528],[118.8152152,31.8891611],[118.8153502,31.8891675],[118.8153552,31.8890929],[118.8154545,31.8891019],[118.8154831,31.8888711],[118.8168082,31.888942],[118.8167969,31.889051],[118.8166891,31.8894175],[118.8165054,31.8897753],[118.8162484,31.8901039],[118.8160658,31.8902806],[118.8159457,31.8903821],[118.8155869,31.8906169],[118.8152019,31.8907852],[118.8148284,31.8908844]]}},{"type":"Feature","properties":{},"geometry":{"type":"LineString","coordinates":[[118.8120942,31.8884111],[118.8120943,31.8883496],[118.8136688,31.8884305],[118.8137439,31.8883382],[118.8138364,31.8882779],[118.8139423,31.8882267],[118.8140603,31.8882017],[118.8141918,31.8882039],[118.8143178,31.8882245],[118.814413,31.8882688],[118.8145056,31.8883303],[118.814578,31.8884088],[118.8146303,31.8884863],[118.8162021,31.8885638],[118.8162034,31.8886264],[118.8160556,31.8886187],[118.8144372,31.8885341],[118.8143688,31.8884544],[118.8142736,31.8883975],[118.8141542,31.8883724],[118.8140349,31.8883793],[118.8139289,31.8884306],[118.8138511,31.8885023],[118.8120942,31.8884111]]}},{"type":"Feature","properties":{},"geometry":{"type":"LineString","coordinates":[[118.8173693,31.8838461],[118.8173814,31.8837948],[118.8173895,31.8837265],[118.8174349,31.8836217],[118.8174712,31.8835505],[118.817525,31.8835295],[118.8175615,31.8835088],[118.8176105,31.8835071],[118.8176563,31.8835231],[118.8177051,31.8835432],[118.8177851,31.8835853],[118.8178449,31.8835954],[118.817887,31.8835944],[118.8179232,31.8835956],[118.8179594,31.8835967],[118.8180023,31.8835956],[118.8180468,31.8836091],[118.8181016,31.8836218],[118.8182397,31.883706],[118.8183685,31.8837356],[118.8184248,31.8837356],[118.8184932,31.8837402],[118.8185777,31.8837265],[118.8186662,31.883722],[118.8187386,31.8837345],[118.8188029,31.8837581],[118.8188669,31.8838437],[118.8188655,31.8840338],[118.8188897,31.8840828],[118.8189299,31.8841181],[118.8189942,31.8841637],[118.8190775,31.8841898],[118.8191391,31.8842331],[118.819186,31.8843094],[118.8191834,31.884363],[118.8191753,31.8844176],[118.8191262,31.8844792],[118.8190471,31.8845123],[118.8189626,31.8845191],[118.8189116,31.8845111],[118.8188553,31.8845043],[118.8188016,31.8845043],[118.8187587,31.8845111],[118.8187158,31.8845316],[118.8186729,31.8845385],[118.8186268,31.8845463],[118.8185615,31.884547],[118.8184878,31.8845214],[118.8183966,31.884469],[118.818317,31.8844643],[118.8182299,31.8844802],[118.8181472,31.8844986],[118.8180587,31.8845032],[118.8179594,31.8844895],[118.8179153,31.8844854],[118.8178736,31.8844815],[118.8177636,31.8844861],[118.8176693,31.8844961],[118.8175383,31.8844849],[118.8174739,31.8844462],[118.8174283,31.8843517],[118.8174051,31.8843037],[118.8173774,31.8842697],[118.8173782,31.8842411],[118.8173988,31.8841957],[118.8174216,31.8841547],[118.8174149,31.8840784],[118.8174136,31.8839634],[118.8173841,31.8838905],[118.8173693,31.8838461]]}},{"type":"Feature","properties":{},"geometry":{"type":"LineString","coordinates":[[118.8230831,31.8891549],[118.8230833,31.8891156],[118.8230958,31.8890689],[118.8231212,31.8890261],[118.823158,31.8889898],[118.8232041,31.8889621],[118.8232566,31.8889447],[118.8233125,31.8889385],[118.8233762,31.8889455],[118.8234352,31.8889672],[118.8234849,31.8890017],[118.8235217,31.8890464],[118.8235426,31.889098],[118.8235461,31.8891525],[118.8235332,31.8892026],[118.8235055,31.8892482],[118.8234649,31.8892862],[118.8234142,31.889314],[118.8233567,31.8893298],[118.8232964,31.8893325],[118.8232509,31.8893256],[118.8232078,31.8893111],[118.823169,31.8892897],[118.823136,31.8892622],[118.82311,31.8892297],[118.8230922,31.8891934],[118.8230831,31.8891549]]}},{"type":"Feature","properties":{},"geometry":{"type":"LineString","coordinates":[[118.8233992,31.8888286],[118.8234045,31.8886282],[118.8247055,31.8886675],[118.8247513,31.8886872],[118.8247672,31.8887093],[118.8247589,31.8888124],[118.8246917,31.8888126],[118.8246218,31.8888242],[118.824565,31.8888504],[118.8245135,31.8888858],[118.8244706,31.8889247],[118.8244277,31.8889772],[118.8244111,31.8890377],[118.8243978,31.8891177],[118.8236784,31.8890854],[118.8233992,31.8888286]]}},{"type":"Feature","properties":{},"geometry":{"type":"LineString","coordinates":[[118.8192764,31.8849468],[118.8192867,31.8848816],[118.8193215,31.8848229],[118.819377,31.8847771],[118.8194471,31.8847492],[118.8195241,31.8847423],[118.8195984,31.8847568],[118.8196633,31.8847909],[118.8197117,31.8848408],[118.8197387,31.8849014],[118.8197412,31.884966],[118.819719,31.885028],[118.8196746,31.8850805],[118.8196125,31.8851182],[118.8195948,31.8851227],[118.8195395,31.8851368],[118.8194916,31.8851353],[118.8194622,31.8851343],[118.8193901,31.8851104],[118.8193311,31.8850678],[118.8192918,31.8850112],[118.8192811,31.8849663],[118.8192764,31.8849468]]}},{"type":"Feature","properties":{},"geometry":{"type":"LineString","coordinates":[[118.8218217,31.8916478],[118.8218306,31.8915232],[118.8218407,31.891382],[118.8218496,31.8912578],[118.8218565,31.8911617],[118.821863,31.8910705],[118.8218719,31.8909464],[118.8218823,31.8908012],[118.8218913,31.8906757],[118.822458,31.8907049],[118.8225182,31.890708],[118.8225781,31.8907111],[118.8231452,31.8907404],[118.8231361,31.8908675],[118.8231258,31.8910117],[118.8231168,31.8911371],[118.8231104,31.8912264],[118.8231036,31.8913219],[118.8230946,31.8914482],[118.8230846,31.8915872],[118.8230756,31.8917125],[118.8225122,31.8916834],[118.8224487,31.8916801],[118.8223873,31.891677],[118.8218217,31.8916478]]}},{"type":"Feature","properties":{},"geometry":{"type":"LineString","coordinates":[[118.821863,31.8910705],[118.8218719,31.8909464],[118.8219714,31.8909516],[118.8224383,31.8909759],[118.8224292,31.8911006],[118.821863,31.8910705]]}},{"type":"Feature","properties":{},"geometry":{"type":"LineString","coordinates":[[118.8218823,31.8908012],[118.8218913,31.8906757],[118.8223417,31.8906989],[118.822458,31.8907049],[118.8224488,31.8908312],[118.8219823,31.8908065],[118.8218823,31.8908012]]}},{"type":"Feature","properties":{},"geometry":{"type":"LineString","coordinates":[[118.8225512,31.8911071],[118.8225597,31.8909823],[118.8230243,31.8910065],[118.8231258,31.8910117],[118.8231168,31.8911371],[118.8225512,31.8911071]]}},{"type":"Feature","properties":{},"geometry":{"type":"LineString","coordinates":[[118.8225695,31.8908376],[118.8225781,31.8907111],[118.8226207,31.8907133],[118.8231452,31.8907404],[118.8231361,31.8908675],[118.8230352,31.8908622],[118.8225695,31.8908376]]}},{"type":"Feature","properties":{},"geometry":{"type":"LineString","coordinates":[[118.8218719,31.8909464],[118.8218823,31.8908012],[118.8219823,31.8908065],[118.8219714,31.8909516],[118.8218719,31.8909464]]}},{"type":"Feature","properties":{},"geometry":{"type":"LineString","coordinates":[[118.8230243,31.8910065],[118.8230352,31.8908622],[118.8231361,31.8908675],[118.8231258,31.8910117],[118.8230243,31.8910065]]}},{"type":"Feature","properties":{},"geometry":{"type":"LineString","coordinates":[[118.8204584,31.8852637],[118.8204673,31.8851391],[118.8204774,31.8849979],[118.8204863,31.8848737],[118.8204932,31.8847777],[118.820499,31.8846842],[118.820508,31.8845596],[118.8205181,31.8844184],[118.8205269,31.8842942],[118.8205338,31.8841981],[118.8205403,31.884107],[118.8205492,31.8839828],[118.8205596,31.8838376],[118.8205686,31.8837121],[118.8211353,31.8837413],[118.8211956,31.8837444],[118.8212554,31.8837475],[118.8218225,31.8837768],[118.8218134,31.8839039],[118.8218031,31.8840482],[118.8217941,31.8841735],[118.8217878,31.8842628],[118.8217819,31.8843563],[118.8217728,31.8844834],[118.8217625,31.8846277],[118.8217535,31.884753],[118.8217471,31.8848423],[118.8217403,31.8849378],[118.8217312,31.8850641],[118.8217213,31.8852032],[118.8217123,31.8853284],[118.8211489,31.8852994],[118.8210854,31.8852961],[118.821024,31.8852929],[118.8204584,31.8852637]]}},{"type":"Feature","properties":{},"geometry":{"type":"LineString","coordinates":[[118.8205269,31.8842942],[118.8205338,31.8841981],[118.8205403,31.884107],[118.8211065,31.884137],[118.8210947,31.8843208],[118.8205269,31.8842942]]}},{"type":"Feature","properties":{},"geometry":{"type":"LineString","coordinates":[[118.8212148,31.884327],[118.8212286,31.8841435],[118.8217941,31.8841735],[118.8217878,31.8842628],[118.8217819,31.8843563],[118.8212148,31.884327]]}},{"type":"Feature","properties":{},"geometry":{"type":"LineString","coordinates":[[118.8212286,31.8841435],[118.821237,31.8840187],[118.8217017,31.8840429],[118.8218031,31.8840482],[118.8217941,31.8841735],[118.8212286,31.8841435]]}},{"type":"Feature","properties":{},"geometry":{"type":"LineString","coordinates":[[118.8205403,31.884107],[118.8205492,31.8839828],[118.8206488,31.883988],[118.8211156,31.8840123],[118.8211065,31.884137],[118.8205403,31.884107]]}},{"type":"Feature","properties":{},"geometry":{"type":"LineString","coordinates":[[118.8205492,31.8839828],[118.8205596,31.8838376],[118.8206596,31.8838429],[118.8206488,31.883988],[118.8205492,31.8839828]]}},{"type":"Feature","properties":{},"geometry":{"type":"LineString","coordinates":[[118.8205596,31.8838376],[118.8205686,31.8837121],[118.8211353,31.8837413],[118.8211261,31.8838676],[118.8206596,31.8838429],[118.8205596,31.8838376]]}},{"type":"Feature","properties":{},"geometry":{"type":"LineString","coordinates":[[118.8212468,31.883874],[118.8212554,31.8837475],[118.8218225,31.8837768],[118.8218134,31.8839039],[118.8217126,31.8838986],[118.8212468,31.883874]]}},{"type":"Feature","properties":{},"geometry":{"type":"LineString","coordinates":[[118.8217017,31.8840429],[118.8217126,31.8838986],[118.8218134,31.8839039],[118.8218031,31.8840482],[118.8217017,31.8840429]]}},{"type":"Feature","properties":{},"geometry":{"type":"LineString","coordinates":[[118.8211489,31.8852994],[118.8211573,31.8851744],[118.8216175,31.8851979],[118.8217213,31.8852032],[118.8217123,31.8853284],[118.8211489,31.8852994]]}},{"type":"Feature","properties":{},"geometry":{"type":"LineString","coordinates":[[118.8204584,31.8852637],[118.8204673,31.8851391],[118.820565,31.8851441],[118.821033,31.885168],[118.821024,31.8852929],[118.8204584,31.8852637]]}},{"type":"Feature","properties":{},"geometry":{"type":"LineString","coordinates":[[118.8216175,31.8851979],[118.8216278,31.8850587],[118.8217312,31.8850641],[118.8217213,31.8852032],[118.8216175,31.8851979]]}},{"type":"Feature","properties":{},"geometry":{"type":"LineString","coordinates":[[118.8211668,31.8850343],[118.8211753,31.8849089],[118.8217403,31.8849378],[118.8217312,31.8850641],[118.8216278,31.8850587],[118.8211668,31.8850343]]}},{"type":"Feature","properties":{},"geometry":{"type":"LineString","coordinates":[[118.8204774,31.8849979],[118.8204863,31.8848737],[118.8210523,31.8849026],[118.8210432,31.8850278],[118.8205755,31.8850031],[118.8204774,31.8849979]]}},{"type":"Feature","properties":{},"geometry":{"type":"LineString","coordinates":[[118.8204673,31.8851391],[118.8204774,31.8849979],[118.8205755,31.8850031],[118.820565,31.8851441],[118.8204673,31.8851391]]}},{"type":"Feature","properties":{},"geometry":{"type":"LineString","coordinates":[[118.8204863,31.8848737],[118.8204932,31.8847777],[118.8204997,31.8846865],[118.8210659,31.8847165],[118.8210523,31.8849026],[118.8204863,31.8848737]]}},{"type":"Feature","properties":{},"geometry":{"type":"LineString","coordinates":[[118.8211753,31.8849089],[118.8211879,31.884723],[118.8217535,31.884753],[118.8217471,31.8848423],[118.8217403,31.8849378],[118.8211753,31.8849089]]}},{"type":"Feature","properties":{},"geometry":{"type":"LineString","coordinates":[[118.8211879,31.884723],[118.8211964,31.8845982],[118.821661,31.8846224],[118.8217625,31.8846277],[118.8217535,31.884753],[118.8211879,31.884723]]}},{"type":"Feature","properties":{},"geometry":{"type":"LineString","coordinates":[[118.8204997,31.8846865],[118.8205086,31.8845623],[118.8206081,31.8845675],[118.8210749,31.8845918],[118.8210659,31.8847165],[118.8204997,31.8846865]]}},{"type":"Feature","properties":{},"geometry":{"type":"LineString","coordinates":[[118.8205086,31.8845623],[118.820519,31.8844171],[118.8206189,31.8844224],[118.8206081,31.8845675],[118.8205086,31.8845623]]}},{"type":"Feature","properties":{},"geometry":{"type":"LineString","coordinates":[[118.820519,31.8844171],[118.820528,31.8842916],[118.8210947,31.8843208],[118.8210855,31.8844471],[118.8206189,31.8844224],[118.820519,31.8844171]]}},{"type":"Feature","properties":{},"geometry":{"type":"LineString","coordinates":[[118.8212062,31.8844535],[118.8212148,31.884327],[118.8217819,31.8843563],[118.8217728,31.8844834],[118.8216719,31.8844781],[118.8212062,31.8844535]]}},{"type":"Feature","properties":{},"geometry":{"type":"LineString","coordinates":[[118.821661,31.8846224],[118.8216719,31.8844781],[118.8217728,31.8844834],[118.8217625,31.8846277],[118.821661,31.8846224]]}},{"type":"Feature","properties":{},"geometry":{"type":"LineString","coordinates":[[118.8225852,31.8853633],[118.8225936,31.8852383],[118.8230578,31.885262],[118.8231576,31.8852671],[118.8231486,31.8853923],[118.8225852,31.8853633]]}},{"type":"Feature","properties":{},"geometry":{"type":"LineString","coordinates":[[118.8218947,31.8853277],[118.8219036,31.8852031],[118.8220013,31.885208],[118.8224693,31.8852319],[118.8224603,31.8853568],[118.8218947,31.8853277]]}},{"type":"Feature","properties":{},"geometry":{"type":"LineString","coordinates":[[118.8219036,31.8852031],[118.8219137,31.8850618],[118.8220118,31.885067],[118.8220013,31.885208],[118.8219036,31.8852031]]}},{"type":"Feature","properties":{},"geometry":{"type":"LineString","coordinates":[[118.8219137,31.8850618],[118.8219226,31.8849376],[118.8224886,31.8849665],[118.8224795,31.8850917],[118.8220118,31.885067],[118.8219137,31.8850618]]}},{"type":"Feature","properties":{},"geometry":{"type":"LineString","coordinates":[[118.8226116,31.8849728],[118.8226181,31.8848771],[118.8226242,31.8847869],[118.8231898,31.8848169],[118.8231834,31.8849063],[118.8231766,31.8850017],[118.8226116,31.8849728]]}},{"type":"Feature","properties":{},"geometry":{"type":"LineString","coordinates":[[118.8218947,31.8853277],[118.8219036,31.8852031],[118.8219137,31.8850618],[118.8219226,31.8849376],[118.8219295,31.8848416],[118.8219353,31.8847482],[118.8219443,31.8846235],[118.8219544,31.8844823],[118.8219633,31.8843581],[118.8219701,31.8842621],[118.8219766,31.8841709],[118.8219855,31.8840467],[118.8219959,31.8839015],[118.8220049,31.883776],[118.8225716,31.8838052],[118.8226319,31.8838083],[118.8226917,31.8838114],[118.8232588,31.8838407],[118.8232497,31.8839678],[118.8232394,31.8841121],[118.8232305,31.8842374],[118.8232241,31.8843268],[118.8232182,31.8844202],[118.8232091,31.8845473],[118.8231988,31.8846916],[118.8231898,31.8848169],[118.8231834,31.8849063],[118.8231766,31.8850017],[118.8231676,31.8851281],[118.8231576,31.8852671],[118.8231486,31.8853923],[118.8225852,31.8853633],[118.8225217,31.88536],[118.8224603,31.8853568],[118.8218947,31.8853277]]}},{"type":"Feature","properties":{},"geometry":{"type":"LineString","coordinates":[[118.8219553,31.884481],[118.8219643,31.8843555],[118.822531,31.8843847],[118.8225218,31.884511],[118.8220552,31.8844863],[118.8219553,31.884481]]}},{"type":"Feature","properties":{},"geometry":{"type":"LineString","coordinates":[[118.821936,31.8847504],[118.8219449,31.8846263],[118.8220444,31.8846314],[118.8225112,31.8846558],[118.8225022,31.8847804],[118.821936,31.8847504]]}},{"type":"Feature","properties":{},"geometry":{"type":"LineString","coordinates":[[118.8219449,31.8846263],[118.8219553,31.884481],[118.8220552,31.8844863],[118.8220444,31.8846314],[118.8219449,31.8846263]]}},{"type":"Feature","properties":{},"geometry":{"type":"LineString","coordinates":[[118.8226425,31.8845174],[118.8226511,31.8843909],[118.8232182,31.8844202],[118.8232091,31.8845473],[118.8231082,31.884542],[118.8226425,31.8845174]]}},{"type":"Feature","properties":{},"geometry":{"type":"LineString","coordinates":[[118.8226242,31.8847869],[118.8226327,31.8846621],[118.8230973,31.8846863],[118.8231988,31.8846916],[118.8231898,31.8848169],[118.8226242,31.8847869]]}},{"type":"Feature","properties":{},"geometry":{"type":"LineString","coordinates":[[118.8230973,31.8846863],[118.8231082,31.884542],[118.8232091,31.8845473],[118.8231988,31.8846916],[118.8230973,31.8846863]]}},{"type":"Feature","properties":{},"geometry":{"type":"LineString","coordinates":[[118.8226511,31.8843909],[118.8226581,31.8842976],[118.8226649,31.8842074],[118.8232305,31.8842374],[118.8232241,31.8843268],[118.8232182,31.8844202],[118.8226511,31.8843909]]}},{"type":"Feature","properties":{},"geometry":{"type":"LineString","coordinates":[[118.8219633,31.8843581],[118.8219701,31.8842621],[118.8219766,31.8841709],[118.8225428,31.8842009],[118.8225369,31.8842913],[118.822531,31.8843847],[118.8219633,31.8843581]]}},{"type":"Feature","properties":{},"geometry":{"type":"LineString","coordinates":[[118.8219766,31.8841709],[118.8219855,31.8840467],[118.8220851,31.8840519],[118.8225519,31.8840762],[118.8225428,31.8842009],[118.8219766,31.8841709]]}},{"type":"Feature","properties":{},"geometry":{"type":"LineString","coordinates":[[118.8219855,31.8840467],[118.8219959,31.8839015],[118.8220959,31.8839068],[118.8220851,31.8840519],[118.8219855,31.8840467]]}},{"type":"Feature","properties":{},"geometry":{"type":"LineString","coordinates":[[118.8219959,31.8839015],[118.8220049,31.883776],[118.8225716,31.8838052],[118.8225624,31.8839315],[118.8220959,31.8839068],[118.8219959,31.8839015]]}},{"type":"Feature","properties":{},"geometry":{"type":"LineString","coordinates":[[118.8226831,31.8839379],[118.8226917,31.8838114],[118.8232588,31.8838407],[118.8232497,31.8839678],[118.8231489,31.8839625],[118.8226831,31.8839379]]}},{"type":"Feature","properties":{},"geometry":{"type":"LineString","coordinates":[[118.8226649,31.8842074],[118.8226733,31.8840826],[118.823138,31.8841068],[118.8232394,31.8841121],[118.8232305,31.8842374],[118.8226649,31.8842074]]}},{"type":"Feature","properties":{},"geometry":{"type":"LineString","coordinates":[[118.823138,31.8841068],[118.8231489,31.8839625],[118.8232497,31.8839678],[118.8232394,31.8841121],[118.823138,31.8841068]]}},{"type":"Feature","properties":{},"geometry":{"type":"LineString","coordinates":[[118.8219226,31.8849376],[118.8219295,31.8848416],[118.821936,31.8847504],[118.8225022,31.8847804],[118.8224956,31.8848708],[118.8224886,31.8849665],[118.8219226,31.8849376]]}},{"type":"Feature","properties":{},"geometry":{"type":"LineString","coordinates":[[118.8226031,31.8850983],[118.8226116,31.8849728],[118.8231766,31.8850016],[118.8231676,31.8851279],[118.8230673,31.8851227],[118.8226031,31.8850983]]}},{"type":"Feature","properties":{},"geometry":{"type":"LineString","coordinates":[[118.8230578,31.885262],[118.8230673,31.8851227],[118.8231676,31.8851281],[118.8231576,31.8852671],[118.8230578,31.885262]]}},{"type":"Feature","properties":{},"geometry":{"type":"LineString","coordinates":[[118.8219611,31.8857237],[118.8219711,31.8855991],[118.8225378,31.8856283],[118.8225286,31.8857546],[118.822063,31.8857293],[118.8219611,31.8857237]]}},{"type":"Feature","properties":{},"geometry":{"type":"LineString","coordinates":[[118.8219397,31.8860348],[118.8219474,31.885903],[118.8220493,31.8859086],[118.8225171,31.8859328],[118.822506,31.8860626],[118.8219397,31.8860348]]}},{"type":"Feature","properties":{},"geometry":{"type":"LineString","coordinates":[[118.8219474,31.885903],[118.8219611,31.8857237],[118.822063,31.8857293],[118.8220493,31.8859086],[118.8219474,31.885903]]}},{"type":"Feature","properties":{},"geometry":{"type":"LineString","coordinates":[[118.8226494,31.885761],[118.8226579,31.8856345],[118.8232251,31.8856638],[118.823216,31.8857909],[118.8231151,31.8857856],[118.8226494,31.885761]]}},{"type":"Feature","properties":{},"geometry":{"type":"LineString","coordinates":[[118.8231014,31.8859661],[118.8231151,31.8857856],[118.823216,31.8857909],[118.823203,31.8859719],[118.8231014,31.8859661]]}},{"type":"Feature","properties":{},"geometry":{"type":"LineString","coordinates":[[118.8226287,31.8860662],[118.8226373,31.88594],[118.8231014,31.8859661],[118.823203,31.8859719],[118.8231942,31.8860959],[118.8226287,31.8860662]]}},{"type":"Feature","properties":{},"geometry":{"type":"LineString","coordinates":[[118.8226185,31.8862165],[118.822625,31.8861208],[118.8226287,31.8860662],[118.8231942,31.8860959],[118.8231903,31.8861499],[118.8231834,31.8862454],[118.8226185,31.8862165]]}},{"type":"Feature","properties":{},"geometry":{"type":"LineString","coordinates":[[118.8219294,31.8861813],[118.8219362,31.8860852],[118.8219397,31.8860348],[118.822506,31.8860626],[118.8225025,31.8861144],[118.8224957,31.8862104],[118.8219294,31.8861813]]}},{"type":"Feature","properties":{},"geometry":{"type":"LineString","coordinates":[[118.8219294,31.8861813],[118.8219362,31.8860852],[118.8219397,31.8860348],[118.8219474,31.885903],[118.8219611,31.8857237],[118.8219711,31.8855991],[118.8225378,31.8856283],[118.8225981,31.8856314],[118.8226579,31.8856345],[118.8232251,31.8856638],[118.823216,31.8857909],[118.823203,31.8859719],[118.8231942,31.8860959],[118.8231903,31.8861499],[118.8231834,31.8862454],[118.8226185,31.8862165],[118.8225564,31.8862134],[118.8224957,31.8862104],[118.8219294,31.8861813]]}},{"type":"Feature","properties":{},"geometry":{"type":"LineString","coordinates":[[118.8201746,31.8877138],[118.8203681,31.887692],[118.8204062,31.8879358],[118.8202126,31.8879576],[118.8201746,31.8877138]]}},{"type":"Feature","properties":{},"geometry":{"type":"LineString","coordinates":[[118.8238948,31.8862531],[118.8239107,31.8854657],[118.8239656,31.8853545],[118.8240594,31.8852734],[118.8241903,31.8851967],[118.8243779,31.8851562],[118.824546,31.8851862],[118.8246823,31.8852674],[118.8247778,31.8853846],[118.8248008,31.8855108],[118.8247778,31.8863086],[118.8247566,31.8864228],[118.8246982,31.8865355],[118.8246115,31.8865971],[118.8244894,31.8866572],[118.8243284,31.8866768],[118.8241992,31.8866542],[118.8240895,31.8866001],[118.8239886,31.886513],[118.823916,31.8863793],[118.8238948,31.8862531]]}},{"type":"Feature","properties":{},"geometry":{"type":"LineString","coordinates":[[118.820525,31.8894741],[118.8208629,31.8894468],[118.8210426,31.88944],[118.8212974,31.8894719],[118.8214235,31.8895015],[118.8214352,31.8894731],[118.8214412,31.8894585],[118.8213303,31.889421],[118.8212045,31.8893609],[118.8210774,31.8892377],[118.8210282,31.8891621],[118.8208855,31.8891727],[118.8207047,31.8891878],[118.8207257,31.8890037],[118.8207307,31.8888022],[118.8209131,31.8888389],[118.8210569,31.8888676],[118.8211362,31.8887908],[118.8212487,31.8887044],[118.8213887,31.8886531],[118.821486,31.8886407],[118.8214856,31.8886277],[118.8214852,31.8886133],[118.8213565,31.8885996],[118.8211311,31.8886135],[118.8210123,31.8886039],[118.8209337,31.8885893],[118.8207691,31.8885586],[118.8205867,31.8885131],[118.8206128,31.8884712],[118.8206832,31.8883423],[118.8214653,31.8883868],[118.8217368,31.8883997],[118.8225286,31.8884448],[118.822559,31.8885311],[118.8225956,31.8886247],[118.8223891,31.8886497],[118.8222742,31.8886588],[118.8222241,31.8886627],[118.8221853,31.8886657],[118.821982,31.8886659],[118.8218339,31.8886292],[118.821673,31.8886224],[118.8216701,31.8886354],[118.8216692,31.8886483],[118.8217224,31.8886607],[118.8218653,31.8887202],[118.8219768,31.8887928],[118.8220773,31.8889378],[118.8222098,31.8889181],[118.8222633,31.8889103],[118.8223818,31.8888929],[118.8223704,31.8890858],[118.8223587,31.8892914],[118.8222334,31.889264],[118.8221909,31.8892547],[118.8220835,31.8892313],[118.8219186,31.889365],[118.8217657,31.889446],[118.8215893,31.8894776],[118.8215902,31.8894795],[118.8216032,31.8895083],[118.8219707,31.8894946],[118.8221316,31.8895083],[118.8221762,31.8895169],[118.8222251,31.8895264],[118.8225276,31.8895836],[118.8224991,31.8896349],[118.8224415,31.8897398],[118.8216437,31.8897015],[118.8213749,31.8896889],[118.8205767,31.8896479],[118.8205511,31.8895541],[118.820525,31.8894741]]}},{"type":"Feature","properties":{},"geometry":{"type":"LineString","coordinates":[[118.8213208,31.8869315],[118.8213223,31.8869002],[118.8213255,31.8868089],[118.8213449,31.8864836],[118.8213464,31.8864501],[118.8214816,31.8864534],[118.8214846,31.8863805],[118.821446,31.8863793],[118.821463,31.8860089],[118.821463,31.8859894],[118.8214629,31.8859625],[118.8214681,31.8858566],[118.8214902,31.8854771],[118.821492,31.8854431],[118.8217913,31.8854549],[118.8217693,31.8858133],[118.8217444,31.8862189],[118.8216791,31.8872812],[118.8216306,31.8872791],[118.8214186,31.8872718],[118.8214347,31.8869354],[118.8213208,31.8869315]]}},{"type":"Feature","properties":{},"geometry":{"type":"LineString","coordinates":[[118.8198241,31.8861917],[118.820402,31.88615],[118.8203674,31.8867496],[118.8199224,31.8868002],[118.8198241,31.8861917]]}},{"type":"Feature","properties":{},"geometry":{"type":"LineString","coordinates":[[118.8199951,31.8891053],[118.8200053,31.8889724],[118.8200174,31.8888314],[118.8201081,31.8888354],[118.8204643,31.8888491],[118.8204662,31.8888125],[118.8205765,31.8888167],[118.8205856,31.8886464],[118.8205518,31.8886451],[118.8205524,31.8886221],[118.8205562,31.8885626],[118.8205633,31.8884684],[118.8206128,31.8884712],[118.8205867,31.8885131],[118.8207691,31.8885586],[118.8209337,31.8885893],[118.8209551,31.8886477],[118.8209131,31.8888389],[118.8207307,31.8888022],[118.8207257,31.8890037],[118.8207047,31.8891878],[118.8208855,31.8891727],[118.8208941,31.8893872],[118.8208629,31.8894468],[118.820525,31.8894741],[118.8205511,31.8895541],[118.8204815,31.8895529],[118.8204892,31.8894594],[118.8204944,31.8893609],[118.8204965,31.889328],[118.8205419,31.8893305],[118.8205512,31.8892096],[118.8204376,31.8892033],[118.8204432,31.8891304],[118.8200945,31.8891111],[118.8199951,31.8891053]]}},{"type":"Feature","properties":{},"geometry":{"type":"LineString","coordinates":[[118.8226724,31.8886736],[118.822673,31.8885727],[118.8226785,31.8884277],[118.8226793,31.8884069],[118.8226813,31.8883553],[118.8231726,31.8883688],[118.8231566,31.8886882],[118.8226724,31.8886736]]}},{"type":"Feature","properties":{},"geometry":{"type":"LineString","coordinates":[[118.8201713,31.8885432],[118.820196,31.8881892],[118.8205814,31.8882086],[118.8205767,31.8882764],[118.8205748,31.8883034],[118.8205633,31.8884684],[118.8205562,31.8885626],[118.8201713,31.8885432]]}},{"type":"Feature","properties":{},"geometry":{"type":"LineString","coordinates":[[118.8200493,31.8897911],[118.8200712,31.8894407],[118.8204892,31.8894594],[118.8204815,31.8895529],[118.8204678,31.8897204],[118.8204599,31.8898174],[118.8200493,31.8897911]]}},{"type":"Feature","properties":{},"geometry":{"type":"LineString","coordinates":[[118.8213604,31.889912],[118.8213651,31.8898393],[118.8213703,31.8897595],[118.8213749,31.8896889],[118.8216437,31.8897015],[118.8216391,31.8897711],[118.8216338,31.8898526],[118.8216291,31.8899247],[118.8215269,31.8899198],[118.8213604,31.889912]]}},{"type":"Feature","properties":{},"geometry":{"type":"LineString","coordinates":[[118.8216338,31.8898526],[118.8216391,31.8897711],[118.8216437,31.8897015],[118.8224415,31.8897398],[118.8224314,31.8898918],[118.8216338,31.8898526]]}},{"type":"Feature","properties":{},"geometry":{"type":"LineString","coordinates":[[118.8205688,31.8898002],[118.8205712,31.8897249],[118.8205767,31.8896479],[118.8213749,31.8896889],[118.8213703,31.8897595],[118.8213651,31.8898393],[118.8205688,31.8898002]]}},{"type":"Feature","properties":{},"geometry":{"type":"LineString","coordinates":[[118.8214653,31.8883868],[118.821475,31.8882392],[118.8214778,31.8881977],[118.8216224,31.8882046],[118.8217493,31.8882106],[118.8217465,31.8882531],[118.8217368,31.8883997],[118.8214653,31.8883868]]}},{"type":"Feature","properties":{},"geometry":{"type":"LineString","coordinates":[[118.8206832,31.8883423],[118.8206877,31.8882578],[118.820691,31.8881961],[118.821475,31.8882392],[118.8214653,31.8883868],[118.8206832,31.8883423]]}},{"type":"Feature","properties":{},"geometry":{"type":"LineString","coordinates":[[118.8217368,31.8883997],[118.8217465,31.8882531],[118.8225403,31.8882913],[118.8225339,31.8883754],[118.8225286,31.8884448],[118.8217368,31.8883997]]}},{"type":"Feature","properties":{},"geometry":{"type":"LineString","coordinates":[[118.8225959,31.8917521],[118.8225992,31.8916879],[118.8230756,31.8917125],[118.8230846,31.8915872],[118.8230946,31.8914482],[118.8231036,31.8913219],[118.8231104,31.8912264],[118.8231452,31.8907404],[118.8226207,31.8907133],[118.8226253,31.8906407],[118.8232353,31.8906747],[118.8232096,31.891746],[118.8231611,31.8917861],[118.8225959,31.8917521]]}},{"type":"Feature","properties":{},"geometry":{"type":"LineString","coordinates":[[118.8217805,31.8915892],[118.8218515,31.890626],[118.821869,31.8906042],[118.8223441,31.8906321],[118.8223417,31.8906989],[118.8218913,31.8906757],[118.8218823,31.8908012],[118.8218719,31.8909464],[118.821863,31.8910705],[118.8218565,31.8911617],[118.8218496,31.8912578],[118.8218407,31.891382],[118.8218306,31.8915232],[118.8218217,31.8916478],[118.8223074,31.8916729],[118.8223041,31.8917383],[118.821835,31.8917122],[118.8218078,31.8916895],[118.8217891,31.8916475],[118.8217805,31.8915892]]}},{"type":"Feature","properties":{},"geometry":{"type":"LineString","coordinates":[[118.8199151,31.890957],[118.8199379,31.8908721],[118.8202425,31.8908856],[118.8202363,31.8909725],[118.8199151,31.890957]]}},{"type":"Feature","properties":{},"geometry":{"type":"LineString","coordinates":[[118.8196863,31.8909239],[118.819748,31.8907235],[118.8198861,31.8907371],[118.8199054,31.8907529],[118.8198695,31.8908692],[118.8198499,31.8909318],[118.8198311,31.8909466],[118.8196957,31.8909387],[118.8196863,31.8909239]]}},{"type":"Feature","properties":{},"geometry":{"type":"LineString","coordinates":[[118.8197788,31.8906107],[118.8199545,31.8900289],[118.8199827,31.8900049],[118.8200444,31.8899742],[118.8200993,31.8899674],[118.8205526,31.8899867],[118.8205727,31.8899993],[118.8205687,31.890055],[118.8205472,31.8900728],[118.8201776,31.890049],[118.8201037,31.890083],[118.8199523,31.8905972],[118.8198955,31.8906301],[118.8197895,31.8906267],[118.8197788,31.8906107]]}},{"type":"Feature","properties":{},"geometry":{"type":"LineString","coordinates":[[118.820775,31.8900723],[118.8207797,31.8900187],[118.8208074,31.8900056],[118.8214359,31.890037],[118.821456,31.8900566],[118.8214527,31.8901118],[118.8214311,31.8901297],[118.8208011,31.8900892],[118.820775,31.8900723]]}},{"type":"Feature","properties":{},"geometry":{"type":"LineString","coordinates":[[118.8215639,31.8901169],[118.821568,31.8900582],[118.8215931,31.8900396],[118.8217118,31.8900431],[118.8217033,31.8901636],[118.821699,31.8902255],[118.8216944,31.8902905],[118.8216629,31.8907388],[118.821606,31.8907353],[118.8216147,31.8906495],[118.8216514,31.8902883],[118.821658,31.8902236],[118.8216643,31.890162],[118.8216658,31.8901471],[118.8215837,31.8901383],[118.8215639,31.8901169]]}},{"type":"Feature","properties":{},"geometry":{"type":"LineString","coordinates":[[118.8213398,31.8909866],[118.8213438,31.8909123],[118.8213911,31.8909141],[118.821397,31.8908051],[118.821655,31.890822],[118.8216318,31.8910025],[118.8213398,31.8909866]]}},{"type":"Feature","properties":{},"geometry":{"type":"LineString","coordinates":[[118.8200796,31.8893049],[118.8200945,31.8891111],[118.8204432,31.8891304],[118.8204376,31.8892033],[118.8205512,31.8892096],[118.8205419,31.8893305],[118.8204965,31.889328],[118.8200796,31.8893049]]}},{"type":"Feature","properties":{},"geometry":{"type":"LineString","coordinates":[[118.8201081,31.8888354],[118.8201191,31.8886284],[118.8201388,31.8886292],[118.8205518,31.8886451],[118.8205856,31.8886464],[118.8205765,31.8888167],[118.8204662,31.8888125],[118.8204643,31.8888491],[118.8201081,31.8888354]]}},{"type":"Feature","properties":{},"geometry":{"type":"LineString","coordinates":[[118.822602,31.8895759],[118.822607,31.8894875],[118.8226093,31.8894463],[118.822621,31.889239],[118.8229377,31.8892519],[118.8231831,31.8894665],[118.8231803,31.8895152],[118.8231756,31.8895993],[118.8231009,31.8895962],[118.822602,31.8895759]]}},{"type":"Feature","properties":{},"geometry":{"type":"LineString","coordinates":[[118.819228,31.8907429],[118.81923,31.890715],[118.8194676,31.8907272],[118.819479,31.890567],[118.8193101,31.8905583],[118.8193119,31.8905335],[118.819317,31.8904623],[118.819557,31.890476],[118.8196735,31.8900489],[118.8193417,31.8900299],[118.8193456,31.8899724],[118.8192816,31.8899692],[118.8192833,31.8899462],[118.8192837,31.88994],[118.8195217,31.8899524],[118.8195331,31.8897947],[118.8198444,31.8898084],[118.8198425,31.889836],[118.8198318,31.8899188],[118.8198132,31.8899795],[118.8196376,31.8905521],[118.8196092,31.8906446],[118.8195776,31.8907476],[118.8195262,31.8909153],[118.8192841,31.8909043],[118.8192861,31.8908774],[118.8192958,31.8907465],[118.819228,31.8907429]]}},{"type":"Feature","properties":{},"geometry":{"type":"LineString","coordinates":[[118.8239553,31.891027],[118.8239611,31.8907377],[118.8241582,31.8907406],[118.8241524,31.8910298],[118.8239553,31.891027]]}},{"type":"Feature","properties":{},"geometry":{"type":"LineString","coordinates":[[118.8237636,31.8910242],[118.8237694,31.8907349],[118.8239611,31.8907377],[118.8239553,31.891027],[118.8237636,31.8910242]]}},{"type":"Feature","properties":{},"geometry":{"type":"LineString","coordinates":[[118.8235743,31.8910215],[118.8235802,31.8907321],[118.8237694,31.8907349],[118.8237636,31.8910242],[118.8235743,31.8910215]]}},{"type":"Feature","properties":{},"geometry":{"type":"LineString","coordinates":[[118.8235919,31.8901546],[118.8235977,31.8898652],[118.823787,31.889868],[118.8237811,31.8901573],[118.8235919,31.8901546]]}},{"type":"Feature","properties":{},"geometry":{"type":"LineString","coordinates":[[118.823586,31.8904429],[118.8235919,31.8901546],[118.8237811,31.8901573],[118.8237753,31.8904457],[118.823586,31.8904429]]}},{"type":"Feature","properties":{},"geometry":{"type":"LineString","coordinates":[[118.8237753,31.8904457],[118.8237811,31.8901573],[118.8239727,31.8901601],[118.8239669,31.8904485],[118.8237753,31.8904457]]}},{"type":"Feature","properties":{},"geometry":{"type":"LineString","coordinates":[[118.8237811,31.8901573],[118.823787,31.889868],[118.8239786,31.8898708],[118.8239727,31.8901601],[118.8237811,31.8901573]]}},{"type":"Feature","properties":{},"geometry":{"type":"LineString","coordinates":[[118.8239727,31.8901601],[118.8239786,31.8898708],[118.8241757,31.8898737],[118.8241698,31.890163],[118.8239727,31.8901601]]}},{"type":"Feature","properties":{},"geometry":{"type":"LineString","coordinates":[[118.8239669,31.8904485],[118.8239727,31.8901601],[118.8241698,31.890163],[118.824164,31.8904513],[118.8239669,31.8904485]]}},{"type":"Feature","properties":{},"geometry":{"type":"LineString","coordinates":[[118.8235802,31.8907321],[118.823586,31.8904429],[118.8237753,31.8904457],[118.8237694,31.8907349],[118.8235802,31.8907321]]}},{"type":"Feature","properties":{},"geometry":{"type":"LineString","coordinates":[[118.8237694,31.8907349],[118.8237753,31.8904457],[118.8239669,31.8904485],[118.8239611,31.8907377],[118.8237694,31.8907349]]}},{"type":"Feature","properties":{},"geometry":{"type":"LineString","coordinates":[[118.8239611,31.8907377],[118.8239669,31.8904485],[118.824164,31.8904513],[118.8241582,31.8907406],[118.8239611,31.8907377]]}},{"type":"Feature","properties":{},"geometry":{"type":"LineString","coordinates":[[118.8238259,31.886572],[118.8238286,31.8864031],[118.8238572,31.885403],[118.8238659,31.8852157],[118.8240009,31.8852184],[118.8241036,31.885152],[118.8241922,31.8851144],[118.8243134,31.8850966],[118.8244486,31.8851003],[118.8246047,31.8851618],[118.8247239,31.8852402],[118.8248626,31.8852376],[118.8248318,31.8866085],[118.8247024,31.8866085],[118.8245892,31.8866631],[118.8245033,31.8866995],[118.8243746,31.8867177],[118.8242566,31.8867086],[118.8241386,31.8866813],[118.8240527,31.8866266],[118.8239669,31.886572],[118.8238259,31.886572]]}},{"type":"Feature","properties":{},"geometry":{"type":"LineString","coordinates":[[118.8239534,31.8863007],[118.8239809,31.8863768],[118.824684,31.8863807],[118.8247116,31.8863222],[118.8247277,31.8854677],[118.8247093,31.8853974],[118.8240108,31.8853877],[118.8239763,31.8854637],[118.8239534,31.8863007]]}},{"type":"Feature","properties":{},"geometry":{"type":"LineString","coordinates":[[118.8239534,31.8863007],[118.8239763,31.8854637],[118.8240108,31.8853877],[118.8247093,31.8853974],[118.8247277,31.8854677],[118.8247116,31.8863222],[118.824684,31.8863807],[118.8239809,31.8863768],[118.8239534,31.8863007]]}},{"type":"Feature","properties":{},"geometry":{"type":"LineString","coordinates":[[118.821863,31.8905533],[118.8219027,31.8900629],[118.8232093,31.8901206],[118.823249,31.8901699],[118.8232575,31.8902143],[118.8232575,31.8906242],[118.821863,31.8905533]]}},{"type":"Feature","properties":{},"geometry":{"type":"LineString","coordinates":[[118.8235684,31.8913158],[118.823574,31.8910375],[118.8235743,31.8910215],[118.8235802,31.8907321],[118.823586,31.8904429],[118.8235919,31.8901546],[118.8235977,31.8898652],[118.823787,31.889868],[118.8239786,31.8898708],[118.8241757,31.8898737],[118.8243721,31.8898766],[118.8245691,31.8898794],[118.8247662,31.8898823],[118.8247603,31.8901717],[118.8247544,31.89046],[118.8247485,31.8907492],[118.8247427,31.8910384],[118.8247367,31.8913327],[118.8245397,31.8913298],[118.8243429,31.891327],[118.8241465,31.8913242],[118.8239494,31.8913213],[118.8237577,31.8913186],[118.8235684,31.8913158]]}},{"type":"Feature","properties":{},"geometry":{"type":"LineString","coordinates":[[118.8222251,31.8895264],[118.8222518,31.8894713],[118.8222334,31.889264],[118.8223587,31.8892914],[118.8223704,31.8890858],[118.8223818,31.8888929],[118.8222633,31.8889103],[118.8222965,31.8887262],[118.8222742,31.8886588],[118.8223891,31.8886497],[118.8225956,31.8886247],[118.822559,31.8885311],[118.8226518,31.888533],[118.8226453,31.8886491],[118.822644,31.8886728],[118.8226414,31.8887331],[118.8226401,31.8887654],[118.8226308,31.8889873],[118.8229624,31.8889973],[118.8229502,31.8891179],[118.8229377,31.8892519],[118.822621,31.889239],[118.8226093,31.8894463],[118.822607,31.8894875],[118.822602,31.8895759],[118.8226014,31.8895997],[118.8225997,31.8896367],[118.8224991,31.8896349],[118.8225276,31.8895836],[118.8222251,31.8895264]]}},{"type":"Feature","properties":{},"geometry":{"type":"LineString","coordinates":[[118.8225825,31.8899266],[118.8225997,31.8896367],[118.8226014,31.8895997],[118.822602,31.8895759],[118.8231009,31.8895962],[118.82309,31.8899466],[118.8225825,31.8899266]]}},{"type":"Feature","properties":{},"geometry":{"type":"LineString","coordinates":[[118.8198695,31.8908692],[118.8199054,31.8907529],[118.8199523,31.8905972],[118.8201037,31.890083],[118.8201776,31.890049],[118.8205472,31.8900728],[118.8208011,31.8900892],[118.8214311,31.8901297],[118.8215837,31.8901383],[118.8216658,31.8901471],[118.8216643,31.890162],[118.821658,31.8902236],[118.8216514,31.8902883],[118.8216147,31.8906495],[118.8214871,31.8906426],[118.8213399,31.8906347],[118.8213628,31.8903581],[118.8213236,31.8903554],[118.8213285,31.8902715],[118.8209028,31.8902537],[118.8208905,31.8904182],[118.8205962,31.8904111],[118.8205338,31.8903594],[118.820448,31.8903275],[118.8203568,31.8903275],[118.8203031,31.8903366],[118.8202763,31.8903776],[118.8202549,31.8904095],[118.8202549,31.8904687],[118.820287,31.8905325],[118.8203192,31.8905735],[118.8203997,31.890619],[118.8204146,31.8906253],[118.8204107,31.8907117],[118.8203306,31.8907091],[118.8203265,31.8907771],[118.8203204,31.8908891],[118.8202842,31.8908875],[118.8202425,31.8908856],[118.8199379,31.8908721],[118.8199014,31.8908706],[118.8198695,31.8908692]]}},{"type":"Feature","properties":{},"geometry":{"type":"LineString","coordinates":[[118.8160309,31.8894946],[118.8160331,31.889455],[118.8160545,31.8894558],[118.8160563,31.8894219],[118.8161186,31.8894243],[118.816134,31.8891455],[118.8161854,31.8891475],[118.8161795,31.8892533],[118.816174,31.8893532],[118.8162437,31.889356],[118.8162374,31.8894697],[118.8162356,31.8895028],[118.8160309,31.8894946]]}},{"type":"Feature","properties":{},"geometry":{"type":"LineString","coordinates":[[118.8164689,31.8901403],[118.8167908,31.8896425],[118.8169315,31.8892479],[118.8170019,31.8889398],[118.8183057,31.889],[118.818301,31.8890749],[118.8198256,31.8891443],[118.8198028,31.8895052],[118.8183851,31.889441],[118.8183996,31.8892088],[118.8174063,31.8891642],[118.8174021,31.8892324],[118.8172317,31.889225],[118.8172243,31.8893506],[118.8169656,31.8893397],[118.8169259,31.8900196],[118.8171569,31.8900293],[118.8171488,31.8901686],[118.8164689,31.8901403]]}},{"type":"Feature","properties":{},"geometry":{"type":"LineString","coordinates":[[118.8226308,31.8889873],[118.8226401,31.8887654],[118.8231819,31.8887871],[118.8231799,31.888835],[118.8229624,31.8889973],[118.8226308,31.8889873]]}}]}