s_m,x_m,y_m,yaw_rad,curvature_1pm,target_speed_mps,lon_deg,lat_deg
0.0,757.1720128757715,-335.8175078760542,-3.0952359346968508,1.6784880356783453e-09,0.5,118.8225108,31.8854833
0.2,756.9722277318291,-335.826775899599,-3.0952359346961087,-1.671067221018558e-09,0.7280109889280518,118.82250868629426,31.88548321674393
0.4,756.7724425878929,-335.83604392320575,-3.0952359346960803,-5.759676912571664e-08,0.9,118.82250657258852,31.885483133487856
0.6000000000000001,756.5726574439321,-335.84531194635593,-3.0952359346956464,5.7601107793734814e-08,1.044030650891055,118.82250445888278,31.885483050231787
0.8,756.3728723000079,-335.8545799702953,-3.095235934695683,-6.091424729245065e-08,1.1704699910719625,118.82250234517704,31.88548296697571
1.0,756.1730871560718,-335.86384799390214,-3.095235934695661,1.6586415036098251e-09,1.284523257866513,118.8225002314713,31.88548288371964
1.2000000000000002,755.9733020121292,-335.87311601744693,-3.0952359346956517,-1.6585483731608031e-09,1.3892443989449805,118.82249811776555,31.885482800463567
1.4000000000000001,755.7735168681686,-335.8823840405971,-3.095235934695637,5.760557959201993e-08,1.4866068747318506,118.82249600405981,31.8854827172075
1.6,755.5737317242323,-335.8916520642038,-3.0952359346961047,-1.0995526514361986e-08,1.57797338380595,118.82249389035407,31.885482633951426
1.8,755.3739465802962,-335.9009200878106,-3.095235934696088,1.6729277349983558e-09,1.6643316977093237,118.82249177664833,31.885482550695354
2.0,755.1741614363538,-335.91018811135547,-3.095235934696227,1.1002490076321198e-08,1.7464249196572978,118.82248966294259,31.88548246743928
2.2,754.9743762924176,-335.9194561349622,-3.095235934696089,1.6672034099780618e-09,1.8248287590894658,118.82248754923684,31.88548238418321
2.4000000000000004,754.7745911484751,-335.928724158507,-3.0952359346956517,1.6585970483730147e-09,1.9,118.8224854355311,31.885482300927137
2.6,754.5748060045325,-335.9379921820518,-3.095235934695666,-1.658739177754278e-09,1.972308292331602,118.82248332182536,31.885482217671065
2.8000000000000003,754.3750208605965,-335.94726020565855,-3.0952359346956952,1.6594985966868888e-09,2.0420577856662137,118.82248120811963,31.885482134414993
3.0,754.175235716654,-335.95652822920334,-3.095235934695669,1.6584815981668738e-09,2.1095023109728985,118.82247909441388,31.88548205115892
3.2,753.9754505727115,-335.9657962527482,-3.0952359346956198,-1.657988606596971e-09,2.1748563170931545,118.82247698070813,31.885481967902848
3.4000000000000004,753.7756654287571,-335.97506427596034,-3.0952359346960865,1.6716977123159695e-09,2.238302928559939,118.8224748670024,31.88548188464678
3.6,753.5758802848147,-335.98433229950507,-3.0952359346961065,-1.6718976159512374e-09,2.3,118.82247275329665,31.885481801390707
3.8000000000000003,753.3760951408723,-335.99360032304986,-3.095235934696226,-1.665969195143297e-09,2.360084744241189,118.8224706395909,31.885481718134635
4.0,753.1763099969543,-336.0028683470513,-3.09523593469608,-5.759235943709731e-08,2.4186773244895647,118.82246852588517,31.88548163487856
4.2,752.9765248529936,-336.0121363702014,-3.0952359346960883,5.7592274829554805e-08,2.4758836806279896,118.82246641217942,31.88548155162249
4.4,752.7767397090512,-336.02140439374625,-3.095235934695652,-1.6628290418758715e-09,2.5317977802344327,118.82246429847369,31.885481468366418
4.6000000000000005,752.5769545651148,-336.030672417353,-3.0952359346957,-1.0996103679960097e-08,2.5865034312755126,118.82246218476794,31.885481385110346
4.800000000000001,752.3771694211723,-336.03994044089774,-3.0952359346956495,-1.6503773917460147e-09,2.6400757564888173,118.8224600710622,31.885481301854274
5.0,752.1773842772362,-336.0492084645046,-3.0952359346956584,-4.826866396777408e-08,2.692582403567252,118.82245795735646,31.8854812185982
5.2,751.9775991332818,-336.05847648771675,-3.095235934695633,1.6626870520388985e-09,2.7440845468024486,118.82245584365072,31.885481135342133
5.4,751.7778139893394,-336.06774451126154,-3.0952359346961122,6.092842304137866e-08,2.7946377224964243,118.82245372994498,31.88548105208606
5.6000000000000005,751.5780288454151,-336.077012535201,-3.095235934696205,-6.092935156271782e-08,2.844292530665579,118.82245161623923,31.885480968829985
5.800000000000001,751.3782437014789,-336.0862805588078,-3.0952359346960936,-5.759213697506277e-08,2.8930952282978875,118.82244950253349,31.885480885573912
6.0,751.1784585575183,-336.0955485819579,-3.095235934696083,1.6669948578675594e-09,2.9410882339705493,118.82244738882775,31.885480802317844
6.2,750.9786734135758,-336.1048166055027,-3.0952359346956433,-1.6625983445282603e-09,2.9883105594967874,118.822445275122,31.88548071906177
6.4,750.7788882696395,-336.11408462910947,-3.09523593469568,1.6595295318735768e-09,3.0,118.82244316141627,31.8854806358057
6.6000000000000005,750.5791031256971,-336.12335265265426,-3.0952359346957024,1.6595518934639425e-09,3.0,118.82244104771053,31.885480552549627
6.800000000000001,750.3793179817546,-336.13262067619905,-3.09523593469566,-1.659129943401927e-09,3.0,118.82243893400478,31.885480469293555
7.0,750.1795328378003,-336.1418886994112,-3.095235934695619,6.091760956137806e-08,3.0,118.82243682029905,31.885480386037486
7.2,749.979747693876,-336.15115672335065,-3.0952359346961105,-6.092252562233444e-08,3.0,118.8224347065933,31.88548030278141
7.4,749.7799625499337,-336.1604247468954,-3.0952359346961114,-1.6637175307975567e-09,3.0,118.82243259288757,31.885480219525338
7.6000000000000005,749.5801774059973,-336.1696927705022,-3.0952359346962224,1.6741225430453375e-09,3.0,118.82243047918182,31.885480136269265
7.800000000000001,749.380392262055,-336.178960794047,-3.095235934696077,-1.672670500746256e-09,3.0,118.82242836547607,31.885480053013193
8.0,749.1806071180943,-336.1882288171971,-3.095235934696072,5.7592629851723765e-08,3.0,118.82242625177034,31.885479969757125
8.200000000000001,748.9808219741581,-336.197496840804,-3.0952359346956717,-1.0999731973857076e-08,3.0,118.82242413806459,31.885479886501052
8.4,748.7810368302219,-336.20676486441073,-3.09523593469569,1.6590678846955063e-09,3.0,118.82242202435886,31.88547980324498
8.6,748.5812516862794,-336.2160328879555,-3.0952359346956366,1.0994713665492625e-08,3.0,118.82241991065311,31.885479719988908
8.8,748.3814665423432,-336.22530091156233,-3.09523593469564,1.6495556276898732e-09,3.0,118.82241779694736,31.885479636732835
9.0,748.1816813984008,-336.23456893510706,-3.0952359346956366,1.6626293131016848e-09,3.0,118.82241568324163,31.885479553476763
9.200000000000001,747.9818962544583,-336.24383695865185,-3.0952359346960994,-1.6672567456868339e-09,3.0,118.82241356953588,31.88547947022069
9.4,747.782111110522,-336.25310498225866,-3.0952359346962215,1.6656937148035233e-09,3.0,118.82241145583015,31.88547938696462
9.600000000000001,747.5823259665796,-336.26237300580345,-3.095235934696088,-5.75923727627071e-08,3.0,118.8224093421244,31.885479303708546
9.8,747.3825408226189,-336.2716410289535,-3.095235934696071,5.759254146785796e-08,3.0,118.82240722841865,31.885479220452478
10.0,747.1827556786827,-336.2809090525604,-3.0952359346956593,1.659174344339806e-09,3.0,118.82240511471292,31.885479137196405
10.200000000000001,746.9829705347402,-336.2901770761052,-3.0952359346957086,-1.6596673724778743e-09,3.0,118.82240300100717,31.885479053940333
10.4,746.783185390816,-336.2994451000446,-3.0952359346957175,-6.09155620791104e-08,3.0,118.82240088730143,31.885478970684257
10.600000000000001,746.5834002468798,-336.30871312365133,-3.095235934695625,-5.7597648747917444e-08,3.0,118.8223987735957,31.885478887428185
10.8,746.3836151029191,-336.3179811468015,-3.095235934695617,5.7597728564194885e-08,3.0,118.82239665988995,31.885478804172116
11.0,746.1838299589766,-336.32724917034625,-3.09523593469611,-1.6587573236599465e-09,3.0,118.82239454618421,31.885478720916044
11.200000000000001,745.9840448150405,-336.3365171939531,-3.0952359346961233,-1.1008356372751269e-08,3.0,118.82239243247847,31.885478637659972
11.4,745.7842596710981,-336.3457852174979,-3.095235934696202,-1.6749657603274723e-09,3.0,118.82239031877272,31.8854785544039
11.600000000000001,745.5844745271373,-336.35505324064803,-3.095235934696092,5.7590982282650153e-08,3.0,118.82238820506699,31.88547847114783
11.8,745.3846893832074,-336.3643212643168,-3.0952359346960594,6.093067393688241e-08,3.0,118.82238609136124,31.88547838789176
12.0,745.1849042392831,-336.37358928825626,-3.095235934695684,1.6511143852262512e-09,3.0,118.8223839776555,31.885478304635683
12.200000000000001,744.9851190953407,-336.382857311801,-3.0952359346957046,-1.6513188304791915e-09,3.0,118.82238186394976,31.88547822137961
12.4,744.7853339514045,-336.39212533540785,-3.095235934695643,-5.76057350281559e-08,3.0,118.82237975024401,31.88547813812354
12.600000000000001,744.5855488074438,-336.401393358558,-3.0952359346956246,1.6575180551258123e-09,3.0,118.82237763653828,31.88547805486747
12.8,744.3857636635013,-336.4106613821028,-3.095235934695612,-1.6573937768262632e-09,3.0,118.82237552283253,31.885477971611397
13.0,744.1859785195652,-336.4199294057095,-3.095235934696106,1.6731631288309867e-09,3.0,118.8223734091268,31.885477888355325
13.200000000000001,743.9861933756227,-336.4291974292543,-3.095235934696214,1.6740735355180722e-09,3.0,118.82237129542105,31.885477805099253
13.4,743.7864082316803,-336.4384654527991,-3.095235934696089,-1.6728256884026736e-09,3.0,118.8223691817153,31.88547772184318
13.600000000000001,743.586623087744,-336.4477334764059,-3.095235934696039,1.6665773646101409e-09,3.0,118.82236706800957,31.88547763858711
13.8,743.3868379438015,-336.4570014999507,-3.0952359346956895,-1.6630825087091863e-09,3.0,118.82236495430382,31.885477555331036
14.0,743.1870527998591,-336.4662695234955,-3.09523593469572,-1.660200228243538e-09,3.0,118.82236284059809,31.885477472074964
14.200000000000001,742.9872676559229,-336.47553754710225,-3.0952359346957268,-5.760413216174883e-08,3.0,118.82236072689234,31.88547738881889
14.4,742.7874825119621,-336.4848055702524,-3.095235934695617,5.7605228776863995e-08,3.0,118.8223586131866,31.885477305562823
14.600000000000001,742.5876973680197,-336.49407359379717,-3.0952359346956344,-1.6577617759021896e-09,3.0,118.82235649948086,31.88547722230675
14.8,742.3879122240835,-336.503341617404,-3.0952359346961122,-1.1004168491078946e-08,3.0,118.82235438577511,31.88547713905068
15.0,742.1881270801656,-336.51260964140545,-3.0952359346961065,1.6730253349733592e-09,3.0,118.82235227206938,31.885477055794603
15.200000000000001,741.9883419362232,-336.52187766495024,-3.0952359346961993,-4.8253342701937565e-08,3.0,118.82235015836363,31.88547697253853
15.4,741.7885567922688,-336.5311456881624,-3.0952359346960834,1.6625985628664193e-09,3.0,118.82234804465789,31.88547688928246
15.600000000000001,741.5887716483263,-336.5404137117071,-3.0952359346960545,1.6667551324249107e-09,3.0,118.82234593095215,31.88547680602639
15.8,741.3889865043838,-336.54968173525197,-3.095235934695676,-1.6629715914016447e-09,3.0,118.8223438172464,31.885476722770317
16.0,741.1892013604476,-336.5589497588588,-3.0952359346957303,-5.760398550473501e-08,3.0,118.82234170354066,31.885476639514245
16.2,740.9894162164869,-336.5682177820089,-3.0952359346956246,1.6575712401103203e-09,3.0,118.82233958983493,31.885476556258176
16.400000000000002,740.7896310725445,-336.5774858055537,-3.0952359346956175,-1.6575001916819846e-09,3.0,118.82233747612918,31.885476473002104
16.6,740.5898459286266,-336.5867538295551,-3.0952359346956126,1.6537967501857895e-09,3.0,118.82233536242344,31.885476389746028
16.8,740.390060784684,-336.59602185309984,-3.095235934696116,-1.6588284172495727e-09,3.0,118.8223332487177,31.885476306489956
17.0,740.1902756407417,-336.6052898766447,-3.0952359346961313,-1.6726880836562976e-09,3.0,118.82233113501195,31.885476223233884
17.2,739.9904904967872,-336.61455789985683,-3.0952359346961917,1.6730787908453976e-09,3.0,118.82232902130622,31.885476139977815
17.400000000000002,739.7907053528447,-336.6238259234016,-3.095235934696034,-1.6715022335334232e-09,3.0,118.82232690760047,31.885476056721743
17.6,739.5909202089022,-336.63309394694636,-3.0952359346957024,-1.6547738108269489e-09,3.0,118.82232479389474,31.88547597346567
17.8,739.391135064966,-336.6423619705531,-3.095235934695732,-1.0996454830911257e-08,3.0,118.82232268018899,31.885475890209598
18.0,739.1913499210053,-336.6516299937033,-3.095235934695715,5.760322131186381e-08,3.0,118.82232056648324,31.88547580695353
18.2,738.9915647770811,-336.6608980176427,-3.09523593469562,-6.091367882691919e-08,3.0,118.82231845277751,31.885475723697454
18.400000000000002,738.7917796331512,-336.6701660413116,-3.0952359346956286,1.6626871857929167e-09,3.0,118.82231633907176,31.88547564044138
18.6,738.5919944892088,-336.67943406485637,-3.095235934696121,1.663939763554504e-09,3.0,118.82231422536603,31.88547555718531
18.8,738.3922093452663,-336.6887020884011,-3.095235934696113,-1.6638597158723577e-09,3.0,118.82231211166028,31.885475473929237
19.0,738.1924242013118,-336.6979701116133,-3.095235934696212,1.6653919848336887e-09,3.0,118.82230999795453,31.885475390673168
19.200000000000003,737.9926390573694,-336.70723813515804,-3.0952359346960763,1.6706497704499298e-09,3.0,118.8223078842488,31.885475307417096
19.400000000000002,737.792853913427,-336.7165061587028,-3.095235934696022,-1.6701079869833381e-09,3.0,118.82230577054305,31.885475224161024
19.6,737.5930687694909,-336.72577418230964,-3.0952359346956944,1.6516605613081666e-09,3.0,118.82230365683732,31.88547514090495
19.8,737.3932836255484,-336.73504220585437,-3.0952359346957388,1.659787360705326e-09,3.0,118.82230154313157,31.88547505764888
20.0,737.1934984816058,-336.74431022939916,-3.095235934695611,-1.6585084612196777e-09,3.0,118.82229942942583,31.885474974392807
20.200000000000003,736.9937133376698,-336.753578253006,-3.095235934695584,1.6483966572320841e-09,3.0,118.82229731572009,31.885474891136734
20.400000000000002,736.7939281937272,-336.76284627655076,-3.0952359346956335,-1.64889408195732e-09,3.0,118.82229520201435,31.885474807880662
20.6,736.5941430497847,-336.77211430009555,-3.0952359346961287,-1.6678121118103066e-09,3.0,118.82229308830861,31.88547472462459
20.8,736.3943579058304,-336.7813823233077,-3.09523593469621,1.673700716620434e-09,3.0,118.82229097460286,31.88547464136852
21.0,736.194572761888,-336.7906503468525,-3.09523593469606,-1.6721997755356282e-09,3.0,118.82228886089712,31.88547455811245
21.200000000000003,735.9947876179456,-336.7999183703973,-3.0952359346960403,-1.66179014146442e-09,3.0,118.82228674719138,31.885474474856377
21.400000000000002,735.7950024740275,-336.8091863943987,-3.0952359346957086,-7.025537832687298e-08,3.0,118.82228463348564,31.8854743916003
21.6,735.5952173300914,-336.8184544180055,-3.095235934695728,-5.76029995006484e-08,3.0,118.8222825197799,31.88547430834423
21.8,735.3954321861307,-336.82772244115563,-3.0952359346957277,1.099621486571647e-08,3.0,118.82228040607416,31.88547422508816
22.0,735.1956470421945,-336.83699046476244,-3.095235934695608,1.6573447636569333e-09,3.0,118.82227829236841,31.885474141832088
22.200000000000003,734.9958618982521,-336.8462584883072,-3.0952359346956277,1.6539832534183221e-09,3.0,118.82227617866268,31.885474058576015
22.400000000000002,734.7960767543095,-336.85552651185196,-3.0952359346961043,-1.6587482737299142e-09,3.0,118.82227406495693,31.885473975319943
22.6,734.5962916103551,-336.86479453506416,-3.095235934696138,1.6737049702285075e-09,3.0,118.82227195125118,31.885473892063875
22.8,734.3965064664127,-336.87406255860895,-3.095235934696204,6.092899156959144e-08,3.0,118.82226983754545,31.885473808807802
23.0,734.1967213224885,-336.88333058254835,-3.095235934696078,-6.092773016513532e-08,3.0,118.8222677238397,31.885473725551726
23.200000000000003,733.9969361785523,-336.89259860615516,-3.0952359346960145,1.666413055845431e-09,3.0,118.82226561013397,31.885473642295654
23.400000000000002,733.7971510346098,-336.9018666297,-3.095235934695722,-1.663486569513915e-09,3.0,118.82226349642822,31.885473559039582
23.6,733.597365890649,-336.91113465285014,-3.0952359346957388,5.76028442942555e-08,3.0,118.82226138272247,31.885473475783513
23.8,733.397580746713,-336.92040267645683,-3.0952359346955824,1.6563323384671747e-09,3.0,118.82225926901674,31.88547339252744
24.0,733.1977956027704,-336.9296707000017,-3.095235934695578,-1.6562880111987298e-09,3.0,118.822257155311,31.88547330927137
24.200000000000003,732.9980104588282,-336.93893872354647,-3.0952359346956344,-1.6573713482499342e-09,3.0,118.82225504160526,31.885473226015296
24.400000000000002,732.7982253148919,-336.9482067471532,-3.09523593469612,-1.099580239244111e-08,3.0,118.82225292789951,31.885473142759224
24.6,732.5984401709495,-336.957474770698,-3.0952359346961202,-1.6725059643881752e-09,3.0,118.82225081419377,31.885473059503152
24.8,732.3986550270071,-336.9667427942428,-3.0952359346962055,-1.6742159029560064e-09,3.0,118.82224870048803,31.88547297624708
25.0,732.198869883077,-336.9760108179116,-3.095235934696027,1.6667061709142753e-09,3.0,118.82224658678228,31.885472892991007
25.200000000000003,731.9990847391347,-336.9852788414564,-3.0952359346957263,-5.7602884053882425e-08,3.0,118.82224447307655,31.885472809734935
25.400000000000002,731.7992995951739,-336.99454686460655,-3.0952359346957428,1.0997915796311396e-08,3.0,118.8222423593708,31.885472726478866
25.6,731.5995144512377,-337.00381488821336,-3.095235934695748,1.6512343692920626e-09,3.0,118.82224024566506,31.885472643222794
25.8,731.3997293072953,-337.0130829117581,-3.0952359346955887,6.092054461874749e-08,3.0,118.82223813195932,31.885472559966722
26.0,731.199944163371,-337.02235093569755,-3.0952359346956126,-6.092078443501831e-08,3.0,118.82223601825358,31.885472476710646
26.200000000000003,731.0001590194349,-337.0316189593043,-3.0952359346961145,-5.7591124729362484e-08,3.0,118.82223390454784,31.885472393454574
26.400000000000002,730.8003738754742,-337.0408869824544,-3.0952359346961424,1.6737537606657525e-09,3.0,118.8222317908421,31.885472310198505
26.6,730.6005887315318,-337.0501550059993,-3.0952359346962,-1.6743311294899214e-09,3.0,118.82222967713635,31.885472226942433
26.8,730.4008035875955,-337.0594230296061,-3.0952359346960767,1.66218551156687e-09,3.0,118.82222756343062,31.88547214368636
27.0,730.2010184436532,-337.0686910531508,-3.0952359346960265,-1.6616835161002534e-09,3.0,118.82222544972487,31.88547206043029
27.200000000000003,730.0012332996924,-337.077959076301,-3.09523593469573,5.759145801945107e-08,3.0,118.82222333601914,31.88547197717422
27.400000000000002,729.8014481557562,-337.08722709990775,-3.0952359346957503,6.091483864251706e-08,3.0,118.82222122231339,31.885471893918147
27.6,729.601663011832,-337.09649512384715,-3.0952359346955705,-6.091303993817395e-08,3.0,118.82221910860764,31.88547181066207
27.8,729.4018778678895,-337.105763147392,-3.095235934695566,-1.6559283186904197e-09,3.0,118.82221699490191,31.885471727406
28.0,729.2020927239533,-337.1150311709988,-3.0952359346956304,-1.0993848085787239e-08,3.0,118.82221488119616,31.885471644149927
28.200000000000003,729.0023075799927,-337.12429919414893,-3.09523593469612,5.7596138320272e-08,3.0,118.82221276749043,31.88547156089386
28.400000000000002,728.8025224360565,-337.1335672177557,-3.095235934696189,1.1010083790529966e-08,3.0,118.82221065378468,31.885471477637786
28.6,728.6027372921203,-337.1428352413625,-3.0952359346960723,1.6705342501901152e-09,3.0,118.82220854007893,31.885471394381714
28.8,728.4029521481779,-337.1521032649073,-3.0952359346960185,1.6581712215487629e-09,3.0,118.8222064263732,31.88547131112564
29.0,728.2031670042354,-337.1613712884521,-3.0952359346957414,-1.6554001687687016e-09,3.0,118.82220431266745,31.88547122786957
29.200000000000003,728.0033818602993,-337.1706393120589,-3.095235934695775,1.661905498868625e-09,3.0,118.8222021989617,31.885471144613497
29.400000000000002,727.8035967163569,-337.1799073356037,-3.09523593469575,1.651207745510592e-09,3.0,118.82220008525597,31.885471061357425
29.6,727.6038115724143,-337.18917535914835,-3.0952359346955824,-1.6495335254718975e-09,3.0,118.82219797155022,31.885470978101353
29.8,727.4040264284782,-337.1984433827552,-3.0952359346956144,-5.7601374307106976e-08,3.0,118.82219585784449,31.88547089484528
30.0,727.2042412845174,-337.20771140590534,-3.0952359346961176,5.759634301018073e-08,3.0,118.82219374413874,31.88547081158921
30.200000000000003,727.004456140575,-337.21697942945013,-3.095235934696141,-1.6736912878683394e-09,3.0,118.822191630433,31.88547072833314
30.400000000000002,726.8046709966388,-337.22624745305694,-3.095235934696177,1.6644992791603458e-09,3.0,118.82218951672726,31.885470645077067
30.6,726.6048858526964,-337.2355154766017,-3.095235934696057,-1.6633002002665158e-09,3.0,118.82218740302152,31.885470561820995
30.8,726.4051007087539,-337.2447835001465,-3.0952359346960185,-1.6698459751592512e-09,3.0,118.82218528931578,31.885470478564923
31.0,726.2053155648176,-337.2540515237533,-3.0952359346957428,-1.0992103045525506e-08,3.0,118.82218317561004,31.88547039530885
31.200000000000003,726.0055304208753,-337.26331954729807,-3.0952359346957583,-1.6614969384470818e-09,3.0,118.82218106190429,31.885470312052778
31.400000000000002,725.8057452769328,-337.2725875708428,-3.095235934695581,-1.6581086567431277e-09,3.0,118.82217894819856,31.885470228796706
31.6,725.6059601330029,-337.2818555945116,-3.0952359346955642,1.656558631477217e-09,3.0,118.82217683449281,31.885470145540634
31.8,725.4061749890604,-337.2911236180565,-3.095235934695637,-5.760100119792799e-08,3.0,118.82217472078707,31.88547006228456
32.0,725.2063898450998,-337.3003916412066,-3.0952359346961096,1.1009137927348158e-08,3.0,118.82217260708133,31.885469979028493
32.2,725.0066047011635,-337.3096596648134,-3.0952359346961367,6.092879998280729e-08,3.0,118.82217049337558,31.88546989577242
32.4,724.8068195572394,-337.3189276887528,-3.095235934696194,1.6726523936085321e-09,3.0,118.82216837966985,31.885469812516344
32.6,724.6070344132969,-337.3281957122976,-3.095235934695987,-1.6705829554802022e-09,3.0,118.8221662659641,31.885469729260272
32.800000000000004,724.4072492693424,-337.33746373550974,-3.0952359346957388,1.661545799955148e-09,3.0,118.82216415225837,31.885469646004204
33.0,724.2074641254,-337.34673175905453,-3.0952359346957867,1.6536680427523588e-09,3.0,118.82216203855262,31.88546956274813
33.2,724.0076789814575,-337.3559997825993,-3.0952359346957548,-1.6533482952044472e-09,3.0,118.82215992484687,31.88546947949206
33.4,723.8078938375213,-337.36526780620613,-3.095235934695573,1.6566697356034845e-09,3.0,118.82215781114114,31.885469396235987
33.6,723.6081086935789,-337.3745358297509,-3.0952359346956304,-1.657242539482843e-09,3.0,118.82215569743539,31.885469312979914
33.800000000000004,723.4083235496181,-337.38380385290105,-3.095235934696129,5.7595951579067744e-08,3.0,118.82215358372966,31.885469229723846
34.0,723.2085384057002,-337.39307187690247,-3.0952359346961487,1.6650899846822778e-09,3.0,118.82215147002391,31.88546914646777
34.2,723.0087532617578,-337.4023399004472,-3.095235934696173,-1.6653342029776982e-09,3.0,118.82214935631816,31.885469063211698
34.4,722.8089681178152,-337.41160792399205,-3.0952359346960545,-1.6717241252808208e-09,3.0,118.82214724261243,31.885468979955625
34.6,722.6091829738608,-337.4208759472042,-3.0952359346960074,4.825746830274221e-08,3.0,118.82214512890668,31.885468896699557
34.800000000000004,722.4093978299184,-337.430143970749,-3.09523593469573,-1.6635750399235586e-09,3.0,118.82214301520094,31.885468813443484
35.0,722.2096126859822,-337.4394119943558,-3.095235934695748,1.0987724197274265e-08,3.0,118.8221409014952,31.885468730187412
35.2,722.0098275420459,-337.44868001796254,-3.09523593469557,1.6558346068441977e-09,3.0,118.82213878778946,31.88546864693134
35.4,721.8100423981034,-337.45794804150734,-3.095235934695553,1.6563855001505683e-09,3.0,118.82213667408372,31.885468563675268
35.6,721.6102572541611,-337.4672160650522,-3.095235934695642,-1.6572737145316145e-09,3.0,118.82213456037798,31.885468480419195
35.800000000000004,721.4104721102248,-337.47648408865894,-3.0952359346961402,1.6736027144911395e-09,3.0,118.82213244667223,31.885468397163123
36.0,721.2106869662823,-337.4857521122037,-3.0952359346961895,1.6741088695391705e-09,3.0,118.8221303329665,31.88546831390705
36.2,721.0109018223399,-337.4950201357485,-3.0952359346960625,-1.6728388470956363e-09,3.0,118.82212821926075,31.88546823065098
36.4,720.8111166784037,-337.50428815935527,-3.0952359346959852,-5.759761282894642e-08,3.0,118.82212610555501,31.885468147394906
36.6,720.611331534443,-337.5135561825054,-3.095235934695752,5.7599944579819836e-08,3.0,118.82212399184927,31.885468064138838
36.800000000000004,720.4115463905006,-337.52282420605025,-3.095235934695795,-1.662327428098896e-09,3.0,118.82212187814352,31.885467980882765
37.0,720.2117612465826,-337.53209223005166,-3.095235934695733,-5.760468723156067e-08,3.0,118.82211976443779,31.88546789762669
37.2,720.0119761026219,-337.5413602532018,-3.095235934695549,5.760652571088582e-08,3.0,118.82211765073204,31.88546781437062
37.4,719.8121909586794,-337.5506282767466,-3.0952359346956424,-1.6572423879385959e-09,3.0,118.8221155370263,31.88546773111455
37.6,719.6124058147432,-337.5598963003534,-3.0952359346961327,-1.1004656975264428e-08,3.0,118.82211342332056,31.885467647858476
37.800000000000004,719.4126206708007,-337.5691643238981,-3.095235934696155,-1.6648100743413068e-09,3.0,118.82211130961481,31.885467564602404
38.0,719.2128355268582,-337.5784323474429,-3.095235934696181,-1.6740734275197769e-09,3.0,118.82210919590908,31.885467481346332
38.2,719.0130503829221,-337.5877003710498,-3.0952359346960585,-1.1008560525853682e-08,3.0,118.82210708220333,31.88546739809026
38.400000000000006,718.8132652389676,-337.5969683942619,-3.0952359346960026,6.09216549283693e-08,3.0,118.8221049684976,31.88546731483419
38.6,718.6134800950434,-337.6062364182013,-3.0952359346957476,1.0998058009885623e-08,3.0,118.82210285479185,31.885467231578115
38.800000000000004,718.4136949511071,-337.6155044418081,-3.0952359346957525,1.6509810460550333e-09,3.0,118.8221007410861,31.885467148322043
39.0,718.2139098071647,-337.62477246535286,-3.0952359346955545,-5.760858205938849e-08,3.0,118.82209862738037,31.88546706506597
39.2,718.0141246632039,-337.63404048850305,-3.0952359346955167,5.760895959270305e-08,3.0,118.82209651367462,31.885466981809902
39.400000000000006,717.8143395192678,-337.64330851210985,-3.0952359346956335,1.6630999326686593e-09,3.0,118.82209439996889,31.88546689855383
39.6,717.6145543753254,-337.65257653565465,-3.0952359346961527,1.6652942145283284e-09,3.0,118.82209228626314,31.885466815297757
39.800000000000004,717.4147692313829,-337.6618445591994,-3.0952359346961855,-1.6656227855759294e-09,3.0,118.8220901725574,31.885466732041685
40.0,717.2149840874466,-337.6711125828062,-3.0952359346960607,1.670027827430847e-09,3.0,118.82208805885166,31.885466648785613
40.2,717.0151989435042,-337.68038060635104,-3.095235934695991,-1.669330612041374e-09,3.0,118.82208594514591,31.88546656552954
40.400000000000006,716.8154137995617,-337.68964862989577,-3.0952359346957716,-1.655728650361983e-09,3.0,118.82208383144018,31.88546648227347
40.6,716.6156286556255,-337.6989166535026,-3.095235934695809,1.6624962120961502e-09,3.0,118.82208171773443,31.885466399017396
40.800000000000004,716.4158435116831,-337.70818467704737,-3.0952359346957414,-1.661821307711837e-09,3.0,118.82207960402869,31.885466315761324
41.0,716.2160583677405,-337.7174527005921,-3.0952359346955394,-1.6485873767032013e-09,3.0,118.82207749032295,31.88546623250525
41.2,716.0162732237861,-337.72672072380425,-3.0952359346956415,4.826993843349606e-08,3.0,118.8220753766172,31.885466149249183
41.400000000000006,715.8164880798437,-337.73598874734904,-3.09523593469611,-1.6675188538872212e-09,3.0,118.82207326291146,31.88546606599311
41.6,715.6167029359075,-337.74525677095585,-3.0952359346961464,1.1001060363633355e-08,3.0,118.82207114920573,31.88546598273704
41.800000000000004,715.4169177919713,-337.75452479456266,-3.095235934696186,1.6739711798736437e-09,3.0,118.82206903549998,31.885465899480966
42.0,715.2171326480288,-337.76379281810745,-3.095235934696056,1.6699789950675248e-09,3.0,118.82206692179425,31.885465816224894
42.2,715.0173475040864,-337.77306084165224,-3.095235934695996,-1.6693794444046977e-09,3.0,118.8220648080885,31.88546573296882
42.400000000000006,714.8175623601502,-337.782328865259,-3.095235934695762,1.6617765746414703e-09,3.0,118.82206269438275,31.88546564971275
42.6,714.6177772162077,-337.7915968888038,-3.0952359346957636,1.6596406428655237e-09,3.0,118.82206058067702,31.885465566456677
42.800000000000004,714.4179920722653,-337.8008649123486,-3.0952359346955465,-1.6574691036097428e-09,3.0,118.82205846697127,31.885465483200605
43.0,714.2182069283108,-337.8101329355608,-3.095235934695512,1.6555239226313027e-09,3.0,118.82205635326554,31.885465399944536
43.2,714.0184217843683,-337.81940095910556,-3.0952359346956384,-1.6567896167605535e-09,3.0,118.82205423955979,31.885465316688464
43.400000000000006,713.8186366404442,-337.82866898304496,-3.0952359346961558,-6.092362666735962e-08,3.0,118.82205212585404,31.885465233432388
43.6,713.6188514964897,-337.8379370062571,-3.095235934696178,1.672932227951223e-09,3.0,118.82205001214831,31.88546515017632
43.800000000000004,713.4190663525472,-337.8472050298019,-3.095235934696047,-1.671622179699821e-09,3.0,118.82204789844256,31.885465066920247
44.0,713.2192812086047,-337.8564730533467,-3.0952359346959955,-1.6607643280519797e-09,3.0,118.82204578473683,31.885464983664175
44.2,713.0194960646685,-337.8657410769535,-3.0952359346957836,1.6542585380594497e-09,3.0,118.82204367103108,31.885464900408103
44.400000000000006,712.819710920726,-337.8750091004982,-3.09523593469582,-1.6546225956727864e-09,3.0,118.82204155732533,31.88546481715203
44.6,712.6199257767836,-337.884277124043,-3.0952359346957454,-1.6620118871778828e-09,3.0,118.8220394436196,31.885464733895958
44.800000000000004,712.4201406328292,-337.89354514725517,-3.095235934695537,4.8269964895116926e-08,3.0,118.82203732991385,31.88546465063989
45.0,712.2203554889112,-337.9028131712566,-3.0952359346956477,1.663037832154852e-09,3.0,118.82203521620812,31.885464567383814
45.2,712.0205703449687,-337.9120811948014,-3.095235934696118,1.10094442718681e-08,3.0,118.82203310250237,31.88546448412774
45.400000000000006,711.8207852010325,-337.92134921840824,-3.0952359346961504,1.6652008171288382e-09,3.0,118.82203098879663,31.88546440087167
45.6,711.6210000570901,-337.930617241953,-3.0952359346961806,-5.758215452100211e-08,3.0,118.8220288750909,31.885464317615597
45.800000000000004,711.4212149131293,-337.93988526510316,-3.0952359346960554,5.758340700519119e-08,3.0,118.82202676138515,31.885464234359528
46.0,711.2214297691932,-337.9491532887099,-3.0952359346960066,1.66697268560611e-09,3.0,118.82202464767941,31.885464151103456
46.2,711.0216446252507,-337.9584213122547,-3.095235934695794,1.662416017847706e-09,3.0,118.82202253397367,31.885464067847384
46.400000000000006,710.8218594813083,-337.96768933579955,-3.0952359346957636,-1.6621139126988341e-09,3.0,118.82202042026792,31.88546398459131
46.6,710.622074337372,-337.9769573594063,-3.0952359346955354,1.6546179713614901e-09,3.0,118.82201830656219,31.88546390133524
46.800000000000004,710.4222891934295,-337.98622538295103,-3.0952359346955007,-1.6542716529652961e-09,3.0,118.82201619285644,31.885463818079167
47.0,710.222504049487,-337.9954934064959,-3.0952359346956424,-1.656758378489018e-09,3.0,118.8220140791507,31.885463734823094
47.2,710.0227189055508,-338.00476143010263,-3.0952359346961407,1.67310112707245e-09,3.0,118.82201196544496,31.885463651567022
47.400000000000006,709.8229337616085,-338.0140294536474,-3.0952359346961384,-1.6730789416882717e-09,3.0,118.82200985173921,31.88546356831095
47.6,709.6231486176476,-338.02329747679755,-3.095235934696169,5.759007209859627e-08,3.0,118.82200773803348,31.88546348505488
47.800000000000004,709.4233634737116,-338.03256550040436,-3.0952359346959906,-1.1007081597877868e-08,3.0,118.82200562432773,31.88546340179881
48.0,709.2235783297872,-338.0418335243438,-3.0952359346957987,-6.092000732765225e-08,3.0,118.82200351062198,31.885463318542733
48.2,709.0237931858328,-338.05110154755596,-3.095235934695847,1.0999394636720779e-08,3.0,118.82200139691625,31.885463235286664
48.400000000000006,708.8240080418966,-338.06036957116277,-3.0952359346957663,1.6509722584930236e-09,3.0,118.8219992832105,31.885463152030592
48.6,708.6242228979542,-338.0696375947075,-3.095235934695526,1.6559458649911334e-09,3.0,118.82199716950477,31.88546306877452
48.800000000000004,708.4244377540117,-338.0789056182523,-3.095235934695652,-1.6572071216835763e-09,3.0,118.82199505579902,31.885462985518448
49.0,708.2246526100755,-338.0881736418591,-3.09523593469612,1.6643039659847162e-09,3.0,118.82199294209327,31.885462902262375
49.2,708.0248674661331,-338.0974416654039,-3.095235934696152,-5.7590058916913126e-08,3.0,118.82199082838754,31.885462819006303
49.400000000000006,707.8250823221723,-338.106709688554,-3.0952359346961735,5.758984565590592e-08,3.0,118.8219887146818,31.885462735750234
49.6,707.6252971782544,-338.1159777125555,-3.0952359346959666,1.6576691724103443e-09,3.0,118.82198660097606,31.88546265249416
49.800000000000004,707.425512034312,-338.1252457361002,-3.095235934695795,-1.6559549349492759e-09,3.0,118.82198448727031,31.885462569238086
50.0,707.2257268903694,-338.13451375964496,-3.0952359346958382,-1.6636195546894436e-09,3.0,118.82198237356457,31.885462485982014
50.2,707.0259417464333,-338.14378178325177,-3.0952359346957676,-5.7595548265370026e-08,3.0,118.82198025985883,31.885462402725942
50.400000000000006,706.8261566024726,-338.15304980640195,-3.095235934695542,5.7597804140951233e-08,3.0,118.82197814615309,31.885462319469873
50.6,706.62637145853,-338.16231782994674,-3.0952359346955136,-1.6460784798548464e-09,3.0,118.82197603244735,31.8854622362138
50.800000000000004,706.4265863145939,-338.17158585355355,-3.095235934695656,1.6636018194098972e-09,3.0,118.8219739187416,31.88546215295773
51.0,706.2268011706514,-338.1808538770984,-3.0952359346961575,-1.6686155896051097e-09,3.0,118.82197180503586,31.885462069701656
51.2,706.027016026709,-338.1901219006431,-3.0952359346961504,-1.6649699521038279e-09,3.0,118.82196969133012,31.885461986445584
51.400000000000006,705.8272308827728,-338.1993899242499,-3.0952359346960407,-1.1007898919943395e-08,3.0,118.82196757762438,31.885461903189512
51.6,705.6274457388365,-338.20865794785675,-3.0952359346959835,1.6579311214884676e-09,3.0,118.82196546391864,31.88546181993344
51.800000000000004,705.4276605948941,-338.2179259714015,-3.0952359346957876,1.0999696352513543e-08,3.0,118.8219633502129,31.885461736677367
52.0,705.2278754509579,-338.2271939950083,-3.0952359346958365,-5.7600450235548465e-08,3.0,118.82196123650715,31.885461653421295
52.2,705.0280903069971,-338.2364620181584,-3.095235934695766,1.6594097762657227e-09,3.0,118.82195912280142,31.885461570165226
52.400000000000006,704.8283051630548,-338.24573004170327,-3.095235934695519,-1.6569406817979283e-09,3.0,118.82195700909567,31.885461486909154
52.6,704.6285200191185,-338.25499806530996,-3.0952359346956757,6.092760108787703e-08,3.0,118.82195489538994,31.885461403653082
52.800000000000004,704.4287348751943,-338.2642660892495,-3.095235934696144,-5.7590334684653464e-08,3.0,118.82195278168419,31.885461320397006
53.0,704.2289497312335,-338.2735341123996,-3.095235934696162,5.759015690575756e-08,3.0,118.82195066797844,31.885461237140937
53.2,704.0291645872974,-338.28280213600635,-3.095235934696167,1.6724972171772327e-09,3.0,118.82194855427271,31.885461153884865
53.400000000000006,703.8293794433549,-338.29207015955114,-3.0952359346960256,-1.6710850754372646e-09,3.0,118.82194644056696,31.885461070628793
53.6,703.6295942994124,-338.301338183096,-3.095235934695975,-1.6686599974070912e-09,3.0,118.82194432686123,31.88546098737272
53.800000000000004,703.4298091554763,-338.3106062067027,-3.095235934695815,-5.759257754807891e-08,3.0,118.82194221315548,31.88546090411665
54.0,703.2300240115155,-338.3198742298529,-3.095235934695744,5.7593288038490776e-08,3.0,118.82194009944973,31.88546082086058
54.2,703.0302388675732,-338.32914225339766,-3.09523593469551,-1.648027871184951e-09,3.0,118.821937985744,31.885460737604507
54.400000000000006,702.8304537236551,-338.3384102773991,-3.0952359346955034,-7.02459723937149e-08,3.0,118.82193587203825,31.88546065434843
54.6,702.6306685797126,-338.34767830094387,-3.0952359346956664,-1.6572645179395605e-09,3.0,118.8219337583325,31.88546057109236
54.800000000000004,702.4308834357765,-338.3569463245507,-3.0952359346961607,-4.8253302795454926e-08,3.0,118.82193164462677,31.885460487836287
55.0,702.231098291822,-338.3662143477628,-3.0952359346961646,1.6653341757176716e-09,3.0,118.82192953092103,31.88546040458022
55.2,702.0313131478796,-338.37548237130756,-3.0952359346961655,1.6719953052372868e-09,3.0,118.82192741721529,31.885460321324146
55.400000000000006,701.8315280039371,-338.38475039485246,-3.095235934695978,-1.6701213353228096e-09,3.0,118.82192530350954,31.885460238068074
55.6,701.6317428600009,-338.3940184184592,-3.0952359346957983,-5.760040153625495e-08,3.0,118.8219231898038,31.885460154812
55.800000000000004,701.4319577160402,-338.40328644160934,-3.095235934695847,6.091870183039868e-08,3.0,118.82192107609806,31.885460071555933
56.0,701.2321725721159,-338.41255446554874,-3.095235934695763,-6.091786244411338e-08,3.0,118.82191896239232,31.885459988299857
56.2,701.0323874281797,-338.42182248915555,-3.095235934695486,1.646708854999856e-09,3.0,118.82191684868658,31.885459905043785
56.400000000000006,700.8326022842372,-338.43109051270034,-3.09523593469566,-1.6484495858577052e-09,3.0,118.82191473498084,31.885459821787713
56.6,700.6328171402947,-338.4403585362451,-3.0952359346961456,-1.6684157955755637e-09,3.0,118.82191262127509,31.88545973853164
56.800000000000004,700.4330319963403,-338.4496265594573,-3.095235934696164,1.6738647416510826e-09,3.0,118.82191050756936,31.88545965527557
57.0,700.2332468523978,-338.45889458300206,-3.0952359346961678,-1.673900230922007e-09,3.0,118.82190839386361,31.8854595720195
57.2,700.0334617084554,-338.4681626065469,-3.0952359346959795,-1.6701702749156155e-09,3.0,118.82190628015788,31.885459488763427
57.400000000000006,699.8336765645192,-338.4774306301536,-3.095235934695825,1.6639616395005082e-09,3.0,118.82190416645213,31.885459405507355
57.6,699.6338914205767,-338.48669865369845,-3.095235934695856,-1.664272500185109e-09,3.0,118.82190205274638,31.885459322251283
57.800000000000004,699.4341062766343,-338.4959666772432,-3.095235934695743,-1.6538102734190732e-09,3.0,118.82189993904065,31.88545923899521
58.0,699.234321132698,-338.50523470085,-3.0952359346955007,-1.0993026321888236e-08,3.0,118.8218978253349,31.885459155739138
58.2,699.034535988762,-338.5145027244568,-3.095235934695486,1.6465980220055746e-09,3.0,118.82189571162917,31.885459072483066
58.400000000000006,698.8347508448195,-338.52377074800154,-3.095235934695649,-4.825508850052967e-08,3.0,118.82189359792342,31.885458989226994
58.6,698.634965700865,-338.53303877121374,-3.0952359346961575,1.6651565804718355e-09,3.0,118.82189148421767,31.885458905970925
58.800000000000004,698.4351805569225,-338.5423067947585,-3.095235934696162,1.6725590414566168e-09,3.0,118.82188937051194,31.885458822714853
59.0,698.23539541298,-338.55157481830327,-3.0952359346960416,-1.671355531028791e-09,3.0,118.82188725680619,31.88545873945878
59.2,698.0356102690621,-338.56084284230474,-3.0952359346959812,-5.759689781016225e-08,3.0,118.82188514310046,31.885458656202704
59.400000000000006,697.8358251251013,-338.57011086545486,-3.0952359346958316,1.664179227358211e-09,3.0,118.82188302939471,31.885458572946636
59.6,697.6360399811589,-338.57937888899966,-3.0952359346958644,-1.6645077996796685e-09,3.0,118.82188091568896,31.885458489690564
59.800000000000004,697.4362548372227,-338.58864691260646,-3.0952359346957596,1.6503461641959217e-09,3.0,118.82187880198323,31.88545840643449
60.0,697.2364696932801,-338.59791493615126,-3.0952359346954768,-1.6475173381497767e-09,3.0,118.82187668827748,31.88545832317842
60.2,697.0366845493377,-338.60718295969605,-3.0952359346956673,-1.657016018586156e-09,3.0,118.82187457457174,31.885458239922347
60.400000000000006,696.8368994053833,-338.6164509829082,-3.095235934696139,6.092831213475803e-08,3.0,118.821872460866,31.885458156666278
60.6,696.637114261459,-338.6257190068476,-3.0952359346961407,-6.092832985031454e-08,3.0,118.82187034716026,31.885458073410202
60.800000000000004,696.4373291175167,-338.6349870303924,-3.0952359346961527,-1.6733629793613292e-09,3.0,118.82186823345452,31.88545799015413
61.0,696.2375439735804,-338.64425505399913,-3.095235934696041,-1.099941268147367e-08,3.0,118.82186611974878,31.885457906898058
61.2,696.037758829638,-338.653523077544,-3.0952359346959746,-1.6688065311898573e-09,3.0,118.82186400604303,31.885457823641985
61.400000000000006,695.8379736856836,-338.66279110075607,-3.095235934695838,1.0999834007766974e-08,3.0,118.8218618923373,31.885457740385917
61.6,695.6381885417474,-338.67205912436293,-3.09523593469575,1.6588722786445578e-09,3.0,118.82185977863155,31.885457657129844
61.800000000000004,695.4384033978049,-338.6813271479077,-3.095235934695497,1.6451324858353675e-09,3.0,118.82185766492582,31.885457573873772
62.0,695.2386182538623,-338.69059517145246,-3.0952359346954803,-1.6449638889132942e-09,3.0,118.82185555122007,31.8854574906177
62.2,695.0388331099261,-338.69986319505927,-3.095235934695658,1.6635131068968933e-09,3.0,118.82185343751432,31.885457407361628
62.400000000000006,694.8390479659837,-338.70913121860406,-3.095235934696145,1.6649121728862058e-09,3.0,118.82185132380859,31.885457324105555
62.6,694.6392628220412,-338.7183992421488,-3.0952359346961624,-1.6650853149202528e-09,3.0,118.82184921010284,31.885457240849483
62.800000000000004,694.439477678105,-338.72766726575566,-3.0952359346961407,1.6713290314418522e-09,3.0,118.82184709639711,31.88545715759341
63.0,694.2396925341625,-338.73693528930045,-3.0952359346959613,-1.6695348775450662e-09,3.0,118.82184498269136,31.88545707433734
63.2,694.039907390202,-338.74620331245063,-3.09523593469584,5.759842541919224e-08,3.0,118.82184286898561,31.88545699108127
63.400000000000006,693.8401222462657,-338.7554713360573,-3.0952359346958738,1.6638771430846935e-09,3.0,118.82184075527988,31.885456907825198
63.6,693.6403371023231,-338.7647393596021,-3.09523593469575,-1.6626381769431982e-09,3.0,118.82183864157413,31.885456824569125
63.800000000000004,693.440551958399,-338.7740073835416,-3.09523593469548,-6.091122312939221e-08,3.0,118.8218365278684,31.88545674131305
64.0,693.2407668144446,-338.7832754067537,-3.0952359346956753,1.6637884471382982e-09,3.0,118.82183441416265,31.88545665805698
64.2,693.0409816705021,-338.7925434302985,-3.095235934696138,-1.6684158683438445e-09,3.0,118.8218323004569,31.88545657480091
64.4,692.8411965265597,-338.8018114538433,-3.0952359346961624,-1.6735317359362275e-09,3.0,118.82183018675117,31.885456491544836
64.60000000000001,692.6414113826235,-338.81107947745005,-3.0952359346961447,-1.1001579497657608e-08,3.0,118.82182807304542,31.885456408288764
64.8,692.4416262386873,-338.82034750105686,-3.095235934695971,-5.7597026537207814e-08,3.0,118.82182595933969,31.885456325032692
65.0,692.2418410947264,-338.829615524207,-3.095235934695839,1.1001166337485262e-08,3.0,118.82182384563394,31.885456241776623
65.2,692.0420559507902,-338.83888354781385,-3.0952359346958804,6.091930102170704e-08,3.0,118.8218217319282,31.88545615852055
65.4,691.842270806866,-338.84815157175325,-3.0952359346957565,1.658930131287129e-09,3.0,118.82181961822246,31.885456075264475
65.60000000000001,691.6424856629237,-338.85741959529804,-3.0952359346954896,-1.6562612772694881e-09,3.0,118.82181750451672,31.885455992008403
65.8,691.4427005189692,-338.8666876185102,-3.0952359346954683,1.6464959051097506e-09,3.0,118.82181539081098,31.885455908752334
66.0,691.2429153750268,-338.8759556420549,-3.0952359346956744,1.6639750357445182e-09,3.0,118.82181327710524,31.885455825496262
66.2,691.0431302310843,-338.88522366559977,-3.0952359346961584,-1.668815666616095e-09,3.0,118.82181116339949,31.88545574224019
66.4,690.8433450871481,-338.8944916892066,-3.0952359346961407,1.66351354519122e-09,3.0,118.82180904969375,31.885455658984117
66.60000000000001,690.6435599432056,-338.9037597127513,-3.0952359346960314,-1.6624211451323669e-09,3.0,118.82180693598801,31.885455575728045
66.8,690.4437747992632,-338.9130277362961,-3.0952359346959635,-1.6684870760637098e-09,3.0,118.82180482228226,31.885455492471973
67.0,690.243989655327,-338.9222957599029,-3.095235934695851,1.6561771148749382e-09,3.0,118.82180270857653,31.8854554092159
67.2,690.0442045113845,-338.93156378344764,-3.095235934695877,-1.6564346436693867e-09,3.0,118.82180059487078,31.88545532595983
67.4,689.844419367442,-338.94083180699243,-3.095235934695758,-1.6628292639043253e-09,3.0,118.82179848116505,31.885455242703756
67.60000000000001,689.6446342235058,-338.9500998305993,-3.095235934695477,-1.0991912063526355e-08,3.0,118.8217963674593,31.885455159447684
67.8,689.4448490795451,-338.9593678537494,-3.095235934695689,5.760628568534822e-08,3.0,118.82179425375355,31.885455076191615
68.0,689.2450639356089,-338.9686358773562,-3.095235934696142,1.1010008389307814e-08,3.0,118.82179214004782,31.885454992935543
68.2,689.0452787916726,-338.977903900963,-3.095235934696159,1.6734785045691363e-09,3.0,118.82179002634207,31.88545490967947
68.4,688.8454936477301,-338.9871719245078,-3.09523593469614,1.6634379753447215e-09,3.0,118.82178791263634,31.8854548264234
68.60000000000001,688.6457085037877,-338.99643994805245,-3.0952359346960256,-1.6622967808315656e-09,3.0,118.82178579893059,31.885454743167326
68.8,688.4459233598515,-339.0057079716594,-3.095235934695965,1.666728217533907e-09,3.0,118.82178368522484,31.885454659911254
69.0,688.246138215909,-339.01497599520417,-3.095235934695853,1.6549735819620992e-09,3.0,118.82178157151911,31.88545457665518
69.2,688.0463530719666,-339.0242440187489,-3.095235934695753,-1.653974402277835e-09,3.0,118.82177945781336,31.88545449339911
69.4,687.8465679280304,-339.0335120423557,-3.0952359346954714,-5.761076699923299e-08,3.0,118.82177734410763,31.885454410143037
69.60000000000001,687.6467827840696,-339.04278006550584,-3.0952359346954643,1.6550265857500285e-09,3.0,118.82177523040188,31.88545432688697
69.8,687.4469976401272,-339.0520480890507,-3.0952359346956837,-1.6572203980458808e-09,3.0,118.82177311669614,31.885454243630896
70.0,687.247212496191,-339.0613161126575,-3.0952359346961673,6.092890270654714e-08,3.0,118.8217710029904,31.885454160374824
70.2,687.0474273522668,-339.0705841365969,-3.095235934696143,-6.092865837489802e-08,3.0,118.82176888928466,31.885454077118748
70.4,686.8476422083061,-339.079852159747,-3.095235934696034,5.7592727906483127e-08,3.0,118.82176677557892,31.88545399386268
70.60000000000001,686.6478570643698,-339.08912018335377,-3.095235934695962,1.6666927337243974e-09,3.0,118.82176466187317,31.885453910606607
70.8,686.4480719204274,-339.0983882068986,-3.0952359346958547,-1.66561792769447e-09,3.0,118.82176254816743,31.885453827350535
71.0,686.248286776485,-339.10765623044335,-3.095235934695888,-1.665209361766202e-09,3.0,118.8217604344617,31.885453744094463
71.2,686.0485016325488,-339.1169242540501,-3.0952359346957445,-1.0990832699535962e-08,3.0,118.82175832075595,31.88545366083839
71.4,685.8487164886063,-339.12619227759495,-3.095235934695466,-1.6556705680693081e-09,3.0,118.82175620705021,31.885453577582318
71.60000000000001,685.6489313446701,-339.13546030120176,-3.0952359346956886,1.0992307334071825e-08,3.0,118.82175409334447,31.885453494326246
71.8,685.4491462007339,-339.1447283248085,-3.0952359346961473,1.6734607107482339e-09,3.0,118.82175197963872,31.885453411070174
72.0,685.2493610567915,-339.1539963483533,-3.095235934696161,1.6735407755702573e-09,3.0,118.82174986593299,31.8854533278141
72.2,685.049575912849,-339.1632643718981,-3.0952359346961416,-1.6733454553452366e-09,3.0,118.82174775222724,31.88545324455803
72.4,684.8497907688945,-339.17253239511024,-3.095235934695967,1.6669460523097626e-09,3.0,118.8217456385215,31.88545316130196
72.60000000000001,684.6500056249521,-339.1818004186551,-3.09523593469587,1.6567235165309803e-09,3.0,118.82174352481576,31.885453078045888
72.8,684.4502204810098,-339.1910684421998,-3.0952359346958933,-1.6569544278831425e-09,3.0,118.82174141111001,31.885452994789816
73.0,684.2504353370734,-339.20033646580663,-3.095235934695742,1.6583793709304222e-09,3.0,118.82173929740428,31.885452911533744
73.2,684.0506501931311,-339.2096044893515,-3.095235934695464,-1.6555994459759394e-09,3.0,118.82173718369853,31.88545282827767
73.4,683.8508650491884,-339.2188725128962,-3.09523593469545,-1.6440267746206922e-09,3.0,118.82173506999278,31.8854527450216
73.60000000000001,683.6510799052523,-339.22814053650296,-3.0952359346956952,1.6566833008864178e-09,3.0,118.82173295628705,31.885452661765527
73.8,683.4512947613099,-339.23740856004775,-3.09523593469616,-1.6613329071581201e-09,3.0,118.8217308425813,31.885452578509454
74.0,683.2515096173674,-339.24667658359255,-3.095235934696136,-1.673221026052718e-09,3.0,118.82172872887557,31.885452495253382
74.2,683.0517244734312,-339.2559446071993,-3.0952359346960225,-1.1006597828298294e-08,3.0,118.82172661516982,31.88545241199731
74.4,682.8519393294705,-339.2652126303494,-3.095235934695968,5.759525471934914e-08,3.0,118.82172450146408,31.88545232874124
74.60000000000001,682.6521541855342,-339.2744806539563,-3.0952359346958733,7.025733252519672e-08,3.0,118.82172238775834,31.88545224548517
74.8,682.4523690416163,-339.28374867795776,-3.095235934695906,-5.759929554849583e-08,3.0,118.8217202740526,31.885452162229093
75.0,682.2525838976555,-339.2930167011079,-3.095235934695742,1.6582726967908615e-09,3.0,118.82171816034686,31.885452078973024
75.2,682.0527987537131,-339.3022847246527,-3.095235934695453,-1.6553861020049444e-09,3.0,118.82171604664111,31.885451995716952
75.4,681.8530136097768,-339.31155274825943,-3.095235934695697,1.6642679744761782e-09,3.0,118.82171393293537,31.88545191246088
75.60000000000001,681.6532284658343,-339.3208207718042,-3.0952359346961424,1.6733985216343065e-09,3.0,118.82171181922963,31.885451829204808
75.8,681.4534433218919,-339.330088795349,-3.0952359346961646,-1.6736205647469867e-09,3.0,118.82170970552389,31.885451745948735
76.0,681.2536581779557,-339.33935681895576,-3.0952359346961287,-5.759200392171747e-08,3.0,118.82170759181815,31.885451662692663
76.2,681.0538730339949,-339.34862484210595,-3.095235934696026,6.09327617595065e-08,3.0,118.8217054781124,31.885451579436594
76.4,680.8540878900708,-339.35789286604535,-3.0952359346959595,-6.09320954360484e-08,3.0,118.82170336440666,31.88545149618052
76.60000000000001,680.6543027461346,-339.36716088965215,-3.0952359346958787,-5.759987788007125e-08,3.0,118.82170125070093,31.885451412924446
76.80000000000001,680.4545176021738,-339.3764289128023,-3.0952359346957388,5.7601276761220274e-08,3.0,118.82169913699518,31.885451329668378
77.0,680.2547324582314,-339.38569693634713,-3.095235934695464,-1.6555683063782503e-09,3.0,118.82169702328945,31.885451246412305
77.2,680.0549473142952,-339.3949649599539,-3.0952359346954497,1.6464782396518131e-09,3.0,118.8216949095837,31.885451163156233
77.4,679.8551621703526,-339.4042329834987,-3.09523593469571,-1.6490806868751991e-09,3.0,118.82169279587795,31.88545107990016
77.60000000000001,679.6553770264103,-339.41350100704346,-3.09523593469616,-1.6692062169320574e-09,3.0,118.82169068217222,31.88545099664409
77.80000000000001,679.4555918824741,-339.4227690306503,-3.095235934696124,-1.100965718509197e-08,3.0,118.82168856846647,31.885450913388016
78.0,679.2558067385315,-339.432037054195,-3.0952359346960203,-1.6620301681212381e-09,3.0,118.82168645476074,31.885450830131944
78.2,679.0560215945954,-339.4413050778018,-3.095235934695958,1.1003542413964364e-08,3.0,118.82168434105499,31.885450746875872
78.4,678.8562364506593,-339.4505731014087,-3.09523593469588,1.6570652420379313e-09,3.0,118.82168222734924,31.8854506636198
78.60000000000001,678.6564513067167,-339.4598411249534,-3.095235934695908,1.6644680183405984e-09,3.0,118.82168011364351,31.885450580363727
78.80000000000001,678.4566661627742,-339.4691091484982,-3.0952359346957405,-1.6627938052532377e-09,3.0,118.82167799993776,31.885450497107655
79.0,678.2568810188199,-339.47837717171035,-3.095235934695447,1.6549822226099149e-09,3.0,118.82167588623201,31.885450413851586
79.2,678.0570958748774,-339.48764519525514,-3.095235934695714,1.6561682248957934e-09,3.0,118.82167377252628,31.885450330595514
79.4,677.857310730935,-339.49691321879993,-3.0952359346961504,-1.660533578577173e-09,3.0,118.82167165882053,31.885450247339442
79.60000000000001,677.6575255869986,-339.5061812424067,-3.0952359346961704,1.6743264389435636e-09,3.0,118.8216695451148,31.88545016408337
79.80000000000001,677.4577404430563,-339.5154492659515,-3.0952359346961225,-1.6738468690178354e-09,3.0,118.82166743140905,31.885450080827297
80.0,677.2579552991139,-339.52471728949627,-3.0952359346959573,-1.660755695871324e-09,3.0,118.8216653177033,31.885449997571225
80.2,677.0581701551775,-339.5339853131031,-3.0952359346958827,1.66566690899418e-09,3.0,118.82166320399757,31.885449914315153
80.4,676.8583850112352,-339.54325333664787,-3.095235934695911,-1.6659510196090174e-09,3.0,118.82166109029183,31.88544983105908
80.60000000000001,676.6585998672927,-339.5525213601926,-3.0952359346957357,-1.6542099163753643e-09,3.0,118.8216589765861,31.88544974780301
80.80000000000001,676.4588147233383,-339.56178938340486,-3.0952359346954483,4.8263321641401346e-08,3.0,118.82165686288035,31.88544966454694
81.0,676.2590295793958,-339.5710574069496,-3.09523593469544,-1.643667015678992e-09,3.0,118.8216547491746,31.885449581290867
81.2,676.0592444354716,-339.58032543088893,-3.0952359346957103,-6.091273294169963e-08,3.0,118.82165263546887,31.88544949803479
81.4,675.8594592915173,-339.5895934541011,-3.095235934696168,4.8257694672135125e-08,3.0,118.82165052176312,31.885449414778723
81.60000000000001,675.6596741475811,-339.59886147770794,-3.0952359346961265,1.6716931693887052e-09,3.0,118.82164840805738,31.88544933152265
81.80000000000001,675.4598890036386,-339.60812950125273,-3.095235934696026,-1.670689424053169e-09,3.0,118.82164629435164,31.88544924826658
82.0,675.2601038597024,-339.6173975248595,-3.0952359346959586,1.6669414574696462e-09,3.0,118.82164418064589,31.885449165010506
82.2,675.06031871576,-339.6266655484043,-3.0952359346958866,1.665804666688062e-09,3.0,118.82164206694016,31.885449081754434
82.4,674.8605335718175,-339.63593357194907,-3.095235934695917,-1.6661066632976758e-09,3.0,118.82163995323441,31.88544899849836
82.60000000000001,674.660748427863,-339.64520159516127,-3.09523593469573,6.091314168534642e-08,3.0,118.82163783952868,31.885448915242293
82.80000000000001,674.4609632839389,-339.65446961910067,-3.0952359346954417,1.6548935220148257e-09,3.0,118.82163572582293,31.885448831986217
83.0,674.2611781399966,-339.66373764264546,-3.0952359346957157,-1.657633554799618e-09,3.0,118.82163361211718,31.885448748730145
83.2,674.0613929960604,-339.6730056662522,-3.095235934696148,1.6734873530663988e-09,3.0,118.82163149841145,31.885448665474073
83.4,673.8616078521179,-339.682273689797,-3.095235934696162,-1.673624905639089e-09,3.0,118.8216293847057,31.885448582218
83.60000000000001,673.661822708157,-339.6915417129471,-3.0952359346961247,5.7590724918707996e-08,3.0,118.82162727099997,31.88544849896193
83.80000000000001,673.4620375642209,-339.700809736554,-3.095235934696023,1.6605072014641515e-09,3.0,118.82162515729422,31.88544841570586
84.0,673.2622524202785,-339.71007776009867,-3.095235934695966,-1.6599388300952547e-09,3.0,118.82162304358847,31.885448332449787
84.2,673.062467276336,-339.7193457836435,-3.0952359346959013,-1.666590817248201e-09,3.0,118.82162092988274,31.885448249193715
84.4,672.8626821323998,-339.7286138072503,-3.0952359346957357,-1.0999305658297338e-08,3.0,118.821618816177,31.885448165937643
84.60000000000001,672.6628969884573,-339.7378818307951,-3.0952359346954403,-1.646549102084582e-09,3.0,118.82161670247126,31.88544808268157
84.80000000000001,672.4631118445211,-339.74714985440187,-3.095235934695427,1.0991316607895807e-08,3.0,118.82161458876551,31.885447999425498
85.0,672.2633267005849,-339.75641787800873,-3.0952359346957197,1.656372477349622e-09,3.0,118.82161247505977,31.885447916169426
85.2,672.0635415566425,-339.76568590155347,-3.0952359346961593,-5.7581976741565154e-08,3.0,118.82161036135403,31.885447832913353
85.4,671.8637564126817,-339.77495392470365,-3.095235934696116,5.758241201091983e-08,3.0,118.82160824764829,31.885447749657285
85.60000000000001,671.6639712687454,-339.7842219483104,-3.0952359346960163,6.092406628556027e-08,3.0,118.82160613394254,31.885447666401213
85.80000000000001,671.4641861248213,-339.7934899722498,-3.0952359346959613,-5.758810950289179e-08,3.0,118.8216040202368,31.885447583145137
86.0,671.2644009808605,-339.80275799540004,-3.0952359346958986,5.758873551377103e-08,3.0,118.82160190653106,31.885447499889068
86.2,671.0646158369243,-339.8120260190068,-3.095235934695934,1.6648941535619596e-09,3.0,118.82159979282532,31.885447416632996
86.4,670.8648306929819,-339.82129404255153,-3.0952359346957308,-1.6628601737887303e-09,3.0,118.82159767911958,31.885447333376923
86.60000000000001,670.6650455490394,-339.8305620660964,-3.0952359346954403,-1.6550174868801573e-09,3.0,118.82159556541383,31.88544725012085
86.80000000000001,670.4652604051032,-339.8398300897031,-3.0952359346957246,1.6648232757187747e-09,3.0,118.8215934517081,31.88544716686478
87.0,670.2654752611608,-339.8490981132479,-3.095235934696143,-1.669006579897716e-09,3.0,118.82159133800235,31.885447083608707
87.2,670.0656901172,-339.85836613639805,-3.095235934696161,5.75901875420373e-08,3.0,118.82158922429662,31.885447000352638
87.4,669.865904973282,-339.8676341603995,-3.0952359346961105,-7.026462459180691e-08,3.0,118.82158711059087,31.885446917096562
87.60000000000001,669.6661198293396,-339.8769021839443,-3.095235934695961,-1.6692241583722248e-09,3.0,118.82158499688512,31.88544683384049
87.80000000000001,669.4663346853971,-339.8861702074891,-3.0952359346959044,-1.658082162307191e-09,3.0,118.82158288317939,31.885446750584418
88.0,669.2665495414426,-339.8954382307013,-3.0952359346959333,4.825193511739427e-08,3.0,118.82158076947364,31.88544666732835
88.2,669.0667643975064,-339.904706254308,-3.095235934695721,1.657735625611992e-09,3.0,118.82157865576791,31.885446584072277
88.4,668.866979253564,-339.9139742778528,-3.0952359346954412,1.0988692079435912e-08,3.0,118.82157654206216,31.885446500816204
88.60000000000001,668.6671941096278,-339.92324230145965,-3.095235934695429,1.6463450071996403e-09,3.0,118.82157442835641,31.885446417560132
88.80000000000001,668.4674089656853,-339.9325103250044,-3.0952359346957383,1.6652629604600829e-09,3.0,118.82157231465068,31.88544633430406
89.0,668.2676238217429,-339.9417783485491,-3.0952359346961593,-1.6694728842592961e-09,3.0,118.82157020094493,31.885446251047988
89.2,668.0678386778067,-339.951046372156,-3.095235934696107,1.6626519839779012e-09,3.0,118.8215680872392,31.885446167791915
89.4,667.8680535338641,-339.9603143957007,-3.0952359346960128,1.6687445404182717e-09,3.0,118.82156597353345,31.885446084535843
89.60000000000001,667.6682683899216,-339.9695824192455,-3.0952359346959586,-1.6682027486912532e-09,3.0,118.8215638598277,31.88544600127977
89.80000000000001,667.4684832459855,-339.9788504428524,-3.0952359346959106,-5.759726202524071e-08,3.0,118.82156174612197,31.8854459180237
90.0,667.2686981020247,-339.98811846600256,-3.0952359346959364,5.759700456592533e-08,3.0,118.82155963241622,31.88544583476763
90.2,667.0689129580823,-339.99738648954724,-3.0952359346957197,-1.6541430683778153e-09,3.0,118.82155751871049,31.885445751511558
90.4,666.869127814146,-340.00665451315405,-3.0952359346954257,1.6548398470454784e-09,3.0,118.82155540500474,31.885445668255485
90.60000000000001,666.6693426702035,-340.01592253669884,-3.0952359346957423,-1.6580061211957246e-09,3.0,118.821553291299,31.885445584999413
90.80000000000001,666.469557526261,-340.0251905602436,-3.0952359346961518,-1.6608440751151689e-09,3.0,118.82155117759326,31.88544550174334
91.0,666.2697723823248,-340.03445858385044,-3.0952359346961686,-1.1010470373825183e-08,3.0,118.82154906388752,31.88544541848727
91.2,666.0699872383824,-340.04372660739523,-3.095235934696105,-1.6726923635239645e-09,3.0,118.82154695018178,31.885445335231196
91.4,665.8702020944462,-340.052994631002,-3.0952359346960105,1.1005380780291632e-08,3.0,118.82154483647604,31.885445251975124
91.60000000000001,665.67041695051,-340.0622626546088,-3.095235934695959,-5.75965202050719e-08,3.0,118.82154272277029,31.885445168719052
91.80000000000001,665.4706318065492,-340.0715306777589,-3.0952359346959137,1.664303824942684e-09,3.0,118.82154060906456,31.885445085462983
92.0,665.2708466626068,-340.0807987013037,-3.0952359346957126,-1.662292163698629e-09,3.0,118.82153849535881,31.88544500220691
92.2,665.0710615186888,-340.0900667253052,-3.0952359346954257,1.6515848705885748e-09,3.0,118.82153638165306,31.885444918950835
92.4,664.8712763747463,-340.09933474884997,-3.095235934695417,-5.760908814545111e-08,3.0,118.82153426794733,31.885444835694763
92.60000000000001,664.6714912307855,-340.10860277200004,-3.0952359346957414,5.760584169759751e-08,3.0,118.82153215424158,31.885444752438694
92.80000000000001,664.4717060868494,-340.11787079560685,-3.0952359346961473,1.6734608655335765e-09,3.0,118.82153004053585,31.885444669182622
93.0,664.2719209429068,-340.12713881915164,-3.095235934696161,-1.6735985618261136e-09,3.0,118.8215279268301,31.88544458592655
93.2,664.0721357989645,-340.13640684269643,-3.0952359346961096,-1.6727059663103087e-09,3.0,118.82152581312435,31.885444502670477
93.4,663.8723506550283,-340.14567486630324,-3.095235934695967,-5.758771456282218e-08,3.0,118.82152369941862,31.885444419414405
93.60000000000001,663.6725655110675,-340.15494288945337,-3.0952359346959266,5.7588118708615446e-08,3.0,118.82152158571287,31.885444336158336
93.80000000000001,663.4727803671434,-340.1642109133929,-3.095235934695944,-6.09222719933405e-08,3.0,118.82151947200714,31.88544425290226
94.0,663.2729952232072,-340.1734789369996,-3.0952359346957086,-1.0990673099077707e-08,3.0,118.82151735830139,31.88544416964619
94.2,663.0732100792648,-340.18274696054436,-3.0952359346954186,-1.6543602300416093e-09,3.0,118.82151524459564,31.885444086390116
94.4,662.8734249353222,-340.19201498408916,-3.095235934695745,-1.657988730301795e-09,3.0,118.82151313088991,31.885444003134044
94.60000000000001,662.6736397913679,-340.2012830073013,-3.095235934696146,4.825779256994018e-08,3.0,118.82151101718416,31.885443919877975
94.80000000000001,662.4738546474316,-340.2105510309081,-3.095235934696161,1.6731411232368548e-09,3.0,118.82150890347843,31.885443836621903
95.0,662.2740695034893,-340.2198190544529,-3.0952359346961016,7.02624484189523e-08,3.0,118.82150678977268,31.88544375336583
95.2,662.0742843595713,-340.2290870784543,-3.0952359346959613,-5.759630258354031e-08,3.0,118.82150467606694,31.885443670109755
95.4,661.8744992156105,-340.23835510160444,-3.095235934695931,1.667083591787875e-09,3.0,118.8215025623612,31.885443586853686
95.60000000000001,661.6747140716681,-340.24762312514923,-3.095235934695956,-1.6673323557960423e-09,3.0,118.82150044865546,31.885443503597614
95.80000000000001,661.4749289277318,-340.2568911487561,-3.0952359346957135,1.6488408724679844e-09,3.0,118.82149833494972,31.88544342034154
96.0,661.2751437837894,-340.26615917230083,-3.0952359346954186,1.6513540527515954e-09,3.0,118.82149622124398,31.88544333708547
96.2,661.0753586398469,-340.27542719584557,-3.095235934695408,-1.6512475115957401e-09,3.0,118.82149410753823,31.885443253829397
96.4,660.8755734958925,-340.28469521905777,-3.0952359346957494,1.6654715825736578e-09,3.0,118.8214919938325,31.88544317057333
96.60000000000001,660.67578835195,-340.2939632426025,-3.095235934696158,-1.66955736861698e-09,3.0,118.82148988012675,31.885443087317256
96.80000000000001,660.476003208026,-340.30323126654196,-3.095235934696098,-6.092766760471882e-08,3.0,118.82148776642101,31.88544300406118
97.0,660.2762180640898,-340.31249929014876,-3.09523593469601,-5.7595010835574746e-08,3.0,118.82148565271527,31.885442920805108
97.2,660.0764329201289,-340.3217673132989,-3.0952359346959626,5.759548591647735e-08,3.0,118.82148353900952,31.88544283754904
97.4,659.8766477761865,-340.3310353368436,-3.0952359346959293,-1.6585970213978283e-09,3.0,118.82148142530379,31.885442754292967
97.60000000000001,659.6768626322503,-340.3403033604505,-3.0952359346959604,-1.1004079705429309e-08,3.0,118.82147931159804,31.885442671036895
97.80000000000001,659.4770774883078,-340.3495713839953,-3.095235934695709,-1.6626870723678109e-09,3.0,118.8214771978923,31.885442587780823
98.0,659.2772923443716,-340.35883940760203,-3.0952359346954204,-4.8264476213122325e-08,3.0,118.82147508418656,31.88544250452475
98.2,659.0775072004171,-340.36810743081423,-3.095235934695755,6.092066440074158e-08,3.0,118.82147297048081,31.88544242126868
98.4,658.877722056493,-340.37737545475363,-3.0952359346961433,1.6656225476537455e-09,3.0,118.82147085677508,31.885442338012606
98.60000000000001,658.6779369125506,-340.3866434782984,-3.095235934696158,-1.665769114827948e-09,3.0,118.82146874306933,31.885442254756533
98.80000000000001,658.4781517686143,-340.39591150190523,-3.0952359346960927,-5.759291419313751e-08,3.0,118.82146662936358,31.88544217150046
99.0,658.2783666246536,-340.40517952505536,-3.095235934696007,1.6686643432815427e-09,3.0,118.82146451565785,31.885442088244393
99.2,658.0785814807111,-340.41444754860015,-3.095235934695962,-1.6682156794341421e-09,3.0,118.8214624019521,31.88544200498832
99.4,657.8787963367749,-340.42371557220696,-3.0952359346959355,1.6560837632718527e-09,3.0,118.82146028824637,31.885441921732248
99.60000000000001,657.6790111928325,-340.4329835957517,-3.095235934695699,-1.6537166679277492e-09,3.0,118.82145817454062,31.885441838476176
99.80000000000001,657.47922604889,-340.4422516192965,-3.0952359346954146,-1.6541827869836108e-09,3.0,118.82145606083488,31.885441755220103
100.0,657.2794409049538,-340.45151964290335,-3.0952359346954044,1.6461627086432219e-09,3.0,118.82145394712914,31.88544167196403
100.2,657.0796557610113,-340.4607876664481,-3.095235934695769,-1.6498085627696477e-09,3.0,118.8214518334234,31.88544158870796
100.4,656.879870617069,-340.4700556899928,-3.0952359346961518,-1.6696279376144883e-09,3.0,118.82144971971766,31.885441505451887
100.60000000000001,656.6800854731326,-340.4793237135996,-3.095235934696166,-1.1001899448846664e-08,3.0,118.82144760601192,31.885441422195814
100.80000000000001,656.4803003291902,-340.4885917371444,-3.09523593469609,-1.6723638062596973e-09,3.0,118.82144549230617,31.885441338939742
101.0,656.2805151852294,-340.4978597602946,-3.0952359346959617,5.7594703727566946e-08,3.0,118.82144337860043,31.885441255683673
101.2,656.0807300412932,-340.50712778390135,-3.0952359346959377,-1.1003950806643143e-08,3.0,118.82144126489469,31.8854411724276
101.4,655.880944897357,-340.5163958075082,-3.0952359346956935,6.091210267697885e-08,3.0,118.82143915118895,31.88544108917153
101.60000000000001,655.6811597534329,-340.5256638314476,-3.0952359346954106,-4.8275929299315e-08,3.0,118.82143703748321,31.885441005915453
101.80000000000001,655.4813746094784,-340.53493185465976,-3.095235934695402,1.654622477829441e-09,3.0,118.82143492377746,31.885440922659384
102.0,655.2815894655361,-340.54419987820455,-3.0952359346957676,1.6571895126391936e-09,3.0,118.82143281007173,31.885440839403312
102.2,655.0818043215936,-340.5534679017493,-3.095235934696145,-1.6609643258369721e-09,3.0,118.82143069636598,31.88544075614724
102.4,654.8820191776573,-340.56273592535615,-3.0952359346961646,1.6731498808229095e-09,3.0,118.82142858266025,31.885440672891168
102.60000000000001,654.6822340337148,-340.57200394890094,-3.0952359346960954,-5.7593216477746985e-08,3.0,118.8214264689545,31.885440589635095
102.80000000000001,654.4824488897541,-340.58127197205107,-3.0952359346959715,5.7594455222710004e-08,3.0,118.82142435524875,31.885440506379027
103.0,654.2826637458179,-340.5905399956578,-3.0952359346959417,6.093112741973631e-08,3.0,118.82142224154302,31.885440423122954
103.2,654.0828786018938,-340.5998080195973,-3.095235934695965,-6.093135844334851e-08,3.0,118.82142012783727,31.88544033986688
103.4,653.8830934579513,-340.609076043142,-3.0952359346956873,-1.6537790378916607e-09,3.0,118.82141801413154,31.885440256610806
103.60000000000001,653.6833083139969,-340.6183440663542,-3.0952359346954075,1.6510342415103537e-09,3.0,118.82141590042579,31.885440173354738
103.80000000000001,653.4835231700544,-340.62761208989895,-3.095235934695398,-1.6509410108662532e-09,3.0,118.82141378672004,31.885440090098665
104.0,653.283738026112,-340.6368801134438,-3.095235934695774,-1.6583618524271043e-09,3.0,118.82141167301431,31.885440006842593
104.2,653.0839528821758,-340.6461481370505,-3.0952359346961558,-1.0997915872501127e-08,3.0,118.82140955930856,31.88543992358652
104.4,652.8841677382334,-340.65541616059534,-3.095235934696086,-1.6721819256282949e-09,3.0,118.82140744560282,31.88543984033045
104.60000000000001,652.6843825942972,-340.66468418420214,-3.0952359346960123,1.0996237646241942e-08,3.0,118.82140533189708,31.885439757074376
104.80000000000001,652.4845974503609,-340.67395220780895,-3.095235934695972,1.6678919682989994e-09,3.0,118.82140321819134,31.885439673818304
105.0,652.2848123064185,-340.68322023135374,-3.095235934695955,1.6676918797952186e-09,3.0,118.8214011044856,31.885439590562232
105.2,652.0850271624761,-340.69248825489854,-3.095235934695969,-1.6678295751525092e-09,3.0,118.82139899077985,31.88543950730616
105.4,651.8852420185216,-340.7017562781107,-3.095235934695683,1.6480370393146603e-09,3.0,118.82139687707411,31.88543942405009
105.60000000000001,651.6854568745791,-340.7110243016554,-3.0952359346953995,1.654675625825555e-09,3.0,118.82139476336837,31.88543934079402
105.80000000000001,651.4856717306366,-340.7202923252002,-3.0952359346957783,-1.6584637437979535e-09,3.0,118.82139264966263,31.885439257537946
106.0,651.2858865867005,-340.729560348807,-3.0952359346961438,1.6648234351162393e-09,3.0,118.8213905359569,31.885439174281874
106.2,651.086101442758,-340.7388283723518,-3.095235934696156,-1.6649478238454658e-09,3.0,118.82138842225115,31.885439091025802
106.4,650.8863162988156,-340.7480963958966,-3.095235934696083,-1.6721240517062162e-09,3.0,118.8213863085454,31.88543900776973
106.60000000000001,650.6865311548794,-340.7573644195034,-3.095235934696006,1.660169583898972e-09,3.0,118.82138419483967,31.885438924513657
106.80000000000001,650.4867460109368,-340.76663244304814,-3.095235934695966,-1.6597699247421504e-09,3.0,118.82138208113392,31.885438841257585
107.0,650.2869608669945,-340.77590046659293,-3.0952359346959546,-1.6676565853544682e-09,3.0,118.82137996742819,31.885438758001513
107.2,650.0871757230583,-340.78516849019974,-3.095235934695687,-1.0998861486305435e-08,3.0,118.82137785372244,31.88543867474544
107.4,649.8873905790974,-340.79443651334986,-3.095235934695409,5.76097943709155e-08,3.0,118.82137574001669,31.885438591489372
107.60000000000001,649.6876054351549,-340.8037045368946,-3.0952359346954,-1.6424721675563901e-09,3.0,118.82137362631096,31.8854385082333
107.80000000000001,649.4878202912369,-340.8129725608961,-3.0952359346957823,-7.025896626697715e-08,3.0,118.82137151260521,31.885438424977224
108.0,649.2880351473008,-340.8222405845029,-3.0952359346961424,-5.759046303729937e-08,3.0,118.82136939889948,31.88543834172115
108.2,649.08825000334,-340.831508607653,-3.0952359346961527,1.100943094495846e-08,3.0,118.82136728519373,31.885438258465083
108.4,648.8884648594038,-340.84077663125987,-3.09523593469608,1.6701699115297883e-09,3.0,118.82136517148798,31.88543817520901
108.60000000000001,648.6886797154614,-340.85004465480466,-3.095235934695967,1.6593212114838417e-09,3.0,118.82136305778225,31.88543809195294
108.80000000000001,648.4888945715189,-340.8593126783494,-3.0952359346959595,-1.6592456964517466e-09,3.0,118.8213609440765,31.885438008696866
109.0,648.2891094275827,-340.8685807019562,-3.0952359346956753,1.65640766003279e-09,3.0,118.82135883037077,31.885437925440794
109.2,648.0893242836403,-340.877848725501,-3.0952359346954,1.64236147276919e-09,3.0,118.82135671666502,31.88543784218472
109.4,647.8895391396977,-340.88711674904573,-3.0952359346953977,-1.6423393216839009e-09,3.0,118.82135460295927,31.88543775892865
109.60000000000001,647.6897539957615,-340.8963847726526,-3.0952359346957965,1.6663330024041108e-09,3.0,118.82135248925354,31.885437675672577
109.80000000000001,647.4899688518192,-340.9056527961974,-3.09523593469615,-1.6698678907711892e-09,3.0,118.8213503755478,31.885437592416505
110.0,647.2901837078582,-340.9149208193475,-3.0952359346961518,5.759030291037435e-08,3.0,118.82134826184206,31.885437509160436
110.2,647.0903985639221,-340.9241888429543,-3.0952359346960754,1.6615595171491009e-09,3.0,118.82134614813631,31.885437425904364
110.4,646.8906134199797,-340.9334568664991,-3.0952359346959666,-1.6604716468299557e-09,3.0,118.82134403443057,31.88543734264829
110.60000000000001,646.6908282760372,-340.94272489004385,-3.0952359346959626,-1.6678207069154294e-09,3.0,118.82134192072483,31.88543725939222
110.80000000000001,646.491043132101,-340.9519929136506,-3.095235934695982,-1.0996330513771524e-08,3.0,118.82133980701909,31.885437176136147
111.0,646.2912579881586,-340.9612609371954,-3.0952359346956717,-1.662158744467969e-09,3.0,118.82133769331334,31.885437092880075
111.2,646.0914728442223,-340.97052896080226,-3.0952359346953955,1.0978864540575108e-08,3.0,118.8213355796076,31.885437009624003
111.4,645.8916877002861,-340.979796984409,-3.0952359346953893,1.6547112049281369e-09,3.0,118.82133346590186,31.88543692636793
111.60000000000001,645.6919025563436,-340.9890650079538,-3.0952359346958023,1.6665373019130046e-09,3.0,118.82133135219613,31.885436843111858
111.80000000000001,645.4921174124012,-340.99833303149865,-3.095235934696159,-1.670103384648915e-09,3.0,118.82132923849038,31.885436759855786
112.0,645.2923322684468,-341.00760105471073,-3.0952359346960816,1.670538570129333e-09,3.0,118.82132712478463,31.885436676599717
112.2,645.0925471245043,-341.0168690782556,-3.0952359346960003,1.6600803630616567e-09,3.0,118.8213250110789,31.885436593343645
112.4,644.8927619805619,-341.02613710180026,-3.095235934695969,-1.6597649537706521e-09,3.0,118.82132289737315,31.885436510087573
112.60000000000001,644.6929768366439,-341.03540512580173,-3.0952359346959644,-5.758715486477868e-08,3.0,118.82132078366742,31.885436426831497
112.80000000000001,644.4931916926831,-341.0446731489519,-3.095235934695988,5.7586919769108334e-08,3.0,118.82131866996167,31.885436343575428
113.0,644.2934065487407,-341.05394117249665,-3.095235934695664,-1.653548272328665e-09,3.0,118.82131655625592,31.885436260319356
113.2,644.0936214048045,-341.0632091961035,-3.095235934695392,1.6547423212069587e-09,3.0,118.82131444255019,31.885436177063283
113.4,643.8938362608619,-341.07247721964825,-3.0952359346958,-1.6588234262402162e-09,3.0,118.82131232884444,31.88543609380721
113.60000000000001,643.6940511169195,-341.08174524319304,-3.0952359346961433,-1.6612528990069853e-09,3.0,118.82131021513871,31.88543601055114
113.80000000000001,643.4942659729833,-341.09101326679985,-3.0952359346961504,-5.759110261886467e-08,3.0,118.82130810143296,31.885435927295067
114.0,643.2944808290224,-341.10028128995,-3.0952359346960727,5.7591879462403956e-08,3.0,118.82130598772721,31.885435844038998
114.2,643.0946956850984,-341.10954931388943,-3.095235934696008,-6.092501202741216e-08,3.0,118.82130387402148,31.885435760782922
114.4,642.8949105411622,-341.1188173374962,-3.0952359346959786,-1.1005229958761475e-08,3.0,118.82130176031573,31.88543567752685
114.60000000000001,642.6951253972077,-341.1280853607084,-3.0952359346959786,1.6650497063451532e-09,3.0,118.82129964661,31.88543559427078
114.80000000000001,642.4953402532652,-341.1373533842532,-3.0952359346956575,1.0984109378187594e-08,3.0,118.82129753290425,31.88543551101471
115.0,642.2955551093291,-341.1466214078599,-3.0952359346953897,1.6505057197934698e-09,3.0,118.8212954191985,31.885435427758637
115.2,642.0957699653867,-341.1558894314047,-3.095235934695381,1.6545957912900859e-09,3.0,118.82129330549277,31.885435344502564
115.4,641.8959848214441,-341.1651574549495,-3.0952359346958076,-1.6588634892447963e-09,3.0,118.82129119178703,31.885435261246492
115.60000000000001,641.6961996775079,-341.1744254785563,-3.0952359346961402,1.6732253459023515e-09,3.0,118.82128907808129,31.88543517799042
115.80000000000001,641.4964145335655,-341.1836935021011,-3.0952359346961518,1.6726170576325126e-09,3.0,118.82128696437555,31.885435094734348
116.0,641.296629389623,-341.1929615256459,-3.095235934696068,-1.6717777430737203e-09,3.0,118.8212848506698,31.885435011478275
116.2,641.096844245687,-341.20222954925265,-3.0952359346959746,1.6682248620249044e-09,3.0,118.82128273696406,31.885434928222203
116.4,640.8970591017445,-341.21149757279744,-3.095235934695983,-1.6683093576249614e-09,3.0,118.82128062325832,31.88543484496613
116.60000000000001,640.697273957802,-341.22076559634223,-3.0952359346956624,-1.6619810171709853e-09,3.0,118.82127850955258,31.88543476171006
116.80000000000001,640.4974888138476,-341.2300336195544,-3.0952359346953955,1.6420864117256113e-09,3.0,118.82127639584684,31.88543467845399
117.0,640.2977036699052,-341.2393016430991,-3.095235934695379,-1.64192223973391e-09,3.0,118.82127428214109,31.885434595197918
117.2,640.0979185259627,-341.2485696666439,-3.095235934695811,-1.65891697010778e-09,3.0,118.82127216843536,31.885434511941845
117.4,639.8981333820266,-341.25783769025077,-3.095235934696138,-1.1006450885558263e-08,3.0,118.82127005472961,31.885434428685773
117.60000000000001,639.698348238084,-341.2671057137955,-3.0952359346961504,-1.6647747045544175e-09,3.0,118.82126794102386,31.8854343454297
117.80000000000001,639.4985630941478,-341.2763737374023,-3.0952359346960647,1.1006637718541984e-08,3.0,118.82126582731813,31.88543426217363
118.0,639.2987779502116,-341.2856417610091,-3.0952359346959764,1.659694241969103e-09,3.0,118.82126371361238,31.885434178917556
118.2,639.0989928062692,-341.2949097845539,-3.095235934695978,1.6684646483541497e-09,3.0,118.82126159990665,31.885434095661484
118.4,638.8992076623267,-341.30417780809864,-3.095235934696,-1.6686821590162986e-09,3.0,118.8212594862009,31.885434012405412
118.60000000000001,638.6994225183722,-341.31344583131084,-3.095235934695656,6.091118319148103e-08,3.0,118.82125737249515,31.885433929149343
118.80000000000001,638.4996373744481,-341.32271385525024,-3.0952359346953933,1.6506301902039682e-09,3.0,118.82125525878942,31.885433845893267
119.0,638.2998522305057,-341.33198187879503,-3.095235934695386,-1.6505591432571e-09,3.0,118.82125314508367,31.885433762637195
119.2,638.1000670865512,-341.3412499020072,-3.0952359346958156,1.6666706574255096e-09,3.0,118.82125103137794,31.885433679381126
119.4,637.9002819426088,-341.35051792555197,-3.0952359346961456,-1.6699703378236055e-09,3.0,118.8212489176722,31.885433596125054
119.60000000000001,637.7004967986663,-341.3597859490967,-3.0952359346960607,-1.6630558013057184e-09,3.0,118.82124680396645,31.885433512868982
119.80000000000001,637.5007116547301,-341.36905397270357,-3.0952359346960003,1.668660174175004e-09,3.0,118.82124469026071,31.88543342961291
120.0,637.3009265107877,-341.3783219962483,-3.095235934695975,-1.6684070779224476e-09,3.0,118.82124257655497,31.885433346356837
120.2,637.1011413668452,-341.3875900197931,-3.095235934695986,-1.6598586902668045e-09,3.0,118.82124046284923,31.885433263100765
120.4,636.901356222909,-341.3968580433999,-3.095235934696001,1.6653738055989364e-09,3.0,118.82123834914348,31.885433179844693
120.60000000000001,636.7015710789666,-341.4061260669447,-3.0952359346956455,-1.6618211674874347e-09,3.0,118.82123623543774,31.88543309658862
120.80000000000001,636.5017859350241,-341.41539409048943,-3.0952359346953804,-1.6444487432101699e-09,3.0,118.821234121732,31.88543301333255
121.0,636.302000791088,-341.42466211409624,-3.0952359346958254,-1.099589079174214e-08,3.0,118.82123200802626,31.885432930076476
121.2,636.1022156471334,-341.43393013730844,-3.095235934696146,1.673358720727872e-09,3.0,118.82122989432052,31.885432846820407
121.4,635.902430503191,-341.4431981608532,-3.0952359346961535,1.1000807090888867e-08,3.0,118.82122778061478,31.885432763564335
121.60000000000001,635.7026453592548,-341.45246618446,-3.0952359346960674,1.6702055544210206e-09,3.0,118.82122566690903,31.885432680308263
121.80000000000001,635.5028602153124,-341.46173420800477,-3.0952359346959955,1.6685891612072977e-09,3.0,118.8212235532033,31.88543259705219
122.0,635.3030750713699,-341.47100223154956,-3.0952359346959777,-1.6684115490701209e-09,3.0,118.82122143949755,31.88543251379612
122.2,635.1032899274337,-341.48027025515637,-3.095235934695986,1.6650231067122384e-09,3.0,118.82121932579182,31.885432430540046
122.4,634.9035047834913,-341.48953827870116,-3.0952359346956397,1.6554927734354335e-09,3.0,118.82121721208607,31.885432347283974
122.60000000000001,634.7037196395488,-341.498806302246,-3.0952359346953795,-1.6528903141966855e-09,3.0,118.82121509838032,31.8854322640279
122.80000000000001,634.5039344956126,-341.5080743258527,-3.0952359346953773,1.6547291580915054e-09,3.0,118.82121298467459,31.88543218077183
123.0,634.3041493516703,-341.5173423493975,-3.095235934695828,-1.6592366453621328e-09,3.0,118.82121087096884,31.885432097515757
123.2,634.1043642077094,-341.5266103725476,-3.0952359346961402,5.759375365546347e-08,3.0,118.8212087572631,31.88543201425969
123.4,633.9045790637732,-341.5358783961545,-3.095235934696151,6.092780146703222e-08,3.0,118.82120664355736,31.885431931003616
123.60000000000001,633.7047939198491,-341.5451464200939,-3.0952359346960656,-6.09269487029546e-08,3.0,118.82120452985161,31.88543184774754
123.80000000000001,633.5050087758883,-341.554414443244,-3.095235934695987,5.759444187720671e-08,3.0,118.82120241614588,31.88543176449147
124.0,633.3052236319521,-341.5636824668508,-3.09523593469599,-1.1004461787000882e-08,3.0,118.82120030244013,31.8854316812354
124.2,633.1054384880096,-341.57295049039556,-3.095235934695633,-1.6529485157911109e-09,3.0,118.82119818873439,31.885431597979327
124.4,632.905653344067,-341.5822185139404,-3.095235934695376,-1.6527527331762582e-09,3.0,118.82119607502865,31.885431514723255
124.60000000000001,632.7058682001308,-341.59148653754715,-3.0952359346953755,-1.0986848876838393e-08,3.0,118.8211939613229,31.885431431467183
124.80000000000001,632.5060830561947,-341.60075456115396,-3.095235934695834,-5.758824716312492e-08,3.0,118.82119184761717,31.88543134821111
125.0,632.306297912234,-341.61002258430415,-3.09523593469614,5.7585187662723236e-08,3.0,118.82118973391142,31.88543126495504
125.2,632.106512768316,-341.61929060830556,-3.0952359346961407,1.6637710717451256e-09,3.0,118.82118762020568,31.885431181698966
125.4,631.9067276243735,-341.6285586318503,-3.095235934696057,1.6699346218372456e-09,3.0,118.82118550649994,31.885431098442893
125.60000000000001,631.706942480431,-341.63782665539514,-3.095235934695989,-1.6692506074148724e-09,3.0,118.8211833927942,31.88543101518682
125.80000000000001,631.5071573364766,-341.6470946786073,-3.0952359346960043,1.6691886456122408e-09,3.0,118.82118127908846,31.885430931930753
126.0,631.3073721925342,-341.6563627021521,-3.09523593469602,-1.6693439498524187e-09,3.0,118.82117916538272,31.88543084867468
126.2,631.1075870485918,-341.6656307256968,-3.095235934695624,-1.6615856432662398e-09,3.0,118.82117705167697,31.885430765418608
126.4,630.9078019046555,-341.6748987493036,-3.095235934695377,1.6501194311449257e-09,3.0,118.82117493797124,31.885430682162536
126.60000000000001,630.7080167607129,-341.6841667728484,-3.095235934695368,-1.6500306418615475e-09,3.0,118.82117282426549,31.885430598906463
126.80000000000001,630.5082316167704,-341.6934347963932,-3.0952359346958436,-1.659454199573499e-09,3.0,118.82117071055976,31.88543051565039
127.0,630.3084464728344,-341.70270281999996,-3.0952359346961384,1.6722218434703574e-09,3.0,118.82116859685401,31.88543043239432
127.2,630.1086613288919,-341.7119708435448,-3.095235934696055,-1.6713870658723912e-09,3.0,118.82116648314826,31.885430349138247
127.4,629.9088761849495,-341.72123886708954,-3.0952359346959937,-1.660808636506658e-09,3.0,118.82116436944253,31.885430265882174
127.60000000000001,629.7090910409951,-341.7305068903017,-3.095235934695986,4.8249985859292476e-08,3.0,118.82116225573678,31.885430182626106
127.80000000000001,629.5093058970588,-341.7397749139085,-3.095235934696008,1.66930417124609e-09,3.0,118.82116014203105,31.885430099370033
128.0,629.3095207531164,-341.7490429374533,-3.0952359346960243,1.1002383411388915e-08,3.0,118.8211580283253,31.88543001611396
128.20000000000002,629.1097356091801,-341.7583109610601,-3.0952359346956317,1.6468380037695057e-09,3.0,118.82115591461955,31.88542993285789
128.4,628.9099504652377,-341.7675789846049,-3.0952359346953817,1.6550712163822915e-09,3.0,118.82115380091382,31.885429849601817
128.6,628.7101653212953,-341.7768470081497,-3.0952359346958533,-1.6597875764978927e-09,3.0,118.82115168720807,31.885429766345744
128.8,628.510380177359,-341.7861150317565,-3.0952359346961416,1.6644861481911276e-09,3.0,118.82114957350234,31.885429683089672
129.0,628.3105950334166,-341.7953830553012,-3.095235934696127,1.6718888375768227e-09,3.0,118.82114745979659,31.8854295998336
129.20000000000002,628.1108098894741,-341.80465107884595,-3.0952359346960447,-1.671067371241693e-09,3.0,118.82114534609084,31.885429516577528
129.4,627.9110247455378,-341.81391910245287,-3.0952359346960017,-5.759484622060653e-08,3.0,118.82114323238511,31.885429433321455
129.6,627.7112396015771,-341.82318712560294,-3.095235934695996,5.759490425649465e-08,3.0,118.82114111867936,31.885429350065387
129.8,627.5114544576345,-341.8324551491477,-3.095235934695995,-1.6602448951668486e-09,3.0,118.82113900497362,31.885429266809314
130.0,627.3116693137166,-341.84172317314915,-3.095235934695611,1.6549023567151941e-09,3.0,118.82113689126788,31.88542918355324
130.20000000000002,627.111884169774,-341.85099119669394,-3.095235934695378,-1.6525752786759752e-09,3.0,118.82113477756214,31.885429100297166
130.4,626.9120990258134,-341.86025921984407,-3.0952359346953773,5.761272062044817e-08,3.0,118.8211326638564,31.885429017041098
130.6,626.7123138818772,-341.86952724345093,-3.095235934695861,-1.0995780163946272e-08,3.0,118.82113055015066,31.885428933785025
130.8,626.5125287379346,-341.8787952669957,-3.095235934696141,-1.6703344012048853e-09,3.0,118.82112843644491,31.885428850528953
131.0,626.3127435939921,-341.88806329054046,-3.0952359346961433,-1.6646634775700003e-09,3.0,118.82112632273918,31.88542876727288
131.20000000000002,626.112958450056,-341.89733131414727,-3.095235934696034,-1.1007694376064922e-08,3.0,118.82112420903343,31.88542868401681
131.4,625.9131733061198,-341.9065993377541,-3.0952359346959835,1.660213880542388e-09,3.0,118.8211220953277,31.885428600760736
131.6,625.7133881621774,-341.9158673612988,-3.095235934696016,-1.6605380289912878e-09,3.0,118.82111998162195,31.885428517504664
131.8,625.513603018241,-341.9251353849057,-3.0952359346956198,1.6548979459403799e-09,3.0,118.8211178679162,31.885428434248592
132.0,625.3138178742986,-341.93440340845046,-3.09523593469536,-5.761401749970724e-08,3.0,118.82111575421047,31.88542835099252
132.20000000000002,625.1140327303378,-341.94367143160065,-3.095235934695362,5.761399529489833e-08,3.0,118.82111364050472,31.88542826773645
132.4,624.9142475864016,-341.95293945520734,-3.095235934695864,1.6676166135989171e-09,3.0,118.82111152679899,31.88542818448038
132.6,624.7144624424592,-341.96220747875213,-3.0952359346961433,1.6732076028167129e-09,3.0,118.82110941309324,31.885428101224306
132.8,624.5146772985166,-341.971475502297,-3.0952359346961438,-1.6732120302725225e-09,3.0,118.82110729938749,31.885428017968234
133.0,624.3148921545987,-341.9807435262984,-3.0952359346960514,-5.759384709601903e-08,3.0,118.82110518568176,31.88542793471216
133.20000000000002,624.1151070106379,-341.9900115494485,-3.0952359346959963,5.759439787065683e-08,3.0,118.82110307197601,31.88542785145609
133.4,623.9153218666954,-341.9992795729933,-3.0952359346959994,-1.6688556972803197e-09,3.0,118.82110095827028,31.885427768200017
133.6,623.7155367227592,-342.00854759660007,-3.095235934696022,1.6654449286273796e-09,3.0,118.82109884456453,31.885427684943945
133.8,623.5157515788167,-342.01781562014486,-3.09523593469561,-1.6613237876111213e-09,3.0,118.82109673085878,31.885427601687873
134.0,623.3159664348743,-342.0270836436897,-3.0952359346953786,-1.6525754065715598e-09,3.0,118.82109461715305,31.8854275184318
134.20000000000002,623.1161812909198,-342.03635166690185,-3.0952359346953533,4.827731022723307e-08,3.0,118.8210925034473,31.885427435175732
134.4,622.9163961469835,-342.0456196905086,-3.0952359346958604,6.093123824120925e-08,3.0,118.82109038974157,31.88542735191966
134.6,622.7166110030594,-342.05488771444806,-3.0952359346961384,1.1000349719849817e-08,3.0,118.82108827603582,31.885427268663584
134.8,622.5168258591231,-342.0641557380548,-3.095235934696052,-5.759378449963811e-08,3.0,118.82108616233008,31.88542718540751
135.0,622.3170407151623,-342.073423761205,-3.0952359346960017,1.668931080289985e-09,3.0,118.82108404862434,31.885427102151443
135.20000000000002,622.1172555712199,-342.0826917847497,-3.0952359346959994,-1.6689089033345642e-09,3.0,118.8210819349186,31.88542701889537
135.4,621.9174704272835,-342.0919598083566,-3.0952359346960225,1.6610000243195738e-09,3.0,118.82107982121286,31.8854269356393
135.6,621.7176852833411,-342.1012278319013,-3.0952359346960163,1.665160847509486e-09,3.0,118.82107770750711,31.885426852383226
135.8,621.5179001393986,-342.1104958554461,-3.095235934695593,-1.6609287391886338e-09,3.0,118.82107559380137,31.885426769127154
136.0,621.3181149954441,-342.11976387865826,-3.0952359346953733,6.091039300830903e-08,3.0,118.82107348009563,31.885426685871085
136.20000000000002,621.1183298515199,-342.1290319025977,-3.09523593469588,-6.091546017066518e-08,3.0,118.82107136638989,31.88542660261501
136.4,620.9185447075774,-342.1382999261425,-3.09523593469612,-1.6708892028696657e-09,3.0,118.82106925268414,31.885426519358937
136.6,620.7187595636412,-342.1475679497493,-3.0952359346961282,-5.759182194160921e-08,3.0,118.8210671389784,31.885426436102865
136.8,620.5189744196804,-342.1568359728994,-3.095235934696045,5.759265216647579e-08,3.0,118.82106502527266,31.885426352846796
137.0,620.3191892757379,-342.1661039964443,-3.0952359346960026,-1.6694063339939927e-09,3.0,118.82106291156693,31.885426269590724
137.20000000000002,620.1194041318017,-342.175372020051,-3.095235934696003,-1.0997147727972775e-08,3.0,118.82106079786118,31.88542618633465
137.4,619.9196189878593,-342.18464004359583,-3.0952359346960274,-1.6694817170250562e-09,3.0,118.82105868415543,31.88542610307858
137.6,619.7198338439168,-342.1939080671405,-3.0952359346955967,-1.6525934093973336e-09,3.0,118.8210565704497,31.885426019822507
137.8,619.5200486999806,-342.2031760907474,-3.0952359346953506,-1.0988558903357405e-08,3.0,118.82105445674395,31.885425936566435
138.0,619.3202635560443,-342.2124441143542,-3.095235934695358,1.646380528305893e-09,3.0,118.82105234303822,31.885425853310362
138.20000000000002,619.1204784121019,-342.2217121378989,-3.095235934695883,-1.651629701850346e-09,3.0,118.82105022933247,31.88542577005429
138.4,618.9206932681656,-342.2309801615058,-3.0952359346961402,-5.759085810310543e-08,3.0,118.82104811562672,31.885425686798218
138.6,618.7209081242048,-342.2402481846559,-3.0952359346961176,1.6715998361775351e-09,3.0,118.82104600192099,31.88542560354215
138.8,618.5211229802624,-342.2495162082007,-3.0952359346960345,-1.6707692611887039e-09,3.0,118.82104388821524,31.885425520286077
139.0,618.321337836326,-342.2587842318075,-3.0952359346960043,1.6608134698498478e-09,3.0,118.82104177450951,31.885425437030005
139.20000000000002,618.1215526923836,-342.26805225535225,-3.095235934696034,6.092054081214496e-08,3.0,118.82103966080376,31.885425353773932
139.4,617.9217675484593,-342.27732027929164,-3.095235934695573,-6.09159309207824e-08,3.0,118.82103754709802,31.885425270517857
139.6,617.7219824045048,-342.2865883025039,-3.0952359346953604,1.6412558342699618e-09,3.0,118.82103543339228,31.885425187261788
139.8,617.5221972605624,-342.2958563260487,-3.095235934695366,-1.641313607927444e-09,3.0,118.82103331968653,31.885425104005716
140.0,617.32241211662,-342.3051243495935,-3.0952359346958915,-1.6603957362127497e-09,3.0,118.8210312059808,31.885425020749643
140.20000000000002,617.1226269726837,-342.31439237320023,-3.0952359346961376,1.6644817218616746e-09,3.0,118.82102909227505,31.88542493749357
140.4,616.9228418287412,-342.323660396745,-3.0952359346961344,-1.6644508006148372e-09,3.0,118.82102697856931,31.8854248542375
140.6,616.7230566847803,-342.33292841989515,-3.0952359346960407,5.759267848640813e-08,3.0,118.82102486486357,31.88542477098143
140.8,616.5232715408442,-342.34219644350196,-3.0952359346959852,-1.1005691547195917e-08,3.0,118.82102275115783,31.885424687725358
141.0,616.32348639692,-342.35146446744136,-3.095235934696025,-6.092448393791118e-08,3.0,118.8210206374521,31.885424604469282
141.20000000000002,616.1237012529838,-342.36073249104817,-3.0952359346960465,-4.8261345397583116e-08,3.0,118.82101852374635,31.88542452121321
141.4,615.9239161090293,-342.3700005142603,-3.0952359346955887,1.6541650123377367e-09,3.0,118.8210164100406,31.88542443795714
141.6,615.7241309650868,-342.37926853780516,-3.095235934695349,1.6409268574622919e-09,3.0,118.82101429633487,31.88542435470107
141.8,615.5243458211444,-342.38853656134995,-3.0952359346953564,-1.6410022398268102e-09,3.0,118.82101218262912,31.885424271444997
142.0,615.3245606772081,-342.3978045849567,-3.0952359346958938,1.6689130408970183e-09,3.0,118.82101006892339,31.885424188188924
142.20000000000002,615.1247755332656,-342.4070726085015,-3.0952359346961344,1.6634869595920169e-09,3.0,118.82100795521764,31.885424104932852
142.4,614.9249903893232,-342.41634063204623,-3.095235934696041,-1.6625543853557257e-09,3.0,118.82100584151189,31.88542402167678
142.6,614.725205245387,-342.42560865565304,-3.0952359346959986,1.6689532265188108e-09,3.0,118.82100372780616,31.885423938420708
142.8,614.5254201014444,-342.4348766791978,-3.095235934696008,-1.6690464574738246e-09,3.0,118.82100161410041,31.885423855164635
143.0,614.3256349575021,-342.4441447027426,-3.0952359346960168,-1.6607999875993954e-09,3.0,118.82099950039466,31.885423771908563
143.20000000000002,614.1258498135476,-342.45341272595476,-3.0952359346960403,1.6654983829883483e-09,3.0,118.82099738668893,31.885423688652494
143.4,613.9260646696051,-342.4626807494995,-3.095235934695579,-1.6608843631421313e-09,3.0,118.82099527298318,31.885423605396422
143.6,613.7262795256627,-342.47194877304435,-3.095235934695371,-1.6521135601752115e-09,3.0,118.82099315927745,31.88542352214035
143.8,613.5264943817265,-342.48121679665115,-3.0952359346958804,-1.0988381181260863e-08,3.0,118.8209910455717,31.885423438884278
144.0,613.3267092378022,-342.49048482059055,-3.0952359346961233,-6.092539880146031e-08,3.0,118.82098893186595,31.885423355628202
144.20000000000002,613.1269240938414,-342.49975284374074,-3.095235934696129,5.758250465755932e-08,3.0,118.82098681816022,31.885423272372133
144.4,612.927138949905,-342.5090208673475,-3.0952359346960403,-1.0999159612252632e-08,3.0,118.82098470445447,31.88542318911606
144.6,612.727353805969,-342.5182888909543,-3.0952359346959994,1.6690111518855596e-09,3.0,118.82098259074874,31.88542310585999
144.8,612.5275686620264,-342.5275569144991,-3.095235934696012,-1.6691355414855397e-09,3.0,118.820980477043,31.885423022603916
145.0,612.327783518072,-342.5368249377113,-3.095235934696041,1.6567188616168423e-09,3.0,118.82097836333725,31.885422939347848
145.20000000000002,612.1279983741294,-342.546092961256,-3.095235934695551,1.6534947141083016e-09,3.0,118.82097624963151,31.885422856091775
145.4,611.928213230187,-342.5553609848008,-3.0952359346953573,-1.6515585292929367e-09,3.0,118.82097413592577,31.885422772835703
145.6,611.7284280862691,-342.5646290088022,-3.095235934695364,1.65527958620572e-09,3.0,118.82097202222003,31.885422689579627
145.8,611.5286429423265,-342.573897032347,-3.0952359346959097,-5.759557472674521e-08,3.0,118.82096990851429,31.885422606323555
146.0,611.3288577983658,-342.58316505549715,-3.095235934696107,5.7593602671841253e-08,3.0,118.82096779480854,31.885422523067486
146.20000000000002,611.1290726544295,-342.592433079104,-3.0952359346960256,1.6608624430661696e-09,3.0,118.8209656811028,31.885422439811414
146.4,610.9292875104871,-342.60170110264875,-3.0952359346959963,-1.6605693205814567e-09,3.0,118.82096356739706,31.885422356555342
146.6,610.7295023665447,-342.61096912619354,-3.095235934696017,-1.6692111333445176e-09,3.0,118.82096145369133,31.88542227329927
146.8,610.5297172226084,-342.62023714980035,-3.095235934696047,1.6569942197260087e-09,3.0,118.82095933998558,31.885422190043197
147.0,610.3299320786659,-342.6295051733451,-3.095235934695567,-1.652193502778156e-09,3.0,118.82095722627983,31.885422106787125
147.20000000000002,610.1301469347235,-342.63877319688993,-3.0952359346953635,-1.6518427176868147e-09,3.0,118.8209551125741,31.885422023531053
147.4,609.9303617907873,-342.6480412204968,-3.0952359346953404,-1.0986023093162177e-08,3.0,118.82095299886835,31.88542194027498
147.6,609.7305766468448,-342.65730924404147,-3.0952359346959035,-1.6518607425111906e-09,3.0,118.82095088516262,31.88542185701891
147.8,609.5307915028903,-342.6665772672536,-3.0952359346961305,1.1008685136501576e-08,3.0,118.82094877145687,31.88542177376284
148.0,609.331006358954,-342.6758452908604,-3.0952359346961287,1.6723858875795843e-09,3.0,118.82094665775112,31.885421690506767
148.20000000000002,609.1312212150116,-342.6851133144052,-3.095235934696012,1.6607069044237458e-09,3.0,118.82094454404539,31.885421607250695
148.4,608.9314360710692,-342.69438133795,-3.0952359346960083,-1.6606713170806589e-09,3.0,118.82094243033964,31.885421523994623
148.6,608.7316509271329,-342.7036493615568,-3.095235934696048,1.6704720562287165e-09,3.0,118.8209403166339,31.88542144073855
148.8,608.5318657831904,-342.7129173851016,-3.095235934696061,1.657229708573272e-09,3.0,118.82093820292816,31.88542135748248
149.0,608.332080639248,-342.7221854086463,-3.095235934695562,-1.6522381069494265e-09,3.0,118.82093608922241,31.885421274226406
149.20000000000002,608.1322954953117,-342.73145343225315,-3.095235934695363,1.6497730125706823e-09,3.0,118.82093397551668,31.885421190970334
149.4,607.9325103513693,-342.740721455798,-3.095235934695361,-1.6497507346891524e-09,3.0,118.82093186181093,31.88542110771426
149.6,607.7327252074085,-342.7499894789481,-3.0952359346958955,5.760331911014889e-08,3.0,118.82092974810519,31.885421024458193
149.8,607.5329400634722,-342.75925750255493,-3.095235934696115,1.6629941439016435e-09,3.0,118.82092763439945,31.88542094120212
150.0,607.3331549195298,-342.76852552609967,-3.095235934696031,-1.6621549361935942e-09,3.0,118.8209255206937,31.88542085794605
150.20000000000002,607.1333697755873,-342.7777935496445,-3.095235934696,-1.6692108880772074e-09,3.0,118.82092340698797,31.885420774689976
150.4,606.9335846316694,-342.7870615736459,-3.0952359346959986,-7.026077421573734e-08,3.0,118.82092129328223,31.8854206914339
150.6,606.7337994877086,-342.79632959679606,-3.0952359346960443,5.7593966436426594e-08,3.0,118.82091917957648,31.88542060817783
150.8,606.5340143437661,-342.80559762034085,-3.0952359346960607,-1.6705605637562692e-09,3.0,118.82091706587074,31.88542052492176
151.0,606.3342291998299,-342.81486564394754,-3.095235934695556,-1.0988785612015564e-08,3.0,118.820914952165,31.885420441665687
151.20000000000002,606.1344440558936,-342.8241336675544,-3.0952359346953657,1.6554574785075448e-09,3.0,118.82091283845926,31.885420358409615
151.4,605.9346589119511,-342.83340169109925,-3.095235934695924,-1.6610396664719358e-09,3.0,118.82091072475352,31.885420275153542
151.6,605.734873768015,-342.842669714706,-3.095235934696126,-5.7582824679038934e-08,3.0,118.82090861104777,31.88542019189747
151.8,605.5350886240541,-342.8519377378562,-3.0952359346960976,6.092629158305961e-08,3.0,118.82090649734204,31.8854201086414
152.0,605.3353034801298,-342.8612057617956,-3.095235934696021,-6.092552777927852e-08,3.0,118.82090438363629,31.885420025385326
152.20000000000002,605.1355183361936,-342.87047378540234,-3.095235934695997,-5.758612440656383e-08,3.0,118.82090226993056,31.885419942129253
152.4,604.9357331922329,-342.8797418085525,-3.095235934696026,1.6612487280372743e-09,3.0,118.82090015622481,31.885419858873185
152.6,604.7359480482904,-342.8890098320973,-3.095235934696034,-1.661328776753378e-09,3.0,118.82089804251906,31.885419775617112
152.8,604.5361629043542,-342.8982778557041,-3.0952359346955385,1.653268131013837e-09,3.0,118.82089592881333,31.88541969236104
153.0,604.3363777604118,-342.9075458792489,-3.0952359346953595,-1.6514785098400327e-09,3.0,118.82089381510758,31.885419609104968
153.20000000000002,604.1365926164692,-342.9168139027937,-3.095235934695363,-1.6412424159604753e-09,3.0,118.82089170140185,31.885419525848896
153.4,603.936807472533,-342.92608192640046,-3.0952359346959075,1.6596321624622883e-09,3.0,118.8208895876961,31.885419442592823
153.60000000000002,603.7370223285905,-342.9353499499452,-3.0952359346961096,-1.661652833757053e-09,3.0,118.82088747399035,31.88541935933675
153.8,603.537237184648,-342.94461797349004,-3.0952359346960256,-1.670512199828593e-09,3.0,118.82088536028462,31.88541927608068
154.0,603.3374520407118,-342.95388599709685,-3.0952359346959986,-1.100580735225898e-08,3.0,118.82088324657887,31.885419192824607
154.20000000000002,603.1376668967692,-342.9631540206416,-3.0952359346960274,-1.6609197420762032e-09,3.0,118.82088113287314,31.885419109568534
154.4,602.9378817528149,-342.9724220438538,-3.095235934696059,1.0992849349602161e-08,3.0,118.82087901916739,31.885419026312466
154.60000000000002,602.7380966088785,-342.98169006746053,-3.09523593469554,1.653059437373551e-09,3.0,118.82087690546165,31.885418943056393
154.8,602.5383114649361,-342.9909580910053,-3.095235934695336,6.090437579403822e-08,3.0,118.82087479175591,31.88541885980032
155.0,602.338526321012,-343.00022611494484,-3.095235934695353,-6.090454481080127e-08,3.0,118.82087267805016,31.885418776544245
155.20000000000002,602.1387411770575,-343.0094941381569,-3.0952359346959355,1.6688868028166966e-09,3.0,118.82087056434442,31.885418693288177
155.4,601.938956033115,-343.0187621617017,-3.0952359346961273,1.6723861567085422e-09,3.0,118.82086845063868,31.885418610032104
155.60000000000002,601.7391708891724,-343.0280301852465,-3.0952359346960936,-1.6720487038411867e-09,3.0,118.82086633693294,31.885418526776032
155.8,601.5393857452362,-343.03729820885326,-3.0952359346960163,1.669504003002372e-09,3.0,118.8208642232272,31.88541844351996
156.0,601.3396006012938,-343.0465662323981,-3.0952359346960274,-1.6696149793414675e-09,3.0,118.82086210952146,31.885418360263888
156.20000000000002,601.1398154573512,-343.0558342559429,-3.0952359346960656,-1.6704896811729966e-09,3.0,118.82085999581571,31.885418277007815
156.4,600.9400303133968,-343.06510227915504,-3.0952359346960723,6.092091354164871e-08,3.0,118.82085788210998,31.885418193751747
156.60000000000002,600.7402451694725,-343.0743703030944,-3.095235934695534,-6.091553109194411e-08,3.0,118.82085576840423,31.88541811049567
156.8,600.5404600255301,-343.0836383266392,-3.0952359346953577,-1.6428811237402878e-09,3.0,118.8208536546985,31.8854180272396
157.0,600.3406748815756,-343.09290634985143,-3.0952359346953346,4.826937455663723e-08,3.0,118.82085154099275,31.88541794398353
157.20000000000002,600.1408897376331,-343.1021743733961,-3.095235934695934,-1.6524158041680042e-09,3.0,118.820849427287,31.885417860727458
157.4,599.9411045936907,-343.1114423969409,-3.095235934696113,-1.670507522554873e-09,3.0,118.82084731358127,31.885417777471385
157.60000000000002,599.7413194497544,-343.12071042054777,-3.0952359346960256,-1.1007223938080686e-08,3.0,118.82084519987552,31.885417694215313
157.8,599.5415343058182,-343.1299784441545,-3.0952359346959724,1.6685847576853042e-09,3.0,118.82084308616979,31.88541761095924
158.0,599.3417491618758,-343.1392464676993,-3.0952359346960234,1.1006699979407045e-08,3.0,118.82084097246404,31.88541752770317
158.20000000000002,599.1419640179395,-343.1485144913062,-3.095235934696065,1.6624476898262586e-09,3.0,118.8208388587583,31.885417444447096
158.4,598.942178873997,-343.1577825148509,-3.095235934696076,1.6657113804518466e-09,3.0,118.82083674505256,31.885417361191024
158.60000000000002,598.7423937300546,-343.16705053839564,-3.095235934695529,-1.6602445052318194e-09,3.0,118.82083463134681,31.885417277934952
158.8,598.5426085861183,-343.1763185620025,-3.0952359346953604,-5.760817754372759e-08,3.0,118.82083251764108,31.88541719467888
159.0,598.3428234421575,-343.18558658515263,-3.0952359346959453,1.6602539671947742e-09,3.0,118.82083040393533,31.88541711142281
159.20000000000002,598.1430382982151,-343.19485460869737,-3.0952359346960963,-1.6617640093953628e-09,3.0,118.82082829022958,31.88541702816674
159.4,597.9432531542788,-343.20412263230423,-3.0952359346961047,1.6712092033171396e-09,3.0,118.82082617652385,31.885416944910666
159.60000000000002,597.7434680103363,-343.213390655849,-3.095235934696021,-1.670374297596661e-09,3.0,118.8208240628181,31.885416861654594
159.8,597.5436828663939,-343.22265867939376,-3.095235934695998,-1.6605603371135584e-09,3.0,118.82082194911237,31.885416778398522
160.0,597.3438977224575,-343.23192670300057,-3.0952359346960114,1.669748215163907e-09,3.0,118.82081983540662,31.88541669514245
160.20000000000002,597.1441125785151,-343.2411947265454,-3.0952359346960616,-1.6702499656186118e-09,3.0,118.82081772170088,31.885416611886377
160.4,596.9443274345726,-343.25046275009015,-3.09523593469552,-1.6513988557273174e-09,3.0,118.82081560799514,31.885416528630305
160.60000000000002,596.7445422906364,-343.25973077369696,-3.09523593469536,-1.098797738624697e-08,3.0,118.8208134942894,31.885416445374233
160.8,596.5447571466757,-343.26899879684714,-3.09523593469536,5.7614039345798036e-08,3.0,118.82081138058365,31.885416362118164
161.0,596.3449720027394,-343.2782668204539,-3.095235934695952,1.0997165515334463e-08,3.0,118.82080926687792,31.885416278862092
161.20000000000002,596.1451868588032,-343.28753484406064,-3.0952359346961065,6.093471518545174e-08,3.0,118.82080715317217,31.88541619560602
161.4,595.9454017148789,-343.29680286800016,-3.095235934695994,-5.759505924647423e-08,3.0,118.82080503946644,31.885416112349944
161.60000000000002,595.7456165709182,-343.3060708911502,-3.0952359346959897,5.759510374943306e-08,3.0,118.82080292576069,31.885416029093875
161.8,595.5458314269819,-343.31533891475704,-3.0952359346960385,1.670423278244809e-09,3.0,118.82080081205494,31.885415945837803
162.0,595.3460462830394,-343.3246069383018,-3.095235934696075,1.665307236472457e-09,3.0,118.82079869834921,31.88541586258173
162.20000000000002,595.146261139097,-343.3338749618466,-3.0952359346954905,-1.6594629829761603e-09,3.0,118.82079658464346,31.88541577932566
162.4,594.9464759951607,-343.34314298545337,-3.095235934695349,1.6494442091626475e-09,3.0,118.82079447093773,31.885415696069586
162.60000000000002,594.7466908512182,-343.3524110089982,-3.0952359346953564,-1.649519594010302e-09,3.0,118.82079235723198,31.885415612813514
162.8,594.5469057072575,-343.36167903214834,-3.09523593469596,5.7602075617811594e-08,3.0,118.82079024352623,31.885415529557445
163.0,594.3471205633394,-343.37094705614976,-3.0952359346961194,1.672341673929915e-09,3.0,118.8207881298205,31.88541544630137
163.20000000000002,594.147335419397,-343.38021507969455,-3.095235934696105,-1.672199546332689e-09,3.0,118.82078601611475,31.885415363045297
163.4,593.9475502754544,-343.3894831032394,-3.0952359346960163,-1.670281080758665e-09,3.0,118.82078390240902,31.885415279789225
163.60000000000002,593.7477651315,-343.39875112645154,-3.095235934696016,4.825768150631007e-08,3.0,118.82078178870327,31.885415196533156
163.8,593.5479799875576,-343.4080191499963,-3.095235934696071,-1.6619638885070294e-09,3.0,118.82077967499752,31.885415113277084
164.0,593.348194843615,-343.417287173541,-3.0952359346960816,-1.6712449056730735e-09,3.0,118.82077756129179,31.88541503002101
164.20000000000002,593.148409699679,-343.4265551971479,-3.09523593469551,-1.099659680814625e-08,3.0,118.82077544758604,31.88541494676494
164.4,592.9486245557426,-343.4358232207546,-3.095235934695331,1.6490269258077587e-09,3.0,118.82077333388031,31.885414863508867
164.60000000000002,592.7488394118002,-343.4450912442994,-3.09523593469535,1.0992204965386127e-08,3.0,118.82077122017456,31.885414780252795
164.8,592.5490542678639,-343.4543592679063,-3.095235934695962,1.6606757236676808e-09,3.0,118.82076910646882,31.885414696996722
165.0,592.3492691239214,-343.463627291451,-3.0952359346961047,1.6711736478364136e-09,3.0,118.82076699276308,31.88541461374065
165.20000000000002,592.149483979979,-343.4728953149958,-3.0952359346960177,-1.6703031846773203e-09,3.0,118.82076487905734,31.885414530484578
165.4,591.9496988360245,-343.48216333820795,-3.0952359346959946,1.6692242184791436e-09,3.0,118.8207627653516,31.88541444722851
165.60000000000002,591.749913692082,-343.49143136175275,-3.095235934696043,1.6702945048768511e-09,3.0,118.82076065164586,31.885414363972437
165.8,591.5501285481396,-343.5006993852976,-3.095235934696053,-1.6703965964334442e-09,3.0,118.82075853794011,31.885414280716365
166.0,591.3503434042033,-343.50996740890434,-3.0952359346960794,1.6654982933361994e-09,3.0,118.82075642423438,31.885414197460292
166.20000000000002,591.1505582602608,-343.51923543244914,-3.0952359346955007,-1.6597119209870468e-09,3.0,118.82075431052863,31.88541411420422
166.4,590.9507731163184,-343.5285034559939,-3.0952359346953613,-1.6511363900214612e-09,3.0,118.8207521968229,31.885414030948148
166.60000000000002,590.7509879723822,-343.5377714796007,-3.0952359346959435,1.6688377223337042e-09,3.0,118.82075008311715,31.885413947692076
166.8,590.5512028284397,-343.54703950314547,-3.0952359346961065,-1.6704674699070526e-09,3.0,118.8207479694114,31.885413864436003
167.0,590.3514176844972,-343.55630752669026,-3.0952359346960985,-1.66342016277059e-09,3.0,118.82074585570567,31.88541378117993
167.20000000000002,590.1516325405428,-343.56557554990246,-3.0952359346960163,4.824833355988897e-08,3.0,118.82074374199992,31.885413697923862
167.4,589.9518473966003,-343.5748435734472,-3.0952359346959972,-1.6604939014374384e-09,3.0,118.82074162829417,31.88541361466779
167.60000000000002,589.7520622526823,-343.5841115974486,-3.0952359346960474,1.1007326050537412e-08,3.0,118.82073951458844,31.885413531411714
167.8,589.552277108746,-343.5933796210554,-3.09523593469608,1.665174126248216e-09,3.0,118.82073740088269,31.885413448155642
168.0,589.3524919648036,-343.6026476446002,-3.0952359346954674,-5.761198799799565e-08,3.0,118.82073528717696,31.88541336489957
168.20000000000002,589.1527068208428,-343.61191566775034,-3.09523593469535,5.761316065169553e-08,3.0,118.82073317347121,31.8854132816435
168.4,588.9529216769066,-343.6211836913572,-3.095235934695357,1.6472509532100726e-09,3.0,118.82073105976546,31.88541319838743
168.60000000000002,588.753136532964,-343.63045171490194,-3.095235934695973,1.6690645290025585e-09,3.0,118.82072894605973,31.885413115131357
168.8,588.5533513890217,-343.6397197384468,-3.0952359346960705,-1.6700415608636492e-09,3.0,118.82072683235398,31.885413031875284
169.0,588.3535662450854,-343.64898776205354,-3.0952359346960083,1.660502481680119e-09,3.0,118.82072471864825,31.885412948619212
169.20000000000002,588.153781101143,-343.65825578559827,-3.095235934695995,-1.660369337880619e-09,3.0,118.8207226049425,31.88541286536314
169.4,587.9539959572005,-343.6675238091431,-3.095235934696053,-1.669916810842101e-09,3.0,118.82072049123676,31.885412782107068
169.60000000000002,587.7542108132642,-343.6767918327499,-3.0952359346960585,1.6563635404315005e-09,3.0,118.82071837753102,31.885412698850995
169.8,587.5544256693217,-343.68605985629466,-3.0952359346954808,-1.650585933242641e-09,3.0,118.82071626382528,31.885412615594923
170.0,587.354640525361,-343.6953278794448,-3.0952359346953533,5.7612964531566646e-08,3.0,118.82071415011954,31.885412532338854
170.20000000000002,587.1548553814248,-343.70459590305165,-3.0952359346953595,-1.0986302703074727e-08,3.0,118.8207120364138,31.885412449082782
170.4,586.9550702374823,-343.7138639265964,-3.0952359346959812,-1.662123465465279e-09,3.0,118.82070992270805,31.88541236582671
170.60000000000002,586.7552850935398,-343.7231319501412,-3.095235934696109,-1.6623812135328806e-09,3.0,118.82070780900231,31.885412282570638
170.8,586.5554999496035,-343.732399973748,-3.0952359346960923,-1.1008516210455517e-08,3.0,118.82070569529657,31.885412199314565
171.0,586.3557148056673,-343.7416679973548,-3.0952359346959843,1.6605735610695492e-09,3.0,118.82070358159083,31.885412116058493
171.20000000000002,586.1559296617248,-343.75093602089953,-3.09523593469605,1.1007459403254737e-08,3.0,118.82070146788509,31.88541203280242
171.4,585.9561445177885,-343.7602040445064,-3.095235934696088,1.671595562608674e-09,3.0,118.82069935417934,31.88541194954635
171.60000000000002,585.7563593738461,-343.7694720680512,-3.0952359346960936,-5.759842104093455e-08,3.0,118.8206972404736,31.885411866290276
171.8,585.5565742298853,-343.7787400912013,-3.0952359346954545,5.760481154522839e-08,3.0,118.82069512676786,31.885411783034208
172.0,585.356789085949,-343.78800811480806,-3.0952359346953475,1.6494133617334021e-09,3.0,118.82069301306213,31.885411699778135
172.20000000000002,585.1570039420066,-343.79727613835286,-3.095235934695356,6.091111729178921e-08,3.0,118.82069089935638,31.885411616522063
172.4,584.9572187980823,-343.80654416229225,-3.095235934695987,-6.091742772037218e-08,3.0,118.82068878565063,31.885411533265987
172.60000000000002,584.7574336541461,-343.8158121858991,-3.095235934696093,-5.7592883341610754e-08,3.0,118.8206866719449,31.885411450009915
172.8,584.5576485101853,-343.82508020904925,-3.095235934696009,5.759372289755749e-08,3.0,118.82068455823915,31.885411366753846
173.0,584.3578633662429,-343.83434823259404,-3.0952359346959932,-1.668860099019203e-09,3.0,118.82068244453342,31.885411283497774
173.20000000000002,584.1580782223066,-343.8436162562008,-3.095235934696031,1.6703967921060807e-09,3.0,118.82068033082767,31.885411200241702
173.4,583.958293078364,-343.85288427974564,-3.0952359346960874,-1.6709608549541587e-09,3.0,118.82067821712192,31.88541111698563
173.60000000000002,583.7585079344034,-343.8621523028957,-3.095235934696094,5.759208390543364e-08,3.0,118.82067610341619,31.88541103372956
173.8,583.5587227904672,-343.8714203265026,-3.095235934695476,-1.099524712839032e-08,3.0,118.82067398971044,31.88541095047349
174.0,583.3589376465429,-343.8806883504419,-3.0952359346953315,-6.090551691860777e-08,3.0,118.8206718760047,31.885410867217413
174.20000000000002,583.1591525026005,-343.88995637398676,-3.0952359346959835,-1.6626781523066627e-09,3.0,118.82066976229896,31.88541078396134
174.4,582.9593673586705,-343.89922439765553,-3.0952359346961043,-5.75918526007728e-08,3.0,118.82066764859321,31.88541070070527
174.60000000000002,582.7595822147097,-343.9084924208057,-3.09523593469609,1.6708097352307785e-09,3.0,118.82066553488748,31.8854106174492
174.8,582.5597970707673,-343.9177604443505,-3.0952359346960105,-1.6700147584067815e-09,3.0,118.82066342118173,31.885410534193127
175.0,582.360011926831,-343.9270284679573,-3.095235934695994,1.6608710312463863e-09,3.0,118.82066130747599,31.885410450937055
175.20000000000002,582.1602267828885,-343.93629649150205,-3.0952359346960603,1.6707606490481198e-09,3.0,118.82065919377025,31.885410367680983
175.4,581.960441638946,-343.9455645150469,-3.095235934696065,-1.6708094087506744e-09,3.0,118.8206570800645,31.88541028442491
175.60000000000002,581.7606564950098,-343.95483253865365,-3.0952359346954643,1.6432585916661718e-09,3.0,118.82065496635877,31.88541020116884
175.8,581.5608713510674,-343.9641005621984,-3.0952359346953586,-1.642201786109822e-09,3.0,118.82065285265303,31.885410117912766
176.0,581.3610862071249,-343.97336858574323,-3.0952359346959963,-1.6624161573421198e-09,3.0,118.82065073894728,31.885410034656694
176.20000000000002,581.1613010631887,-343.98263660935004,-3.095235934696077,-5.759231921528036e-08,3.0,118.82064862524155,31.88540995140062
176.4,580.9615159192278,-343.9919046325001,-3.0952359346960976,5.7592114900991494e-08,3.0,118.8206465115358,31.885409868144553
176.60000000000002,580.7617307752854,-344.0011726560449,-3.0952359346960834,-1.671546663155221e-09,3.0,118.82064439783007,31.88540978488848
176.8,580.5619456313492,-344.01044067965177,-3.095235934696009,1.6697570885401266e-09,3.0,118.82064228412432,31.88540970163241
177.0,580.3621604874068,-344.01970870319656,-3.095235934696067,-1.6703343175274543e-09,3.0,118.82064017041857,31.885409618376336
177.20000000000002,580.1623753434824,-344.02897672713596,-3.095235934696094,-6.092667729202905e-08,3.0,118.82063805671284,31.88540953512026
177.4,579.962590199528,-344.0382447503481,-3.095235934695459,4.8268041919299e-08,3.0,118.82063594300709,31.88540945186419
177.60000000000002,579.7628050555917,-344.0475127739549,-3.0952359346953253,1.6404474686863972e-09,3.0,118.82063382930136,31.88540936860812
177.8,579.5630199116492,-344.05678079749964,-3.0952359346953555,1.0992688801873986e-08,3.0,118.82063171559561,31.885409285352047
178.0,579.363234767713,-344.0660488211065,-3.095235934696,-5.759380667755492e-08,3.0,118.82062960188986,31.885409202095975
178.20000000000002,579.1634496237523,-344.07531684425663,-3.0952359346961034,1.6715113044127023e-09,3.0,118.82062748818413,31.885409118839906
178.4,578.9636644798097,-344.08458486780137,-3.095235934696054,-1.6710182846322028e-09,3.0,118.82062537447838,31.885409035583834
178.60000000000002,578.7638793358918,-344.09385289180284,-3.095235934696001,1.6695883023181727e-09,3.0,118.82062326077265,31.885408952327758
178.8,578.5640941919494,-344.10312091534763,-3.095235934696067,1.6627275692540335e-09,3.0,118.8206211470669,31.885408869071686
179.0,578.3643090480069,-344.11238893889237,-3.0952359346961003,-1.6630607152895672e-09,3.0,118.82061903336115,31.885408785815613
179.20000000000002,578.1645239040525,-344.1216569621046,-3.095235934696103,1.6569721211040883e-09,3.0,118.82061691965542,31.885408702559545
179.4,577.9647387601101,-344.13092498564936,-3.0952359346954528,-1.6504705809007082e-09,3.0,118.82061480594967,31.885408619303472
179.60000000000002,577.7649536161675,-344.1401930091941,-3.095235934695352,-1.6504703458495935e-09,3.0,118.82061269224394,31.8854085360474
179.8,577.5651684722313,-344.14946103280096,-3.0952359346953298,1.6477969623110398e-09,3.0,118.8206105785382,31.885408452791328
180.0,577.3653833282889,-344.1587290563457,-3.0952359346960026,-1.654524981484615e-09,3.0,118.82060846483245,31.885408369535256
180.20000000000002,577.1655981843463,-344.16799707989054,-3.0952359346960785,-1.6704986510654963e-09,3.0,118.82060635112671,31.885408286279183
180.4,576.9658130404101,-344.1772651034973,-3.0952359346960066,-1.099718814579669e-08,3.0,118.82060423742097,31.88540820302311
180.60000000000002,576.7660278964676,-344.186533127042,-3.0952359346959666,-1.6683006407145383e-09,3.0,118.82060212371522,31.88540811976704
180.8,576.5662427525252,-344.1958011505869,-3.0952359346960665,-1.6698992644798015e-09,3.0,118.82060001000949,31.885408036510967
181.0,576.366457608577,-344.20506917386103,-3.0952359346961003,1.6719552417117812e-09,3.0,118.82059789630374,31.885407953254898
181.20000000000002,576.1666724646344,-344.2143371974058,-3.0952359346961047,1.6569721018033354e-09,3.0,118.820595782598,31.885407869998826
181.4,575.9668873206921,-344.2236052209506,-3.095235934695449,-1.6504173667454337e-09,3.0,118.82059366889226,31.885407786742753
181.60000000000002,575.7671021767558,-344.2328732445574,-3.095235934695358,6.091136993267058e-08,3.0,118.82059155518651,31.88540770348668
181.8,575.5673170328315,-344.2421412684968,-3.095235934696008,-5.759399818388506e-08,3.0,118.82058944148078,31.885407620230605
182.0,575.3675318888708,-344.251409291647,-3.0952359346960683,5.7593394269110035e-08,3.0,118.82058732777503,31.885407536974537
182.20000000000002,575.1677467449346,-344.26067731525376,-3.0952359346960736,1.670414425176242e-09,3.0,118.8205852140693,31.885407453718464
182.4,574.9679616009921,-344.2699453387986,-3.095235934696004,-1.6697172146705559e-09,3.0,118.82058310036355,31.885407370462392
182.60000000000002,574.7681764570495,-344.2792133623433,-3.0952359346959963,-1.6603513614100706e-09,3.0,118.8205809866578,31.88540728720632
182.8,574.5683913130952,-344.2884813855555,-3.0952359346960474,1.6708629359754578e-09,3.0,118.82057887295207,31.88540720395025
183.0,574.3686061691526,-344.2977494091003,-3.095235934696101,-1.6714002843012935e-09,3.0,118.82057675924632,31.88540712069418
183.20000000000002,574.1688210252101,-344.30701743264507,-3.0952359346954403,-1.6587213803596534e-09,3.0,118.82057464554059,31.885407037438107
183.4,573.9690358812923,-344.3162854566465,-3.095235934695361,1.6474550758771085e-09,3.0,118.82057253183484,31.88540695418203
183.60000000000002,573.7692507373497,-344.3255534801912,-3.0952359346959852,-1.6536989763256693e-09,3.0,118.8205704181291,31.88540687092596
183.8,573.5694655933889,-344.33482150334146,-3.0952359346960896,5.7584676411343166e-08,3.0,118.82056830442336,31.88540678766989
184.0,573.3696804494526,-344.34408952694815,-3.095235934696093,-1.0999821124808705e-08,3.0,118.82056619071761,31.885406704413818
184.20000000000002,573.1698953055164,-344.353357550555,-3.0952359346960736,1.6704321682099133e-09,3.0,118.82056407701188,31.885406621157745
184.4,572.970110161574,-344.3626255740998,-3.0952359346960057,1.0997951532765464e-08,3.0,118.82056196330613,31.885406537901673
184.60000000000002,572.7703250176378,-344.3718935977066,-3.0952359346960776,1.6714890993365616e-09,3.0,118.82055984960039,31.8854064546456
184.8,572.5705398736953,-344.3811616212514,-3.0952359346961034,1.6650232075071433e-09,3.0,118.82055773589465,31.88540637138953
185.0,572.3707547297529,-344.3904296447962,-3.0952359346954053,-1.6580420904703241e-09,3.0,118.8205556221889,31.885406288133456
185.20000000000002,572.1709695858166,-344.39969766840295,-3.0952359346953524,1.649542196823707e-09,3.0,118.82055350848317,31.885406204877384
185.4,571.9711844418741,-344.40896569194774,-3.095235934695359,-5.760745415608214e-08,3.0,118.82055139477743,31.885406121621312
185.60000000000002,571.7713992979134,-344.41823371509787,-3.0952359346960203,5.760084159573902e-08,3.0,118.82054928107168,31.885406038365243
185.8,571.5716141539772,-344.42750173870473,-3.095235934696063,1.6622789720392253e-09,3.0,118.82054716736594,31.88540595510917
186.0,571.3718290100346,-344.43676976224947,-3.0952359346960634,-1.6622834124901148e-09,3.0,118.8205450536602,31.8854058718531
186.20000000000002,571.1720438660922,-344.44603778579426,-3.095235934696001,-1.6695528305496295e-09,3.0,118.82054293995445,31.885405788597026
186.4,570.972258722156,-344.45530580940107,-3.095235934696084,1.6631760910695617e-09,3.0,118.82054082624872,31.885405705340954
186.60000000000002,570.7724735782134,-344.46457383294575,-3.0952359346961114,-1.6634514668206945e-09,3.0,118.82053871254297,31.885405622084882
186.8,570.572688434271,-344.4738418564906,-3.095235934696108,-1.6721730087591242e-09,3.0,118.82053659883724,31.88540553882881
187.0,570.3729032903348,-344.48310988009746,-3.0952359346954257,-1.09951712687994e-08,3.0,118.82053448513149,31.885405455572737
187.20000000000002,570.1731181463923,-344.49237790364214,-3.0952359346953244,-1.6411312909305694e-09,3.0,118.82053237142574,31.885405372316665
187.4,569.9733330024316,-344.5016459267923,-3.0952359346953595,5.7614403500918485e-08,3.0,118.82053025772001,31.885405289060596
187.60000000000002,569.7735478585015,-344.51091395046114,-3.0952359346960234,1.6700370262789424e-09,3.0,118.82052814401426,31.885405205804524
187.8,569.573762714559,-344.52018197400594,-3.0952359346960665,1.661435259407995e-09,3.0,118.82052603030853,31.885405122548452
188.0,569.3739775706166,-344.5294499975507,-3.095235934695972,-1.6604894238830968e-09,3.0,118.82052391660278,31.88540503929238
188.20000000000002,569.1741924266986,-344.5387180215522,-3.0952359346959906,-5.759417990489392e-08,3.0,118.82052180289703,31.885404956036304
188.4,568.9744072827378,-344.5479860447023,-3.0952359346960847,1.663202498407806e-09,3.0,118.8205196891913,31.885404872780235
188.60000000000002,568.7746221387953,-344.557254068247,-3.0952359346961122,-1.6634778770521063e-09,3.0,118.82051757548555,31.885404789524163
188.8,568.5748369948591,-344.56652209185387,-3.0952359346961136,1.6653649517166465e-09,3.0,118.82051546177982,31.88540470626809
189.0,568.3750518509166,-344.5757901153987,-3.095235934695419,-1.658419293694042e-09,3.0,118.82051334807407,31.88540462301202
189.20000000000002,568.1752667069741,-344.5850581389434,-3.0952359346953595,-1.6417664229725928e-09,3.0,118.82051123436833,31.885404539755946
189.4,567.9754815630197,-344.59432616215565,-3.0952359346959986,1.6612307560980827e-09,3.0,118.82050912066259,31.885404456499877
189.60000000000002,567.7756964190771,-344.60359418570044,-3.0952359346960874,-1.6621188628448062e-09,3.0,118.82050700695684,31.885404373243805
189.8,567.5759112751529,-344.6128622096398,-3.095235934696061,-6.09262247235586e-08,3.0,118.82050489325111,31.88540428998773
190.0,567.3761261312167,-344.62213023324665,-3.0952359346960017,-5.7595148380105315e-08,3.0,118.82050277954536,31.885404206731657
190.20000000000002,567.1763409872559,-344.6313982563967,-3.0952359346959657,5.7595507844132634e-08,3.0,118.82050066583962,31.88540412347559
190.4,566.9765558433135,-344.64066627994157,-3.095235934696086,-1.6702810421186133e-09,3.0,118.82049855213388,31.885404040219516
190.60000000000002,566.7767706993773,-344.64993430354826,-3.09523593469611,-1.1000123087139964e-08,3.0,118.82049643842814,31.885403956963444
190.8,566.5769855554348,-344.6592023270931,-3.095235934695415,-1.658304065438479e-09,3.0,118.8204943247224,31.88540387370737
191.0,566.3772004114985,-344.6684703506999,-3.095235934695364,1.098465109102976e-08,3.0,118.82049221101666,31.8854037904513
191.20000000000002,566.1774152675623,-344.6777383743067,-3.095235934696031,1.6703567513657275e-09,3.0,118.82049009731091,31.885403707195227
191.4,565.9776301236199,-344.6870063978515,-3.0952359346960834,1.6711160645371334e-09,3.0,118.82048798360518,31.885403623939155
191.60000000000002,565.7778449796773,-344.6962744213963,-3.0952359346960545,-1.6708273795792455e-09,3.0,118.82048586989943,31.885403540683082
191.8,565.5780598357411,-344.70554244500306,-3.0952359346960585,-5.758515181331179e-08,3.0,118.8204837561937,31.88540345742701
192.0,565.3782746917803,-344.71481046815325,-3.095235934696,1.661328610667545e-09,3.0,118.82048164248795,31.88540337417094
192.20000000000002,565.1784895478378,-344.72407849169804,-3.0952359346960945,-1.6622744845658635e-09,3.0,118.8204795287822,31.88540329091487
192.4,564.9787044039016,-344.73334651530485,-3.0952359346960843,1.6646233226114368e-09,3.0,118.82047741507647,31.885403207658797
192.60000000000002,564.778919259959,-344.74261453884964,-3.0952359346954035,-1.6578154894591057e-09,3.0,118.82047530137072,31.885403124402725
192.8,564.5791341160349,-344.75188256278904,-3.0952359346953537,-6.09052372676548e-08,3.0,118.82047318766497,31.88540304114665
193.0,564.3793489720804,-344.7611505860012,-3.095235934695363,1.6565630234912044e-09,3.0,118.82047107395924,31.88540295789058
193.20000000000002,564.1795638281379,-344.77041860954597,-3.09523593469604,-1.6633308300027653e-09,3.0,118.82046896025349,31.885402874634508
193.4,563.9797786841954,-344.77968663309076,-3.0952359346960807,-1.6623987882758387e-09,3.0,118.82046684654776,31.885402791378436
193.60000000000002,563.7799935402592,-344.78895465669757,-3.095235934696053,-1.1007450317491737e-08,3.0,118.82046473284201,31.885402708122363
193.8,563.5802083963167,-344.7982226802423,-3.0952359346959692,-1.660302650045906e-09,3.0,118.82046261913626,31.88540262486629
194.0,563.380423252356,-344.80749070339255,-3.095235934696098,5.7584667469177246e-08,3.0,118.82046050543053,31.885402541610222
194.20000000000002,563.1806381084259,-344.81675872706126,-3.095235934696117,6.092764558036446e-08,3.0,118.82045839172478,31.88540245835415
194.4,562.9808529645018,-344.8260267510007,-3.0952359346961176,1.6649608403929923e-09,3.0,118.82045627801905,31.885402375098074
194.60000000000002,562.7810678205592,-344.8352947745455,-3.0952359346953706,-1.6574912800415581e-09,3.0,118.8204541643133,31.885402291842002
194.8,562.5812826766047,-344.84456279775765,-3.095235934695352,1.6495598873357306e-09,3.0,118.82045205060756,31.885402208585933
195.0,562.3814975326623,-344.85383082130244,-3.0952359346953617,1.6565586888227413e-09,3.0,118.82044993690182,31.88540212532986
195.20000000000002,562.1817123887198,-344.86309884484723,-3.095235934696042,-1.663362090086435e-09,3.0,118.82044782319608,31.88540204207379
195.4,561.9819272447836,-344.872366868454,-3.095235934696054,1.6699568735012593e-09,3.0,118.82044570949034,31.885401958817717
195.60000000000002,561.782142100841,-344.88163489199883,-3.0952359346959972,-5.759494837306699e-08,3.0,118.8204435957846,31.885401875561644
195.8,561.5823569568803,-344.8909029151489,-3.0952359346959946,5.7594974696879846e-08,3.0,118.82044148207885,31.885401792305576
196.0,561.3825718129623,-344.90017093915037,-3.09523593469607,1.6715157239568896e-09,3.0,118.82043936837312,31.8854017090495
196.20000000000002,561.1827866690198,-344.90943896269516,-3.095235934696121,-1.6720264558539582e-09,3.0,118.82043725466737,31.885401625793428
196.4,560.9830015250773,-344.91870698623995,-3.0952359346961185,-1.672483826024863e-09,3.0,118.82043514096164,31.885401542537355
196.60000000000002,560.7832163811411,-344.92797500984676,-3.0952359346953946,-5.761361346878071e-08,3.0,118.82043302725589,31.885401459281283
196.8,560.5834312371803,-344.9372430329969,-3.0952359346953333,5.761422594168443e-08,3.0,118.82043091355014,31.885401376025214
197.0,560.3836460932379,-344.9465110565417,-3.095235934696042,-1.6630781211197564e-09,3.0,118.82042879984441,31.885401292769142
197.20000000000002,560.1838609493017,-344.95577908014855,-3.0952359346960465,-1.1006930943652088e-08,3.0,118.82042668613866,31.88540120951307
197.4,559.9840758053592,-344.9650471036933,-3.0952359346959986,-1.6608223053943924e-09,3.0,118.82042457243293,31.885401126256998
197.60000000000002,559.7842906614229,-344.9743151273001,-3.095235934695965,1.1004803676481283e-08,3.0,118.82042245872718,31.885401043000925
197.8,559.5845055174867,-344.9835831509069,-3.095235934695993,1.6612754692348093e-09,3.0,118.82042034502143,31.885400959744853
198.0,559.3847203735443,-344.99285117445163,-3.0952359346961034,1.672177521295357e-09,3.0,118.8204182313157,31.88540087648878
198.20000000000002,559.1849352296017,-345.0021191979964,-3.0952359346961207,-1.6723508064896159e-09,3.0,118.82041611760995,31.88540079323271
198.4,558.9851500856655,-345.01138722160323,-3.095235934695391,-5.7613386703984976e-08,3.0,118.82041400390422,31.885400709976636
198.60000000000002,558.7853649417048,-345.02065524475336,-3.095235934695363,1.6489116169192564e-09,3.0,118.82041189019847,31.885400626720568
198.8,558.5855797977623,-345.0299232682981,-3.0952359346960474,-1.6557550426184827e-09,3.0,118.82040977649272,31.885400543464495
199.0,558.385794653826,-345.03919129190496,-3.095235934696043,6.092574091771301e-08,3.0,118.82040766278699,31.885400460208423
199.20000000000002,558.1860095099017,-345.04845931584435,-3.0952359346960754,-6.092606537822815e-08,3.0,118.82040554908124,31.885400376952347
199.4,557.9862243659409,-345.0577273389945,-3.095235934696043,5.7593224751864346e-08,3.0,118.8204034353755,31.88540029369628
199.60000000000002,557.7864392220048,-345.0669953626013,-3.095235934695999,1.6696595626352497e-09,3.0,118.82040132166976,31.885400210440206
199.8,557.5866540780623,-345.07626338614614,-3.0952359346960776,-1.6704455676827131e-09,3.0,118.82039920796402,31.885400127184134
200.0,557.3868689341198,-345.0855314096908,-3.0952359346961185,-1.663531480665673e-09,3.0,118.82039709425828,31.885400043928062
200.20000000000002,557.1870837901836,-345.0947994332977,-3.0952359346953804,-1.099437180127431e-08,3.0,118.82039498055254,31.88539996067199
200.4,556.9872986462228,-345.1040674564478,-3.095235934695358,5.761387068556488e-08,3.0,118.82039286684679,31.88539987741592
200.60000000000002,556.7875135022804,-345.11333547999266,-3.095235934695369,-1.6498619791358248e-09,3.0,118.82039075314106,31.88539979415985
200.8,556.5877283583686,-345.1226035040561,-3.0952359346960514,1.670627659049787e-09,3.0,118.82038863943531,31.885399710903773
201.0,556.3879432144262,-345.1318715276009,-3.0952359346960696,1.6618658990513952e-09,3.0,118.82038652572957,31.8853996276477
201.20000000000002,556.1881580704836,-345.1411395511456,-3.0952359346960088,-1.6612574777033724e-09,3.0,118.82038441202383,31.88539954439163
201.4,555.9883729265291,-345.15040757435776,-3.0952359346960003,1.6700234624042142e-09,3.0,118.82038229831808,31.88539946113556
201.60000000000002,555.7885877825867,-345.15967559790255,-3.0952359346961114,1.6723860520140008e-09,3.0,118.82038018461235,31.885399377879487
201.8,555.5888026386441,-345.16894362144734,-3.0952359346961256,-1.6725281778650065e-09,3.0,118.8203780709066,31.885399294623415
202.0,555.389017494708,-345.17821164505415,-3.0952359346960923,1.6644679039345604e-09,3.0,118.82037595720087,31.885399211367343
202.20000000000002,555.1892323507655,-345.18747966859894,-3.095235934695372,1.6499153176547232e-09,3.0,118.82037384349512,31.88539912811127
202.4,554.989447206823,-345.19674769214373,-3.0952359346953573,-1.6497687473475823e-09,3.0,118.82037172978937,31.8853990448552
202.60000000000002,554.7896620628868,-345.2060157157505,-3.0952359346953675,1.6568562659262175e-09,3.0,118.82036961608364,31.885398961599126
202.8,554.5898769189444,-345.2152837392953,-3.0952359346960603,-1.6637840502387502e-09,3.0,118.82036750237789,31.885398878343054
203.0,554.3900917750019,-345.2245517628401,-3.095235934696034,-1.6701877356435078e-09,3.0,118.82036538867216,31.88539879508698
203.20000000000002,554.1903066310474,-345.23381978605227,-3.095235934695996,1.6684782314256743e-09,3.0,118.82036327496641,31.885398711830913
203.4,553.990521487105,-345.243087809597,-3.0952359346959657,-1.6681763670992059e-09,3.0,118.82036116126066,31.88539862857484
203.60000000000002,553.7907363431625,-345.25235583314185,-3.0952359346961185,-1.6624119566690377e-09,3.0,118.82035904755493,31.88539854531877
203.8,553.5909511992444,-345.2616238571432,-3.095235934696127,-7.026452686992335e-08,3.0,118.82035693384918,31.885398462062692
204.0,553.3911660552836,-345.27089188029333,-3.0952359346961256,5.7591057747406266e-08,3.0,118.82035482014345,31.885398378806624
204.20000000000002,553.1913809113474,-345.2801599039002,-3.0952359346953364,1.098517514163428e-08,3.0,118.8203527064377,31.88539829555055
204.4,552.9915957674112,-345.289427927507,-3.0952359346953657,1.6482900721214379e-09,3.0,118.82035059273196,31.88539821229448
204.60000000000002,552.7918106234688,-345.29869595105174,-3.095235934696059,1.671200127367145e-09,3.0,118.82034847902622,31.885398129038407
204.8,552.5920254795263,-345.30796397459653,-3.0952359346960328,-1.6709380600448086e-09,3.0,118.82034636532048,31.885398045782335
205.0,552.3922403355718,-345.3172319978087,-3.0952359346960003,1.668859839960386e-09,3.0,118.82034425161473,31.885397962526266
205.20000000000002,552.1924551916293,-345.32650002135347,-3.095235934695995,6.092399126182293e-08,3.0,118.820342137909,31.885397879270194
205.4,551.9926700477051,-345.33576804529287,-3.0952359346959963,-6.09240044243547e-08,3.0,118.82034002420325,31.885397796014118
205.60000000000002,551.7928849037688,-345.34503606889973,-3.0952359346960883,1.6634513809830426e-09,3.0,118.82033791049751,31.885397712758046
205.8,551.5930997598264,-345.35430409244447,-3.09523593469613,-1.6638687887477995e-09,3.0,118.82033579679177,31.885397629501973
206.0,551.3933146158656,-345.36357211559465,-3.095235934695362,5.7597777121552605e-08,3.0,118.82033368308602,31.885397546245905
206.20000000000002,551.1935294719294,-345.3728401392014,-3.09523593469537,1.6566076948816758e-09,3.0,118.82033156938029,31.885397462989832
206.4,550.993744327987,-345.3821081627462,-3.09523593469603,-1.6632068982508178e-09,3.0,118.82032945567454,31.88539737973376
206.60000000000002,550.7939591840444,-345.39137618629104,-3.09523593469606,-1.6704011287624251e-09,3.0,118.8203273419688,31.885397296477688
206.8,550.5941740400899,-345.4006442095032,-3.0952359346960607,4.8256349247478894e-08,3.0,118.82032522826306,31.88539721322162
207.0,550.3943888961658,-345.4099122334426,-3.0952359346960288,-6.092531021038232e-08,3.0,118.82032311455731,31.885397129965543
207.20000000000002,550.1946037522232,-345.4191802569874,-3.0952359346960026,-1.6607246350831969e-09,3.0,118.82032100085158,31.88539704670947
207.4,549.9948186082869,-345.4284482805942,-3.0952359346961202,-1.100800985741735e-08,3.0,118.82031888714583,31.8853969634534
207.60000000000002,549.7950334643508,-345.437716304201,-3.0952359346961202,-5.7599113765991903e-08,3.0,118.8203167734401,31.885396880197327
207.8,549.59524832039,-345.4469843273511,-3.095235934695332,5.760699668933581e-08,3.0,118.82031465973435,31.885396796941258
208.0,549.3954631764537,-345.4562523509579,-3.095235934695365,1.641459952602191e-09,3.0,118.8203125460286,31.885396713685186
208.20000000000002,549.1956780325113,-345.46552037450266,-3.0952359346953777,1.6570428227410016e-09,3.0,118.82031043232287,31.885396630429113
208.4,548.9958928885688,-345.47478839804745,-3.0952359346960585,-1.6638506610272938e-09,3.0,118.82030831861712,31.88539654717304
208.60000000000002,548.7961077446325,-345.4840564216543,-3.0952359346960274,1.6611552523200836e-09,3.0,118.82030620491139,31.88539646391697
208.8,548.5963226006901,-345.49332444519905,-3.095235934696022,1.6693397727876102e-09,3.0,118.82030409120564,31.885396380660897
209.0,548.3965374567478,-345.50259246874384,-3.0952359346959994,-1.669113388379853e-09,3.0,118.8203019774999,31.885396297404824
209.20000000000002,548.1967523128114,-345.51186049235065,-3.0952359346961247,1.66423286750727e-09,3.0,118.82029986379416,31.885396214148752
209.4,547.9969671688689,-345.5211285158954,-3.0952359346961353,-1.664339403079471e-09,3.0,118.82029775008841,31.88539613089268
209.60000000000002,547.7971820249082,-345.5303965390455,-3.0952359346961136,5.7591213305986617e-08,3.0,118.82029563638268,31.88539604763661
209.8,547.5973968809719,-345.5396645626524,-3.0952359346953626,1.649471160675483e-09,3.0,118.82029352267693,31.88539596438054
210.0,547.3976117370296,-345.54893258619717,-3.0952359346953315,-1.6491603217318452e-09,3.0,118.82029140897119,31.885395881124467
210.20000000000002,547.1978265931052,-345.5582006101366,-3.0952359346953897,-6.09052369475854e-08,3.0,118.82028929526545,31.88539579786839
210.4,546.998041449169,-345.5674686337433,-3.095235934696054,-1.0992040970082234e-08,3.0,118.8202871815597,31.88539571461232
210.60000000000002,546.7982563052082,-345.57673665689356,-3.09523593469602,5.758538304167896e-08,3.0,118.82028506785397,31.88539563135625
210.8,546.598471161272,-345.5860046805003,-3.095235934695967,1.1004124594554972e-08,3.0,118.82028295414823,31.885395548100178
211.0,546.3986860173358,-345.5952727041071,-3.0952359346959994,1.6701568860620826e-09,3.0,118.82028084044248,31.885395464844105
211.20000000000002,546.1989008733932,-345.6045407276519,-3.0952359346961265,-5.7590978010046415e-08,3.0,118.82027872673675,31.885395381588033
211.4,545.9991157294323,-345.61380875080204,-3.095235934696133,5.7590911563535246e-08,3.0,118.820276613031,31.885395298331964
211.60000000000002,545.7993305854963,-345.6230767744088,-3.0952359346961136,6.092855150896303e-08,3.0,118.82027449932525,31.885395215075892
211.8,545.599545441572,-345.6323447983483,-3.0952359346953635,1.6415844832158385e-09,3.0,118.82027238561952,31.885395131819816
212.0,545.3997602976295,-345.641612821893,-3.095235934695393,-1.6418777064574624e-09,3.0,118.82027027191377,31.885395048563744
212.20000000000002,545.1999751536933,-345.65088084549984,-3.0952359346960514,-5.7593602588932835e-08,3.0,118.82026815820804,31.885394965307672
212.4,545.0001900097325,-345.66014886864997,-3.0952359346960208,5.7593909223451924e-08,3.0,118.82026604450229,31.885394882051603
212.60000000000002,544.80040486579,-345.6694168921948,-3.0952359346959963,-1.6690374739715445e-09,3.0,118.82026393079654,31.88539479879553
212.8,544.6006197218537,-345.6786849158015,-3.0952359346959963,1.6685624797483356e-09,3.0,118.82026181709081,31.88539471553946
213.0,544.4008345779114,-345.6879529393463,-3.0952359346959732,-1.6683315621294874e-09,3.0,118.82025970338506,31.885394632283386
213.20000000000002,544.2010494339505,-345.6972209624965,-3.0952359346961336,5.759243445286733e-08,3.0,118.82025758967933,31.885394549027318
213.4,544.0012642900325,-345.7064889864979,-3.095235934696104,-7.026421581594383e-08,3.0,118.82025547597358,31.885394465771242
213.60000000000002,543.8014791460901,-345.7157570100427,-3.095235934695365,-1.6572383138619364e-09,3.0,118.82025336226783,31.88539438251517
213.8,543.6016940021476,-345.7250250335875,-3.09523593469537,-1.6499550683012631e-09,3.0,118.8202512485621,31.885394299259097
214.0,543.4019088582114,-345.73429305719424,-3.095235934696048,-1.0991721286727423e-08,3.0,118.82024913485635,31.885394216003025
214.20000000000002,543.2021237142569,-345.74356108040644,-3.095235934696049,1.6703655086674027e-09,3.0,118.82024702115062,31.885394132746956
214.4,543.0023385703145,-345.7528291039512,-3.095235934696048,1.1006704312560876e-08,3.0,118.82024490744487,31.885394049490884
214.60000000000002,542.8025534263783,-345.76209712755804,-3.0952359346960168,6.092449717071078e-08,3.0,118.82024279373913,31.885393966234812
214.8,542.602768282454,-345.77136515149743,-3.0952359346960034,1.6702721666224743e-09,3.0,118.8202406800334,31.885393882978736
215.0,542.4029831385114,-345.7806331750423,-3.09523593469613,-1.6715377504156414e-09,3.0,118.82023856632765,31.885393799722664
215.20000000000002,542.2031979945571,-345.7899011982544,-3.095235934696069,1.6554755495618552e-09,3.0,118.82023645262191,31.885393716466595
215.4,542.0034128506146,-345.79916922179916,-3.0952359346953706,1.6499817877763115e-09,3.0,118.82023433891617,31.885393633210523
215.60000000000002,541.8036277066722,-345.808437245344,-3.0952359346953666,-1.6499418553299405e-09,3.0,118.82023222521042,31.88539354995445
215.8,541.603842562736,-345.81770526895076,-3.095235934695406,-5.760654798438105e-08,3.0,118.82023011150469,31.88539346669838
216.0,541.4040574187752,-345.8269732921009,-3.0952359346960168,5.7600441843321525e-08,3.0,118.82022799779894,31.88539338344231
216.20000000000002,541.2042722748326,-345.83624131564574,-3.0952359346960425,-1.669921520042645e-09,3.0,118.8202258840932,31.885393300186237
216.4,541.0044871309146,-345.84550933964715,-3.095235934696009,1.6606358291909255e-09,3.0,118.82022377038746,31.88539321693016
216.60000000000002,540.8047019869722,-345.85477736319183,-3.0952359346960066,-1.6606092419363943e-09,3.0,118.82022165668171,31.88539313367409
216.8,540.6049168430296,-345.86404538673673,-3.0952359346961384,-1.6717380840643312e-09,3.0,118.82021954297598,31.885393050418017
217.0,540.4051316990751,-345.8733134099488,-3.0952359346961353,4.825407079358459e-08,3.0,118.82021742927023,31.88539296716195
217.20000000000002,540.2053465551328,-345.8825814334936,-3.09523593469609,-1.6720576914966638e-09,3.0,118.8202153155645,31.885392883905876
217.4,540.0055614111965,-345.8918494571004,-3.0952359346953386,1.0986076312556365e-08,3.0,118.82021320185875,31.885392800649804
217.60000000000002,539.8057762672603,-345.9011174807072,-3.0952359346953724,1.6505102842705568e-09,3.0,118.820211088153,31.88539271739373
217.8,539.6059911233178,-345.910385504252,-3.095235934695416,1.6490895352215597e-09,3.0,118.82020897444727,31.88539263413766
218.0,539.4062059793754,-345.91965352779675,-3.0952359346960385,-1.6553157044495752e-09,3.0,118.82020686074152,31.885392550881587
218.20000000000002,539.2064208354392,-345.92892155140356,-3.0952359346959764,1.668407070859573e-09,3.0,118.82020474703577,31.885392467625515
218.4,539.0066356914967,-345.93818957494835,-3.0952359346959977,1.6604225695246048e-09,3.0,118.82020263333004,31.885392384369442
218.60000000000002,538.8068505475542,-345.9474575984931,-3.0952359346960083,-1.6605291002201727e-09,3.0,118.8202005196243,31.88539230111337
218.8,538.6070654035997,-345.95672562170535,-3.0952359346961367,1.664543646391432e-09,3.0,118.82019840591856,31.8853922178573
219.0,538.4072802596572,-345.9659936452501,-3.0952359346961424,-1.6646012868236357e-09,3.0,118.82019629221281,31.88539213460123
219.20000000000002,538.2074951157148,-345.9752616687949,-3.0952359346960847,-1.6720216337450637e-09,3.0,118.82019417850707,31.885392051345157
219.4,538.0077099717786,-345.9845296924017,-3.0952359346953675,1.641681884786803e-09,3.0,118.82019206480133,31.885391968089085
219.60000000000002,537.807924827836,-345.9937977159464,-3.0952359346953946,-1.6419527237960183e-09,3.0,118.82018995109559,31.885391884833012
219.8,537.6081396838936,-346.0030657394912,-3.0952359346960416,-1.663681926452541e-09,3.0,118.82018783738985,31.88539180157694
220.0,537.4083545399574,-346.01233376309807,-3.0952359346960026,-1.1006047085575561e-08,3.0,118.8201857236841,31.885391718320868
220.20000000000002,537.2085693960148,-346.0216017866428,-3.0952359346959972,-1.660355848884998e-09,3.0,118.82018360997836,31.885391635064796
220.4,537.0087842520724,-346.0308698101876,-3.095235934695971,-1.6682960089929013e-09,3.0,118.82018149627262,31.885391551808723
220.60000000000002,536.808999108118,-346.04013783339974,-3.095235934696009,4.825826761758383e-08,3.0,118.82017938256688,31.885391468552655
220.8,536.6092139641817,-346.0494058570066,-3.095235934696139,1.6639710337702585e-09,3.0,118.82017726886114,31.885391385296582
221.0,536.4094288202392,-346.05867388055134,-3.0952359346960807,7.025617344501951e-08,3.0,118.8201751551554,31.88539130204051
221.20000000000002,536.2096436763213,-346.06794190455275,-3.0952359346953755,1.650701294655108e-09,3.0,118.82017304144965,31.885391218784434
221.4,536.0098585323789,-346.07720992809755,-3.095235934695429,-5.760592178414812e-08,3.0,118.82017092774392,31.885391135528362
221.60000000000002,535.810073388418,-346.0864779512477,-3.095235934696034,5.7599868934188466e-08,3.0,118.82016881403817,31.885391052272293
221.8,535.6102882444818,-346.0957459748545,-3.0952359346960083,1.6694417585709104e-09,3.0,118.82016670033244,31.88539096901622
222.0,535.4105031005394,-346.10501399839933,-3.095235934696037,1.6611109175194446e-09,3.0,118.82016458662669,31.88539088576015
222.20000000000002,535.2107179565969,-346.11428202194406,-3.095235934695998,-1.6607201246002076e-09,3.0,118.82016247292094,31.885390802504077
222.4,535.0109328126606,-346.12355004555087,-3.095235934696009,-5.759352286431265e-08,3.0,118.82016035921521,31.885390719248004
222.60000000000002,534.8111476686998,-346.13281806870106,-3.095235934696113,5.759248385353316e-08,3.0,118.82015824550946,31.885390635991936
222.8,534.6113625247755,-346.14208609264045,-3.095235934696073,-6.092672213624793e-08,3.0,118.82015613180373,31.88539055273586
223.0,534.4115773808394,-346.15135411624726,-3.0952359346953715,1.6415444385592549e-09,3.0,118.82015401809798,31.885390469479788
223.20000000000002,534.2117922368968,-346.160622139792,-3.095235934695373,-1.641557741174453e-09,3.0,118.82015190439223,31.885390386223715
223.4,534.0120070929361,-346.1698901629422,-3.0952359346954417,5.7603758908960194e-08,3.0,118.8201497906865,31.885390302967647
223.60000000000002,533.8122219489999,-346.179158186549,-3.0952359346960314,-1.0992107532808598e-08,3.0,118.82014767698075,31.885390219711574
223.8,533.6124368050574,-346.1884262100938,-3.095235934696026,-1.669739350981814e-09,3.0,118.820145563275,31.885390136455502
224.0,533.4126516611211,-346.19769423370053,-3.0952359346959675,1.0996597150679706e-08,3.0,118.82014344956927,31.88539005319943
224.20000000000002,533.2128665171849,-346.20696225730734,-3.0952359346960185,1.6707031235246913e-09,3.0,118.82014133586353,31.885389969943358
224.4,533.0130813732425,-346.21623028085213,-3.095235934696143,1.6731365149902936e-09,3.0,118.82013922215779,31.885389886687285
224.60000000000002,532.8132962292999,-346.2254983043969,-3.0952359346961376,-1.6730831839516418e-09,3.0,118.82013710845204,31.885389803431213
224.8,532.6135110853637,-346.2347663280037,-3.0952359346960407,1.663437704843611e-09,3.0,118.8201349947463,31.88538972017514
225.0,532.4137259414213,-346.24403435154846,-3.095235934695372,-5.761364887641179e-08,3.0,118.82013288104056,31.88538963691907
225.20000000000002,532.2139407974605,-346.2533023746986,-3.095235934695375,5.761361762945896e-08,3.0,118.82013076733482,31.885389553663
225.4,532.0141556535242,-346.26257039830546,-3.0952359346954457,1.6495957244661658e-09,3.0,118.82012865362908,31.885389470406928
225.60000000000002,531.8143705095817,-346.2718384218502,-3.0952359346960296,-1.655435546040322e-09,3.0,118.82012653992334,31.885389387150855
225.8,531.6145853656576,-346.2811064457897,-3.09523593469599,-6.09327437640518e-08,3.0,118.82012442621759,31.88538930389478
226.0,531.4148002217213,-346.2903744693964,-3.095235934695998,-5.759498389548453e-08,3.0,118.82012231251186,31.885389220638707
226.20000000000002,531.2150150777605,-346.2996424925465,-3.0952359346959892,5.759507263351071e-08,3.0,118.82012019880611,31.88538913738264
226.4,531.015229933818,-346.3089105160914,-3.09523593469615,-1.671795617568814e-09,3.0,118.82011808510038,31.885389054126566
226.60000000000002,530.8154447898818,-346.3181785396982,-3.095235934696141,-1.1009901798407574e-08,3.0,118.82011597139463,31.885388970870494
226.8,530.6156596459393,-346.3274465632429,-3.095235934696059,-1.662976203658475e-09,3.0,118.82011385768888,31.885388887614422
227.0,530.415874501997,-346.33671458678776,-3.0952359346953493,-1.656478896151311e-09,3.0,118.82011174398315,31.88538880435835
227.20000000000002,530.2160893580425,-346.34598260999985,-3.0952359346954568,4.827553372995831e-08,3.0,118.8201096302774,31.88538872110228
227.4,530.0163042141245,-346.3552506340013,-3.095235934696022,1.669193012242715e-09,3.0,118.82010751657167,31.885388637846205
227.60000000000002,529.816519070182,-346.3645186575461,-3.095235934695985,1.1005021309431464e-08,3.0,118.82010540286592,31.885388554590133
227.8,529.6167339262457,-346.3737866811529,-3.0952359346959746,-5.7595338856159e-08,3.0,118.82010328916017,31.88538847133406
228.0,529.416948782285,-346.38305470430305,-3.095235934696001,1.6605868556646106e-09,3.0,118.82010117545444,31.885388388077992
228.20000000000002,529.2171636383424,-346.3923227278478,-3.0952359346960185,-1.6607645751755833e-09,3.0,118.82009906174869,31.88538830482192
228.4,529.0173784944062,-346.40159075145465,-3.0952359346961473,1.6724570224124218e-09,3.0,118.82009694804296,31.885388221565847
228.60000000000002,528.8175933504638,-346.41085877499944,-3.0952359346960607,1.6553599793179347e-09,3.0,118.82009483433721,31.885388138309775
228.8,528.6178082065213,-346.4201267985442,-3.095235934695376,-1.6485121069305212e-09,3.0,118.82009272063146,31.885388055053703
229.0,528.418023062585,-346.429394822151,-3.095235934695456,1.6579887673411107e-09,3.0,118.82009060692573,31.88538797179763
229.20000000000002,528.2182379186426,-346.43866284569583,-3.095235934695997,-1.663397770821649e-09,3.0,118.82008849321998,31.88538788854156
229.4,528.0184527747001,-346.44793086924057,-3.095235934696027,-1.660893212123432e-09,3.0,118.82008637951425,31.885387805285486
229.60000000000002,527.8186676307638,-346.4571988928474,-3.095235934696017,-5.759469081568742e-08,3.0,118.8200842658085,31.885387722029414
229.8,527.618882486803,-346.4664669159975,-3.0952359346959804,5.759505924552736e-08,3.0,118.82008215210276,31.885387638773345
230.0,527.4190973428606,-346.4757349395423,-3.0952359346959932,-1.6685716148455406e-09,3.0,118.82008003839702,31.885387555517273
230.20000000000002,527.2193121989243,-346.48500296314916,-3.0952359346961478,-1.100767708461356e-08,3.0,118.82007792469128,31.8853874722612
230.4,527.0195270549818,-346.49427098669383,-3.095235934696051,-1.6628830297560163e-09,3.0,118.82007581098553,31.88538738900513
230.60000000000002,526.8197419110456,-346.5035390103007,-3.0952359346953773,1.097845602183422e-08,3.0,118.8200736972798,31.885387305749056
230.8,526.6199567671094,-346.51280703390745,-3.095235934695385,1.6512520178198281e-09,3.0,118.82007158357405,31.885387222492984
231.0,526.420171623167,-346.52207505745224,-3.095235934695465,1.6583615658456858e-09,3.0,118.82006946986832,31.88538713923691
231.20000000000002,526.2203864792244,-346.5313430809971,-3.0952359346960154,-1.6638636950263588e-09,3.0,118.82006735616257,31.88538705598084
231.4,526.0206013352882,-346.5406111046038,-3.095235934695988,1.6685224412057266e-09,3.0,118.82006524245682,31.885386972724767
231.60000000000002,525.8208161913457,-346.54987912814863,-3.095235934695986,-5.759489064621278e-08,3.0,118.82006312875109,31.885386889468695
231.8,525.6210310473849,-346.5591471512987,-3.0952359346960225,5.759452650441381e-08,3.0,118.82006101504534,31.885386806212626
232.0,525.4212459034487,-346.56841517490557,-3.0952359346961464,6.09282409393299e-08,3.0,118.8200589013396,31.885386722956554
232.20000000000002,525.2214607595243,-346.57768319884497,-3.0952359346961185,-6.092796138671292e-08,3.0,118.82005678763386,31.885386639700478
232.4,525.0216756155819,-346.5869512223897,-3.095235934696043,-1.670947199188213e-09,3.0,118.82005467392811,31.885386556444406
232.60000000000002,524.8218904716275,-346.5962192456019,-3.09523593469538,1.6503281596977061e-09,3.0,118.82005256022238,31.885386473188337
232.8,524.6221053276851,-346.6054872691467,-3.0952359346953826,-1.6503546370691647e-09,3.0,118.82005044651663,31.885386389932265
233.0,524.4223201837426,-346.6147552926914,-3.095235934695479,-1.6437912902613942e-09,3.0,118.8200483328109,31.885386306676192
233.20000000000002,524.2225350398064,-346.6240233162983,-3.0952359346960083,-1.1000535885174536e-08,3.0,118.82004621910515,31.88538622342012
233.4,524.022749895864,-346.6332913398431,-3.095235934695974,-1.668469299947809e-09,3.0,118.8200441053994,31.885386140164048
233.60000000000002,523.8229647519031,-346.6425593629932,-3.0952359346959786,5.759552533829671e-08,3.0,118.82004199169367,31.88538605690798
233.8,523.6231796079852,-346.6518273869946,-3.0952359346960296,-7.02611825930769e-08,3.0,118.82003987798792,31.885385973651903
234.0,523.4233944640489,-346.66109541060143,-3.095235934696153,1.67337196943341e-09,3.0,118.82003776428219,31.88538589039583
234.20000000000002,523.2236093201064,-346.6703634341462,-3.0952359346961407,-4.825522998995872e-08,3.0,118.82003565057644,31.88538580713976
234.4,523.023824176152,-346.67963145735837,-3.095235934696012,1.6629581091019444e-09,3.0,118.8200335368707,31.88538572388369
234.60000000000002,522.8240390322095,-346.68889948090316,-3.0952359346953817,1.6513540390971935e-09,3.0,118.82003142316496,31.885385640627618
234.8,522.624253888267,-346.69816750444795,-3.0952359346954816,-1.6523532203265244e-09,3.0,118.82002930945922,31.885385557371546
235.0,522.4244687443307,-346.70743552805476,-3.0952359346960057,1.668811218186064e-09,3.0,118.82002719575348,31.885385474115473
235.20000000000002,522.2246836003883,-346.71670355159955,-3.0952359346959795,1.6685225745196286e-09,3.0,118.82002508204774,31.8853853908594
235.4,522.0248984564458,-346.72597157514434,-3.095235934696003,-1.6687579200896029e-09,3.0,118.82002296834199,31.88538530760333
235.60000000000002,521.8251133125095,-346.7352395987511,-3.0952359346960003,1.6689355521035336e-09,3.0,118.82002085463625,31.885385224347257
235.8,521.6253281685672,-346.7445076222959,-3.0952359346960026,-1.6689578389132384e-09,3.0,118.82001874093051,31.885385141091184
236.0,521.4255430246246,-346.7537756458407,-3.0952359346961598,-1.6721241971799625e-09,3.0,118.82001662722477,31.885385057835112
236.20000000000002,521.2257578806884,-346.7630436694475,-3.0952359346960323,-5.760040180491249e-08,3.0,118.82001451351903,31.88538497457904
236.4,521.0259727367277,-346.77231169259755,-3.095235934695379,5.760693424174228e-08,3.0,118.82001239981328,31.88538489132297
236.60000000000002,520.8261875927851,-346.7815797161424,-3.0952359346954625,-1.6527349509449187e-09,3.0,118.82001028610755,31.8853848080669
236.8,520.6264024488489,-346.79084773974927,-3.095235934696007,-1.0999554799959342e-08,3.0,118.8200081724018,31.885384724810827
237.0,520.4266173049065,-346.800115763294,-3.095235934696008,-1.6606135360866211e-09,3.0,118.82000605869605,31.885384641554754
237.20000000000002,520.2268321609703,-346.8093837869008,-3.0952359346960003,1.100534536452217e-08,3.0,118.82000394499032,31.885384558298682
237.4,520.027047017034,-346.8186518105076,-3.095235934695976,1.6601871864526408e-09,3.0,118.82000183128457,31.88538447504261
237.60000000000002,519.8272618730915,-346.82791983405235,-3.0952359346960283,1.6709916812792938e-09,3.0,118.81999971757884,31.885384391786538
237.8,519.627476729149,-346.83718785759714,-3.095235934696152,-1.6722306543571928e-09,3.0,118.81999760387309,31.885384308530465
238.0,519.4276915852128,-346.84645588120395,-3.095235934696002,-5.760089885741914e-08,3.0,118.81999549016734,31.885384225274393
238.20000000000002,519.227906441252,-346.8557239043541,-3.0952359346953897,6.090581467370505e-08,3.0,118.81999337646161,31.885384142018324
238.4,519.0281212973279,-346.8649919282935,-3.0952359346953893,-6.090581017419271e-08,3.0,118.81999126275586,31.88538405876225
238.60000000000002,518.8283361533915,-346.87425995190034,-3.095235934695489,1.6499644523764694e-09,3.0,118.81998914905013,31.885383975506176
238.8,518.6285510094491,-346.8835279754451,-3.0952359346959795,-1.654867165118097e-09,3.0,118.81998703534438,31.885383892250104
239.0,518.4287658655066,-346.89279599898987,-3.0952359346959955,-1.6686068840699247e-09,3.0,118.81998492163864,31.885383808994032
239.20000000000002,518.2289807215521,-346.902064022202,-3.0952359346959692,1.6685979835323601e-09,3.0,118.8199828079329,31.885383725737963
239.4,518.0291955776098,-346.9113320457468,-3.095235934696031,-1.669215248613175e-09,3.0,118.81998069422716,31.88538364248189
239.60000000000002,517.8294104336672,-346.92060006929154,-3.0952359346961633,-1.6639621911264402e-09,3.0,118.81997858052142,31.88538355922582
239.8,517.629625289731,-346.9298680928984,-3.095235934696147,1.6719952881588752e-09,3.0,118.81997646681567,31.885383475969746
240.0,517.4298401457885,-346.9391361164432,-3.0952359346960154,-1.6706806928901075e-09,3.0,118.81997435310993,31.885383392713674
240.20000000000002,517.230055001846,-346.94840413998793,-3.095235934695364,-1.6478191071624123e-09,3.0,118.8199722394042,31.885383309457602
240.4,517.0302698579098,-346.95767216359474,-3.095235934695397,-1.0987155380921212e-08,3.0,118.81997012569845,31.88538322620153
240.60000000000002,516.8304847139673,-346.9669401871395,-3.0952359346955025,-1.6529216634765537e-09,3.0,118.81996801199271,31.885383142945457
240.8,516.6306995700311,-346.97620821074634,-3.0952359346959866,-4.8259004846575526e-08,3.0,118.81996589828697,31.885383059689385
241.0,516.4309144260766,-346.9854762339585,-3.0952359346959426,1.6678697021830755e-09,3.0,118.81996378458122,31.885382976433316
241.20000000000002,516.2311292821341,-346.99474425750327,-3.0952359346960114,1.6694773544577258e-09,3.0,118.81996167087549,31.885382893177244
241.4,516.0313441381917,-347.0040122810481,-3.0952359346960345,-1.6697081697061504e-09,3.0,118.81995955716974,31.885382809921172
241.60000000000002,515.8315589942554,-347.01328030465487,-3.095235934696154,1.6732299293580193e-09,3.0,118.819957443464,31.8853827266651
241.8,515.6317738503129,-347.02254832819966,-3.0952359346961247,1.6715202323099437e-09,3.0,118.81995532975826,31.885382643409027
242.0,515.4319887063705,-347.03181635174445,-3.0952359346960123,-1.6703967690146133e-09,3.0,118.81995321605251,31.885382560152955
242.20000000000002,515.2322035624343,-347.0410843753512,-3.095235934695392,1.6526196248908596e-09,3.0,118.81995110234678,31.885382476896883
242.4,515.0324184184918,-347.050352398896,-3.0952359346955087,-1.65378765326317e-09,3.0,118.81994898864103,31.88538239364081
242.60000000000002,514.8326332745493,-347.05962042244084,-3.0952359346959937,-1.6638639267731722e-09,3.0,118.8199468749353,31.88538231038474
242.8,514.6328481305948,-347.06888844565293,-3.0952359346959617,1.668158419906061e-09,3.0,118.81994476122955,31.88538222712867
243.0,514.4330629866524,-347.0781564691977,-3.095235934696002,-1.6685626132396697e-09,3.0,118.8199426475238,31.885382143872597
243.20000000000002,514.2332778427281,-347.0874244931371,-3.095235934695985,-6.092384429787756e-08,3.0,118.81994053381807,31.88538206061652
243.4,514.0334926987919,-347.09669251674393,-3.0952359346960416,-1.099774267059438e-08,3.0,118.81993842011232,31.88538197736045
243.60000000000002,513.8337075548493,-347.1059605402887,-3.0952359346961615,-1.6725503859323561e-09,3.0,118.81993630640657,31.885381894104377
243.8,513.6339224108949,-347.11522856350086,-3.0952359346960003,1.0999283608130304e-08,3.0,118.81993419270084,31.88538181084831
244.0,513.4341372669586,-347.1244965871077,-3.0952359346953697,1.6429254650637345e-09,3.0,118.8199320789951,31.885381727592236
244.20000000000002,513.2343521230162,-347.13376461065246,-3.0952359346955145,1.6591299852330996e-09,3.0,118.81992996528936,31.885381644336164
244.4,513.0345669790737,-347.14303263419725,-3.0952359346959937,-1.6639215884939827e-09,3.0,118.81992785158361,31.88538156108009
244.60000000000002,512.8347818351192,-347.1523006574094,-3.0952359346959915,6.092383542262092e-08,3.0,118.81992573787787,31.885381477824023
244.8,512.634996691195,-347.1615686813488,-3.095235934695988,1.6682515930268836e-09,3.0,118.81992362417213,31.885381394567947
245.0,512.4352115472526,-347.1708367048936,-3.095235934695959,-1.667962903424183e-09,3.0,118.81992151046639,31.885381311311875
245.20000000000002,512.2354264033163,-347.18010472850045,-3.0952359346960336,1.6624655246336034e-09,3.0,118.81991939676065,31.885381228055802
245.4,512.0356412593737,-347.18937275204513,-3.0952359346961407,-1.6635358952221197e-09,3.0,118.8199172830549,31.88538114479973
245.60000000000002,511.8358561154131,-347.1986407751954,-3.0952359346960066,5.758478302148155e-08,3.0,118.81991516934916,31.88538106154366
245.8,511.63607097147684,-347.2079087988021,-3.0952359346953933,1.6506879259449972e-09,3.0,118.81991305564343,31.88538097828759
246.0,511.4362858275344,-347.2171768223469,-3.095235934695392,-1.6506746177366415e-09,3.0,118.81991094193768,31.885380895031517
246.20000000000002,511.2365006835919,-347.2264448458917,-3.095235934695499,-1.6528017156454257e-09,3.0,118.81990882823195,31.885380811775445
246.4,511.03671553965563,-347.2357128694985,-3.095235934695988,1.6684558438385895e-09,3.0,118.8199067145262,31.885380728519372
246.60000000000002,510.8369303957131,-347.2449808930433,-3.0952359346959795,-1.6683714822830057e-09,3.0,118.81990460082045,31.8853806452633
246.8,510.6371452517707,-347.25424891658804,-3.095235934695957,-1.6593171010652956e-09,3.0,118.81990248711472,31.885380562007228
247.0,510.4373601078344,-347.26351694019485,-3.0952359346960456,-1.1006060457705945e-08,3.0,118.81990037340897,31.885380478751156
247.20000000000002,510.237574963892,-347.27278496373964,-3.0952359346961638,-1.6726345653897046e-09,3.0,118.81989825970324,31.885380395495083
247.4,510.0377898199374,-347.28205298695184,-3.0952359346961447,1.1008205412584538e-08,3.0,118.81989614599749,31.885380312239015
247.60000000000002,509.8380046760012,-347.29132101055865,-3.0952359346959732,1.653859030607026e-09,3.0,118.81989403229174,31.885380228982942
247.8,509.63821953205877,-347.3005890341034,-3.095235934695401,6.090616540120865e-08,3.0,118.81989191858601,31.88538014572687
248.0,509.4384343881345,-347.3098570580428,-3.095235934695402,-6.09061788100087e-08,3.0,118.81988980488026,31.885380062470794
248.20000000000002,509.2386492441983,-347.31912508164964,-3.0952359346955216,-5.760488226116141e-08,3.0,118.81988769117453,31.885379979214722
248.4,509.0388641002375,-347.3283931047998,-3.0952359346959524,1.6674923066204222e-09,3.0,118.81988557746878,31.885379895958653
248.60000000000002,508.839078956295,-347.33766112834456,-3.095235934695954,-1.6675101488177633e-09,3.0,118.81988346376303,31.88537981270258
248.8,508.63929381235874,-347.3469291519514,-3.0952359346960105,1.6610309943849637e-09,3.0,118.8198813500573,31.88537972944651
249.0,508.4395086684163,-347.35619717549616,-3.0952359346960434,-1.6613595759352042e-09,3.0,118.81987923635155,31.885379646190437
249.20000000000002,508.23972352445554,-347.36546519864623,-3.095235934696171,5.7590986806056813e-08,3.0,118.8198771226458,31.885379562934368
249.4,508.0399383805376,-347.37473322264776,-3.09523593469615,1.6632203473110671e-09,3.0,118.81987500894007,31.885379479678292
249.60000000000002,507.8401532365951,-347.3840012461925,-3.0952359346959835,-1.661554998594201e-09,3.0,118.81987289523433,31.88537939642222
249.8,507.6403680926526,-347.3932692697373,-3.09523593469538,-1.6563368086354565e-09,3.0,118.81987078152859,31.885379313166148
250.0,507.4405829487164,-347.40253729334404,-3.0952359346955407,-1.0981675798046958e-08,3.0,118.81986866782285,31.885379229910075
250.20000000000002,507.2407978047556,-347.4118053164942,-3.0952359346959715,5.759148468108643e-08,3.0,118.8198665541171,31.885379146654007
250.4,507.0410126608193,-347.42107334010103,-3.095235934695944,1.1004337344021762e-08,3.0,118.81986444041137,31.885379063397934
250.60000000000002,506.84122751688307,-347.43034136370784,-3.095235934695988,1.6687666443703084e-09,3.0,118.81986232670562,31.885378980141862
250.8,506.6414423729406,-347.43960938725263,-3.0952359346960105,1.6610710209286241e-09,3.0,118.81986021299988,31.88537889688579
251.0,506.44165722899817,-347.4488774107974,-3.0952359346960474,-1.6614396333548008e-09,3.0,118.81985809929414,31.885378813629718
251.20000000000002,506.2418720850619,-347.4581454344042,-3.095235934696167,1.6721153059891842e-09,3.0,118.81985598558839,31.885378730373645
251.4,506.04208694111946,-347.46741345794896,-3.0952359346959875,1.6541609843918127e-09,3.0,118.81985387188266,31.885378647117573
251.60000000000002,505.84230179717696,-347.4766814814937,-3.0952359346954026,-1.6483124350604676e-09,3.0,118.81985175817691,31.8853785638615
251.8,505.64251665324076,-347.48594950510056,-3.0952359346955363,-5.7604549378942626e-08,3.0,118.81984964447118,31.88537848060543
252.0,505.44273150927995,-347.4952175282507,-3.0952359346959564,1.6678342634550776e-09,3.0,118.81984753076543,31.88537839734936
252.20000000000002,505.24294636533745,-347.5044855517955,-3.0952359346959804,-1.6680741810859976e-09,3.0,118.81984541705968,31.885378314093288
252.4,505.0431612214012,-347.51375357540223,-3.0952359346959644,6.09313405453259e-08,3.0,118.81984330335395,31.885378230837215
252.60000000000002,504.843376077477,-347.5230215993417,-3.095235934695941,-6.093110520499787e-08,3.0,118.8198411896482,31.88537814758114
252.8,504.6435909335162,-347.5322896224919,-3.095235934696027,5.759489032732013e-08,3.0,118.81983907594247,31.88537806432507
253.0,504.44380578958,-347.5415576460986,-3.0952359346961678,1.6720354523836737e-09,3.0,118.81983696223672,31.885377981069
253.20000000000002,504.2440206456375,-347.5508256696434,-3.0952359346959777,-1.670134851295209e-09,3.0,118.81983484853097,31.885377897812926
253.4,504.04423550169497,-347.5600936931882,-3.0952359346954026,-1.6567319238819067e-09,3.0,118.81983273482524,31.885377814556854
253.60000000000002,503.8444503577587,-347.56936171679496,-3.095235934695415,-1.0978993430624799e-08,3.0,118.8198306211195,31.885377731300782
253.8,503.6446652137979,-347.5786297399452,-3.095235934695548,5.760121445966441e-08,3.0,118.81982850741376,31.885377648044713
254.0,503.4448800698617,-347.58789776355195,-3.0952359346959666,7.025953971433968e-08,3.0,118.81982639370801,31.88537756478864
254.20000000000002,503.24509492594376,-347.59716578755337,-3.0952359346959404,1.6672346941299365e-09,3.0,118.81982428000227,31.885377481532565
254.4,503.0453097820013,-347.60643381109816,-3.0952359346959524,1.6684647620275532e-09,3.0,118.81982216629653,31.885377398276493
254.60000000000002,502.8455246380588,-347.61570183464295,-3.0952359346960514,-1.6694550717810393e-09,3.0,118.81982005259079,31.88537731502042
254.8,502.6457394941043,-347.62496985785515,-3.0952359346961615,1.6649168926628266e-09,3.0,118.81981793888505,31.885377231764352
255.0,502.44595435016186,-347.6342378813999,-3.09523593469613,1.6712091040680194e-09,3.0,118.8198158251793,31.88537714850828
255.20000000000002,502.24616920621935,-347.6435059049447,-3.0952359346959706,-1.669614799746972e-09,3.0,118.81981371147356,31.885377065252207
255.4,502.04638406228315,-347.6527739285515,-3.0952359346954066,-5.761257429054061e-08,3.0,118.81981159776782,31.885376981996135
255.60000000000002,501.84659891832234,-347.6620419517016,-3.0952359346954132,5.761250781733053e-08,3.0,118.81980948406208,31.885376898740066
255.8,501.6468137743981,-347.67130997564107,-3.0952359346955594,-6.090944699361483e-08,3.0,118.81980737035633,31.88537681548399
256.0,501.4470286304619,-347.6805779992479,-3.095235934695952,1.658823938756796e-09,3.0,118.8198052566506,31.88537673222792
256.2,501.2472434865195,-347.6898460227926,-3.09523593469594,-1.658703989857221e-09,3.0,118.81980314294485,31.885376648971846
256.40000000000003,501.0474583425772,-347.6991140463374,-3.095235934696027,-1.668842246395191e-09,3.0,118.81980102923912,31.885376565715774
256.6,500.84767319862283,-347.70838206954954,-3.095235934696027,4.8257748036346356e-08,3.0,118.81979891553337,31.885376482459705
256.8,500.64788805468055,-347.7176500930943,-3.095235934696167,-1.6725107900864555e-09,3.0,118.81979680182762,31.885376399203633
257.0,500.44810291073827,-347.72691811663907,-3.0952359346961655,-1.6657604419585541e-09,3.0,118.81979468812189,31.88537631594756
257.2,500.24831776680196,-347.7361861402459,-3.0952359346959497,-1.1005834157545828e-08,3.0,118.81979257441614,31.88537623269149
257.40000000000003,500.0485326228655,-347.74545416385274,-3.0952359346954275,1.6441690325676465e-09,3.0,118.81979046071041,31.885376149435416
257.6,499.84874747892314,-347.7547221873975,-3.0952359346955234,-1.645128329730971e-09,3.0,118.81978834700466,31.885376066179344
257.8,499.64896233498683,-347.7639902110043,-3.0952359346959386,1.6672523532373648e-09,3.0,118.81978623329891,31.88537598292327
258.0,499.4491771910445,-347.7732582345491,-3.0952359346959577,1.65933473793204e-09,3.0,118.81978411959318,31.8853758996672
258.2,499.2493920471021,-347.7825262580938,-3.0952359346959795,-1.6595524830235015e-09,3.0,118.81978200588743,31.885375816411127
258.40000000000003,499.0496069031476,-347.791794281306,-3.0952359346960105,1.661293063126822e-09,3.0,118.8197798921817,31.88537573315506
258.6,498.84982175920527,-347.80106230485075,-3.0952359346960696,1.6717378586976614e-09,3.0,118.81977777847595,31.885375649898986
258.8,498.650036615263,-347.81033032839554,-3.095235934696144,-1.6724839332750534e-09,3.0,118.8197756647702,31.885375566642914
259.0,498.4502514713451,-347.819598352397,-3.095235934695955,-5.76014631693396e-08,3.0,118.81977355106447,31.885375483386838
259.2,498.2504663273846,-347.8288663755471,-3.0952359346954275,5.7606738941162306e-08,3.0,118.81977143735872,31.88537540013077
259.40000000000003,498.05068118344224,-347.8381343990919,-3.095235934695553,-1.6542407716219254e-09,3.0,118.81976932365299,31.885375316874697
259.6,497.850896039506,-347.84740242269874,-3.0952359346959746,1.6594720691347165e-09,3.0,118.81976720994724,31.885375233618625
259.8,497.65111089556365,-347.8566704462434,-3.09523593469592,-1.6589258416776714e-09,3.0,118.8197650962415,31.885375150362552
260.0,497.4513257516213,-347.8659384697883,-3.095235934695933,-1.6667594832322257e-09,3.0,118.81976298253576,31.88537506710648
260.2,497.25154060768506,-347.875206493395,-3.095235934695954,-1.0995078826228185e-08,3.0,118.81976086883002,31.885374983850408
260.40000000000003,497.0517554637244,-347.8844745165452,-3.095235934696025,5.7586275472020454e-08,3.0,118.81975875512428,31.88537490059434
260.6,496.85196921542644,-347.89371904584794,-3.095587916322931,-0.003503591596217402,3.0,118.81975664140685,31.88537481754932
260.8,496.652176558305,-347.9028238793692,-3.096631351188999,-0.0069169100123230845,3.0,118.81975452762163,31.885374735759207
261.0,496.4523715173697,-347.91165256756,-3.098349608887125,-0.010254128150224922,3.0,118.81975241370537,31.885374656449752
261.2,496.25254880957885,-347.9200716800098,-3.1007288320051716,-0.013528758425884857,3.0,118.8197502996022,31.88537458081958
261.40000000000003,496.05270407223094,-347.92795025654385,-3.10375780057395,-0.016753675746629823,3.0,118.81974818526598,31.88537451004512
261.6,495.85283408386994,-347.93515928682876,-3.1074278122729058,-0.019941195261943562,3.0,118.81974607066259,31.8853744452853
261.8,495.65293698324456,-347.9415712159567,-3.1117325776481697,-0.02310314615971944,3.0,118.81974395577235,31.88537438768596
262.0,495.4530124913024,-347.9470594737243,-3.1166681293912557,-0.026250940669992243,3.0,118.81974184059233,31.885374338384104
262.2,495.25306214073424,-347.95149802565595,-3.12223274456777,-0.02939563760504647,3.0,118.81973972513872,31.885374298511913
262.40000000000003,495.05308886944084,-347.95476095273233,-3.1284268996359788,-0.032548010065553266,3.0,118.81973760944261,31.88537426920054
262.6,494.8530988987851,-347.95672200925867,-3.1352531670529986,-0.03571857078822848,3.0,118.81973549356982,31.88537425158407
262.8,494.6530999896333,-347.9572542615059,-3.1427162315811197,-0.038917647526819775,3.0,118.81973337760246,31.885374246802765
263.0,494.45310333298795,-347.956229689136,-3.150822800257953,-0.04215539317117882,3.0,118.81973126165894,31.885374256006656
263.2,494.2531221180164,-347.9535188188183,-3.159581639100247,-0.04544184022121569,3.0,118.81972914587878,31.885374280358818
263.40000000000003,494.0531740608973,-347.94899039181706,-3.1690034560301683,-0.04878688106982576,3.0,118.81972703044944,31.88537432103837
263.6,493.8532798655549,-347.94251101952176,-3.1791009552586154,-0.0522003027076947,3.0,118.81972491558994,31.88537437924356
263.8,493.65346435723427,-347.93394487656064,-3.189888782105773,-0.05569176435955295,3.0,118.81972280156296,31.885374456194533
264.0,493.4537569479184,-347.9231534196708,-3.20138349028114,-0.05927076951311302,3.0,118.81972068867964,31.88537455313584
264.2,493.25419143912393,-347.9099950873782,-3.2136035447178726,-0.06294663100784487,3.0,118.8197185772976,31.88537467133915
264.40000000000003,493.0548076336694,-347.8943251329,-3.226569209101551,-0.06672838075502638,3.0,118.81971646783799,31.885374812104747
264.6,492.85565080413613,-347.8759953657896,-3.2403025460411183,-0.07062469142101417,3.0,118.81971436077974,31.885374976763845
264.8,492.6567731221056,-347.8548540712182,-3.2548272759641583,-0.07464372998827139,2.9666056567991466,118.81971225667486,31.885375166679328
265.0,492.4582333957392,-347.8307458342359,-3.2701687235391423,-0.07879300685005008,2.9121725778107166,118.8197101561455,31.885375383247304
265.2,492.26009853851593,-347.80351159494484,-3.286353607954736,-0.08307914747184166,2.8567024911517707,118.81970805989963,31.88537562789664
265.40000000000003,492.062444116856,-347.7729887042328,-3.303409850773692,-0.08750763215246897,2.8001337687604604,118.8197059687367,31.88537590208843
265.6,491.86535395319623,-347.7390108838549,-3.321366422640643,-0.0920825029772795,2.7423984252753426,118.81970388354355,31.885376207316384
265.8,491.66892347392906,-347.70140891623686,-3.340252789685339,-0.09680592323178953,2.683421160189488,118.81970180532981,31.885376545100605
266.0,491.4732582832694,-347.66001070597207,-3.360098698747191,-0.10167777834287796,2.623118206057957,118.81969973521275,31.885376916987056
266.2,491.27847602664195,-347.6146420322005,-3.3809335778281158,-0.10669513296142585,2.5613959324853965,118.81969767443702,31.885377324540787
266.40000000000003,491.0847060989915,-347.56512704236883,-3.4027860422995393,-0.11185167296508489,2.5016570817546366,118.81969562437163,31.88537776934151
266.6,490.89209317210214,-347.51128992138337,-3.4256828500869276,-0.11713698473100191,2.444567309462887,118.81969358654719,31.885378252968597
266.8,490.7007946046817,-347.4529552815136,-3.4496483991042743,-0.12253594788483352,2.3901065534738875,118.81969156262853,31.88537877699758
267.0,490.51098328948217,-347.3899502186534,-3.474703462939154,-0.1280279589233762,2.3382805064372016,118.81968955444485,31.88537934298169
267.2,490.3228481205549,-347.32210616873203,-3.5008640150245265,-0.13358622634042527,2.2891179936308887,118.81968756399462,31.885379952435162
267.40000000000003,490.1365927142591,-347.24926044749037,-3.528140147741036,-0.13917717885041675,2.2426680993034225,118.81968559343207,31.88538060681941
267.6,489.9524375166072,-347.17125940654546,-3.5565343686707256,-0.1447598979528887,2.198998260748742,118.81968364508951,31.88538130751468
267.8,489.77061788230304,-347.08796054121,-3.5860403297480623,-0.15028587301553425,2.158191316197205,118.81968172145696,31.88538205580112
268.0,489.5913843109317,-346.99923585418037,-3.6166411512867365,-0.1556989860661223,2.120343034163534,118.81967982518469,31.885382852828545
268.2,489.41499973353183,-346.9049742799046,-3.648308187393129,-0.16093597385385164,2.0855588721710703,118.81967795905447,31.885383699594673
268.40000000000003,489.2417403452225,-346.80508631955155,-3.680999206368957,-0.1659272614350544,2.05395132471122,118.81967612598842,31.88538459690349
268.6,489.07189046353386,-346.6995059113311,-3.714657748042214,-0.17059852057896943,2.025635920240785,118.81967432899461,31.88538554534843
268.8,488.90574079782533,-346.58819423468026,-3.749212126920526,-0.17487270045913328,2.000727823049918,118.81967257114867,31.885386545278237
269.0,488.7435845791017,-346.4711424422851,-3.784575168404752,-0.17867267044063495,1.9793379695766178,118.81967085555299,31.88538759677238
269.2,488.58571280522324,-346.34837359126357,-3.8206446074743994,-0.1819243336263242,1.9615691542793836,118.81966918528629,31.885388699623732
269.40000000000003,488.43241057837474,-346.21994506150224,-3.8573037966545978,-0.18455999451661048,1.9475124186267971,118.8196675633649,31.88538985331684
269.6,488.283950819735,-346.0859483436769,-3.894423632409566,-0.18652181488140818,1.9372434614073812,118.81966599267632,31.88539105702984
269.8,488.14059038912615,-345.9465098622235,-3.9318645714985085,-0.187764964465498,1.9308197847739828,118.81966447593808,31.88539230962703
270.0,488.0025644032291,-345.8017891460875,-3.9694796982502347,-0.1882602398760627,1.9282783098939267,118.81966301563772,31.885393609675344
270.2,487.8700820818757,-345.6519769427403,-4.007117961809632,-0.1879958249972797,1.929633888723788,118.81966161398874,31.885394955461262
270.40000000000003,487.7433229072049,-345.49729213149163,-4.0446277410047955,-0.18697802181373105,1.9348786817611485,118.81966027289005,31.885396345018563
270.6,487.6224334788678,-345.3379776508431,-4.081860486134795,-0.18523085978783588,1.9439824896077613,118.81965899389265,31.885397776164893
270.8,487.5075255579332,-345.1742960531698,-4.118674112459027,-0.18279463046023722,1.9568940053675845,118.81965777817898,31.885399246541702
271.0,487.39867525348984,-345.0065248885885,-4.154935965788692,-0.1797235179832095,1.973542868823366,118.81965662655423,31.885400753655716
271.2,487.2959225109988,-344.83495081743536,-4.190525488284229,-0.17608255340986245,1.9938425334896313,118.81965553944106,31.885402294931822
271.40000000000003,487.199272779408,-344.6598656485511,-4.2253358382582,-0.17194424846690048,2.017693492844259,118.8196545168971,31.885403867748654
271.6,487.1086985689133,-344.48156129478923,-4.259275132484986,-0.16738515893827605,2.044986971562658,118.81965355863152,31.885405469483917
271.8,487.0241417853451,-344.30032516127903,-4.292267005329796,-0.16248265951340715,2.0756088344277024,118.81965266402966,31.885407097555802
272.0,486.9455172368834,-344.1164375302944,-4.324250302441851,-0.15731217607890777,2.109443272171704,118.81965183219025,31.885408749446498
272.2,486.87271522089503,-343.9301668976413,-4.35517875179962,-0.1519448884463338,2.146376835850061,118.8196510619526,31.885410422744062
272.40000000000003,486.80560605762287,-343.7417702322323,-4.385019504436239,-0.1464461449467138,2.186301476688402,118.81965035194473,31.885412115140102
272.6,486.7440424214702,-343.55148845276915,-4.413752316073522,-0.1408743010875601,2.2291183798861427,118.81964970060795,31.885413824470408
272.8,486.68786339293024,-343.3595471725661,-4.441367782455575,-0.13528021224530995,2.2747406155514116,118.81964910623975,31.885415548708266
273.0,486.6368975260568,-343.16615630712255,-4.467865807524149,-0.12970711209390928,2.3230958288520576,118.81964856702626,31.885417285967968
273.2,486.59096503529196,-342.97150752271693,-4.49325441669686,-0.12419075277026437,2.3741294224779446,118.81964808106535,31.88541903452775
273.40000000000003,486.549881155332,-342.77577767375055,-4.517547863693743,-0.11875994904071802,2.4278062143012975,118.81964764640225,31.885420792798897
273.6,486.5134577303768,-342.57912711448694,-4.540765588136574,-0.11343712239665583,2.48411341107698,118.81964726104626,31.885422559340928
273.8,486.4815051110561,-342.38170027490753,-4.562930999242335,-0.10823899120724069,2.539846341630236,118.81964692299091,31.885424332856402
274.0,486.45383388453683,-342.1836275018522,-4.584070283960636,-0.1031773185463048,2.5943822846859863,118.81964663023226,31.885426112174397
274.2,486.430256009467,-341.98502543755495,-4.604211546559531,-0.09825960477145539,2.6477952033895034,118.81964638078082,31.885427896247094
274.40000000000003,486.4105858287287,-341.78599824546814,-4.623383994290038,-0.09348976067019754,2.7001517437159945,118.81964617267239,31.88542968413878
274.6,486.3946407404695,-341.58663774575257,-4.641617357902149,-0.08886869617859473,2.7515122095118003,118.81964600397504,31.88543147502462
274.8,486.3822418146558,-341.38702461899976,-4.658941313255812,-0.08439486978008236,2.8019313765851748,118.8196458727957,31.88543326817985
275.0,486.3732142530747,-341.187230923339,-4.675384905541913,-0.08006479539151522,2.851459177174465,118.81964577728506,31.885435062957153
275.2,486.3673874498615,-340.9873179150548,-4.690976455892132,-0.07587337799028827,2.9001412791608034,118.8196457156381,31.885436858806262
275.40000000000003,486.3645952525854,-340.78733916302315,-4.70574308088146,-0.07181430420200127,2.948019579156917,118.81964568609695,31.885438655245956
275.6,486.3646759312801,-340.5873405056863,-4.7197105427153465,-0.0678803045772191,2.9951326246249113,118.81964568695052,31.88544045186446
275.8,486.3674720969678,-340.38736183622,-4.732903009741267,-0.06406340186455774,3.0,118.81964571653366,31.885442248303413
276.0,486.37283060931685,-340.18743459683026,-4.74534313783167,-0.06035503223715239,3.0,118.81964577322614,31.885444044280362
276.2,486.38060231123325,-339.98758704927343,-4.757051669971919,-0.05674627568043762,3.0,118.81964585544993,31.88544583954143
276.40000000000003,486.39064190247495,-339.78784022093544,-4.768047656367415,-0.05322787736821104,3.0,118.81964596166775,31.885447633897716
276.6,486.4028075841548,-339.58821143319017,-4.778348214999747,-0.04979038193062406,3.0,118.81964609037938,31.885449427193628
276.8,486.41696079600365,-339.38871356284756,-4.787968565327316,-0.04642416509215465,3.0,118.81964624011887,31.885451219313488
277.0,486.43296589910983,-339.1893554918048,-4.796921993119949,-0.04311946733360758,3.0,118.81964640945117,31.88545301017751
277.2,486.45068978819535,-338.99014301302157,-4.805219801475517,-0.03986641775347886,3.0,118.81964659696804,31.885454799733655
277.40000000000003,486.4700016235579,-338.7910780820961,-4.812871333640659,-0.03665501634255551,3.0,118.81964680128523,31.885456587964356
277.6,486.49077239865835,-338.5921598808914,-4.819883911985342,-0.03347513399675673,3.0,118.81964702103784,31.88545837487696
277.8,486.5128745314655,-338.39338520860815,-4.826262807931369,-0.030316490545759064,3.0,118.81964725487607,31.885460160500223
278.0,486.5361815153815,-338.19474821346097,-4.832011225989591,-0.027168613289481728,3.0,118.8196475014615,31.88546194488671
278.2,486.5605675111884,-337.99624060972786,-4.837130258528262,-0.024020795285213798,3.0,118.81964775946277,31.885463728110853
278.40000000000003,486.58590685856007,-337.79785236650247,-4.841618821216822,-0.020862053765058664,3.0,118.81964802755039,31.885465510262765
278.6,486.61207366044124,-337.5995716163947,-4.845473600977102,-0.017681069676111185,3.0,118.81964830439239,31.88546729144905
278.8,486.63894135002727,-337.4013846094341,-4.848688986100709,-0.014466121859084117,3.0,118.81964858864971,31.885469071793224
279.0,486.6663821813659,-337.2032760886318,-4.8512569742405836,-0.011205022409230483,3.0,118.81964887897081,31.885470851432345
279.2,486.6942667163881,-337.00522949691714,-4.853167071715846,-0.007885044493300674,3.0,118.81964917398625,31.885472630515146
279.40000000000003,486.7224633028534,-336.807227069351,-4.854406179252002,-0.0044928440586748134,3.0,118.81964947230315,31.88547440920122
279.6,486.75083751392583,-336.6092500057476,-4.854958460448213,-0.001014379528305194,3.0,118.81964977249932,31.88547618765944
279.8,486.7792601237665,-336.41127990850606,-4.854987558184629,-1.3947420068663896e-09,3.0,118.81965007320753,31.88547796605508
280.0,486.8076832825097,-336.2133099005569,-4.854987557840017,-4.995912745799261e-09,3.0,118.81965037392155,31.88547974444992
280.2,486.8361064412862,-336.0153398926134,-4.854987558184687,-1.3962677980191122e-09,3.0,118.81965067463557,31.88548152284476
280.40000000000003,486.86452959901976,-335.8173698845207,-4.85498755003171,-8.657477724374358e-08,3.0,118.81965097534957,31.8854833012396
280.6,486.8929527575453,-335.619399876541,-4.85498755818463,-1.3947827410530921e-09,3.0,118.8196512760636,31.88548507963444
280.8,486.9213759163773,-335.4214298686064,-4.854987558529309,2.205567760929415e-09,3.0,118.81965157677762,31.885486858029278
281.0,486.94979907623,-335.2234598608169,-4.854987566337564,8.378335944157312e-08,3.0,118.81965187749165,31.885488636424117
281.2,486.97822223527976,-335.0254898529125,-4.854987558184715,-1.3968636168651322e-09,3.0,118.81965217820567,31.885490414818957
281.40000000000003,487.00664539406733,-334.8275198449705,-4.854987558184222,-1.3988990014778401e-09,3.0,118.81965247891969,31.885492193213796
281.6,487.0350685528549,-334.6295498370285,-4.854987558184691,-1.3950756841389728e-09,3.0,118.81965277963371,31.885493971608636
281.8,487.0634917116426,-334.4315798290865,-4.854987558184665,-1.394166491888901e-09,3.0,118.81965308034773,31.885495750003475
282.0,487.0919148704302,-334.2336098211445,-4.854987558184713,-1.396295165441126e-09,3.0,118.81965338106176,31.885497528398314
282.2,487.12033802917335,-334.0356398131954,-4.854987557839978,-4.997619142199323e-09,3.0,118.81965368177578,31.885499306793154
282.40000000000003,487.1487611879499,-333.83766980525183,-4.8549875581846305,-1.3948395734285285e-09,3.0,118.8196539824898,31.885501085187993
282.6,487.1771843457279,-333.6396997971665,-4.85498755037676,-8.2968398685368e-08,3.0,118.8196542832038,31.885502863582833
282.8,487.20560750426444,-333.44172978918857,-4.854987558184697,-1.3970153133095198e-09,3.0,118.81965458391782,31.885504641977672
283.0,487.2340306641061,-333.2437597813975,-4.854987566337129,8.377681006484496e-08,3.0,118.81965488463186,31.88550642037251
283.2,487.2624538231558,-333.04578977349297,-4.854987558184633,-1.394872021897752e-09,3.0,118.81965518534588,31.885508198767347
283.40000000000003,487.2908769819435,-332.847819765551,-4.854987558184684,-1.3948428406394701e-09,3.0,118.8196554860599,31.885509977162187
283.6,487.319300140731,-332.649849757609,-4.854987558184622,-1.3944812933241869e-09,3.0,118.81965578677392,31.885511755557026
283.8,487.34772329951863,-332.45187974966706,-4.854987558184727,-1.3973376621628231e-09,3.0,118.81965608748794,31.885513533951865
284.0,487.3761464583062,-332.25390974172507,-4.85498755818462,-1.3969059143942887e-09,3.0,118.81965638820196,31.885515312346705
284.2,487.4045696171383,-332.05593973379047,-4.854987558529249,2.2056040219241855e-09,3.0,118.81965668891598,31.885517090741544
284.40000000000003,487.43299277589256,-331.8579697258428,-4.854987557840005,-4.994809208280788e-09,3.0,118.81965698963,31.885518869136384
284.6,487.46141593466905,-331.65999971789927,-4.854987558184731,-1.3974274771200923e-09,3.0,118.81965729034403,31.885520647531223
284.8,487.4898390934567,-331.4620297099573,-4.854987558184615,-1.3967564641145819e-09,3.0,118.81965759105805,31.885522425926062
285.0,487.5182622522443,-331.26405970201535,-4.85498755818463,-1.3945818241374528e-09,3.0,118.81965789177207,31.8855242043209
285.2,487.54668541103194,-331.0660896940734,-4.854987558184642,-1.3952740259851408e-09,3.0,118.81965819248609,31.88552598271574
285.40000000000003,487.5751085698196,-330.8681196861314,-4.854987558184667,-1.3933289171508534e-09,3.0,118.81965849320011,31.88552776111058
285.6,487.6035317286072,-330.6701496781894,-4.854987558184735,-1.3961456485599696e-09,3.0,118.81965879391413,31.88552953950542
285.8,487.6319548873948,-330.4721796702475,-4.854987558184586,-1.3955128746859815e-09,3.0,118.81965909462815,31.88553131790026
286.0,487.6603780462268,-330.2742096623128,-4.854987558529351,2.206157417722309e-09,3.0,118.81965939534217,31.8855330962951
286.2,487.6888012050255,-330.07623965437244,-4.854987558184621,-1.3942725143728585e-09,3.0,118.81965969605619,31.885534874689938
286.40000000000003,487.71722436381305,-329.87826964643045,-4.854987558184734,-1.397515484499889e-09,3.0,118.81965999677021,31.885536653084777
286.6,487.74564752260073,-329.6802996384884,-4.854987558184612,-1.3967283799929907e-09,3.0,118.81966029748423,31.885538431479617
286.8,487.7740706813439,-329.48232963053925,-4.854987557839964,-4.996007977002724e-09,3.0,118.81966059819825,31.885540209874456
287.0,487.80249384117445,-329.2843596227466,-4.854987566337562,8.378381172778666e-08,3.0,118.81966089891229,31.885541988269296
287.2,487.8309170002242,-329.08638961484223,-4.854987558184677,-1.3970930672738028e-09,3.0,118.81966119962631,31.885543766664135
287.40000000000003,487.8593401579578,-328.8884196067493,-4.854987550031746,-8.657412367238409e-08,3.0,118.81966150034032,31.885545545058974
287.6,487.8877633165277,-328.69044959877704,-4.854987558529256,2.2058010065043555e-09,3.0,118.81966180105434,31.885547323453814
287.8,487.9161864753264,-328.49247959083664,-4.854987558184689,-1.3946645266208644e-09,3.0,118.81966210176836,31.885549101848653
288.0,487.94460963411404,-328.29450958289465,-4.8549875581846695,-1.3933373432253021e-09,3.0,118.81966240248238,31.885550880243493
288.2,487.9730327929016,-328.0965395749527,-4.854987558184747,-1.3975464326827285e-09,3.0,118.8196627031964,31.885552658638332
288.40000000000003,488.00145595168925,-327.8985695670107,-4.854987558184545,-1.3955440905331565e-09,3.0,118.81966300391042,31.88555443703317
288.6,488.0298791104768,-327.70059955906873,-4.854987558184682,-1.3946590929821423e-09,3.0,118.81966330462444,31.88555621542801
288.8,488.0583022692645,-327.50262955112674,-4.85498755818467,-1.3933434995498524e-09,3.0,118.81966360533846,31.88555799382285
289.0,488.08672542906163,-327.3046595433282,-4.854987565992623,8.017547308928857e-08,3.0,118.8196639060525,31.885559772217686
289.2,488.1151485881003,-327.1066895354223,-4.85498755818461,-1.3967891496644474e-09,3.0,118.81966420676652,31.885561550612525
289.40000000000003,488.14357174693237,-326.90871952748756,-4.8549875585292535,2.2056530418464735e-09,3.0,118.81966450748054,31.885563329007365
289.6,488.1719949046771,-326.7107495193963,-4.854987550032128,-8.656764584624486e-08,3.0,118.81966480819455,31.885565107402208
289.8,488.2004180632025,-326.51277951141685,-4.854987558184687,-1.3980641840269316e-09,3.0,118.81966510890857,31.885566885797047
290.0,488.2288412219901,-326.31480950347486,-4.854987558184611,-1.3966728012825263e-09,3.0,118.81966540962259,31.885568664191887
290.2,488.25726438077777,-326.11683949553293,-4.854987558184634,-1.3947206239923248e-09,3.0,118.81966571033661,31.885570442586726
290.40000000000003,488.2856875395654,-325.9188694875909,-4.8549875581846855,-1.3945720994046218e-09,3.0,118.81966601105063,31.885572220981565
290.6,488.31411069835303,-325.72089947964895,-4.854987558184623,-1.3939027737668542e-09,3.0,118.81966631176465,31.885573999376405
290.8,488.3425338571406,-325.52292947170696,-4.854987558184745,-1.3975333296509436e-09,3.0,118.81966661247867,31.885575777771244
291.0,488.37095701698223,-325.32495946391583,-4.85498756633715,8.377820398195741e-08,3.0,118.8196669131927,31.88557755616608
291.2,488.3993801760319,-325.1269894560115,-4.854987558184611,-1.3952803345284238e-09,3.0,118.81966721390673,31.88557933456092
291.40000000000003,488.4278033348196,-324.9290194480695,-4.854987558184673,-1.3936892355525852e-09,3.0,118.81966751462075,31.88558111295576
291.6,488.4562264936071,-324.73104944012744,-4.854987558184736,-1.397538802336977e-09,3.0,118.81966781533477,31.885582891350598
291.8,488.48464965239475,-324.5330794321855,-4.854987558184611,-1.3966814672217947e-09,3.0,118.81966811604879,31.885584669745437
292.0,488.5130728101284,-324.3351094240928,-4.854987550031692,-8.657288327106317e-08,3.0,118.8196684167628,31.885586448140277
292.2,488.54149596865386,-324.1371394161132,-4.854987558184681,-1.3942640028147907e-09,3.0,118.81966871747682,31.885588226535116
292.40000000000003,488.5699191274415,-323.9391694081712,-4.854987558184691,-1.3943899053551424e-09,3.0,118.81966901819084,31.885590004929956
292.6,488.59834228622907,-323.74119940022916,-4.854987558184699,-1.3957982487429032e-09,3.0,118.81966931890486,31.885591783324795
292.8,488.62676544611514,-323.5432293924455,-4.854987566682161,8.738353135987537e-08,3.0,118.81966961961889,31.885593561719634
293.0,488.65518860517597,-323.3452593845427,-4.854987558184639,-1.394938776459776e-09,3.0,118.81966992033291,31.885595340114474
293.2,488.6836117639636,-323.1472893766008,-4.8549875581846855,-1.3944026172167963e-09,3.0,118.81967022104693,31.885597118509313
293.40000000000003,488.7120349227511,-322.94931936865873,-4.854987558184717,-1.397792691591268e-09,3.0,118.81967052176095,31.885598896904153
293.6,488.7404580814943,-322.7513493607095,-4.854987557839924,-4.996421300795452e-09,3.0,118.81967082247498,31.885600675298992
293.8,488.7688812402709,-322.5533793527659,-4.8549875581846695,-1.3945586482476559e-09,3.0,118.819671123189,31.88560245369383
294.0,488.79730439905853,-322.35540934482395,-4.854987558184677,-1.3934662811795154e-09,3.0,118.81967142390302,31.88560423208867
294.2,488.82572755679206,-322.1574393367313,-4.854987550031799,-8.657557363795956e-08,3.0,118.81967172461702,31.88560601048351
294.40000000000003,488.8541507153619,-321.9594693287589,-4.8549875585292845,2.2041789701750404e-09,3.0,118.81967202533104,31.88560778887835
294.6,488.8825738741607,-321.76149932081853,-4.85498755818458,-1.3951418476234846e-09,3.0,118.81967232604507,31.88560956727319
294.8,488.9109970340023,-321.5635293130274,-4.85498756633758,8.378322660326916e-08,3.0,118.8196726267591,31.88561134566803
295.0,488.9394201930521,-321.365559305123,-4.854987558184688,-1.3944355034347101e-09,3.0,118.81967292747312,31.885613124062868
295.2,488.9678433518397,-321.16758929718105,-4.8549875581846464,-1.3960762689414592e-09,3.0,118.81967322818714,31.885614902457707
295.40000000000003,488.99626651062727,-320.96961928923906,-4.854987558184655,-1.3947432763463807e-09,3.0,118.81967352890116,31.885616680852547
295.6,489.0246896694149,-320.771649281297,-4.854987558184681,-1.3944440539656729e-09,3.0,118.81967382961518,31.885618459247386
295.8,489.05311282815813,-320.57367927334786,-4.854987557840007,-4.994475369151977e-09,3.0,118.8196741303292,31.885620237642225
296.0,489.0815359869346,-320.37570926540434,-4.85498755818474,-1.3973994064513906e-09,3.0,118.81967443104323,31.885622016037065
296.2,489.1099591457666,-320.17773925746974,-4.8549875585292375,2.203640013364133e-09,3.0,118.81967473175725,31.8856237944319
296.40000000000003,489.13838230456537,-319.9797692495293,-4.854987558184629,-1.3946590750035818e-09,3.0,118.81967503247127,31.88562557282674
296.6,489.16680546335294,-319.7817992415873,-4.854987558184693,-1.3950887819261479e-09,3.0,118.81967533318529,31.88562735122158
296.8,489.1952286221406,-319.58382923364536,-4.854987558184649,-1.3985571396683573e-09,3.0,118.81967563389931,31.88562912961642
297.0,489.22365178092815,-319.3858592257034,-4.854987558184597,-1.3962151003969605e-09,3.0,118.81967593461333,31.885630908011258
297.2,489.2520749397158,-319.18788921776144,-4.854987558184646,-1.3943964163251112e-09,3.0,118.81967623532735,31.885632686406097
297.40000000000003,489.2804980985034,-318.9899192098195,-4.85498755818464,-1.3946820099811085e-09,3.0,118.81967653604137,31.885634464800937
297.6,489.30892125729105,-318.79194920187746,-4.8549875581846935,-1.3944635352146967e-09,3.0,118.81967683675539,31.885636243195776
297.8,489.3373444160787,-318.59397919393547,-4.8549875581846935,-1.3954533996815254e-09,3.0,118.81967713746941,31.885638021590616
298.0,489.36576757486625,-318.39600918599353,-4.854987558184657,-1.3945781400574044e-09,3.0,118.81967743818343,31.885639799985455
298.2,489.3941907336539,-318.1980391780516,-4.854987558184635,-1.3948114415188493e-09,3.0,118.81967773889745,31.885641578380294
298.40000000000003,489.4226138924415,-318.0000691701096,-4.854987558184691,-1.3944662221934344e-09,3.0,118.81967803961147,31.885643356775134
298.6,489.4510370512291,-317.80209916216756,-4.854987558184714,-1.397700974361415e-09,3.0,118.8196783403255,31.885645135169973
298.8,489.4794602110707,-317.6041291543765,-4.854987566337153,8.377776403289631e-08,3.0,118.81967864103953,31.885646913564813
299.0,489.5078833690664,-317.4061591463214,-4.854987550032047,-8.656889642654698e-08,3.0,118.81967894175354,31.885648691959652
299.2,489.5363065275919,-317.20818913834177,-4.8549875581843445,-1.3977478885520002e-09,3.0,118.81967924246756,31.88565047035449
299.40000000000003,489.56472968637945,-317.0102191303997,-4.854987558184721,-1.3975511069365744e-09,3.0,118.81967954318158,31.88565224874933
299.6,489.5931528451671,-316.8122491224578,-4.854987558184565,-1.3974256043029994e-09,3.0,118.8196798438956,31.88565402714417
299.8,489.6215760039991,-316.6142791145231,-4.854987558529299,2.206224890994612e-09,3.0,118.81968014460962,31.88565580553901
300.0,489.6499991627978,-316.41630910658273,-4.854987558184634,-1.3947746924172231e-09,3.0,118.81968044532364,31.88565758393385
300.2,489.67842232158546,-316.2183390986408,-4.854987558184692,-1.3944813392881634e-09,3.0,118.81968074603766,31.88565936232869
300.40000000000003,489.7068454803286,-316.02036909069164,-4.854987557840041,-4.998618464075304e-09,3.0,118.81968104675168,31.885661140723528
300.6,489.73526863910513,-315.822399082748,-4.854987558184607,-1.396287478159675e-09,3.0,118.8196813474657,31.885662919118367
300.8,489.7636917989468,-315.6244290749569,-4.854987566337535,8.378321177787285e-08,3.0,118.81968164817974,31.885664697513207
301.0,489.79211495799655,-315.42645906705246,-4.8549875581846855,-1.3935833891419046e-09,3.0,118.81968194889376,31.885666475908046
301.2,489.8205381157745,-315.22848905896717,-4.854987550376464,-8.297430375193756e-08,3.0,118.81968224960777,31.885668254302885
301.40000000000003,489.8489612743111,-315.0305190509892,-4.854987558184567,-1.3966157872908538e-09,3.0,118.81968255032179,31.885670032697725
301.6,489.8773844330987,-314.83254904304715,-4.854987558184646,-1.3942714859473024e-09,3.0,118.81968285103581,31.885671811092564
301.8,489.90580759188634,-314.6345790351052,-4.854987558184701,-1.3949606179918881e-09,3.0,118.81968315174983,31.885673589487403
302.0,489.9342307506739,-314.43660902716323,-4.8549875581847,-1.3979174810044123e-09,3.0,118.81968345246385,31.885675367882243
302.2,489.9626539094615,-314.23863901922135,-4.854987558184552,-1.3969013043967352e-09,3.0,118.81968375317787,31.885677146277082
302.40000000000003,489.9910770682491,-314.0406690112793,-4.85498755818464,-1.3943678715416633e-09,3.0,118.81968405389189,31.88567892467192
302.6,490.01950022699236,-313.8426990033301,-4.85498755784002,-4.9951140566605495e-09,3.0,118.81968435460591,31.88568070306676
302.8,490.0479233868673,-313.6447289955447,-4.854987566682259,8.738402502378827e-08,3.0,118.81968465531995,31.885682481461597
303.0,490.07634654592806,-313.44675898764206,-4.854987558184661,-1.398086683634164e-09,3.0,118.81968495603397,31.885684259856436
303.2,490.10476970471575,-313.24878897970007,-4.854987558184609,-1.3962354588072272e-09,3.0,118.81968525674799,31.885686038251276
303.40000000000003,490.1331928635033,-313.0508189717581,-4.854987558184643,-1.3942731786155742e-09,3.0,118.81968555746201,31.885687816646115
303.6,490.1616160212369,-312.85284896366517,-4.854987550031754,-8.657253215378672e-08,3.0,118.81968585817602,31.885689595040958
303.8,490.1900391797624,-312.6548789556856,-4.854987558184712,-1.3974963371477822e-09,3.0,118.81968615889004,31.885691373435797
304.0,490.21846233855,-312.45690894774367,-4.854987558184613,-1.3964207595534187e-09,3.0,118.81968645960406,31.885693151830637
304.2,490.24688549733764,-312.2589389398017,-4.854987558184638,-1.3943579136120464e-09,3.0,118.81968676031808,31.885694930225476
304.40000000000003,490.2753086561253,-312.0609689318597,-4.854987558184642,-1.394653378124048e-09,3.0,118.8196870610321,31.885696708620316
304.6,490.30373181491285,-311.8629989239177,-4.854987558184719,-1.397246925372915e-09,3.0,118.81968736174612,31.885698487015155
304.8,490.33215497475453,-311.66502891612663,-4.854987566337538,8.377815834708043e-08,3.0,118.81968766246015,31.88570026540999
305.0,490.36057813380427,-311.4670589082222,-4.854987558184517,-1.3970943296458203e-09,3.0,118.81968796317418,31.88570204380483
305.2,490.38900129259184,-311.2690889002803,-4.854987558184646,-1.3951536478574858e-09,3.0,118.8196882638882,31.88570382219967
305.40000000000003,490.4174244513795,-311.0711188923382,-4.854987558184677,-1.395095400042046e-09,3.0,118.81968856460222,31.88570560059451
305.6,490.4458476101671,-310.87314888439624,-4.854987558184689,-1.3968159932084085e-09,3.0,118.81968886531624,31.88570737898935
305.8,490.47427076895474,-310.6751788764543,-4.854987558184582,-1.3965118428467072e-09,3.0,118.81968916603026,31.885709157384188
306.0,490.5026939277423,-310.4772088685124,-4.8549875581846464,-1.3942764405067515e-09,3.0,118.81968946674428,31.885710935779027
306.2,490.53111708547584,-310.27923886041947,-4.8549875500317965,-8.657132816612333e-08,3.0,118.81968976745829,31.885712714173867
306.40000000000003,490.5595402440458,-310.0812688524471,-4.8549875585293485,2.2036655810912604e-09,3.0,118.8196900681723,31.885714492568706
306.6,490.58796340284454,-309.8832988445068,-4.8549875581846305,-1.39637377369553e-09,3.0,118.81969036888633,31.885716270963545
306.8,490.6163865626861,-309.68532883671566,-4.854987566337134,8.377924000955887e-08,3.0,118.81969066960036,31.885718049358385
307.0,490.64480972169144,-309.4873588288039,-4.854987557840079,-4.995297251511319e-09,3.0,118.81969097031438,31.885719827753224
307.20000000000005,490.67323288046794,-309.2893888208603,-4.85498755818463,-1.3957065268607187e-09,3.0,118.8196912710284,31.885721606148064
307.40000000000003,490.70165603925557,-309.0914188129183,-4.8549875581846855,-1.3967575168392895e-09,3.0,118.81969157174242,31.885723384542903
307.6,490.7300791980432,-308.89344880497634,-4.854987558184634,-1.3960669536874553e-09,3.0,118.81969187245645,31.885725162937742
307.8,490.75850235683083,-308.69547879703435,-4.854987558184646,-1.3943676693602045e-09,3.0,118.81969217317047,31.88572694133258
308.0,490.78692551566286,-308.4975087890997,-4.8549875585293165,2.2058516626519615e-09,3.0,118.81969247388449,31.88572871972742
308.20000000000005,490.8153486744615,-308.2995387811593,-4.854987558184706,-1.3973028271441688e-09,3.0,118.81969277459851,31.88573049812226
308.40000000000003,490.8437718321951,-308.1015687730665,-4.854987550032023,-8.657108326040187e-08,3.0,118.81969307531251,31.8857322765171
308.6,490.8721949907207,-307.903598765087,-4.854987558184637,-1.394857038044001e-09,3.0,118.81969337602654,31.88573405491194
308.8,490.90061815056225,-307.70562875729587,-4.8549875663372335,8.377893263924854e-08,3.0,118.81969367674057,31.88573583330678
309.0,490.92904130961205,-307.5076587493915,-4.854987558184618,-1.3948617210260755e-09,3.0,118.81969397745459,31.885737611701618
309.20000000000005,490.9574644683996,-307.30968874144946,-4.854987558184686,-1.3938758442565656e-09,3.0,118.81969427816861,31.885739390096457
309.40000000000003,490.9858876271428,-307.11171873350025,-4.854987557840027,-4.994987591724759e-09,3.0,118.81969457888263,31.885741168491297
309.6,491.0143107859638,-306.9137487255639,-4.854987558529366,2.206767692512051e-09,3.0,118.81969487959665,31.885742946886136
309.8,491.04273394476246,-306.7157787176236,-4.854987558184644,-1.3951292114104405e-09,3.0,118.81969518031067,31.885744725280976
310.0,491.07115710355004,-306.5178087096816,-4.854987558184703,-1.3970922215544047e-09,3.0,118.8196954810247,31.885746503675815
310.20000000000005,491.09958026233767,-306.3198387017396,-4.854987558184629,-1.3967935754349086e-09,3.0,118.81969578173872,31.88574828207065
310.40000000000003,491.1280034211253,-306.1218686937976,-4.8549875581846305,-1.3950383457607797e-09,3.0,118.81969608245274,31.88575006046549
310.6,491.1564265799129,-305.92389868585565,-4.854987558184633,-1.3957132385037962e-09,3.0,118.81969638316676,31.88575183886033
310.8,491.1848497387005,-305.7259286779137,-4.854987558184684,-1.3965981743105215e-09,3.0,118.81969668388078,31.88575361725517
311.0,491.21327289748814,-305.5279586699717,-4.854987558184639,-1.396178015405043e-09,3.0,118.8196969845948,31.88575539565001
311.20000000000005,491.2416960562757,-305.3299886620298,-4.8549875581845905,-1.394708399044997e-09,3.0,118.81969728530882,31.885757174044848
311.40000000000003,491.2701192150634,-305.13201865408774,-4.8549875581847,-1.394501846809262e-09,3.0,118.81969758602284,31.885758952439687
311.6,491.298542373851,-304.9340486461458,-4.854987558184687,-1.395004842304282e-09,3.0,118.81969788673686,31.885760730834527
311.8,491.3269655326386,-304.7360786382038,-4.8549875581846695,-1.3944312912569835e-09,3.0,118.81969818745088,31.885762509229366
312.0,491.3553886914262,-304.5381086302619,-4.854987558184634,-1.3944250577764196e-09,3.0,118.8196984881649,31.885764287624205
312.20000000000005,491.3838118502138,-304.3401386223199,-4.854987558184704,-1.3947034171131892e-09,3.0,118.81969878887892,31.885766066019045
312.40000000000003,491.4122350090014,-304.1421686143779,-4.854987558184684,-1.395314585484429e-09,3.0,118.81969908959294,31.885767844413884
312.6,491.440658167789,-303.9441986064359,-4.85498755818468,-1.3965529682033012e-09,3.0,118.81969939030697,31.885769622808724
312.8,491.46908132657666,-303.74622859849404,-4.854987558184595,-1.3970020802912623e-09,3.0,118.81969969102099,31.885771401203563
313.0,491.49750448536423,-303.54825859055205,-4.854987558184633,-1.3945234810659883e-09,3.0,118.819699991735,31.885773179598402
313.20000000000005,491.5259276441963,-303.35028858261734,-4.854987558529314,2.205818981437296e-09,3.0,118.81970029244903,31.88577495799324
313.40000000000003,491.554350802995,-303.15231857467694,-4.8549875581847015,-1.396910641642396e-09,3.0,118.81970059316305,31.88577673638808
313.6,491.5827739617826,-302.95434856673495,-4.854987558184635,-1.3968831151397364e-09,3.0,118.81970089387707,31.88577851478292
313.8,491.6111971205258,-302.7563785587858,-4.854987557839953,-4.995653526886695e-09,3.0,118.81970119459109,31.88578029317776
314.0,491.63962027930233,-302.55840855084233,-4.854987558184694,-1.3953837449568839e-09,3.0,118.81970149530511,31.8857820715726
314.20000000000005,491.6680434380899,-302.36043854290034,-4.854987558184613,-1.395392176099741e-09,3.0,118.81970179601913,31.88578384996744
314.40000000000003,491.6964665968775,-302.1624685349583,-4.854987558184671,-1.3938549898686272e-09,3.0,118.81970209673315,31.885785628362278
314.6,491.7248897556652,-301.96449852701636,-4.8549875581847,-1.3939005494183718e-09,3.0,118.81970239744717,31.885787406757117
314.8,491.7533129155068,-301.76652851922523,-4.854987566337246,8.377973214448787e-08,3.0,118.81970269816121,31.885789185151957
315.0,491.78173607460093,-301.56855851132815,-4.854987558529313,2.205817529045911e-09,3.0,118.81970299887523,31.885790963546793
315.20000000000005,491.81015923234554,-301.370588503237,-4.854987550032104,-8.657132566485717e-08,3.0,118.81970329958924,31.885792741941636
315.40000000000003,491.8385823908711,-301.1726184952574,-4.854987558184641,-1.397286517073668e-09,3.0,118.81970360030326,31.885794520336475
315.6,491.8670055496587,-300.9746484873154,-4.854987558184616,-1.3951032548182457e-09,3.0,118.81970390101728,31.885796298731314
315.8,491.8954287084463,-300.77667847937346,-4.8549875581846855,-1.3956013557919787e-09,3.0,118.8197042017313,31.885798077126154
316.0,491.9238518672339,-300.5787084714315,-4.8549875581846225,-1.3971453794454531e-09,3.0,118.81970450244532,31.885799855520993
316.20000000000005,491.95227502597714,-300.38073846348226,-4.854987557840021,-4.996836813480876e-09,3.0,118.81970480315934,31.885801633915833
316.40000000000003,491.9806981847981,-300.1827684555459,-4.854987558529254,2.2063428808518948e-09,3.0,118.81970510387336,31.885803412310672
316.6,492.0091213446508,-299.98479844775636,-4.854987566337252,8.377925627567328e-08,3.0,118.8197054045874,31.885805190705508
316.8,492.03754450370053,-299.786828439852,-4.854987558184629,-1.3952694557100033e-09,3.0,118.81970570530142,31.885806969100347
317.0,492.0659676624884,-299.58885843191007,-4.85498755818361,-1.273017599258842e-09,3.0,118.81970600601544,31.885808747495187
317.20000000000005,492.0943908202814,-299.3908884238257,-4.854987549827527,-6.294367505884654e-08,3.0,118.81970630672944,31.88581052589003
317.40000000000003,492.12281398172127,-299.1929184162645,-4.854987451916499,3.891386309837439e-06,3.0,118.81970660744349,31.885812304284865
317.6,492.1512377227835,-298.99494849196236,-4.854967072411538,0.0007572191141153601,3.0,118.81970690816368,31.88581408267895
317.8,492.17951471551834,-298.79695759253724,-4.853168662970346,0.009367622414130918,3.0,118.81970720733128,31.885815861261463
318.0,492.2072788522707,-298.5988941995599,-4.849896220190209,0.013573765399075373,3.0,118.81970750107291,31.885817640495194
318.20000000000005,492.2345844150227,-298.4007669545797,-4.849263874527507,-5.5361584281921504e-05,3.0,118.81970778996289,31.885819420302518
318.40000000000003,492.26187458298733,-298.2026375859021,-4.849267362241778,-3.5710466591932056e-07,3.0,118.81970807868998,31.88582120012892
318.6,492.28916485995245,-298.004508232238,-4.8492673877774335,4.555180721527181e-09,3.0,118.81970836741823,31.885822979955186
318.8,492.3164551376952,-297.806378878681,-4.849267387696178,4.189532389883768e-09,3.0,118.81970865614649,31.88582475978145
319.0,492.34374541547777,-297.6082495251305,-4.849267388026307,7.63765463745906e-09,3.0,118.81970894487475,31.885826539607717
319.20000000000005,492.37103569327104,-297.4101201715813,-4.849267388026591,7.642646909895078e-09,3.0,118.819709233603,31.88582831943398
319.40000000000003,492.3983259710217,-297.2119908180255,-4.849267387695671,4.1883208403064356e-09,3.0,118.81970952233127,31.885830099260247
319.6,492.42561624876157,-297.0138614644681,-4.849267387695781,4.186070426549595e-09,3.0,118.81970981105952,31.88583187908651
319.8,492.45290652544577,-296.8157321107659,-4.849267379536338,-8.106293266866239e-08,3.0,118.81971009978777,31.885833658912777
320.0,492.48019680402166,-296.6176027573242,-4.849267396185921,9.289350481656229e-08,3.0,118.81971038851604,31.885835438739043
320.20000000000005,492.50748708207743,-296.4194734038112,-4.849267388026711,7.644122422967192e-09,3.0,118.8197106772443,31.885837218565307
320.40000000000003,492.53477735877226,-296.2213440501105,-4.849267379536364,-8.1064318873131e-08,3.0,118.81971096597256,31.885838998391574
320.6,492.5620676362497,-296.0232146965169,-4.849267387695647,4.185388035168549e-09,3.0,118.8197112547008,31.88584077821784
320.8,492.5893579139896,-295.82508534295954,-4.849267387695342,4.183949571487993e-09,3.0,118.81971154342907,31.885842558044104
321.0,492.61664819177224,-295.62695598940905,-4.849267388026637,7.643446625587525e-09,3.0,118.81971183215732,31.88584433787037
321.20000000000005,492.64393846956557,-295.4288266358599,-4.849267388026652,7.64300569842591e-09,3.0,118.81971212088558,31.885846117696637
321.40000000000003,492.6712287473161,-295.2306972823041,-4.849267387695679,4.187714080337938e-09,3.0,118.81971240961384,31.8858478975229
321.6,492.6985190250561,-295.0325679287467,-4.849267387695754,4.187128871375129e-09,3.0,118.8197126983421,31.885849677349167
321.8,492.72580930279605,-294.8344385751893,-4.849267387695752,4.184275191721893e-09,3.0,118.81971298707036,31.88585145717543
322.0,492.7530995805787,-294.6363092216387,-4.849267388026599,7.642071712035918e-09,3.0,118.81971327579862,31.885853237001697
322.20000000000005,492.7803898583719,-294.4381798680897,-4.8492673880261945,7.641366289197221e-09,3.0,118.81971356452688,31.88585501682796
322.40000000000003,492.8076801361225,-294.24005051453383,-4.849267387695763,4.187108125117263e-09,3.0,118.81971385325514,31.885856796654227
322.6,492.83497041386244,-294.0419211609765,-4.849267387695748,4.1846634142387e-09,3.0,118.8197141419834,31.885858576480494
322.8,492.8622606905467,-293.8437918072743,-4.8492673795362755,-8.106002369156866e-08,3.0,118.81971443071164,31.88586035630676
323.0,492.88955096912247,-293.6456624538326,-4.849267396186066,9.289319367230658e-08,3.0,118.81971471943992,31.885862136133024
323.20000000000005,492.9168412471783,-293.44753310031973,-4.8492673880266555,7.640510434042371e-09,3.0,118.81971500816817,31.885863915959288
323.40000000000003,492.94413152387307,-293.24940374661884,-4.8492673795362675,-8.106330715311212e-08,3.0,118.81971529689643,31.885865695785554
323.6,492.9714218013506,-293.0512743930254,-4.849267387695662,4.1883638360627844e-09,3.0,118.81971558562468,31.88586747561182
323.8,492.99871207909047,-292.853145039468,-4.849267387695781,4.186374146635805e-09,3.0,118.81971587435294,31.885869255438088
324.0,493.0260023568731,-292.6550156859174,-4.849267388026318,7.6376349808675e-09,3.0,118.8197161630812,31.88587103526435
324.20000000000005,493.0532926346664,-292.4568863323684,-4.849267388026533,7.642168346878252e-09,3.0,118.81971645180946,31.885872815090618
324.40000000000003,493.08058291241696,-292.2587569788125,-4.8492673876956776,4.18786225911704e-09,3.0,118.81971674053771,31.88587459491688
324.6,493.10787319015685,-292.06062762525517,-4.849267387695754,4.187562943723107e-09,3.0,118.81971702926597,31.885876374743148
324.8,493.13516346789686,-291.86249827169775,-4.849267387695756,4.185390699585833e-09,3.0,118.81971731799423,31.88587815456941
325.0,493.1624537456795,-291.6643689181472,-4.8492673880266,7.645444400105698e-09,3.0,118.81971760672249,31.88587993439568
325.20000000000005,493.18974402343,-291.46623956459126,-4.849267387695751,4.18817106202874e-09,3.0,118.81971789545075,31.885881714221945
325.40000000000003,493.2170343012127,-291.26811021104066,-4.849267388026664,7.641450989464757e-09,3.0,118.81971818417901,31.88588349404821
325.6,493.24432457896324,-291.0699808574849,-4.849267387695372,4.181377174594931e-09,3.0,118.81971847290727,31.885885273874475
325.8,493.2716148556475,-290.87185150378264,-4.849267379536622,-8.105601224123436e-08,3.0,118.81971876163551,31.885887053700742
326.0,493.2989051342233,-290.67372215034095,-4.849267396185695,9.288795113401517e-08,3.0,118.81971905036379,31.885888833527005
326.20000000000005,493.3261954122364,-290.47559279682116,-4.849267387695729,4.184499922875025e-09,3.0,118.81971933909205,31.88589061335327
326.40000000000003,493.3534856889633,-290.2774634431258,-4.849267379867199,-7.760199124182403e-08,3.0,118.8197196278203,31.885892393179535
326.6,493.3807759664514,-290.0793340895338,-4.8492673876957815,4.187143408131091e-09,3.0,118.81971991654855,31.885894173005802
326.8,493.4080662441913,-289.8812047359764,-4.849267387695756,4.1836354700517465e-09,3.0,118.81972020527681,31.88589595283207
327.0,493.435356521974,-289.6830753824259,-4.8492673880265285,7.642034466696909e-09,3.0,118.81972049400507,31.885897732658332
327.20000000000005,493.4626467997246,-289.48494602886996,-4.849267387695676,4.1875848204745904e-09,3.0,118.81972078273333,31.8858995124846
327.40000000000003,493.4899370775071,-289.2868166753194,-4.8492673880263375,7.640780241698979e-09,3.0,118.81972107146159,31.885901292310862
327.6,493.5172273552578,-289.08868732176353,-4.849267387695738,4.185187759871561e-09,3.0,118.81972136018985,31.88590307213713
327.8,493.5445176329977,-288.89055796820617,-4.84926738769567,4.187639160781802e-09,3.0,118.8197216489181,31.885904851963392
328.0,493.5718079107803,-288.6924286146557,-4.849267388026633,7.644377263549939e-09,3.0,118.81972193764636,31.88590663178966
328.20000000000005,493.5990981874752,-288.4942992609549,-4.849267379536384,-8.106359593731168e-08,3.0,118.81972222637462,31.885908411615926
328.40000000000003,493.6263884660509,-288.2961699075133,-4.849267396185982,9.288960439222563e-08,3.0,118.81972251510288,31.88591019144219
328.6,493.6536787440641,-288.09804055399354,-4.849267387695642,4.187818574011606e-09,3.0,118.81972280383114,31.885911971268456
328.8,493.68096902074825,-287.89991120029134,-4.849267379536383,-8.106045586764709e-08,3.0,118.81972309255939,31.885913751094723
329.0,493.7082592993241,-287.70178184684966,-4.849267396185678,9.288564048398753e-08,3.0,118.81972338128766,31.885915530920986
329.20000000000005,493.7355495773372,-287.50365249332987,-4.849267387695635,4.187890814713182e-09,3.0,118.81972367001592,31.88591731074725
329.40000000000003,493.76283985402137,-287.3055231396275,-4.8492673795364265,-8.10592070907978e-08,3.0,118.81972395874416,31.885919090573516
329.6,493.79013013154156,-287.10739378604086,-4.849267388026677,7.640598017348219e-09,3.0,118.81972424747242,31.885920870399783
329.8,493.8174204092921,-286.909264432485,-4.849267387695647,4.184137442683818e-09,3.0,118.81972453620068,31.88592265022605
330.0,493.84471068707484,-286.7111350789344,-4.849267388026574,7.645999479785538e-09,3.0,118.81972482492894,31.885924430052313
330.20000000000005,493.8720009648253,-286.51300572537843,-4.8492673876957815,4.186934013883235e-09,3.0,118.8197251136572,31.88592620987858
330.40000000000003,493.8992912425653,-286.31487637182113,-4.849267387695735,4.185190534733859e-09,3.0,118.81972540238546,31.885927989704843
330.6,493.9265815203479,-286.11674701827064,-4.849267388026198,7.642096456574326e-09,3.0,118.81972569111372,31.88592976953111
330.8,493.9538717980985,-285.91861766471476,-4.849267387695781,4.187506845429873e-09,3.0,118.81972597984198,31.885931549357377
331.0,493.9811620758811,-285.72048831116416,-4.8492673880266945,7.64129649037057e-09,3.0,118.81972626857024,31.88593332918364
331.20000000000005,494.00845235257594,-285.52235895746344,-4.849267379536277,-8.106328865561708e-08,3.0,118.8197265572985,31.885935109009907
331.40000000000003,494.03574263110914,-285.3242296040149,-4.849267395855041,8.943574383532739e-08,3.0,118.81972684602675,31.88593688883617
331.6,494.06303290915423,-285.12610025050054,-4.8492673880266315,7.644851729260264e-09,3.0,118.81972713475501,31.885938668662437
331.8,494.0903231858491,-284.9279708967998,-4.849267379536402,-8.106407554690928e-08,3.0,118.81972742348327,31.885940448488704
332.0,494.11761346442495,-284.72984154335813,-4.8492673961855886,9.288958781822048e-08,3.0,118.81972771221153,31.885942228314967
332.20000000000005,494.14490374243803,-284.53171218983834,-4.849267387695743,4.188714693942846e-09,3.0,118.81972800093979,31.885944008141234
332.40000000000003,494.17219401912223,-284.3335828361361,-4.849267379536421,-8.106337968990539e-08,3.0,118.81972828966803,31.8859457879675
332.6,494.1994842966423,-284.13545348254945,-4.849267388026563,7.640848496342983e-09,3.0,118.8197285783963,31.885947567793764
332.8,494.22677457443564,-283.93732412900033,-4.8492673880265595,7.646067197320879e-09,3.0,118.81972886712455,31.88594934762003
333.0,494.2540648521862,-283.73919477544445,-4.849267387695785,4.186939776931593e-09,3.0,118.81972915585281,31.885951127446294
333.20000000000005,494.2813551299261,-283.541065421887,-4.849267387695745,4.184054632676255e-09,3.0,118.81972944458107,31.88595290727256
333.40000000000003,494.3086454076661,-283.3429360683297,-4.849267387695627,4.188676375111438e-09,3.0,118.81972973330933,31.885954687098824
333.6,494.33593568544876,-283.1448067147791,-4.84926738802671,7.645546620354948e-09,3.0,118.81973002203759,31.88595646692509
333.8,494.36322596324203,-282.9466773612302,-4.849267388026634,7.64395214398436e-09,3.0,118.81973031076585,31.885958246751358
334.0,494.3905162409926,-282.74854800767423,-4.849267387695397,4.181233282033357e-09,3.0,118.81973059949411,31.88596002657762
334.20000000000005,494.4178065176768,-282.550418653972,-4.849267379536284,-8.106039550807236e-08,3.0,118.81973088822237,31.885961806403888
334.40000000000003,494.44509679620995,-282.35228930052347,-4.849267395855121,8.943597298451343e-08,3.0,118.81973117695063,31.88596358623015
334.6,494.4723870742124,-282.1541599470022,-4.8492673876957735,4.184607646226491e-09,3.0,118.81973146567888,31.885965366056418
334.8,494.4996773509819,-281.9560305933138,-4.849267380198123,-7.414996736382212e-08,3.0,118.81973175440714,31.885967145882685
335.0,494.5269676295364,-281.75790123986826,-4.849267395855004,8.943554292721855e-08,3.0,118.8197320431354,31.885968925708948
335.20000000000005,494.55425790753884,-281.55977188634705,-4.849267387695745,4.188101885286562e-09,3.0,118.81973233186366,31.885970705535215
335.40000000000003,494.5815481842231,-281.36164253264474,-4.849267379536412,-8.106431523544298e-08,3.0,118.8197326205919,31.88597248536148
335.6,494.6088384617005,-281.1635131790512,-4.849267387695621,4.187785469922327e-09,3.0,118.81973290932017,31.885974265187745
335.8,494.6361287405815,-280.96538382565257,-4.84926739651659,9.634788113925583e-08,3.0,118.81973319804844,31.885976045014008
336.0,494.66341901754953,-280.7672544719894,-4.849267379536435,-8.106438189767637e-08,3.0,118.8197334867767,31.885977824840275
336.20000000000005,494.6907092950269,-280.56912511839585,-4.849267387695644,4.184553867363133e-09,3.0,118.81973377550494,31.88597960466654
336.40000000000003,494.71799957276687,-280.3709957648385,-4.849267387695653,4.1887770202949735e-09,3.0,118.8197340642332,31.88598138449281
336.6,494.7452898505068,-280.1728664112811,-4.849267387695788,4.1871166858056614e-09,3.0,118.81973435296146,31.88598316431907
336.8,494.7725801283321,-279.9747370577375,-4.849267388357566,1.1098286112120408e-08,3.0,118.81973464168972,31.88598494414534
337.0,494.7998704060934,-279.77660770418305,-4.849267387695617,4.1886870569753815e-09,3.0,118.81973493041798,31.8859867239716
337.20000000000005,494.82716068277756,-279.5784783504808,-4.849267379536407,-8.106001681218857e-08,3.0,118.81973521914624,31.88598850379787
337.40000000000003,494.8544509613107,-279.38034899703223,-4.849267395854848,8.942964263849658e-08,3.0,118.8197355078745,31.885990283624135
337.6,494.88174123931316,-279.1822196435111,-4.84926738769569,4.183341488284088e-09,3.0,118.81973579660276,31.8859920634504
337.8,494.90903151604005,-278.9840902898158,-4.849267379867133,-7.760361908991308e-08,3.0,118.819736085331,31.885993843276665
338.0,494.9363217935708,-278.7859609362306,-4.84926738802668,7.644818820631036e-09,3.0,118.81973637405926,31.885995623102932
338.20000000000005,494.96361207237715,-278.58783158281966,-4.849267395855129,8.943269408513628e-08,3.0,118.81973666278753,31.885997402929195
338.40000000000003,494.99090234932385,-278.3897022291536,-4.849267379536277,-8.106040372326116e-08,3.0,118.81973695151578,31.885999182755462
338.6,495.0181926268013,-278.1915728755601,-4.849267387695738,4.189088911365316e-09,3.0,118.81973724024404,31.886000962581726
338.8,495.0454829056396,-277.99344352215456,-4.849267396185727,9.28852005430726e-08,3.0,118.81973752897231,31.886002742407992
339.0,495.0727731826396,-277.7953141684969,-4.849267379867211,-7.760703853576114e-08,3.0,118.81973781770057,31.886004522234256
339.20000000000005,495.10006346012767,-277.5971848149048,-4.849267387695623,4.188502871661888e-09,3.0,118.81973810642882,31.886006302060522
339.40000000000003,495.1273537378676,-277.3990554613475,-4.849267387695773,4.1883347843379e-09,3.0,118.81973839515707,31.88600808188679
339.6,495.1546440156076,-277.2009261077901,-4.8492673876957895,4.183791691827457e-09,3.0,118.81973868388533,31.886009861713053
339.8,495.1819342933902,-277.0027967542396,-4.849267388026498,7.645550810564375e-09,3.0,118.81973897261359,31.88601164153932
340.0,495.2092245711835,-276.8046674006905,-4.849267388026707,7.64553439636694e-09,3.0,118.81973926134185,31.886013421365583
340.20000000000005,495.2365148489341,-276.60653804713456,-4.849267387695778,4.183964612995431e-09,3.0,118.81973955007011,31.88601520119185
340.40000000000003,495.263805126674,-276.4084086935772,-4.8492673876953125,4.180836644010369e-09,3.0,118.81973983879837,31.886016981018116
340.6,495.2910954044566,-276.2102793400268,-4.849267388026544,7.644368662509957e-09,3.0,118.81974012752663,31.88601876084438
340.8,495.31838568220724,-276.01214998647083,-4.849267387695746,4.187054290358691e-09,3.0,118.81974041625489,31.886020540670646
341.0,495.3456759599899,-275.81402063292023,-4.849267388026677,7.642354356990015e-09,3.0,118.81974070498315,31.88602232049691
341.20000000000005,495.37296623774046,-275.61589127936435,-4.84926738769566,4.1874514059867715e-09,3.0,118.8197409937114,31.886024100323176
341.40000000000003,495.4002565154804,-275.41776192580704,-4.84926738769574,4.1880802209795394e-09,3.0,118.81974128243967,31.88602588014944
341.6,495.4275467922073,-275.2196325721117,-4.849267379867332,-7.760558401540234e-08,3.0,118.81974157116792,31.886027659975706
341.8,495.45483707075107,-275.0215032186647,-4.849267395855068,8.943156951198795e-08,3.0,118.81974185989618,31.886029439801973
342.0,495.4821273487535,-274.82337386514354,-4.849267387695285,4.1836952752281146e-09,3.0,118.81974214862444,31.886031219628236
342.20000000000005,495.5094176254803,-274.6252445114482,-4.849267379867247,-7.760285460034067e-08,3.0,118.8197424373527,31.886032999454503
342.40000000000003,495.53670790296843,-274.42711515785624,-4.849267387695787,4.18401171783832e-09,3.0,118.81974272608095,31.88603477928077
342.6,495.56399818180677,-274.22898580445076,-4.849267396185937,9.289298263476935e-08,3.0,118.81974301480922,31.886036559107033
342.8,495.59128845876415,-274.0308564507862,-4.849267379536361,-8.105915062350519e-08,3.0,118.81974330353748,31.8860383389333
343.0,495.61857873624155,-273.8327270971927,-4.8492673876958055,4.184240765643518e-09,3.0,118.81974359226572,31.886040118759563
343.20000000000005,495.6458690140242,-273.63459774364213,-4.849267388026545,7.641442253392261e-09,3.0,118.81974388099398,31.88604189858583
343.40000000000003,495.67315929177477,-273.43646839008625,-4.849267387695652,4.188215735597992e-09,3.0,118.81974416972224,31.886043678412097
343.6,495.70044956955735,-273.23833903653565,-4.8492673880267,7.644800392480338e-09,3.0,118.8197444584505,31.88604545823836
343.8,495.727739847308,-273.0402096829798,-4.849267387695411,4.180546769865361e-09,3.0,118.81974474717876,31.886047238064627
344.0,495.75503012504794,-272.84208032942246,-4.849267387695633,4.188125333670666e-09,3.0,118.81974503590702,31.88604901789089
344.20000000000005,495.7823204028306,-272.6439509758719,-4.849267388026645,7.645112263473806e-09,3.0,118.81974532463528,31.886050797717157
344.40000000000003,495.80961068058116,-272.44582162231603,-4.849267387695772,4.1851756690744885e-09,3.0,118.81974561336354,31.88605257754342
344.6,495.836900957308,-272.2476922686207,-4.849267379867257,-7.76069275605988e-08,3.0,118.8197459020918,31.886054357369687
344.8,495.86419123479607,-272.04956291502873,-4.849267387695635,4.186851734235423e-09,3.0,118.81974619082004,31.886056137195954
345.0,495.89148151359177,-271.8514335616163,-4.8492673958551,8.943609236414085e-08,3.0,118.81974647954831,31.886057917022217
345.20000000000005,495.91877179058116,-271.6533042079572,-4.849267379867282,-7.760574228705444e-08,3.0,118.81974676827657,31.886059696848484
345.40000000000003,495.9460620680692,-271.4551748543653,-4.849267387695718,4.18781525671033e-09,3.0,118.81974705700482,31.88606147667475
345.6,495.9733523469075,-271.2570455009598,-4.84926739618564,9.289028248839889e-08,3.0,118.81974734573309,31.886063256501014
345.8,496.00064262386485,-271.05891614729524,-4.849267379536428,-8.106357133513834e-08,3.0,118.81974763446135,31.88606503632728
346.0,496.0279329013423,-270.86078679370166,-4.849267387695676,4.1836102734655716e-09,3.0,118.8197479231896,31.886066816153548
346.20000000000005,496.05522317908225,-270.66265744014424,-4.8492673876956305,4.187767142851493e-09,3.0,118.81974821191785,31.88606859597981
346.40000000000003,496.0825134568649,-270.4645280865937,-4.84926738802669,7.644787615869808e-09,3.0,118.81974850064611,31.886070375806078
346.6,496.10980373465816,-270.26639873304475,-4.8492673880266395,7.64116742464744e-09,3.0,118.81974878937437,31.88607215563234
346.8,496.13709401240874,-270.06826937948887,-4.849267387695635,4.18788079268751e-09,3.0,118.81974907810263,31.886073935458608
347.0,496.16438429014863,-269.87014002593145,-4.84926738769541,4.184455165371005e-09,3.0,118.81974936683089,31.88607571528487
347.20000000000005,496.19167456788864,-269.67201067237403,-4.849267387695777,4.184557943184088e-09,3.0,118.81974965555915,31.886077495111138
347.40000000000003,496.2189648456713,-269.4738813188235,-4.849267388026606,7.641879856057566e-09,3.0,118.81974994428741,31.886079274937405
347.6,496.24625512240874,-269.27575196512976,-4.849267379867168,-7.760408787630988e-08,3.0,118.81975023301567,31.88608105476367
347.8,496.2735453998968,-269.0776226115377,-4.849267387695734,4.187056480541596e-09,3.0,118.81975052174391,31.886082834589935
348.0,496.3008356786925,-268.87949325812536,-4.84926739585512,8.943321992205197e-08,3.0,118.81975081047219,31.8860846144162
348.20000000000005,496.3281259556393,-268.6813639044593,-4.849267379536299,-8.106093339090702e-08,3.0,118.81975109920043,31.886086394242465
348.40000000000003,496.35541623315936,-268.4832345508726,-4.84926738802666,7.645508490256391e-09,3.0,118.81975138792869,31.886088174068732
348.6,496.38270651200827,-268.2851051974686,-4.849267396185683,9.288685726985787e-08,3.0,118.81975167665696,31.886089953894995
348.8,496.40999678896566,-268.086975843804,-4.849267379536332,-8.106443584171785e-08,3.0,118.81975196538522,31.886091733721262
349.0,496.43728706644305,-267.8888464902105,-4.849267387695628,4.1876296765213405e-09,3.0,118.81975225411347,31.88609351354753
349.20000000000005,496.46457734418306,-267.690717136653,-4.849267387695741,4.1890495886967e-09,3.0,118.81975254284173,31.886095293373792
349.40000000000003,496.4918676219657,-267.4925877831025,-4.8492673880267345,7.642392105895964e-09,3.0,118.81975283156999,31.88609707320006
349.6,496.51915789975897,-267.29445842955346,-4.849267388026618,7.641174203216496e-09,3.0,118.81975312029824,31.886098853026322
349.8,496.54644817750955,-267.0963290759976,-4.849267387695634,4.18735150208042e-09,3.0,118.8197534090265,31.88610063285259
350.0,496.5737384552495,-266.8981997224402,-4.849267387695747,4.187372106359164e-09,3.0,118.81975369775476,31.886102412678856
350.20000000000005,496.6010287329894,-266.70007036888273,-4.849267387695406,4.181693187724368e-09,3.0,118.81975398648302,31.88610419250512
350.40000000000003,496.62831901077203,-266.5019410153322,-4.8492673880265595,7.64406724095328e-09,3.0,118.81975427521128,31.886105972331386
350.6,496.6556092875095,-266.30381166163835,-4.849267379867284,-7.76026139406158e-08,3.0,118.81975456393954,31.886107752157653
350.8,496.6828995649976,-266.10568230804637,-4.849267387695773,4.184888048844624e-09,3.0,118.81975485266778,31.886109531983916
351.0,496.7101898437933,-265.907552954634,-4.84926739585506,8.943239471837068e-08,3.0,118.81975514139606,31.88611131181018
351.20000000000005,496.73748012074003,-265.7094236009679,-4.849267379536285,-8.106130457552735e-08,3.0,118.8197554301243,31.886113091636446
351.40000000000003,496.76477039826017,-265.51129424738116,-4.849267388026604,7.64491396173298e-09,3.0,118.81975571885256,31.886114871462713
351.6,496.79206067710913,-265.31316489397716,-4.849267396186079,9.289037726494403e-08,3.0,118.81975600758084,31.886116651288976
351.8,496.8193509540665,-265.11503554031265,-4.849267379536288,-8.106127547939422e-08,3.0,118.8197562963091,31.886118431115243
352.0,496.84664123154397,-264.9169061867191,-4.84926738769572,4.188028160534756e-09,3.0,118.81975658503734,31.88612021094151
352.20000000000005,496.87393150928386,-264.71877683316166,-4.849267387695425,4.182037908279913e-09,3.0,118.8197568737656,31.886121990767773
352.40000000000003,496.90122178706645,-264.52064747961106,-4.849267388026594,7.640938402266462e-09,3.0,118.81975716249386,31.88612377059404
352.6,496.9285120648598,-264.322518126062,-4.849267388026571,7.644623630261143e-09,3.0,118.81975745122212,31.886125550420303
352.8,496.95580234261035,-264.12438877250617,-4.849267387695739,4.187350044346137e-09,3.0,118.81975773995038,31.88612733024657
353.0,496.9830926203503,-263.92625941894875,-4.849267387695757,4.184765455641122e-09,3.0,118.81975802867863,31.886129110072837
353.20000000000005,497.01038289809026,-263.7281300653913,-4.849267387695658,4.187336760220024e-09,3.0,118.8197583174069,31.8861308898991
353.40000000000003,497.03767317587284,-263.5300007118408,-4.849267388026659,7.646496057724144e-09,3.0,118.81975860613515,31.886132669725367
353.6,497.0649634526104,-263.33187135814705,-4.849267379867308,-7.760562377390556e-08,3.0,118.81975889486341,31.886134449551633
353.8,497.09225373009843,-263.1337420045551,-4.849267387695697,4.18437181285953e-09,3.0,118.81975918359166,31.886136229377897
354.0,497.11954400889414,-262.93561265114266,-4.84926739585469,8.943094383165564e-08,3.0,118.81975947231993,31.886138009204164
354.20000000000005,497.14683428584084,-262.7374832974766,-4.849267379536347,-8.106087439877768e-08,3.0,118.81975976104818,31.886139789030427
354.40000000000003,497.1741245633609,-262.5393539438899,-4.849267388026678,7.64298878144083e-09,3.0,118.81976004977643,31.886141568856694
354.6,497.20141484111156,-262.34122459033404,-4.849267387695683,4.1868380099556904e-09,3.0,118.8197603385047,31.88614334868296
354.8,497.2287051188941,-262.1430952367836,-4.8492673880265995,7.64543040457661e-09,3.0,118.81976062723295,31.886145128509224
355.0,497.2559953966447,-261.94496588322767,-4.849267387695777,4.1861488856088355e-09,3.0,118.81976091596121,31.88614690833549
355.20000000000005,497.2832856743847,-261.74683652967025,-4.8492673876957255,4.183832991356249e-09,3.0,118.81976120468947,31.886148688161754
355.40000000000003,497.31057595216726,-261.5487071761197,-4.849267388026228,7.640309566426506e-09,3.0,118.81976149341773,31.88615046798802
355.6,497.33786622991784,-261.3505778225638,-4.849267387695708,4.188541220413619e-09,3.0,118.81976178214599,31.886152247814287
355.8,497.3651565077005,-261.15244846901334,-4.849267388026671,7.642560239046702e-09,3.0,118.81976207087425,31.88615402764055
356.0,497.39244678545106,-260.95431911545745,-4.849267387695702,4.18436380919285e-09,3.0,118.8197623596025,31.886155807466817
356.20000000000005,497.41973706323375,-260.7561897619068,-4.8492673880265915,7.643961633746944e-09,3.0,118.81976264833077,31.88615758729308
356.40000000000003,497.44702734098433,-260.558060408351,-4.849267387695721,4.186937038529027e-09,3.0,118.81976293705902,31.886159367119348
356.6,497.47431761766853,-260.35993105464877,-4.849267379536371,-8.106311391323117e-08,3.0,118.81976322578728,31.886161146945614
356.8,497.5016078951886,-260.16180170106213,-4.849267388026549,7.644047386208537e-09,3.0,118.81976351451553,31.886162926771878
357.0,497.5288981739949,-259.96367234765125,-4.8492673958547545,8.943266315771866e-08,3.0,118.8197638032438,31.886164706598144
357.20000000000005,497.5561884509843,-259.7655429939921,-4.849267379867329,-7.760457608710908e-08,3.0,118.81976409197206,31.886166486424408
357.40000000000003,497.58347872847236,-259.5674136404001,-4.849267387695718,4.184024393700226e-09,3.0,118.8197643807003,31.886168266250674
357.6,497.6107690062123,-259.36928428684274,-4.849267387695653,4.186032114963213e-09,3.0,118.81976466942857,31.88617004607694
357.8,497.63805928399495,-259.17115493329214,-4.849267388026638,7.644762815658965e-09,3.0,118.81976495815682,31.886171825903205
358.0,497.66534956174553,-258.9730255797363,-4.8492673876957495,4.18563992566083e-09,3.0,118.81976524688508,31.88617360572947
358.20000000000005,497.6926398395282,-258.7748962261858,-4.849267388026572,7.643683700498208e-09,3.0,118.81976553561334,31.886175385555735
358.40000000000003,497.7199301172788,-258.5767668726299,-4.84926738769571,4.188478486364448e-09,3.0,118.8197658243416,31.886177165382
358.6,497.74722039501864,-258.3786375190725,-4.849267387695439,4.18214739437921e-09,3.0,118.81976611306986,31.88617894520827
358.8,497.7745106727586,-258.18050816551516,-4.849267387695714,4.183772626833042e-09,3.0,118.81976640179812,31.88618072503453
359.0,497.80180095054124,-257.98237881196457,-4.849267388026572,7.644047922519975e-09,3.0,118.81976669052638,31.8861825048608
359.20000000000005,497.8290912282919,-257.7842494584086,-4.849267387695715,4.188172643726356e-09,3.0,118.81976697925464,31.88618428468706
359.40000000000003,497.8563815060745,-257.586120104858,-4.849267388026658,7.642624191104778e-09,3.0,118.8197672679829,31.88618606451333
359.6,497.88367178382504,-257.3879907513022,-4.849267387695685,4.1867884921244755e-09,3.0,118.81976755671116,31.886187844339595
359.8,497.91096206050923,-257.18986139759994,-4.849267379536343,-8.105983011833865e-08,3.0,118.8197678454394,31.88618962416586
360.0,497.9382523390851,-256.99173204415825,-4.8492673961860815,9.289111574046366e-08,3.0,118.81976813416767,31.886191403992125
360.20000000000005,497.96554261604246,-256.7936026904937,-4.84926737953633,-8.106369150402884e-08,3.0,118.81976842289592,31.886193183818392
360.40000000000003,497.9928328935626,-256.59547333690693,-4.849267388026545,7.643239503943383e-09,3.0,118.81976871162418,31.886194963644655
360.6,498.0201231713131,-256.3973439833511,-4.849267387695364,4.183910119696705e-09,3.0,118.81976900035244,31.886196743470922
360.8,498.04741344905307,-256.1992146297937,-4.849267387695753,4.186117135707497e-09,3.0,118.8197692890807,31.886198523297185
361.0,498.07470372683576,-256.0010852762431,-4.849267388026634,7.644042974273235e-09,3.0,118.81976957780896,31.886200303123452
361.20000000000005,498.10199400458634,-255.8029559226872,-4.8492673876957095,4.187886600309218e-09,3.0,118.81976986653721,31.88620208294972
361.40000000000003,498.129284282369,-255.60482656913666,-4.84926738802667,7.643469437109165e-09,3.0,118.81977015526547,31.886203862775982
361.6,498.1565745601195,-255.40669721558078,-4.8492673876957255,4.184221905722011e-09,3.0,118.81977044399373,31.88620564260225
361.8,498.1838648378595,-255.20856786202341,-4.849267387695656,4.186132890379843e-09,3.0,118.81977073272199,31.886207422428512
362.0,498.21115511564204,-255.01043850847282,-4.84926738802627,7.641068603984215e-09,3.0,118.81977102145025,31.88620920225478
362.20000000000005,498.2384453933927,-254.81230915491687,-4.849267387695759,4.185091904252325e-09,3.0,118.81977131017851,31.886210982081042
362.40000000000003,498.2657356711753,-254.61417980136633,-4.849267388026585,7.6432343941177e-09,3.0,118.81977159890677,31.88621276190731
362.6,498.29302594892596,-254.41605044781045,-4.849267387695692,4.188420891136496e-09,3.0,118.81977188763503,31.886214541733576
362.8,498.32031622561004,-254.21792109410822,-4.849267379536406,-8.106184892420436e-08,3.0,118.81977217636327,31.886216321559843
363.0,498.34760650414324,-254.01979174065968,-4.8492673958550965,8.943236346888985e-08,3.0,118.81977246509155,31.886218101386106
363.20000000000005,498.37489678113263,-253.8216623870006,-4.849267379867193,-7.760469806113402e-08,3.0,118.81977275381979,31.886219881212373
363.40000000000003,498.40218705866346,-253.62353303341547,-4.849267388026616,7.644313229512656e-09,3.0,118.81977304254805,31.886221661038636
363.6,498.42947733641404,-253.4254036798596,-4.84926738769577,4.18564095929348e-09,3.0,118.81977333127631,31.886223440864903
363.8,498.45676761415393,-253.22727432630222,-4.849267387695339,4.1828364750486e-09,3.0,118.81977362000457,31.88622522069117
364.0,498.4840578919366,-253.02914497275162,-4.849267388026613,7.645600715173046e-09,3.0,118.81977390873283,31.886227000517433
364.20000000000005,498.51134816972984,-252.83101561920247,-4.849267388026681,7.643605095183875e-09,3.0,118.81977419746109,31.8862287803437
364.40000000000003,498.5386384474804,-252.63288626564662,-4.849267387695727,4.184251720654308e-09,3.0,118.81977448618935,31.886230560169963
364.6,498.5659287252204,-252.43475691208928,-4.8492673876956625,4.185527767736842e-09,3.0,118.8197747749176,31.88623233999623
364.8,498.5932190029604,-252.2366275585319,-4.849267387695692,4.187231815818596e-09,3.0,118.81977506364586,31.886234119822493
365.0,498.62050928074297,-252.0384982049813,-4.8492673880266555,7.643188288529109e-09,3.0,118.81977535237412,31.88623589964876
365.20000000000005,498.64779955853624,-251.84036885143215,-4.849267388026262,7.63997341273834e-09,3.0,118.81977564110238,31.886237679475027
365.40000000000003,498.6750898362868,-251.6422394978763,-4.8492673876957,4.188349481534991e-09,3.0,118.81977592983064,31.88623945930129
365.6,498.70238011402677,-251.44411014431893,-4.849267387695775,4.186403829409356e-09,3.0,118.8197762185589,31.886241239127557
365.8,498.7296703907109,-251.24598079061673,-4.849267379536359,-8.106420783080362e-08,3.0,118.81977650728714,31.886243018953824
366.0,498.7569606692868,-251.04785143717504,-4.849267396185927,9.28912507472012e-08,3.0,118.81977679601542,31.886244798780087
366.20000000000005,498.78425094628676,-250.84972208351738,-4.84926737986723,-7.760268511866109e-08,3.0,118.81977708474368,31.886246578606354
366.40000000000003,498.8115412237749,-250.65159272992543,-4.849267387695771,4.186129966868656e-09,3.0,118.81977737347192,31.886248358432617
366.6,498.83883150151485,-250.45346337636806,-4.849267387695705,4.1862052141214275e-09,3.0,118.81977766220018,31.886250138258884
366.8,498.8661217792548,-250.25533402281067,-4.849267387695696,4.188344616565164e-09,3.0,118.81977795092844,31.88625191808515
367.0,498.8934120570374,-250.05720466926007,-4.849267388026341,7.639679787650379e-09,3.0,118.8197782396567,31.886253697911414
367.20000000000005,498.92070233478796,-249.85907531570413,-4.8492673876957175,4.184333432393798e-09,3.0,118.81977852838496,31.88625547773768
367.40000000000003,498.9479926125706,-249.66094596215362,-4.849267388026569,7.643155308432482e-09,3.0,118.81977881711322,31.886257257563944
367.6,498.97528289032124,-249.46281660859776,-4.849267387695725,4.18765505460032e-09,3.0,118.81977910584148,31.88625903739021
367.8,499.00257316806113,-249.26468725504037,-4.849267387695749,4.186412489932058e-09,3.0,118.81977939456974,31.886260817216474
368.0,499.02986344584383,-249.06655790148977,-4.849267388026623,7.643467062899175e-09,3.0,118.819779683298,31.88626259704274
368.20000000000005,499.0571537235944,-248.86842854793383,-4.849267387695699,4.18786235525727e-09,3.0,118.81977997202625,31.886264376869008
368.40000000000003,499.08444400137705,-248.6702991943833,-4.849267388026666,7.64387724821545e-09,3.0,118.81978026075451,31.88626615669527
368.6,499.1117342791276,-248.4721698408274,-4.849267387695391,4.180816123879643e-09,3.0,118.81978054948277,31.886267936521538
368.8,499.1390245558118,-248.2740404871252,-4.849267379536636,-8.105873878706607e-08,3.0,118.81978083821102,31.886269716347805
369.0,499.16631483438755,-248.07591113368352,-4.8492673961856285,9.28893278263817e-08,3.0,118.81978112693929,31.886271496174068
369.20000000000005,499.193605111345,-247.8777817800189,-4.849267379536389,-8.106259238224496e-08,3.0,118.81978141566755,31.886273276000335
369.40000000000003,499.2208953888651,-247.6796524264322,-4.8492673880265995,7.642726628463726e-09,3.0,118.8197817043958,31.8862750558266
369.6,499.2481856666157,-247.4815230728763,-4.849267387695677,4.188343235794279e-09,3.0,118.81978199312405,31.886276835652865
369.8,499.2754759443556,-247.28339371931892,-4.849267387695775,4.186789240882677e-09,3.0,118.81978228185231,31.88627861547913
370.0,499.30276622213825,-247.08526436576835,-4.849267388026647,7.641563503184008e-09,3.0,118.81978257058057,31.886280395305395
370.20000000000005,499.3300564998889,-246.8871350122124,-4.84926738769566,4.185739018335096e-09,3.0,118.81978285930883,31.88628217513166
370.40000000000003,499.35734677767147,-246.68900565866187,-4.849267388026261,7.64069592799269e-09,3.0,118.81978314803709,31.886283954957925
370.6,499.38463705542205,-246.49087630510599,-4.849267387695742,4.185852264525951e-09,3.0,118.81978343676535,31.88628573478419
370.8,499.41192733316194,-246.2927469515486,-4.849267387695703,4.185902562601618e-09,3.0,118.81978372549361,31.88628751461046
371.0,499.43921761090195,-246.09461759799123,-4.849267387695686,4.188461823232177e-09,3.0,118.81978401422187,31.88628929443672
371.20000000000005,499.4665078876287,-245.8964882442959,-4.84926737986731,-7.760407760911563e-08,3.0,118.81978430295013,31.88629107426299
371.40000000000003,499.49379816617255,-245.69835889084897,-4.849267395855134,8.943276492961655e-08,3.0,118.81978459167838,31.886292854089252
371.6,499.52108844421775,-245.50022953733452,-4.849267388026578,7.64235166379111e-09,3.0,118.81978488040664,31.88629463391552
371.8,499.54837872091264,-245.3021001836338,-4.849267379536299,-8.106021847035616e-08,3.0,118.8197851691349,31.886296413741785
372.0,499.5756689994884,-245.1039708301921,-4.849267396185692,9.28889894845105e-08,3.0,118.81978545786316,31.88629819356805
372.20000000000005,499.6029592764458,-244.90584147652748,-4.8492673795363785,-8.10633338067657e-08,3.0,118.81978574659142,31.886299973394316
372.40000000000003,499.6302495539232,-244.707712122934,-4.849267387695673,4.18544746189257e-09,3.0,118.81978603531967,31.886301753220582
372.6,499.65753983170583,-244.50958276938343,-4.8492673880265915,7.644921038829239e-09,3.0,118.81978632404793,31.886303533046846
372.8,499.6848301094564,-244.31145341582754,-4.849267387695763,4.1857306893525225e-09,3.0,118.81978661277618,31.886305312873112
373.0,499.71212038723905,-244.11332406227694,-4.849267388026606,7.643003564503335e-09,3.0,118.81978690150444,31.886307092699376
373.20000000000005,499.7394106649897,-243.915194708721,-4.849267387695682,4.188504535453055e-09,3.0,118.8197871902327,31.886308872525642
373.40000000000003,499.7667009427296,-243.71706535516364,-4.849267387695779,4.1867251290418685e-09,3.0,118.81978747896096,31.886310652351906
373.6,499.7939912205122,-243.5189360016131,-4.849267388026295,7.63841144873335e-09,3.0,118.81978776768922,31.886312432178173
373.8,499.82128149826275,-243.32080664805721,-4.849267387695675,4.185664551340284e-09,3.0,118.81978805641748,31.88631421200444
374.0,499.84857177604545,-243.12267729450662,-4.849267388026603,7.644266802595808e-09,3.0,118.81978834514574,31.886315991830703
374.20000000000005,499.8758620527403,-242.92454794080584,-4.849267379536364,-8.106182762131338e-08,3.0,118.819788633874,31.88631777165697
374.40000000000003,499.9031523312734,-242.72641858735727,-4.8492673958550885,8.94338869044102e-08,3.0,118.81978892260226,31.886319551483233
374.6,499.9304426093186,-242.52828923384286,-4.849267388026593,7.645423393843196e-09,3.0,118.81978921133052,31.8863213313095
374.8,499.9577328860134,-242.33015988014213,-4.849267379536392,-8.10610164465047e-08,3.0,118.81978950005877,31.886323111135766
375.0,499.9850231645892,-242.13203052670045,-4.849267396185688,9.288552378630483e-08,3.0,118.81978978878703,31.88632489096203
375.20000000000005,500.01231344260236,-241.9339011731807,-4.849267387695654,4.184774394842293e-09,3.0,118.8197900775153,31.886326670788296
375.40000000000003,500.0396037203423,-241.73577181962338,-4.8492673876956935,4.187689463617308e-09,3.0,118.81979036624355,31.88632845061456
375.6,500.0668939970265,-241.53764246592115,-4.849267379536378,-8.106152724384952e-08,3.0,118.8197906549718,31.886330230440826
375.8,500.09418427560234,-241.33951311247947,-4.849267396186006,9.289075936920011e-08,3.0,118.81979094370007,31.88633201026709
376.0,500.1214745536582,-241.14138375896653,-4.849267388026577,7.645857308063723e-09,3.0,118.81979123242833,31.886333790093357
376.20000000000005,500.14876483035295,-240.94325440526575,-4.8492673795364105,-8.106149322597353e-08,3.0,118.81979152115659,31.886335569919623
376.40000000000003,500.1760551078304,-240.74512505167226,-4.849267387695735,4.183917026260259e-09,3.0,118.81979180988483,31.88633734974589
376.6,500.20334538557034,-240.5469956981149,-4.8492673876956545,4.185210351734313e-09,3.0,118.81979209861309,31.886339129572153
376.8,500.23063566335304,-240.3488663445643,-4.849267388026579,7.645844197909497e-09,3.0,118.81979238734135,31.88634090939842
377.0,500.25792594114625,-240.1507369910152,-4.849267388026342,7.64062131035209e-09,3.0,118.81979267606961,31.886342689224684
377.20000000000005,500.28521621889684,-239.95260763745927,-4.8492673876957415,4.184646954834943e-09,3.0,118.81979296479787,31.88634446905095
377.40000000000003,500.3125064966368,-239.75447828390193,-4.849267387695679,4.18472658936591e-09,3.0,118.81979325352613,31.886346248877214
377.6,500.33979677437674,-239.55634893034457,-4.849267387695667,4.187250048339167e-09,3.0,118.81979354225439,31.88634802870348
377.8,500.3670870521594,-239.35821957679397,-4.8492673880266555,7.643587590346526e-09,3.0,118.81979383098265,31.886349808529747
378.0,500.3943773288969,-239.1600902231002,-4.84926737986725,-7.760510354160904e-08,3.0,118.8197941197109,31.886351588356014
378.20000000000005,500.4216676074407,-238.96196086965318,-4.849267395855055,8.943626495343115e-08,3.0,118.81979440843917,31.886353368182277
378.40000000000003,500.44895788544306,-238.76383151613203,-4.84926738769542,4.18385458957186e-09,3.0,118.81979469716742,31.88635514800854
378.6,500.4762481621273,-238.56570216242983,-4.849267379536735,-8.106052987655335e-08,3.0,118.81979498589567,31.886356927834807
378.8,500.5035384407031,-238.36757280898817,-4.849267396185588,9.288680462993878e-08,3.0,118.81979527462394,31.886358707661074
379.0,500.530828718759,-238.1694434554752,-4.849267388026582,7.645225011698776e-09,3.0,118.8197955633522,31.886360487487337
379.20000000000005,500.5581189954537,-237.97131410177442,-4.849267379536388,-8.106110519988592e-08,3.0,118.81979585208046,31.886362267313604
379.40000000000003,500.58540927293114,-237.773184748181,-4.849267387695761,4.185459225044158e-09,3.0,118.8197961408087,31.88636404713987
379.6,500.6126995507139,-237.5750553946304,-4.8492673880265675,7.64595398236961e-09,3.0,118.81979642953696,31.886365826966134
379.8,500.63998982846437,-237.3769260410745,-4.849267387695787,4.186746866572737e-09,3.0,118.81979671826522,31.8863676067924
380.0,500.66728010624706,-237.1787966875239,-4.849267388026644,7.641612866059177e-09,3.0,118.81979700699348,31.886369386618664
380.20000000000005,500.6945703839976,-236.98066733396797,-4.8492673876953205,4.181754078893956e-09,3.0,118.81979729572174,31.88637116644493
380.40000000000003,500.72186066173754,-236.78253798041064,-4.849267387695686,4.187230779547561e-09,3.0,118.81979758445,31.886372946271198
380.6,500.74915093947754,-236.58440862685327,-4.8492673876957415,4.186783563641216e-09,3.0,118.81979787317826,31.88637472609746
380.8,500.7764412172602,-236.38627927330268,-4.849267388026639,7.64291647387203e-09,3.0,118.81979816190652,31.886376505923728
381.0,500.8037314939977,-236.18814991960892,-4.8492673798672135,-7.760289549918624e-08,3.0,118.81979845063478,31.886378285749995
381.20000000000005,500.8310217725415,-235.9900205661619,-4.849267395855131,8.943529016443194e-08,3.0,118.81979873936304,31.886380065576258
381.40000000000003,500.8583120505439,-235.79189121264073,-4.849267387695752,4.184733757390682e-09,3.0,118.8197990280913,31.88638184540252
381.6,500.8856023272281,-235.59376185893856,-4.849267379536305,-8.106319852160925e-08,3.0,118.81979931681954,31.886383625228788
381.8,500.91289260580396,-235.39563250549688,-4.849267396185601,9.288951274044982e-08,3.0,118.81979960554781,31.886385405055055
382.0,500.94018288385973,-235.1975031519839,-4.849267388026675,7.643209767583247e-09,3.0,118.81979989427607,31.88638718488132
382.20000000000005,500.96747316055456,-234.99937379828316,-4.84926737953634,-8.106351025268932e-08,3.0,118.81980018300433,31.886388964707585
382.40000000000003,500.99476343803195,-234.80124444468964,-4.849267387695647,4.188333310436166e-09,3.0,118.81980047173258,31.886390744533852
382.6,501.0220537157719,-234.60311509113228,-4.84926738769577,4.187715682586208e-09,3.0,118.81980076046084,31.886392524360115
382.8,501.0493439935546,-234.40498573758168,-4.849267388026675,7.641473419097235e-09,3.0,118.8198010491891,31.886394304186382
383.0,501.07663427134787,-234.20685638403262,-4.849267388026567,7.642394865755356e-09,3.0,118.81980133791735,31.886396084012645
383.20000000000005,501.1039245490985,-234.00872703047665,-4.849267387695683,4.186972912195665e-09,3.0,118.81980162664561,31.886397863838912
383.40000000000003,501.13121482683835,-233.81059767691937,-4.849267387695419,4.182747837063313e-09,3.0,118.81980191537387,31.88639964366518
383.6,501.1585051045783,-233.61246832336198,-4.849267387695719,4.184931284297869e-09,3.0,118.81980220410213,31.886401423491442
383.8,501.185795382361,-233.41433896981138,-4.849267388026558,7.646355756307915e-09,3.0,118.81980249283039,31.88640320331771
384.0,501.21308565905576,-233.2162096161107,-4.849267379536416,-8.106016835483865e-08,3.0,118.81980278155864,31.886404983143976
384.20000000000005,501.24037593763165,-233.01808026266892,-4.849267396186045,9.289023304507776e-08,3.0,118.81980307028691,31.88640676297024
384.40000000000003,501.26766621564474,-232.81995090914924,-4.849267387695687,4.184393434172161e-09,3.0,118.81980335901517,31.886408542796506
384.6,501.29495649232894,-232.62182155544704,-4.849267379536284,-8.106103794019759e-08,3.0,118.81980364774341,31.88641032262277
384.8,501.32224677090477,-232.42369220200536,-4.849267396186023,9.28916959572851e-08,3.0,118.81980393647169,31.886412102449036
385.0,501.34953704891785,-232.22556284848562,-4.849267387695376,4.182044136777111e-09,3.0,118.81980422519995,31.8864138822753
385.20000000000005,501.37682732564474,-232.0274334947903,-4.849267379867553,-7.759841029814305e-08,3.0,118.8198045139282,31.886415662101566
385.40000000000003,501.40411760313276,-231.82930414119838,-4.8492673876954395,4.183424726690172e-09,3.0,118.81980480265645,31.886417441927833
385.6,501.43140788087265,-231.631174787641,-4.84926738769575,4.183802544615189e-09,3.0,118.81980509138471,31.886419221754096
385.8,501.45869815865535,-231.43304543409042,-4.849267388026561,7.64195021264606e-09,3.0,118.81980538011297,31.886421001580363
386.0,501.48598843640593,-231.23491608053453,-4.849267387695669,4.187277962811826e-09,3.0,118.81980566884123,31.88642278140663
386.20000000000005,501.51327871418863,-231.03678672698388,-4.8492673880266475,7.644532555703714e-09,3.0,118.81980595756949,31.886424561232893
386.40000000000003,501.5405689919392,-230.83865737342802,-4.8492673876957495,4.1852199098710206e-09,3.0,118.81980624629774,31.88642634105916
386.6,501.56785926967916,-230.64052801987066,-4.849267387695666,4.1879919628781036e-09,3.0,118.819806535026,31.886428120885423
386.8,501.59514954746174,-230.44239866632006,-4.849267388026326,7.640595908627228e-09,3.0,118.81980682375426,31.88642990071169
387.0,501.6224398241566,-230.24426931261934,-4.849267379536716,-8.106006605980639e-08,3.0,118.81980711248252,31.886431680537957
387.20000000000005,501.6497301027324,-230.04613995917762,-4.849267396185602,9.288693133923907e-08,3.0,118.81980740121078,31.88643346036422
387.40000000000003,501.67702038074555,-229.84801060565798,-4.849267387695699,4.1884256398897494e-09,3.0,118.81980768993904,31.886435240190487
387.6,501.7043106574723,-229.6498812519627,-4.849267379867301,-7.760382167895e-08,3.0,118.8198079786673,31.886437020016754
387.8,501.73160093496045,-229.45175189837073,-4.849267387695745,4.184368241880748e-09,3.0,118.81980826739554,31.886438799843017
388.0,501.7588912137561,-229.25362254495835,-4.849267395855016,8.94361264419066e-08,3.0,118.81980855612382,31.88644057966928
388.20000000000005,501.78618149070286,-229.05549319129227,-4.849267379536391,-8.106054510425124e-08,3.0,118.81980884485206,31.886442359495547
388.40000000000003,501.813471768223,-228.8573638377056,-4.8492673880266635,7.642118156062165e-09,3.0,118.81980913358032,31.886444139321814
388.6,501.8407620470719,-228.65923448430155,-4.8492673961856205,9.288620201166722e-08,3.0,118.8198094223086,31.886445919148077
388.8,501.8680523240293,-228.461105130637,-4.849267379536282,-8.10603764714614e-08,3.0,118.81980971103685,31.886447698974344
389.0,501.89534260150674,-228.26297577704347,-4.849267387695763,4.186172624717846e-09,3.0,118.8198099997651,31.88644947880061
389.20000000000005,501.92263287924663,-228.06484642348602,-4.849267387695724,4.184308895565108e-09,3.0,118.81981028849336,31.886451258626874
389.40000000000003,501.9499231570293,-227.86671706993548,-4.849267388026547,7.645580622423908e-09,3.0,118.81981057722162,31.88645303845314
389.6,501.9772134348226,-227.66858771638638,-4.849267388026671,7.645673140038977e-09,3.0,118.81981086594988,31.886454818279404
389.8,502.0045037125732,-227.4704583628305,-4.849267387695788,4.184270271000867e-09,3.0,118.81981115467813,31.88645659810567
390.0,502.0317939892574,-227.2723290091283,-4.849267379536284,-8.106281706792799e-08,3.0,118.8198114434064,31.886458377931937
390.20000000000005,502.0590842677905,-227.0741996556797,-4.8492673958547154,8.943132766083814e-08,3.0,118.81981173213465,31.8864601577582
390.40000000000003,502.08637454583567,-226.87607030216537,-4.849267388026644,7.643474908955322e-09,3.0,118.81981202086291,31.886461937584468
390.6,502.1136648225731,-226.67794094847162,-4.849267379867259,-7.760627634690473e-08,3.0,118.81981230959117,31.886463717410734
390.8,502.14095510006126,-226.47981159487964,-4.849267387695638,4.189194621153092e-09,3.0,118.81981259831942,31.886465497236998
391.0,502.16824537885685,-226.28168224146728,-4.849267395855167,8.943613668218079e-08,3.0,118.81981288704769,31.88646727706326
391.20000000000005,502.1955356558036,-226.0835528878012,-4.849267379536418,-8.106265272201966e-08,3.0,118.81981317577593,31.886469056889528
391.40000000000003,502.2228259333237,-225.88542353421454,-4.849267388026601,7.641493065980502e-09,3.0,118.8198134645042,31.886470836715795
391.6,502.2501162121727,-225.6872941808105,-4.849267396185589,9.288856065550017e-08,3.0,118.81981375323247,31.886472616542058
391.8,502.27740648913004,-225.4891648271459,-4.849267379536364,-8.106164001274517e-08,3.0,118.81981404196073,31.886474396368325
392.0,502.3046967666075,-225.2910354735524,-4.849267387695723,4.185483527675238e-09,3.0,118.81981433068897,31.88647617619459
392.20000000000005,502.33198704434744,-225.09290611999495,-4.84926738769567,4.188765969443989e-09,3.0,118.81981461941723,31.886477956020855
392.40000000000003,502.3592773221301,-224.89477676644438,-4.84926738802669,7.644556797860568e-09,3.0,118.81981490814549,31.88647973584712
392.6,502.38656759992335,-224.69664741289532,-4.849267388026663,7.641253370118885e-09,3.0,118.81981519687375,31.886481515673385
392.8,502.41385787767393,-224.49851805933943,-4.84926738769566,4.184610039743795e-09,3.0,118.819815485602,31.88648329549965
393.0,502.44114815435813,-224.30038870563723,-4.849267379536293,-8.10609982044544e-08,3.0,118.81981577433027,31.88648507532592
393.20000000000005,502.46843843289133,-224.10225935218864,-4.849267395855108,8.943532855213892e-08,3.0,118.81981606305852,31.88648685515218
393.40000000000003,502.49572871089373,-223.90412999866749,-4.849267387695406,4.181639689283055e-09,3.0,118.81981635178678,31.88648863497845
393.6,502.5230189876633,-223.7060006449791,-4.849267380198452,-7.414200679304158e-08,3.0,118.81981664051504,31.886490414804715
393.8,502.55030926516196,-223.50787129138857,-4.849267387695414,4.1836700305644505e-09,3.0,118.81981692924329,31.88649219463098
394.0,502.57759954395766,-223.30974193797618,-4.849267395855128,8.943263532908047e-08,3.0,118.81981721797156,31.886493974457245
394.20000000000005,502.60488982090436,-223.11161258431014,-4.849267379536299,-8.106294258341283e-08,3.0,118.8198175066998,31.88649575428351
394.40000000000003,502.63218009838175,-222.91348323071662,-4.849267387695673,4.1878748768569496e-09,3.0,118.81981779542807,31.886497534109775
394.6,502.6594703762071,-222.71535387717302,-4.849267388357573,1.1101535336990698e-08,3.0,118.81981808415632,31.886499313936042
394.8,502.68676065396835,-222.51722452361858,-4.849267387695746,4.1845509035215865e-09,3.0,118.81981837288458,31.886501093762305
395.0,502.7140509317083,-222.3190951700612,-4.849267387695649,4.187772555264196e-09,3.0,118.81981866161284,31.886502873588572
395.20000000000005,502.7413412094482,-222.12096581650377,-4.849267387695434,4.184116065597006e-09,3.0,118.8198189503411,31.886504653414836
395.40000000000003,502.76863148718815,-221.92283646294644,-4.849267387695752,4.185480680536954e-09,3.0,118.81981923906936,31.886506433241102
395.6,502.7959217649708,-221.72470710939587,-4.849267388026613,7.641541841235017e-09,3.0,118.81981952779762,31.88650821306737
395.8,502.82321204276406,-221.52657775584677,-4.84926738802655,7.645332010720587e-09,3.0,118.81981981652588,31.886509992893632
396.0,502.8505023194588,-221.32844840214605,-4.849267379536398,-8.106138049623329e-08,3.0,118.81982010525414,31.8865117727199
396.20000000000005,502.877792597992,-221.13031904869746,-4.849267395855108,8.94326566917612e-08,3.0,118.8198203939824,31.886513552546162
396.40000000000003,502.9050828760372,-220.93218969518313,-4.84926738802656,7.644851668397951e-09,3.0,118.81982068271066,31.88651533237243
396.6,502.93237315277474,-220.73406034148937,-4.849267379867271,-7.760205837285769e-08,3.0,118.81982097143892,31.886517112198696
396.8,502.95966343026276,-220.5359309878974,-4.8492673876957815,4.1863565581072515e-09,3.0,118.81982126016716,31.88651889202496
397.0,502.9869537090584,-220.337801634485,-4.849267395854753,8.942914001447925e-08,3.0,118.81982154889543,31.886520671851226
397.20000000000005,503.0142439860051,-220.13967228081896,-4.849267379536287,-8.106083701553844e-08,3.0,118.81982183762368,31.886522451677493
397.40000000000003,503.04153426352525,-219.94154292723226,-4.8492673880266475,7.644446718146138e-09,3.0,118.81982212635194,31.886524231503756
397.6,503.06882454127583,-219.74341357367638,-4.849267387695749,4.185058215612286e-09,3.0,118.8198224150802,31.886526011330023
397.8,503.09611481905847,-219.54528422012578,-4.849267388026593,7.642333759624716e-09,3.0,118.81982270380846,31.886527791156286
398.0,503.12340509680905,-219.3471548665699,-4.849267387695684,4.186313948158444e-09,3.0,118.81982299253671,31.886529570982553
398.20000000000005,503.15069537454906,-219.14902551301245,-4.849267387695725,4.1857847201565695e-09,3.0,118.81982328126497,31.886531350808816
398.40000000000003,503.17798565233164,-218.95089615946193,-4.849267388026275,7.638368992585858e-09,3.0,118.81982356999323,31.886533130635083
398.6,503.20527593008217,-218.75276680590605,-4.849267387695672,4.186095562864188e-09,3.0,118.81982385872149,31.88653491046135
398.8,503.23256620786486,-218.55463745235545,-4.849267388026622,7.643650387646243e-09,3.0,118.81982414744975,31.886536690287613
399.0,503.2598564845597,-218.35650809865473,-4.8492673795363395,-8.106127166606407e-08,3.0,118.81982443617801,31.88653847011388
399.20000000000005,503.2871467630929,-218.1583787452061,-4.849267395855113,8.94362001625124e-08,3.0,118.81982472490627,31.886540249940143
399.40000000000003,503.31443704113804,-217.9602493916917,-4.849267388026654,7.645252672890948e-09,3.0,118.81982501363453,31.88654202976641
399.6,503.34172731783286,-217.762120037991,-4.849267379536392,-8.106241516069468e-08,3.0,118.81982530236279,31.886543809592677
399.8,503.36901759535294,-217.56399068440427,-4.849267388026613,7.641754204251852e-09,3.0,118.81982559109103,31.886545589418944
400.0,503.3963078741593,-217.3658613309934,-4.8492673958546915,8.943104353595722e-08,3.0,118.8198258798193,31.886547369245207
400.20000000000005,503.4235981511059,-217.16773197732732,-4.849267379536344,-8.10602958860641e-08,3.0,118.81982616854755,31.886549149071474
400.40000000000003,503.4508884286261,-216.96960262374063,-4.849267388026666,7.643215086566225e-09,3.0,118.81982645727581,31.886550928897737
400.6,503.47817870637664,-216.77147327018474,-4.849267387695705,4.185732619338547e-09,3.0,118.81982674600407,31.886552708724004
400.8,503.5054689841593,-216.57334391663417,-4.849267388026612,7.643063889523607e-09,3.0,118.81982703473233,31.886554488550267
401.0,503.5327592619099,-216.37521456307826,-4.849267387695704,4.186148032015216e-09,3.0,118.81982732346059,31.886556268376534
401.20000000000005,503.56004953964987,-216.17708520952084,-4.84926738769572,4.185420577555058e-09,3.0,118.81982761218885,31.8865580482028
401.40000000000003,503.5873398174325,-215.9789558559703,-4.849267388026606,7.642502151606129e-09,3.0,118.8198279009171,31.886559828029064
401.6,503.61463009518314,-215.7808265024144,-4.849267387695673,4.187928403477385e-09,3.0,118.81982818964536,31.88656160785533
401.8,503.641920372923,-215.58269714885702,-4.849267387695419,4.183073522227968e-09,3.0,118.81982847837362,31.886563387681594
402.0,503.6692106507057,-215.38456779530645,-4.849267388026629,7.643419943828475e-09,3.0,118.81982876710188,31.88656516750786
402.20000000000005,503.69650092845626,-215.1864384417505,-4.849267387695716,4.185766082741163e-09,3.0,118.81982905583014,31.886566947334124
402.40000000000003,503.72379120623884,-214.98830908819997,-4.849267388026604,7.64397455459856e-09,3.0,118.8198293445584,31.88656872716039
402.6,503.7510814829337,-214.79017973449925,-4.8492673795363554,-8.106172126177222e-08,3.0,118.81982963328666,31.886570506986658
402.8,503.7783717604112,-214.5920503809057,-4.849267387695718,4.185904548877317e-09,3.0,118.8198299220149,31.886572286812925
403.0,503.8056620392495,-214.39392102750017,-4.849267396185985,9.289165664000056e-08,3.0,118.81983021074318,31.886574066639188
403.20000000000005,503.8329523162069,-214.19579167383557,-4.849267379536371,-8.106186219335712e-08,3.0,118.81983049947142,31.886575846465455
403.40000000000003,503.860242593727,-213.9976623202489,-4.849267388026609,7.643828444801992e-09,3.0,118.81983078819968,31.886577626291718
403.6,503.8875328714775,-213.79953296669302,-4.8492673876953765,4.183017563277805e-09,3.0,118.81983107692794,31.886579406117985
403.8,503.9148231492175,-213.60140361313563,-4.849267387695731,4.185549148761738e-09,3.0,118.8198313656562,31.88658118594425
404.0,503.9421134270001,-213.40327425958503,-4.849267388026599,7.643667150589675e-09,3.0,118.81983165438446,31.886582965770515
404.20000000000005,503.96940370475073,-213.2051449060291,-4.849267387695723,4.1861860247481255e-09,3.0,118.81983194311272,31.88658474559678
404.40000000000003,503.9966939825334,-213.00701555247855,-4.849267388026615,7.64398026321612e-09,3.0,118.81983223184098,31.886586525423045
404.6,504.02398426028395,-212.80888619892266,-4.849267387695731,4.1859915588538055e-09,3.0,118.81983252056924,31.88658830524931
404.8,504.0512745380239,-212.6107568453653,-4.849267387695697,4.18717107548264e-09,3.0,118.8198328092975,31.886590085075575
405.0,504.0785648158065,-212.4126274918147,-4.849267388026293,7.641282917669474e-09,3.0,118.81983309802575,31.886591864901842
405.20000000000005,504.10585509355707,-212.21449813825876,-4.849267387695752,4.186291044168543e-09,3.0,118.81983338675401,31.88659364472811
405.40000000000003,504.1331453713397,-212.01636878470822,-4.849267388026629,7.642296020325714e-09,3.0,118.81983367548227,31.886595424554372
405.6,504.16043564803454,-211.8182394310075,-4.849267379536313,-8.106269290113874e-08,3.0,118.81983396421053,31.88659720438064
405.8,504.18772592551204,-211.62011007741398,-4.8492673876956855,4.187076679822427e-09,3.0,118.81983425293878,31.886598984206906
406.0,504.2150162043077,-211.4219807240016,-4.849267395855111,8.943493851536362e-08,3.0,118.81983454166705,31.88660076403317
406.20000000000005,504.2423064812971,-211.2238513703425,-4.849267379867264,-7.760463249721651e-08,3.0,118.8198348303953,31.886602543859436
406.40000000000003,504.2695967588278,-211.02572201675736,-4.849267388026622,7.642865509189564e-09,3.0,118.81983511912355,31.8866043236857
406.6,504.29688703657837,-210.82759266320147,-4.849267387695703,4.18546064078284e-09,3.0,118.81983540785181,31.886606103511966
406.8,504.3241773143183,-210.62946330964408,-4.849267387695352,4.182268878085114e-09,3.0,118.81983569658007,31.886607883338232
407.0,504.35146759205827,-210.43133395608672,-4.849267387695734,4.18599519674815e-09,3.0,118.81983598530833,31.886609663164496
407.20000000000005,504.3787578698409,-210.2332046025361,-4.849267388026593,7.645149487632425e-09,3.0,118.81983627403659,31.886611442990763
407.40000000000003,504.4060481476342,-210.03507524898703,-4.849267388026657,7.645152128669303e-09,3.0,118.81983656276485,31.886613222817026
407.6,504.43333842538476,-209.83694589543117,-4.849267387695763,4.185633152522983e-09,3.0,118.81983685149311,31.886615002643293
407.8,504.4606287031247,-209.63881654187378,-4.849267387695699,4.185339327513552e-09,3.0,118.81983714022137,31.886616782469556
408.0,504.48791898086466,-209.4406871883164,-4.8492673876956935,4.185914432287846e-09,3.0,118.81983742894963,31.886618562295823
408.20000000000005,504.5152092586473,-209.24255783476576,-4.849267388026267,7.640142245513719e-09,3.0,118.81983771767788,31.88662034212209
408.40000000000003,504.5424995364406,-209.0444284812167,-4.849267388026622,7.644368033313738e-09,3.0,118.81983800640614,31.886622121948353
408.6,504.56978981313534,-208.84629912751598,-4.8492673795363554,-8.106075193556381e-08,3.0,118.8198382951344,31.88662390177462
408.8,504.5970800906128,-208.64816977392246,-4.849267387695745,4.185958210414156e-09,3.0,118.81983858386265,31.886625681600886
409.0,504.62437036940844,-208.45004042051008,-4.84926739585509,8.943280966363928e-08,3.0,118.81983887259092,31.88662746142715
409.20000000000005,504.65166064639783,-208.25191106685097,-4.849267379867209,-7.760506780853794e-08,3.0,118.81983916131917,31.886629241253416
409.40000000000003,504.6789509239286,-208.05378171326583,-4.849267388026606,7.64405795264423e-09,3.0,118.81983945004743,31.886631021079683
409.6,504.70624120167923,-207.85565235970995,-4.849267387695737,4.1857118396533794e-09,3.0,118.81983973877568,31.886632800905947
409.8,504.7335314794192,-207.65752300615256,-4.849267387695692,4.1868411058924545e-09,3.0,118.81984002750394,31.886634580732213
410.0,504.76082175715914,-207.4593936525952,-4.84926738769572,4.187910534954883e-09,3.0,118.8198403162322,31.886636360558477
410.20000000000005,504.7881120349417,-207.26126429904454,-4.8492673880263215,7.640082612703296e-09,3.0,118.81984060496046,31.886638140384743
410.40000000000003,504.81540231273493,-207.0631349454955,-4.849267388026633,7.642084526930202e-09,3.0,118.81984089368872,31.886639920211007
410.6,504.84269259048557,-206.86500559193962,-4.849267387695674,4.18608174874513e-09,3.0,118.81984118241698,31.886641700037273
410.8,504.8699828682256,-206.66687623838223,-4.849267387695703,4.187595741858594e-09,3.0,118.81984147114524,31.88664347986354
411.0,504.89727314596547,-206.46874688482487,-4.849267387695777,4.186692078708211e-09,3.0,118.8198417598735,31.886645259689804
411.20000000000005,504.92456342374817,-206.27061753127424,-4.849267388026627,7.643012590650505e-09,3.0,118.81984204860176,31.88664703951607
411.40000000000003,504.9518537015414,-206.0724881777252,-4.84926738802661,7.643118977502374e-09,3.0,118.81984233733002,31.886648819342334
411.6,504.97914397929196,-205.87435882416932,-4.849267387695361,4.182436238927296e-09,3.0,118.81984262605827,31.8866505991686
411.8,505.0064342570319,-205.67622947061193,-4.849267387695711,4.1861460768804885e-09,3.0,118.81984291478653,31.886652378994864
412.0,505.03372453481455,-205.47810011706133,-4.8492673880266235,7.642958336235531e-09,3.0,118.8198432035148,31.88665415882113
412.20000000000005,505.06101481256513,-205.2799707635054,-4.8492673876957,4.186098819002931e-09,3.0,118.81984349224305,31.886655938647397
412.40000000000003,505.0883050903478,-205.08184140995485,-4.84926738802662,7.643404554476707e-09,3.0,118.81984378097131,31.88665771847366
412.6,505.11559536704266,-204.88371205625415,-4.849267379536334,-8.106146293076752e-08,3.0,118.81984406969957,31.886659498299927
412.8,505.1428856455758,-204.68558270280562,-4.849267395855098,8.943441185062817e-08,3.0,118.81984435842783,31.88666127812619
413.0,505.1701759225652,-204.48745334914656,-4.849267379867248,-7.760436565213024e-08,3.0,118.81984464715609,31.886663057952457
413.20000000000005,505.1974662000532,-204.28932399555453,-4.849267387695713,4.186924439030141e-09,3.0,118.81984493588433,31.886664837778724
413.40000000000003,505.2247564778358,-204.09119464200398,-4.849267388026295,7.640029544558599e-09,3.0,118.81984522461259,31.886666617604988
413.6,505.25204675558643,-203.8930652884481,-4.849267387695714,4.1864648794613944e-09,3.0,118.81984551334085,31.886668397431254
413.8,505.2793370333264,-203.6949359348907,-4.849267387695722,4.186172390917163e-09,3.0,118.81984580206911,31.88667017725752
414.0,505.306627311109,-203.49680658134014,-4.849267388026614,7.644019028681166e-09,3.0,118.81984609079737,31.886671957083784
414.20000000000005,505.3339175888596,-203.2986772277842,-4.849267387695722,4.187223049880293e-09,3.0,118.81984637952563,31.88667373691005
414.40000000000003,505.36120786659956,-203.10054787422683,-4.849267387695745,4.185924569210826e-09,3.0,118.81984666825389,31.886675516736315
414.6,505.38849814438214,-202.90241852067626,-4.849267388026619,7.642316421057196e-09,3.0,118.81984695698215,31.88667729656258
414.8,505.4157884221327,-202.70428916712038,-4.849267387695344,4.181698160764909e-09,3.0,118.8198472457104,31.886679076388848
415.0,505.44307869991536,-202.5061598135698,-4.849267388026593,7.644004267751381e-09,3.0,118.81984753443867,31.88668085621511
415.20000000000005,505.470368977666,-202.30803046001387,-4.849267387695748,4.187409248249771e-09,3.0,118.81984782316692,31.886682636041378
415.40000000000003,505.4976592554059,-202.10990110645653,-4.849267387695739,4.186361307355766e-09,3.0,118.81984811189518,31.88668441586764
415.6,505.5249495321328,-201.9117717527613,-4.849267379867244,-7.760406991059142e-08,3.0,118.81984840062344,31.88668619569391
415.8,505.55223981067655,-201.71364239931432,-4.849267395855101,8.943454758793253e-08,3.0,118.8198486893517,31.88668797552017
416.0,505.5795300876233,-201.5155130456483,-4.849267379536354,-8.106257963875347e-08,3.0,118.81984897807995,31.88668975534644
416.20000000000005,505.6068203651434,-201.31738369206153,-4.849267388026606,7.642584537367374e-09,3.0,118.8198492668082,31.886691535172705
416.40000000000003,505.634110642894,-201.11925433850567,-4.849267387695685,4.186905105242713e-09,3.0,118.81984955553646,31.886693314998972
416.6,505.66140092067656,-200.9211249849551,-4.849267388026284,7.641541006916887e-09,3.0,118.81984984426472,31.886695094825235
416.8,505.68869119842714,-200.72299563139921,-4.849267387695754,4.187005100451333e-09,3.0,118.81985013299298,31.886696874651502
417.0,505.71598147616714,-200.52486627784182,-4.849267387695734,4.1859632249479344e-09,3.0,118.81985042172124,31.886698654477765
417.20000000000005,505.7432717539497,-200.32673692429117,-4.849267388026619,7.64259990597862e-09,3.0,118.8198507104495,31.886700434304032
417.40000000000003,505.7705620317003,-200.1286075707353,-4.8492673876956935,4.18573513820211e-09,3.0,118.81985099917776,31.886702214130295
417.6,505.797852309483,-199.93047821718477,-4.849267388026609,7.643576730401776e-09,3.0,118.81985128790602,31.886703993956562
417.8,505.8251425872336,-199.73234886362886,-4.849267387695715,4.186615917211866e-09,3.0,118.81985157663428,31.88670577378283
418.0,505.85243286497354,-199.5342195100715,-4.849267387695727,4.186078191369928e-09,3.0,118.81985186536254,31.886707553609092
418.20000000000005,505.8797231427562,-199.33609015652084,-4.8492673880262736,7.639516694647315e-09,3.0,118.8198521540908,31.88670933343536
418.40000000000003,505.9070134205067,-199.13796080296498,-4.849267387695701,4.186566859926541e-09,3.0,118.81985244281906,31.886711113261622
418.6,505.93430369719096,-198.93983144926278,-4.84926737953635,-8.106164772156855e-08,3.0,118.8198527315473,31.88671289308789
418.8,505.9615939757668,-198.7417020958211,-4.849267396185999,9.289153923026764e-08,3.0,118.81985302027557,31.886714672914156
419.0,505.9888842527241,-198.54357274215658,-4.849267379536354,-8.106048543706003e-08,3.0,118.81985330900382,31.88671645274042
419.20000000000005,506.0161745302442,-198.34544338856978,-4.849267388026638,7.645237268258351e-09,3.0,118.81985359773208,31.886718232566686
419.40000000000003,506.04346480799484,-198.14731403501392,-4.8492673876957575,4.186726913056325e-09,3.0,118.81985388646034,31.886720012392953
419.6,506.0707550857348,-197.94918468145656,-4.8492673876957335,4.185056212969288e-09,3.0,118.8198541751886,31.886721792219216
419.8,506.09804536351743,-197.75105532790596,-4.849267388026591,7.642908774114615e-09,3.0,118.81985446391685,31.886723572045483
420.0,506.12533564131064,-197.55292597435687,-4.849267388026256,7.640702938438471e-09,3.0,118.81985475264511,31.886725351871746
420.20000000000005,506.1526259190613,-197.35479662080093,-4.8492673876957415,4.186119679860894e-09,3.0,118.81985504137337,31.886727131698013
420.40000000000003,506.1799161968012,-197.1566672672436,-4.849267387695715,4.185509600184091e-09,3.0,118.81985533010163,31.88672891152428
420.6,506.2072064745412,-196.95853791368623,-4.849267387695689,4.186767476906777e-09,3.0,118.81985561882989,31.886730691350543
420.8,506.2344967523238,-196.76040856013563,-4.849267388026632,7.64427955913966e-09,3.0,118.81985590755815,31.88673247117681
421.0,506.26178702906134,-196.56227920644187,-4.8492673798672685,-7.760464488637749e-08,3.0,118.81985619628641,31.886734251003077
421.20000000000005,506.28907730760506,-196.36414985299484,-4.8492673958550885,8.94336962336647e-08,3.0,118.81985648501467,31.88673603082934
421.40000000000003,506.31636758560757,-196.1660204994737,-4.8492673876953525,4.182630429715401e-09,3.0,118.81985677374293,31.886737810655603
421.6,506.3436578622917,-195.96789114577152,-4.849267379536684,-8.105783493532842e-08,3.0,118.81985706247117,31.88673959048187
421.8,506.37094814086754,-195.76976179232983,-4.849267396185664,9.288758679521658e-08,3.0,118.81985735119945,31.886741370308137
422.0,506.3982384178676,-195.57163243867222,-4.84926737986723,-7.760400022256685e-08,3.0,118.8198576399277,31.886743150134404
422.20000000000005,506.42552869535564,-195.3735030850802,-4.849267387695725,4.1870784055448116e-09,3.0,118.81985792865595,31.886744929960667
422.40000000000003,506.4528189730956,-195.17537373152282,-4.8492673876957335,4.186685614583799e-09,3.0,118.81985821738421,31.886746709786934
422.6,506.48010925083554,-194.97724437796546,-4.8492673876957255,4.1861782288352655e-09,3.0,118.81985850611247,31.886748489613197
422.8,506.5073995286182,-194.77911502441486,-4.84926738802662,7.643319185990307e-09,3.0,118.81985879484073,31.886750269439464
423.0,506.5346898064115,-194.58098567086577,-4.849267388026617,7.643371442920248e-09,3.0,118.81985908356899,31.886752049265727
423.20000000000005,506.56198008416203,-194.38285631730986,-4.849267387695389,4.182954251076275e-09,3.0,118.81985937229724,31.886753829091994
423.40000000000003,506.589270361902,-194.18472696375252,-4.8492673876957095,4.187128628897162e-09,3.0,118.8198596610255,31.88675560891826
423.6,506.61656063964193,-193.98659761019516,-4.849267387695741,4.1862333155746894e-09,3.0,118.81985994975376,31.886757388744524
423.8,506.6438509174245,-193.78846825664456,-4.849267388026628,7.642375875118472e-09,3.0,118.81986023848202,31.88675916857079
424.0,506.67114119416203,-193.5903389029508,-4.849267379867223,-7.760556835220682e-08,3.0,118.81986052721028,31.886760948397058
424.20000000000005,506.6984314727058,-193.39220954950378,-4.84926739585506,8.943448209595036e-08,3.0,118.81986081593854,31.88676272822332
424.40000000000003,506.7257217507083,-193.19408019598262,-4.849267387695717,4.187105193018265e-09,3.0,118.8198611046668,31.886764508049588
424.6,506.7530120273925,-192.99595084228045,-4.849267379536363,-8.106166249394817e-08,3.0,118.81986139339504,31.88676628787585
424.8,506.78030230596823,-192.79782148883876,-4.849267396185639,9.288933113552947e-08,3.0,118.81986168212332,31.886768067702118
425.0,506.80759258296825,-192.59969213518116,-4.849267379867284,-7.760399280145243e-08,3.0,118.81986197085158,31.886769847528385
425.20000000000005,506.8348828604564,-192.40156278158912,-4.8492673876957335,4.185370548101e-09,3.0,118.81986225957982,31.886771627354648
425.40000000000003,506.86217313819634,-192.20343342803176,-4.849267387695698,4.185028925494772e-09,3.0,118.81986254830808,31.886773407180915
425.6,506.8894634159363,-192.0053040744744,-4.849267387695679,4.186486250359346e-09,3.0,118.81986283703634,31.886775187007178
425.8,506.91675369371893,-191.80717472092383,-4.84926738802662,7.645020393388618e-09,3.0,118.8198631257646,31.886776966833445
426.0,506.9440439715122,-191.6090453673747,-4.849267388026662,7.643897919068721e-09,3.0,118.81986341449286,31.88677874665971
426.20000000000005,506.97133424926284,-191.41091601381876,-4.849267387695723,4.186008894635544e-09,3.0,118.81986370322112,31.886780526485975
426.40000000000003,506.99862452700273,-191.21278666026143,-4.8492673876953685,4.181887807871602e-09,3.0,118.81986399194938,31.88678230631224
426.6,507.0259148047426,-191.01465730670407,-4.849267387695698,4.185712963570667e-09,3.0,118.81986428067763,31.886784086138505
426.8,507.0532050825253,-190.81652795315347,-4.849267388026609,7.643368763532177e-09,3.0,118.8198645694059,31.88678586596477
427.0,507.08049535922015,-190.61839859945277,-4.849267379536365,-8.106196250702505e-08,3.0,118.81986485813415,31.88678764579104
427.20000000000005,507.10778563779604,-190.42026924601106,-4.84926739618598,9.289196306604769e-08,3.0,118.81986514686241,31.8867894256173
427.40000000000003,507.1350759158091,-190.22213989249133,-4.849267387695722,4.186992930340159e-09,3.0,118.81986543559067,31.88679120544357
427.6,507.1623661924933,-190.02401053878916,-4.849267379536359,-8.106160812686915e-08,3.0,118.81986572431892,31.886792985269835
427.8,507.18965647001346,-189.8258811852024,-4.849267388026631,7.642818736647818e-09,3.0,118.81986601304718,31.8867947650961
428.0,507.216946747764,-189.62775183164652,-4.8492673876957,4.185551632387279e-09,3.0,118.81986630177543,31.886796544922365
428.20000000000005,507.2442370255467,-189.42962247809587,-4.8492673880266,7.64388604650788e-09,3.0,118.8198665905037,31.88679832474863
428.40000000000003,507.2715273032972,-189.23149312454,-4.849267387695377,4.183231838399682e-09,3.0,118.81986687923195,31.886800104574895
428.6,507.29881758103716,-189.03336377098267,-4.849267387695728,4.186547152366367e-09,3.0,118.81986716796021,31.886801884401162
428.8,507.3261078588198,-188.83523441743208,-4.849267388026635,7.642784087076052e-09,3.0,118.81986745668847,31.886803664227426
429.0,507.3533981365703,-188.6371050638762,-4.84926738769569,4.186558737702216e-09,3.0,118.81986774541673,31.886805444053692
429.20000000000005,507.380688414353,-188.43897571032554,-4.84926738802663,7.6439705731814e-09,3.0,118.81986803414499,31.886807223879956
429.40000000000003,507.40797869210365,-188.24084635676968,-4.849267387695727,4.18614532041036e-09,3.0,118.81986832287325,31.886809003706222
429.6,507.4352689698436,-188.04271700321232,-4.849267387695717,4.185559708092015e-09,3.0,118.8198686116015,31.886810783532486
429.8,507.46255924762613,-187.84458764966175,-4.849267388026249,7.640766942499988e-09,3.0,118.81986890032977,31.886812563358752
430.0,507.4898495243211,-187.64645829596103,-4.849267379536707,-8.105748334033149e-08,3.0,118.81986918905802,31.88681434318502
430.20000000000005,507.51713980289685,-187.44832894251928,-4.849267396185677,9.288690787065738e-08,3.0,118.81986947778628,31.886816123011283
430.40000000000003,507.54443008090993,-187.25019958899958,-4.84926738769569,4.185269110968858e-09,3.0,118.81986976651454,31.88681790283755
430.6,507.5717203575942,-187.05207023529738,-4.849267379536308,-8.106099615314722e-08,3.0,118.81987005524279,31.886819682663816
430.8,507.59901063511427,-186.85394088171063,-4.849267388026644,7.644022065514916e-09,3.0,118.81987034397105,31.88682146249008
431.0,507.6263009139206,-186.65581152829972,-4.84926739585513,8.94339067947838e-08,3.0,118.81987063269932,31.886823242316346
431.20000000000005,507.65359119086736,-186.45768217463362,-4.849267379536318,-8.106160427192882e-08,3.0,118.81987092142757,31.88682502214261
431.40000000000003,507.68088146838744,-186.25955282104692,-4.849267388026622,7.644389870900465e-09,3.0,118.81987121015582,31.886826801968876
431.6,507.7081717461379,-186.06142346749104,-4.849267387695393,4.1827840744498095e-09,3.0,118.81987149888408,31.886828581795143
431.8,507.7354620239206,-185.86329411394044,-4.849267388026624,7.643307428794458e-09,3.0,118.81987178761234,31.886830361621406
432.0,507.7627523016712,-185.66516476038456,-4.849267387695715,4.185532455371392e-09,3.0,118.8198720763406,31.886832141447673
432.20000000000005,507.79004257941114,-185.46703540682714,-4.849267387695702,4.185351956428923e-09,3.0,118.81987236506886,31.886833921273936
432.40000000000003,507.8173328571938,-185.2689060532766,-4.849267388026602,7.643010319006575e-09,3.0,118.81987265379712,31.886835701100203
432.6,507.8446231349444,-185.0707766997207,-4.84926738769569,4.1877577105116405e-09,3.0,118.81987294252538,31.886837480926467
432.8,507.87191341272705,-184.8726473461701,-4.849267388026661,7.644376434095847e-09,3.0,118.81987323125364,31.886839260752733
433.0,507.8992036894219,-184.6745179924694,-4.849267379536357,-8.106137781010396e-08,3.0,118.8198735199819,31.886841040579
433.20000000000005,507.926493967955,-184.4763886390208,-4.849267395854753,8.943081281494371e-08,3.0,118.81987380871016,31.886842820405263
433.40000000000003,507.9537842460001,-184.27825928550646,-4.849267388026627,7.643181809457215e-09,3.0,118.81987409743842,31.88684460023153
433.6,507.98107452269494,-184.08012993180577,-4.849267379536338,-8.106266797427876e-08,3.0,118.81987438616666,31.886846380057797
433.8,508.0083648002151,-183.88200057821902,-4.849267388026604,7.642713681944739e-09,3.0,118.81987467489492,31.88684815988406
434.0,508.03565507902147,-183.68387122480814,-4.849267395855055,8.943588386350965e-08,3.0,118.81987496362319,31.886849939710327
434.20000000000005,508.06294535596805,-183.48574187114207,-4.8492673795363865,-8.106131328286582e-08,3.0,118.81987525235144,31.88685171953659
434.40000000000003,508.0902356334882,-183.28761251755537,-4.8492673880266395,7.64244481796411e-09,3.0,118.8198755410797,31.886853499362857
434.6,508.11752591123883,-183.0894831639995,-4.849267387695692,4.185129063840244e-09,3.0,118.81987582980796,31.886855279189124
434.8,508.14481618902147,-182.89135381044892,-4.849267388026249,7.639675173522915e-09,3.0,118.81987611853621,31.886857059015387
435.0,508.17210646677205,-182.69322445689303,-4.849267387695724,4.187839444723938e-09,3.0,118.81987640726447,31.886858838841654
435.20000000000005,508.199396744512,-182.49509510333561,-4.849267387695752,4.1865465280132894e-09,3.0,118.81987669599273,31.886860618667917
435.40000000000003,508.22668702225195,-182.29696574977825,-4.849267387695713,4.186911937331677e-09,3.0,118.81987698472099,31.886862398494184
435.6,508.2539773000346,-182.09883639622768,-4.8492673880266235,7.645429217013035e-09,3.0,118.81987727344925,31.88686417832045
435.8,508.28126757782786,-181.9007070426786,-4.849267388026682,7.642870213994593e-09,3.0,118.81987756217751,31.886865958146714
436.0,508.3085578545227,-181.70257768897787,-4.849267379536325,-8.106300605312163e-08,3.0,118.81987785090577,31.88686773797298
436.20000000000005,508.33584813305583,-181.5044483355293,-4.849267395855061,8.943372676025273e-08,3.0,118.81987813963403,31.886869517799244
436.40000000000003,508.363138411101,-181.30631898201497,-4.849267388026257,7.640675433673655e-09,3.0,118.81987842836229,31.88687129762551
436.6,508.3904286878385,-181.1081896283212,-4.849267379867618,-7.76009507672788e-08,3.0,118.81987871709055,31.886873077451778
436.8,508.4177189653265,-180.91006027472923,-4.84926738769537,4.182167805368903e-09,3.0,118.81987900581879,31.88687485727804
437.0,508.4450092441222,-180.71193092131685,-4.849267395855073,8.943454587556635e-08,3.0,118.81987929454706,31.886876637104308
437.20000000000005,508.4722995210689,-180.51380156765077,-4.8492673795363554,-8.106240362690014e-08,3.0,118.81987958327531,31.886878416930575
437.40000000000003,508.4995897985463,-180.3156722140573,-4.849267387695695,4.186329732300004e-09,3.0,118.81987987200357,31.886880196756838
437.6,508.5268800763717,-180.11754286051368,-4.849267388357518,1.1102505255944398e-08,3.0,118.81988016073183,31.886881976583105
437.8,508.5541703541329,-179.91941350695922,-4.84926738769577,4.185758491942023e-09,3.0,118.81988044946009,31.886883756409368
438.0,508.5814606318728,-179.72128415340185,-4.849267387695708,4.18472234614385e-09,3.0,118.81988073818835,31.886885536235635
438.20000000000005,508.6087509096128,-179.5231547998444,-4.849267387695331,4.182148152727262e-09,3.0,118.8198810269166,31.886887316061898
438.40000000000003,508.6360411873527,-179.32502544628704,-4.849267387695689,4.188123397242192e-09,3.0,118.81988131564486,31.886889095888165
438.6,508.663331465178,-179.12689609274344,-4.849267388357592,1.1100026861734098e-08,3.0,118.81988160437312,31.886890875714432
438.8,508.69062174293924,-178.928766739189,-4.849267387695684,4.1864086385571124e-09,3.0,118.81988189310138,31.886892655540695
439.0,508.7179120196234,-178.73063738548677,-4.849267379536332,-8.105986556195537e-08,3.0,118.81988218182964,31.886894435366962
439.20000000000005,508.74520229815664,-178.53250803203818,-4.84926739585517,8.943443633530401e-08,3.0,118.8198824705579,31.886896215193225
439.40000000000003,508.77249257615904,-178.33437867851697,-4.849267387695715,4.185081616132402e-09,3.0,118.81988275928616,31.886897995019492
439.6,508.7997828528859,-178.13624932482173,-4.849267379867224,-7.760572956458041e-08,3.0,118.8198830480144,31.88689977484576
439.8,508.8270731304167,-177.93811997123655,-4.849267388026584,7.644164251310263e-09,3.0,118.81988333674266,31.886901554672026
440.0,508.8543634092229,-177.73999061782567,-4.849267395854763,8.943104095927287e-08,3.0,118.81988362547094,31.88690333449829
440.20000000000005,508.8816536861697,-177.5418612641596,-4.849267379536358,-8.106291668274551e-08,3.0,118.81988391419918,31.886905114324556
440.40000000000003,508.9089439636471,-177.3437319105661,-4.849267387695677,4.186672697137024e-09,3.0,118.81988420292744,31.88690689415082
440.6,508.93623424142976,-177.14560255701554,-4.84926738802663,7.644476559433225e-09,3.0,118.8198844916557,31.886908673977086
440.8,508.96352451922303,-176.94747320346644,-4.849267388026646,7.643777162055127e-09,3.0,118.81988478038396,31.88691045380335
441.0,508.99081479697367,-176.74934384991056,-4.849267387695717,4.186499015845402e-09,3.0,118.81988506911222,31.886912233629616
441.20000000000005,509.0181050747136,-176.5512144963531,-4.849267387695727,4.185678189114369e-09,3.0,118.81988535784048,31.886914013455883
441.40000000000003,509.0453953524535,-176.35308514279575,-4.849267387695349,4.182991427823461e-09,3.0,118.81988564656874,31.886915793282146
441.6,509.07268563023615,-176.1549557892452,-4.849267388026641,7.642726573309742e-09,3.0,118.819885935297,31.886917573108413
441.8,509.09997590802936,-175.95682643569612,-4.849267388026592,7.644009159865622e-09,3.0,118.81988622402525,31.886919352934676
442.0,509.12726618472425,-175.7586970819954,-4.849267379536353,-8.106116369672122e-08,3.0,118.81988651275351,31.886921132760943
442.20000000000005,509.15455646325745,-175.5605677285468,-4.849267395855103,8.94345700280421e-08,3.0,118.81988680148177,31.88692291258721
442.40000000000003,509.1818467412599,-175.36243837502565,-4.849267387695718,4.186567356962808e-09,3.0,118.81988709021003,31.886924692413473
442.6,509.20913701798673,-175.1643090213304,-4.849267379867258,-7.760476493871647e-08,3.0,118.81988737893828,31.88692647223974
442.8,509.23642729551744,-174.96617966774522,-4.849267388026626,7.64208403591105e-09,3.0,118.81988766766653,31.886928252066006
443.0,509.2637175743238,-174.76805031433435,-4.849267395854712,8.94296374915582e-08,3.0,118.81988795639481,31.88693003189227
443.20000000000005,509.29100785127054,-174.56992096066833,-4.849267379536323,-8.105973875001509e-08,3.0,118.81988824512305,31.886931811718537
443.40000000000003,509.31829812874787,-174.37179160707484,-4.849267387695752,4.188439067234608e-09,3.0,118.81988853385131,31.8869335915448
443.6,509.3455884065305,-174.17366225352424,-4.849267388026687,7.642611072055486e-09,3.0,118.81988882257957,31.886935371371067
443.8,509.3728786842811,-173.97553289996836,-4.849267387695691,4.1851031349220704e-09,3.0,118.81988911130783,31.886937151197333
444.0,509.40016896206373,-173.77740354641776,-4.849267388026595,7.643098036656462e-09,3.0,118.81988940003609,31.886938931023597
444.20000000000005,509.4274592398144,-173.57927419286182,-4.849267387695703,4.186565944115315e-09,3.0,118.81988968876435,31.886940710849863
444.40000000000003,509.454749517597,-173.3811448393113,-4.849267388026641,7.642403726245492e-09,3.0,118.81988997749261,31.886942490676127
444.6,509.48203979534765,-173.18301548575542,-4.849267387695665,4.18793812396055e-09,3.0,118.81989026622087,31.886944270502394
444.8,509.5093300730875,-172.98488613219803,-4.849267387695406,4.184740480148471e-09,3.0,118.81989055494913,31.886946050328657
445.0,509.5366203498144,-172.78675677850276,-4.849267379867653,-7.760142812442841e-08,3.0,118.81989084367738,31.886947830154924
445.20000000000005,509.5639106283582,-172.58862742505573,-4.849267395854731,8.942962725114401e-08,3.0,118.81989113240564,31.88694960998119
445.40000000000003,509.5912009064033,-172.3904980715414,-4.8492673880265995,7.642737721894892e-09,3.0,118.8198914211339,31.886951389807454
445.6,509.6184911830982,-172.19236871784068,-4.849267379536321,-8.106175468835115e-08,3.0,118.81989170986216,31.88695316963372
445.8,509.6457814605756,-171.99423936424716,-4.849267387695717,4.1864957538824e-09,3.0,118.8198919985904,31.886954949459987
446.0,509.67307173941396,-171.79611001084163,-4.849267396185997,9.289216370185497e-08,3.0,118.81989228731868,31.88695672928625
446.20000000000005,509.70036201637134,-171.597980657177,-4.849267379536352,-8.106114572550377e-08,3.0,118.81989257604694,31.886958509112517
446.40000000000003,509.7276522938915,-171.3998513035903,-4.849267388026645,7.642827127568747e-09,3.0,118.81989286477518,31.88696028893878
446.6,509.754942571642,-171.20172195003443,-4.8492673876953445,4.182900260307418e-09,3.0,118.81989315350344,31.886962068765047
446.8,509.78223285043765,-171.00359259662204,-4.849267395855092,8.943514261572533e-08,3.0,118.81989344223172,31.88696384859131
447.0,509.80952312742704,-170.805463242963,-4.849267379867279,-7.760545058124698e-08,3.0,118.81989373095998,31.886965628417578
447.20000000000005,509.83681340491506,-170.60733388937098,-4.849267387695708,4.186491389494322e-09,3.0,118.81989401968822,31.886967408243844
447.40000000000003,509.86410368269776,-170.40920453582046,-4.849267388026618,7.644330933986454e-09,3.0,118.81989430841648,31.886969188070108
447.6,509.89139396044834,-170.21107518226455,-4.849267387695724,4.187946582241182e-09,3.0,118.81989459714474,31.886970967896374
447.8,509.9186842381883,-170.0129458287072,-4.849267387695766,4.185745478452598e-09,3.0,118.819894885873,31.886972747722638
448.0,509.9459745159282,-169.8148164751498,-4.849267387695359,4.181489183779503e-09,3.0,118.81989517460126,31.886974527548904
448.20000000000005,509.9732647937109,-169.61668712159914,-4.849267388026574,7.6453294653036e-09,3.0,118.81989546332952,31.88697630737517
448.40000000000003,510.0005550715041,-169.4185577680501,-4.8492673880266794,7.643532165194055e-09,3.0,118.81989575205777,31.886978087201435
448.6,510.0278453492547,-169.22042841449422,-4.849267387695724,4.184498009160122e-09,3.0,118.81989604078603,31.8869798670277
448.8,510.0551356259389,-169.02229906079202,-4.849267379536294,-8.10623818554958e-08,3.0,118.81989632951428,31.886981646853968
449.0,510.0824259044721,-168.8241697073435,-4.849267395855064,8.943595405914973e-08,3.0,118.81989661824255,31.88698342668023
449.20000000000005,510.1097161825172,-168.62604035382904,-4.8492673880266794,7.642713351876037e-09,3.0,118.81989690697081,31.8869852065065
449.40000000000003,510.13700645925474,-168.42791100013517,-4.849267379867225,-7.760541233284394e-08,3.0,118.81989719569907,31.88698698633276
449.6,510.1642967367428,-168.22978164654313,-4.84926738769568,4.1875817348630976e-09,3.0,118.81989748442732,31.88698876615903
449.8,510.1915870155384,-168.03165229313075,-4.849267395854788,8.94304918851117e-08,3.0,118.81989777315559,31.88699054598529
450.0,510.21887729248516,-167.83352293946476,-4.849267379536331,-8.106192013607426e-08,3.0,118.81989806188383,31.88699232581156
450.20000000000005,510.2461675700053,-167.63539358587795,-4.8492673880266235,7.643038742611948e-09,3.0,118.81989835061209,31.886994105637825
450.40000000000003,510.2734578477985,-167.4372642323289,-4.849267388026605,7.643832910051146e-09,3.0,118.81989863934035,31.88699588546409
450.6,510.30074812554915,-167.23913487877303,-4.849267387695724,4.1865369025431405e-09,3.0,118.81989892806861,31.886997665290355
450.8,510.3280384032891,-167.04100552521564,-4.849267387695727,4.185628677038403e-09,3.0,118.81989921679687,31.886999445116622
451.0,510.35532868102905,-166.84287617165828,-4.849267387695718,4.186578104818465e-09,3.0,118.81989950552513,31.887001224942885
451.20000000000005,510.38261895881163,-166.64474681810765,-4.849267388026274,7.640647109880752e-09,3.0,118.81989979425339,31.887003004769152
451.40000000000003,510.40990923660496,-166.4466174645586,-4.84926738802664,7.643776888451236e-09,3.0,118.81990008298165,31.887004784595415
451.6,510.43719951435554,-166.24848811100273,-4.849267387695715,4.186805354777065e-09,3.0,118.8199003717099,31.887006564421682
451.8,510.46448979103974,-166.0503587573005,-4.849267379536357,-8.106181961682005e-08,3.0,118.81990066043817,31.88700834424795
452.0,510.4917800695729,-165.85222940385196,-4.849267395855089,8.943392229501357e-08,3.0,118.81990094916642,31.887010124074212
452.20000000000005,510.51907034757534,-165.65410005033073,-4.849267387695712,4.185372729760489e-09,3.0,118.81990123789468,31.88701190390048
452.40000000000003,510.5463606243023,-165.45597069663538,-4.849267379867208,-7.76029372509731e-08,3.0,118.81990152662293,31.887013683726746
452.6,510.573650901833,-165.25784134305013,-4.8492673880266635,7.644453304215234e-09,3.0,118.81990181535119,31.88701546355301
452.8,510.60094118063927,-165.05971198963923,-4.849267395854772,8.942986880064712e-08,3.0,118.81990210407946,31.887017243379272
453.0,510.628231457586,-164.86158263597324,-4.849267379536658,-8.105811551692972e-08,3.0,118.8199023928077,31.88701902320554
453.20000000000005,510.6555217351061,-164.66345328238643,-4.849267388026283,7.639737246962565e-09,3.0,118.81990268153596,31.887020803031806
453.40000000000003,510.6828120128993,-164.4653239288374,-4.849267388026617,7.643350303449315e-09,3.0,118.81990297026422,31.88702258285807
453.6,510.71010229065,-164.2671945752815,-4.849267387695717,4.185601505591922e-09,3.0,118.81990325899248,31.887024362684336
453.8,510.73739256838996,-164.06906522172412,-4.849267387695685,4.187547985258552e-09,3.0,118.81990354772074,31.887026142510603
454.0,510.7646828461298,-163.87093586816675,-4.849267387695738,4.188331936835865e-09,3.0,118.819903836449,31.887027922336866
454.20000000000005,510.7919731239125,-163.6728065146161,-4.849267388026679,7.643487622371824e-09,3.0,118.81990412517726,31.887029702163133
454.40000000000003,510.81926340170577,-163.47467716106706,-4.8492673880266235,7.642439531643752e-09,3.0,118.81990441390552,31.887031481989396
454.6,510.84655367945635,-163.27654780751118,-4.849267387695344,4.1820752657425695e-09,3.0,118.81990470263378,31.887033261815663
454.8,510.8738439571963,-163.0784184539538,-4.849267387695703,4.186072047013272e-09,3.0,118.81990499136204,31.88703504164193
455.0,510.9011342349362,-162.88028910039642,-4.849267387695743,4.185518154353623e-09,3.0,118.8199052800903,31.887036821468193
455.20000000000005,510.92842451271883,-162.6821597468458,-4.8492673880265915,7.64367007102557e-09,3.0,118.81990556881856,31.88703860129446
455.40000000000003,510.9557147894564,-162.48403039315193,-4.849267379867242,-7.76030344776946e-08,3.0,118.81990585754681,31.887040381120727
455.6,510.9830050669445,-162.2859010395599,-4.849267387695759,4.186092652319974e-09,3.0,118.81990614627506,31.88704216094699
455.8,511.0102953457402,-162.0877716861475,-4.849267395855078,8.943441983701111e-08,3.0,118.81990643500333,31.887043940773253
456.0,511.0375856226869,-161.8896423324815,-4.849267379536346,-8.106180296458778e-08,3.0,118.81990672373158,31.88704572059952
456.20000000000005,511.06487590020697,-161.6915129788947,-4.849267388026631,7.642397201521611e-09,3.0,118.81990701245984,31.887047500425787
456.40000000000003,511.09216617795755,-161.49338362533885,-4.849267387695337,4.182502868322772e-09,3.0,118.8199073011881,31.887049280252054
456.6,511.1194564557402,-161.29525427178828,-4.849267388026613,7.644467749539775e-09,3.0,118.81990758991635,31.887051060078317
456.8,511.1467467334908,-161.0971249182324,-4.84926738769574,4.186688828498579e-09,3.0,118.81990787864461,31.887052839904584
457.0,511.1740370112307,-160.898995564675,-4.849267387695729,4.185659273212677e-09,3.0,118.81990816737287,31.887054619730847
457.20000000000005,511.20132728901336,-160.70086621112435,-4.849267388026602,7.643610469430022e-09,3.0,118.81990845610113,31.887056399557114
457.40000000000003,511.22861756676394,-160.5027368575685,-4.849267387695723,4.1859244594330884e-09,3.0,118.81990874482939,31.887058179383377
457.6,511.2559078445466,-160.30460750401795,-4.84926738802662,7.642479748852601e-09,3.0,118.81990903355765,31.887059959209644
457.8,511.28319812229716,-160.10647815046207,-4.849267387695345,4.18199041632734e-09,3.0,118.81990932228591,31.88706173903591
458.0,511.3104884000371,-159.90834879690468,-4.849267387695694,4.1868103676784135e-09,3.0,118.81990961101417,31.887063518862174
458.20000000000005,511.33777867781976,-159.71021944335402,-4.849267388026624,7.645284226875974e-09,3.0,118.81990989974243,31.88706529868844
458.40000000000003,511.3650689545146,-159.5120900896532,-4.849267379536392,-8.106190011655956e-08,3.0,118.81991018847067,31.887067078514708
458.6,511.39235923203466,-159.3139607360665,-4.84926738802662,7.642625669365115e-09,3.0,118.81991047719893,31.88706885834097
458.8,511.419649510841,-159.1158313826556,-4.84926739585506,8.943473070319339e-08,3.0,118.8199107659272,31.887070638167238
459.0,511.44693978778776,-158.91770202898965,-4.849267379536384,-8.106198484689063e-08,3.0,118.81991105465545,31.8870724179935
459.20000000000005,511.47423006530784,-158.71957267540284,-4.849267388026609,7.643199647090393e-09,3.0,118.81991134338371,31.887074197819768
459.40000000000003,511.5015203430584,-158.521443321847,-4.849267387695706,4.186388676507742e-09,3.0,118.81991163211197,31.887075977646035
459.6,511.528810620841,-158.32331396829642,-4.849267388026271,7.641053869246706e-09,3.0,118.81991192084023,31.887077757472298
459.8,511.55610089859164,-158.12518461474053,-4.849267387695743,4.18687167898067e-09,3.0,118.81991220956849,31.887079537298565
460.0,511.5833911763316,-157.92705526118314,-4.849267387695731,4.186034086228698e-09,3.0,118.81991249829674,31.887081317124828
460.20000000000005,511.61068145411423,-157.72892590763252,-4.849267388026605,7.64450500171857e-09,3.0,118.819912787025,31.887083096951095
460.40000000000003,511.6379717318648,-157.53079655407666,-4.849267387695745,4.186312780289081e-09,3.0,118.81991307575326,31.88708487677736
460.6,511.66526200960476,-157.3326672005193,-4.849267387695718,4.185693128488681e-09,3.0,118.81991336448152,31.887086656603625
460.8,511.6925522873874,-157.1345378469687,-4.849267388026608,7.643144345012832e-09,3.0,118.81991365320978,31.88708843642989
461.0,511.7198425641249,-156.93640849327494,-4.849267379867237,-7.76043929745243e-08,3.0,118.81991394193804,31.88709021625616
461.20000000000005,511.7471328426687,-156.7382791398279,-4.84926739585475,8.943058064995467e-08,3.0,118.8199142306663,31.88709199608242
461.40000000000003,511.7744231196154,-156.5401497861618,-4.849267379536686,-8.105865772017818e-08,3.0,118.81991451939456,31.88709377590869
461.6,511.8017133970928,-156.34202043256832,-4.849267387695345,4.183900495314763e-09,3.0,118.8199148081228,31.887095555734952
461.8,511.8290036759312,-156.14389107916278,-4.849267396186031,9.289200290646102e-08,3.0,118.81991509685108,31.88709733556122
462.0,511.85629395288856,-155.94576172549822,-4.849267379536359,-8.106288399660843e-08,3.0,118.81991538557932,31.887099115387485
462.20000000000005,511.88358423040864,-155.7476323719114,-4.849267388026587,7.643630205796895e-09,3.0,118.81991567430758,31.88710089521375
462.40000000000003,511.9108745081593,-155.54950301835555,-4.84926738769572,4.186552277526281e-09,3.0,118.81991596303584,31.887102675040015
462.6,511.93816478589923,-155.3513736647982,-4.8492673876957335,4.1850149283033666e-09,3.0,118.8199162517641,31.88710445486628
462.8,511.9654550636818,-155.15324431124762,-4.849267388026595,7.642174087153131e-09,3.0,118.81991654049236,31.887106234692546
463.0,511.9927453414324,-154.95511495769176,-4.849267387695351,4.183704489990083e-09,3.0,118.81991682922062,31.88710801451881
463.20000000000005,512.0200356192152,-154.7569856041411,-4.849267388026641,7.644525463488199e-09,3.0,118.81991711794888,31.887109794345076
463.40000000000003,512.0473258969656,-154.55885625058525,-4.849267387695745,4.185860461928887e-09,3.0,118.81991740667713,31.887111574171342
463.6,512.0746161747055,-154.3607268970279,-4.849267387695702,4.185953422241444e-09,3.0,118.8199176954054,31.887113353997606
463.8,512.1019064524882,-154.1625975434773,-4.849267388026616,7.643354622923133e-09,3.0,118.81991798413365,31.887115133823873
464.0,512.129196729183,-153.96446818977657,-4.849267379536338,-8.106190200095695e-08,3.0,118.8199182728619,31.88711691365014
464.20000000000005,512.1564870077589,-153.76633883633485,-4.849267396185999,9.28908879866393e-08,3.0,118.81991856159017,31.887118693476403
464.40000000000003,512.1837772847163,-153.5682094826702,-4.849267379536322,-8.10618553128295e-08,3.0,118.81991885031843,31.88712047330267
464.6,512.2110675621936,-153.37008012907668,-4.849267387695702,4.187780027591956e-09,3.0,118.81991913904668,31.887122253128936
464.8,512.2383578409895,-153.1719507756643,-4.84926739585513,8.943475006931073e-08,3.0,118.81991942777495,31.8871240329552
465.0,512.2656481179787,-152.97382142200524,-4.849267379867254,-7.760439138181203e-08,3.0,118.8199197165032,31.887125812781466
465.20000000000005,512.2929383955095,-152.77569206842,-4.849267388026622,7.643801793866309e-09,3.0,118.81992000523145,31.88712759260773
465.40000000000003,512.3202286732601,-152.57756271486414,-4.849267387695726,4.185875854678237e-09,3.0,118.81992029395971,31.887129372433996
465.6,512.347518951,-152.3794333613068,-4.849267387695012,4.1790429105109065e-09,3.0,118.81992058268797,31.88713115226026
465.8,512.3748092287399,-152.18130400774942,-4.849267387695709,4.18717640898473e-09,3.0,118.81992087141623,31.887132932086526
466.0,512.4020995065226,-151.98317465419882,-4.849267388026639,7.644703124611255e-09,3.0,118.81992116014449,31.887134711912793
466.20000000000005,512.4293897843157,-151.78504530064967,-4.849267388026654,7.643516274746558e-09,3.0,118.81992144887275,31.887136491739057
466.40000000000003,512.4566800620664,-151.58691594709381,-4.849267387695712,4.186129895161606e-09,3.0,118.819921737601,31.887138271565323
466.6,512.4839703398063,-151.38878659353645,-4.849267387695713,4.186144057892258e-09,3.0,118.81992202632927,31.887140051391587
466.8,512.5112606175463,-151.19065723997912,-4.849267387695747,4.1852791705615515e-09,3.0,118.81992231505752,31.887141831217853
467.0,512.5385508942732,-150.99252788628385,-4.849267379867219,-7.760538500760635e-08,3.0,118.81992260378577,31.88714361104412
467.20000000000005,512.5658411728597,-150.79439853284367,-4.84926739618597,9.289210830568574e-08,3.0,118.81992289251404,31.887145390870383
467.40000000000003,512.593131449817,-150.59626917917902,-4.849267379536347,-8.106030808799455e-08,3.0,118.8199231812423,31.88714717069665
467.6,512.6204217272946,-150.3981398255855,-4.849267387695752,4.186755420289153e-09,3.0,118.81992346997055,31.887148950522917
467.8,512.6477120060902,-150.20001047217312,-4.8492673958551045,8.943369150978854e-08,3.0,118.81992375869882,31.88715073034918
468.0,512.6750022830795,-150.0018811185141,-4.849267379867225,-7.760419031751002e-08,3.0,118.81992404742707,31.887152510175447
468.20000000000005,512.7022925606102,-149.80375176492882,-4.849267388026634,7.643444966305728e-09,3.0,118.81992433615532,31.88715429000171
468.40000000000003,512.7295828383609,-149.60562241137296,-4.849267387695724,4.1848343492122826e-09,3.0,118.81992462488358,31.887156069827977
468.6,512.7568731161008,-149.40749305781563,-4.849267387695676,4.186013973359396e-09,3.0,118.81992491361184,31.887157849654244
468.8,512.7841633938834,-149.20936370426503,-4.849267388025917,7.637589146474488e-09,3.0,118.8199252023401,31.887159629480507
469.0,512.811453671634,-149.01123435070915,-4.849267387695752,4.186366864794e-09,3.0,118.81992549106836,31.887161409306774
469.20000000000005,512.8387439494165,-148.8131049971585,-4.849267388026627,7.642760390717468e-09,3.0,118.81992577979662,31.887163189133037
469.40000000000003,512.8660342271671,-148.61497564360263,-4.8492673876956935,4.1861553126038644e-09,3.0,118.81992606852488,31.887164968959304
469.6,512.8933245049071,-148.4168462900453,-4.849267387695721,4.185558515540759e-09,3.0,118.81992635725314,31.887166748785567
469.8,512.9206147826898,-148.2187169364947,-4.849267388026606,7.642964609452844e-09,3.0,118.8199266459814,31.887168528611834
470.0,512.9479050593845,-148.02058758279398,-4.849267379536321,-8.106109228558482e-08,3.0,118.81992693470966,31.8871703084381
470.20000000000005,512.9751953379604,-147.82245822935224,-4.849267396186013,9.289218850195513e-08,3.0,118.81992722343792,31.887172088264364
470.40000000000003,513.0024856149178,-147.62432887568758,-4.849267379536353,-8.10613635577942e-08,3.0,118.81992751216617,31.88717386809063
470.6,513.0297758923953,-147.42619952209407,-4.849267387695724,4.186515388403628e-09,3.0,118.81992780089442,31.887175647916898
470.8,513.0570661701779,-147.2280701685435,-4.849267388026618,7.644627175694448e-09,3.0,118.81992808962268,31.88717742774316
471.0,513.0843564479286,-147.02994081498764,-4.849267387695762,4.187501023750505e-09,3.0,118.81992837835094,31.887179207569428
471.20000000000005,513.1116467257111,-146.83181146143698,-4.849267388026654,7.642771527962246e-09,3.0,118.8199286670792,31.88718098739569
471.40000000000003,513.1389370034617,-146.63368210788113,-4.8492673876956855,4.186669511954343e-09,3.0,118.81992895580746,31.887182767221958
471.6,513.1662272812017,-146.43555275432377,-4.849267387695718,4.187578394603467e-09,3.0,118.81992924453571,31.887184547048225
471.8,513.1935175589844,-146.23742340077317,-4.84926738802666,7.643439148017211e-09,3.0,118.81992953326397,31.887186326874488
472.0,513.2208078367349,-146.03929404721728,-4.849267387695025,4.178202861136265e-09,3.0,118.81992982199223,31.887188106700755
472.20000000000005,513.2480981145175,-145.84116469366666,-4.8492673880265915,7.644247483716119e-09,3.0,118.81993011072049,31.88718988652702
472.40000000000003,513.275388392268,-145.6430353401108,-4.849267387695734,4.186846236155201e-09,3.0,118.81993039944875,31.887191666353285
472.6,513.3026786700079,-145.44490598655344,-4.849267387695743,4.184717841878045e-09,3.0,118.81993068817701,31.88719344617955
472.8,513.3299689477906,-145.24677663300284,-4.849267388026579,7.643005170296296e-09,3.0,118.81993097690527,31.887195226005815
473.0,513.3572592244855,-145.04864727930212,-4.8492673795363235,-8.106091151129219e-08,3.0,118.81993126563353,31.887197005832082
473.20000000000005,513.3845495030185,-144.85051792585352,-4.849267395855114,8.943452349278022e-08,3.0,118.81993155436179,31.887198785658345
473.40000000000003,513.4118397810638,-144.65238857233922,-4.84926738802663,7.643023598402557e-09,3.0,118.81993184309005,31.887200565484612
473.6,513.4391300577586,-144.4542592186385,-4.849267379536326,-8.106184690564056e-08,3.0,118.81993213181829,31.88720234531088
473.8,513.4664203352361,-144.25612986504495,-4.849267387695702,4.18766737176459e-09,3.0,118.81993242054655,31.887204125137142
474.0,513.4937106130187,-144.05800051149436,-4.8492673880266555,7.64449074702947e-09,3.0,118.81993270927481,31.88720590496341
474.20000000000005,513.5210008907693,-143.85987115793841,-4.849267387695745,4.185535592338312e-09,3.0,118.81993299800307,31.887207684789676
474.40000000000003,513.5482911685519,-143.6617418043879,-4.849267388026602,7.642960089398962e-09,3.0,118.81993328673133,31.88720946461594
474.6,513.5755814463025,-143.463612450832,-4.849267387695706,4.185745636485231e-09,3.0,118.81993357545959,31.887211244442206
474.8,513.6028717240424,-143.26548309727465,-4.849267387695734,4.185488690818928e-09,3.0,118.81993386418785,31.88721302426847
475.0,513.630162001825,-143.06735374372406,-4.849267388026597,7.64314434284873e-09,3.0,118.8199341529161,31.887214804094736
475.20000000000005,513.6574522795758,-142.8692243901681,-4.849267387695698,4.18730000086197e-09,3.0,118.81993444164436,31.887216583921
475.40000000000003,513.6847425573583,-142.67109503661757,-4.849267388025962,7.636464001339775e-09,3.0,118.81993473037262,31.887218363747266
475.6,513.7120328351089,-142.4729656830617,-4.849267387695717,4.186159954134077e-09,3.0,118.81993501910088,31.887220143573533
475.8,513.7393231128488,-142.27483632950432,-4.849267387695706,4.186965401637756e-09,3.0,118.81993530782914,31.887221923399796
476.0,513.7666133895756,-142.07670697580906,-4.849267379867278,-7.760556223487643e-08,3.0,118.8199355965574,31.887223703226063
476.20000000000005,513.7939036681195,-141.87857762236203,-4.8492673958550645,8.943327813042021e-08,3.0,118.81993588528566,31.887225483052326
476.40000000000003,513.8211939461646,-141.6804482688477,-4.849267388026588,7.644410621835878e-09,3.0,118.81993617401392,31.887227262878593
476.6,513.8484842228595,-141.48231891514698,-4.8492673795363626,-8.106088092208199e-08,3.0,118.81993646274218,31.88722904270486
476.8,513.8757745003795,-141.28418956156023,-4.849267388026648,7.643136459430215e-09,3.0,118.81993675147042,31.887230822531123
477.0,513.9030647781301,-141.08606020800434,-4.849267387695704,4.185834090687746e-09,3.0,118.81993704019868,31.88723260235739
477.20000000000005,513.9303550558701,-140.88793085444692,-4.849267387695697,4.187074974783532e-09,3.0,118.81993732892694,31.887234382183657
477.40000000000003,513.95764533361,-140.68980150088956,-4.849267387695738,4.186597850820791e-09,3.0,118.8199376176552,31.88723616200992
477.6,513.9849356113926,-140.491672147339,-4.8492673880266395,7.642329891751055e-09,3.0,118.81993790638346,31.887237941836187
477.8,514.012225889186,-140.2935427937899,-4.849267388026586,7.643446823494804e-09,3.0,118.81993819511172,31.88723972166245
478.0,514.0395161669366,-140.095413440234,-4.849267387695704,4.187726739094686e-09,3.0,118.81993848383998,31.887241501488717
478.20000000000005,514.0668064446766,-139.89728408667656,-4.8492673876957495,4.1872690167940075e-09,3.0,118.81993877256824,31.887243281314984
478.40000000000003,514.0940967224165,-139.69915473311923,-4.849267387695748,4.185358457981471e-09,3.0,118.8199390612965,31.887245061141247
478.6,514.1213870001991,-139.50102537956866,-4.849267388025902,7.63623827104918e-09,3.0,118.81993935002475,31.887246840967514
478.8,514.1486772779923,-139.30289602601957,-4.849267388026625,7.643299914337625e-09,3.0,118.81993963875301,31.887248620793777
479.0,514.1759675546871,-139.10476667231887,-4.849267379536367,-8.106258659570073e-08,3.0,118.81993992748127,31.887250400620044
479.20000000000005,514.2032578332203,-138.90663731887028,-4.849267395855053,8.943499447398645e-08,3.0,118.81994021620953,31.887252180446307
479.40000000000003,514.2305481112228,-138.70850796534913,-4.849267387695727,4.1876369887979215e-09,3.0,118.81994050493779,31.887253960272574
479.6,514.2578383879497,-138.5103786116539,-4.8492673798672765,-7.760354768958094e-08,3.0,118.81994079366604,31.88725574009884
479.8,514.2851286654803,-138.3122492580687,-4.849267388026641,7.644011269657256e-09,3.0,118.8199410823943,31.887257519925107
480.0,514.3124189432309,-138.11411990451282,-4.849267387695727,4.186143820089606e-09,3.0,118.81994137112255,31.88725929975137
480.20000000000005,514.3397092209709,-137.9159905509554,-4.84926738769572,4.185124258317924e-09,3.0,118.81994165985081,31.887261079577637
480.40000000000003,514.3669994987109,-137.71786119739804,-4.8492673876956935,4.184946276337563e-09,3.0,118.81994194857907,31.8872628594039
480.6,514.3942897764935,-137.51973184384747,-4.849267388026586,7.643574433335955e-09,3.0,118.81994223730733,31.887264639230168
480.8,514.4215800542868,-137.32160249029837,-4.849267388026622,7.644219448227944e-09,3.0,118.81994252603559,31.88726641905643
481.0,514.4488703320374,-137.1234731367425,-4.849267387695734,4.1863310447420445e-09,3.0,118.81994281476385,31.887268198882698
481.20000000000005,514.4761606097774,-136.92534378318507,-4.849267387695717,4.186075312848379e-09,3.0,118.81994310349211,31.887269978708964
481.40000000000003,514.5034508875173,-136.7272144296277,-4.849267387695707,4.186560113499849e-09,3.0,118.81994339222037,31.887271758535228
481.6,514.5307411652999,-136.52908507607714,-4.849267388026628,7.643931177035589e-09,3.0,118.81994368094863,31.887273538361494
481.8,514.5580314430932,-136.33095572252805,-4.849267388026645,7.642112441077727e-09,3.0,118.81994396967688,31.887275318187758
482.0,514.5853217208438,-136.13282636897216,-4.849267387694984,4.178691171216333e-09,3.0,118.81994425840514,31.887277098014025
482.20000000000005,514.6126119985836,-135.9346970154147,-4.8492673876956935,4.188071346373822e-09,3.0,118.8199445471334,31.887278877840288
482.40000000000003,514.6399022763236,-135.73656766185735,-4.84926738769577,4.186221685901621e-09,3.0,118.81994483586166,31.887280657666555
482.6,514.6671925541062,-135.5384383083068,-4.849267388026631,7.641660896966879e-09,3.0,118.81994512458992,31.88728243749282
482.8,514.6944828308438,-135.34030895461305,-4.8492673798671895,-7.760411434947099e-08,3.0,118.81994541331818,31.88728421731909
483.0,514.7217731093875,-135.14217960116605,-4.8492673958551205,8.943581163181009e-08,3.0,118.81994570204644,31.88728599714535
483.20000000000005,514.74906338739,-134.94405024764475,-4.849267387695765,4.1845920126674296e-09,3.0,118.8199459907747,31.887287776971615
483.40000000000003,514.7763536640742,-134.74592089394247,-4.849267379536295,-8.106274579611994e-08,3.0,118.81994627950294,31.88728955679788
483.6,514.8036439415944,-134.54779154035575,-4.849267388026594,7.644185356126013e-09,3.0,118.8199465682312,31.88729133662415
483.8,514.8309342204433,-134.3496621869517,-4.849267396186016,9.289186358653006e-08,3.0,118.81994685695948,31.88729311645041
484.0,514.8582244974007,-134.15153283328712,-4.849267379536349,-8.106203209449026e-08,3.0,118.81994714568773,31.88729489627668
484.20000000000005,514.8855147748782,-133.95340347969355,-4.849267387695707,4.186245296861758e-09,3.0,118.81994743441598,31.887296676102945
484.40000000000003,514.9128050526181,-133.7552741261362,-4.849267387695706,4.187294848449234e-09,3.0,118.81994772314424,31.88729845592921
484.6,514.9400953304007,-133.55714477258562,-4.849267388026652,7.643542633569779e-09,3.0,118.8199480118725,31.887300235755475
484.8,514.967385608194,-133.35901541903652,-4.8492673880266235,7.642975989451033e-09,3.0,118.81994830060076,31.88730201558174
485.0,514.9946758859446,-133.16088606548064,-4.849267387695688,4.187479305544178e-09,3.0,118.81994858932902,31.887303795408005
485.20000000000005,515.0219661636845,-132.9627567119232,-4.849267387695065,4.178787168387451e-09,3.0,118.81994887805728,31.887305575234272
485.40000000000003,515.0492564414244,-132.76462735836586,-4.84926738769571,4.185366593756217e-09,3.0,118.81994916678553,31.887307355060535
485.6,515.076546719207,-132.5664980048153,-4.84926738802659,7.644334448552563e-09,3.0,118.8199494555138,31.887309134886802
485.8,515.1038369959447,-132.36836865112153,-4.849267379867262,-7.760315792867983e-08,3.0,118.81994974424205,31.88731091471307
486.0,515.1311272744884,-132.17023929767456,-4.849267395855124,8.943460580476041e-08,3.0,118.81995003297031,31.887312694539332
486.20000000000005,515.1584175524908,-131.97210994415332,-4.8492673876957255,4.1855377911779865e-09,3.0,118.81995032169857,31.887314474365596
486.40000000000003,515.185707829175,-131.77398059045103,-4.849267379536315,-8.1061276516493e-08,3.0,118.81995061042682,31.887316254191862
486.6,515.2129981066952,-131.5758512368643,-4.8492673880266475,7.642617587344388e-09,3.0,118.81995089915507,31.88731803401813
486.8,515.2402883855015,-131.3777218834534,-4.8492673958551,8.943273526247829e-08,3.0,118.81995118788335,31.887319813844393
487.0,515.2675786624909,-131.1795925297943,-4.8492673798671975,-7.760458256746618e-08,3.0,118.8199514766116,31.88732159367066
487.20000000000005,515.294868939979,-130.98146317620225,-4.849267387695707,4.187664285753391e-09,3.0,118.81995176533985,31.887323373496926
487.40000000000003,515.322159217719,-130.7833338226449,-4.849267387695743,4.187706462351878e-09,3.0,118.81995205406811,31.88732515332319
487.6,515.3494494955015,-130.58520446909432,-4.849267388026665,7.64290409403943e-09,3.0,118.81995234279637,31.887326933149456
487.8,515.3767397732521,-130.38707511553847,-4.84926738769569,4.186415627374805e-09,3.0,118.81995263152463,31.88732871297572
488.0,515.4040300510347,-130.18894576198787,-4.84926738802662,7.644519996843514e-09,3.0,118.81995292025289,31.887330492801986
488.20000000000005,515.4313203287853,-129.99081640843193,-4.8492673876957575,4.184634907182525e-09,3.0,118.81995320898115,31.887332272628253
488.40000000000003,515.4586106065252,-129.7926870548746,-4.849267387694983,4.177855578566051e-09,3.0,118.8199534977094,31.887334052454516
488.6,515.4859008843079,-129.594557701324,-4.849267388026581,7.644825321778455e-09,3.0,118.81995378643767,31.887335832280783
488.8,515.5131911610027,-129.39642834762327,-4.849267379536377,-8.106110175267374e-08,3.0,118.81995407516591,31.88733761210705
489.0,515.5404814395785,-129.19829899418158,-4.849267396186022,9.289035481985637e-08,3.0,118.81995436389418,31.887339391933313
489.20000000000005,515.5677717175917,-129.0001696406618,-4.849267387695676,4.186365113309364e-09,3.0,118.81995465262244,31.88734117175958
489.40000000000003,515.5950619942759,-128.8020402869595,-4.849267379536352,-8.106212524108116e-08,3.0,118.81995494135069,31.887342951585843
489.6,515.622352271796,-128.6039109333728,-4.849267388026625,7.64183912979415e-09,3.0,118.81995523007895,31.88734473141211
489.8,515.6496425506023,-128.4057815799619,-4.849267395855034,8.943502918224056e-08,3.0,118.81995551880722,31.887346511238373
490.0,515.6769328275917,-128.20765222630286,-4.849267379867266,-7.760347932522475e-08,3.0,118.81995580753548,31.88734829106464
490.20000000000005,515.7042231050797,-128.00952287271082,-4.849267387695753,4.186547271125011e-09,3.0,118.81995609626372,31.887350070890907
490.40000000000003,515.7315133828197,-127.81139351915351,-4.84926738769571,4.186944034715383e-09,3.0,118.81995638499198,31.88735185071717
490.6,515.7588036606023,-127.61326416560291,-4.849267388026638,7.643984962085408e-09,3.0,118.81995667372024,31.887353630543437
490.8,515.7860939383529,-127.41513481204704,-4.8492673876957175,4.187216564385755e-09,3.0,118.8199569624485,31.887355410369704
491.0,515.8133842160928,-127.21700545848965,-4.849267387695756,4.1847093431588606e-09,3.0,118.81995725117676,31.887357190195967
491.20000000000005,515.8406744938756,-127.018876104939,-4.849267388026574,7.643341636725617e-09,3.0,118.81995753990502,31.887358970022234
491.40000000000003,515.8679647716261,-126.82074675138318,-4.84926738769569,4.189118309557023e-09,3.0,118.81995782863328,31.887360749848497
491.6,515.8952550494088,-126.62261739783258,-4.8492673880267025,7.643990113700249e-09,3.0,118.81995811736154,31.887362529674764
491.8,515.9225453261035,-126.42448804413188,-4.849267379536363,-8.106248603050891e-08,3.0,118.8199584060898,31.88736430950103
492.0,515.9498356046367,-126.22635869068336,-4.849267395854372,8.942727439783386e-08,3.0,118.81995869481806,31.887366089327294
492.20000000000005,515.9771258826818,-126.02822933716891,-4.84926738802663,7.643633843679123e-09,3.0,118.81995898354631,31.88736786915356
492.40000000000003,516.0044161593767,-125.83009998346812,-4.8492673795363626,-8.106406362474619e-08,3.0,118.81995927227456,31.887369648979828
492.6,516.0317064368968,-125.63197062988138,-4.849267388026563,7.64248476248759e-09,3.0,118.81995956100282,31.88737142880609
492.8,516.0589967157031,-125.43384127647052,-4.84926739585505,8.943620192772356e-08,3.0,118.81995984973109,31.887373208632354
493.0,516.0862869926499,-125.23571192280451,-4.849267379536397,-8.106145525257641e-08,3.0,118.81996013845934,31.88737498845862
493.20000000000005,516.1135772701699,-125.0375825692177,-4.84926738802662,7.64402311998452e-09,3.0,118.8199604271876,31.887376768284888
493.40000000000003,516.1408675479632,-124.83945321566864,-4.8492673880266315,7.644062641220303e-09,3.0,118.81996071591585,31.887378548111155
493.6,516.1681578257139,-124.64132386211278,-4.849267387695717,4.187654926828514e-09,3.0,118.81996100464411,31.887380327937418
493.8,516.1954481034538,-124.44319450855541,-4.8492673876957655,4.186537698319452e-09,3.0,118.81996129337237,31.887382107763685
494.0,516.2227383811937,-124.24506515499803,-4.849267387695725,4.185123392741921e-09,3.0,118.81996158210063,31.887383887589948
494.20000000000005,516.2500286579206,-124.04693580130271,-4.849267379867213,-7.76043524437588e-08,3.0,118.81996187082889,31.887385667416215
494.40000000000003,516.2773189365071,-123.84880644786263,-4.8492673961860016,9.28919308868524e-08,3.0,118.81996215955715,31.887387447242478
494.6,516.3046092145202,-123.65067709434291,-4.849267387695738,4.184748340814712e-09,3.0,118.81996244828541,31.887389227068745
494.8,516.3318994912044,-123.4525477406407,-4.849267379536297,-8.106208552448964e-08,3.0,118.81996273701367,31.88739100689501
495.0,516.3591897697376,-123.25441838719217,-4.8492673958543815,8.942864108131743e-08,3.0,118.81996302574193,31.887392786721275
495.20000000000005,516.3864800477398,-123.05628903367094,-4.849267387695775,4.184750194287555e-09,3.0,118.81996331447019,31.887394566547542
495.40000000000003,516.4137703245094,-122.85815967998245,-4.849267380198116,-7.414871474862905e-08,3.0,118.81996360319845,31.88739634637381
495.6,516.4410606020082,-122.66003032639192,-4.849267387695656,4.188667261299607e-09,3.0,118.81996389192669,31.887398126200072
495.8,516.4683508808039,-122.46190097297955,-4.8492673958551755,8.943459865847679e-08,3.0,118.81996418065496,31.88739990602634
496.0,516.4956411577506,-122.26377161931354,-4.849267379536356,-8.106402865947749e-08,3.0,118.81996446938321,31.887401685852602
496.20000000000005,516.522931435228,-122.06564226571996,-4.849267387695633,4.188040679425982e-09,3.0,118.81996475811147,31.88740346567887
496.40000000000003,516.5502217130534,-121.86751291217637,-4.849267388357574,1.1102568509940557e-08,3.0,118.81996504683973,31.887405245505136
496.6,516.5775119908146,-121.66938355862194,-4.849267387695744,4.18808791967197e-09,3.0,118.81996533556799,31.8874070253314
496.8,516.6048022685545,-121.47125420506457,-4.849267387695769,4.185629852448422e-09,3.0,118.81996562429624,31.887408805157666
497.0,516.6320925462944,-121.27312485150718,-4.849267387695684,4.1869972452685026e-09,3.0,118.8199659130245,31.88741058498393
497.20000000000005,516.6593828240344,-121.07499549794974,-4.849267387695727,4.187659062347788e-09,3.0,118.81996620175276,31.887412364810196
497.40000000000003,516.6866731018597,-120.87686614440615,-4.849267388357582,1.1099141577295516e-08,3.0,118.81996649048102,31.88741414463646
497.6,516.713963379621,-120.67873679085172,-4.84926738769567,4.185305686712309e-09,3.0,118.81996677920928,31.887415924462726
497.8,516.7412536563052,-120.48060743714952,-4.84926737953632,-8.106041120301709e-08,3.0,118.81996706793754,31.887417704288993
498.0,516.7685439348384,-120.282478083701,-4.849267395855122,8.943508273695899e-08,3.0,118.8199673566658,31.887419484115256
498.20000000000005,516.7958342128408,-120.08434873017976,-4.849267387695054,4.17776200789345e-09,3.0,118.81996764539406,31.887421263941523
498.40000000000003,516.8231244895677,-119.88621937648438,-4.849267379867897,-7.759724471604833e-08,3.0,118.8199679341223,31.88742304376779
498.6,516.8504147670984,-119.68809002289913,-4.849267388025936,7.636551576818872e-09,3.0,118.81996822285056,31.887424823594053
498.8,516.8777050459046,-119.48996066948826,-4.8492673958551125,8.943241194010831e-08,3.0,118.81996851157884,31.88742660342032
499.0,516.9049953228514,-119.29183131582225,-4.84926737953628,-8.106138101536349e-08,3.0,118.81996880030708,31.887428383246583
499.20000000000005,516.9322856003289,-119.09370196222866,-4.84926738769572,4.187887593588026e-09,3.0,118.81996908903534,31.88743016307285
499.40000000000003,516.9595758781114,-118.89557260867811,-4.849267388026666,7.643758174045883e-09,3.0,118.8199693777636,31.887431942899116
499.6,516.9868661559046,-118.69744325512903,-4.849267388026616,7.644240701149934e-09,3.0,118.81996966649186,31.88743372272538
499.8,517.0141564336552,-118.49931390157315,-4.849267387695742,4.1870175682174796e-09,3.0,118.81996995522012,31.887435502551646
500.0,517.0414467113952,-118.30118454801578,-4.849267387695737,4.185566889224619e-09,3.0,118.81997024394838,31.88743728237791
500.20000000000005,517.0687369891352,-118.10305519445834,-4.8492673876957095,4.184321012653111e-09,3.0,118.81997053267663,31.887439062204177
500.40000000000003,517.0960272669179,-117.90492584090778,-4.849267388026572,7.642884119707615e-09,3.0,118.8199708214049,31.887440842030443
500.6,517.1233175447111,-117.7067964873587,-4.849267388026602,7.644387317734269e-09,3.0,118.81997111013315,31.887442621856707
500.8,517.1506078214061,-117.508667133658,-4.849267379536365,-8.106150928395741e-08,3.0,118.81997139886141,31.887444401682973
501.0,517.1778980999391,-117.31053778020946,-4.849267395855102,8.94334287904565e-08,3.0,118.81997168758967,31.887446181509237
501.20000000000005,517.2051883779843,-117.11240842669501,-4.849267388026593,7.643720826170366e-09,3.0,118.81997197631793,31.887447961335504
501.40000000000003,517.2324786546791,-116.91427907299423,-4.849267379536338,-8.106044894205219e-08,3.0,118.81997226504619,31.88744974116177
501.6,517.2597689321992,-116.7161497194075,-4.849267388026677,7.641690623001056e-09,3.0,118.81997255377443,31.887451520988034
501.8,517.2870592110055,-116.51802036599658,-4.849267395854363,8.94258994156353e-08,3.0,118.81997284250271,31.8874533008143
502.0,517.3143494879522,-116.31989101233052,-4.849267379536285,-8.105910851870858e-08,3.0,118.81997313123095,31.887455080640567
502.20000000000005,517.3416397654723,-116.12176165874371,-4.849267388026698,7.644379081331656e-09,3.0,118.81997341995921,31.88745686046683
502.40000000000003,517.3689300432229,-115.92363230518787,-4.8492673876957415,4.184973681731873e-09,3.0,118.81997370868747,31.887458640293097
502.6,517.3962203210056,-115.72550295163728,-4.84926738802658,7.643685188390202e-09,3.0,118.81997399741573,31.88746042011936
502.8,517.4235105987561,-115.52737359808141,-4.849267387695723,4.186440789914157e-09,3.0,118.81997428614399,31.887462199945627
503.0,517.450800876496,-115.32924424452402,-4.849267387695722,4.1859624161118685e-09,3.0,118.81997457487225,31.887463979771894
503.20000000000005,517.4780911542787,-115.13111489097336,-4.849267388026618,7.642859551790153e-09,3.0,118.8199748636005,31.887465759598157
503.40000000000003,517.5053814320294,-114.93298553741754,-4.849267387695686,4.187366644283335e-09,3.0,118.81997515232877,31.887467539424424
503.6,517.5326717097694,-114.73485618386017,-4.849267387695759,4.186731958841627e-09,3.0,118.81997544105703,31.887469319250688
503.8,517.5599619864961,-114.53672683016491,-4.849267379867248,-7.760388344712264e-08,3.0,118.81997572978528,31.887471099076954
504.0,517.5872522639842,-114.33859747657294,-4.84926738769573,4.1865976426338455e-09,3.0,118.81997601851353,31.88747287890322
504.20000000000005,517.6145425428225,-114.14046812316735,-4.849267396186007,9.289123664468799e-08,3.0,118.8199763072418,31.887474658729484
504.40000000000003,517.6418328197799,-113.94233876950271,-4.849267379536343,-8.10632264578536e-08,3.0,118.81997659597006,31.88747643855575
504.6,517.6691230972574,-113.7442094159092,-4.849267387695683,4.185174027023967e-09,3.0,118.8199768846983,31.887478218382018
504.8,517.6964133760957,-113.54608006250366,-4.849267396185262,9.288629753998028e-08,3.0,118.81997717342658,31.88747999820828
505.0,517.723703653053,-113.3479507088391,-4.849267379537084,-8.105361510058418e-08,3.0,118.81997746215482,31.887481778034548
505.20000000000005,517.7509939305731,-113.14982135525229,-4.8492673880259645,7.634929011272024e-09,3.0,118.81997775088308,31.88748355786081
505.40000000000003,517.7782842083237,-112.95169200169644,-4.84926738769566,4.18752657071817e-09,3.0,118.81997803961134,31.887485337687078
505.6,517.8055744860637,-112.7535626481391,-4.849267387695753,4.1883343790291235e-09,3.0,118.8199783283396,31.88748711751334
505.8,517.8328647638463,-112.5554332945885,-4.849267388026687,7.642083408821357e-09,3.0,118.81997861706786,31.88748889733961
506.0,517.8601550415968,-112.35730394103261,-4.849267387695679,4.184675922280925e-09,3.0,118.81997890579612,31.887490677165875
506.20000000000005,517.8874453193795,-112.15917458748197,-4.849267388026574,7.644308828191825e-09,3.0,118.81997919452438,31.88749245699214
506.40000000000003,517.9147355971301,-111.96104523392614,-4.8492673876957415,4.186427193015996e-09,3.0,118.81997948325264,31.887494236818405
506.6,517.9420258748701,-111.76291588036875,-4.8492673876957335,4.184319318517678e-09,3.0,118.8199797719809,31.88749601664467
506.8,517.9693161515969,-111.56478652667349,-4.8492673798671895,-7.760448261887468e-08,3.0,118.81998006070916,31.887497796470935
507.0,517.996606429085,-111.36665717308153,-4.8492673876957095,4.1877509054378705e-09,3.0,118.8199803494374,31.887499576297202
507.20000000000005,518.0238967079234,-111.16852781967593,-4.849267396186037,9.289184009581229e-08,3.0,118.81998063816567,31.887501356123465
507.40000000000003,518.0511869848807,-110.97039846601129,-4.849267379536351,-8.106266367907624e-08,3.0,118.81998092689393,31.887503135949732
507.6,518.0784772623582,-110.77226911241779,-4.849267387695697,4.186769347224733e-09,3.0,118.81998121562218,31.887504915776
507.8,518.1057675411538,-110.57413975900542,-4.849267395855091,8.943575832809435e-08,3.0,118.81998150435045,31.887506695602262
508.0,518.1330578181432,-110.37601040534636,-4.849267379867298,-7.760556904516909e-08,3.0,118.8199817930787,31.88750847542853
508.20000000000005,518.160348095674,-110.1778810517611,-4.8492673880265995,7.641926846793779e-09,3.0,118.81998208180696,31.887510255254792
508.40000000000003,518.1876383734245,-109.97975169820528,-4.849267387695665,4.187001849697218e-09,3.0,118.81998237053521,31.88751203508106
508.6,518.2149286511645,-109.78162234464791,-4.849267387695045,4.1798257633152065e-09,3.0,118.81998265926347,31.887513814907326
508.8,518.2422189289043,-109.58349299109054,-4.849267387695743,4.185328166571482e-09,3.0,118.81998294799173,31.88751559473359
509.0,518.269509206687,-109.38536363753992,-4.8492673880265915,7.643503297435764e-09,3.0,118.81998323671999,31.887517374559856
509.20000000000005,518.2967994844803,-109.18723428399078,-4.849267388026625,7.643427408299952e-09,3.0,118.81998352544825,31.88751915438612
509.40000000000003,518.3240897622309,-108.98910493043493,-4.849267387695727,4.18450258145776e-09,3.0,118.81998381417651,31.887520934212386
509.6,518.3513800399709,-108.7909755768776,-4.849267387695676,4.186351111358934e-09,3.0,118.81998410290477,31.88752271403865
509.8,518.3786703166551,-108.59284622317526,-4.849267379536336,-8.106061551781042e-08,3.0,118.81998439163301,31.887524493864916
510.0,518.4059605941751,-108.3947168695886,-4.849267388026653,7.643860621280832e-09,3.0,118.81998468036127,31.887526273691183
510.20000000000005,518.4332508730241,-108.19658751618448,-4.849267396185997,9.289215058148442e-08,3.0,118.81998496908955,31.887528053517446
510.40000000000003,518.4605411499815,-107.9984581625198,-4.84926737953635,-8.106097446937793e-08,3.0,118.8199852578178,31.887529833343713
510.6,518.487831427459,-107.80032880892661,-4.849267387695726,4.187494958057015e-09,3.0,118.81998554654605,31.88753161316998
510.8,518.5151217051988,-107.60219945536933,-4.8492673876957575,4.185336548382723e-09,3.0,118.81998583527431,31.887533392996243
511.0,518.5424119829815,-107.40407010181883,-4.849267388026599,7.642514103473464e-09,3.0,118.81998612400257,31.88753517282251
511.20000000000005,518.5697022607748,-107.20594074826988,-4.849267388026577,7.645626377254687e-09,3.0,118.81998641273083,31.887536952648773
511.40000000000003,518.5969925385255,-107.00781139471398,-4.84926738769577,4.187534217657268e-09,3.0,118.81998670145909,31.88753873247504
511.6,518.6242828162653,-106.80968204115662,-4.849267387695763,4.185726722195623e-09,3.0,118.81998699018735,31.887540512301307
511.8,518.6515730940052,-106.61155268759921,-4.849267387695001,4.179058786694417e-09,3.0,118.8199872789156,31.88754229212757
512.0,518.6788633717878,-106.41342333404863,-4.8492673880266235,7.643753413831326e-09,3.0,118.81998756764386,31.887544071953837
512.2,518.7061536495811,-106.21529398049944,-4.849267388026644,7.641750273827e-09,3.0,118.81998785637212,31.8875458517801
512.4,518.7334439273317,-106.01716462694343,-4.849267387695676,4.184618214502322e-09,3.0,118.81998814510038,31.887547631606367
512.6,518.7607342050717,-105.81903527338551,-4.849267387695665,4.187168054227763e-09,3.0,118.81998843382864,31.88754941143263
512.8000000000001,518.788024481756,-105.62090591968283,-4.849267379536366,-8.10610612776243e-08,3.0,118.81998872255689,31.887551191258897
513.0,518.8153147592761,-105.42277656609606,-4.849267388026635,7.643994547673137e-09,3.0,118.81998901128514,31.887552971085164
513.2,518.8426050381253,-105.22464721269195,-4.849267396186001,9.2892407923845e-08,3.0,118.81998930001342,31.887554750911427
513.4,518.8698953150825,-105.02651785902714,-4.849267379536363,-8.10616959045588e-08,3.0,118.81998958874168,31.887556530737694
513.6,518.89718559256,-104.82838850543318,-4.84926738769573,4.186006930510412e-09,3.0,118.81998987746992,31.88755831056396
513.8000000000001,518.9244758703001,-104.63025915187532,-4.849267387695709,4.185685901267772e-09,3.0,118.81999016619818,31.887560090390224
514.0,518.9517661480827,-104.43212979832462,-4.849267388026602,7.64391806863868e-09,3.0,118.81999045492644,31.88756187021649
514.2,518.979056425876,-104.23400044477543,-4.8492673880266315,7.643968154818805e-09,3.0,118.8199907436547,31.887563650042758
514.4,519.0063467036266,-104.03587109121942,-4.84926738769573,4.1858611839602704e-09,3.0,118.81999103238296,31.88756542986902
514.6,519.0336369813666,-103.83774173766149,-4.849267387695702,4.186143333718563e-09,3.0,118.81999132111122,31.887567209695288
514.8000000000001,519.0609272591066,-103.63961238410364,-4.849267387695714,4.186149555676813e-09,3.0,118.81999160983948,31.88756898952155
515.0,519.0882175368893,-103.44148303055293,-4.849267388025942,7.634698685479473e-09,3.0,118.81999189856774,31.887570769347818
515.2,519.1155078146825,-103.24335367700374,-4.849267388026588,7.64197217036519e-09,3.0,118.819992187296,31.88757254917408
515.4,519.142798092433,-103.04522432344773,-4.84926738769566,4.187924816620063e-09,3.0,118.81999247602425,31.887574329000348
515.6,519.1700883701732,-102.84709496988982,-4.84926738769577,4.187642693644448e-09,3.0,118.81999276475251,31.887576108826615
515.8000000000001,519.1973786479131,-102.64896561633198,-4.849267387695752,4.185484284977259e-09,3.0,118.81999305348077,31.887577888652878
516.0,519.22466892464,-102.45083626263632,-4.849267379867211,-7.760345188887009e-08,3.0,118.81999334220903,31.887579668479145
516.2,519.2519592031839,-102.25270690918936,-4.849267395855115,8.943533629817173e-08,3.0,118.81999363093729,31.887581448305408
516.4,519.2792494801732,-102.05457755553006,-4.8492673798672765,-7.760482110478633e-08,3.0,118.81999391966555,31.887583228131675
516.6,519.3065397576613,-101.85644820193771,-4.8492673876957095,4.18542744075349e-09,3.0,118.8199942083938,31.88758500795794
516.8000000000001,519.3338300354014,-101.65831884837985,-4.849267387695688,4.186638145383102e-09,3.0,118.81999449712205,31.88758678778421
517.0,519.3611203131841,-101.46018949482915,-4.849267388026621,7.645267012805187e-09,3.0,118.81999478585031,31.88758856761047
517.2,519.3884105909348,-101.26206014127297,-4.849267387695769,4.185838420535638e-09,3.0,118.81999507457857,31.88759034743674
517.4,519.4157008687173,-101.06393078772221,-4.849267388026609,7.642770626609071e-09,3.0,118.81999536330683,31.887592127263
517.6,519.4429911475237,-100.86580143431142,-4.849267395855059,8.943541150153988e-08,3.0,118.8199956520351,31.887593907089265
517.8000000000001,519.470281424513,-100.66767208065203,-4.849267379867297,-7.76046190001967e-08,3.0,118.81999594076336,31.88759568691553
518.0,519.4975717020012,-100.46954272705987,-4.849267387695719,4.1844901887826835e-09,3.0,118.81999622949161,31.8875974667418
518.2,519.5248619797412,-100.27141337350196,-4.849267387695666,4.186016026906076e-09,3.0,118.81999651821987,31.887599246568065
518.4,519.5521522575239,-100.07328401995122,-4.849267388025924,7.637027007731766e-09,3.0,118.81999680694813,31.88760102639433
518.6,519.5794425352743,-99.87515466639502,-4.849267387695747,4.185122168108056e-09,3.0,118.81999709567638,31.887602806220595
518.8000000000001,519.6067328130144,-99.67702531283717,-4.8492673876956776,4.1863607665627435e-09,3.0,118.81999738440464,31.88760458604686
519.0,519.6340230907971,-99.47889595928646,-4.84926738802661,7.645685968595604e-09,3.0,118.8199976731329,31.887606365873125
519.2,519.6613133685478,-99.28076660573026,-4.84926738769577,4.187190612001289e-09,3.0,118.81999796186116,31.88760814569939
519.4,519.6886036463303,-99.08263725217954,-4.849267388026638,7.643983963026862e-09,3.0,118.81999825058942,31.887609925525656
519.6,519.7158939240811,-98.88450789862335,-4.8492673876957175,4.1872074254606636e-09,3.0,118.81999853931768,31.887611705351922
519.8000000000001,519.7431842007652,-98.68637854492066,-4.8492673795363785,-8.106158758010813e-08,3.0,118.81999882804593,31.88761348517819
520.0,519.7704744793411,-98.48824919147897,-4.849267396186009,9.288998287966528e-08,3.0,118.8199991167742,31.887615265004452
520.2,519.7977647562985,-98.29011983781399,-4.849267379536307,-8.106325457020987e-08,3.0,118.81999940550244,31.88761704483072
520.4,519.825055033776,-98.0919904842202,-4.849267387695675,4.1865269965680015e-09,3.0,118.8199996942307,31.887618824656982
520.6,519.8523453115588,-97.8938611306693,-4.84926738802663,7.644065693674222e-09,3.0,118.81999998295896,31.88762060448325
520.8000000000001,519.8796355893093,-97.69573177711317,-4.849267387695735,4.1856303123911795e-09,3.0,118.82000027168722,31.887622384309513
521.0,519.9069258670919,-97.49760242356245,-4.849267388026604,7.643269264479075e-09,3.0,118.82000056041548,31.88762416413578
521.2,519.9342161448427,-97.29947307000626,-4.8492673876957,4.187403061390364e-09,3.0,118.82000084914374,31.887625943962046
521.4,519.9615064225826,-97.10134371644853,-4.849267387695754,4.18580497230257e-09,3.0,118.820001137872,31.88762772378831
521.6,519.9887967003652,-96.9032143628976,-4.84926738802593,7.634465694164226e-09,3.0,118.82000142660026,31.887629503614576
521.8000000000001,520.0160869781158,-96.70508500934149,-4.849267387695664,4.187542148026586e-09,3.0,118.82000171532852,31.88763128344084
522.0,520.0433772558986,-96.50695565579078,-4.849267388026646,7.6454594236247e-09,3.0,118.82000200405678,31.887633063267106
522.2,520.0706675336492,-96.30882630223458,-4.849267387695763,4.1867395296910205e-09,3.0,118.82000229278503,31.887634843093373
522.4,520.097957811389,-96.11069694867685,-4.849267387695715,4.187183122125794e-09,3.0,118.8200025815133,31.887636622919636
522.6,520.1252480891718,-95.91256759512594,-4.849267388026643,7.644092673348901e-09,3.0,118.82000287024155,31.887638402745903
522.8000000000001,520.1525383658667,-95.71443824142497,-4.849267379536357,-8.10620512027257e-08,3.0,118.8200031589698,31.88764018257217
523.0,520.1798286444425,-95.51630888798329,-4.849267396185992,9.289095125824538e-08,3.0,118.82000344769807,31.887641962398433
523.2,520.2071189213999,-95.31817953431829,-4.849267379536322,-8.106151957943112e-08,3.0,118.82000373642632,31.8876437422247
523.4,520.2344091988774,-95.12005018072452,-4.849267387695718,4.186969103114676e-09,3.0,118.82000402515457,31.887645522050963
523.6,520.2616994766602,-94.9219208271736,-4.849267388026645,7.643102910172676e-09,3.0,118.82000431388283,31.88764730187723
523.8000000000001,520.2889897544106,-94.72379147361748,-4.849267387695715,4.18609788225167e-09,3.0,118.82000460261109,31.887649081703497
524.0,520.3162800321934,-94.52566212006677,-4.849267388026615,7.643550131286936e-09,3.0,118.82000489133935,31.88765086152976
524.2,520.343570309944,-94.32753276651057,-4.849267387695727,4.185100012417901e-09,3.0,118.82000518006761,31.887652641356027
524.4,520.370860587684,-94.12940341295283,-4.849267387695694,4.184656348355077e-09,3.0,118.82000546879587,31.88765442118229
524.6,520.398150865424,-93.93127405939491,-4.849267387695663,4.1872035567890874e-09,3.0,118.82000575752413,31.887656201008557
524.8000000000001,520.4254411432067,-93.73314470584407,-4.849267388026637,7.645580341974633e-09,3.0,118.82000604625239,31.88765798083482
525.0,520.452731421,-93.53501535229508,-4.849267388025991,7.636000259182865e-09,3.0,118.82000633498065,31.887659760661087
525.2,520.4800216987504,-93.3368859987389,-4.8492673876956935,4.186799538774545e-09,3.0,118.8200066237089,31.887661540487354
525.4,520.5073119764904,-93.13875664518116,-4.849267387695718,4.187883604898966e-09,3.0,118.82000691243717,31.887663320313617
525.6,520.5346022542733,-92.94062729163024,-4.849267388026679,7.642309398704745e-09,3.0,118.82000720116542,31.887665100139884
525.8000000000001,520.5618925310107,-92.7424979379362,-4.849267379867236,-7.760647998572225e-08,3.0,118.82000748989368,31.88766687996615
526.0,520.5891828095545,-92.54436858448932,-4.849267395855031,8.943450992680941e-08,3.0,118.82000777862194,31.887668659792414
526.2,520.6164730875571,-92.34623923096768,-4.84926738769572,4.187155205746273e-09,3.0,118.8200080673502,31.887670439618677
526.4,520.6437633642413,-92.1481098772651,-4.849267379536372,-8.10624999787668e-08,3.0,118.82000835607845,31.887672219444944
526.6,520.6710536417614,-91.94998052367815,-4.8492673880266,7.643112331537178e-09,3.0,118.8200086448067,31.88767399927121
526.8000000000001,520.6983439195548,-91.75185117012903,-4.84926738802661,7.643782100397727e-09,3.0,118.82000893353496,31.887675779097478
527.0,520.7256341973053,-91.55372181657303,-4.849267387695727,4.185839106455848e-09,3.0,118.82000922226322,31.88767755892374
527.2,520.7529244750453,-91.3555924630151,-4.849267387695708,4.185493762613479e-09,3.0,118.82000951099148,31.887679338750008
527.4,520.7802147527854,-91.15746310945735,-4.849267387695695,4.1861409228254034e-09,3.0,118.82000979971974,31.88768111857627
527.6,520.8075050305681,-90.95933375590646,-4.849267388026607,7.645174260415903e-09,3.0,118.820010088448,31.887682898402538
527.8000000000001,520.8347953083614,-90.76120440235735,-4.8492673880266794,7.643996624508994e-09,3.0,118.82001037717626,31.887684678228805
528.0,520.8620855861119,-90.56307504880135,-4.849267387695732,4.184838078821699e-09,3.0,118.82001066590452,31.887686458055068
528.2,520.8893758638519,-90.36494569524343,-4.849267387694975,4.179819022641582e-09,3.0,118.82001095463278,31.887688237881335
528.4,520.9166661415918,-90.1668163416857,-4.849267387695739,4.186741038344901e-09,3.0,118.82001124336104,31.887690017707598
528.6,520.9439564193746,-89.96868698813478,-4.849267388026642,7.642457624137873e-09,3.0,118.8200115320893,31.887691797533865
528.8000000000001,520.9712466960694,-89.77055763443381,-4.8492673795362995,-8.10608869936468e-08,3.0,118.82001182081756,31.88769357736013
529.0,520.9985369746453,-89.57242828099213,-4.849267396186018,9.289250653542699e-08,3.0,118.82001210954581,31.887695357186395
529.2,521.0258272526584,-89.37429892747197,-4.849267387695749,4.18520374890355e-09,3.0,118.82001239827407,31.887697137012662
529.4,521.0531175293427,-89.17616957376939,-4.849267379536315,-8.106266516311329e-08,3.0,118.82001268700232,31.88769891683893
529.6,521.0804078068629,-88.97804022018245,-4.84926738802658,7.645786040067364e-09,3.0,118.82001297573058,31.887700696665192
529.8000000000001,521.1076980846135,-88.77991086662632,-4.849267387695794,4.186733537476732e-09,3.0,118.82001326445884,31.88770247649146
530.0,521.1349883623961,-88.58178151307563,-4.84926738802664,7.641630030902304e-09,3.0,118.8200135531871,31.887704256317722
530.2,521.1622786401467,-88.38365215951943,-4.849267387695662,4.185953211481453e-09,3.0,118.82001384191535,31.88770603614399
530.4,521.1895689178867,-88.1855228059617,-4.849267387695701,4.187688528598778e-09,3.0,118.82001413064361,31.887707815970256
530.6,521.2168591956695,-87.98739345241077,-4.849267388026661,7.643957978053282e-09,3.0,118.82001441937187,31.88770959579652
530.8000000000001,521.2441494734201,-87.78926409885463,-4.849267387695738,4.184526973234135e-09,3.0,118.82001470810013,31.887711375622786
531.0,521.2714397512027,-87.59113474530393,-4.849267388026564,7.644109525762048e-09,3.0,118.82001499682839,31.88771315544905
531.2,521.2987300289534,-87.39300539174774,-4.849267387695717,4.188738724270781e-09,3.0,118.82001528555665,31.887714935275316
531.4,521.3260203066933,-87.19487603819,-4.8492673876950985,4.178688881868599e-09,3.0,118.82001557428491,31.88771671510158
531.6,521.3533105844332,-86.99674668463209,-4.849267387695715,4.185614192079231e-09,3.0,118.82001586301317,31.887718494927846
531.8000000000001,521.3806008611602,-86.7986173309363,-4.8492673798672215,-7.760388154778927e-08,3.0,118.82001615174141,31.887720274754113
532.0,521.4078911397467,-86.60048797749621,-4.8492673961860255,9.289065448801084e-08,3.0,118.82001644046969,31.887722054580376
532.2,521.4351814177598,-86.40235862397607,-4.849267387695706,4.18386530366976e-09,3.0,118.82001672919795,31.887723834406643
532.4,521.4624716944442,-86.20422927027349,-4.8492673795362755,-8.106199238129484e-08,3.0,118.82001701792619,31.88772561423291
532.6,521.4897619719217,-86.00609991667955,-4.849267387695706,4.187554167785593e-09,3.0,118.82001730665445,31.887727394059173
532.8000000000001,521.5170522497042,-85.80797056312868,-4.849267388026659,7.643665716923114e-09,3.0,118.82001759538271,31.88772917388544
533.0,521.5443425274549,-85.60984120957269,-4.849267387695706,4.187218536580389e-09,3.0,118.82001788411097,31.887730953711703
533.2,521.5716328052376,-85.41171185602178,-4.849267388026643,7.644365354208834e-09,3.0,118.82001817283923,31.88773273353797
533.4,521.5989230829881,-85.21358250246577,-4.84926738769574,4.185901755706451e-09,3.0,118.82001846156749,31.887734513364236
533.6,521.6262133607709,-85.01545314891486,-4.849267388026613,7.642975233713344e-09,3.0,118.82001875029574,31.8877362931905
533.8000000000001,521.6535036385214,-84.81732379535873,-4.849267387695714,4.186190401972699e-09,3.0,118.820019039024,31.887738073016767
534.0,521.6807939162615,-84.61919444180103,-4.849267387695704,4.187103911137477e-09,3.0,118.82001932775226,31.88773985284303
534.2,521.7080841940442,-84.4210650882501,-4.84926738802665,7.643238304337931e-09,3.0,118.82001961648052,31.887741632669297
534.4,521.7353744717948,-84.22293573469409,-4.849267387695708,4.1857338535329874e-09,3.0,118.82001990520878,31.88774341249556
534.6,521.7626647495774,-84.02480638114318,-4.849267388026605,7.643863528179719e-09,3.0,118.82002019393704,31.887745192321827
534.8000000000001,521.7899550262723,-83.82667702744223,-4.849267379536361,-8.106269692642378e-08,3.0,118.8200204826653,31.887746972148094
535.0,521.8172453048054,-83.62854767399374,-4.849267395854391,8.942469610208115e-08,3.0,118.82002077139356,31.887748751974357
535.2,521.8445355828505,-83.43041832047909,-4.849267388026553,7.643591192565161e-09,3.0,118.82002106012182,31.887750531800624
535.4,521.8718258595455,-83.23228896677826,-4.849267379536327,-8.105909640895012e-08,3.0,118.82002134885006,31.88775231162689
535.6,521.8991161370657,-83.03415961319129,-4.849267388026704,7.643042549055461e-09,3.0,118.82002163757832,31.887754091453154
535.8000000000001,521.9264064148161,-82.83603025963518,-4.849267387695705,4.186151204840883e-09,3.0,118.82002192630658,31.88775587127942
536.0,521.9536966925562,-82.63790090607746,-4.84926738769569,4.1886132342609204e-09,3.0,118.82002221503484,31.887757651105687
536.2,521.9809869703389,-82.43977155252655,-4.849267388026694,7.643383903514276e-09,3.0,118.8200225037631,31.88775943093195
536.4,522.0082772480895,-82.24164219897052,-4.849267387695708,4.1856179609155035e-09,3.0,118.82002279249136,31.887761210758217
536.6,522.0355675258721,-82.04351284541963,-4.849267388026605,7.64342446702443e-09,3.0,118.82002308121962,31.88776299058448
536.8000000000001,522.0628578036228,-81.8453834918635,-4.849267387695699,4.188007909294172e-09,3.0,118.82002336994788,31.887764770410747
537.0,522.0901480813628,-81.64725413830578,-4.849267387695756,4.187528419751862e-09,3.0,118.82002365867613,31.88776655023701
537.2,522.1174383580471,-81.44912478460303,-4.849267379536377,-8.106228063708283e-08,3.0,118.82002394740438,31.887768330063277
537.4,522.1447286366229,-81.2509954311613,-4.849267396185972,9.289207836953988e-08,3.0,118.82002423613265,31.887770109889544
537.6,522.1720189146787,-81.05286607764816,-4.849267388026646,7.642799633580305e-09,3.0,118.82002452486091,31.887771889715808
537.8000000000001,522.1993091913736,-80.8547367239472,-4.849267379536348,-8.106392597631931e-08,3.0,118.82002481358917,31.887773669542074
538.0,522.2265994699067,-80.65660737049873,-4.8492673958543415,8.942626980588096e-08,3.0,118.82002510231743,31.887775449368338
538.2,522.2538897479092,-80.45847801697708,-4.849267387695688,4.187518663611074e-09,3.0,118.82002539104569,31.887777229194604
538.4,522.2811800246361,-80.26034866328139,-4.849267379867288,-7.760467579454389e-08,3.0,118.82002567977393,31.88777900902087
538.6,522.3084703021668,-80.06221930969606,-4.8492673880266155,7.643132073885768e-09,3.0,118.8200259685022,31.887780788847135
538.8000000000001,522.3357605799175,-79.86408995613995,-4.849267387695683,4.188717109894523e-09,3.0,118.82002625723045,31.8877825686734
539.0,522.3630508576576,-79.66596060258222,-4.849267387695793,4.185908742746107e-09,3.0,118.82002654595871,31.887784348499668
539.2,522.3903411353975,-79.46783124902429,-4.849267387695714,4.1841721821142615e-09,3.0,118.82002683468697,31.88778612832593
539.4,522.4176314131802,-79.26970189547356,-4.849267388026554,7.644394039905367e-09,3.0,118.82002712341523,31.887787908152198
539.6,522.4449216909736,-79.07157254192438,-4.849267388026643,7.644900910665683e-09,3.0,118.82002741214349,31.88778968797846
539.8000000000001,522.4722119687241,-78.87344318836826,-4.849267387695771,4.185572903654048e-09,3.0,118.82002770087175,31.88779146780473
540.0,522.4995022464641,-78.67531383481054,-4.849267387695706,4.184073409379492e-09,3.0,118.8200279896,31.887793247630995
540.2,522.5267925231484,-78.47718448110778,-4.849267379536271,-8.106082222565105e-08,3.0,118.82002827832825,31.88779502745726
540.4,522.5540828017242,-78.27905512766607,-4.849267396186024,9.28925287215694e-08,3.0,118.82002856705653,31.887796807283525
540.6,522.5813730797801,-78.08092577415293,-4.849267388026666,7.641255878836064e-09,3.0,118.82002885578478,31.88779858710979
540.8000000000001,522.608663356475,-77.88279642045197,-4.849267379536281,-8.106302807002945e-08,3.0,118.82002914451304,31.887800366936055
541.0,522.6359536350081,-77.68466706700349,-4.8492673958550485,8.94357426965493e-08,3.0,118.8200294332413,31.88780214676232
541.2,522.6632439130107,-77.48653771348182,-4.8492673876957495,4.187595764711945e-09,3.0,118.82002972196956,31.887803926588585
541.4,522.6905341897375,-77.28840835978615,-4.849267379867303,-7.760697830089453e-08,3.0,118.8200300106978,31.887805706414852
541.6,522.7178244672683,-77.09027900620082,-4.849267388026535,7.644583327346877e-09,3.0,118.82003029942607,31.88780748624112
541.8000000000001,522.7451147450188,-76.8921496526447,-4.849267387695048,4.182478418097804e-09,3.0,118.82003058815432,31.887809266067382
542.0,522.7724050227589,-76.69402029908699,-4.849267387695824,4.184447414132126e-09,3.0,118.82003087688258,31.88781104589365
542.2,522.7996953004989,-76.49589094552906,-4.849267387695643,4.186990778802713e-09,3.0,118.82003116561084,31.887812825719912
542.4,522.8269855782816,-76.29776159197833,-4.84926738802664,7.644764746985187e-09,3.0,118.8200314543391,31.88781460554618
542.6,522.8542758560749,-76.09963223842915,-4.849267388026657,7.64330993027615e-09,3.0,118.82003174306736,31.887816385372442
542.8000000000001,522.8815661338255,-75.90150288487301,-4.84926738769571,4.185586979921474e-09,3.0,118.82003203179562,31.88781816519871
543.0,522.9088564115655,-75.7033735313153,-4.849267387695701,4.185755864975816e-09,3.0,118.82003232052388,31.887819945024976
543.2,522.9361466882498,-75.50524417761254,-4.849267379536317,-8.106057889055165e-08,3.0,118.82003260925212,31.887821724851243
543.4,522.9634369668255,-75.30711482417082,-4.849267396186036,9.289123719941864e-08,3.0,118.8200328979804,31.887823504677506
543.6,522.9907272448814,-75.10898547065769,-4.849267388026615,7.642686678048225e-09,3.0,118.82003318670866,31.88782528450377
543.8000000000001,523.0180175215763,-74.91085611695672,-4.849267379536324,-8.106105618918949e-08,3.0,118.82003347543692,31.887827064330036
544.0,523.0453078001094,-74.71272676350827,-4.849267395855114,8.943381851987054e-08,3.0,118.82003376416517,31.887828844156303
544.2,523.0725980781119,-74.5145974099866,-4.849267387695719,4.183869234807925e-09,3.0,118.82003405289343,31.887830623982566
544.4,523.0998883548389,-74.31646805629092,-4.849267379867184,-7.760517669279644e-08,3.0,118.82003434162169,31.887832403808833
544.6,523.1271786323698,-74.11833870270559,-4.849267388026581,7.64693504562243e-09,3.0,118.82003463034994,31.8878341836351
544.8000000000001,523.154468911176,-73.92020934929475,-4.8492673958545005,8.942713573394896e-08,3.0,118.82003491907821,31.887835963461363
545.0,523.1817591881227,-73.72207999562845,-4.849267379536337,-8.106263928458203e-08,3.0,118.82003520780646,31.88783774328763
545.2,523.2090494656002,-73.52395064203449,-4.849267387695664,4.1892995730663275e-09,3.0,118.82003549653471,31.887839523113893
545.4,523.2363397433828,-73.32582128848375,-4.849267388026716,7.643407494659577e-09,3.0,118.82003578526297,31.88784130294016
545.6,523.2636300211334,-73.12769193492758,-4.849267387695738,4.183403058918104e-09,3.0,118.82003607399123,31.887843082766427
545.8000000000001,523.2909202989161,-72.92956258137673,-4.849267388026542,7.642741557796219e-09,3.0,118.82003636271949,31.88784486259269
546.0,523.3182105766667,-72.73143322782074,-4.849267387695688,4.187888005812626e-09,3.0,118.82003665144775,31.887846642418957
546.2,523.345500853351,-72.53330387411799,-4.849267379536396,-8.1062426434235e-08,3.0,118.820036940176,31.887848422245224
546.4,523.3727911319268,-72.33517452067628,-4.84926739618598,9.28905110596308e-08,3.0,118.82003722890427,31.887850202071487
546.6,523.40008140994,-72.13704516715612,-4.84926738769568,4.18702285857431e-09,3.0,118.82003751763253,31.88785198189775
546.8000000000001,523.4273716866669,-71.93891581346033,-4.8492673798672765,-7.760485308150557e-08,3.0,118.82003780636079,31.887853761724017
547.0,523.454661964155,-71.74078645986818,-4.849267387695708,4.185585813736214e-09,3.0,118.82003809508903,31.887855541550284
547.2,523.4819522429507,-71.54265710645565,-4.84926739585508,8.943329190137484e-08,3.0,118.8200383838173,31.887857321376547
547.4,523.5092425199401,-71.34452775279635,-4.8492673798672055,-7.760295896382467e-08,3.0,118.82003867254556,31.887859101202814
547.6,523.5365327974283,-71.14639839920402,-4.84926738769576,4.188231152871484e-09,3.0,118.82003896127381,31.88786088102908
547.8000000000001,523.5638230762667,-70.94826904579823,-4.849267396185361,9.288360333032308e-08,3.0,118.82003925000208,31.887862660855344
548.0,523.591113353224,-70.75013969213346,-4.849267379536976,-8.105150424801868e-08,3.0,118.82003953873034,31.88786444068161
548.2,523.6184036307013,-70.55201033853947,-4.849267387695118,4.17918284894942e-09,3.0,118.82003982745859,31.887866220507878
548.4,523.6456939084841,-70.35388098498875,-4.849267388026637,7.640942662821537e-09,3.0,118.82004011618685,31.88786800033414
548.6,523.6729841862347,-70.15575163143257,-4.8492673876956305,4.187260642686771e-09,3.0,118.8200404049151,31.887869780160408
548.8000000000001,523.7002744640174,-69.95762227788171,-4.849267388026645,7.645381234984402e-09,3.0,118.82004069364336,31.88787155998667
549.0,523.727564741768,-69.75949292432573,-4.84926738769577,4.185748171168881e-09,3.0,118.82004098237162,31.887873339812938
549.2,523.7548550184949,-69.56136357062985,-4.849267379867236,-7.760559765310661e-08,3.0,118.82004127109988,31.887875119639205
549.4,523.7821452970387,-69.36323421718298,-4.84926739585505,8.943536370983303e-08,3.0,118.82004155982814,31.887876899465468
549.6,523.8094355750413,-69.16510486366133,-4.849267387695767,4.185819852571601e-09,3.0,118.8200418485564,31.887878679291735
549.8000000000001,523.8367258517255,-68.96697550995864,-4.849267379536343,-8.106444396665033e-08,3.0,118.82004213728464,31.887880459117998
550.0,523.8640161292457,-68.7688461563719,-4.849267388026552,7.642641839799048e-09,3.0,118.8200424260129,31.887882238944265
550.2,523.8913064080946,-68.57071680296778,-4.849267396185966,9.289304944629515e-08,3.0,118.82004271474118,31.887884018770528
550.4,523.9185966850521,-68.37258744930297,-4.849267379536371,-8.106006245737717e-08,3.0,118.82004300346944,31.887885798596795
550.6,523.9458869625295,-68.174458095709,-4.84926738769578,4.184046465537482e-09,3.0,118.82004329219768,31.88788757842306
550.8000000000001,523.9731772413253,-67.97632874229643,-4.849267395855012,8.94349664915432e-08,3.0,118.82004358092595,31.887889358249325
551.0,524.0004675183147,-67.77819938863703,-4.849267379867243,-7.760073977247392e-08,3.0,118.8200438696542,31.88789113807559
551.2,524.0277577958454,-67.5800700350517,-4.849267388026745,7.641820147777845e-09,3.0,118.82004415838246,31.88789291790186
551.4,524.055048073596,-67.38194068149568,-4.849267387695666,4.184554502559972e-09,3.0,118.82004444711072,31.88789469772812
551.6,524.082338351336,-67.18381132793778,-4.849267387694982,4.180500596824252e-09,3.0,118.82004473583898,31.88789647755439
551.8000000000001,524.1096286290759,-66.98568197437993,-4.84926738769576,4.186252421090974e-09,3.0,118.82004502456724,31.88789825738065
552.0,524.1369189068587,-66.78755262082922,-4.849267388026641,7.640595427065238e-09,3.0,118.8200453132955,31.88790003720692
552.2,524.1642091835962,-66.58942326713507,-4.849267379867172,-7.760568516449047e-08,3.0,118.82004560202375,31.887901817033185
552.4,524.19149946214,-66.39129391368819,-4.8492673958550725,8.943343081748573e-08,3.0,118.82004589075201,31.88790359685945
552.6,524.2187897401425,-66.19316456016654,-4.849267387695698,4.185586337100584e-09,3.0,118.82004617948027,31.887905376685715
552.8000000000001,524.2460800178825,-65.99503520660869,-4.849267387695687,4.187443874471273e-09,3.0,118.82004646820853,31.88790715651198
553.0,524.2733702956652,-65.79690585305798,-4.849267388026648,7.644684553269878e-09,3.0,118.82004675693679,31.887908936338246
553.2,524.3006605734586,-65.59877649950879,-4.849267388026654,7.64327579046507e-09,3.0,118.82004704566505,31.88791071616451
553.4,524.327950851209,-65.40064714595279,-4.849267387695695,4.187276281243947e-09,3.0,118.82004733439331,31.887912495990776
553.6,524.3552411278935,-65.20251779225003,-4.849267379536386,-8.106185139812959e-08,3.0,118.82004762312157,31.887914275817042
553.8000000000001,524.3825314053709,-65.00438843865614,-4.849267387695712,4.185448540304422e-09,3.0,118.82004791184981,31.88791605564331
554.0,524.4098216841666,-64.8062590852437,-4.849267395855072,8.943371804765306e-08,3.0,118.82004820057809,31.887917835469572
554.2,524.4371119611986,-64.60812973159078,-4.849267380198145,-7.414785525894595e-08,3.0,118.82004848930634,31.88791961529584
554.4,524.4644022386974,-64.410000378,-4.849267387695675,4.188987915592321e-09,3.0,118.82004877803459,31.887921395122103
554.6,524.491692517493,-64.21187102458747,-4.849267395854479,8.942742969844533e-08,3.0,118.82004906676286,31.887923174948366
554.8000000000001,524.5189827944398,-64.01374167092116,-4.84926737953635,-8.106287711461882e-08,3.0,118.82004935549111,31.887924954774633
555.0,524.5462730719172,-63.81561231732741,-4.849267387695695,4.18552705928408e-09,3.0,118.82004964421937,31.8879267346009
555.2,524.5735633497,-63.6174829637765,-4.849267388026595,7.644377669356975e-09,3.0,118.82004993294763,31.887928514427166
555.4,524.6008536274932,-63.419353610227496,-4.849267388026654,7.643084604172104e-09,3.0,118.82005022167588,31.88793029425343
555.6,524.6281439052439,-63.2212242566713,-4.849267387695703,4.185673387283052e-09,3.0,118.82005051040414,31.887932074079696
555.8000000000001,524.6554341829839,-63.023094903113446,-4.849267387695704,4.185729083086955e-09,3.0,118.8200507991324,31.88793385390596
556.0,524.6827244607239,-62.82496554955573,-4.849267387695713,4.185696583064877e-09,3.0,118.82005108786066,31.887935633732226
556.2,524.7100147385066,-62.626836196004824,-4.849267388026582,7.646141659733412e-09,3.0,118.82005137658892,31.88793741355849
556.4,524.7373050162998,-62.42870684245582,-4.849267388026696,7.64408128779732e-09,3.0,118.82005166531718,31.887939193384756
556.6,524.7645952929947,-62.23057748875479,-4.849267379536354,-8.106254579052962e-08,3.0,118.82005195404544,31.887940973211023
556.8000000000001,524.7918855704721,-62.0324481351609,-4.849267387695683,4.187214552071204e-09,3.0,118.82005224277368,31.88794275303729
557.0,524.8191758493106,-61.83431878175525,-4.849267396186033,9.289165918723166e-08,3.0,118.82005253150196,31.887944532863553
557.2,524.8464661263106,-61.636189428097154,-4.849267379867252,-7.760532868178844e-08,3.0,118.82005282023022,31.88794631268982
557.4,524.8737564037988,-61.438060074504996,-4.849267387695697,4.185602715761538e-09,3.0,118.82005310895846,31.887948092516083
557.6,524.9010466825945,-61.23993072109246,-4.849267395855065,8.943517388037858e-08,3.0,118.82005339768673,31.88794987234235
557.8000000000001,524.9283369595412,-61.04180136742615,-4.849267379536371,-8.106212211050404e-08,3.0,118.82005368641498,31.887951652168613
558.0,524.9556272370613,-60.84367201383941,-4.849267388026622,7.642692031576088e-09,3.0,118.82005397514324,31.88795343199488
558.2,524.9829175148119,-60.64554266028321,-4.849267387695005,4.178393144381819e-09,3.0,118.8200542638715,31.887955211821147
558.4,525.0102077925945,-60.44741330673248,-4.84926738802661,7.642983460432905e-09,3.0,118.82005455259976,31.88795699164741
558.6,525.0374980703451,-60.24928395317629,-4.849267387695692,4.18726445887485e-09,3.0,118.82005484132802,31.887958771473677
558.8000000000001,525.0647883480851,-60.051154599618435,-4.849267387695746,4.1863498193696244e-09,3.0,118.82005513005628,31.88796055129994
559.0,525.0920786258678,-59.85302524606773,-4.849267388026618,7.644505916672731e-09,3.0,118.82005541878453,31.887962331126207
559.2,525.1193689036186,-59.65489589251153,-4.849267387695728,4.187912826037828e-09,3.0,118.8200557075128,31.887964110952474
559.4,525.1466591814011,-59.4567665389608,-4.849267388026668,7.643443255684894e-09,3.0,118.82005599624105,31.887965890778737
559.6,525.173949458096,-59.25863718525977,-4.84926737953634,-8.106266836562917e-08,3.0,118.82005628496931,31.887967670605004
559.8000000000001,525.2012397355735,-59.06050783166588,-4.849267387695695,4.185667391749572e-09,3.0,118.82005657369756,31.88796945043127
560.0,525.2285300144118,-58.86237847826024,-4.849267396185993,9.289101352291934e-08,3.0,118.82005686242583,31.887971230257534
560.2,525.2558202913692,-58.664249124595244,-4.849267379536332,-8.106268237317032e-08,3.0,118.82005715115409,31.8879730100838
560.4,525.2831105688894,-58.46611977100847,-4.8492673880265915,7.64418458860327e-09,3.0,118.82005743988233,31.887974789910064
560.6,525.3104008476957,-58.26799041759767,-4.849267395855114,8.94340495108873e-08,3.0,118.8200577286106,31.88797656973633
560.8000000000001,525.3376911246424,-58.06986106393137,-4.849267379536324,-8.106109575140896e-08,3.0,118.82005801733885,31.887978349562598
561.0,525.3649814021626,-57.87173171034462,-4.849267388026636,7.645137455847753e-09,3.0,118.82005830606711,31.88798012938886
561.2,525.3922716799133,-57.67360235678842,-4.849267387695761,4.1859937735855355e-09,3.0,118.82005859479537,31.887981909215128
561.4,525.4195619576959,-57.47547300323769,-4.8492673880259245,7.635568182124714e-09,3.0,118.82005888352363,31.88798368904139
561.6,525.4468522354464,-57.277343649681505,-4.8492673876956855,4.1872575590731985e-09,3.0,118.82005917225189,31.887985468867658
561.8000000000001,525.4741425131864,-57.079214296123645,-4.849267387695746,4.186433379261029e-09,3.0,118.82005946098015,31.887987248693925
562.0,525.501432790969,-56.88108494257295,-4.849267388026621,7.644515564590568e-09,3.0,118.8200597497084,31.887989028520188
562.2,525.5287230687198,-56.68295558901674,-4.849267387695729,4.187811648057682e-09,3.0,118.82006003843667,31.887990808346455
562.4,525.5560133464597,-56.48482623545901,-4.849267387695757,4.186426515129058e-09,3.0,118.82006032716492,31.887992588172718
562.6,525.5833036231868,-56.28669688176315,-4.849267379867241,-7.760382813349576e-08,3.0,118.82006061589318,31.887994367998985
562.8000000000001,525.6105939006748,-56.08856752817087,-4.849267387695734,4.1863336306076e-09,3.0,118.82006090462143,31.887996147825252
563.0,525.6378841795131,-55.89043817476522,-4.849267396186008,9.289088007327365e-08,3.0,118.8200611933497,31.887997927651515
563.2,525.6651744564706,-55.69230882110023,-4.849267379536325,-8.106256398297105e-08,3.0,118.82006148207796,31.887999707477782
563.4,525.692464733948,-55.494179467506456,-4.849267387695701,4.185555778538907e-09,3.0,118.8200617708062,31.88800148730405
563.6,525.7197550117307,-55.29605011395554,-4.8492673880265995,7.643936893046123e-09,3.0,118.82006205953446,31.888003267130312
563.8000000000001,525.7470452894813,-55.09792076039941,-4.849267387695729,4.186268083597944e-09,3.0,118.82006234826272,31.88800504695658
564.0,525.774335567264,-54.89979140684871,-4.849267388026632,7.642873808169132e-09,3.0,118.82006263699098,31.888006826782842
564.2,525.8016258450147,-54.70166205329251,-4.849267387695701,4.185543231180213e-09,3.0,118.82006292571924,31.88800860660911
564.4,525.8289161227547,-54.50353269973478,-4.849267387695689,4.1870929824490766e-09,3.0,118.8200632144475,31.888010386435372
564.6,525.8562064005373,-54.305403346183866,-4.849267388025956,7.63661663517492e-09,3.0,118.82006350317576,31.88801216626164
564.8000000000001,525.8834966782879,-54.10727399262773,-4.8492673876957255,4.185756064999682e-09,3.0,118.82006379190402,31.888013946087906
565.0,525.9107869560705,-53.90914463907703,-4.849267388026593,7.645651600917273e-09,3.0,118.82006408063228,31.88801572591417
565.2,525.9380772338212,-53.71101528552084,-4.849267387695768,4.187352088060302e-09,3.0,118.82006436936054,31.888017505740436
565.4,525.9653675115611,-53.51288593196309,-4.849267387695747,4.185449548765448e-09,3.0,118.8200646580888,31.8880192855667
565.6,525.992657788288,-53.314756578267236,-4.849267379867227,-7.760530653097838e-08,3.0,118.82006494681706,31.888021065392966
565.8000000000001,526.0199480657761,-53.11662722467496,-4.8492673876957,4.185668717367848e-09,3.0,118.8200652355453,31.888022845219233
566.0,526.0472383446146,-52.91849787126931,-4.8492673961859944,9.289077869926464e-08,3.0,118.82006552427357,31.888024625045496
566.2,526.074528621572,-52.720368517604314,-4.849267379536324,-8.106257974858074e-08,3.0,118.82006581300183,31.888026404871763
566.4,526.1018188990495,-52.52223916401054,-4.849267387695702,4.1853316331645375e-09,3.0,118.82006610173008,31.88802818469803
566.6,526.129105452138,-52.32410929866252,-4.84918851934137,0.0011006568161732728,3.0,118.82006639041893,31.88802996452889
566.8000000000001,526.1563483272715,-52.125973424177424,-4.8488179099356845,0.0025963286210934793,3.0,118.82006667864567,31.888031744413734
567.0,526.183488493553,-51.92782345705079,-4.848153627297409,0.004037411977773034,3.0,118.82006696578577,31.888033524425175
567.2,526.2104688276536,-51.72965166731661,-4.847206573038748,0.005424079082386263,3.0,118.82006725123486,31.888035304632652
567.4,526.2372343443928,-51.53145075432819,-4.845987607937258,0.006756563839343219,3.0,118.82006753441121,31.888037085101747
567.6,526.2637321826855,-51.33321388316999,-4.844507540883413,0.008035149260145166,3.0,118.82006781475553,31.888038865893858
567.8000000000001,526.2899115905369,-51.134934715049425,-4.842777120178592,0.009260156535930385,3.0,118.82006809173092,31.88804064706593
568.0,526.3157239094842,-50.93660743201488,-4.840807026863341,0.010431935638016334,3.0,118.82006836482252,31.888042428670225
568.2,526.3411225588325,-50.73822675634221,-4.838607869784689,0.011550857303415712,3.0,118.82006863353755,31.888044210754156
568.4,526.366063019947,-50.53978796491025,-4.8361901821394255,0.012617306267057265,3.0,118.820068897405,31.88804599336015
568.6,526.3905028208226,-50.34128689888422,-4.833564419257334,0.013631675608526763,3.0,118.82006915597552,31.888047776525564
568.8000000000001,526.4144015210873,-50.142719969006464,-4.830740957414138,0.014594362088260029,3.0,118.82006940882124,31.888049560282646
569.0,526.4377206975649,-49.94408415677783,-4.82773009348807,0.01550576235581696,3.0,118.82006965553566,31.888051344658507
569.2,526.4604239304671,-49.74537701180952,-4.824542045296787,0.01636626992076791,3.0,118.82006989573347,31.88805312967516
569.4,526.4824767902724,-49.546596645607565,-4.821186952472397,0.017176272784812055,3.0,118.8200701290504,31.88805491534957
569.6,526.5038468253017,-49.34774172203437,-4.817674877751713,0.017936151641713433,3.0,118.82007035514312,31.888056701693742
569.8000000000001,526.5245035499953,-49.14881144469802,-4.814015808577024,0.018646278559347078,3.0,118.8200705736891,31.88805848871483
570.0,526.544418433857,-48.949805541491564,-4.8102196589187685,0.019307016065706388,3.0,118.82007078438646,31.888060276415274
570.2,526.5635648910435,-48.75072424650952,-4.80629627124661,0.019918716567855554,3.0,118.82007098695395,31.888062064792976
570.4,526.5819182705336,-48.55156827955469,-4.802255418588839,0.02048172203965982,3.0,118.82007118113077,31.888063853841466
570.6,526.5994558468304,-48.352338823441016,-4.798106806632171,0.020996363920619435,3.0,118.82007136667647,31.88806564355012
570.8000000000001,526.6161568111302,-48.15303749929866,-4.793860075825083,0.021462963174248437,3.0,118.82007154337091,31.888067433904375
571.0,526.6320022628926,-47.953666340071585,-4.789524803457301,0.021881830460276013,3.0,118.82007171101412,31.88806922488597
571.2,526.6469752017366,-47.75422776250105,-4.78511050569909,0.02225326638023212,3.0,118.82007186942624,31.888071016473198
571.4,526.6610605196212,-47.55472453750977,-4.780626639583254,0.022577561761925897,3.0,118.82007201844742,31.88807280864116
571.6,526.6742449932511,-47.355159759006966,-4.776082604921083,0.022854997952574695,3.0,118.82007215793776,31.888074601362067
571.8000000000001,526.6865172765589,-47.15553681270537,-4.771487746185396,0.023085847093060018,3.0,118.82007228777722,31.888076394605502
572.0,526.6978678933499,-46.95585934311899,-4.766851354321217,0.023270372355586006,3.0,118.82007240786555,31.88807818833873
572.2,526.7082892299783,-46.75613122012356,-4.762182668520318,0.02340882812560707,3.0,118.82007251812219,31.888079982526985
572.4,526.7177755280378,-46.55635650497375,-4.757490877965921,0.023501460115644905,3.0,118.82007261848622,31.888081777133788
572.6,526.7263228770348,-46.356539415954295,-4.7527851235623455,0.023548505401864695,3.0,118.82007270891627,31.88808357212124
572.8000000000001,526.7339292070251,-46.15668429381995,-4.748074499665419,0.023550192377919117,3.0,118.82007278939044,31.888085367450348
573.0,526.7405942811982,-45.95679556719912,-4.743368055830714,0.023506740624024733,3.0,118.82007285990622,31.88808716308133
573.2,526.7463196884121,-45.756877718114254,-4.738674798596309,0.023418360692563207,3.0,118.82007292048043,31.888088958973924
573.4,526.7511088356775,-45.55693524777774,-4.734003693316407,0.023285253814678795,3.0,118.8200729711491,31.888090755087692
573.6,526.7549669406088,-45.35697264282266,-4.729363666061006,0.023107611535410414,3.0,118.82007301196744,31.888092551382336
573.8000000000001,526.7579010238617,-45.15699434211542,-4.724763605594768,0.022885615287845128,3.0,118.82007304300973,31.888094347817976
574.0,526.7599199015884,-44.957004704300296,-4.720212365446061,0.02261943591963535,3.0,118.82007306436924,31.88809614435546
574.2,526.7610341779458,-44.75700797623024,-4.715718766074242,0.022309233188008315,3.0,118.82007307615817,31.888097940956637
574.4,526.761256237696,-44.557008262414975,-4.711291597139414,0.021955155242079045,3.0,118.82007307850755,31.888099737584632
574.6,526.7606002389487,-44.357009495638756,-4.706939619875293,0.02155733811396025,3.0,118.82007307156714,31.88810153420412
574.8000000000001,526.7590821060935,-44.15701540888177,-4.70267156956097,0.021115905242769142,3.0,118.82007305550546,31.888103330781572
575.0,526.7567195229766,-43.95702950868303,-4.69849615808238,0.020630967058243303,3.0,118.82007303050958,31.888105127285478
575.2,526.7535319263693,-43.757055050080055,-4.694422076568653,0.020102620653289327,3.0,118.82007299678514,31.888106923686607
575.4,526.7495404997901,-43.557095013257594,-4.690457998082415,0.01953094957741309,3.0,118.82007295455627,31.88810871995818
575.6,526.7447681677226,-43.35715208204047,-4.686612580336476,0.01891602378566292,3.0,118.8200729040655,31.88811051607609
575.8000000000001,526.7392395902766,-43.157228624360286,-4.682894468402065,0.018257899780427505,3.0,118.82007284557373,31.888112312019064
576.0,526.7329811583384,-42.95732667482913,-4.679312297366123,0.017556620986229808,3.0,118.82007277936019,31.888114107768832
576.2,526.7260209892338,-42.75744791955147,-4.67587469488676,0.0168122184005186,3.0,118.82007270572232,31.88811590331024
576.4,526.7183889229314,-42.55759368330843,-4.672590283587148,0.016024711566405902,3.0,118.82007262497588,31.88811769863139
576.6,526.7101165187929,-42.357764919250414,-4.669467683218641,0.01519410991631651,3.0,118.8200725374547,31.88811949372372
576.8000000000001,526.7012370528655,-42.157962201233566,-4.666515512513737,0.014320414538572938,3.0,118.8200724435109,31.888121288582074
577.0,526.6917855156901,-41.95818571894291,-4.663742390638893,0.013403620422056365,3.0,118.82007234351464,31.888123083204746
577.2,526.6817986105852,-41.75843527594224,-4.661156938145738,0.01244371923712932,3.0,118.82007223785423,31.88812487759351
577.4,526.6713147523349,-41.55871029080464,-4.6587677773074585,0.011440702714050356,3.0,118.82007212693611,31.888126671753575
577.6,526.6603740661883,-41.35900980146393,-4.656583531714352,0.010394566682838965,3.0,118.8200720111848,31.888128465693594
577.8000000000001,526.6490183870458,-41.15933247295628,-4.654612824989824,0.009305315841201436,3.0,118.82007189104293,31.888130259425555
578.0,526.6372912586744,-40.959676608700185,-4.652864278474221,0.008172969319087314,3.0,118.82007176697114,31.8881320529647
578.2,526.6252379327584,-40.760040165484256,-4.651346507710286,0.006997567109994486,3.0,118.82007163944823,31.88813384632938
578.4,526.612905367548,-40.56042077232756,-4.650068117549769,0.005779177439697434,3.0,118.82007150897098,31.8881356395409
578.6,526.6003422258293,-40.36081575337961,-4.649037695686694,0.00451790514253418,3.0,118.82007137605427,31.888137432623292
578.8000000000001,526.5875988718838,-40.161222155030266,-4.648263804408893,0.0032139011133877227,3.0,118.82007124123093,31.888139225603094
579.0,526.5747273670619,-39.96163677739567,-4.647754970346195,0.0018673728996091974,3.0,118.82007110505177,31.888141018509046
579.2,526.5617814635297,-39.76205621034315,-4.647519671981312,0.00047859649094965346,3.0,118.82007096808547,31.888142811371782
579.4,526.5488138314288,-39.56247705243149,-4.647503479079051,2.53711886485019e-09,3.0,118.82007083088929,31.88814460422186
579.6,526.5358458351094,-39.362897917571495,-4.647503479079081,2.538208573762843e-09,3.0,118.82007069368926,31.888146397071736
579.8000000000001,526.5228778387899,-39.163318782711535,-4.647503479078355,2.5320077464803737e-09,3.0,118.82007055648923,31.88814818992161
580.0,526.5099098424704,-38.96373964785174,-4.647503479079093,2.536424392552751e-09,3.0,118.8200704192892,31.88814998277148
580.2,526.496941846151,-38.764160512991744,-4.647503479079056,2.5370966960786995e-09,3.0,118.82007028208916,31.888151775621353
580.4,526.4839738498316,-38.564581378131905,-4.647503479079079,2.538279175296259e-09,3.0,118.82007014488913,31.888153568471225
580.6,526.4710058535121,-38.3650022432719,-4.647503479078358,2.532506104409864e-09,3.0,118.8200700076891,31.888155361321097
580.8000000000001,526.4580378571926,-38.165423108411964,-4.647503479079107,2.5372363210043023e-09,3.0,118.82006987048906,31.88815715417097
581.0,526.445069859909,-37.96584397361315,-4.6475034702563045,-6.144166216043501e-08,3.0,118.82006973328903,31.88815894702084
581.2,526.4321018632415,-37.7662648387752,-4.647503479079056,2.5370880432153415e-09,3.0,118.82006959608898,31.888160739870713
581.4,526.4191338669034,-37.566685703917685,-4.647503478906233,1.2847800464681576e-09,3.0,118.82006945888895,31.888162532720585
581.6,526.4061658705958,-37.367106569056226,-4.647503479251199,3.785367509077804e-09,3.0,118.82006932168892,31.888164325570457
581.8000000000001,526.3931978742831,-37.16752743419565,-4.647503479079089,2.5363233275423677e-09,3.0,118.82006918448889,31.88816611842033
582.0,526.3802298789465,-36.96794829927243,-4.647503488073156,6.775750696404753e-08,3.0,118.82006904728887,31.8881679112702
582.2,526.3672618829817,-36.768369164389405,-4.647503479079079,2.5382795061652016e-09,3.0,118.82006891008884,31.888169704120074
582.4,526.3542938866624,-36.56879002952956,-4.647503479079119,2.5379830728617577e-09,3.0,118.8200687728888,31.888171496969946
582.6,526.3413258893601,-36.369210894733435,-4.647503470084245,-6.268866174842971e-08,3.0,118.82006863568877,31.888173289819818
582.8000000000001,526.3283578926859,-36.16963175989652,-4.647503479079084,2.536462352805473e-09,3.0,118.82006849848872,31.88817508266969
583.0,526.3153898963664,-35.970052625036715,-4.647503479078296,2.5315403186357996e-09,3.0,118.82006836128869,31.888176875519562
583.2,526.3024219000469,-35.77047349017672,-4.647503479079075,2.538099692542575e-09,3.0,118.82006822408866,31.888178668369438
583.4,526.2894539037275,-35.57089435531688,-4.647503479079114,2.5375468256104415e-09,3.0,118.82006808688863,31.88818046121931
583.6,526.276485907408,-35.37131522045689,-4.647503479078332,2.530859513000421e-09,3.0,118.82006794968859,31.888182254069182
583.8000000000001,526.2635179110885,-35.17173608559694,-4.647503479079054,2.5369745397837052e-09,3.0,118.82006781248856,31.888184046919054
584.0,526.2505499157519,-34.97215695067372,-4.647503488073939,6.776422914647388e-08,3.0,118.82006767528854,31.888185839768926
584.2,526.2375819188044,-34.77257781585456,-4.647503470084255,-6.268839436296881e-08,3.0,118.82006753808851,31.8881876326188
584.4,526.2246139221488,-34.57299868101555,-4.647503479250414,3.778737170880354e-09,3.0,118.82006740088846,31.88818942546867
584.6,526.2116459258361,-34.37341954615481,-4.647503479079056,2.537035570389349e-09,3.0,118.82006726368843,31.888191218318543
584.8000000000001,526.198677929498,-34.17384041129718,-4.647503478906993,1.2904326936108428e-09,3.0,118.8200671264884,31.888193011168415
585.0,526.1857099331905,-33.97426127643581,-4.647503479251204,3.7857863223917424e-09,3.0,118.82006698928836,31.888194804018287
585.2,526.1727419368777,-33.77468214157506,-4.647503479078345,2.531774622150376e-09,3.0,118.82006685208833,31.88819659686816
585.4,526.1597739405395,-33.57510300671754,-4.647503478907,1.2884660487767376e-09,3.0,118.8200667148883,31.88819838971803
585.6,526.1468059432492,-33.375523871919164,-4.64750347025627,-6.14416372524332e-08,3.0,118.82006657768827,31.888200182567903
585.8000000000001,526.1338379465817,-33.175944737081274,-4.647503479079058,2.538051371485435e-09,3.0,118.82006644048822,31.888201975417775
586.0,526.1208699502623,-32.97636560222146,-4.64750347907835,2.532062121259218e-09,3.0,118.82006630328819,31.888203768267648
586.2,526.1079019549256,-32.77678646729806,-4.6475034880739585,6.776241482645791e-08,3.0,118.82006616608817,31.888205561117523
586.4,526.0949339589608,-32.57720733241519,-4.647503479079058,2.5370258913707148e-09,3.0,118.82006602888814,31.888207353967395
586.6,526.0819659626414,-32.3776281975552,-4.647503479079077,2.538306668845705e-09,3.0,118.8200658916881,31.888209146817267
586.8000000000001,526.068997966322,-32.17804906269525,-4.647503479078356,2.532325382808631e-09,3.0,118.82006575448807,31.88821093966714
587.0,526.0560299700026,-31.978469927835445,-4.6475034790791065,2.537316094365897e-09,3.0,118.82006561728804,31.88821273251701
587.2,526.043061972719,-31.778890793036425,-4.6475034702563045,-6.144144626712395e-08,3.0,118.820065480088,31.888214525366884
587.4,526.0300939760515,-31.579311658198648,-4.647503479079063,2.5371373259368223e-09,3.0,118.82006534288796,31.888216318216756
587.6,526.0171259797133,-31.379732523340973,-4.647503478906234,1.284577455415293e-09,3.0,118.82006520568792,31.888218111066628
587.8000000000001,526.0041579834058,-31.180153388479454,-4.647503479251191,3.785446587764566e-09,3.0,118.82006506848789,31.8882199039165
588.0,525.991189987093,-30.9805742536189,-4.647503479079095,2.5365372343530043e-09,3.0,118.82006493128786,31.888221696766372
588.2,525.9782219907548,-30.780995118761226,-4.647503478906975,1.2891508736510637e-09,3.0,118.82006479408783,31.888223489616244
588.4,525.9652539954302,-30.581415983836287,-4.6475034882452615,6.900622789018047e-08,3.0,118.82006465688781,31.888225282466117
588.6,525.9522859984894,-30.38183684901649,-4.647503470084244,-6.268835405392029e-08,3.0,118.82006451968778,31.88822707531599
588.8000000000001,525.9393180017964,-30.1822577141819,-4.64750347890701,1.2886721807769512e-09,3.0,118.82006438248773,31.88822886816586
589.0,525.926350005489,-29.98267857932052,-4.647503479251142,3.784869764710883e-09,3.0,118.8200642452877,31.888230661015733
589.2,525.9133820091763,-29.783099444459776,-4.647503479078315,2.5327861023875194e-09,3.0,118.82006410808766,31.888232453865605
589.4,525.9004140128569,-29.583520309599944,-4.64750347907912,2.5378246745586744e-09,3.0,118.82006397088763,31.888234246715477
589.6,525.8874460165373,-29.383941174739945,-4.647503479079102,2.5372677790545014e-09,3.0,118.8200638336876,31.888236039565353
589.8000000000001,525.8744780202179,-29.18436203988,-4.647503479078323,2.5311874433641886e-09,3.0,118.82006369648757,31.888237832415225
590.0,525.8615100238983,-28.984782905020197,-4.647503479079065,2.53702268434116e-09,3.0,118.82006355928753,31.888239625265097
590.2,525.8485420265961,-28.785203770224072,-4.647503470084211,-6.268809020179111e-08,3.0,118.8200634220875,31.88824141811497
590.4,525.835574029922,-28.585624635387266,-4.647503479079105,2.537576574836388e-09,3.0,118.82006328488745,31.88824321096484
590.6,525.822606034604,-28.386045500461528,-4.64750348824528,6.90048790378179e-08,3.0,118.82006314768743,31.888245003814713
590.8000000000001,525.809638038646,-28.186466365577918,-4.647503479079062,2.5370766961493624e-09,3.0,118.8200630104874,31.888246796664586
591.0,525.7966700423079,-27.986887230720438,-4.6475034789069944,1.2906161045994671e-09,3.0,118.82006287328737,31.888248589514458
591.2,525.7837020460005,-27.78730809585898,-4.647503479251208,3.785273106099544e-09,3.0,118.82006273608734,31.88825038236433
591.4,525.7707340496877,-27.58772896099851,-4.6475034790783285,2.5317375606644143e-09,3.0,118.8200625988873,31.888252175214202
591.6,525.7577660533494,-27.388149826140836,-4.647503478907,1.2889220777067202e-09,3.0,118.82006246168727,31.888253968064074
591.8000000000001,525.7447980560592,-27.188570691342502,-4.6475034702562885,-6.14410339827347e-08,3.0,118.82006232448724,31.888255760913946
592.0,525.7318300593917,-26.988991556504757,-4.6475034790790755,2.537777880938647e-09,3.0,118.82006218728719,31.888257553763818
592.2,525.7188620630722,-26.789412421644755,-4.647503479078341,2.5320305485712177e-09,3.0,118.82006205008716,31.88825934661369
592.4,525.7058940667526,-26.589833286784923,-4.647503479079093,2.5366517417314634e-09,3.0,118.82006191288713,31.888261139463562
592.6,525.6929260704333,-26.39025415192493,-4.647503479079062,2.5370472650200428e-09,3.0,118.8200617756871,31.888262932313435
592.8000000000001,525.6799580750966,-26.19067501700156,-4.6475034880731805,6.775876816579795e-08,3.0,118.82006163848708,31.88826472516331
593.0,525.6669900791319,-25.991095882118728,-4.647503479079121,2.5377014838854952e-09,3.0,118.82006150128704,31.888266518013182
593.2,525.6540220818296,-25.7915167473226,-4.647503470084234,-6.268873046090301e-08,3.0,118.82006136408701,31.888268310863054
593.4,525.6410540851554,-25.5919376124858,-4.6475034790790835,2.5370503290620625e-09,3.0,118.82006122688696,31.888270103712927
593.6,525.6280860888547,-25.392358477623702,-4.647503479251161,3.7862388582403096e-09,3.0,118.82006108968693,31.8882718965628
593.8000000000001,525.6151180925233,-25.192779342765444,-4.647503478906279,1.2842213932385992e-09,3.0,118.8200609524869,31.88827368941267
594.0,525.6021500961971,-24.993200207906277,-4.647503479079095,2.537174500977557e-09,3.0,118.82006081528687,31.888275482262543
594.2,525.5891820998962,-24.793621073044182,-4.6475034792511645,3.784773529612683e-09,3.0,118.82006067808683,31.888277275112415
594.4,525.5762141035649,-24.594041938186038,-4.647503478906989,1.2892445377939845e-09,3.0,118.8200605408868,31.888279067962287
594.6,525.5632461072387,-24.394462803326675,-4.647503479078316,2.532177775247891e-09,3.0,118.82006040368677,31.88828086081216
594.8000000000001,525.550278109955,-24.194883668527705,-4.6475034702563205,-6.144023123794882e-08,3.0,118.82006026648673,31.88828265366203
595.0,525.5373101142517,-23.995304533628413,-4.647503487901884,6.651480110521829e-08,3.0,118.8200601292867,31.888284446511904
595.2,525.5243421182989,-23.795725398743922,-4.647503479250387,3.779434499803061e-09,3.0,118.82005999208667,31.888286239361776
595.4,525.5113741219863,-23.596146263883455,-4.64750347907908,2.5384018259279238e-09,3.0,118.82005985488664,31.888288032211648
595.6,525.4984061256667,-23.396567129023456,-4.647503479079122,2.5374967857697028e-09,3.0,118.8200597176866,31.88828982506152
595.8000000000001,525.4854381293474,-23.19698799416351,-4.647503479079093,2.5371430886841245e-09,3.0,118.82005958048657,31.888291617911392
596.0,525.4724701330279,-22.997408859303707,-4.647503479078319,2.5315048764146233e-09,3.0,118.82005944328654,31.888293410761268
596.2,525.4595021357255,-22.797829724507576,-4.647503470084212,-6.268877975362479e-08,3.0,118.8200593060865,31.888295203611136
596.4,525.4465341390513,-22.598250589670776,-4.64750347907908,2.5374960846513097e-09,3.0,118.82005916888646,31.88829699646101
596.6,525.4335661427318,-22.398671454810778,-4.6475034790790914,2.536591206421231e-09,3.0,118.82005903168643,31.88829878931088
596.8000000000001,525.4205981464124,-22.199092319950832,-4.6475034790783,2.531565045409389e-09,3.0,118.8200588944864,31.888300582160756
597.0,525.4076301501116,-21.99951318508882,-4.647503479251161,3.785064186917812e-09,3.0,118.82005875728636,31.88830237501063
597.2,525.3946621547631,-21.799934050166527,-4.647503487901862,6.651558982748978e-08,3.0,118.82005862008634,31.8883041678605
597.4,525.3816941587917,-21.600354915284296,-4.647503479079092,2.537379822524224e-09,3.0,118.82005848288631,31.888305960710372
597.6,525.3687261624908,-21.4007757804222,-4.6475034792504095,3.779189100858456e-09,3.0,118.82005834568628,31.888307753560245
597.8000000000001,525.3557581651766,-21.201196645627476,-4.647503469912122,-6.393661731094283e-08,3.0,118.82005820848624,31.888309546410117
598.0,525.3427901684956,-21.001617510791224,-4.647503479079083,2.538453082924387e-09,3.0,118.8200580712862,31.88831133925999
598.2,525.3298221721949,-20.80203837592913,-4.647503479251208,3.785220845777856e-09,3.0,118.82005793408617,31.88831313210986
598.4,525.3168541758822,-20.60245924106866,-4.647503479078327,2.531633119397174e-09,3.0,118.82005779688613,31.888314924959733
598.6,525.3038861795438,-20.402880106210986,-4.647503478906996,1.2892741568790336e-09,3.0,118.8200576596861,31.888316717809605
598.8000000000001,525.2909181832364,-20.203300971349467,-4.647503479251164,3.78515104796689e-09,3.0,118.82005752248607,31.888318510659477
599.0,525.2779501869237,-20.003721836488914,-4.647503479079085,2.5374003513204367e-09,3.0,118.82005738528603,31.88832030350935
599.2,525.2649821906043,-19.804142701628912,-4.647503479078328,2.531773059382177e-09,3.0,118.820057248086,31.88832209635922
599.4,525.2520141942847,-19.604563566769084,-4.6475034790790835,2.536915772914817e-09,3.0,118.82005711088597,31.888323889209094
599.6,525.2390461979653,-19.40498443190908,-4.647503479079073,2.537282733163585e-09,3.0,118.82005697368594,31.88832568205897
599.8000000000001,525.2260782016647,-19.20540529704693,-4.647503479251169,3.7863235366018335e-09,3.0,118.8200568364859,31.88832747490884
600.0,525.2131102053332,-19.005826162188697,-4.6475034789062795,1.2838761738996748e-09,3.0,118.82005669928587,31.888329267758714
600.2,525.2001422090069,-18.806247027329334,-4.647503479079084,2.536901092836347e-09,3.0,118.82005656208584,31.888331060608586
600.4,525.1871742127062,-18.606667892467296,-4.647503479251155,3.785276960361007e-09,3.0,118.8200564248858,31.888332853458458
600.6,525.1742062163747,-18.407088757608864,-4.647503478906246,1.284041748007614e-09,3.0,118.82005628768577,31.88833464630833
600.8000000000001,525.1612382190657,-18.207509622813316,-4.647503470084224,-6.26886652985184e-08,3.0,118.82005615048574,31.888336439158202
601.0,525.1482702224101,-18.007930487974225,-4.647503479251168,3.78502624744237e-09,3.0,118.8200560132857,31.888338232008074
601.2,525.1353022260788,-17.808351353115796,-4.647503478906998,1.2891887170237254e-09,3.0,118.82005587608566,31.888340024857946
601.4,525.1223342297526,-17.6087722182566,-4.6475034790790755,2.5373663013201434e-09,3.0,118.82005573888563,31.88834181770782
601.6,525.1093662344347,-17.40919308333097,-4.647503488245277,6.900671588263607e-08,3.0,118.82005560168561,31.88834361055769
601.8000000000001,525.0963982384768,-17.209613948447473,-4.647503479079122,2.537180787255526e-09,3.0,118.82005546448558,31.888345403407563
602.0,525.0834302421385,-17.010034813589996,-4.647503478906998,1.2891246694881573e-09,3.0,118.82005532728554,31.888347196257435
602.2,525.0704622458311,-16.810455678728538,-4.647503479250398,3.77909170121256e-09,3.0,118.82005519008551,31.888348989107307
602.4,525.0574942485355,-16.610876543931827,-4.647503470084202,-6.26875781428894e-08,3.0,118.82005505288548,31.88835078195718
602.6,525.0445262518614,-16.411297409094743,-4.647503479079122,2.5371665765819875e-09,3.0,118.82005491568543,31.88835257480705
602.8000000000001,525.0315582555418,-16.211718274234798,-4.647503479079081,2.5368234374274898e-09,3.0,118.8200547784854,31.888354367656923
603.0,525.0185902592224,-16.01213913937499,-4.647503479078307,2.5318893059128965e-09,3.0,118.82005464128537,31.888356160506795
603.2,525.0056222629028,-15.812560004514996,-4.647503479079089,2.53755975760925e-09,3.0,118.82005450408533,31.88835795335667
603.4,524.9926542665835,-15.61298086965516,-4.647503479079095,2.5371686679446774e-09,3.0,118.8200543668853,31.888359746206543
603.6,524.979686270264,-15.413401734795164,-4.647503479079081,2.53700213690833e-09,3.0,118.82005422968527,31.888361539056415
603.8000000000001,524.9667182739632,-15.213822599933009,-4.647503479250398,3.779453877651803e-09,3.0,118.82005409248524,31.888363331906287
604.0,524.9537502776317,-15.014243465074783,-4.647503478906995,1.2899846352917826e-09,3.0,118.8200539552852,31.88836512475616
604.2,524.9407822813056,-14.814664330215416,-4.647503479079104,2.5384214518521017e-09,3.0,118.82005381808517,31.88836691760603
604.4,524.927814285005,-14.615085195353375,-4.647503479251208,3.7849725412641e-09,3.0,118.82005368088514,31.888368710455904
604.6,524.9148462886922,-14.415506060492628,-4.647503479078317,2.5312277872059882e-09,3.0,118.8200535436851,31.888370503305776
604.8000000000001,524.9018782923539,-14.215926925635005,-4.647503478906984,1.289627103523847e-09,3.0,118.82005340648507,31.888372296155648
605.0,524.8889102960464,-14.016347790773626,-4.647503479251175,3.785514427376349e-09,3.0,118.82005326928504,31.88837408900552
605.2,524.8759422997337,-13.816768655912881,-4.647503479079097,2.537100489449228e-09,3.0,118.82005313208501,31.888375881855392
605.4,524.8629743024128,-13.617189521118902,-4.64750346991137,-6.39425914283448e-08,3.0,118.82005299488497,31.888377674705264
605.6,524.8500063057504,-13.417610386280355,-4.647503479251149,3.785375603812474e-09,3.0,118.82005285768493,31.888379467555136
605.8000000000001,524.8370383104206,-13.218031251356358,-4.647503488073957,6.776345862493362e-08,3.0,118.82005272048491,31.88838126040501
606.0,524.8240703144559,-13.018452116473528,-4.64750347907833,2.531476722103205e-09,3.0,118.82005258328488,31.888383053254884
606.2,524.8111023181364,-12.818872981613529,-4.647503479079075,2.536864046751394e-09,3.0,118.82005244608484,31.888384846104756
606.4,524.7981343218169,-12.619293846753695,-4.647503479079071,2.537221902938202e-09,3.0,118.82005230888481,31.88838663895463
606.6,524.7851663254975,-12.419714711893697,-4.647503479079083,2.5376410223708154e-09,3.0,118.82005217168478,31.8883884318045
606.8000000000001,524.772198329178,-12.22013557703375,-4.6475034790783365,2.532821413544055e-09,3.0,118.82005203448475,31.888390224654373
607.0,524.7592303318756,-12.020556442237705,-4.647503470084256,-6.268889134492407e-08,3.0,118.82005189728471,31.888392017504245
607.2,524.7462623352014,-11.820977307400623,-4.647503479079077,2.5366527170998887e-09,3.0,118.82005176008467,31.888393810354117
607.4,524.733294338882,-11.62139817254079,-4.647503479079064,2.5375493163125464e-09,3.0,118.82005162288463,31.88839560320399
607.6,524.7203263425625,-11.421819037680791,-4.647503479079093,2.5374788571561044e-09,3.0,118.8200514856846,31.88839739605386
607.8000000000001,524.7073583462618,-11.222239902818636,-4.647503479250414,3.779508774731985e-09,3.0,118.82005134848457,31.888399188903733
608.0,524.6943903509319,-11.022660767894669,-4.647503488073944,6.776276529878315e-08,3.0,118.82005121128455,31.888400981753605
608.2,524.6814223549485,-10.823081633013961,-4.647503478906986,1.2893981158255677e-09,3.0,118.82005107408452,31.888402774603477
608.4,524.6684543576582,-10.623502498215744,-4.647503470255542,-6.144589718945491e-08,3.0,118.82005093688448,31.88840456745335
608.6,524.6554863609907,-10.4239233633778,-4.6475034790791,2.5383179835522077e-09,3.0,118.82005079968444,31.88840636030322
608.8000000000001,524.6425183646526,-10.224344228520177,-4.647503478907036,1.2891848215206149e-09,3.0,118.8200506624844,31.888408153153094
609.0,524.629550368345,-10.0247650936588,-4.64750347925116,3.784451292553826e-09,3.0,118.82005052528437,31.888409946002966
609.2,524.6165823720323,-9.825185958798052,-4.647503479078301,2.532055804119714e-09,3.0,118.82005038808434,31.888411738852838
609.4,524.6036143757128,-9.62560682393822,-4.647503479079094,2.5375661909442702e-09,3.0,118.82005025088431,31.88841353170271
609.6,524.5906463793933,-9.426027689078222,-4.647503479079093,2.5362165026602036e-09,3.0,118.82005011368427,31.888415324552586
609.8000000000001,524.5776783830738,-9.226448554218274,-4.647503479079049,2.5365293971625823e-09,3.0,118.82004997648424,31.888417117402458
610.0,524.5647103857716,-9.02686941942223,-4.647503470083433,-6.269418547118201e-08,3.0,118.82004983928421,31.888418910252327
610.2,524.5517423900802,-8.82729028452173,-4.64750348807395,6.776373391854975e-08,3.0,118.82004970208418,31.888420703102202
610.4,524.5387743941155,-8.627711149638866,-4.647503479079102,2.538299320895295e-09,3.0,118.82004956488414,31.888422495952074
610.6,524.5258063977961,-8.42813201477887,-4.647503479079119,2.537030148735981e-09,3.0,118.82004942768411,31.888424288801946
610.8000000000001,524.5128384014953,-8.228552879916712,-4.647503479250399,3.778883642393275e-09,3.0,118.82004929048408,31.88842608165182
611.0,524.4998704051638,-8.028973745058485,-4.647503478906976,1.2897119525526344e-09,3.0,118.82004915328405,31.88842787450169
611.2,524.4869024088375,-7.829394610199122,-4.647503479079095,2.5377356286836357e-09,3.0,118.82004901608401,31.888429667351563
611.4,524.4739344115541,-7.62981547540027,-4.64750347025632,-6.144055541702698e-08,3.0,118.82004887888398,31.888431460201435
611.6,524.4609664148678,-7.430236340564732,-4.6475034789062475,1.2833480279126155e-09,3.0,118.82004874168393,31.888433253051307
611.8000000000001,524.4479984185602,-7.230657205703271,-4.64750347925115,3.785439624700406e-09,3.0,118.8200486044839,31.88843504590118
612.0,524.4350304222477,-7.031078070842804,-4.647503479079095,2.5379719974407436e-09,3.0,118.82004846728387,31.88843683875105
612.2,524.4220624259282,-6.831498935982805,-4.647503479079107,2.5370088203061323e-09,3.0,118.82004833008384,31.888438631600923
612.4,524.4090944305915,-6.6319198010595555,-4.647503488073178,6.775703063046206e-08,3.0,118.82004819288382,31.888440424450796
612.6,524.3961264346268,-6.43234066617661,-4.647503479079061,2.537292973368421e-09,3.0,118.82004805568378,31.88844221730067
612.8000000000001,524.3831584383073,-6.23276153131661,-4.647503479079085,2.5378706714149726e-09,3.0,118.82004791848375,31.888444010150543
613.0,524.3701904410051,-6.033182396520536,-4.647503470084241,-6.268762013273465e-08,3.0,118.82004778128372,31.888445803000415
613.2,524.3572224443309,-5.833603261683454,-4.647503479078358,2.53096604666454e-09,3.0,118.82004764408367,31.888447595850288
613.4,524.3442544480114,-5.63402412682362,-4.647503479079058,2.537039827247621e-09,3.0,118.82004750688364,31.88844938870016
613.6,524.3312864516919,-5.434444991963704,-4.647503479079077,2.5378830393721747e-09,3.0,118.8200473696836,31.888451181550032
613.8000000000001,524.3183184553725,-5.2348658571037054,-4.6475034790783445,2.5327626847384923e-09,3.0,118.82004723248357,31.888452974399904
614.0,524.305350459053,-5.035286722243872,-4.647503479079118,2.537050714337155e-09,3.0,118.82004709528354,31.888454767249776
614.2,524.2923824627522,-4.835707587381776,-4.64750347925116,3.784304692980102e-09,3.0,118.82004695808351,31.888456560099648
614.4000000000001,524.2794144664208,-4.63612845252352,-4.647503478906972,1.2896954922769112e-09,3.0,118.82004682088348,31.88845835294952
614.6,524.2664464700946,-4.436549317664352,-4.647503479078333,2.5325393036735424e-09,3.0,118.82004668368344,31.888460145799392
614.8000000000001,524.2534784737937,-4.236970182802257,-4.647503479251195,3.784886897327084e-09,3.0,118.82004654648341,31.888461938649264
615.0,524.2405104774624,-4.037391047944113,-4.647503478906993,1.2891820636449935e-09,3.0,118.82004640928338,31.888463731499137
615.2,524.2275424811362,-3.837811913084748,-4.647503479079076,2.5376798669440514e-09,3.0,118.82004627208335,31.88846552434901
615.4000000000001,524.2145744848355,-3.6382327782225925,-4.647503479250421,3.780344554459942e-09,3.0,118.82004613488331,31.88846731719888
615.6,524.2016064885228,-3.4386536433620423,-4.64750347907911,2.5382625716397544e-09,3.0,118.82004599768328,31.888469110048753
615.8000000000001,524.1886384922034,-3.239074508502043,-4.647503479079118,2.537059789672381e-09,3.0,118.82004586048325,31.888470902898625
616.0,524.175670494901,-3.039495373705968,-4.647503470084213,-6.26895457824553e-08,3.0,118.82004572328322,31.888472695748497
616.2,524.1627024982268,-2.8399162388688857,-4.647503479078294,2.532010414031962e-09,3.0,118.82004558608317,31.88847448859837
616.4000000000001,524.1497345019073,-2.6403371040089394,-4.647503479079093,2.53811271846026e-09,3.0,118.82004544888314,31.88847628144824
616.6,524.136766505588,-2.4407579691491375,-4.647503479079113,2.5370709195199045e-09,3.0,118.8200453116831,31.888478074298114
616.8000000000001,524.1237985102513,-2.241178834225721,-4.647503488073941,6.776196220663026e-08,3.0,118.82004517448308,31.88847986714799
617.0,524.1108305143052,-2.041599699340649,-4.647503479250363,3.778728476132261e-09,3.0,118.82004503728305,31.88848165999786
617.2,524.0978625179738,-1.842020564482225,-4.6475034789069705,1.289786304966537e-09,3.0,118.82004490008302,31.888483452847733
617.4000000000001,524.0848945216476,-1.6424414296229133,-4.647503479079098,2.538268400059362e-09,3.0,118.82004476288299,31.888485245697606
617.6,524.071926524364,-1.4428622948240921,-4.647503470256337,-6.144101043202161e-08,3.0,118.82004462568295,31.888487038547478
617.8000000000001,524.0589585276778,-1.2432831599884708,-4.647503478906232,1.2829861086200921e-09,3.0,118.8200444884829,31.88848883139735
618.0,524.0459905313515,-1.0437040251292728,-4.647503479079054,2.5374881783113243e-09,3.0,118.82004435128287,31.888490624247222
618.2,524.0330225350508,-0.8441248902671772,-4.647503479251176,3.78601624054283e-09,3.0,118.82004421408284,31.888492417097094
618.4000000000001,524.0200545387382,-0.6445457554065972,-4.6475034790791145,2.537095781259963e-09,3.0,118.82004407688281,31.888494209946966
618.6,524.0070865424187,-0.4449666205467948,-4.647503479078317,2.530844878004884e-09,3.0,118.82004393968278,31.88849600279684
618.8000000000001,523.9941185460991,-0.24538748568679536,-4.647503479079054,2.5373484656435575e-09,3.0,118.82004380248274,31.88849779564671
619.0,523.9811505497798,-0.04580835082696283,-4.647503479079087,2.53810618302481e-09,3.0,118.82004366528271,31.888499588496583
619.2,523.9681825534603,0.1537707840330363,-4.647503479079114,2.5382531149115156e-09,3.0,118.82004352808268,31.888501381346455
619.4000000000001,523.9552145571408,0.35334991889298195,-4.647503479078356,2.5315916732614393e-09,3.0,118.82004339088265,31.888503174196327
619.6,523.9422465608212,0.5529290537527843,-4.647503479079079,2.536338598585705e-09,3.0,118.82004325368261,31.888504967046202
619.8000000000001,523.9292785645018,0.7525081886127837,-4.647503479079052,2.5374450433196143e-09,3.0,118.82004311648258,31.888506759896075
620.0,523.9163105681824,0.9520873234726164,-4.647503479078329,2.532680622924063e-09,3.0,118.82004297928255,31.888508552745947
620.2,523.9033425718629,1.151666458332615,-4.647503479079115,2.5371477133227605e-09,3.0,118.82004284208251,31.88851034559582
620.4000000000001,523.8903745755621,1.3512455931947704,-4.647503479251163,3.78375069527656e-09,3.0,118.82004270488248,31.88851213844569
620.6,523.8774065782479,1.5508247279894674,-4.647503469912089,-6.39373107451096e-08,3.0,118.82004256768245,31.888513931295563
620.8000000000001,523.8644385815669,1.750403862825916,-4.647503479079058,2.5377934503603605e-09,3.0,118.8200424304824,31.888515724145435
621.0,523.8514705852663,1.9499829976879577,-4.647503479250424,3.779518013098106e-09,3.0,118.82004229328237,31.888517516995307
621.2,523.8385025899175,2.1495621326102525,-4.6475034879018615,6.651444474171433e-08,3.0,118.82004215608235,31.88851930984518
621.4000000000001,523.825534593946,2.349141267492594,-4.647503479079053,2.5372085181912635e-09,3.0,118.82004201888232,31.88852110269505
621.6,523.8125665976454,2.5487204023546064,-4.647503479250405,3.780410905461239e-09,3.0,118.82004188168229,31.888522895544924
621.8000000000001,523.7995986013327,2.7482995372153534,-4.647503479079113,2.5382458191951483e-09,3.0,118.82004174448225,31.888524688394796
622.0,523.7866306050132,2.9478786720751855,-4.647503479079117,2.5371563980288253e-09,3.0,118.82004160728222,31.888526481244668
622.2,523.7736626077109,3.147457806871314,-4.647503470084216,-6.268876857085816e-08,3.0,118.82004147008219,31.88852827409454
622.4000000000001,523.7606946110367,3.34703694170823,-4.647503479078321,2.5331314751512107e-09,3.0,118.82004133288214,31.888530066944412
622.6,523.7477266147173,3.5466160765680326,-4.647503479079132,2.538710901192031e-09,3.0,118.82004119568211,31.888531859794284
622.8000000000001,523.7347586183978,3.7461952114280312,-4.647503479079133,2.537175134397205e-09,3.0,118.82004105848208,31.888533652644156
623.0,523.7217906220783,3.9457743462878634,-4.647503479079081,2.5362844732871786e-09,3.0,118.82004092128204,31.88853544549403
623.2,523.7088226257589,4.145353481147863,-4.647503479078289,2.53182922260784e-09,3.0,118.82004078408201,31.888537238343904
623.4000000000001,523.6958546294394,4.344932616007808,-4.647503479079088,2.53826424753485e-09,3.0,118.82004064688198,31.888539031193776
623.6,523.6828866331199,4.544511750867611,-4.647503479079118,2.537252912700546e-09,3.0,118.82004050968195,31.88854082404365
623.8000000000001,523.6699186368004,4.74409088572761,-4.6475034790790835,2.536311204779191e-09,3.0,118.82004037248191,31.88854261689352
624.0,523.656950640481,4.943670020587443,-4.64750347907829,2.531627347468738e-09,3.0,118.82004023528188,31.888544409743393
624.2,523.6439826441614,5.1432491554474415,-4.64750347907908,2.5375810829574855e-09,3.0,118.82004009808185,31.888546202593265
624.4000000000001,523.6310146478421,5.342828290307388,-4.647503479079095,2.5377089067612238e-09,3.0,118.82003996088181,31.888547995443137
624.6,523.6180466515414,5.5424074251694,-4.647503479251183,3.785058405104244e-09,3.0,118.82003982368178,31.88854978829301
624.8000000000001,523.6050786552286,5.741986560030147,-4.64750347907832,2.5307562861589387e-09,3.0,118.82003968648175,31.88855158114288
625.0,523.5921106589091,5.941565694889979,-4.647503479079051,2.5372883351863036e-09,3.0,118.82003954928172,31.888553373992753
625.2,523.5791426616069,6.141144829686108,-4.647503470084221,-6.268766708050322e-08,3.0,118.82003941208168,31.888555166842625
625.4000000000001,523.5661746659155,6.340723964586441,-4.647503488073221,6.775774057222221e-08,3.0,118.82003927488165,31.888556959692497
625.6,523.5532066699507,6.540303099469273,-4.647503479079085,2.53629283311627e-09,3.0,118.82003913768162,31.88855875254237
625.8000000000001,523.5402386736313,6.739882234329272,-4.647503479079051,2.5371131558644007e-09,3.0,118.82003900048159,31.88856054539224
626.0,523.5272706773119,6.939461369189105,-4.64750347907908,2.5386446206367874e-09,3.0,118.82003886328155,31.888562338242117
626.2,523.5143026809923,7.139040504049104,-4.64750347907837,2.5333104433032106e-09,3.0,118.82003872608152,31.88856413109199
626.4000000000001,523.5013346846729,7.33861963890905,-4.647503479079138,2.5373238691805748e-09,3.0,118.82003858888149,31.88856592394186
626.6,523.4883666883534,7.538198773768852,-4.647503479079086,2.5362574144335796e-09,3.0,118.82003845168146,31.888567716791734
626.8000000000001,523.4753986910512,7.73777790856498,-4.647503470084186,-6.268871996500043e-08,3.0,118.82003831448142,31.888569509641606
627.0,523.4624306943768,7.937357043401783,-4.647503479078322,2.5327718839765813e-09,3.0,118.82003817728138,31.888571302491478
627.2,523.4494626980575,8.136936178261783,-4.647503479079118,2.5373723626913914e-09,3.0,118.82003804008134,31.88857309534135
627.4000000000001,523.436494701738,8.336515313121728,-4.647503479079088,2.536277393298427e-09,3.0,118.82003790288131,31.888574888191222
627.6,523.4235267054185,8.53609444798153,-4.647503479079051,2.5370578901548038e-09,3.0,118.82003776568128,31.888576681041094
627.8000000000001,523.4105587100819,8.735673582904948,-4.6475034880731805,6.775816403746914e-08,3.0,118.82003762848126,31.888578473890966
628.0,523.3975907141358,8.93525271779002,-4.647503479251182,3.784389385147785e-09,3.0,118.82003749128123,31.88858026674084
628.2,523.38462271684,9.134831852586867,-4.647503470084066,-6.283219324286863e-08,3.0,118.8200373540812,31.88858205959071
628.4000000000001,523.3716547200629,9.334410987415996,-4.647503478876752,-2.69961356461406e-08,3.0,118.82003721688115,31.888583852440583
628.6,523.3586867268672,9.53399012247911,-4.647503653860303,-4.275404428798612e-06,3.0,118.82003707968116,31.88858564529046
628.8000000000001,523.3457192840918,9.733569293306955,-4.647537321446883,-0.0008490844847096346,3.0,118.82003694248698,31.888587438140654
629.0,523.3326266258847,9.93314024764964,-4.645971364373415,0.0002472698555995323,3.0,118.82003680396804,31.888589230917038
629.2,523.3192168945458,10.132690122992308,-4.644060028874631,0.0019953192147316263,3.0,118.8200366620945,31.888591023504066
629.4000000000001,523.3056215420809,10.332227501701032,-4.644455031844004,6.805489884855311e-06,3.0,118.8200365182571,31.88859281597884
629.6,523.292045227485,10.531766178858229,-4.64445523176709,4.7130359611930765e-08,3.0,118.82003637462113,31.888594608465272
629.8000000000001,523.2784689254069,10.73130485686827,-4.644455228590646,-1.8173059831062415e-08,3.0,118.82003623098528,31.888596400951716
630.0,523.2648926242147,10.930843534938415,-4.644455237612688,4.7034376361966127e-08,3.0,118.82003608734945,31.88859819343816
630.2,523.251316322396,11.130382212966168,-4.6444552286198615,-1.8179832366904243e-08,3.0,118.8200359437136,31.8885999859246
630.4000000000001,523.2377400202226,11.329920890969708,-4.6444552286198375,-1.8181406698705454e-08,3.0,118.82003580007776,31.888601778411044
630.6,523.2241637180296,11.52945956897095,-4.6444552284388685,-1.9492744871787352e-08,3.0,118.82003565644192,31.888603570897484
630.8000000000001,523.2105874168119,11.728998247038653,-4.644455237432665,4.5727291670246715e-08,3.0,118.82003551280609,31.888605363383927
631.0,523.1970111149861,11.928536925065696,-4.644455228619838,-1.818104793422349e-08,3.0,118.82003536917024,31.88860715587037
631.2,523.1834348128127,12.12807560306929,-4.6444552286197975,-1.8180250955705357e-08,3.0,118.8200352255344,31.88860894835681
631.4000000000001,523.1698585116219,12.327614281139637,-4.64445523761284,4.7034043294500386e-08,3.0,118.82003508189857,31.888610740843255
631.6,523.1562822097835,12.527152959165038,-4.644455228439695,-1.9486910456963097e-08,3.0,118.82003493826272,31.8886125333297
631.8000000000001,523.1427059076029,12.726691637168203,-4.644455228619055,-1.8185804150020505e-08,3.0,118.82003479462688,31.88861432581614
632.0,523.1291296054297,12.92623031517163,-4.644455228619824,-1.8179113113776718e-08,3.0,118.82003465099103,31.888616118302583
632.2,523.1155533042191,13.12576899323976,-4.644455237432723,4.572717171787966e-08,3.0,118.8200345073552,31.888617910789026
632.4000000000001,523.1019770023934,13.325307671266918,-4.644455228619836,-1.8180748599963156e-08,3.0,118.82003436371936,31.888619703275467
632.6,523.0884007002004,13.52484634926816,-4.644455228439653,-1.948624419604544e-08,3.0,118.82003422008351,31.88862149576191
632.8000000000001,523.0748243980199,13.724385027271323,-4.644455228619838,-1.817989054443376e-08,3.0,118.82003407644767,31.88862328824835
633.0,523.0612480968289,13.923923705341556,-4.644455237612091,4.702751978878743e-08,3.0,118.82003393281184,31.888625080734794
633.2,523.0476717949906,14.123462383367155,-4.644455228439663,-1.948553852104432e-08,3.0,118.820033789176,31.888626873221238
633.4000000000001,523.0340954928101,14.323001061370267,-4.644455228619862,-1.8180022649723807e-08,3.0,118.82003364554015,31.888628665707678
633.6,523.0205191906173,14.522539739371506,-4.644455228439676,-1.9488094644124e-08,3.0,118.8200335019043,31.888630458194122
633.8000000000001,523.0069428894192,14.72207841744148,-4.644455237612791,4.703308148131366e-08,3.0,118.82003335826847,31.888632250680566
634.0,522.9933665876005,14.921617095469065,-4.644455228619819,-1.817975997026243e-08,3.0,118.82003321463263,31.888634043167006
634.2,522.9797902854269,15.121155773472656,-4.644455228619078,-1.8186865714532142e-08,3.0,118.82003307099679,31.88863583565345
634.4000000000001,522.966213983234,15.32069445147404,-4.6444552284396305,-1.9487751911007548e-08,3.0,118.82003292736094,31.888637628139893
634.6,522.9526376820164,15.520233129541548,-4.6444552374326475,4.572732508729144e-08,3.0,118.82003278372511,31.888639420626333
634.8000000000001,522.939061381173,15.719771807635565,-4.644455237612856,4.7033616769012854e-08,3.0,118.82003264008928,31.888641213112777
635.0,522.9254850793543,15.919310485663152,-4.644455228619837,-1.8180494874824406e-08,3.0,118.82003249645344,31.88864300559922
635.2,522.9119087771808,16.11884916366675,-4.644455228619056,-1.8184892923268975e-08,3.0,118.82003235281759,31.88864479808566
635.4000000000001,522.8983324750076,16.318387841670287,-4.644455228619854,-1.8180775895982684e-08,3.0,118.82003220918175,31.888646590572105
635.6,522.8847561737971,16.517926519738218,-4.644455237432666,4.5725871073396646e-08,3.0,118.82003206554592,31.88864838305855
635.8000000000001,522.8711798719711,16.71746519776543,-4.644455228619791,-1.8179264139078054e-08,3.0,118.82003192191007,31.88865017554499
636.0,522.8576035697782,16.917003875766703,-4.6444552284397025,-1.9486299199422316e-08,3.0,118.82003177827423,31.888651968031432
636.2,522.8440272675979,17.116542553769865,-4.644455228619837,-1.818080446214184e-08,3.0,118.82003163463838,31.888653760517872
636.4000000000001,522.8304509664068,17.31608123184021,-4.64445523761206,4.702787686537198e-08,3.0,118.82003149100255,31.888655553004316
636.6,522.8168746645686,17.515619909865613,-4.644455228439674,-1.948669998900209e-08,3.0,118.82003134736671,31.88865734549076
636.8000000000001,522.803298362388,17.71515858786878,-4.644455228619823,-1.8181052920702724e-08,3.0,118.82003120373086,31.8886591379772
637.0,522.7897220602147,17.91469726587221,-4.644455228619796,-1.8180458048559626e-08,3.0,118.82003106009502,31.888660930463644
637.2,522.7761457590042,18.114235943940336,-4.644455237432678,4.572729529355018e-08,3.0,118.82003091645919,31.888662722950087
637.4000000000001,522.7625694571784,18.313774621967493,-4.644455228619839,-1.818199712205157e-08,3.0,118.82003077282334,31.888664515436528
637.6,522.7489931549852,18.513313299968736,-4.644455228438847,-1.9493140293911926e-08,3.0,118.8200306291875,31.88866630792297
637.8000000000001,522.7354168528049,18.7128519779719,-4.644455228619791,-1.817911507319091e-08,3.0,118.82003048555165,31.888668100409415
638.0,522.7218405516139,18.912390656042138,-4.644455237612879,4.703378868586879e-08,3.0,118.82003034191582,31.888669892895855
638.2,522.7082642497953,19.111929334069885,-4.644455228619844,-1.8180727923434166e-08,3.0,118.82003019827998,31.8886716853823
638.4000000000001,522.6946879476023,19.311468012071273,-4.644455228439653,-1.9486226794000174e-08,3.0,118.82003005464414,31.88867347786874
638.6,522.6811116454023,19.511006690072087,-4.644455228439684,-1.94861518496123e-08,3.0,118.82002991100829,31.888675270355183
638.8000000000001,522.6675353442041,19.710545368142057,-4.644455237612095,4.70273019399519e-08,3.0,118.82002976737246,31.888677062841627
639.0,522.6539590423854,19.910084046169644,-4.644455228619812,-1.81791462021978e-08,3.0,118.82002962373662,31.888678855328067
639.2,522.6403827411945,20.109622724240044,-4.644455237612877,4.703359335310278e-08,3.0,118.82002948010079,31.88868064781451
639.4000000000001,522.6268064393757,20.309161402267744,-4.644455228619837,-1.8181391185323673e-08,3.0,118.82002933646494,31.888682440300954
639.6,522.6132301371829,20.508700080268987,-4.644455228439631,-1.9485534542142518e-08,3.0,118.8200291928291,31.888684232787394
639.8000000000001,522.599653835965,20.708238758336687,-4.644455237431962,4.572205597591232e-08,3.0,118.82002904919327,31.888686025273838
640.0,522.5860775341392,20.907777436363727,-4.644455228619848,-1.8181022922180578e-08,3.0,118.82002890555742,31.88868781776028
640.2,522.5725012319658,21.107316114367322,-4.644455228619799,-1.8180745061555145e-08,3.0,118.82002876192158,31.888689610246722
640.4000000000001,522.5589249297926,21.306854792370864,-4.644455228619806,-1.8180208116493406e-08,3.0,118.82002861828573,31.888691402733166
640.6,522.545348628582,21.5063934704388,-4.644455237432686,4.572602144924378e-08,3.0,118.8200284746499,31.88869319521961
640.8000000000001,522.5317723267561,21.705932148466008,-4.6444552286197975,-1.818064778810073e-08,3.0,118.82002833101406,31.88869498770605
641.0,522.5181960245634,21.905470826467283,-4.644455228439655,-1.9485448105621835e-08,3.0,118.82002818737821,31.888696780192493
641.2,522.5046197223827,22.105009504470445,-4.644455228619103,-1.8185312758288916e-08,3.0,118.82002804374237,31.888698572678937
641.4000000000001,522.4910434211919,22.304548182540792,-4.644455237612856,4.7032062338458716e-08,3.0,118.82002790010654,31.888700365165377
641.6,522.4774671193732,22.504086860568346,-4.644455228619785,-1.817910349177527e-08,3.0,118.8200277564707,31.88870215765182
641.8000000000001,522.4638908171802,22.70362553856978,-4.644455228439708,-1.9486100068374702e-08,3.0,118.82002761283485,31.88870395013826
642.0,522.4503145149998,22.903164216572783,-4.644455228619844,-1.818086838485212e-08,3.0,118.820027469199,31.888705742624705
642.2,522.436738213789,23.102702894640917,-4.644455237431902,4.5721500782352496e-08,3.0,118.82002732556317,31.88870753511115
642.4000000000001,522.4231619119633,23.30224157266807,-4.6444552286198295,-1.8180182413016203e-08,3.0,118.82002718192733,31.88870932759759
642.6,522.40958560979,23.50178025067147,-4.644455228619827,-1.8180765054501594e-08,3.0,118.82002703829149,31.888711120084032
642.8000000000001,522.3960093075971,23.701318928672908,-4.644455228439652,-1.9485569207391836e-08,3.0,118.82002689465564,31.888712912570476
643.0,522.382433006399,23.900857606742708,-4.644455237612877,4.703401429284804e-08,3.0,118.82002675101981,31.888714705056916
643.2,522.3688567045803,24.10039628477046,-4.64445522861985,-1.8182001729522267e-08,3.0,118.82002660738397,31.88871649754336
643.4000000000001,522.3552804033892,24.299934962840812,-4.64445523761202,4.7026458552073616e-08,3.0,118.82002646374814,31.888718290029804
643.6,522.3417041005684,24.499473640799632,-4.64445521944661,-8.469929421036025e-08,3.0,118.82002632011228,31.888720082516244
643.8000000000001,522.3281277989962,24.699012318843177,-4.644455237432712,4.572593187487494e-08,3.0,118.82002617647645,31.888721875002688
644.0,522.3145514971703,24.89855099687022,-4.644455228619793,-1.8180807577492155e-08,3.0,118.8200260328406,31.88872366748913
644.2,522.3009751959795,25.09808967494062,-4.6444552376128225,4.7033469685431597e-08,3.0,118.82002588920477,31.88872545997557
644.4000000000001,522.2873988941608,25.297628352968317,-4.64445522861983,-1.818041961033218e-08,3.0,118.82002574556893,31.888727252462015
644.6,522.2738225919677,25.49716703096956,-4.644455228438901,-1.949283739916307e-08,3.0,118.82002560193308,31.88872904494846
644.8000000000001,522.2602462907502,25.696705709037264,-4.6444552374326635,4.572785376479017e-08,3.0,118.82002545829725,31.8887308374349
645.0,522.2466699889243,25.89624438706431,-4.64445522861986,-1.8179621435309385e-08,3.0,118.82002531466141,31.888732629921343
645.2,522.233093686751,26.095783065067902,-4.644455228619844,-1.818170464424307e-08,3.0,118.82002517102556,31.888734422407786
645.4000000000001,522.2195173845776,26.295321743071444,-4.644455228619777,-1.8179149727043105e-08,3.0,118.82002502738972,31.888736214894227
645.6,522.2059410833866,26.49486042114164,-4.644455237612115,4.7028327623162256e-08,3.0,118.82002488375389,31.88873800738067
645.8000000000001,522.1923647815483,26.69439909916724,-4.644455228439689,-1.9487381034743713e-08,3.0,118.82002474011804,31.88873979986711
646.0,522.1787884803306,26.89393777723478,-4.644455237432662,4.5727959697839715e-08,3.0,118.82002459648221,31.888741592353554
646.2,522.1652121775223,27.093476455195297,-4.644455219626847,-8.339360383322283e-08,3.0,118.82002445284635,31.888743384839998
646.4000000000001,522.1516358759768,27.293015133241592,-4.644455237612844,4.703239689039276e-08,3.0,118.82002430921052,31.888745177326438
646.6,522.1380595741581,27.492553811269154,-4.644455228619796,-1.8180884024898645e-08,3.0,118.82002416557468,31.888746969812882
646.8000000000001,522.1244832729475,27.692092489337284,-4.644455237431902,4.572224601220465e-08,3.0,118.82002402193885,31.888748762299326
647.0,522.1109069701392,27.89163116729786,-4.644455219626838,-8.339455860789563e-08,3.0,118.82002387830299,31.888750554785766
647.2,522.0973306685937,28.09116984534422,-4.644455237612813,4.703179904173343e-08,3.0,118.82002373466716,31.88875234727221
647.4000000000001,522.0837543667553,28.29070852336976,-4.644455228439621,-1.9485512668920623e-08,3.0,118.82002359103132,31.888754139758653
647.6,522.0701780655573,28.49024720143953,-4.644455237612878,4.703389081607726e-08,3.0,118.82002344739549,31.888755932245093
647.8000000000001,522.0566017627366,28.689785879398208,-4.644455219446675,-8.470069707315548e-08,3.0,118.82002330375963,31.888757724731537
648.0,522.0430254611839,28.889324557443743,-4.644455237612062,4.7028931587461016e-08,3.0,118.8200231601238,31.888759517217977
648.2,522.0294491593652,29.088863235471493,-4.644455228619863,-1.818039771402741e-08,3.0,118.82002301648795,31.88876130970442
648.4000000000001,522.0158728581742,29.288401913541843,-4.644455237612836,4.703249072725713e-08,3.0,118.82002287285212,31.888763102190865
648.6,522.002296556336,29.487940591567245,-4.644455228439644,-1.9485565944229353e-08,3.0,118.82002272921628,31.88876489467731
648.8000000000001,521.9887202541358,29.68747926956825,-4.644455228439707,-1.9485503318122236e-08,3.0,118.82002258558043,31.88876668716375
649.0,521.9751439529379,29.887017947638057,-4.644455237612879,4.703255241274571e-08,3.0,118.8200224419446,31.888768479650192
649.2,521.9615676511189,30.08655662566581,-4.644455228619039,-1.8185506487875727e-08,3.0,118.82002229830876,31.888770272136632
649.4000000000001,521.9479913499281,30.286095303736158,-4.644455237612851,4.7034255759256314e-08,3.0,118.82002215467293,31.888772064623076
649.6,521.9344150471269,30.485633981697244,-4.644455219626841,-8.339464706379216e-08,3.0,118.82002201103707,31.88877385710952
649.8000000000001,521.9208387455421,30.685172659739404,-4.644455237252499,4.44198499245083e-08,3.0,118.82002186740124,31.88877564959596
650.0,521.9072624437093,30.884711337765793,-4.644455228619805,-1.8179050548679528e-08,3.0,118.8200217237654,31.888777442082404
650.2,521.8936861425182,31.08425001583619,-4.644455237612119,4.7025998986821765e-08,3.0,118.82002158012956,31.888779234568847
650.4000000000001,521.8801098397171,31.283788693797426,-4.6444552196267495,-8.339451426503964e-08,3.0,118.8200214364937,31.888781027055288
650.6,521.8665335381716,31.483327371843583,-4.644455237612815,4.703433128303359e-08,3.0,118.82002129285787,31.88878281954173
650.8000000000001,521.8529572363333,31.68286604986918,-4.644455228439706,-1.9485783714567622e-08,3.0,118.82002114922203,31.888784612028175
651.0,521.8393809351352,31.882404727938983,-4.644455237612869,4.703252718609459e-08,3.0,118.8200210055862,31.888786404514615
651.2,521.8258046323144,32.08194340589766,-4.6444552194466295,-8.469989872993529e-08,3.0,118.82002086195034,31.88878819700106
651.4000000000001,521.8122283307619,32.28148208394331,-4.644455237612849,4.703394081242655e-08,3.0,118.82002071831451,31.888789989487503
651.6,521.7986520289429,32.48102076197087,-4.644455228619087,-1.8186626163391166e-08,3.0,118.82002057467867,31.888791781973943
651.8000000000001,521.7850757277325,32.680559440039,-4.644455237432657,4.572806654173446e-08,3.0,118.82002043104283,31.888793574460387
652.0,521.7714994259067,32.880098118066044,-4.644455228619864,-1.817939341032325e-08,3.0,118.82002028740699,31.88879536694683
652.2,521.7579231237333,33.07963679606963,-4.6444552286198535,-1.8181880335588662e-08,3.0,118.82002014377115,31.88879715943327
652.4000000000001,521.7443468215404,33.27917547407102,-4.644455228439615,-1.948565938687586e-08,3.0,118.8200200001353,31.888798951919714
652.6,521.7307705203423,33.47871415214079,-4.644455237612114,4.702875303487604e-08,3.0,118.82001985649947,31.888800744406154
652.8000000000001,521.7171942185236,33.678252830168546,-4.64445522861986,-1.8180892062824835e-08,3.0,118.82001971286363,31.888802536892598
653.0,521.7036179163305,33.877791508169814,-4.644455228439646,-1.9488222768177763e-08,3.0,118.82001956922778,31.88880432937904
653.2,521.6900416141501,34.07733018617298,-4.644455228619769,-1.8180117770130388e-08,3.0,118.82001942559194,31.888806121865482
653.4000000000001,521.6764653129592,34.276868864243326,-4.644455237612845,4.7032399821118324e-08,3.0,118.8200192819561,31.888807914351926
653.6,521.6628890121033,34.476407542335416,-4.6444552374326555,4.5726059380931393e-08,3.0,118.82001913832028,31.88880970683837
653.8000000000001,521.649312709295,34.67594622029594,-4.644455219626783,-8.339259601123482e-08,3.0,118.82001899468442,31.88881149932481
654.0,521.6357364077298,34.87548489833986,-4.644455237431961,4.572122313001411e-08,3.0,118.82001885104859,31.888813291811253
654.2,521.622160105904,35.075023576367066,-4.6444552286198215,-1.818173591447992e-08,3.0,118.82001870741274,31.888815084297697
654.4000000000001,521.6085838047131,35.27456225443742,-4.6444552376127906,4.7033149297077946e-08,3.0,118.82001856377691,31.888816876784137
654.6,521.5950075019119,35.4741009323985,-4.644455219626802,-8.33936969572146e-08,3.0,118.82001842014105,31.88881866927058
654.8000000000001,521.5814312003664,35.67363961044485,-4.644455237612841,4.7031506809960726e-08,3.0,118.82001827650522,31.888820461757025
655.0,521.5678548985082,35.87317828846824,-4.644455228258694,-2.0797163552215702e-08,3.0,118.82001813286938,31.888822254243465
655.2,521.554278597303,36.072716966537435,-4.644455237612828,4.696576662809554e-08,3.0,118.82001798923355,31.88882404672991
655.4000000000001,521.540702295445,36.27225564456247,-4.644455228605722,-3.1352976582627995e-08,3.0,118.8200178455977,31.888825839216352
655.6,521.5271259896394,36.47179432231885,-4.644455262036993,-2.3064280528654497e-06,3.0,118.82001770196182,31.88882763170279
655.8000000000001,521.5135489010565,36.67133294681146,-4.644460923652232,-0.0004486450787679656,3.0,118.82001755831766,31.888829424188753
656.0,521.499885010847,36.87086561140276,-4.6424786751591185,0.028319177277319838,3.0,118.82001741375514,31.888831216621174
656.2,521.4855250253332,37.07034936873124,-4.639969056451883,0.00351774177785396,3.0,118.820017261828,31.888833008614256
656.4000000000001,521.4710025129614,37.269821412493535,-4.639659076723284,2.9386738398715015e-05,3.0,118.82001710818136,31.888834800502114
656.6,521.4564684546775,37.46929261630397,-4.639653438818554,1.6717706300853415e-07,3.0,118.82001695441255,31.888836592382425
656.8000000000001,521.441934163715,37.66876380316147,-4.639653399404197,-2.7452631464539135e-08,3.0,118.82001680064128,31.888838384262584
657.0,521.4273998721212,37.86823498997268,-4.639653408308354,3.7762060559807354e-08,3.0,118.82001664687002,31.888840176142743
657.2,521.4128655798752,38.06770617673583,-4.639653399124943,-2.8827967562158507e-08,3.0,118.82001649309873,31.8888419680229
657.4000000000001,521.39833128827,38.26717736354609,-4.639653408307776,3.7761004260046954e-08,3.0,118.82001633932747,31.888843759903057
657.6,521.3837969970268,38.46664855038263,-4.6396534083077166,3.7762737935815464e-08,3.0,118.8200161855562,31.888845551783216
657.8000000000001,521.3692627038201,38.66611973707695,-4.639653390327872,-9.262309088404128e-08,3.0,118.82001603178492,31.888847343663375
658.0,521.354728411868,38.86559092386226,-4.639653408306964,3.77568480984591e-08,3.0,118.82001587801363,31.888849135543534
658.2,521.340194119622,39.065062110625405,-4.639653399124942,-2.8829466295621165e-08,3.0,118.82001572424235,31.88885092742369
658.4000000000001,521.3256598280377,39.26453329743803,-4.639653408500591,3.91605796395834e-08,3.0,118.82001557047109,31.88885271930385
658.6,521.3111255367811,39.464004484273005,-4.639653408114885,3.636452786398904e-08,3.0,118.82001541669982,31.888854511184007
658.8000000000001,521.2965912435667,39.66347567096674,-4.639653390327884,-9.262212248153695e-08,3.0,118.82001526292854,31.888856303064166
659.0,521.2820569516148,39.86294685775205,-4.639653408307759,3.776316766434577e-08,3.0,118.82001510915725,31.888858094944325
659.2,521.2675226603506,40.062418044586416,-4.6396534081149206,3.636311059629971e-08,3.0,118.82001495538599,31.888859886824484
659.4000000000001,521.2529883681179,40.261889231351084,-4.63965339931703,-2.743452763168797e-08,3.0,118.8200148016147,31.88886167870464
659.6,521.2384540765203,40.461360418161995,-4.6396534083077885,3.776202529217997e-08,3.0,118.82001464784344,31.8888634705848
659.8000000000001,521.2239197842952,40.660831604927296,-4.639653399317801,-2.7428943854890775e-08,3.0,118.82001449407215,31.888865262464957
660.0,521.2093854917159,40.8603027916668,-4.639653399317841,-2.7429459035518286e-08,3.0,118.82001434030087,31.888867054345116
660.2,521.1948512001183,41.05977397847791,-4.639653408307774,3.776239870919231e-08,3.0,118.8200141865296,31.888868846225275
660.4000000000001,521.1803169078723,41.25924516524101,-4.639653399124946,-2.8827197236393615e-08,3.0,118.82001403275832,31.88887063810543
660.6,521.165782616267,41.458716352051106,-4.639653408307039,3.775683579190317e-08,3.0,118.82001387898706,31.88887242998559
660.8000000000001,521.151248324042,41.65818753881641,-4.6396533993178135,-2.7428781860881764e-08,3.0,118.82001372521577,31.88887422186575
661.0,521.1367140314627,41.857658725555915,-4.639653399317846,-2.7429715592886253e-08,3.0,118.82001357144449,31.888876013745907
661.2,521.122179739865,42.057129912367024,-4.639653408307765,3.7762113199673694e-08,3.0,118.82001341767322,31.888877805626066
661.4000000000001,521.107645447619,42.25660109913012,-4.639653399124935,-2.8828656953580635e-08,3.0,118.82001326390194,31.888879597506225
661.6,521.0931111550531,42.45607228587128,-4.639653399510672,-2.6031826520548437e-08,3.0,118.82001311013066,31.88888138938638
661.8000000000001,521.0785768634421,42.6555434726807,-4.639653408114873,3.6363752285828476e-08,3.0,118.82001295635939,31.88888318126654
662.0,521.0640425712095,42.85501465944526,-4.639653399317811,-2.7430490416666388e-08,3.0,118.82001280258811,31.8888849731467
662.2,521.0495082796118,43.05448584625636,-4.639653408306975,3.775737817896882e-08,3.0,118.82001264881684,31.888886765026857
662.4000000000001,521.0349739883476,43.25395703309068,-4.639653408114915,3.636305212647253e-08,3.0,118.82001249504557,31.888888556907016
662.6,521.0204395311031,43.453428215007456,-4.639638237572588,0.0009331279362287045,3.0,118.82001234127256,31.88889034878713
662.8000000000001,521.0058457959041,43.65289510004763,-4.638884691181827,0.006570361961745524,3.0,118.82001218687238,31.888892140628645
663.0,520.9909905500365,43.852342657166666,-4.637021906215286,0.01203032967923516,3.0,118.82001202970544,31.888893932296533
663.2,520.9756559620487,44.051753894139175,-4.634082500454158,0.0173411084490267,3.0,118.82001186746712,31.888895723638154
663.4000000000001,520.9596302770026,44.25111072714524,-4.6300936403591315,0.02252914449501655,3.0,118.82001169791707,31.888897514491056
663.6,520.942706820812,44.45039327984352,-4.625077360414021,0.027619326438246647,3.0,118.82001151886868,31.888899304676684
663.8000000000001,520.9246830754324,44.649579217656424,-4.619050866792366,0.03263506927243166,3.0,118.82001132817936,31.88890109399441
664.0,520.9053598257769,44.84864310144295,-4.612026824664565,0.037598396926499814,3.0,118.82001112374141,31.8889028822157
664.2,520.8845403510858,45.04755600614142,-4.604013619490844,0.042530020573412354,3.0,118.82001090347357,31.888904669080727
664.4000000000001,520.8620297346886,45.24628463860192,-4.5950156223831184,0.047449386485516214,3.0,118.82001066531362,31.888906454290407
664.6,520.8376342953494,45.44479017125781,-4.585033469362786,0.05237469272559005,3.0,118.82001040721245,31.888908237495944
664.8000000000001,520.811160779847,45.64302958776225,-4.57406420756991,0.057322938166815655,3.0,118.82001012712544,31.888910018310924
665.0,520.7824162735116,45.84095189591283,-4.562101706161215,0.06230980854415161,3.0,118.8200098230116,31.888911796277267
665.2,520.7512074328995,46.038500330639565,-4.549136763951938,0.0673496704301021,2.980495409310604,118.82000949282536,31.88891357088505
665.4000000000001,520.7173403133786,46.23561049472807,-4.535157443341877,0.07245541771408785,2.9263207078038307,118.8200091345148,31.88891534155578
665.6,520.6806203328106,46.43220875251887,-4.520149446985499,0.07763826994180545,2.8711239758884712,118.82000874602129,31.88891710762798
665.8000000000001,520.6408519359879,46.62821296585668,-4.5040963630103645,0.08290757272548947,2.8148450907503864,118.82000832527585,31.888918868363785
666.0,520.5978388320704,46.82353063367713,-4.486980145095695,0.08827046653321839,2.757417792958053,118.82000787020175,31.888920622932247
666.2,520.5513843474344,47.018057586726805,-4.468781639521539,0.09373149869820424,2.6987687720369054,118.8200073787182,31.888922370397598
666.4000000000001,520.5012911667627,47.211679821727365,-4.449480887800548,0.09929225260176917,2.6388165690175422,118.82000684873763,31.88892410973573
666.6,520.4473629432107,47.40426843022304,-4.429058178635467,0.10495071027169445,2.5774702490856463,118.82000627818272,31.888925839788634
666.8000000000001,520.389404266963,47.59568222976662,-4.407494482470332,0.11070076472707951,2.5146277825796703,118.82000566498604,31.888927559288053
667.0,520.3272221131568,47.78576544109371,-4.384772488390731,0.11653153556313733,2.4509095573752755,118.82000500710542,31.88892926683459
667.2,520.2606270994415,47.974347316697376,-4.360877593641953,0.12242670295680819,2.3911726966833293,118.8200043025372,31.888930960894402
667.4000000000001,520.1894349215721,48.1612420816758,-4.335798992695635,0.128363845776265,2.3352192389430715,118.82000354933147,31.888932639798643
667.6,520.1134688314141,48.34624713302089,-4.3095311587806275,0.13431376064633913,2.282909868562188,118.82000274561825,31.888934301727296
667.8000000000001,520.0325613146405,48.529144508477124,-4.282075049786451,0.14023997864574836,2.234153978624479,118.82000188962526,31.888935944722373
668.0,519.9465568312573,48.7097005449742,-4.253439678845664,0.14609839197226063,2.1889019192539796,118.8200009797069,31.888937566684845
668.2,519.8553147536215,48.88766629668282,-4.223643700761178,0.15183715581460033,2.147138157483286,118.82000001437535,31.888939165378392
668.4000000000001,519.7587117605984,49.06277987325083,-4.192716736744719,0.15739699554379538,2.1088748179894097,118.81999899232588,31.888940738450415
668.6,519.6566462692809,49.23476576373488,-4.16070121638206,0.16271185170155855,2.0741464917546137,118.81999791248374,31.888942283425955
668.8000000000001,519.5490401588844,49.40333984567433,-4.127653142139024,0.16771021664641408,2.043004202698302,118.81999677402246,31.8889437977527
669.0,519.4358426153048,49.56821087427109,-4.093643265778152,0.17231691333334315,2.0155105078936297,118.8199955764044,31.888945278814347
669.2,519.3170329040943,49.729084192477686,-4.058757576938115,0.17645549802706645,1.991734392438213,118.81999431941018,31.888946723963954
669.4000000000001,519.1926226838416,49.885666015388885,-4.023097255127932,0.18005116561525888,1.971746376454777,118.81999300316318,31.8889481305624
669.6,519.0626576950826,50.03766817257612,-3.9867780018638457,0.1830340126139367,1.9556139187871064,118.8199916281473,31.888949496021013
669.8000000000001,518.9272185154543,50.18481331588149,-3.94992866312471,0.18534244257822424,1.943397227956089,118.81999019521508,31.888950817848325
670.0,518.7864210981066,50.32683949921674,-3.9126893703617878,0.1869264262920467,1.9351456964071159,118.81998870559326,31.888952093691238
670.2,518.6404154386314,50.46350568165215,-3.87520882210702,0.1877503475625912,1.9308949432394922,118.81998716086879,31.88895332138444
670.4000000000001,518.4893838333696,50.59459621666394,-3.8376412331749457,0.18779511630645365,1.930664775130451,118.81998556297034,31.888954498990753
670.6,518.333537890639,50.71992507483863,-3.8001428767434886,0.18705933718211815,1.9344580866776764,118.81998391413671,31.888955624839042
670.8000000000001,518.1731146338182,50.83933929966756,-3.762868490311151,0.18555939536160312,1.9422608027474544,118.81998221687559,31.888956697555276
671.0,518.0083725116634,50.95272109816621,-3.7259679084197908,0.18332845826713384,1.9540428222498167,118.81998047392132,31.8889577160813
671.2,517.8395856448293,51.05998984229373,-3.689582696735638,0.1804144854536816,1.9697600182179977,118.81997868817407,31.888958679692823
671.4000000000001,517.6670396359253,51.161101752742724,-3.6538436661229543,0.17687749743565517,1.9893570050501603,118.81997686265551,31.88895958799657
671.6,517.4910260451019,51.25604955131867,-3.618868676591715,0.17278634751849392,2.0127707282263456,118.81997500045028,31.888960440927157
671.8000000000001,517.3118372530206,51.34486101622838,-3.584761157360616,0.16821530999868844,2.0399346734632537,118.81997310465178,31.88896123873412
672.0,517.1297625095742,51.42759639056883,-3.55160945169162,0.16324078913963772,2.070783411091288,118.8199711783202,31.888961981958634
672.2,516.9450840724722,51.504345526762144,-3.519486689996243,0.1579383494261276,2.1052574966099926,118.81996922444183,31.888962671407853
672.4000000000001,516.7580737798143,51.575224721608805,-3.4884511785275474,0.15238022424202882,2.143308645746938,118.81996724589267,31.888963308126495
672.6,516.5689899714027,51.64037341510835,-3.4585471904515126,0.14663337940430618,2.184905199353209,118.81996524540592,31.888963893367166
672.8000000000001,516.3780766322081,51.69995029473604,-3.4298063363240776,0.1407582036397421,2.2300374794715916,118.81996322556294,31.88896442855538
673.0,516.1855616953425,51.75413009041126,-3.402248897652282,0.13480769610017554,2.2787237392007547,118.81996118877522,31.888964915260765
673.2,515.9916558076732,51.80310051246984,-3.3758852802663584,0.128827115967435,2.3310166617285275,118.8199591372714,31.888965355169553
673.4000000000001,515.7965519400087,51.84705930786726,-3.350717563110306,0.12285401888812716,2.387010536379516,118.81995707309306,31.88896575005813
673.6,515.6004265212914,51.8862114184753,-3.3267411478084923,0.1169186081520346,2.4449579343593477,118.81995499810682,31.888966101767522
673.8000000000001,515.403438556264,51.92076701915348,-3.3039460210631253,0.11104420515850374,2.5015633713313745,118.81995291399494,31.888966412185766
674.0,515.2057314877263,51.950939363024965,-3.282318219333587,0.10524790967473535,2.5569159745260883,118.81995082227502,31.888966683228542
674.2,515.0074329171348,51.97694340864135,-3.2618408846503675,0.0995412416228556,2.6110954216165214,118.81994872429706,31.88896691682686
674.4000000000001,514.8086554957642,51.998994517868816,-3.2424953236985803,0.09393081936085325,2.66417328655379,118.81994662125292,31.888967114915342
674.6,514.6094981356639,52.01730742982062,-3.224261955333455,0.08841901460364912,2.716214148550649,118.81994451418906,31.88896727942303
674.8000000000001,514.4100482636459,52.03209546258268,-3.2071212083985774,0.0830045809116779,2.7672765132503097,118.81994240403047,31.88896741226619
675.0,514.2103799248099,52.04357027736255,-3.191053942519365,0.07768310284987692,2.8174135835525984,118.81994029156051,31.888967515346202
675.2,514.0105570462099,52.05194138947303,-3.1760422389313074,0.07244751588828513,2.866673909042805,118.81993817745554,31.88896759054518
675.4000000000001,513.8106335818538,52.05741614140538,-3.162069824758213,0.06728846766945734,2.9151019366030444,118.81993606228639,31.888967639725717
675.6,513.6106542079341,52.06019975593792,-3.149122489119873,0.0621946252020525,2.9627384799854886,118.81993394652571,31.88896766473135
675.8000000000001,513.4106555361099,52.0604955155811,-3.1371884808337236,0.05715292963239818,3.0,118.81993183056086,31.888967667388204
676.0,513.210666553196,52.05850507853832,-3.126258813247067,0.05214877092938774,3.0,118.81992971469853,31.888967649507805
676.2,513.0107087424838,52.05442887007345,-3.116327534799089,0.04716610067871993,3.0,118.819927599166,31.888967612890603
676.4000000000001,512.8107983317362,52.048466611775446,-3.107392088021932,0.04218754923045258,3.0,118.81992548413494,31.888967559330723
676.6,512.6109451919338,52.04081788254569,-3.0994534866520413,0.037194416518799074,3.0,118.81992336970981,31.88896749062102
676.8000000000001,512.4111542415048,52.03168279861542,-3.0925166228477092,0.032166688155548545,3.0,118.81992125594263,31.888967408559164
677.0,512.2114260612956,52.02126276897702,-3.0865905329665626,0.0270830002285153,3.0,118.81991914283957,31.888967314954446
677.2,512.0117571679914,52.009761307160936,-3.081688664060703,0.02192056961276378,3.0,118.81991703036374,31.888967211635055
677.4000000000001,511.81214058527274,51.99738492913953,-3.077829167879763,0.0166551119977341,3.0,118.81991491844136,31.88896710045616
677.6,511.6125662409912,51.98434411778961,-3.075035209103986,0.011260742942476792,3.0,118.81991280696586,31.88896698330856
677.8000000000001,511.41302168718624,51.970854385509476,-3.073335298867025,0.005709884232202476,3.0,118.81991069580553,31.888966862128232
678.0,511.21349260250935,51.957137402904316,-3.0727636287789974,-2.0128337478342893e-10,3.0,118.81990858480887,31.888966738906483
678.2,511.01396615897585,51.94338246449648,-3.0727636280866677,-3.316737403588279e-10,3.0,118.81990647384015,31.88896661534377
678.4000000000001,510.81443971542814,51.92962752628944,-3.072763631738478,3.3655723573598836e-10,3.0,118.81990436287143,31.888966491781055
678.6,510.6149132718766,51.91587258812233,-3.0727636287795552,-2.0714330472724338e-10,3.0,118.81990225190272,31.888966368218345
678.8000000000001,510.4153868283247,51.90211764996065,-3.0727636317383555,3.342277435494812e-10,3.0,118.819900140934,31.88896624465563
679.0,510.21586038477784,51.88836271174692,-3.072763628086312,-3.398697791537174e-10,3.0,118.81989802996527,31.88896612109292
679.2,510.01633394123024,51.874607773539914,-3.072763631737595,3.342258953875215e-10,3.0,118.81989591899655,31.888965997530207
679.4000000000001,509.8168074976786,51.86085283537281,-3.0727636287786395,-2.075925346526678e-10,3.0,118.81989380802784,31.888965873967496
679.6,509.6172810541405,51.84709789701163,-3.072763628778612,-2.0766777361598048e-10,3.0,118.81989169705912,31.888965750404783
679.8000000000001,509.4177546105935,51.83334295880336,-3.072763631044778,2.0950334806919849e-10,3.0,118.8198895860904,31.88896562684207
680.0,509.21822816704673,51.819588020590956,-3.0727636287790068,-2.0133624904679604e-10,3.0,118.81988747512167,31.88896550327936
680.2,509.0187017235085,51.80583308222974,-3.0727636287794495,-2.0450428283832568e-10,3.0,118.81988536415297,31.888965379716645
680.4000000000001,508.81917527995665,51.79207814406806,-3.0727636317384377,3.3650117786547037e-10,3.0,118.81988325318424,31.88896525615393
680.6,508.6196488363964,51.778323206053884,-3.0727636310456767,2.093349134344072e-10,3.0,118.81988114221552,31.88896513259122
680.8000000000001,508.4201223928495,51.764568267841454,-3.072763628779563,-2.07325351724552e-10,3.0,118.8198790312468,31.88896500902851
681.0,508.2205959492978,51.75081332967976,-3.07276363173807,3.2947836619558074e-10,3.0,118.81987692027809,31.888964885465796
681.2,508.0210695057461,51.73705839151268,-3.0727636287787345,-2.1009928243841481e-10,3.0,118.81987480930937,31.888964761903086
681.4000000000001,507.8215430622125,51.72330345310489,-3.072763628085846,-3.3451686548178793e-10,3.0,118.81987269834065,31.888964638340372
681.6,507.6220166186651,51.709548514897854,-3.072763631737511,3.361412484176915e-10,3.0,118.81987058737192,31.88896451477766
681.8000000000001,507.42249017511807,51.69579357668413,-3.072763628085872,-3.349186516881497e-10,3.0,118.81986847640322,31.888964391214948
682.0,507.22296373157064,51.68203863847715,-3.072763631738009,3.4588041090299633e-10,3.0,118.81986636543449,31.888964267652234
682.2,507.02343728800525,51.66828370050953,-3.072763631738523,3.379368675840045e-10,3.0,118.81986425446577,31.888964144089524
682.4000000000001,506.82391084445356,51.65452876234241,-3.072763628779646,-2.0876135332006333e-10,3.0,118.81986214349705,31.888964020526814
682.6,506.6243844009155,51.640773823981235,-3.072763628779562,-2.0711478838725902e-10,3.0,118.81986003252834,31.8889638969641
682.8000000000001,506.4248579573773,51.62701888562003,-3.0727636287795326,-2.0717124368263085e-10,3.0,118.81985792155962,31.888963773401386
683.0,506.22533151383044,51.61326394741176,-3.0727636310455457,2.0683011705837918e-10,3.0,118.8198558105909,31.888963649838672
683.2,506.02580507028347,51.599509009199316,-3.0727636287790765,-2.123189676663918e-10,3.0,118.81985369962219,31.888963526275962
683.4000000000001,505.8262786267453,51.58575407083813,-3.0727636287787146,-2.092751766412542e-10,3.0,118.81985158865346,31.888963402713248
683.6,505.62675218319856,51.571999132629884,-3.0727636310447646,2.0885643487180668e-10,3.0,118.81984947768474,31.888963279150534
683.8000000000001,505.427225739638,51.558244194616975,-3.072763631737551,3.3619045820918327e-10,3.0,118.81984736671602,31.888963155587824
684.0,505.22769929608654,51.54448925644988,-3.0727636287786697,-2.069385040553527e-10,3.0,118.81984525574731,31.888963032025114
684.2,505.02817285253457,51.53073431828824,-3.0727636317379123,3.4228550311541523e-10,3.0,118.81984314477859,31.8889629084624
684.4000000000001,504.82864640898754,51.516979380074496,-3.0727636280866597,-3.3216701522256343e-10,3.0,118.81984103380987,31.88896278489969
684.6,504.6291199654538,51.50322444166794,-3.072763628779555,-2.0728981701195548e-10,3.0,118.81983892284114,31.888962661336976
684.8000000000001,504.4295935219019,51.48946950350627,-3.0727636317384066,3.366507730288192e-10,3.0,118.81983681187243,31.888962537774262
685.0,504.2300670783504,51.47571456533917,-3.0727636287795397,-2.0734707430166925e-10,3.0,118.81983470090371,31.88896241421155
685.2,504.0305406348035,51.46195962713087,-3.072763631045298,2.0226125690119793e-10,3.0,118.81983258993499,31.888962290648838
685.4000000000001,503.8310141912429,51.448204689117986,-3.0727636317375984,3.3406583145639943e-10,3.0,118.81983047896627,31.888962167086127
685.6,503.6314877476913,51.434449750950904,-3.0727636287786533,-2.0721391824866285e-10,3.0,118.81982836799756,31.888962043523417
685.8000000000001,503.4319613041532,51.4206948125897,-3.072763628778645,-2.0764303816459475e-10,3.0,118.81982625702884,31.888961919960703
686.0,503.2324348606063,51.406939874381436,-3.0727636310447792,2.0885327935552786e-10,3.0,118.81982414606011,31.88896179639799
686.2,503.0329084170594,51.39318493616906,-3.072763628779146,-1.9776702403504076e-10,3.0,118.81982203509139,31.88896167283528
686.4000000000001,502.83338197352117,51.37942999780781,-3.0727636287796694,-2.0636688803257907e-10,3.0,118.81981992412268,31.888961549272565
686.6,502.6338555299831,51.365675059446616,-3.0727636287795974,-2.087173114242904e-10,3.0,118.81981781315396,31.88896142570985
686.8000000000001,502.4343290864225,51.351920121437885,-3.0727636340045352,7.530596155819738e-10,3.0,118.81981570218524,31.88896130214714
687.0,502.2348026428626,51.33816518341957,-3.072763628779539,-2.0720108871278701e-10,3.0,118.81981359121652,31.88896117858443
687.2,502.0352761993244,51.32441024505835,-3.0727636287793856,-2.096917054603558e-10,3.0,118.81981148024781,31.888961055021717
687.4000000000001,501.83574975577255,51.31065530689668,-3.0727636317379483,3.317017802322669e-10,3.0,118.81980936927908,31.888960931459003
687.6,501.63622331222564,51.29690036868297,-3.0727636280859674,-3.3638742678017056e-10,3.0,118.81980725831036,31.888960807896293
687.8000000000001,501.43669686869174,51.28314543027643,-3.0727636287786515,-2.0750848147562597e-10,3.0,118.81980514734164,31.88896068433358
688.0,501.23717042514,51.269390492114766,-3.0727636317375757,3.3618855692488633e-10,3.0,118.81980303637293,31.888960560770865
688.2,501.03764398158825,51.25563555394766,-3.0727636287787226,-2.069266872718873e-10,3.0,118.81980092540421,31.888960437208155
688.4000000000001,500.8381175380413,51.24188061573941,-3.072763631045116,2.148101556925041e-10,3.0,118.81979881443549,31.88896031364544
688.6,500.6385910944807,51.22812567772649,-3.0727636317383222,3.386194896583276e-10,3.0,118.81979670346676,31.88896019008273
688.8000000000001,500.439064650929,51.21437073955937,-3.072763628779531,-2.073186971207478e-10,3.0,118.81979459249806,31.88896006652002
689.0,500.23953820739104,51.20061580119819,-3.072763628779491,-2.0720532680887607e-10,3.0,118.81979248152933,31.888959942957307
689.2,500.0400117638442,51.18686086298991,-3.0727636310455044,2.068138323447783e-10,3.0,118.81979037056061,31.888959819394593
689.4000000000001,499.8404853202974,51.17310592477747,-3.0727636287790583,-2.1185805729603457e-10,3.0,118.81978825959189,31.888959695831883
689.6,499.64095887675927,51.1593509864163,-3.072763628778736,-2.0894793175645723e-10,3.0,118.81978614862318,31.88895957226917
689.8000000000001,499.44143243321224,51.145596048208034,-3.072763631044801,2.088587327535161e-10,3.0,118.81978403765446,31.888959448706455
690.0,499.2419059896473,51.13184111024176,-3.0727636324303673,4.6348745720424846e-10,3.0,118.81978192668574,31.888959325143745
690.2,499.042379546096,51.11808617207341,-3.0727636280859203,-3.3420101791484475e-10,3.0,118.81977981571701,31.888959201581034
690.4000000000001,498.8428531025622,51.104331233666876,-3.0727636287790463,-2.017675421974689e-10,3.0,118.8197777047483,31.88895907801832
690.6,498.6433266590154,51.090576295458604,-3.0727636310455337,2.11195593383341e-10,3.0,118.81977559377958,31.888958954455607
690.8000000000001,498.44380021546846,51.07682135724615,-3.072763628779524,-2.072358199624671e-10,3.0,118.81977348281086,31.888958830892896
691.0,498.24427377193047,51.06306641888497,-3.07276362877949,-2.071905504300273e-10,3.0,118.81977137184214,31.888958707330183
691.2,498.0447473283786,51.04931148072329,-3.0727636317383946,3.3639114610782433e-10,3.0,118.81976926087343,31.88895858376747
691.4000000000001,497.8452208848315,51.03555654250954,-3.072763628086381,-3.414446901965334e-10,3.0,118.8197671499047,31.88895846020476
691.6,497.6456944412796,51.02180160434917,-3.0727636324303855,4.619821599736967e-10,3.0,118.81976503893598,31.888958336642045
691.8000000000001,497.4461679977148,51.00804666638036,-3.072763631044737,2.0920692078690462e-10,3.0,118.81976292796726,31.888958213079334
692.0,497.24664155416804,50.99429172816794,-3.07276362877876,-2.0755449988119697e-10,3.0,118.81976081699855,31.888958089516624
692.2,497.04711511063454,50.98053678976013,-3.072763628085901,-3.348405561462359e-10,3.0,118.81975870602983,31.88895796595391
692.4000000000001,496.84758866708694,50.96678185155313,-3.072763631738087,3.462609745327311e-10,3.0,118.81975659506111,31.888957842391196
692.6,496.64806222353536,50.95302691338598,-3.0727636287796822,-2.0740404983197305e-10,3.0,118.8197544840924,31.888957718828486
692.8000000000001,496.4485357799972,50.93927197502479,-3.072763628779557,-2.087440427594642e-10,3.0,118.81975237312368,31.888957595265772
693.0,496.24900933645034,50.92551703681653,-3.0727636310456097,2.0931344366915122e-10,3.0,118.81975026215495,31.88895747170306
693.2,496.0494828928896,50.911762098803614,-3.0727636317383364,3.365143064653162e-10,3.0,118.81974815118623,31.888957348140348
693.4000000000001,495.849956449338,50.898007160636496,-3.072763628779399,-2.097327869255548e-10,3.0,118.81974604021752,31.888957224577638
693.6,495.6504300057862,50.884252222474814,-3.072763631737878,3.321847416397519e-10,3.0,118.8197439292488,31.888957101014924
693.8000000000001,495.45090356223915,50.87049728426112,-3.0727636280860473,-3.360007981847259e-10,3.0,118.81974181828008,31.888956977452214
694.0,495.25137711870553,50.856742345854585,-3.0727636287786892,-2.0763201296828825e-10,3.0,118.81973970731136,31.8889568538895
694.2,495.05185067516726,50.84298740749338,-3.0727636287787186,-2.0757771990857547e-10,3.0,118.81973759634265,31.888956730326786
694.4000000000001,494.8523242316154,50.829232469331714,-3.0727636317376437,3.36943414072563e-10,3.0,118.81973548537393,31.888956606764072
694.6,494.6527977880638,50.81547753116464,-3.072763628779032,-2.019665167363557e-10,3.0,118.8197333744052,31.888956483201362
694.8000000000001,494.4532713445168,50.801722592956345,-3.0727636310455244,2.1089712621826016e-10,3.0,118.81973126343648,31.888956359638648
695.0,494.2537449009563,50.78796765494344,-3.072763631738334,3.365058853602248e-10,3.0,118.81972915246777,31.888956236075938
695.2,494.0542184574046,50.774212716776326,-3.072763628779518,-2.071766473494982e-10,3.0,118.81972704149905,31.888956112513227
695.4000000000001,493.8546920138711,50.760457778368526,-3.072763628086698,-3.34762717353587e-10,3.0,118.81972493053033,31.888955988950514
695.6,493.65516557032356,50.746702840161454,-3.0727636317379767,3.2977119836789734e-10,3.0,118.8197228195616,31.8889558653878
695.8000000000001,493.4556391267719,50.73294790199438,-3.0727636287787736,-2.087092156236164e-10,3.0,118.8197207085929,31.88895574182509
696.0,493.25611268323854,50.719192963586586,-3.072763628085931,-3.344792626849608e-10,3.0,118.81971859762417,31.888955618262376
696.2,493.0565862396865,50.70543802542618,-3.072763632430407,4.635003640247196e-10,3.0,118.81971648665545,31.888955494699662
696.4000000000001,492.8570597961217,50.69168308745735,-3.0727636310447908,2.0892343414708418e-10,3.0,118.81971437568673,31.88895537113695
696.6,492.6575333525749,50.67792814924497,-3.0727636287792,-1.9739781149588146e-10,3.0,118.81971226471802,31.88895524757424
696.8000000000001,492.45800690902297,50.664173211083245,-3.0727636317385723,3.356958703269951e-10,3.0,118.8197101537493,31.888955124011527
697.0,492.2584804654761,50.65041827286954,-3.072763628086774,-3.3600702361958873e-10,3.0,118.81970804278058,31.888955000448817
697.2,492.05895402194227,50.63666333446299,-3.0727636287795037,-2.071401524400895e-10,3.0,118.81970593181185,31.888954876886103
697.4000000000001,491.8594275783903,50.62290839630131,-3.0727636317383156,3.3657820355194223e-10,3.0,118.81970382084315,31.88895475332339
697.6,491.6599011348435,50.60915345808759,-3.072763628086624,-3.371491036131368e-10,3.0,118.81970170987442,31.88895462976068
697.8000000000001,491.46037469130437,50.5953985197276,-3.072763629471784,-8.401988548036581e-11,3.0,118.8196995989057,31.888954506197965
698.0,491.26084824775234,50.58164358156466,-3.07276363104484,2.0799997481924767e-10,3.0,118.81969748793698,31.88895438263525
698.2,491.06132180419166,50.56788864355175,-3.0727636317376303,3.361761494840324e-10,3.0,118.81969537696827,31.88895425907254
698.4000000000001,490.8617953606447,50.554133705338025,-3.072763628085931,-3.348863067183853e-10,3.0,118.81969326599955,31.88895413550983
698.6,490.6622689171109,50.54037876693148,-3.0727636287788345,-2.0680234489375674e-10,3.0,118.81969115503082,31.888954011947117
698.8000000000001,490.46274247355905,50.52662382876983,-3.0727636317379146,3.4167548263831e-10,3.0,118.8196890440621,31.888953888384403
699.0,490.2632160300075,50.51286889060271,-3.072763628779439,-2.0589630425045958e-10,3.0,118.8196869330934,31.888953764821693
699.2,490.0636895864693,50.499113952241515,-3.072763628779474,-2.0734538186163863e-10,3.0,118.81968482212467,31.88895364125898
699.4000000000001,489.86416314291745,50.48535901407985,-3.072763631738271,3.365797352390841e-10,3.0,118.81968271115595,31.888953517696265
699.6,489.66463669935723,50.47160407606566,-3.0727636310454414,2.065522476895758e-10,3.0,118.81968060018723,31.888953394133555
699.8000000000001,489.4651102558104,50.457849137853216,-3.072763628779019,-2.1115970790755715e-10,3.0,118.81967848921852,31.888953270570845
700.0,489.26558381226346,50.44409419964497,-3.072763631044898,2.0815677217797818e-10,3.0,118.8196763782498,31.88895314700813
700.2,489.06605736871654,50.43033926143254,-3.072763628778729,-2.0752121382399053e-10,3.0,118.81967426728107,31.88895302344542
700.4000000000001,488.8665309251784,50.41658432307135,-3.0727636287787616,-2.0757838203717055e-10,3.0,118.81967215631236,31.888952899882707
700.6,488.6670044816265,50.40282938490969,-3.072763631737682,3.368868875105349e-10,3.0,118.81967004534364,31.888952776319993
700.8000000000001,488.4674780380749,50.3890744467426,-3.0727636287790547,-2.021964043816074e-10,3.0,118.81966793437492,31.888952652757283
701.0,488.26795159454156,50.37531950833478,-3.0727636280866752,-3.333885231606671e-10,3.0,118.8196658234062,31.88895252919457
701.2,488.0684251509939,50.36156457012773,-3.0727636317382907,3.3643348579381355e-10,3.0,118.81966371243749,31.888952405631855
701.4000000000001,487.8688987074285,50.34780963216016,-3.07276363173831,3.36623766569807e-10,3.0,118.81966160146877,31.888952282069145
701.6,487.66937226388166,50.334054693946435,-3.0727636280866633,-3.346731901915719e-10,3.0,118.81965949050004,31.888952158506434
701.8000000000001,487.46984582033406,50.32029975573938,-3.0727636317380105,3.2996794944853473e-10,3.0,118.81965737953132,31.88895203494372
702.0,487.2703193767825,50.30654481757231,-3.0727636287787328,-2.0826568916757995e-10,3.0,118.81965526856261,31.88895191138101
702.2,487.07079293324904,50.2927898791645,-3.072763628085966,-3.344645896198329e-10,3.0,118.81965315759389,31.888951787818296
702.4000000000001,486.87126648970985,50.27903494080453,-3.072763629471605,-8.02900725539618e-11,3.0,118.81965104662517,31.888951664255583
702.6,486.671740046158,50.265280002641575,-3.0727636310448205,2.0891990643970742e-10,3.0,118.81964893565645,31.88895154069287
702.8000000000001,486.47221360259744,50.25152506462871,-3.072763631738126,3.465995011445915e-10,3.0,118.81964682468774,31.88895141713016
703.0,486.2726871590459,50.23777012646156,-3.072763628779691,-2.0893183636953782e-10,3.0,118.81964471371901,31.888951293567448
703.2,486.07316071549906,50.2240151882533,-3.0727636310456274,2.078060236481625e-10,3.0,118.81964260275029,31.888951170004734
703.4000000000001,485.8736342719522,50.210260250040875,-3.0727636287794144,-2.0726545622961535e-10,3.0,118.81964049178157,31.888951046442024
703.6,485.6741078284141,50.19650531167968,-3.072763628779439,-2.0724032935982047e-10,3.0,118.81963838081286,31.88895092287931
703.8000000000001,485.47458138486223,50.182750373518,-3.072763631738165,3.3383827510807676e-10,3.0,118.81963626984414,31.888950799316596
704.0,485.27505494131077,50.168995435350894,-3.072763628779007,-2.107930201295118e-10,3.0,118.81963415887542,31.888950675753886
704.2,485.0755284977772,50.15524049694311,-3.0727636280860255,-3.354489332810201e-10,3.0,118.8196320479067,31.888950552191172
704.4000000000001,484.8760020542296,50.14148555873607,-3.0727636317376708,3.363009200308696e-10,3.0,118.81962993693799,31.88895042862846
704.6,484.6764756106692,50.12773062072189,-3.0727636310448627,2.0888803698960085e-10,3.0,118.81962782596926,31.888950305065748
704.8000000000001,484.47694916712226,50.11397568250946,-3.072763628778819,-2.0690500652764746e-10,3.0,118.81962571500054,31.888950181503038
705.0,484.2774227235705,50.10022074434782,-3.072763631737983,3.4135596616525343e-10,3.0,118.81962360403182,31.888950057940324
705.2,484.0778962800188,50.08646580618069,-3.0727636287793665,-2.062610136262063e-10,3.0,118.81962149306311,31.888949934377614
705.4000000000001,483.8783698364806,50.072710867819495,-3.072763628779437,-2.0737015909461656e-10,3.0,118.81961938209439,31.8889498108149
705.6,483.67884339292885,50.058955929657834,-3.072763631738287,3.365668256057282e-10,3.0,118.81961727112567,31.888949687252186
705.8000000000001,483.4793169493818,50.045200991444105,-3.072763628086638,-3.3469783271445795e-10,3.0,118.81961516015694,31.888949563689476
706.0,483.27979050583446,50.031446053237055,-3.0727636317379936,3.301361808646587e-10,3.0,118.81961304918823,31.888949440126762
706.2,483.0802640622874,50.017691115023354,-3.072763628085987,-3.3525493983896907e-10,3.0,118.81961093821951,31.88894931656405
706.4000000000001,482.8807376187398,50.003936176816325,-3.0727636317376317,3.366568435818949e-10,3.0,118.81960882725079,31.888949193001338
706.6,482.6812111751882,49.99018123864923,-3.0727636287787985,-2.075157037249258e-10,3.0,118.81960671628207,31.888949069438628
706.8000000000001,482.48168473165003,49.976426300288026,-3.0727636287788,-2.0757492525416836e-10,3.0,118.81960460531336,31.888948945875914
707.0,482.2821582880983,49.96267136212642,-3.072763631738157,3.4667872621709225e-10,3.0,118.81960249434464,31.8889488223132
707.2,482.0826318445513,49.948916423912635,-3.0727636280869075,-3.36959749873429e-10,3.0,118.81960038337591,31.88894869875049
707.4000000000001,481.88310540101736,49.935161485506086,-3.072763628779491,-2.0858044856965521e-10,3.0,118.81959827240719,31.888948575187776
707.6,481.6835789574656,49.921406547344425,-3.0727636317382734,3.3647516824434415e-10,3.0,118.81959616143848,31.888948451625062
707.8000000000001,481.48405251390506,49.90765160933024,-3.0727636310455173,2.0927811369076425e-10,3.0,118.81959405046976,31.88894832806235
708.0,481.2845260703583,49.8938966711178,-3.072763628779285,-2.0992461554866662e-10,3.0,118.81959193950104,31.88894820449964
708.2,481.0849996268064,49.88014173295613,-3.072763631737861,3.332928810714579e-10,3.0,118.81958982853232,31.888948080936927
708.4000000000001,480.88547318325476,49.86638679478904,-3.0727636287788274,-2.0795979626723994e-10,3.0,118.8195877175636,31.888947957374217
708.6,480.6859467397166,49.852631856427855,-3.072763628778808,-2.0751496249025415e-10,3.0,118.81958560659488,31.888947833811503
708.8000000000001,480.48642029616957,49.838876918219576,-3.072763631044916,2.0893757522993836e-10,3.0,118.81958349562616,31.88894771024879
709.0,480.2868938526228,49.82512198000716,-3.072763628778816,-2.0687576345276582e-10,3.0,118.81958138465744,31.88894758668608
709.2,480.0873674090709,49.8113670418455,-3.072763631737996,3.410719469804218e-10,3.0,118.81957927368873,31.888947463123365
709.4000000000001,479.8878409655104,49.7976121038313,-3.072763631045486,2.0994738618754497e-10,3.0,118.81957716272001,31.888947339560655
709.6,479.6883145219636,49.78385716561887,-3.07276362877938,-2.0742015858546688e-10,3.0,118.81957505175129,31.888947215997945
709.8000000000001,479.48878807842544,49.770102227257674,-3.0727636287794007,-2.0719049861051502e-10,3.0,118.81957294078258,31.88894709243523
710.0,479.28926163488745,49.756347288896485,-3.072763628779363,-2.074446227188793e-10,3.0,118.81957082981386,31.888946968872517
710.2,479.08973519133554,49.74259235073478,-3.0727636317379745,3.303653481701526e-10,3.0,118.81956871884513,31.888946845309803
710.4000000000001,478.8902087477885,49.728837412521095,-3.0727636280859976,-3.3488892659660767e-10,3.0,118.81956660787641,31.888946721747093
710.6,478.69068230425466,49.715082474114546,-3.0727636287787994,-2.071709850808576e-10,3.0,118.8195644969077,31.88894659818438
710.8000000000001,478.4911558606889,49.70132753615238,-3.0727636346965674,8.800637341074213e-10,3.0,118.81956238593898,31.88894647462167
711.0,478.2916294171285,49.68757259813276,-3.0727636280860753,-3.341575650076431e-10,3.0,118.81956027497026,31.88894635105896
711.2,478.0921029735946,49.67381765972622,-3.0727636287791142,-2.028720936650331e-10,3.0,118.81955816400153,31.888946227496245
711.4000000000001,477.89257653004273,49.66006272156453,-3.0727636317382303,3.3711118079432714e-10,3.0,118.81955605303283,31.88894610393353
711.6,477.69305008649116,49.646307783397425,-3.0727636287793967,-2.0732583762545123e-10,3.0,118.8195539420641,31.88894598037082
711.8000000000001,477.49352364295294,49.63255284503623,-3.0727636287793882,-2.0730389404410422e-10,3.0,118.81955183109538,31.888945856808107
712.0,477.29399719940614,49.61879790682797,-3.0727636310454507,2.0902761291545706e-10,3.0,118.81954972012666,31.888945733245393
712.2,477.09447075585916,49.6050429686155,-3.0727636287790774,-2.1328719162828734e-10,3.0,118.81954760915795,31.888945609682683
712.4000000000001,476.89494431231213,49.59128803040726,-3.072763631044891,2.0906594917191027e-10,3.0,118.81954549818923,31.88894548611997
712.6,476.69541786875163,49.57753309239435,-3.072763631737673,3.366352557792649e-10,3.0,118.8195433872205,31.88894536255726
712.8000000000001,476.4958914252,49.56377815422724,-3.072763628778836,-2.075308359403393e-10,3.0,118.81954127625178,31.88894523899455
713.0,476.29636498166195,49.55002321586606,-3.0727636287788402,-2.0745957372801541e-10,3.0,118.81953916528308,31.888945115431834
713.2,476.09683853811003,49.53626827770444,-3.072763631738201,3.466853434909283e-10,3.0,118.81953705431435,31.88894499186912
713.4000000000001,475.897312094563,49.52251333949066,-3.0727636280869026,-3.3794229543259546e-10,3.0,118.81953494334563,31.88894486830641
713.6,475.6977856510292,49.50875840108411,-3.072763628779443,-2.0846019432502138e-10,3.0,118.81953283237691,31.888944744743696
713.8000000000001,475.49825920749106,49.49500346272292,-3.072763628779347,-2.0730712640758747e-10,3.0,118.8195307214082,31.888944621180983
714.0,475.2987327639306,49.48124852471419,-3.072763634004366,7.530198308101098e-10,3.0,118.81952861043948,31.888944497618272
714.2,475.0992063203705,49.467493586695845,-3.072763628779241,-2.1004232024698639e-10,3.0,118.81952649947075,31.888944374055562
714.4000000000001,474.89967987683235,49.45373864833466,-3.0727636287789895,-2.0975212324795332e-10,3.0,118.81952438850203,31.888944250492848
714.6,474.70015343328055,49.43998371017301,-3.0727636317377196,3.3602505719871935e-10,3.0,118.81952227753332,31.888944126930134
714.8000000000001,474.50062698972886,49.4262287720059,-3.0727636287788487,-2.0755262424159225e-10,3.0,118.8195201665646,31.888944003367424
715.0,474.30110054619547,49.4124738335981,-3.0727636280860664,-3.348065208163719e-10,3.0,118.81951805559588,31.88894387980471
715.2,474.1015741026479,49.39871889539106,-3.072763631737744,3.369561354190379e-10,3.0,118.81951594462716,31.888943756241996
715.4000000000001,473.90204765909624,49.38496395722398,-3.0727636287791253,-2.0320111083441424e-10,3.0,118.81951383365845,31.888943632679286
715.6,473.70252121554944,49.37120901901571,-3.072763631045459,2.0954364289113706e-10,3.0,118.81951172268973,31.888943509116572
715.8000000000001,473.5029947719889,49.35745408100279,-3.0727636317382268,3.3647396163159803e-10,3.0,118.819509611721,31.888943385553862
716.0,473.3034683284374,49.34369914283569,-3.0727636287793656,-2.0724316701208475e-10,3.0,118.81950750075228,31.88894326199115
716.2,473.10394188489914,49.3299442044745,-3.0727636287793527,-2.0751687728525238e-10,3.0,118.81950538978357,31.888943138428438
716.4000000000001,472.9044154413473,49.316189266312804,-3.0727636317379208,3.3071997533809453e-10,3.0,118.81950327881485,31.888943014865724
716.6,472.7048889978004,49.30243432809912,-3.072763628086017,-3.343806059377042e-10,3.0,118.81950116784613,31.888942891303014
716.8000000000001,472.5053625542665,49.28867938969256,-3.072763628778844,-2.0714889878244307e-10,3.0,118.8194990568774,31.8889427677403
717.0,472.3058361107147,49.2749244515309,-3.072763631737721,3.362346841438555e-10,3.0,118.8194969459087,31.888942644177586
717.2,472.1063096671544,49.26116951351673,-3.0727636310449715,2.0905042730391612e-10,3.0,118.81949483493997,31.888942520614876
717.4000000000001,471.90678322360753,49.24741457530434,-3.0727636287793767,-1.9696236724801417e-10,3.0,118.81949272397125,31.888942397052165
717.6,471.7072567800695,49.23365963694308,-3.0727636287796587,-2.113804033881568e-10,3.0,118.81949061300253,31.88894227348945
717.8000000000001,471.50773033651757,49.21990469878143,-3.0727636317382987,3.3538299411469474e-10,3.0,118.81948850203382,31.888942149926738
718.0,471.30820389296605,49.20614976061433,-3.0727636287793523,-2.0723268248667924e-10,3.0,118.8194863910651,31.888942026364028
718.2,471.1086774494325,49.19239482220653,-3.0727636280865385,-3.3462867820753634e-10,3.0,118.81948428009638,31.888941902801314
718.4000000000001,470.90915100588495,49.17863988399947,-3.072763631738099,3.3366009249442895e-10,3.0,118.81948216912767,31.8889417792386
718.6,470.70962456233804,49.164884945785765,-3.072763628086197,-3.365986260785337e-10,3.0,118.81948005815894,31.88894165567589
718.8000000000001,470.5100981187904,49.151130007578736,-3.0727636317377702,3.3616930682750346e-10,3.0,118.81947794719022,31.888941532113176
719.0,470.31057167522516,49.13737506961117,-3.0727636317377347,3.362381302235146e-10,3.0,118.8194758362215,31.888941408550465
719.2,470.1110452316735,49.12362013144406,-3.0727636287788775,-2.0747019866043373e-10,3.0,118.81947372525279,31.888941284987755
719.4000000000001,469.9115187881353,49.109865193082875,-3.072763628778888,-2.0672235228281794e-10,3.0,118.81947161428407,31.88894116142504
719.6,469.7119923445835,49.09611025492122,-3.0727636317380282,3.4014988643815603e-10,3.0,118.81946950331535,31.888941037862327
719.8000000000001,469.5124659010365,49.082355316707485,-3.0727636280865522,-3.3448752217957037e-10,3.0,118.81946739234662,31.888940914299617
720.0,469.3129394575028,49.068600378300935,-3.072763628779309,-2.0729211758686558e-10,3.0,118.81946528137792,31.888940790736903
720.2,469.11341301395595,49.05484544009267,-3.072763631045442,2.0919189648167674e-10,3.0,118.8194631704092,31.88894066717419
720.4000000000001,468.91388657039533,49.04109050207975,-3.0727636317380878,3.336607334422767e-10,3.0,118.81946105944047,31.88894054361148
720.6,468.7143601268437,49.02733556391265,-3.072763628778978,-2.091010597297036e-10,3.0,118.81945894847175,31.88894042004877
720.8000000000001,468.51483368329184,49.01358062575099,-3.072763631737751,3.3624500687884184e-10,3.0,118.81945683750304,31.888940296486055
721.0,468.3153072397404,48.99982568758389,-3.072763628778892,-2.074973642676441e-10,3.0,118.81945472653432,31.888940172923345
721.2,468.1157807962068,48.98607074917608,-3.0727636280861073,-3.3488192416812253e-10,3.0,118.8194526155656,31.88894004936063
721.4000000000001,467.9162543526729,48.97231581076953,-3.0727636287788975,-2.0668188315152536e-10,3.0,118.81945050459687,31.888939925797917
721.6,467.7167279091211,48.958560872607876,-3.0727636317380322,3.4001239384842264e-10,3.0,118.81944839362816,31.888939802235203
721.8000000000001,467.5172014655741,48.94480593439414,-3.0727636280865456,-3.345737309943449e-10,3.0,118.81944628265944,31.888939678672493
722.0,467.31767502202666,48.93105099618711,-3.0727636317381846,3.3645296525179294e-10,3.0,118.81944417169072,31.88893955510978
722.2,467.1181485784613,48.91729605821953,-3.0727636317382094,3.3647801474871707e-10,3.0,118.819442060722,31.88893943154707
722.4000000000001,466.91862213490964,48.903541120052424,-3.0727636287793105,-2.074690270877726e-10,3.0,118.81943994975329,31.88893930798436
722.6,466.71909569137154,48.88978618169121,-3.0727636287790108,-2.1274181722657505e-10,3.0,118.81943783878457,31.888939184421645
722.8000000000001,466.5195692478245,48.87603124348297,-3.072763631044927,2.09983316739705e-10,3.0,118.81943572781584,31.88893906085893
723.0,466.32004280427776,48.86227630527054,-3.0727636287788918,-2.0719331709711148e-10,3.0,118.81943361684712,31.88893893729622
723.2,466.12051636073954,48.84852136690934,-3.0727636287788753,-2.0757390615871343e-10,3.0,118.81943150587841,31.888938813733507
723.4000000000001,465.9209899171925,48.83476642870107,-3.072763631045012,2.0908812567539573e-10,3.0,118.81942939490969,31.888938690170793
723.6,465.72146347363196,48.82101149068822,-3.072763631738304,3.468228258233743e-10,3.0,118.81942728394097,31.888938566608083
723.8000000000001,465.5219370300803,48.80725655252103,-3.072763628779652,-2.1231960004228552e-10,3.0,118.81942517297225,31.888938443045372
724.0,465.32241058652863,48.79350161435939,-3.0727636317382476,3.354236350608669e-10,3.0,118.81942306200354,31.88893831948266
724.2,465.1228841429769,48.77974667619229,-3.0727636287793065,-2.0722452363629787e-10,3.0,118.81942095103481,31.88893819591995
724.4000000000001,464.9233576994434,48.765991737784475,-3.0727636280864963,-3.346120840803988e-10,3.0,118.81941884006609,31.888938072357234
724.6,464.72383125589585,48.75223679957744,-3.0727636317380576,3.33608227107873e-10,3.0,118.81941672909737,31.88893794879452
724.8000000000001,464.5243048123488,48.738481861363724,-3.072763628086188,-3.3590827766901664e-10,3.0,118.81941461812866,31.88893782523181
725.0,464.32477836881515,48.72472692295718,-3.0727636287789144,-2.074786793164616e-10,3.0,118.81941250715994,31.888937701669096
725.2,464.1252519252632,48.71097198479551,-3.072763631737776,3.3633431476696555e-10,3.0,118.81941039619122,31.888937578106383
725.4000000000001,463.92572548169784,48.69721704682793,-3.0727636317378058,3.3624205551110417e-10,3.0,118.8194082852225,31.888937454543672
725.6,463.72619903814626,48.68346210866083,-3.0727636287789264,-2.0665907904321239e-10,3.0,118.81940617425379,31.888937330980962
725.8000000000001,463.5266725946081,48.669707170299645,-3.0727636287791524,-2.0420143638779618e-10,3.0,118.81940406328506,31.888937207418248
726.0,463.32714615106124,48.65595223209137,-3.0727636310454107,2.0903017096189999e-10,3.0,118.81940195231634,31.888937083855534
726.2,463.1276197075143,48.64219729387894,-3.072763628779267,-2.0732453950413314e-10,3.0,118.81939984134762,31.888936960292824
726.4000000000001,462.92809326398077,48.628442355471115,-3.0727636280865096,-3.3464223954154734e-10,3.0,118.81939773037891,31.88893683673011
726.6,462.7285668204333,48.61468741726409,-3.072763631738169,3.3630263509680073e-10,3.0,118.81939561941019,31.888936713167396
726.8000000000001,462.5290403768635,48.600932479343115,-3.0727636324306684,4.5867244914633884e-10,3.0,118.81939350844146,31.888936589604686
727.0,462.3295139333123,48.5871775411748,-3.072763628086054,-3.3356026152167107e-10,3.0,118.81939139747276,31.888936466041976
727.2,462.1299874897647,48.57342260296776,-3.0727636317378058,3.3659730964605347e-10,3.0,118.81938928650403,31.888936342479262
727.4000000000001,461.93046104621766,48.559667664754045,-3.0727636280861494,-3.3482971242211255e-10,3.0,118.81938717553531,31.88893621891655
727.6,461.7309346026839,48.54591272634749,-3.0727636287789073,-2.073718025608285e-10,3.0,118.81938506456659,31.888936095353838
727.8000000000001,461.531408159132,48.53215778818587,-3.072763631738333,3.468250630263972e-10,3.0,118.81938295359788,31.888935971791124
728.0,461.3318817155851,48.51840284997208,-3.0727636280868924,-3.4033181470539256e-10,3.0,118.81938084262916,31.888935848228414
728.2,461.13235527205126,48.50464791156554,-3.072763628779296,-2.0825303737811283e-10,3.0,118.81937873166044,31.8889357246657
728.4000000000001,460.93282882849496,48.4908929734505,-3.0727636324309455,4.637972127888653e-10,3.0,118.81937662069171,31.888935601102986
728.6,460.73330238493037,48.4771380354817,-3.07276363104538,2.0917987009123118e-10,3.0,118.819374509723,31.888935477540276
728.8000000000001,460.5337759413835,48.46338309726926,-3.0727636287791102,-2.101568431401043e-10,3.0,118.81937239875428,31.888935353977566
729.0,460.3342494978501,48.449628158861465,-3.0727636280861845,-3.354081768773233e-10,3.0,118.81937028778556,31.88893523041485
729.2,460.1347230543025,48.435873220654436,-3.0727636317378275,3.3639199473096965e-10,3.0,118.81936817681684,31.888935106852138
729.4000000000001,459.9351966107509,48.422118282487325,-3.072763628778918,-2.074304285017202e-10,3.0,118.81936606584813,31.888934983289428
729.6,459.7356701672175,48.40836334407953,-3.072763628086165,-3.3483229997620535e-10,3.0,118.8193639548794,31.888934859726714
729.8000000000001,459.53614372366985,48.394608405872496,-3.0727636317378706,3.370776927237493e-10,3.0,118.81936184391068,31.888934736164
730.0,459.33661728010463,48.38085346790493,-3.0727636317380154,3.3918306673753854e-10,3.0,118.81935973294196,31.88893461260129
730.2,459.13709083655294,48.36709852973781,-3.072763628779283,-2.0759079989243087e-10,3.0,118.81935762197325,31.88893448903858
730.4000000000001,458.937564393001,48.353343591576134,-3.072763631738101,3.364441675922743e-10,3.0,118.81935551100453,31.888934365475865
730.6,458.7380379494541,48.33958865336242,-3.072763628086503,-3.3468131373857484e-10,3.0,118.81935340003581,31.888934241913155
730.8000000000001,458.53851150592027,48.32583371495587,-3.0727636287792515,-2.074571264974429e-10,3.0,118.81935128906709,31.88893411835044
731.0,458.3389850623685,48.31207877679418,-3.0727636317379075,3.317771464557011e-10,3.0,118.81934917809838,31.888933994787727
731.2,458.1394586188215,48.298323838580494,-3.072763628086078,-3.3334989257985853e-10,3.0,118.81934706712966,31.888933871225017
731.4000000000001,457.93993217528237,48.2845689002205,-3.0727636294717033,-7.989243409176336e-11,3.0,118.81934495616093,31.888933747662303
731.6,457.7404057317168,48.27081396225707,-3.0727636340039015,7.527403000957261e-10,3.0,118.81934284519221,31.888933624099593
731.8000000000001,457.5408792881567,48.25705902423875,-3.072763628778971,-2.0665705293832928e-10,3.0,118.8193407342235,31.888933500536883
732.0,457.3413528446187,48.243304085877575,-3.072763628779214,-2.0489566867027517e-10,3.0,118.81933862325478,31.88893337697417
732.2,457.1418264010718,48.2295491476693,-3.072763631045324,2.0889112611211307e-10,3.0,118.81933651228606,31.888933253411455
732.4000000000001,456.94229995752494,48.215794209456874,-3.0727636287792803,-2.0736132971782264e-10,3.0,118.81933440131733,31.888933129848745
732.6,456.7427735139916,48.20203927104907,-3.072763628086466,-3.3471308236421283e-10,3.0,118.81933229034863,31.88893300628603
732.8000000000001,456.54324707045765,48.1882843326425,-3.0727636287792364,-2.0748575323028486e-10,3.0,118.8193301793799,31.888932882723317
733.0,456.34372062690153,48.174529394527454,-3.072763632430651,4.592071172867845e-10,3.0,118.81932806841118,31.888932759160603
733.2,456.1441941833368,48.16077445655868,-3.0727636310449205,2.106702022985928e-10,3.0,118.81932595744246,31.888932635597893
733.4000000000001,455.94466773978996,48.147019518346234,-3.0727636287790183,-2.072941805686727e-10,3.0,118.81932384647375,31.888932512035183
733.6,455.74514129624316,48.133264580137975,-3.072763631045029,2.090704153212958e-10,3.0,118.81932173550503,31.88893238847247
733.8000000000001,455.54561485269636,48.11950964192555,-3.072763628779009,-2.073731061056509e-10,3.0,118.8193196245363,31.88893226490976
734.0,455.34608840915837,48.105754703564415,-3.072763628779487,-1.9702819610083485e-10,3.0,118.81931751356758,31.888932141347045
734.2,455.14656196561145,48.09199976535607,-3.072763631045714,2.024170271363991e-10,3.0,118.81931540259887,31.88893201778433
734.4000000000001,454.9470355220646,48.07824482714366,-3.072763628779299,-2.0797305206389702e-10,3.0,118.81931329163015,31.88893189422162
734.6,454.7475090785214,48.064489888829065,-3.072763629472021,-8.00457978053178e-11,3.0,118.81931118066143,31.888931770658907
734.8000000000001,454.5479826349558,48.05073495086564,-3.0727636340041697,7.528148601446372e-10,3.0,118.81930906969271,31.888931647096197
735.0,454.3484561913959,48.03698001284731,-3.0727636287790663,-2.1005437818401816e-10,3.0,118.819306958724,31.888931523533486
735.2,454.14892974786244,48.023225074439516,-3.0727636280862374,-3.3463418589732087e-10,3.0,118.81930484775528,31.888931399970772
735.4000000000001,453.9494033043148,48.00947013623248,-3.072763631737815,3.364401197104601e-10,3.0,118.81930273678655,31.88893127640806
735.6,453.7498768607632,47.995715198065376,-3.072763628778961,-2.073864309561906e-10,3.0,118.81930062581785,31.88893115284535
735.8000000000001,453.55035041722965,47.98196025965756,-3.072763628086267,-3.3470229670750565e-10,3.0,118.81929851484912,31.888931029282634
736.0,453.3508239736778,47.96820532149718,-3.072763632430652,4.643727736650129e-10,3.0,118.8192964038804,31.88893090571992
736.2,453.1512975301265,47.95445038332883,-3.072763628086407,-3.32725764783104e-10,3.0,118.81929429291168,31.88893078215721
736.4000000000001,452.9517710865789,47.940695445121776,-3.072763631738081,3.3608904367914684e-10,3.0,118.81929218194297,31.888930658594496
736.6,452.75224464302727,47.926940506954686,-3.0727636287792253,-2.0737367666634907e-10,3.0,118.81929007097425,31.888930535031786
736.8000000000001,452.55271819948024,47.91318556874641,-3.0727636310453232,2.0904646914597739e-10,3.0,118.81928796000552,31.888930411469072
737.0,452.3531917559335,47.899430630533985,-3.072763628779177,-2.074987242097863e-10,3.0,118.8192858490368,31.888930287906362
737.2,452.15366531239533,47.88567569217277,-3.0727636287790485,-2.1156972463798856e-10,3.0,118.8192837380681,31.88893016434365
737.4000000000001,451.9541388688434,47.87192075401112,-3.0727636317376916,3.383197666529201e-10,3.0,118.81928162709937,31.888930040780934
737.6,451.75461242529184,47.858165815844025,-3.072763628779055,-2.072227702594565e-10,3.0,118.81927951613065,31.888929917218224
737.8000000000001,451.55508598175834,47.844410877436204,-3.072763628086229,-3.347814256061676e-10,3.0,118.81927740516193,31.88892979365551
738.0,451.355559538197,47.83065593942869,-3.0727636346967064,8.801667071987755e-10,3.0,118.81927529419322,31.8889296700928
738.2,451.1560330946318,47.81690100145572,-3.072763628779517,-1.9696038674982732e-10,3.0,118.8192731832245,31.88892954653009
738.4000000000001,450.95650665109827,47.80314606304782,-3.0727636280868738,-3.4213238967505014e-10,3.0,118.81927107225577,31.888929422967376
738.6,450.7569802075507,47.789391124840826,-3.072763631738117,3.3576056924972934e-10,3.0,118.81926896128705,31.888929299404662
738.8000000000001,450.55745376400375,47.77563618662711,-3.0727636280863866,-3.345573965693765e-10,3.0,118.81926685031834,31.88892917584195
739.0,450.3579273204701,47.76188124822057,-3.072763628779205,-2.0732314918712549e-10,3.0,118.81926473934962,31.888929052279238
739.2,450.1584008769137,47.748126310105505,-3.072763632430711,4.609219179230569e-10,3.0,118.8192626283809,31.888928928716524
739.4000000000001,449.9588744333624,47.734371371937165,-3.072763628086181,-3.3407912439556484e-10,3.0,118.81926051741218,31.888928805153814
739.6,449.75934798981484,47.720616433730136,-3.0727636317379003,3.3660506514928974e-10,3.0,118.81925840644347,31.8889286815911
739.8000000000001,449.5598215462495,47.70686149576255,-3.0727636317378844,3.3633807613956274e-10,3.0,118.81925629547474,31.88892855802839
740.0,449.36029510270265,47.69310655754884,-3.0727636280862374,-3.3486111428239856e-10,3.0,118.81925418450602,31.88892843446568
740.2,449.1607686591687,47.67935161914229,-3.0727636287790574,-2.0655331136851142e-10,3.0,118.8192520735373,31.888928310902966
740.4000000000001,448.96124221562167,47.665596680934016,-3.072763631045281,2.1064056076559843e-10,3.0,118.81924996256859,31.88892818734025
740.6,448.76171577206964,47.651841742768156,-3.0727636294719782,-8.060738046813724e-11,3.0,118.81924785159987,31.88892806377754
740.8000000000001,448.5621893285264,47.63808680445227,-3.072763628779192,-2.0738298528539734e-10,3.0,118.81924574063115,31.888927940214828
741.0,448.36266288499303,47.62433186604447,-3.0727636280864536,-3.3479263635485375e-10,3.0,118.81924362966242,31.888927816652114
741.2,448.1631364414316,47.610576928036934,-3.0727636346967406,8.775131804146092e-10,3.0,118.81924151869372,31.888927693089403
741.4000000000001,447.9636099978712,47.596821990017325,-3.072763628086175,-3.3391598229073883e-10,3.0,118.819239407725,31.888927569526693
741.6,447.7640835543374,47.58306705161078,-3.07276362877902,-2.070784348483504e-10,3.0,118.81923729675627,31.88892744596398
741.8000000000001,447.56455711078553,47.5693121134491,-3.0727636317378995,3.36411004313363e-10,3.0,118.81923518578755,31.888927322401265
742.0,447.36503066723867,47.55555717523539,-3.07276362808626,-3.347668357172078e-10,3.0,118.81923307481884,31.888927198838555
742.2,447.1655042236996,47.54180223687541,-3.072763629471828,-8.002757485366077e-11,3.0,118.81923096385012,31.88892707527584
742.4000000000001,446.9659777801428,47.52804729875911,-3.072763631738397,3.465998532841902e-10,3.0,118.8192288528814,31.888926951713128
742.6,446.76645133659594,47.514292360545305,-3.0727636280868555,-3.4272439663035806e-10,3.0,118.81922674191267,31.888926828150417
742.8000000000001,446.5669248930483,47.50053742233831,-3.072763631738077,3.3590490270514593e-10,3.0,118.81922463094396,31.888926704587703
743.0,446.3673984494879,47.486782484324145,-3.072763631045272,2.0921625412854032e-10,3.0,118.81922251997524,31.888926581024993
743.2,446.167872005941,47.473027546111695,-3.072763628779135,-2.0753492993600245e-10,3.0,118.81922040900652,31.888926457462283
743.4000000000001,445.9683455624028,47.45927260775049,-3.0727636287789886,-2.1085889729585822e-10,3.0,118.8192182980378,31.88892633389957
743.6,445.768819118851,47.44551766958885,-3.072763631737786,3.3858576186281534e-10,3.0,118.81921618706909,31.888926210336855
743.8000000000001,445.5692926752994,47.431762731421735,-3.0727636287790445,-2.0742894123709667e-10,3.0,118.81921407610037,31.888926086774145
744.0,445.36976623176594,47.418007793013935,-3.0727636280862676,-3.346134294913865e-10,3.0,118.81921196513164,31.88892596321143
744.2,445.1702397882184,47.4042528548069,-3.0727636317379123,3.363048985956862e-10,3.0,118.81920985416293,31.888925839648717
744.4000000000001,444.97071334465295,47.390497916839365,-3.0727636317384377,3.4680274290609884e-10,3.0,118.81920774319421,31.888925716086007
744.6,444.7711869011061,47.37674297862556,-3.0727636280868547,-3.431761457907694e-10,3.0,118.81920563222549,31.888925592523297
744.8000000000001,444.5716604575722,47.362988040219044,-3.0727636287791777,-2.0763809187799187e-10,3.0,118.81920352125677,31.888925468960583
745.0,444.37213401402533,47.34923310201078,-3.072763631045236,2.0905622012612135e-10,3.0,118.81920141028806,31.88892534539787
745.2,444.17260757047325,47.33547816384493,-3.0727636294719343,-8.01935150806837e-11,3.0,118.81919929931934,31.88892522183516
745.4000000000001,443.97308112693014,47.321723225529034,-3.0727636287789877,-2.1002650363078498e-10,3.0,118.81919718835061,31.888925098272445
745.6,443.7735546833834,47.3079682873208,-3.0727636310450634,2.1048498513337846e-10,3.0,118.81919507738189,31.88892497470973
745.8000000000001,443.57402823983654,47.29421334910837,-3.0727636287790525,-2.0706044788128713e-10,3.0,118.81919296641318,31.88892485114702
746.0,443.3745017962848,47.28045841094669,-3.072763631737929,3.3637860031960227e-10,3.0,118.81919085544446,31.888924727584307
746.2,443.1749753527244,47.266703472932534,-3.0727636310451794,2.0911611259147764e-10,3.0,118.81918874447574,31.888924604021597
746.4000000000001,442.9754489091776,47.2529485347201,-3.072763628779112,-2.066809272763503e-10,3.0,118.81918663350702,31.888924480458886
746.6,442.77592246564416,47.23919359631229,-3.072763628086391,-3.3413679663243105e-10,3.0,118.81918452253831,31.888924356896172
746.8000000000001,442.5763960220921,47.22543865815188,-3.0727636324308154,4.631879051618574e-10,3.0,118.81918241156959,31.88892423333346
747.0,442.37686957853634,47.21168372003016,-3.0727636287791382,-2.0752385226139088e-10,3.0,118.81918030060086,31.88892410977075
747.2,442.1773431350028,47.19792878162235,-3.072763628086353,-3.345818982802972e-10,3.0,118.81917818963214,31.888923986208034
747.4000000000001,441.97781669145513,47.18417384341531,-3.072763631737989,3.361849031117448e-10,3.0,118.81917607866343,31.88892386264532
747.6,441.7782902478949,47.17041890540113,-3.0727636310450848,2.0615142303452092e-10,3.0,118.81917396769471,31.88892373908261
747.8000000000001,441.57876380434806,47.15666396718872,-3.072763628778956,-2.0499645632673374e-10,3.0,118.81917185672599,31.8889236155199
748.0,441.3792373607963,47.142909029027045,-3.072763631737937,3.363098205627168e-10,3.0,118.81916974575726,31.888923491957186
748.2,441.1797109172446,47.12915409085994,-3.0727636287790827,-2.0726586239784785e-10,3.0,118.81916763478856,31.888923368394476
748.4000000000001,440.98018447370646,47.115399152498746,-3.0727636287790943,-2.0729269201931264e-10,3.0,118.81916552381983,31.888923244831762
748.6,440.78065803016835,47.10164421413761,-3.0727636287795557,-1.9723707400222203e-10,3.0,118.81916341285111,31.88892312126905
748.8000000000001,440.5811315866214,47.08788927592925,-3.0727636310457282,1.9988141072273131e-10,3.0,118.81916130188239,31.888922997706334
749.0,440.38160514307464,47.07413433771686,-3.072763628779136,-2.074741695692391e-10,3.0,118.81915919091368,31.888922874143624
749.2,440.1820786995277,47.0603793995086,-3.0727636310452335,2.0903931546527628e-10,3.0,118.81915707994496,31.88892275058091
749.4000000000001,439.98255225596716,47.046624461495696,-3.0727636317379767,3.3623835165805227e-10,3.0,118.81915496897624,31.8889226270182
749.6,439.78302581241553,47.03286952332858,-3.072763628778986,-2.0999848384919683e-10,3.0,118.81915285800751,31.88892250345549
749.8000000000001,439.5834993688774,47.019114584967404,-3.0727636287789397,-2.0517676392748384e-10,3.0,118.8191507470388,31.888922379892776
750.0,439.38397292532574,47.005359646805736,-3.0727636317379816,3.365541510535415e-10,3.0,118.81914863607008,31.888922256330062
750.2,439.1844464817787,46.99160470859201,-3.0727636280863204,-3.3469319653111697e-10,3.0,118.81914652510136,31.88892213276735
750.4000000000001,438.98492003824475,46.97784977018545,-3.072763628779078,-2.0733126146417175e-10,3.0,118.81914441413264,31.888922009204638
750.6,438.78539359469295,46.9640948320238,-3.072763631738032,3.371064922293194e-10,3.0,118.81914230316393,31.888921885641924
750.8000000000001,438.58586715113245,46.95033989400961,-3.0727636310452806,2.0903408936150867e-10,3.0,118.8191401921952,31.888921762079214
751.0,438.3863407075857,46.93658495579718,-3.072763628779142,-2.079661712294324e-10,3.0,118.81913808122648,31.888921638516504
751.2,438.1868142640338,46.922830017635505,-3.072763631737971,3.3640607731499576e-10,3.0,118.81913597025776,31.88892151495379
751.4000000000001,437.98728782048215,46.9090750794684,-3.0727636287791107,-2.0744592748894742e-10,3.0,118.81913385928905,31.88892139139108
751.6,437.78776137694405,46.895320141107206,-3.0727636287790676,-2.0761188017116628e-10,3.0,118.81913174832033,31.888921267828366
751.8000000000001,437.588234933397,46.88156520289893,-3.072763631045078,2.0670099828726185e-10,3.0,118.81912963735161,31.88892114426565
752.0,437.3887084898503,46.867810264686526,-3.0727636287789846,-2.04842795294125e-10,3.0,118.81912752638289,31.88892102070294
752.2,437.1891820463121,46.854055326325316,-3.0727636287790836,-2.0748104449517828e-10,3.0,118.81912541541418,31.888920897140228
752.4000000000001,436.9896556027651,46.84030038811705,-3.0727636310452207,2.0922774854900668e-10,3.0,118.81912330444545,31.888920773577514
752.6,436.79012915920447,46.82654545010414,-3.072763631738047,3.3715713739551294e-10,3.0,118.81912119347673,31.888920650014803
752.8000000000001,436.5906027156575,46.81279051189042,-3.0727636280863995,-3.3495640416375107e-10,3.0,118.81911908250802,31.888920526452093
753.0,436.3910762721186,46.799035573530446,-3.072763629471886,-8.078042714126051e-11,3.0,118.8191169715393,31.88892040288938
753.2,436.1915498285615,46.78528063541408,-3.0727636317379847,3.3640930008207127e-10,3.0,118.81911486057058,31.888920279326666
753.4000000000001,435.9920233850145,46.77152569720036,-3.0727636280863124,-3.347664744202824e-10,3.0,118.81911274960186,31.888920155763955
753.6,435.79249694148075,46.757770758793804,-3.0727636287790463,-2.0775948717498526e-10,3.0,118.81911063863315,31.88892003220124
753.8000000000001,435.5929704979337,46.744015820585524,-3.072763631045069,2.0708938519899743e-10,3.0,118.81910852766443,31.888919908638528
754.0,435.3934440543733,46.730260882572644,-3.072763631737887,3.3902627276269044e-10,3.0,118.8191064166957,31.888919785075817
754.2,435.1939176108216,46.716505944405526,-3.0727636287791067,-2.0738866119645544e-10,3.0,118.81910430572698,31.888919661513107
754.4000000000001,434.9943911672697,46.70275100624385,-3.072763631738024,3.3642654898231874e-10,3.0,118.81910219475827,31.888919537950393
754.6,434.7948647237181,46.68899606807676,-3.072763628779151,-2.070746801437494e-10,3.0,118.81910008378955,31.888919414387683
754.8000000000001,434.59533828017993,46.67524112971561,-3.072763628779584,-1.9799454998065812e-10,3.0,118.81909797282083,31.88891929082497
755.0,434.3958118366331,46.66148619150725,-3.0727636310456896,1.9930043036027053e-10,3.0,118.8190958618521,31.888919167262255
755.2,434.1962853930861,46.647731253294864,-3.072763628779077,-2.0735127689305803e-10,3.0,118.8190937508834,31.888919043699545
755.4000000000001,433.9967589495526,46.63397631488705,-3.0727636280862973,-3.3471052213458534e-10,3.0,118.81909163991467,31.88891892013683
755.6,433.79723250599125,46.620221376879535,-3.07276363469682,8.800196067780595e-10,3.0,118.81908952894595,31.88891879657412
755.8000000000001,433.59770606242625,46.606466438906516,-3.07276362877895,-2.0987168009986868e-10,3.0,118.81908741797723,31.88891867301141
756.0,433.3981796188882,46.59271150054536,-3.072763628778941,-2.0456507157930656e-10,3.0,118.81908530700852,31.888918549448697
756.2,433.19865317535,46.578956562184146,-3.0727636287791342,-2.0704621178124654e-10,3.0,118.8190831960398,31.888918425885983
756.4000000000001,432.99912673180296,46.56520162397588,-3.072763631045251,2.0900237691702318e-10,3.0,118.81908108507108,31.88891830232327
756.6,432.79960028825616,46.551446685763445,-3.0727636287791493,-2.0720935631463618e-10,3.0,118.81907897410235,31.88891817876056
756.8000000000001,432.600073844718,46.537691747402256,-3.072763628779161,-2.066765583505188e-10,3.0,118.81907686313365,31.888918055197845
757.0,432.40054740117114,46.52393680919399,-3.072763631045286,2.082374091346951e-10,3.0,118.81907475216492,31.88891793163513
757.2,432.20102095761047,46.51018187118107,-3.0727636317379887,3.3566533657430435e-10,3.0,118.8190726411962,31.88891780807242
757.4000000000001,432.00149451405883,46.496426933013964,-3.0727636287790276,-2.075630382072949e-10,3.0,118.81907053022748,31.88891768450971
757.6,431.801968070507,46.4826719948523,-3.072763631737942,3.364615691909041e-10,3.0,118.81906841925877,31.888917560946997
757.8000000000001,431.60244162695534,46.4689170566852,-3.0727636287790134,-2.0777753782469535e-10,3.0,118.81906630829005,31.888917437384286
758.0,431.402915183422,46.45516211827739,-3.072763628086179,-3.3606639073498917e-10,3.0,118.81906419732132,31.888917313821572
758.2,431.20338873987436,46.44140718007038,-3.0727636317379177,3.3906521141446226e-10,3.0,118.8190620863526,31.88891719025886
758.4000000000001,431.0038622963227,46.42765224190325,-3.0727636287791675,-2.0736557408431314e-10,3.0,118.8190599753839,31.88891706669615
758.6,430.8043358527892,46.41389730349545,-3.0727636280863564,-3.34651699887981e-10,3.0,118.81905786441517,31.888916943133435
758.8000000000001,430.60480940922787,46.40014236548794,-3.0727636346969596,8.805188712170474e-10,3.0,118.81905575344645,31.888916819570724
759.0,430.40528296566293,46.386387427514975,-3.0727636287796196,-1.9855011573495473e-10,3.0,118.81905364247773,31.888916696008014
759.2,430.2057565221248,46.372632489153695,-3.072763628779529,-2.172703924059917e-10,3.0,118.81905153150902,31.8889165724453
759.4000000000001,430.0062300785729,46.35887755099207,-3.0727636317379328,3.3640304588085224e-10,3.0,118.8190494205403,31.888916448882586
759.6,429.806703635026,46.345122612778354,-3.072763628086263,-3.347646113066154e-10,3.0,118.81904730957157,31.888916325319876
759.8000000000001,429.60717719149204,46.3313676743718,-3.072763628779011,-2.0752329288474909e-10,3.0,118.81904519860285,31.888916201757162
760.0,429.4076507479541,46.3176127360106,-3.0727636287789264,-2.0971347838882454e-10,3.0,118.81904308763414,31.88891607819445
760.2,429.2081243044072,46.30385779780236,-3.072763631045083,2.1237102336814957e-10,3.0,118.81904097666542,31.888915954631734
760.4000000000001,429.00859786084663,46.290102859789435,-3.0727636317380242,3.367488079740729e-10,3.0,118.8190388656967,31.888915831069024
760.6,428.809071417295,46.27634792162234,-3.072763628779178,-2.0743539527028413e-10,3.0,118.81903675472797,31.888915707506314
760.8000000000001,428.60954497374314,46.26259298346067,-3.0727636317380695,3.365938593473737e-10,3.0,118.81903464375927,31.8889155839436
761.0,428.4100185301916,46.248838045293574,-3.072763628779188,-2.0677945926935848e-10,3.0,118.81903253279054,31.88891546038089
761.2,428.2104920866582,46.23508310688576,-3.072763628086396,-3.3602457079341405e-10,3.0,118.81903042182182,31.888915336818176
761.4000000000001,428.0109656431105,46.22132816867872,-3.0727636317379594,3.356002500588041e-10,3.0,118.81902831085311,31.888915213255462
761.6,427.8114391995636,46.20757323046501,-3.0727636280862423,-3.348941939018217e-10,3.0,118.81902619988439,31.888915089692752
761.8000000000001,427.6119127560297,46.19381829205845,-3.0727636287789934,-2.0734659446660129e-10,3.0,118.81902408891567,31.888914966130038
762.0,427.41238631246415,46.180063354096305,-3.0727636346967864,8.797901390223714e-10,3.0,118.81902197794695,31.888914842567328
762.2,427.21285986889905,46.16630841612329,-3.0727636287789317,-2.0815381609893714e-10,3.0,118.81901986697824,31.888914719004617
762.4000000000001,427.01333342536094,46.15255347776212,-3.0727636287790587,-2.0471518794724098e-10,3.0,118.81901775600952,31.888914595441904
762.6,426.8138069818091,46.138798539600444,-3.0727636317380873,3.3651244041285145e-10,3.0,118.81901564504079,31.88891447187919
762.8000000000001,426.61428053826205,46.125043601386714,-3.072763628086419,-3.3467654299900315e-10,3.0,118.81901353407207,31.88891434831648
763.0,426.4147540947283,46.11128866298017,-3.0727636287791946,-2.06860195797827e-10,3.0,118.81901142310336,31.888914224753766
763.2,426.21522765118146,46.09753372477195,-3.0727636310457376,2.1721496224419103e-10,3.0,118.81900931213464,31.88891410119105
763.4000000000001,426.0157012076346,46.08377878655943,-3.072763628779538,-2.1722537286266118e-10,3.0,118.81900720116592,31.88891397762834
763.6,425.8161747640828,46.07002384839781,-3.0727636317378786,3.362352836440031e-10,3.0,118.8190050901972,31.888913854065628
763.8000000000001,425.61664832053117,46.0562689102307,-3.072763628779014,-2.074616063317283e-10,3.0,118.81900297922849,31.888913730502917
764.0,425.4171218769794,46.042513972069045,-3.072763631737862,3.361482183429116e-10,3.0,118.81900086825976,31.888913606940203
764.2,425.21759543343245,46.028759033855316,-3.0727636280861845,-3.3533464361171675e-10,3.0,118.81899875729104,31.888913483377493
764.4000000000001,425.01806898989855,46.01500409544878,-3.0727636287790667,-2.0481534166817434e-10,3.0,118.81899664632232,31.88891335981478
764.6,424.8185425463467,46.0012491572871,-3.072763631738094,3.366030807781106e-10,3.0,118.81899453535361,31.888913236252066
764.8000000000001,424.6190161027997,45.987494219073376,-3.0727636280864044,-3.3460516468532945e-10,3.0,118.81899242438489,31.888913112689355
765.0,424.419489659266,45.973739280666834,-3.0727636287792497,-2.0668278933089854e-10,3.0,118.81899031341617,31.88891298912664
765.2,424.2199632157004,45.959984342704715,-3.072763634697366,8.878491001557682e-10,3.0,118.81898820244744,31.88891286556393
765.4000000000001,424.0204367721354,45.946229404731625,-3.072763628779549,-2.1724570804553485e-10,3.0,118.81898609147873,31.88891274200122
765.6,423.8209103285973,45.93247446637049,-3.0727636287790063,-2.0755235517474254e-10,3.0,118.81898398051001,31.888912618438507
765.8000000000001,423.6213838850503,45.91871952816222,-3.0727636310450985,2.0887609379997321e-10,3.0,118.81898186954129,31.888912494875793
766.0,423.42185744150356,45.90496458994979,-3.0727636287789544,-2.075302940219169e-10,3.0,118.81897975857257,31.888912371313083
766.2,423.22233099796534,45.89120965158858,-3.0727636287788913,-2.0931512562619175e-10,3.0,118.81897764760386,31.88891224775037
766.4000000000001,423.0228045544183,45.877454713380345,-3.0727636310451043,2.1309353949299995e-10,3.0,118.81897553663514,31.888912124187655
766.6,422.8232781108715,45.863699775167895,-3.0727636287791884,-2.071169906567842e-10,3.0,118.81897342566641,31.888912000624945
766.8000000000001,422.62375166731965,45.84994483700622,-3.072763631738119,3.365146048745108e-10,3.0,118.81897131469769,31.88891187706223
767.0,422.42422522375443,45.836189899038644,-3.0727636317380695,3.364779032442367e-10,3.0,118.81896920372898,31.88891175349952
767.2,422.2246987802027,45.82243496087154,-3.0727636287792754,-2.0699490510029778e-10,3.0,118.81896709276026,31.88891162993681
767.4000000000001,422.0251723366692,45.80868002246372,-3.0727636280863835,-3.36731171895928e-10,3.0,118.81896498179154,31.888911506374097
767.6,421.8256458931354,45.794925084057176,-3.0727636287790263,-2.0814999369866432e-10,3.0,118.81896287082282,31.888911382811383
767.8000000000001,421.6261194495884,45.78117014584891,-3.072763631045092,2.089525429683759e-10,3.0,118.81896075985411,31.88891125924867
768.0,421.4265930060416,45.76741520763648,-3.072763628778954,-2.0748635325255177e-10,3.0,118.81895864888538,31.88891113568596
768.2,421.2270665624897,45.753660269474814,-3.0727636317378626,3.3617574821901046e-10,3.0,118.81895653791666,31.888911012123245
768.4000000000001,421.0275401189243,45.73990533150722,-3.0727636317377733,3.36319037946839e-10,3.0,118.81895442694794,31.888910888560535
768.6,420.82801367537274,45.726150393340134,-3.0727636287791515,-2.0475035132240444e-10,3.0,118.81895231597923,31.888910764997824
768.8000000000001,420.6284872318346,45.71239545497893,-3.072763628779239,-2.0718173090194663e-10,3.0,118.81895020501051,31.88891064143511
769.0,420.42896078828767,45.698640516770666,-3.0727636310452993,2.091793416206611e-10,3.0,118.81894809404179,31.888910517872397
769.2,420.2294343447408,45.68488557855823,-3.072763628779311,-2.0651337015994862e-10,3.0,118.81894598307306,31.888910394309686
769.4000000000001,420.02990790120725,45.67113064015045,-3.0727636280868715,-3.2771813363459726e-10,3.0,118.81894387210436,31.888910270746972
769.6,419.83038145765977,45.657375701943344,-3.072763631738385,3.2646451278173205e-10,3.0,118.81894176113563,31.88891014718426
769.8000000000001,419.6308550141081,45.64362076377629,-3.0727636287789464,-2.0757697639068558e-10,3.0,118.81893965016691,31.88891002362155
770.0,419.4313285705564,45.62986582561463,-3.0727636317378524,3.3621233142038844e-10,3.0,118.8189375391982,31.888909900058835
770.2,419.23180212699094,45.61611088764705,-3.0727636317377582,3.361571262366045e-10,3.0,118.81893542822948,31.888909776496124
770.4000000000001,419.0322756834439,45.6023559494333,-3.0727636280860873,-3.3638798516187333e-10,3.0,118.81893331726076,31.888909652933414
770.6,418.83274923991013,45.58860101102679,-3.0727636287790636,-2.0296621786007087e-10,3.0,118.81893120629204,31.8889095293707
770.8000000000001,418.63322279635827,45.57484607286509,-3.0727636317380824,3.366739248482099e-10,3.0,118.81892909532333,31.888909405807986
771.0,418.4336963528114,45.56109113465139,-3.0727636280865025,-3.3456176651948724e-10,3.0,118.8189269843546,31.888909282245276
771.2,418.2341699092724,45.54733619629141,-3.072763629472049,-7.99505469434621e-11,3.0,118.81892487338588,31.888909158682562
771.4000000000001,418.03464346571553,45.533581258175055,-3.072763631738135,3.3666257190583026e-10,3.0,118.81892276241716,31.88890903511985
771.6,417.8351170221553,45.519826320160874,-3.0727636310452127,2.0655233967921164e-10,3.0,118.81892065144845,31.888908911557138
771.8000000000001,417.63559057860846,45.50607138194845,-3.072763628778996,-2.0817331988519446e-10,3.0,118.81891854047973,31.888908787994428
772.0,417.436064135075,45.49231644354066,-3.072763628086227,-3.3482862219812735e-10,3.0,118.818916429511,31.888908664431714
772.2,417.2365376915275,45.47856150533362,-3.072763631737758,3.3625716072558293e-10,3.0,118.81891431854228,31.888908540869
772.4000000000001,417.0370112479758,45.46480656716651,-3.072763628778992,-2.0771073624799018e-10,3.0,118.81891220757358,31.88890841730629
772.6,416.8374848044424,45.45105162875872,-3.072763628086179,-3.340691511984468e-10,3.0,118.81891009660485,31.888908293743576
772.8000000000001,416.63795836089474,45.43729669055169,-3.0727636317379337,3.39035402352448e-10,3.0,118.81890798563613,31.888908170180862
773.0,416.4384319173433,45.42354175238458,-3.072763628779322,-2.0716444236547047e-10,3.0,118.81890587466741,31.888908046618152
773.2,416.2389054737913,45.40978681422291,-3.072763631738115,3.3657633338301136e-10,3.0,118.8189037636987,31.888907923055438
773.4000000000001,416.0393790302259,45.39603187625532,-3.0727636317381513,3.3664974653242733e-10,3.0,118.81890165272998,31.888907799492728
773.6,415.83985258667906,45.3822769380416,-3.0727636280863777,-3.3753841632322214e-10,3.0,118.81889954176125,31.888907675930017
773.8000000000001,415.64032614314516,45.36852199963505,-3.0727636287790268,-2.0830502680877774e-10,3.0,118.81889743079253,31.888907552367304
774.0,415.4407996995934,45.354767061473396,-3.07276363173774,3.3638274159816277e-10,3.0,118.81889531982382,31.88890742880459
774.2,415.24127325604644,45.34101212325967,-3.0727636280861526,-3.3489702699133913e-10,3.0,118.8188932088551,31.88890730524188
774.4000000000001,415.04174681251254,45.3272571848531,-3.0727636287789752,-2.0765367158454575e-10,3.0,118.81889109788638,31.888907181679166
774.6,414.8422203689607,45.313502246691435,-3.0727636317376557,3.349610127577226e-10,3.0,118.81888898691766,31.88890705811645
774.8000000000001,414.64269392539535,45.29974730872388,-3.0727636317379097,3.4116446183201605e-10,3.0,118.81888687594895,31.88890693455374
775.0,414.44316748184383,45.28599237055678,-3.0727636287792772,-2.0709429670431136e-10,3.0,118.81888476498023,31.88890681099103
775.2,414.2436410383103,45.272237432148955,-3.0727636280865,-3.347009522886567e-10,3.0,118.8188826540115,31.888906687428317
775.4000000000001,414.0441145947627,45.258482493941926,-3.072763631738191,3.3762490391663623e-10,3.0,118.81888054304278,31.888906563865604
775.6,413.8445881512158,45.24472755572823,-3.0727636280868795,-3.288289194617226e-10,3.0,118.81887843207407,31.888906440302893
775.8000000000001,413.6450617076767,45.23097261736818,-3.0727636294722562,-9.000413973425884e-11,3.0,118.81887632110535,31.88890631674018
776.0,413.4455352641198,45.21721767925188,-3.072763631737765,3.3621656321789495e-10,3.0,118.81887421013663,31.888906193177466
776.2,413.2460088205728,45.20346274103816,-3.0727636280861983,-3.3477545403341854e-10,3.0,118.8188720991679,31.888906069614755
776.4000000000001,413.0464823770252,45.189707802831116,-3.072763631737747,3.35940335744262e-10,3.0,118.8188699881992,31.88890594605204
776.6,412.84695593346476,45.17595286481693,-3.0727636310449085,2.0764455863810005e-10,3.0,118.81886787723047,31.88890582248933
776.8000000000001,412.6474294899179,45.16219792660452,-3.0727636287790197,-2.0231106548386272e-10,3.0,118.81886576626175,31.88890569892662
777.0,412.44790304637985,45.14844298824331,-3.072763628779287,-2.0715304818698612e-10,3.0,118.81886365529303,31.888905575363907
777.2,412.24837660283276,45.13468805003504,-3.0727636310453743,2.0927675064989631e-10,3.0,118.81886154432432,31.888905451801193
777.4000000000001,412.0488501592807,45.12093311186918,-3.0727636294720915,-7.987138135488145e-11,3.0,118.8188594333556,31.888905328238483
777.6,411.8493237157375,45.10717817355331,-3.07276362877934,-2.0720365106719182e-10,3.0,118.81885732238688,31.88890520467577
777.8000000000001,411.6497972721905,45.09342323534502,-3.0727636310452073,2.0575413413228325e-10,3.0,118.81885521141815,31.888905081113055
778.0,411.45027082863004,45.07966829733212,-3.072763631737832,3.354520413943974e-10,3.0,118.81885310044945,31.888904957550345
778.2,411.250744385083,45.065913359118404,-3.072763628086123,-3.3471996971924495e-10,3.0,118.81885098948072,31.888904833987635
778.4000000000001,411.05121794153536,45.05215842091137,-3.072763631737764,3.361720413868371e-10,3.0,118.818848878512,31.88890471042492
778.6,410.8516914979838,45.03840348274427,-3.0727636287789046,-2.0741061999050477e-10,3.0,118.81884676754328,31.88890458686221
778.8000000000001,410.6521650544502,45.024648544336465,-3.072763628086192,-3.334356649147077e-10,3.0,118.81884465657457,31.888904463299497
779.0,410.45263861091655,45.01089360592993,-3.0727636287791786,-2.045939081372931e-10,3.0,118.81884254560585,31.888904339736783
779.2,410.25311216736463,44.99713866776824,-3.0727636317381757,3.3647678657490123e-10,3.0,118.81884043463712,31.88890421617407
779.4000000000001,410.053585723813,44.98338372960113,-3.0727636287793114,-2.0736628860537976e-10,3.0,118.81883832366842,31.88890409261136
779.6,409.8540592802612,44.969628791439476,-3.0727636317382268,3.3778218304956313e-10,3.0,118.8188362126997,31.888903969048645
779.8000000000001,409.65453283670064,44.95587385342532,-3.07276363104578,2.1435712922012081e-10,3.0,118.81883410173097,31.888903845485935
780.0,409.4550063931539,44.94211891521281,-3.0727636287794255,-2.174647911338383e-10,3.0,118.81883199076225,31.888903721923224
780.2,409.25547994961573,44.928363976851664,-3.072763628778872,-2.0756228583470933e-10,3.0,118.81882987979354,31.88890359836051
780.4000000000001,409.0559535060639,44.91460903868999,-3.072763631737787,3.362982325042693e-10,3.0,118.81882776882482,31.888903474797797
780.6,408.85642706251696,44.90085410047628,-3.0727636280860993,-3.3520160529891475e-10,3.0,118.8188256578561,31.888903351235086
780.8000000000001,408.656900618983,44.88709916206972,-3.072763628778816,-2.0851952140519522e-10,3.0,118.81882354688737,31.888903227672373
781.0,408.45737417543126,44.873344223908084,-3.072763631737892,3.4179648269717426e-10,3.0,118.81882143591866,31.88890310410966
781.2,408.25784773186587,44.85958928594047,-3.0727636317382094,3.367355280730319e-10,3.0,118.81881932494994,31.88890298054695
781.4000000000001,408.05832128831884,44.84583434772675,-3.0727636280865496,-3.345978229417936e-10,3.0,118.81881721398122,31.888902856984238
781.6,407.85879484477135,44.83207940951973,-3.0727636317381952,3.3662098205750294e-10,3.0,118.8188151030125,31.888902733421524
781.8000000000001,407.6592684012243,44.818324471306,-3.0727636280865536,-3.3470271030124627e-10,3.0,118.81881299204379,31.888902609858814
782.0,407.4597419576855,44.80456953294601,-3.0727636294719005,-8.379143175265984e-11,3.0,118.81881088107507,31.8889024862961
782.2,407.2602155141284,44.79081459482967,-3.0727636317378026,3.354425294653435e-10,3.0,118.81880877010634,31.888902362733386
782.4000000000001,407.06068907058136,44.77705965661594,-3.0727636280860953,-3.347174324619661e-10,3.0,118.81880665913762,31.888902239170676
782.6,406.8611626270476,44.7633047182094,-3.072763628778883,-2.0753165837821427e-10,3.0,118.81880454816891,31.888902115607962
782.8000000000001,406.66163618348173,44.74954978024723,-3.072763634696632,8.801257604540388e-10,3.0,118.81880243720019,31.888901992045252
783.0,406.4621097399214,44.73579484222762,-3.072763628086197,-3.329418739162464e-10,3.0,118.81880032623147,31.88890186848254
783.2,406.26258329638745,44.72203990382106,-3.0727636287792075,-2.045955432139597e-10,3.0,118.81879821526275,31.888901744919828
783.4000000000001,406.06305685285395,44.70828496541324,-3.0727636280865624,-3.34597660483969e-10,3.0,118.81879610429404,31.888901621357114
783.6,405.86353040930203,44.69453002725284,-3.0727636324309837,4.6379394076545126e-10,3.0,118.81879399332531,31.8889014977944
783.8000000000001,405.6640039657461,44.68077508913111,-3.072763628779375,-2.0592305226395745e-10,3.0,118.81879188235659,31.88890137423169
784.0,405.46447752221275,44.667020150723324,-3.0727636280868977,-3.3010927849983347e-10,3.0,118.81878977138787,31.888901250668976
784.2,405.2649510786651,44.65326521251621,-3.072763631738284,3.2631538931372413e-10,3.0,118.81878766041916,31.888901127106262
784.4000000000001,405.0654246351046,44.63951027450208,-3.0727636310449777,2.0889157278185762e-10,3.0,118.81878554945044,31.888901003543552
784.6,404.8658981915578,44.62575533628965,-3.0727636287788407,-2.075263651114616e-10,3.0,118.81878343848172,31.88890087998084
784.8000000000001,404.66637174800593,44.612000398127975,-3.0727636317377636,3.363831657160796e-10,3.0,118.818781327513,31.888900756418128
785.0,404.4668453044544,44.5982454599609,-3.072763628778979,-2.054790107283727e-10,3.0,118.81877921654429,31.888900632855417
785.2,404.26731886092085,44.584490521553086,-3.072763628086433,-3.318654032367517e-10,3.0,118.81877710557556,31.888900509292704
785.4000000000001,404.0677924173732,44.570735583346035,-3.072763631738218,3.3656443286468545e-10,3.0,118.81877499460684,31.88890038572999
785.6,403.8682659738216,44.55698064517894,-3.0727636287793607,-2.072569462344794e-10,3.0,118.81877288363812,31.88890026216728
785.8000000000001,403.6687395302835,44.54322570681774,-3.072763628779394,-2.0593929544954046e-10,3.0,118.81877077266941,31.888900138604566
786.0,403.469213086723,44.529470768809034,-3.0727636340046756,7.571446024389263e-10,3.0,118.81876866170069,31.888900015041855
786.2,403.2696866431629,44.51571583079063,-3.072763628779383,-2.1747730357794485e-10,3.0,118.81876655073197,31.888899891479145
786.4000000000001,403.07016019962475,44.501960892429494,-3.0727636287788265,-2.0765638501446598e-10,3.0,118.81876443976324,31.88889976791643
786.6,402.87063375607295,44.488205954267826,-3.0727636317377405,3.363213861624845e-10,3.0,118.81876232879453,31.888899644353717
786.8000000000001,402.6711073125213,44.474451016100716,-3.0727636287788394,-2.078797029348782e-10,3.0,118.81876021782581,31.888899520791007
787.0,402.47158086898787,44.46069607769292,-3.072763628086018,-3.352997910504065e-10,3.0,118.81875810685709,31.888899397228293
787.2,402.27205442545403,44.446941139286395,-3.07276362877903,-2.017169468365278e-10,3.0,118.81875599588838,31.88889927366558
787.4000000000001,402.07252798190217,44.43318620112469,-3.072763631738242,3.366311960928125e-10,3.0,118.81875388491966,31.888899150102866
787.6,401.8730015383419,44.41943126311052,-3.0727636310454707,2.0934335250428463e-10,3.0,118.81875177395094,31.888899026540155
787.8000000000001,401.67347509479504,44.405676324898096,-3.0727636287793456,-2.0719476306005895e-10,3.0,118.81874966298221,31.888898902977445
788.0,401.4739486512482,44.39192138668983,-3.0727636310454636,2.0883301569253857e-10,3.0,118.8187475520135,31.88889877941473
788.2,401.27442220769603,44.37816644852394,-3.0727636294718863,-8.427012390579929e-11,3.0,118.81874544104478,31.88889865585202
788.4000000000001,401.0748957641528,44.36441151020808,-3.0727636287788815,-2.0826515972495758e-10,3.0,118.81874333007606,31.888898532289307
788.6,400.875369320606,44.35065657199983,-3.072763631044946,2.0889213942219768e-10,3.0,118.81874121910734,31.888898408726593
788.8000000000001,400.67584287705915,44.3369016337874,-3.072763628778833,-2.0767910273502632e-10,3.0,118.81873910813863,31.888898285163883
789.0,400.4763164335211,44.32314669542622,-3.0727636287788167,-2.0712387318312151e-10,3.0,118.8187369971699,31.88889816160117
789.2,400.27678998996055,44.30939175741749,-3.072763634003979,7.552164659892087e-10,3.0,118.81873488620118,31.88889803803846
789.4000000000001,400.07726354640045,44.29563681939916,-3.072763628779245,-2.0455957413326812e-10,3.0,118.81873277523246,31.88889791447575
789.6,399.87773710286234,44.281881881037954,-3.072763628779357,-2.0720370670888502e-10,3.0,118.81873066426375,31.888897790913035
789.8000000000001,399.6782106593104,44.268126942876286,-3.0727636317382756,3.3654318713978734e-10,3.0,118.81872855329503,31.88889766735032
790.0,399.47868421575896,44.2543720047092,-3.072763628779424,-2.0586700808061585e-10,3.0,118.81872644232631,31.88889754378761
790.2,399.27915777222546,44.2406170663014,-3.0727636280868933,-3.312313444423899e-10,3.0,118.81872433135759,31.888897420224897
790.4000000000001,399.0796313286778,44.2268621280943,-3.0727636317382325,3.2648695469308793e-10,3.0,118.81872222038888,31.888897296662183
790.6,398.8801048851309,44.21310718988063,-3.072763628086046,-3.3497359635150535e-10,3.0,118.81872010942016,31.888897173099473
790.8000000000001,398.6805784415833,44.199352251673595,-3.072763631737684,3.3628580155904726e-10,3.0,118.81871799845143,31.88889704953676
791.0,398.4810519980318,44.18559731350649,-3.07276362877881,-2.0792733619873085e-10,3.0,118.81871588748271,31.88889692597405
791.2,398.2815255544798,44.17184237534483,-3.072763631737677,3.3618423103259473e-10,3.0,118.818713776514,31.888896802411335
791.4000000000001,398.08199911092817,44.15808743717775,-3.072763628779047,-2.0151615760747417e-10,3.0,118.81871166554528,31.888896678848624
791.6,397.88247266739006,44.14433249881653,-3.0727636287793816,-2.071343392782591e-10,3.0,118.81870955457656,31.88889655528591
791.8000000000001,397.6829462238431,44.13057756060826,-3.0727636310454978,2.0935809497744724e-10,3.0,118.81870744360783,31.888896431723197
792.0,397.48341978029634,44.11682262239584,-3.0727636287793727,-2.071705320506908e-10,3.0,118.81870533263913,31.888896308160486
792.2,397.2838933367495,44.103067684187565,-3.07276363104548,2.0860657985510392e-10,3.0,118.8187032216704,31.888896184597773
792.4000000000001,397.0843668931889,44.08931274617464,-3.0727636317380087,3.3185759181831814e-10,3.0,118.81870111070168,31.888896061035062
792.6,396.8848404496373,44.07555780800756,-3.0727636287788265,-2.0822289055266667e-10,3.0,118.81869899973296,31.888895937472352
792.8000000000001,396.6853140060992,44.061802869646364,-3.0727636287788167,-2.0763010244737108e-10,3.0,118.81869688876425,31.888895813909638
793.0,396.4857875625474,44.0480479314847,-3.0727636317376934,3.360888325242109e-10,3.0,118.81869477779553,31.888895690346924
793.2,396.28626111900036,44.03429299327099,-3.0727636280860438,-3.342971824790691e-10,3.0,118.8186926668268,31.888895566784214
793.4000000000001,396.08673467546646,44.020538054864446,-3.0727636287789655,-2.0460940112086193e-10,3.0,118.81869055585808,31.8888954432215
793.6,395.88720823191466,44.00678311670278,-3.0727636317381606,3.392034255400221e-10,3.0,118.81868844488937,31.888895319658786
793.8000000000001,395.6876817883676,43.99302817848904,-3.07276362808663,-3.34509445930814e-10,3.0,118.81868633392065,31.888895196096076
794.0,395.48815534482026,43.97927324028201,-3.0727636317382796,3.3670303994427717e-10,3.0,118.81868422295193,31.888895072533362
794.2,395.2886289012548,43.96551830231443,-3.0727636317382734,3.356779232663324e-10,3.0,118.81868211198321,31.888894948970652
794.4000000000001,395.0891024577032,43.951763364147304,-3.072763628779078,-2.121763752525221e-10,3.0,118.8186800010145,31.88889482540794
794.6,394.8895760141651,43.93800842578613,-3.072763628778835,-2.081221102092085e-10,3.0,118.81867789004578,31.888894701845228
794.8000000000001,394.6900495706315,43.92425348737832,-3.072763628086022,-3.3487764778127605e-10,3.0,118.81867577907705,31.888894578282514
795.0,394.49052312708415,43.9104985491713,-3.0727636317376903,3.361826861338399e-10,3.0,118.81867366810833,31.8888944547198
795.2,394.2909966835324,43.8967436110042,-3.0727636287787523,-2.079569558476427e-10,3.0,118.81867155713962,31.88889433115709
795.4000000000001,394.0914702399854,43.88298867279593,-3.072763631044882,2.0920104031987042e-10,3.0,118.8186694461709,31.888894207594376
795.6,393.8919437964248,43.869233734783045,-3.07276363173798,3.424851660589289e-10,3.0,118.81866733520218,31.888894084031666
795.8000000000001,393.6924173528732,43.85547879661591,-3.0727636287793785,-2.0712084746695866e-10,3.0,118.81866522423346,31.888893960468955
796.0,393.4928909093352,43.841723858254724,-3.0727636287794207,-2.0706146696254134e-10,3.0,118.81866311326475,31.88889383690624
796.2,393.2933644657832,43.827968920093056,-3.072763631738389,3.380871752617465e-10,3.0,118.81866100229603,31.888893713343528
796.4000000000001,393.0938380222363,43.81421398187935,-3.072763628086874,-3.321442705898868e-10,3.0,118.8186588913273,31.888893589780817
796.6,392.89431157870246,43.800459043472735,-3.0727636287793083,-2.1732076287173346e-10,3.0,118.8186567803586,31.888893466218104
796.8000000000001,392.6947851351554,43.78670410526451,-3.0727636310449005,2.0887124088879855e-10,3.0,118.81865466938987,31.88889334265539
797.0,392.4952586916087,43.77294916705208,-3.0727636287787607,-2.0765278704688546e-10,3.0,118.81865255842115,31.88889321909268
797.2,392.29573224805677,43.75919422889041,-3.072763631737649,3.3570455921690846e-10,3.0,118.81865044745243,31.888893095529966
797.4000000000001,392.09620580449143,43.74543929092283,-3.0727636317376517,3.367792852350286e-10,3.0,118.81864833648372,31.888892971967255
797.6,391.8966793609398,43.73168435275576,-3.0727636287790716,-2.0112737941885412e-10,3.0,118.818646225515,31.888892848404545
797.8000000000001,391.69715291740164,43.71792941439453,-3.0727636287794287,-2.0703500460417187e-10,3.0,118.81864411454627,31.88889272484183
798.0,391.4976264738548,43.704174476186274,-3.0727636310455435,2.0928361302224634e-10,3.0,118.81864200357755,31.888892601279117
798.2,391.29810003030786,43.69041953797383,-3.072763628779418,-2.0705914947426716e-10,3.0,118.81863989260884,31.888892477716407
798.4000000000001,391.09857358677436,43.676664599566024,-3.072763628086617,-3.356673317976356e-10,3.0,118.81863778164012,31.888892354153693
798.6,390.8990471432268,43.66290966135897,-3.072763631737982,3.313229907077032e-10,3.0,118.8186356706714,31.88889223059098
798.8000000000001,390.69952069966143,43.64915472339141,-3.072763631737696,3.356505800846369e-10,3.0,118.81863355970268,31.88889210702827
799.0,390.4999942561099,43.635399785224315,-3.072763628778749,-2.0758102650030748e-10,3.0,118.81863144873397,31.88889198346556
799.2,390.3004678125717,43.62164484686312,-3.0727636287787754,-2.0763300067016672e-10,3.0,118.81862933776524,31.888891859902845
799.4000000000001,390.10094136902467,43.607889908654855,-3.0727636310449125,2.096353521724863e-10,3.0,118.81862722679652,31.88889173634013
799.6,389.9014149254779,43.59413497044244,-3.0727636287789863,-2.0396053982308893e-10,3.0,118.8186251158278,31.88889161277742
799.8000000000001,389.70188848193976,43.58038003208124,-3.072763628779318,-2.047212116728945e-10,3.0,118.81862300485909,31.888891489214707
800.0,389.50236203839285,43.566625093872965,-3.0727636310455515,2.0924361227073816e-10,3.0,118.81862089389037,31.888891365651993
800.2,389.30283559484593,43.55287015566052,-3.072763628779421,-2.0711523130221398e-10,3.0,118.81861878292165,31.888891242089283
800.4000000000001,389.103309151294,43.53911521749886,-3.0727636317384177,3.3815900120033253e-10,3.0,118.81861667195292,31.88889111852657
800.6,388.9037827077288,43.525360279531284,-3.0727636317385736,3.3830255854045386e-10,3.0,118.81861456098422,31.88889099496386
800.8000000000001,388.70425626417705,43.51160534136412,-3.0727636287792492,-2.172556722608095e-10,3.0,118.8186124500155,31.88889087140115
801.0,388.5047298206437,43.497850402956374,-3.0727636280859874,-3.349233774792379e-10,3.0,118.81861033904677,31.888890747838435
801.2,388.30520337709606,43.48409546474934,-3.0727636317376548,3.361674441936213e-10,3.0,118.81860822807805,31.88889062427572
801.4000000000001,388.10567693354443,43.47034052658223,-3.072763628778714,-2.0803833822842753e-10,3.0,118.81860611710934,31.88889050071301
801.6,387.90615049001104,43.45658558817443,-3.0727636280859754,-3.341281100963399e-10,3.0,118.81860400614062,31.888890377150297
801.8000000000001,387.70662404646345,43.442830649967426,-3.0727636317379963,3.427388370663319e-10,3.0,118.8186018951719,31.888890253587583
802.0,387.50709760289817,43.429075711999815,-3.072763631738305,3.368789810089708e-10,3.0,118.81859978420317,31.888890130024873
802.2,387.3075711593465,43.41532077383271,-3.072763628779461,-2.0721717671436352e-10,3.0,118.81859767323446,31.888890006462162
802.4000000000001,387.10804471580826,43.40156583547152,-3.0727636287794686,-2.0700857720114692e-10,3.0,118.81859556226574,31.88888988289945
802.6,386.90851827226135,43.38781089726325,-3.0727636310454884,2.0792217695874788e-10,3.0,118.81859345129702,31.888889759336735
802.8000000000001,386.7089918287145,43.374055959050786,-3.072763628779091,-2.1259738876147439e-10,3.0,118.8185913403283,31.888889635774024
803.0,386.5094653851765,43.360301020689626,-3.0727636287787887,-2.0833648172451913e-10,3.0,118.81858922935959,31.88888951221131
803.2,386.3099389416296,43.34654608248137,-3.072763631044849,2.0877165666848694e-10,3.0,118.81858711839087,31.888889388648597
803.4000000000001,386.1104124980828,43.33279114426894,-3.072763628778713,-2.075301567210962e-10,3.0,118.81858500742214,31.888889265085886
803.6,385.9108860545309,43.31903620610728,-3.0727636317376756,3.3708787804512994e-10,3.0,118.81858289645342,31.888889141523173
803.8000000000001,385.71135961096553,43.30528126813971,-3.0727636317378804,3.4020607615934636e-10,3.0,118.81858078548471,31.888889017960462
804.0,385.51183316741407,43.29152632997261,-3.0727636287793447,-2.0468863463572174e-10,3.0,118.81857867451599,31.888888894397752
804.2,385.31230672388057,43.277771391564784,-3.0727636280866952,-3.344510815520526e-10,3.0,118.81857656354727,31.888888770835038
804.4000000000001,385.1127802803329,43.26401645335775,-3.072763631738336,3.3653639153013447e-10,3.0,118.81857445257855,31.888888647272324
804.6,384.91325383678605,43.25026151514404,-3.0727636280867654,-3.329684364711826e-10,3.0,118.81857234160984,31.888888523709614
804.8000000000001,384.7137273932521,43.236506576737476,-3.072763628779677,-2.0600762170480155e-10,3.0,118.81857023064111,31.8888884001469
805.0,384.51420094970035,43.222751638575765,-3.0727636317381326,3.265585702487961e-10,3.0,118.81856811967239,31.888888276584186
805.2,384.31467450613496,43.20899670060823,-3.0727636317375455,3.361687898170891e-10,3.0,118.81856600870368,31.888888153021476
805.4000000000001,384.11514806258333,43.195241762441114,-3.0727636287787914,-2.076171034365539e-10,3.0,118.81856389773496,31.888888029458766
805.6,383.91562161903147,43.18148682427946,-3.072763631737592,3.3722947023403023e-10,3.0,118.81856178676624,31.888887905896052
805.8000000000001,383.71609517548444,43.16773188606575,-3.0727636280863004,-3.3084706517933276e-10,3.0,118.81855967579752,31.88888778233334
806.0,383.51656873195077,43.153976947659196,-3.0727636287793487,-2.047954258318715e-10,3.0,118.81855756482881,31.888887658770628
806.2,383.31704228841727,43.140222009251374,-3.0727636280866975,-3.34369957185518e-10,3.0,118.81855545386009,31.888887535207914
806.4000000000001,383.1175158448696,43.12646707104434,-3.072763631738344,3.3657445580536703e-10,3.0,118.81855334289136,31.8888874116452
806.6,382.91798940131804,43.11271213287725,-3.0727636287794935,-2.0699271810452855e-10,3.0,118.81855123192264,31.88888728808249
806.8000000000001,382.7184629577661,43.09895719471557,-3.072763631738312,3.349660031072296e-10,3.0,118.81854912095393,31.888887164519776
807.0,382.5189365142009,43.085202256747976,-3.0727636317378817,3.3093114267075746e-10,3.0,118.81854700998521,31.888887040957066
807.2,382.31941007065393,43.07144731853427,-3.072763628086033,-3.3565104296850596e-10,3.0,118.81854489901649,31.888886917394355
807.4000000000001,382.11988362712003,43.05769238012772,-3.072763628778719,-2.076995844406056e-10,3.0,118.81854278804776,31.88888679383164
807.6,381.9203571835682,43.04393744196605,-3.0727636317375575,3.358536062682142e-10,3.0,118.81854067707906,31.888886670268928
807.8000000000001,381.7208307400212,43.030182503752336,-3.072763628085967,-3.3354410434452585e-10,3.0,118.81853856611033,31.888886546706217
808.0,381.5213042964875,43.016427565345815,-3.0727636287791436,-2.007520330537967e-10,3.0,118.81853645514161,31.888886423143504
808.2,381.32177785293555,43.00267262718411,-3.072763631738349,3.368101714269123e-10,3.0,118.81853434417289,31.88888629958079
808.4000000000001,381.12225140937016,42.98891768921652,-3.0727636317383378,3.3663703935091105e-10,3.0,118.81853223320418,31.88888617601808
808.6,380.92272496581865,42.975162751049425,-3.0727636287795606,-2.0710849942364685e-10,3.0,118.81853012223546,31.88888605245537
808.8000000000001,380.7231985222716,42.96140781284115,-3.0727636310454427,2.074076893008315e-10,3.0,118.81852801126674,31.888885928892655
809.0,380.52367207872487,42.9476528746287,-3.072763628779062,-2.1283577405899787e-10,3.0,118.81852590029801,31.888885805329945
809.2,380.3241456351866,42.933897936267535,-3.0727636287788056,-2.0824891848135626e-10,3.0,118.8185237893293,31.88888568176723
809.4000000000001,380.12461919163957,42.92014299805927,-3.072763631044768,2.0881344949296076e-10,3.0,118.81852167836058,31.888885558204517
809.6,379.92509274809277,42.906388059846826,-3.072763628778737,-2.0762525489347996e-10,3.0,118.81851956739186,31.888885434641807
809.8000000000001,379.72556630455466,42.892633121485645,-3.072763628778773,-2.0633023000088854e-10,3.0,118.81851745642314,31.888885311079093
810.0,379.52603986100286,42.878878183324,-3.072763631737901,3.405550351562052e-10,3.0,118.81851534545443,31.88888518751638
810.2,379.32651341743747,42.86512324535641,-3.0727636317382094,3.389543555253774e-10,3.0,118.8185132344857,31.88888506395367
810.4000000000001,379.12698697389044,42.851368307142664,-3.072763628086723,-3.343334975230553e-10,3.0,118.81851112351698,31.88888494039096
810.6,378.9274605303567,42.83761336873612,-3.072763628779539,-2.0713409655001335e-10,3.0,118.81850901254826,31.888884816828245
810.8000000000001,378.7279340868097,42.82385843052786,-3.072763631045647,2.1095120898857863e-10,3.0,118.81850690157955,31.88888469326553
811.0,378.5284076432629,42.81010349231542,-3.0727636287797324,-2.0703384101307527e-10,3.0,118.81850479061083,31.88888456970282
811.2,378.32888119972466,42.796348553954175,-3.072763628779206,-2.1701510587927968e-10,3.0,118.81850267964211,31.888884446140107
811.4000000000001,378.12935475617286,42.78259361579255,-3.072763631737513,3.3604423506989506e-10,3.0,118.81850056867339,31.888884322577393
811.6,377.92982831260747,42.768838677824974,-3.0727636317375877,3.3612612113814194e-10,3.0,118.81849845770468,31.888884199014683
811.8000000000001,377.7303018690559,42.75508373965786,-3.0727636287786493,-2.0802039388685472e-10,3.0,118.81849634673596,31.888884075451973
812.0,377.530775425509,42.74132880144961,-3.072763631044849,2.1061318490776738e-10,3.0,118.81849423576723,31.88888395188926
812.2,377.331248981962,42.7275738632372,-3.0727636287791626,-2.00630440142645e-10,3.0,118.81849212479851,31.88888382832655
812.4000000000001,377.1317225384285,42.71381892482936,-3.072763628086785,-3.342655664878593e-10,3.0,118.8184900138298,31.888883704763835
812.6,376.9321960948766,42.70006398666896,-3.072763632431115,4.639614459155252e-10,3.0,118.81848790286108,31.88888358120112
812.8000000000001,376.7326696513253,42.686309048500604,-3.07276362808675,-3.343919559384261e-10,3.0,118.81848579189236,31.88888345763841
813.0,376.5331432077778,42.67255411029356,-3.0727636317383222,3.3449418291478503e-10,3.0,118.81848368092363,31.888883334075697
813.2,376.3336167642124,42.65879917232597,-3.0727636317379083,3.306686513899662e-10,3.0,118.81848156995493,31.888883210512986
813.4000000000001,376.1340903206654,42.64504423411227,-3.072763628085945,-3.355800642499357e-10,3.0,118.8184794589862,31.888883086950276
813.6,375.9345638771316,42.63128929570572,-3.0727636287786924,-2.0765218130152888e-10,3.0,118.81847734801748,31.888882963387562
813.8000000000001,375.7350374335935,42.617534357344525,-3.0727636287787132,-2.076360830902972e-10,3.0,118.81847523704877,31.88888283982485
814.0,375.5355109900466,42.60377941913627,-3.0727636310448125,2.1034852747275746e-10,3.0,118.81847312608005,31.888882716262135
814.2,375.3359845464945,42.59002448097043,-3.0727636294718406,-7.557322784508161e-11,3.0,118.81847101511133,31.888882592699424
814.4000000000001,375.1364581029561,42.576269542607925,-3.0727636280866477,-3.32115512064936e-10,3.0,118.8184689041426,31.88888246913671
814.6,374.93693165940863,42.562514604400896,-3.072763631738368,3.366960766322074e-10,3.0,118.8184667931739,31.888882345573997
814.8000000000001,374.7374052158431,42.54875966643331,-3.072763631738432,3.367670133216374e-10,3.0,118.81846468220517,31.888882222011286
815.0,374.5378787722963,42.53500472821958,-3.07276362808663,-3.3674678751728974e-10,3.0,118.81846257123645,31.888882098448576
815.2,374.3383523287487,42.521249790012526,-3.0727636317379288,3.304895620060305e-10,3.0,118.81846046026773,31.888881974885862
815.4000000000001,374.13882588519704,42.50749485184545,-3.072763628778707,-2.0833933517680178e-10,3.0,118.81845834929902,31.888881851323152
815.6,373.93929944166365,42.49373991343765,-3.072763628085891,-3.34859003590407e-10,3.0,118.8184562383303,31.888881727760438
815.8000000000001,373.73977299811605,42.479984975230614,-3.072763631737535,3.3611489179146994e-10,3.0,118.81845412736158,31.888881604197724
816.0,373.54024655456453,42.46623003706352,-3.072763628778655,-2.0803926114780088e-10,3.0,118.81845201639285,31.888881480635014
816.2,373.3407201110126,42.45247509890186,-3.0727636317375975,3.383151213788077e-10,3.0,118.81844990542415,31.8888813570723
816.4000000000001,373.1411936674472,42.4387201609343,-3.0727636317380695,3.432474072954755e-10,3.0,118.81844779445542,31.88888123350959
816.6,372.9416672239003,42.42496522272055,-3.0727636280867525,-3.3433302175340104e-10,3.0,118.8184456834867,31.88888110994688
816.8000000000001,372.7421407803664,42.411210284313995,-3.072763628779511,-2.0720131334105501e-10,3.0,118.81844357251798,31.888880986384166
817.0,372.54261433681955,42.39745534610574,-3.0727636310457296,2.1113464946821081e-10,3.0,118.81844146154927,31.888880862821452
817.2,372.34308789326747,42.38370040793987,-3.0727636294724516,-8.070599353264926e-11,3.0,118.81843935058055,31.88888073925874
817.4000000000001,372.14356109339184,42.369950411821726,-3.0729107006267014,-0.0029058434618695053,3.0,118.81843723960806,31.888880615740423
817.6,371.9440260536712,42.35632043558006,-3.0740562045084214,-0.008518513950785785,3.0,118.81843512854839,31.888880493300263
817.8000000000001,371.7444681462588,42.3430298656876,-3.076306809866663,-0.01396167253258089,3.0,118.81843301724679,31.888880373909043
818.0,371.54487397419007,42.33029611159809,-3.079631447241769,-0.01926336327925046,3.0,118.81843090556151,31.888880259519784
818.2,371.34523229904056,42.31833104174883,-3.0840044883728086,-0.02444996670922032,3.0,118.81842879337366,31.888880152035732
818.4000000000001,371.14553459117263,42.307342061616446,-3.089405421655208,-0.029546285926363904,3.0,118.81842668059298,31.888880053320044
818.6,370.94577556086256,42.2975331149623,-3.0958185451684406,-0.034575637847770915,3.0,118.81842456716352,31.88887996520478
818.8000000000001,370.7459536855656,42.28910560977981,-3.103232676966177,-0.039559938552931176,3.0,118.81842245306916,31.88887988949921
819.0,370.54607151781124,42.282259262986265,-3.111640890540295,-0.044519779764631486,3.0,118.8184203383369,31.88887982799743
819.2,370.34613624502873,42.27719288815369,-3.1210402567533464,-0.04947447790429049,3.0,118.81841822304283,31.88887978248541
819.4000000000001,370.1461612215437,42.27410511969388,-3.131431540382545,-0.05444207196971222,3.0,118.81841610732818,31.888879754747517
819.6,369.9461640757908,42.27319500023806,-3.142819073902972,-0.05943937354143545,3.0,118.81841399137947,31.888879746571774
819.8000000000001,369.7461707254957,42.27466257909483,-3.1552103209428615,-0.06448183147117187,3.0,118.81841187547093,31.88887975975526
820.0,369.5462132553667,42.278709342558365,-3.168615752635962,-0.06958350499061913,2.9535364154963646,118.818409759942,31.888879796107954
820.2,369.34633163557885,42.285538605583895,-3.1830485010591585,-0.0747568912961623,2.8988579402349197,118.81840764521556,31.888879857456267
820.4000000000001,369.1465746003278,42.295355769052165,-3.1985240182008643,-0.08001271737194324,2.8431280937838466,118.8184055318072,31.888879945645346
820.6,368.947000537647,42.308368446690544,-3.215059687472093,-0.08535966885524404,2.7862837898647506,118.81840342033468,31.88888006254022
820.8000000000001,368.7476784214979,42.32478644308057,-3.2326743726831912,-0.09080404966602662,2.7282553688507614,118.81840131152772,31.88888021002559
821.0,368.54868711437,42.34482174435127,-3.251388051701403,-0.0963494152669557,2.6689655969425896,118.81839920622069,31.888880390005763
821.2,368.35011960524736,42.36868787396521,-3.2712209126950134,-0.10199599581569445,2.6083284604633366,118.8183971053974,31.888880604398853
821.4000000000001,368.15208062329407,42.39659964693495,-3.292192952549476,-0.1077402299567095,2.5462477015528098,118.81839501016586,31.888880855134577
821.6,367.9546893015225,42.428772220080845,-3.3143229954043827,-0.11357409410113,2.4826150240548928,118.81839292178651,31.888881144145717
821.8000000000001,367.7580801481677,42.46541998225613,-3.337627720473595,-0.11948442677511044,2.4204346851925287,118.81839084168242,31.88888147335817
822.0,367.5624037029454,42.50675518601247,-3.36212058035273,-0.12545223640873415,2.3621627471079973,118.81838877144627,31.888881844678618
822.2,367.3678258421896,42.55298658705483,-3.387810753750898,-0.13145206205272725,2.307625441678774,118.81838671283303,31.88888225998236
822.4000000000001,367.17453119016346,42.60431678081465,-3.4147014157325746,-0.1374512689835523,2.256704231039809,118.81838466779601,31.888882721089338
822.6,366.9827210647885,42.66094031499282,-3.44278855606152,-0.14340963863241685,2.2093262329168306,118.81838263846512,31.8888832297472
822.8000000000001,366.79261432015784,42.7230407655237,-3.4720593142753016,-0.14927907771278978,2.1654569208975833,118.81838062715582,31.88888378760504
823.0,366.6044460066487,42.79078800424256,-3.502490545311161,-0.15500369303481623,2.125093276397784,118.81837863635492,31.88888439618884
823.2,366.4184687901408,42.864334047791125,-3.534046910757463,-0.1605201771514522,2.0882582451870833,118.8183766687356,31.888885056864186
823.4000000000001,366.23494782014745,42.94381090851989,-3.5666800830142265,-0.16575887614390217,2.05499430777992,118.81837472710309,31.888885770816977
823.6,366.05416217519553,43.029325654654905,-3.6003270019665283,-0.1706452109047402,2.0253587836286604,118.81837281441005,31.88888653900901
823.8000000000001,365.87639967448325,43.12095788562704,-3.634909503030314,-0.17510187320141596,1.999418121456003,118.81837093370154,31.888887362155344
824.0,365.7019540880648,43.21875626300217,-3.670333910243836,-0.179051496473675,1.9772429807211562,118.81836908808566,31.888888240693117
824.2,365.5311210185302,43.32273574910617,-3.706491332566733,-0.18241981033535076,1.958903400253358,118.8183672806898,31.888889174756734
824.4000000000001,365.3641936598079,43.432875201627084,-3.743258531308853,-0.18513906955126452,1.9444643341516281,118.81836551461596,31.88889016415627
824.6,365.20145677565984,43.54911668485961,-3.780499787435018,-0.18715153502339518,1.9339815347999594,118.8183637928769,31.88889120837128
824.8000000000001,365.04318252090053,43.671364448485065,-3.818069000879255,-0.18841264593481816,1.9274982647176406,118.81836211835198,31.888892306541624
825.0,364.88962450411583,43.79948616263002,-3.855812774078946,-0.18889363709542828,1.925042648469875,118.81836049372437,31.888893457478567
825.2,364.74101343175806,43.93331432308484,-3.8935736433609676,-0.18858328212098632,1.9266260363240584,118.8183589214349,31.888894659677383
825.4000000000001,364.597552534325,44.072649254623514,-3.931193734998176,-0.187488592257882,1.9322423471124301,118.81835740363375,31.88889591134437
825.6,364.45941401879634,44.21726283889212,-3.968518386784885,-0.18563437996776563,1.9418684875640557,118.81835594214283,31.8888972104303
825.8000000000001,364.32673656006403,44.366902828527714,-4.0053995385861265,-0.18306174359377758,1.9554657907756525,118.81835453842932,31.8888985546692
826.0,364.19962343374857,44.52129806739275,-4.041698827480015,-0.1798256338132233,1.9729824409739418,118.81835319358585,31.88889994162523
826.2,364.0781424660173,44.68016304152665,-4.077289907981639,-0.1759917854424663,1.9943566305108493,118.81835190833003,31.88890136873357
826.4000000000001,363.96232561077613,44.84320411714885,-4.112060508532402,-0.17163326663365797,2.0195205921731083,118.81835068299993,31.888902833356475
826.6,363.85217098204123,45.010123614837006,-4.145913343012243,-0.1668270309508648,2.048404917165077,118.81834951757558,31.888904332819834
826.8000000000001,363.7476445843578,45.180624774964954,-4.1787666473951965,-0.16165066787542015,2.080943402193026,118.81834841169731,31.888905864457815
827.0,363.64868300393647,45.35441567547565,-4.210553993095517,-0.1561795922220971,2.1170780906424804,118.81834736469425,31.888907425648036
827.2,363.555196558234,45.531212321045565,-4.241223562603525,-0.150484790508595,2.1567644478533103,118.81834637561751,31.888909013839324
827.4000000000001,363.467071852576,45.710742627522926,-4.2707372964232215,-0.14463111327273645,2.199977075981095,118.81834544326743,31.888910626587506
827.6,363.3841758579712,45.8927470188069,-4.299069285071877,-0.13867623637575996,2.2467150615045814,118.81834456623655,31.888912261560773
827.8000000000001,363.30635871551266,46.07698057609196,-4.3262043851481415,-0.1326700731909657,2.297008147500984,118.81834374293939,31.888913916558977
828.0,363.2334566141803,46.26321435024129,-4.3521366935007375,-0.1266546281639581,2.350923449398124,118.81834297164285,31.888915589525435
828.2,363.1652946631225,46.45123568577061,-4.3768679475770425,-0.12066420269273641,2.4085729034977956,118.8183422504966,31.88891727854983
828.4000000000001,363.1016897795787,46.64084709602953,-4.4004058728283395,-0.11472587262580186,2.46601367219727,118.81834157756364,31.888918981858108
828.6,363.0424519806194,46.83186851612667,-4.422763105884117,-0.10886000179251501,2.52214659198544,118.81834095083398,31.88892069783272
828.8000000000001,362.98738694371986,47.02413487572803,-4.443955667701349,-0.10308097773948942,2.5770571261545276,118.81834036825171,31.888922424990813
829.0,362.93629729490465,47.217496162494406,-4.464001924650134,-0.09739788734873873,2.6308218167454323,118.81833982772861,31.888924161984807
829.2,362.8889840110898,47.41181603707844,-4.48292153520741,-0.09181521620550738,2.6835095363094577,118.81833932715907,31.88892590758994
829.4000000000001,362.84524701879207,47.60697251457404,-4.5007347412826935,-0.08633344120305507,2.735182522513601,118.8183388644263,31.888927660710404
829.6,362.8048863867844,47.80285520944763,-4.517461446652005,-0.08094965867990021,2.7858972399325443,118.81833843741506,31.888929420354593
829.8000000000001,362.7677024478446,47.999366155294396,-4.533120745248236,-0.07565803845880748,2.8357051030500036,118.81833804401292,31.888931185642456
830.0,362.7334964118858,48.196417532378874,-4.547730262771249,-0.07045028957927674,2.8846530868483535,118.81833768211666,31.88893295578509
830.2,362.7020703492053,48.3939315758915,-4.561305765218049,-0.06531599207930666,2.932784245638229,118.81833734963224,31.888934730083932
830.4000000000001,362.67322721069115,48.591839667933115,-4.573860753984903,-0.06024288190318419,2.9801381564390366,118.81833704447487,31.888936507922573
830.6,362.6467707695149,48.79008097817555,-4.585406086275846,-0.055217082385536236,3.0,118.81833676456853,31.888938288754563
830.8000000000001,362.6225052469912,48.988602518344976,-4.595949719646217,-0.050223241060871,3.0,118.81833650784186,31.8889400721039
831.0,362.60023501681184,49.18735803468233,-4.60549640289334,-0.045244644047674025,3.0,118.81833627222517,31.888941857555082
831.2,362.5797641636693,49.38630719136482,-4.6140474050849996,-0.04026327633427253,3.0,118.8183360556457,31.888943644745762
831.4000000000001,362.5608959659958,49.58541459885887,-4.621600248899912,-0.0352598455210645,3.0,118.81833585602216,31.888945433358035
831.6,362.5434321622341,49.784650340291606,-4.628148497535495,-0.030213733167480973,3.0,118.81833567125696,31.888947223123154
831.8000000000001,362.5271723752792,49.983988096576326,-4.6336814380322195,-0.025102977057691222,3.0,118.81833549923013,31.888949013804684
832.0,362.5119132844794,50.183405039885905,-4.63818382576999,-0.01990418595992888,3.0,118.81833533779056,31.888950805197567
832.2,362.4974477794705,50.38288118049728,-4.641635588763405,-0.014592451479246961,3.0,118.81833518474704,31.888952597122223
832.4000000000001,362.48356403799835,50.58239870109738,-4.644011513942214,-0.009141251743875463,3.0,118.81833503785853,31.888954389418608
832.6,362.4700445281541,50.78194126328739,-4.645280914616601,-0.003522357581981482,3.0,118.81833489482354,31.888956181939943
832.8000000000001,362.4566672495583,50.98149340770157,-4.645496540276007,2.6469542727665747e-08,3.0,118.81833475329334,31.888957974547353
833.0,362.4432987373166,51.181046114725355,-4.645496549652751,-1.68722736224148e-08,3.0,118.81833461185589,31.88895976715982
833.2,362.4299302255004,51.38059882177724,-4.64549654027609,2.6467382573928003e-08,3.0,118.81833447041845,31.888961559772287
833.4000000000001,362.41656171280715,51.58015152877104,-4.645496540087404,2.7340336785632677e-08,3.0,118.818334328981,31.888963352384756
833.6,362.40319320055687,51.77970423579395,-4.645496549841019,-1.7743960476848325e-08,3.0,118.81833418754354,31.888965144997222
833.8000000000001,362.38982468920074,51.97925694287687,-4.645496549652597,-1.687486427413462e-08,3.0,118.8183340461061,31.88896693760969
834.0,362.3764561773847,52.178809649928716,-4.645496540275852,2.6470867983389922e-08,3.0,118.81833390466866,31.888968730222157
834.2,362.363087665143,52.37836235695276,-4.645496549652476,-1.6870186458949216e-08,3.0,118.81833376323121,31.888970522834626
834.4000000000001,362.3497191537695,52.5779150640339,-4.645496549652549,-1.6869262510846746e-08,3.0,118.81833362179377,31.88897231544709
834.6,362.3363506424049,52.7774677711158,-4.6454965498412175,-1.7743678306119646e-08,3.0,118.81833348035633,31.88897410805956
834.8000000000001,362.32298213060614,52.97702047816951,-4.645496540275885,2.647144333332589e-08,3.0,118.81833333891889,31.888975900672026
835.0,362.3096136183645,53.17657318519329,-4.645496549652261,-1.6868322452101807e-08,3.0,118.81833319748144,31.888977693284495
835.2,362.2962451069997,53.37612589227521,-4.645496549841333,-1.7745749584249917e-08,3.0,118.818333056044,31.88897948589696
835.4000000000001,362.2828765951922,53.57567859932812,-4.6454965400873185,2.734172947703994e-08,3.0,118.81833291460656,31.88898127850943
835.6,362.2695080824903,53.77523130632098,-4.645496540276101,2.6470164035251858e-08,3.0,118.8183327731691,31.888983071121896
835.8000000000001,362.2561395702486,53.97478401334502,-4.64549654965276,-1.6874846119560243e-08,3.0,118.81833263173165,31.88898486373436
836.0,362.24277105842356,54.174336720395914,-4.64549654008741,2.734008807806493e-08,3.0,118.81833249029421,31.88898665634683
836.2,362.22940254617333,54.373889427418966,-4.645496549841437,-1.774581543680586e-08,3.0,118.81833234885676,31.888988448959296
836.4000000000001,362.2160340348261,54.57344213450288,-4.645496549841277,-1.7747380396964388e-08,3.0,118.81833220741932,31.888990241571765
836.6,362.20266552301854,54.772994841555715,-4.645496540087185,2.7342992338324768e-08,3.0,118.81833206598188,31.88899203418423
836.8000000000001,362.1892970107683,54.97254754857878,-4.64549654984116,-1.7742370152500583e-08,3.0,118.81833192454442,31.8889938267967
837.0,362.17592849941224,55.17210025566167,-4.64549654965211,-1.6867876799642158e-08,3.0,118.81833178310698,31.888995619409165
837.2,362.1625599880387,55.371652962742765,-4.645496549652531,-1.6870484143794123e-08,3.0,118.81833164166954,31.888997412021634
837.4000000000001,362.14919147622254,55.57120566979468,-4.645496540275879,2.6471268269654893e-08,3.0,118.8183315002321,31.888999204634104
837.6,362.1358229639808,55.770758376818456,-4.645496549652662,-1.6870029953381968e-08,3.0,118.81833135879465,31.88900099724657
837.8000000000001,362.1224544521646,55.97031108387033,-4.645496540275998,2.6468490569662152e-08,3.0,118.81833121735721,31.889002789859035
838.0,362.1090859394803,56.16986379086502,-4.645496540275967,2.646964768287047e-08,3.0,118.81833107591976,31.889004582471504
838.2,362.0957174272385,56.36941649788906,-4.645496549652675,-1.687168957731072e-08,3.0,118.8183309344823,31.88900637508397
838.4000000000001,362.08234891586505,56.5689692049702,-4.645496549652742,-1.6872852363646568e-08,3.0,118.81833079304486,31.88900816769644
838.6,362.06898040404,56.76852191202108,-4.645496540087439,2.7339966063292387e-08,3.0,118.81833065160743,31.889009960308904
838.8000000000001,362.0556118917897,56.968074619044145,-4.645496549841006,-1.7744717997510624e-08,3.0,118.81833051016997,31.889011752921373
839.0,362.04224338044247,57.16762732612799,-4.6454965498412655,-1.774651790622854e-08,3.0,118.81833036873253,31.88901354553384
839.2,362.02887486863494,57.36718003318074,-4.6454965400871835,2.734301543182447e-08,3.0,118.81833022729509,31.889015338146308
839.4000000000001,362.0155063563847,57.56673274020372,-4.645496549841159,-1.7742448323966112e-08,3.0,118.81833008585764,31.889017130758774
839.6,362.0021378450287,57.76628544728661,-4.64549654965251,-1.6869605235548525e-08,3.0,118.8183299444202,31.889018923371243
839.8000000000001,361.9887693336641,57.96583815436855,-4.645496549841212,-1.7742582285424243e-08,3.0,118.81832980298276,31.88902071598371
840.0,361.97540082185645,58.16539086142137,-4.645496540087196,2.7343167660019387e-08,3.0,118.81832966154532,31.889022508596177
840.2,361.96203230959725,58.36494356844359,-4.64549654965217,-1.686824465043605e-08,3.0,118.81832952010787,31.889024301208643
840.4000000000001,361.948663797781,58.56449627549551,-4.645496540275984,2.6470560381660342e-08,3.0,118.81832937867043,31.889026093821112
840.6,361.93529528509663,58.7640489824902,-4.645496540275957,2.646936885079905e-08,3.0,118.81832923723297,31.889027886433578
840.8000000000001,361.9219267728549,58.963601689514235,-4.645496549652657,-1.687140969007016e-08,3.0,118.81832909579552,31.889029679046043
841.0,361.9085582614903,59.16315439659614,-4.645496549841422,-1.774466861179614e-08,3.0,118.81832895435808,31.889031471658512
841.2,361.8951897496827,59.36270710364888,-4.645496540087452,2.7339796585723736e-08,3.0,118.81832881292064,31.889033264270978
841.4000000000001,361.8818212374236,59.56225981067104,-4.645496549652751,-1.6874653781067483e-08,3.0,118.81832867148319,31.889035056883447
841.6,361.868452726059,59.76181251775293,-4.6454965498414795,-1.774577310289267e-08,3.0,118.81832853004575,31.889036849495913
841.8000000000001,361.8550842142513,59.96136522480568,-4.645496540087253,2.7337737884981948e-08,3.0,118.81832838860831,31.889038642108382
842.0,361.8417157020011,60.1609179318286,-4.645496549840747,-1.7740659380925768e-08,3.0,118.81832824717085,31.889040434720847
842.2,361.828347190654,60.36047063891236,-4.645496549841184,-1.774160689663207e-08,3.0,118.81832810573341,31.889042227333317
842.4000000000001,361.8149786792979,60.56002334599543,-4.645496549652545,-1.687045138547066e-08,3.0,118.81832796429597,31.889044019945786
842.6,361.8016101674817,60.759576053047276,-4.645496540275868,2.6470918727691944e-08,3.0,118.81832782285854,31.88904581255825
842.8000000000001,361.78824165477954,60.95912876004031,-4.6454965398985735,2.8216182634646928e-08,3.0,118.81832768142108,31.889047605170717
843.0,361.7748731425118,61.15868146706106,-4.645496549841305,-1.7743572070617593e-08,3.0,118.81832753998363,31.889049397783186
843.2,361.76150463071315,61.35823417411476,-4.645496540275944,2.6469402577644808e-08,3.0,118.81832739854619,31.88905119039565
843.4000000000001,361.7481361184714,61.55778688113873,-4.645496549652647,-1.6871177503782235e-08,3.0,118.81832725710873,31.88905298300812
843.6,361.73476760710685,61.75733958822064,-4.645496549840917,-1.774303811542975e-08,3.0,118.8183271156713,31.889054775620586
843.8000000000001,361.721399095308,61.95689229527433,-4.645496540276498,2.6468292116884157e-08,3.0,118.81832697423386,31.889056568233055
844.0,361.7080305830663,62.15644500229812,-4.6454965496523535,-1.687278782177319e-08,3.0,118.8183268327964,31.88905836084552
844.2,361.69466207169285,62.35599770937922,-4.645496549652812,-1.6873675179645287e-08,3.0,118.81832669135896,31.88906015345799
844.4000000000001,361.68129355986775,62.55555041643017,-4.645496540087268,2.733751838893377e-08,3.0,118.81832654992152,31.889061946070456
844.6,361.6679250476176,62.7551031234531,-4.645496549841152,-1.7742770892575085e-08,3.0,118.81832640848407,31.889063738682925
844.8000000000001,361.65455653627043,62.95465583053686,-4.645496549841199,-1.7741466375791616e-08,3.0,118.81832626704663,31.88906553129539
845.0,361.64118802491436,63.154208537619745,-4.645496549652095,-1.6869211786263093e-08,3.0,118.81832612560919,31.88906732390786
845.2,361.62781951264657,63.35376124464143,-4.645496530710932,7.068437958595631e-08,3.0,118.81832598417175,31.889069116520325
845.4000000000001,361.6144509995281,63.55331395160705,-4.645496549841247,-1.7742165011446364e-08,3.0,118.81832584273428,31.88907090913279
845.6,361.60108248816323,63.75286665868931,-4.645496549463546,-1.599746845597856e-08,3.0,118.81832570129684,31.88907270174526
845.8000000000001,361.58771397632955,63.95241936573948,-4.645496540275932,2.646955292569254e-08,3.0,118.8183255598594,31.88907449435773
846.0,361.5743454640878,64.15197207276326,-4.645496549652634,-1.687106374703907e-08,3.0,118.81832541842195,31.889076286970194
846.2,361.5609769527232,64.35152477984519,-4.645496549841316,-1.774468681901593e-08,3.0,118.81832527698451,31.88907807958266
846.4000000000001,361.5476084409244,64.55107748689906,-4.645496540276089,2.6470357362835433e-08,3.0,118.81832513554707,31.88907987219513
846.6,361.5342399286828,64.75063019392283,-4.645496549652765,-1.687467134702127e-08,3.0,118.81832499410962,31.889081664807595
846.8000000000001,361.52087141731823,64.9501829010048,-4.645496549841491,-1.774597575048567e-08,3.0,118.81832485267218,31.889083457420064
847.0,361.50750290550167,65.14973560805664,-4.645496539898812,2.82108488645634e-08,3.0,118.81832471123474,31.88908525003253
847.2,361.49413439323405,65.34928831507743,-4.645496549840834,-1.7746435007901426e-08,3.0,118.81832456979728,31.889087042645
847.4000000000001,361.4807658818869,65.54884102216134,-4.645496549841204,-1.774200580670333e-08,3.0,118.81832442835984,31.889088835257464
847.6,361.4673973700792,65.74839372921417,-4.645496540087179,2.7343178926854665e-08,3.0,118.8183242869224,31.889090627869933
847.8000000000001,361.4540288573774,65.94794643620719,-4.6454965402758495,2.6471996949699964e-08,3.0,118.81832414548495,31.8890924204824
848.0,361.4406603451446,66.14749914323193,-4.645496549841248,-1.774218380863925e-08,3.0,118.8183240040475,31.889094213094868
848.2,361.42729183378844,66.34705185031484,-4.6454965496525675,-1.687164364917555e-08,3.0,118.81832386261006,31.889096005707334
848.4000000000001,361.41392332196347,66.54660455736578,-4.64549654008725,2.734296139393619e-08,3.0,118.81832372117262,31.889097798319803
848.6,361.4005548097043,66.74615726438775,-4.6454965496525675,-1.6871490886163722e-08,3.0,118.81832357973516,31.88909959093227
848.8000000000001,361.38718629833977,66.9457099714697,-4.645496549840888,-1.7741096899829514e-08,3.0,118.81832343829772,31.889101383544737
849.0,361.37381778654094,67.14526267852348,-4.645496540275959,2.6469700890829075e-08,3.0,118.81832329686029,31.889103176157203
849.2,361.3604492742992,67.34481538554752,-4.645496549652708,-1.687140493588886e-08,3.0,118.81832315542283,31.889104968769672
849.4000000000001,361.34708076293464,67.5443680926295,-4.64549654984148,-1.7745547654477655e-08,3.0,118.81832301398539,31.889106761382138
849.6,361.33371225113586,67.74392079968328,-4.645496540276171,2.6466619071373222e-08,3.0,118.81832287254795,31.889108553994607
849.8000000000001,361.32034373889417,67.94347350670733,-4.645496549652585,-1.687634506963125e-08,3.0,118.8183227311105,31.889110346607072
850.0,361.30697522706913,68.1430262137582,-4.6454965400872,2.7343912339743024e-08,3.0,118.81832258967306,31.88911213921954
850.2,361.29360671481,68.34257892078044,-4.645496549652515,-1.6870743180412456e-08,3.0,118.8183224482356,31.889113931832007
850.4000000000001,361.2802382029938,68.54213162783235,-4.6454965402758175,2.647134372487832e-08,3.0,118.81832230679817,31.889115724444476
850.6,361.26686969076104,68.74168433485708,-4.645496549841217,-1.7741078972474148e-08,3.0,118.81832216536071,31.889117517056942
850.8000000000001,361.25350117940496,68.94123704194,-4.6454965496521705,-1.6869515747993645e-08,3.0,118.81832202392327,31.88911930966941
851.0,361.24013266758874,69.14078974899185,-4.64549654027592,2.6470694729991752e-08,3.0,118.81832188248583,31.889121102281877
851.2,361.226764155347,69.34034245601589,-4.645496549652558,-1.6871352009438153e-08,3.0,118.81832174104838,31.889122894894342
851.4000000000001,361.2133956439735,69.53989516309703,-4.645496549652599,-1.6870687334751747e-08,3.0,118.81832159961094,31.88912468750681
851.6,361.20002713215735,69.73944787014888,-4.645496540275958,2.646991517922364e-08,3.0,118.8183214581735,31.889126480119277
851.8000000000001,361.1866586199156,69.93900057717292,-4.645496549652703,-1.687132564562485e-08,3.0,118.81832131673605,31.889128272731746
852.0,361.17329010855104,70.13855328425483,-4.64549654984148,-1.774546037633766e-08,3.0,118.8183211752986,31.88913006534421
852.2,361.15992159675227,70.33810599130854,-4.645496540276176,2.646661658282478e-08,3.0,118.81832103386117,31.88913185795668
852.4000000000001,361.146553084059,70.53765869830234,-4.645496540087463,2.733873511256573e-08,3.0,118.81832089242371,31.889133650569146
852.6,361.1331845717999,70.73721140532429,-4.645496549652224,-1.6873354196183923e-08,3.0,118.81832075098626,31.889135443181615
852.8000000000001,361.11981606042633,70.93676411240537,-4.645496549652537,-1.687181490861718e-08,3.0,118.81832060954882,31.88913723579408
853.0,361.1064475486102,71.13631681945722,-4.645496540275822,2.647129694731041e-08,3.0,118.81832046811138,31.88913902840655
853.2,361.09307903637745,71.33586952648211,-4.645496549841213,-1.7741200458218332e-08,3.0,118.81832032667393,31.889140821019016
853.4000000000001,361.0797105250213,71.53542223356517,-4.645496549652584,-1.687120415625308e-08,3.0,118.81832018523649,31.889142613631485
853.6,361.0663420132052,71.73497494061704,-4.645496540275927,2.647043120221032e-08,3.0,118.81832004379905,31.88914440624395
853.8000000000001,361.0529735009723,71.93452764764193,-4.645496549841235,-1.774348209128091e-08,3.0,118.8183199023616,31.88914619885642
854.0,361.0396049896163,72.1340803547248,-4.645496549652195,-1.6869077257929406e-08,3.0,118.81831976092415,31.889147991468885
854.2,361.0262364777912,72.33363306177571,-4.645496540087277,2.7342199895920428e-08,3.0,118.81831961948672,31.889149784081354
854.4000000000001,361.012867965532,72.53318576879786,-4.645496549652691,-1.687122109826683e-08,3.0,118.81831947804926,31.88915157669382
854.6,360.99949945416745,72.73273847587977,-4.645496549841486,-1.7745379470572353e-08,3.0,118.81831933661182,31.88915336930629
854.8000000000001,360.9861309423687,72.93229118293348,-4.645496540276183,2.6466645342412332e-08,3.0,118.81831919517438,31.889155161918755
855.0,360.9727624296754,73.1318438899272,-4.645496540087465,2.733861966404139e-08,3.0,118.81831905373693,31.889156954531224
855.2,360.9593939174252,73.33139659695026,-4.645496549841321,-1.7747476708953818e-08,3.0,118.81831891229947,31.88915874714369
855.4000000000001,360.9460254060691,73.53094930403333,-4.645496549652543,-1.6872028597660376e-08,3.0,118.81831877086204,31.88916053975616
855.6,360.9326568942441,73.73050201108423,-4.645496540087151,2.734342456666673e-08,3.0,118.8183186294246,31.889162332368624
855.8000000000001,360.9192883819938,73.93005471810729,-4.645496549840776,-1.7739824551150137e-08,3.0,118.81831848798714,31.88916412498109
856.0,360.9059198706378,74.12960742519017,-4.645496549652554,-1.687021687316685e-08,3.0,118.8183183465497,31.88916591759356
856.2,360.89255135882155,74.32916013224205,-4.645496540275918,2.647091686251939e-08,3.0,118.81831820511226,31.889167710206028
856.4000000000001,360.8791828465887,74.52871283926686,-4.64549654984124,-1.7743627288463357e-08,3.0,118.81831806367481,31.889169502818493
856.6,360.86581433523264,74.72826554634975,-4.64549654965259,-1.6870909624697426e-08,3.0,118.81831792223737,31.889171295430963
856.8000000000001,360.85244582340766,74.92781825340066,-4.645496540087263,2.734245625044649e-08,3.0,118.81831778079993,31.889173088043428
857.0,360.8390773111574,75.12737096042358,-4.645496549841234,-1.774400864543699e-08,3.0,118.81831763936248,31.889174880655894
857.2,360.82570879934974,75.32692366747632,-4.645496540087384,2.734413351698401e-08,3.0,118.81831749792504,31.889176673268363
857.4000000000001,360.8123402866479,75.52647637446927,-4.645496540276165,2.6468074923474405e-08,3.0,118.81831735648758,31.88917846588083
857.6,360.7989717744062,75.72602908149304,-4.645496549652806,-1.687565855067293e-08,3.0,118.81831721505013,31.889180258493298
857.8000000000001,360.7856032630416,75.92558178857499,-4.6454965498410985,-1.774476736233901e-08,3.0,118.81831707361269,31.889182051105763
858.0,360.77223475169444,76.12513449565883,-4.645496549841344,-1.7748356001021527e-08,3.0,118.81831693217525,31.889183843718232
858.2,360.7588662398868,76.32468720271156,-4.645496540087184,2.7341509835842904e-08,3.0,118.81831679073781,31.889185636330698
858.4000000000001,360.7454977276277,76.52423990973371,-4.645496549652459,-1.686991536751199e-08,3.0,118.81831664930036,31.889187428943167
858.6,360.73212921625424,76.72379261681466,-4.645496549652533,-1.686902647111263e-08,3.0,118.81831650786292,31.889189221555633
858.8000000000001,360.71876070443807,76.92334532386654,-4.645496540275921,2.6471109140599248e-08,3.0,118.81831636642548,31.8891910141681
859.0,360.70539219220524,77.12289803089128,-4.6454965498412255,-1.7743856167280296e-08,3.0,118.81831622498802,31.889192806780567
859.2,360.6920236808492,77.3224507379742,-4.645496549652168,-1.6868637868860123e-08,3.0,118.81831608355058,31.889194599393036
859.4000000000001,360.67865516903294,77.52200344502612,-4.6454965402759445,2.6470446499812624e-08,3.0,118.81831594211314,31.889196392005502
859.6,360.6652866563397,77.72155615201984,-4.645496540087227,2.734222212743651e-08,3.0,118.81831580067569,31.88919818461797
859.8000000000001,360.6519181440894,77.92110885904292,-4.645496549841368,-1.7742069414899624e-08,3.0,118.81831565923824,31.889199977230437
860.0,360.63854963228175,78.12066156609572,-4.645496540087498,2.734051532570025e-08,3.0,118.8183155178008,31.889201769842906
860.2,360.6251811200226,78.32021427311795,-4.645496549652814,-1.6875759522051695e-08,3.0,118.81831537636334,31.88920356245537
860.4000000000001,360.61181260865806,78.51976698019995,-4.645496549841504,-1.7746797819943426e-08,3.0,118.8183152349259,31.889205355067837
860.6,360.59844409731085,78.71931968728377,-4.645496549841359,-1.7748252171172847e-08,3.0,118.81831509348847,31.889207147680306
860.8000000000001,360.58507558550326,78.9188723943365,-4.645496540087192,2.7341128321497653e-08,3.0,118.81831495205103,31.889208940292775
861.0,360.5717070732441,79.11842510135847,-4.6454965496521,-1.6867889499672664e-08,3.0,118.81831481061357,31.88921073290524
861.2,360.55833856187957,79.31797780844042,-4.6454965498412255,-1.7742210205185743e-08,3.0,118.81831466917613,31.88921252551771
861.4000000000001,360.54497005007187,79.5175305154933,-4.6454965400872545,2.7342921895245474e-08,3.0,118.81831452773869,31.889214318130175
861.6,360.53160153782164,79.71708322251624,-4.645496549841228,-1.7743786358303365e-08,3.0,118.81831438630124,31.88921611074264
861.8000000000001,360.51823302646557,79.91663592959915,-4.645496549652565,-1.6870641084749336e-08,3.0,118.8183142448638,31.88921790335511
862.0,360.5048645146494,80.11618863665099,-4.645496540275938,2.6470642107678505e-08,3.0,118.81831410342636,31.88921969596758
862.2,360.491496001965,80.31574134364583,-4.645496540275892,2.647020846053211e-08,3.0,118.8183139619889,31.889221488580045
862.4000000000001,360.47812748972325,80.51529405066978,-4.6454965496525595,-1.6870644684730633e-08,3.0,118.81831382055145,31.88922328119251
862.6,360.46475897789827,80.71484675772066,-4.645496540087379,2.7343683997158024e-08,3.0,118.81831367911401,31.88922507380498
862.8000000000001,360.451390465648,80.91439946474374,-4.645496549841469,-1.7745947237096697e-08,3.0,118.81831353767656,31.889226866417445
863.0,360.43802195429186,81.11395217182663,-4.645496549652417,-1.6872894037844027e-08,3.0,118.81831339623912,31.889228659029914
863.2,360.42465344292725,81.31350487890856,-4.645496549841381,-1.7748160525340087e-08,3.0,118.81831325480168,31.88923045164238
863.4000000000001,360.41128493111967,81.51305758596146,-4.645496540087233,2.73408968892439e-08,3.0,118.81831311336424,31.88923224425485
863.6,360.39791641886944,81.71261029298438,-4.645496549841166,-1.7742871558747134e-08,3.0,118.81831297192679,31.889234036867315
863.8000000000001,360.3845479075134,81.9121630000673,-4.6454965496525045,-1.686987294126554e-08,3.0,118.81831283048935,31.889235829479784
864.0,360.37117939569725,82.11171570711915,-4.645496540275903,2.6471932794704875e-08,3.0,118.81831268905191,31.88923762209225
864.2,360.35781088345544,82.31126841414319,-4.645496549652546,-1.6871306451900122e-08,3.0,118.81831254761445,31.88923941470472
864.4000000000001,360.34444237163046,82.51082112119414,-4.645496540087236,2.7343321210531794e-08,3.0,118.81831240617701,31.889241207317184
864.6,360.3310738589286,82.710373828187,-4.645496540275938,2.6470885763321223e-08,3.0,118.81831226473956,31.889242999929653
864.8000000000001,360.3177053466958,82.9099265352119,-4.64549654984082,-1.7742115721031064e-08,3.0,118.8183121233021,31.88924479254212
865.0,360.3043368353397,83.10947924229477,-4.6454965496525515,-1.6870766687764486e-08,3.0,118.81831198186467,31.889246585154588
865.2,360.2909683235147,83.3090319493457,-4.645496540087366,2.734386841892347e-08,3.0,118.81831184042723,31.889248377767053
865.4000000000001,360.2775998112644,83.5085846563687,-4.645496549841464,-1.7745638114656612e-08,3.0,118.81831169898977,31.88925017037952
865.6,360.2642312999172,83.70813736345252,-4.645496549841504,-1.7747057731521603e-08,3.0,118.81831155755233,31.889251962991988
865.8000000000001,360.25086278856116,83.90769007053545,-4.645496549652856,-1.6875203778454985e-08,3.0,118.8183114161149,31.889253755604457
866.0,360.2374942767361,84.10724277758634,-4.6454965400873585,2.733749506916737e-08,3.0,118.81831127467746,31.889255548216923
866.2,360.2241257644859,84.3067954846094,-4.645496549840774,-1.7743266104535024e-08,3.0,118.81831113324,31.88925734082939
866.4000000000001,360.2107572531387,84.50634819169332,-4.645496549841171,-1.774149298579125e-08,3.0,118.81831099180256,31.889259133441858
866.6,360.19738874133105,84.70590089874614,-4.645496540087221,2.734413296488896e-08,3.0,118.81831085036512,31.889260926054327
866.8000000000001,360.18402022862034,84.90545360573817,-4.645496540087229,2.7342796474205254e-08,3.0,118.81831070892767,31.889262718666792
867.0,360.1706517163701,85.1050063127611,-4.645496549841237,-1.774304866580506e-08,3.0,118.81831056749022,31.889264511279258
867.2,360.1572832045625,85.30455901981385,-4.645496540087253,2.7343114949904687e-08,3.0,118.81831042605278,31.889266303891727
867.4000000000001,360.14391469231214,85.50411172683684,-4.645496549841229,-1.774397400509833e-08,3.0,118.81831028461532,31.889268096504193
867.6,360.1305461809562,85.70366443391973,-4.645496549652542,-1.6870774995108233e-08,3.0,118.81831014317788,31.88926988911666
867.8000000000001,360.11717766914,85.9032171409716,-4.645496540275909,2.647135595163485e-08,3.0,118.81831000174044,31.889271681729127
868.0,360.1038091568983,86.10276984799538,-4.64549654965225,-1.6869067793474543e-08,3.0,118.81830986030299,31.889273474341596
868.2,360.09044064553365,86.30232255507732,-4.645496549841435,-1.774463438371904e-08,3.0,118.81830971886555,31.889275266954062
868.4000000000001,360.07707213417757,86.5018752621604,-4.645496549652813,-1.6874360300545668e-08,3.0,118.81830957742811,31.88927705956653
868.6,360.0637036223614,86.70142796921223,-4.645496540276082,2.6466247962734186e-08,3.0,118.81830943599067,31.889278852178997
868.8000000000001,360.05033511011965,86.90098067623627,-4.64549654965255,-1.6874143246456805e-08,3.0,118.81830929455322,31.889280644791466
869.0,360.03696659875516,87.10053338331818,-4.645496549841172,-1.774223865988392e-08,3.0,118.81830915311578,31.88928243740393
869.2,360.0235980869475,87.30008609037093,-4.645496540087207,2.7344047342556547e-08,3.0,118.81830901167834,31.8892842300164
869.4000000000001,360.0102295742368,87.49963879736289,-4.645496540087206,2.7343224622161103e-08,3.0,118.81830887024088,31.889286022628866
869.6,359.9968610619865,87.69919150438582,-4.645496549840818,-1.774073516739765e-08,3.0,118.81830872880343,31.889287815241335
869.8000000000001,359.9834925501877,87.89874421143952,-4.645496540276337,2.646916768160736e-08,3.0,118.81830858736599,31.8892896078538
870.0,359.9701240379461,88.0982969184633,-4.645496549652147,-1.6869959926035563e-08,3.0,118.81830844592854,31.889291400466266
870.2,359.9567555265815,88.29784962554525,-4.6454965498412015,-1.7742879085084466e-08,3.0,118.8183083044911,31.889293193078736
870.4000000000001,359.9433870147738,88.49740233259813,-4.645496540087233,2.7343646135736943e-08,3.0,118.81830816305366,31.889294985691205
870.6,359.9300185025235,88.69695503962106,-4.64549654984132,-1.7743007937432268e-08,3.0,118.8183080216162,31.88929677830367
870.8000000000001,359.9166499911675,88.89650774670397,-4.645496549652781,-1.6872100740535818e-08,3.0,118.81830788017876,31.88929857091614
871.0,359.90328147979403,89.09606045378492,-4.645496549652453,-1.687315957907049e-08,3.0,118.81830773874132,31.889300363528605
871.2,359.88991296797786,89.29561316083681,-4.645496540276616,2.6464275411446803e-08,3.0,118.81830759730389,31.889302156141074
871.4000000000001,359.8765444557361,89.49516586786078,-4.645496549652324,-1.6874598287761992e-08,3.0,118.81830745586643,31.88930394875354
871.6,359.86317594391994,89.69471857491263,-4.645496540275888,2.6468279545136735e-08,3.0,118.81830731442899,31.889305741366005
871.8000000000001,359.8498074312267,89.89427128190648,-4.64549654008721,2.7344093434046254e-08,3.0,118.81830717299154,31.889307533978474
872.0,359.83643891897646,90.09382398892942,-4.645496549841214,-1.7743092780205037e-08,3.0,118.81830703155408,31.88930932659094
872.2,359.8230704076204,90.29337669601233,-4.645496549652544,-1.687060240314712e-08,3.0,118.81830689011665,31.88931111920341
872.4000000000001,359.8097018958042,90.49292940306424,-4.645496540275937,2.6471163272143217e-08,3.0,118.8183067486792,31.889312911815875
872.6,359.79633338356246,90.69248211008802,-4.645496549652567,-1.6871904588677773e-08,3.0,118.81830660724175,31.889314704428344
872.8000000000001,359.78296487219797,90.89203481716997,-4.645496549841203,-1.7743215503433884e-08,3.0,118.81830646580431,31.88931649704081
873.0,359.7695963603903,91.09158752422279,-4.64549654008723,2.7343685323777006e-08,3.0,118.81830632436687,31.88931828965328
873.2,359.75622784814004,91.29114023124586,-4.645496549840836,-1.774145479800008e-08,3.0,118.81830618292942,31.889320082265744
873.4000000000001,359.7428593367839,91.49069293832893,-4.645496549652627,-1.6870754882373925e-08,3.0,118.81830604149198,31.889321874878213
873.6,359.7294908254105,91.69024564540986,-4.6454965496527825,-1.687192427087721e-08,3.0,118.81830590005454,31.88932366749068
873.8000000000001,359.71612231359427,91.88979835246177,-4.6454965402762065,2.646706567845172e-08,3.0,118.8183057586171,31.889325460103148
874.0,359.7027538009099,92.08935105945643,-4.645496540276089,2.6465501489595076e-08,2.977004780727902,118.81830561717965,31.889327252715614
874.2,359.6893852886681,92.28890376648047,-4.645496549652552,-1.6874224312598996e-08,2.922765379649333,118.81830547574219,31.889329045328083
874.4000000000001,359.676016776852,92.4884564735324,-4.645496540275886,2.64720090776447e-08,2.8675002117657526,118.81830533430475,31.88933083794055
874.6,359.6626482646103,92.68800918055618,-4.6454965496525205,-1.6871031963529206e-08,2.811148780210102,118.8183051928673,31.889332630553014
874.8000000000001,359.6492797532457,92.88756188763811,-4.645496549840795,-1.7740711198842613e-08,2.7536443968814623,118.81830505142986,31.889334423165483
875.0,359.63591124143807,93.08711459469095,-4.6454965400872545,2.734388927494166e-08,2.694913257319571,118.81830490999242,31.889336215777952
875.2,359.62254272917886,93.28666730171317,-4.645496549652563,-1.6871865399618167e-08,2.6348733298731286,118.81830476855497,31.889338008390418
875.4000000000001,359.6091742178143,93.48622000879514,-4.645496549841203,-1.774336117791991e-08,2.5734330114608843,118.81830462711753,31.889339801002887
875.6,359.5958057060156,93.68577271584893,-4.645496540275898,2.6471744908979105e-08,2.510489487027728,118.81830448568009,31.889341593615352
875.8000000000001,359.58243719377384,93.88532542287297,-4.645496549652531,-1.6871212305094826e-08,2.445926708729571,118.81830434424263,31.889343386227818
876.0,359.56906868240924,94.08487812995487,-4.645496549841274,-1.7742399119074958e-08,2.3796128812218136,118.8183042028052,31.889345178840287
876.2,359.55570017105316,94.2844308370378,-4.645496549652408,-1.6869158162609515e-08,2.3113972969778924,118.81830406136775,31.889346971452756
876.4000000000001,359.54233165922807,94.48398354408874,-4.645496540087538,2.7338232361546886e-08,2.241106303698384,118.81830391993032,31.889348764065222
876.6,359.5289631465262,94.6835362510816,-4.645496540276517,2.6463673249780854e-08,2.1685380938495737,118.81830377849286,31.889350556677687
876.8000000000001,359.5155946342846,94.88308895810565,-4.645496549652153,-1.687279248627046e-08,2.0934558663790046,118.81830363705541,31.889352349290156
877.0,359.5022261224684,95.0826416651575,-4.645496540275881,2.6472077597469058e-08,2.0155786922064785,118.81830349561797,31.889354141902622
877.2,359.4888576102267,95.28219437218154,-4.645496549652536,-1.687110071231884e-08,1.934569064281941,118.81830335418051,31.88935593451509
877.4000000000001,359.4754890988621,95.48174707926351,-4.645496549841199,-1.7742772699701607e-08,1.850015530874439,118.81830321274307,31.889357727127557
877.6,359.46212058705447,95.68129978631634,-4.6454965400872466,2.7343986908175897e-08,1.7614078075439377,118.81830307130564,31.889359519740026
877.8000000000001,359.44875207479527,95.88085249333855,-4.645496549652581,-1.6871834696725204e-08,1.6680999563805128,118.81830292986818,31.88936131235249
878.0,359.4353835634308,96.08040520042047,-4.64549654984122,-1.7743593735233445e-08,1.5692537922454664,118.81830278843074,31.88936310496496
878.2,359.422015051632,96.27995790747417,-4.645496540275898,2.6471452155851704e-08,1.4637477461901365,118.8183026469933,31.889364897577426
878.4000000000001,359.4086465393903,96.47951061449812,-4.6454965496521545,-1.6869341939496013e-08,1.3500212829717284,118.81830250555585,31.889366690189895
878.6,359.39527802802564,96.67906332158005,-4.645496549841286,-1.774287890089882e-08,1.2257885072379904,118.81830236411841,31.88936848280236
878.8000000000001,359.38190951621795,96.87861602863279,-4.645496540087434,2.734276315283655e-08,1.0874545804201055,118.81830222268097,31.88937027541483
879.0,359.3685410035073,97.07816873562467,-4.64549654008753,2.7339352538527935e-08,0.9287397183693484,118.81830208124352,31.889372068027296
879.2,359.355172491257,97.27772144264776,-4.645496549841527,-1.7748148957769388e-08,0.7365850015284753,118.81830193980606,31.889373860639765
879.4000000000001,359.341803979901,97.47727414973082,-4.645496549652518,-1.687714446734995e-08,0.47175996489383365,118.81830179836862,31.88937565325223
879.539098415298,359.3325062859203,97.61606147639449,-4.645496546003219,-4.620894938021546e-06,0.0,118.8183017,31.8893769
