index,s_m,x_m,y_m,yaw_rad,curvature_1pm,target_speed_mps,lat_deg,lon_deg,elevation_m
0,0.0,621.7453313895926,-342.3074341888842,2.905776985419091,0.1570062903200875,8.0,31.885425,118.821078,9.0
1,1.0,620.9688067621861,-342.1208459611281,3.0627832757391786,0.14110406301239475,8.0,31.885426676150573,118.82106978445138,9.0
2,2.0,619.9698826992634,-342.16722177933326,-3.095200195735706,0.06260091785235233,8.0,31.88542625954951,118.8210592159402,9.0
3,3.0,618.9709586363408,-342.2135975975384,-3.0952001957357034,1.3322676295501878e-15,8.0,31.885425842948447,118.82104864742902,9.0
4,4.0,617.9720345734182,-342.25997341574356,-3.0952001957357034,0.0,8.0,31.885425426347382,118.82103807891784,9.0
5,5.0,616.9731105104956,-342.3063492339487,-3.0952001957357034,-1.3322676295501878e-15,8.0,31.88542500974632,118.82102751040667,9.0
6,6.0,615.9741864475731,-342.35272505215386,-3.095200195735706,-1.3322676295501878e-15,8.0,31.885424593145256,118.82101694189548,9.0
7,7.0,614.9752623846504,-342.399100870359,-3.095200195735706,1.3322676295501878e-15,8.0,31.885424176544195,118.82100637338431,9.0
8,8.0,613.9763383217278,-342.44547668856416,-3.0952001957357034,1.3322676295501878e-15,8.0,31.88542375994313,118.82099580487312,9.0
9,9.0,612.9774142588052,-342.4918525067693,-3.0952001957357034,0.0,8.0,31.88542334334207,118.82098523636193,9.0
10,10.0,611.9784901958826,-342.53822832497445,-3.0952001957357034,0.0,8.0,31.885422926741004,118.82097466785076,9.0
11,11.0,610.97956613296,-342.5846041431796,-3.0952001957357034,-1.3322676295501878e-15,8.0,31.885422510139943,118.82096409933958,9.0
12,12.0,609.9806420700374,-342.63097996138475,-3.095200195735706,-1.3322676295501878e-15,8.0,31.885422093538878,118.8209535308284,9.0
13,13.0,608.9817180071148,-342.6773557795899,-3.095200195735706,1.3322676295501878e-15,8.0,31.885421676937817,118.82094296231722,9.0
14,14.0,607.9827939441922,-342.72373159779505,-3.0952001957357034,1.3322676295501878e-15,8.0,31.885421260336752,118.82093239380605,9.0
15,15.0,606.9838698812696,-342.7701074160002,-3.0952001957357034,0.0,8.0,31.88542084373569,118.82092182529486,9.0
16,16.0,605.984945818347,-342.81648323420535,-3.0952001957357034,-1.3322676295501878e-15,8.0,31.885420427134626,118.82091125678367,9.0
17,17.0,604.9860217554244,-342.8628590524105,-3.095200195735706,-1.3322676295501878e-15,8.0,31.88542001053356,118.8209006882725,9.0
18,18.0,603.9870976925017,-342.90923487061565,-3.095200195735706,1.3322676295501878e-15,8.0,31.8854195939325,118.82089011976132,9.0
19,19.0,602.9881736295791,-342.9556106888208,-3.0952001957357034,1.3322676295501878e-15,8.0,31.885419177331435,118.82087955125014,9.0
20,20.0,601.9892495666566,-343.00198650702595,-3.0952001957357034,0.0,8.0,31.885418760730374,118.82086898273896,9.0
21,21.0,600.990325503734,-343.0483623252311,-3.0952001957357034,-1.3322676295501878e-15,8.0,31.88541834412931,118.82085841422779,9.0
22,22.0,599.9914014408114,-343.09473814343625,-3.095200195735706,-1.3322676295501878e-15,8.0,31.88541792752825,118.8208478457166,9.0
23,23.0,598.9924773778887,-343.1411139616414,-3.095200195735706,1.3322676295501878e-15,8.0,31.885417510927184,118.82083727720543,9.0
24,24.0,597.9935533149661,-343.18748977984654,-3.0952001957357034,1.3322676295501878e-15,8.0,31.885417094326122,118.82082670869424,9.0
25,25.0,596.9946292520435,-343.2338655980517,-3.0952001957357034,0.0,8.0,31.885416677725058,118.82081614018306,9.0
26,26.0,595.9957051891209,-343.28024141625684,-3.0952001957357034,0.0,8.0,31.885416261123996,118.82080557167188,9.0
27,27.0,594.9967811261984,-343.326617234462,-3.0952001957357034,-1.3322676295501878e-15,8.0,31.88541584452293,118.8207950031607,9.0
28,28.0,593.9978570632758,-343.37299305266714,-3.095200195735706,-1.3322676295501878e-15,8.0,31.885415427921867,118.82078443464952,9.0
29,29.0,592.9989330003531,-343.4193688708723,-3.095200195735706,1.3322676295501878e-15,8.0,31.885415011320806,118.82077386613834,9.0
30,30.0,592.0000089374305,-343.46574468907744,-3.0952001957357034,1.3322676295501878e-15,8.0,31.88541459471974,118.82076329762717,9.0
31,31.0,591.0010848745079,-343.5121205072826,-3.0952001957357034,0.0,8.0,31.88541417811868,118.82075272911598,9.0
32,32.0,590.0021608115853,-343.55849632548774,-3.0952001957357034,-1.3322676295501878e-15,8.0,31.885413761517615,118.8207421606048,9.0
33,33.0,589.0032367486627,-343.6048721436929,-3.095200195735706,-1.3322676295501878e-15,8.0,31.885413344916554,118.82073159209362,9.0
34,34.0,588.00431268574,-343.65124796189804,-3.095200195735706,1.3322676295501878e-15,8.0,31.88541292831549,118.82072102358244,9.0
35,35.0,587.0053886228175,-343.6976237801032,-3.0952001957357034,1.3322676295501878e-15,8.0,31.885412511714428,118.82071045507126,9.0
36,36.0,586.0064645598949,-343.74399959830833,-3.0952001957357034,0.0,8.0,31.885412095113363,118.82069988656008,9.0
37,37.0,585.0075404969723,-343.7903754165135,-3.0952001957357034,0.0,8.0,31.885411678512302,118.8206893180489,9.0
38,38.0,584.0086164340497,-343.83675123471863,-3.0952001957357034,-1.3322676295501878e-15,8.0,31.885411261911237,118.82067874953772,9.0
39,39.0,583.0096923711271,-343.8831270529238,-3.095200195735706,-1.3322676295501878e-15,8.0,31.885410845310176,118.82066818102655,9.0
40,40.0,582.0107683082044,-343.92950287112893,-3.095200195735706,1.3322676295501878e-15,8.0,31.88541042870911,118.82065761251536,9.0
41,41.0,581.0118442452818,-343.9758786893341,-3.0952001957357034,1.3322676295501878e-15,8.0,31.885410012108046,118.82064704400418,9.0
42,42.0,580.0129201823593,-344.02225450753923,-3.0952001957357034,0.0,8.0,31.885409595506985,118.820636475493,9.0
43,43.0,579.0139961194367,-344.0686303257444,-3.0952001957357034,-1.3322676295501878e-15,8.0,31.88540917890592,118.82062590698182,9.0
44,44.0,578.0150720565141,-344.11500614394953,-3.095200195735706,-1.3322676295501878e-15,8.0,31.88540876230486,118.82061533847065,9.0
45,45.0,577.0161479935914,-344.1613819621547,-3.095200195735706,1.3322676295501878e-15,8.0,31.885408345703794,118.82060476995946,9.0
46,46.0,576.0172239306688,-344.2077577803598,-3.0952001957357034,1.3322676295501878e-15,8.0,31.885407929102733,118.82059420144829,9.0
47,47.0,575.0182998677462,-344.254133598565,-3.0952001957357034,0.0,8.0,31.88540751250167,118.8205836329371,9.0
48,48.0,574.0193758048237,-344.3005094167701,-3.0952001957357034,-1.3322676295501878e-15,8.0,31.885407095900607,118.82057306442591,9.0
49,49.0,573.0204517419011,-344.3468852349753,-3.095200195735706,-1.3322676295501878e-15,8.0,31.885406679299543,118.82056249591474,9.0
50,50.0,572.0215276789784,-344.3932610531804,-3.095200195735706,1.3322676295501878e-15,8.0,31.88540626269848,118.82055192740356,9.0
51,51.0,571.0226036160558,-344.4396368713856,-3.0952001957357034,1.3322676295501878e-15,8.0,31.885405846097417,118.82054135889238,9.0
52,52.0,570.0236795531332,-344.4860126895907,-3.0952001957357034,0.0,8.0,31.885405429496355,118.8205307903812,9.0
53,53.0,569.0247554902106,-344.5323885077959,-3.0952001957357034,0.0,8.0,31.88540501289529,118.82052022187003,9.0
54,54.0,568.025831427288,-344.578764326001,-3.0952001957357034,-1.3322676295501878e-15,8.0,31.885404596294226,118.82050965335884,9.0
55,55.0,567.0269073643655,-344.62514014420617,-3.095200195735706,-1.3322676295501878e-15,8.0,31.885404179693165,118.82049908484767,9.0
56,56.0,566.0279833014428,-344.6715159624113,-3.095200195735706,1.3322676295501878e-15,8.0,31.8854037630921,118.82048851633648,9.0
57,57.0,565.0290592385202,-344.71789178061647,-3.0952001957357034,1.3322676295501878e-15,8.0,31.88540334649104,118.8204779478253,9.0
58,58.0,564.0301351755976,-344.7642675988216,-3.0952001957357034,0.0,8.0,31.885402929889974,118.82046737931412,9.0
59,59.0,563.031211112675,-344.81064341702677,-3.0952001957357034,-1.3322676295501878e-15,8.0,31.885402513288913,118.82045681080294,9.0
60,60.0,562.0322870497524,-344.8570192352319,-3.095200195735706,-1.3322676295501878e-15,8.0,31.885402096687848,118.82044624229177,9.0
61,61.0,561.0333629868297,-344.90339505343707,-3.095200195735706,1.3322676295501878e-15,8.0,31.885401680086787,118.82043567378058,9.0
62,62.0,560.0344389239071,-344.9497708716422,-3.0952001957357034,1.3322676295501878e-15,8.0,31.885401263485722,118.82042510526941,9.0
63,63.0,559.0355148609846,-344.99614668984736,-3.0952001957357034,0.0,8.0,31.88540084688466,118.82041453675822,9.0
64,64.0,558.036590798062,-345.0425225080525,-3.0952001957357034,-1.4210854715202004e-14,8.0,31.885400430283596,118.82040396824704,9.0
65,65.0,557.0376667351394,-345.08889832625766,-3.095200195735732,-1.554312234475219e-14,8.0,31.88540001368253,118.82039339973586,9.0
66,66.0,556.0387426722168,-345.13527414446276,-3.0952001957357345,1.2878587085651816e-14,8.0,31.88539959708147,118.82038283122468,9.0
67,67.0,555.0398186092941,-345.1816499626679,-3.095200195735706,1.554312234475219e-14,8.0,31.885399180480405,118.8203722627135,9.0
68,68.0,554.0408945463715,-345.22802578087305,-3.0952001957357034,1.3322676295501878e-15,8.0,31.885398763879344,118.82036169420232,9.0
69,69.0,553.041970483449,-345.2744015990782,-3.0952001957357034,0.0,8.0,31.88539834727828,118.82035112569115,9.0
70,70.0,552.0430464205264,-345.32077741728335,-3.0952001957357034,-1.3322676295501878e-15,8.0,31.885397930677218,118.82034055717996,9.0
71,71.0,551.0441223576038,-345.3671532354885,-3.095200195735706,-1.3322676295501878e-15,8.0,31.885397514076153,118.82032998866879,9.0
72,72.0,550.0451982946811,-345.41352905369365,-3.095200195735706,1.3322676295501878e-15,8.0,31.885397097475092,118.8203194201576,9.0
73,73.0,549.0462742317585,-345.4599048718988,-3.0952001957357034,1.3322676295501878e-15,8.0,31.885396680874027,118.82030885164642,9.0
74,74.0,548.0473501688359,-345.50628069010395,-3.0952001957357034,0.0,8.0,31.885396264272966,118.82029828313524,9.0
75,75.0,547.0484261059133,-345.5526565083091,-3.0952001957357034,-1.3322676295501878e-15,8.0,31.8853958476719,118.82028771462406,9.0
76,76.0,546.0495020429908,-345.59903232651425,-3.095200195735706,-1.3322676295501878e-15,8.0,31.88539543107084,118.82027714611289,9.0
77,77.0,545.050577980068,-345.6454081447194,-3.095200195735706,1.3322676295501878e-15,8.0,31.885395014469776,118.8202665776017,9.0
78,78.0,544.0516539171455,-345.69178396292455,-3.0952001957357034,1.3322676295501878e-15,8.0,31.88539459786871,118.82025600909053,9.0
79,79.0,543.0527298542229,-345.7381597811297,-3.0952001957357034,0.0,8.0,31.88539418126765,118.82024544057934,9.0
80,80.0,542.0538057913003,-345.78453559933484,-3.0952001957357034,0.0,8.0,31.885393764666585,118.82023487206816,9.0
81,81.0,541.0548817283777,-345.83091141754,-3.0952001957357034,-1.3322676295501878e-15,8.0,31.885393348065524,118.82022430355698,9.0
82,82.0,540.0559576654551,-345.87728723574514,-3.095200195735706,-1.3322676295501878e-15,8.0,31.88539293146446,118.8202137350458,9.0
83,83.0,539.0570336025324,-345.9236630539503,-3.095200195735706,1.3322676295501878e-15,8.0,31.885392514863398,118.82020316653463,9.0
84,84.0,538.0581095396099,-345.97003887215544,-3.0952001957357034,1.3322676295501878e-15,8.0,31.885392098262333,118.82019259802344,9.0
85,85.0,537.0591854766873,-346.0164146903606,-3.0952001957357034,0.0,8.0,31.88539168166127,118.82018202951227,9.0
86,86.0,536.0602614137647,-346.06279050856574,-3.0952001957357034,0.0,8.0,31.885391265060207,118.82017146100108,9.0
87,87.0,535.0613373508421,-346.1091663267709,-3.0952001957357034,-1.3322676295501878e-15,8.0,31.885390848459146,118.8201608924899,9.0
88,88.0,534.0624132879195,-346.15554214497604,-3.095200195735706,-1.3322676295501878e-15,8.0,31.88539043185808,118.82015032397872,9.0
89,89.0,533.0634892249968,-346.2019179631812,-3.095200195735706,1.3322676295501878e-15,8.0,31.88539001525702,118.82013975546754,9.0
90,90.0,532.0645651620742,-346.24829378138634,-3.0952001957357034,1.3322676295501878e-15,8.0,31.885389598655955,118.82012918695636,9.0
91,91.0,531.0656410991517,-346.2946695995915,-3.0952001957357034,0.0,8.0,31.88538918205489,118.82011861844518,9.0
92,92.0,530.0667170362291,-346.34104541779664,-3.0952001957357034,-1.3322676295501878e-15,8.0,31.88538876545383,118.820108049934,9.0
93,93.0,529.0677929733065,-346.3874212360018,-3.095200195735706,-1.3322676295501878e-15,8.0,31.885388348852764,118.82009748142282,9.0
94,94.0,528.0688689103838,-346.43379705420693,-3.095200195735706,1.3322676295501878e-15,8.0,31.885387932251703,118.82008691291165,9.0
95,95.0,527.0699448474612,-346.4801728724121,-3.0952001957357034,1.3322676295501878e-15,8.0,31.88538751565064,118.82007634440046,9.0
96,96.0,526.0710207845386,-346.52654869061723,-3.0952001957357034,5.833111771380572e-13,8.0,31.885387099049577,118.82006577588928,9.0
97,97.0,525.072096721616,-346.5729245088224,-3.0952001957345368,2.104982854689297e-12,8.0,31.885386682448512,118.8200552073781,9.0
98,98.0,524.0731726586936,-346.61930032702986,-3.0952001957314934,2.459810133359497e-12,8.0,31.88538626584745,118.82004463886692,9.0
99,99.0,523.0742485957712,-346.6656761452411,-3.095200195729617,9.394707234378075e-13,8.0,31.885385849246386,118.82003407035575,9.0
100,100.0,522.0753245328489,-346.7120519634523,-3.0952001957296145,1.554312234475219e-14,8.0,31.885385432645325,118.82002350184456,9.0
101,101.0,521.0764004699266,-346.75842778166356,-3.095200195729586,1.2878587085651816e-14,8.0,31.88538501604426,118.82001293333339,9.0
102,102.0,520.0774764070043,-346.80480359987484,-3.0952001957295887,-1.554312234475219e-14,8.0,31.8853845994432,118.8200023648222,9.0
103,103.0,519.0785523440819,-346.8511794180861,-3.095200195729617,-1.2878587085651816e-14,8.0,31.885384182842134,118.81999179631102,9.0
104,104.0,518.0796282811596,-346.8975552362973,-3.0952001957296145,1.3322676295501878e-15,8.0,31.885383766241073,118.81998122779984,9.0
105,105.0,517.0807042182373,-346.94393105450854,-3.0952001957296145,-1.3322676295501878e-15,8.0,31.88538334964001,118.81997065928866,9.0
106,106.0,516.081780155315,-346.99030687271977,-3.095200195729617,0.0,8.0,31.885382933038947,118.81996009077749,9.0
107,107.0,515.0828560923926,-347.036682690931,-3.0952001957296145,1.3322676295501878e-15,8.0,31.885382516437883,118.8199495222663,9.0
108,108.0,514.0839320294704,-347.08305850914223,-3.0952001957296145,1.2878587085651816e-14,8.0,31.885382099836818,118.81993895375511,9.0
109,109.0,513.085007966548,-347.12943432735347,-3.0952001957295887,1.354472090042691e-14,8.0,31.885381683235757,118.81992838524394,9.0
110,110.0,512.0860839036256,-347.17581014556475,-3.0952001957295874,-1.2878587085651816e-14,8.0,31.885381266634692,118.81991781673275,9.0
111,111.0,511.08715984070335,-347.222185963776,-3.0952001957296145,-1.4210854715202004e-14,8.0,31.88538085003363,118.81990724822158,9.0
112,112.0,510.08823577778105,-347.2685617819872,-3.095200195729616,-6.661338147750939e-16,8.0,31.885380433432566,118.8198966797104,9.0
113,113.0,509.0893117148587,-347.31493760019845,-3.095200195729616,6.661338147750939e-16,8.0,31.885380016831505,118.81988611119922,9.0
114,114.0,508.0903876519364,-347.3613134184097,-3.0952001957296145,0.0,8.0,31.88537960023044,118.81987554268804,9.0
115,115.0,507.0914635890141,-347.4076892366209,-3.095200195729616,-6.661338147750939e-16,8.0,31.88537918362938,118.81986497417685,9.0
116,116.0,506.09253952609174,-347.45406505483214,-3.095200195729616,1.4210854715202004e-14,8.0,31.885378767028314,118.81985440566568,9.0
117,117.0,505.09361546316944,-347.5004408730434,-3.0952001957295874,1.4210854715202004e-14,8.0,31.885378350427253,118.8198438371545,9.0
118,118.0,504.0946914002471,-347.54681669125466,-3.0952001957295874,-1.354472090042691e-14,8.0,31.885377933826188,118.81983326864332,9.0
119,119.0,503.0957673373248,-347.5931925094659,-3.0952001957296145,-1.4210854715202004e-14,8.0,31.885377517225127,118.81982270013214,9.0
120,120.0,502.0968432744025,-347.6395683276771,-3.095200195729616,-6.661338147750939e-16,8.0,31.885377100624062,118.81981213162095,9.0
121,121.0,501.09791921148013,-347.68594414588836,-3.095200195729616,0.0,8.0,31.885376684023,118.81980156310978,9.0
122,122.0,500.09899514855783,-347.7323199640996,-3.095200195729616,0.0,8.0,31.885376267421936,118.81979099459859,9.0
123,123.0,499.1000710856355,-347.7786957823108,-3.095200195729616,6.661338147750939e-16,8.0,31.885375850820875,118.81978042608742,9.0
124,124.0,498.1011470227132,-347.82507160052205,-3.0952001957296145,1.4210854715202004e-14,8.0,31.88537543421981,118.81976985757623,9.0
125,125.0,497.1022229597909,-347.8714474187333,-3.0952001957295874,1.354472090042691e-14,8.0,31.88537501761875,118.81975928906505,9.0
126,126.0,496.1032988968685,-347.91782323694457,-3.0952001957295874,-1.354472090042691e-14,8.0,31.885374601017684,118.81974872055387,9.0
127,127.0,495.1043748339462,-347.9641990551558,-3.0952001957296145,-1.4210854715202004e-14,8.0,31.885374184416623,118.81973815204269,9.0
128,128.0,494.1054507710239,-348.01057487336703,-3.095200195729616,-6.661338147750939e-16,8.0,31.885373767815558,118.81972758353152,9.0
129,129.0,493.10652670810157,-348.05695069157827,-3.095200195729616,0.0,8.0,31.885373351214497,118.81971701502033,9.0
130,130.0,492.10760264517927,-348.1033265097895,-3.095200195729616,0.0,8.0,31.885372934613432,118.81970644650916,9.0
131,131.0,491.1086785822569,-348.1497023280007,-3.095200195729616,6.661338147750939e-16,8.0,31.88537251801237,118.81969587799797,9.0
132,132.0,490.1097545193346,-348.19607814621196,-3.0952001957296145,1.4210854715202004e-14,8.0,31.885372101411306,118.81968530948679,9.0
133,133.0,489.1108304564123,-348.2424539644232,-3.0952001957295874,1.354472090042691e-14,8.0,31.885371684810245,118.81967474097561,9.0
134,134.0,488.11190639348996,-348.2888297826345,-3.0952001957295874,-1.4210854715202004e-14,8.0,31.88537126820918,118.81966417246443,9.0
135,135.0,487.11298233056766,-348.3352056008457,-3.095200195729616,-1.4210854715202004e-14,8.0,31.88537085160812,118.81965360395326,9.0
136,136.0,486.1140582676453,-348.38158141905694,-3.095200195729616,-0.28563974659047386,8.0,31.885370435007054,118.81964303544207,9.0
137,137.0,485.115134204723,-348.4279572372682,2.616705618269023,-1.5620359187330095,8.0,31.88537001840599,118.81963246693088,9.0
138,138.0,485.1449440400873,-347.8203971911772,0.0639132739839518,-1.4986504398887153,8.0,31.885375476210747,118.81963278231582,9.0
139,139.0,485.4561839329095,-348.4061299035784,-0.3805952615084072,-0.0010028610027160052,8.0,31.885370214484265,118.81963607520103,9.0
140,140.0,486.454268272352,-348.34426188793594,0.06190755197851979,1.7920477335383516,8.0,31.885370770254106,118.81964663482802,9.0
141,141.0,486.2813664494441,-348.3549795119498,-3.079685101611291,1.2552758637675994,8.0,31.885370673976052,118.81964480554498,9.0
142,142.0,485.2832821100015,-348.41684752759227,2.5724592795137187,-0.8262189726463955,8.0,31.88537011820621,118.81963424591798,9.0
143,143.0,485.1797859619633,-347.6502471855276,1.5510622602755046,-0.570140005054821,8.0,31.885377004694252,118.81963315093967,8.9983962314461
144,144.0,485.3179595317104,-346.6598391561663,1.4321792694040767,-0.059441495435713976,8.0,31.885385901680955,118.81963461280145,8.996359210701371
145,145.0,485.4561331014575,-345.66943112680497,1.4321792694040767,0.0,8.0,31.885394798667658,118.81963607466324,8.994322189956643
146,146.0,485.5943066712046,-344.6790230974437,1.4321792694040767,0.0,8.0,31.88540369565436,118.81963753652502,8.992285169211915
147,147.0,485.7324802409517,-343.68861506808236,1.4321792694040767,0.0,8.0,31.885412592641064,118.81963899838681,8.990248148467186
148,148.0,485.8706538106988,-342.6982070387211,1.4321792694040767,0.0,8.0,31.885421489627767,118.8196404602486,8.988211127722458
149,149.0,486.0088273804459,-341.70779900935975,1.4321792694040767,0.0,8.0,31.88543038661447,118.81964192211039,8.98617410697773
150,150.0,486.147000950193,-340.71739097999847,1.4321792694040767,0.0,8.0,31.885439283601173,118.81964338397218,8.984137086233002
151,151.0,486.2851745199401,-339.72698295063714,1.4321792694040767,0.0,8.0,31.885448180587876,118.81964484583396,8.982100065488273
152,152.0,486.4233480896872,-338.73657492127586,1.4321792694040767,0.0,8.0,31.88545707757458,118.81964630769575,8.980063044743545
153,153.0,486.5615216594343,-337.7461668919145,1.4321792694040767,0.0,8.0,31.88546597456128,118.81964776955755,8.978026023998817
154,154.0,486.6996952291814,-336.75575886255325,1.4321792694040767,0.0,8.0,31.885474871547984,118.81964923141933,8.975989003254089
155,155.0,486.83786879892847,-335.7653508331919,1.4321792694040767,0.0,8.0,31.885483768534687,118.81965069328112,8.97395198250936
156,156.0,486.97604236867556,-334.77494280383064,1.4321792694040767,0.0,8.0,31.88549266552139,118.8196521551429,8.971914961764632
157,157.0,487.11421593842266,-333.7845347744693,1.4321792694040767,0.0,8.0,31.885501562508093,118.81965361700469,8.969877941019904
158,158.0,487.25238950816976,-332.79412674510803,1.4321792694040767,0.0,8.0,31.885510459494796,118.81965507886649,8.967840920275176
159,159.0,487.39056307791685,-331.8037187157467,1.4321792694040767,0.0,8.0,31.8855193564815,118.81965654072827,8.965803899530448
160,160.0,487.52873664766395,-330.8133106863854,1.4321792694040767,0.0,8.0,31.885528253468202,118.81965800259006,8.96376687878572
161,161.0,487.66691021741104,-329.8229026570241,1.4321792694040767,0.0,8.0,31.885537150454905,118.81965946445185,8.961729858040991
162,162.0,487.80508378715814,-328.8324946276628,1.4321792694040767,0.0,8.0,31.885546047441608,118.81966092631363,8.959692837296263
163,163.0,487.94325735690524,-327.8420865983015,1.4321792694040767,0.0,8.0,31.88555494442831,118.81966238817542,8.957655816551535
164,164.0,488.08143092665233,-326.8516785689402,1.4321792694040767,0.0,8.0,31.885563841415014,118.81966385003722,8.955618795806807
165,165.0,488.2196044963994,-325.86127053957887,1.4321792694040767,0.0,8.0,31.885572738401716,118.819665311899,8.953581775062078
166,166.0,488.3577780661465,-324.8708625102176,1.4321792694040767,0.0,8.0,31.88558163538842,118.81966677376079,8.95154475431735
167,167.0,488.4959516358936,-323.88045448085626,1.4321792694040767,0.0,8.0,31.885590532375122,118.81966823562257,8.949507733572622
168,168.0,488.6341252056407,-322.890046451495,1.4321792694040767,0.0,8.0,31.885599429361825,118.81966969748436,8.947470712827894
169,169.0,488.7722987753878,-321.89963842213365,1.4321792694040767,0.0,8.0,31.885608326348528,118.81967115934616,8.945433692083165
170,170.0,488.9104723451349,-320.9092303927724,1.4321792694040767,0.0,8.0,31.88561722333523,118.81967262120794,8.943396671338437
171,171.0,489.048645914882,-319.91882236341104,1.4321792694040767,0.0,8.0,31.885626120321934,118.81967408306973,8.941359650593709
172,172.0,489.1868194846291,-318.92841433404976,1.4321792694040767,0.0,8.0,31.885635017308637,118.81967554493151,8.93932262984898
173,173.0,489.3249930543762,-317.93800630468843,1.4321792694040767,0.0,8.0,31.88564391429534,118.8196770067933,8.937285609104253
174,174.0,489.4631666241233,-316.94759827532715,1.4321792694040767,0.0,8.0,31.885652811282043,118.8196784686551,8.935248588359524
175,175.0,489.6013401938704,-315.9571902459658,1.4321792694040767,0.0,8.0,31.885661708268746,118.81967993051688,8.933211567614796
176,176.0,489.7395137636175,-314.96678221660454,1.4321792694040767,0.0,8.0,31.88567060525545,118.81968139237867,8.93117454687007
177,177.0,489.8776873333646,-313.9763741872432,1.4321792694040767,0.0,8.0,31.88567950224215,118.81968285424045,8.929137526125341
178,178.0,490.0158609031117,-312.98596615788193,1.4321792694040767,0.0,8.0,31.885688399228854,118.81968431610224,8.927100505380613
179,179.0,490.15403447285877,-311.9955581285206,1.4321792694040767,0.0,8.0,31.885697296215557,118.81968577796404,8.925063484635885
180,180.0,490.29220804260586,-311.0051500991593,1.4321792694040767,0.0,8.0,31.88570619320226,118.81968723982583,8.923026463891157
181,181.0,490.43038161235296,-310.014742069798,1.4321792694040767,0.0,8.0,31.885715090188963,118.81968870168761,8.920989443146428
182,182.0,490.56855518210006,-309.0243340404367,1.4321792694040767,0.0,8.0,31.885723987175666,118.8196901635494,8.9189524224017
183,183.0,490.70672875184715,-308.0339260110754,1.4321792694040767,0.0,8.0,31.88573288416237,118.81969162541118,8.916915401656972
184,184.0,490.84490232159425,-307.0435179817141,1.4321792694040767,1.887379141862766e-15,8.0,31.885741781149072,118.81969308727298,8.914878380912244
185,185.0,490.98307589134134,-306.05310995235277,1.4321792694040805,0.0,8.0,31.885750678135775,118.81969454913477,8.912841360167516
186,186.0,491.12124946108844,-305.06270192299144,1.4321792694040767,-3.885780586188048e-15,8.0,31.885759575122478,118.81969601099655,8.910804339422787
187,187.0,491.25942303083553,-304.07229389363016,1.4321792694040727,0.0,8.0,31.88576847210918,118.81969747285834,8.90876731867806
188,188.0,491.39759660058263,-303.0818858642689,1.4321792694040767,3.885780586188048e-15,8.0,31.885777369095884,118.81969893472012,8.906730297933331
189,189.0,491.5357701703297,-302.09147783490755,1.4321792694040805,0.0,8.0,31.885786266082587,118.81970039658192,8.904693277188603
190,190.0,491.6739437400768,-301.1010698055462,1.4321792694040767,-6.048495038157853e-13,8.0,31.88579516306929,118.81970185844371,8.902656256443874
191,191.0,491.8121173098239,-300.11066177618494,1.4321792694028708,-9.067968598230891e-12,8.0,31.885804060055992,118.81970332030549,8.900619235699146
192,192.0,491.9502908795734,-299.12025374682395,1.4321792693859408,-1.63149493914716e-11,8.0,31.885812957042695,118.81970478216728,8.898582214977129
193,193.0,492.08846444935403,-298.12984571746733,1.4321792693702409,-7.835843085501892e-12,8.0,31.8858218540294,118.81970624402906,8.896545194545961
194,194.0,492.2266380191346,-297.1394376881107,1.432179269370269,1.9984014443252818e-15,8.0,31.8858307510161,118.81970770589086,8.894508174114796
195,195.0,492.3648115889152,-296.1490296587541,1.4321792693702449,-1.2101430968414206e-14,8.0,31.885839648002804,118.81970916775265,8.892471153683628
196,196.0,492.5029851586958,-295.15862162939743,1.4321792693702449,1.2101430968414206e-14,8.0,31.885848544989507,118.81971062961443,8.89043413325246
197,197.0,492.6411587284764,-294.1682136000408,1.432179269370269,0.0,8.0,31.88585744197621,118.81971209147622,8.888397112821295
198,198.0,492.779332298257,-293.1778055706842,1.4321792693702449,-1.2101430968414206e-14,8.0,31.885866338962913,118.819713553338,8.886360092390127
199,199.0,492.9175058680376,-292.1873975413275,1.4321792693702449,1.2101430968414206e-14,8.0,31.885875235949616,118.8197150151998,8.88432307195896
200,200.0,493.0556794378182,-291.1969895119709,1.432179269370269,-1.9984014443252818e-15,8.0,31.88588413293632,118.81971647706159,8.882286051527792
201,201.0,493.19385300759876,-290.2065814826143,1.4321792693702409,-1.2101430968414206e-14,8.0,31.88589302992302,118.81971793892338,8.880249031096627
202,202.0,493.3320265773794,-289.2161734532577,1.4321792693702449,1.5987211554602254e-14,8.0,31.885901926909725,118.81971940078516,8.87821201066546
203,203.0,493.47020014715997,-288.225765423901,1.4321792693702728,-1.9984014443252818e-15,8.0,31.885910823896428,118.81972086264695,8.876174990234292
204,204.0,493.60837371694055,-287.2353573945444,1.4321792693702409,-1.3988810110276972e-14,8.0,31.88591972088313,118.81972232450875,8.874137969803126
205,205.0,493.7465472867212,-286.2449493651878,1.4321792693702449,1.5987211554602254e-14,8.0,31.885928617869833,118.81972378637053,8.872100949371958
206,206.0,493.88472085650176,-285.2545413358311,1.4321792693702728,-1.9984014443252818e-15,8.0,31.885937514856536,118.81972524823232,8.870063928940791
207,207.0,494.02289442628233,-284.2641333064745,1.4321792693702409,-1.5987211554602254e-14,8.0,31.88594641184324,118.8197267100941,8.868026908509625
208,208.0,494.16106799606297,-283.2737252771179,1.4321792693702409,1.5987211554602254e-14,8.0,31.885955308829942,118.81972817195589,8.865989888078458
209,209.0,494.29924156584354,-282.28331724776126,1.4321792693702728,1.9984014443252818e-15,8.0,31.885964205816645,118.81972963381767,8.86395286764729
210,210.0,494.4374151356241,-281.2929092184046,1.4321792693702449,-1.5987211554602254e-14,8.0,31.885973102803348,118.81973109567947,8.861915847216123
211,211.0,494.57558870540475,-280.302501189048,1.4321792693702409,1.3988810110276972e-14,8.0,31.88598199979005,118.81973255754126,8.859878826784957
212,212.0,494.71376227518533,-279.31209315969136,1.4321792693702728,1.9984014443252818e-15,8.0,31.885990896776754,118.81973401940304,8.85784180635379
213,213.0,494.8519358449659,-278.3216851303347,1.4321792693702449,-1.5987211554602254e-14,8.0,31.885999793763457,118.81973548126483,8.855804785922622
214,214.0,494.99010941474654,-277.33127710097807,1.4321792693702409,1.3988810110276972e-14,8.0,31.88600869075016,118.81973694312661,8.853767765491456
215,215.0,495.1282829845271,-276.34086907162146,1.4321792693702728,1.9984014443252818e-15,8.0,31.886017587736863,118.81973840498841,8.851730745060289
216,216.0,495.2664565543077,-275.3504610422648,1.4321792693702449,-1.5987211554602254e-14,8.0,31.886026484723565,118.8197398668502,8.849693724629121
217,217.0,495.4046301240883,-274.36005301290817,1.4321792693702409,1.2101430968414206e-14,8.0,31.88603538171027,118.81974132871198,8.847656704197954
218,218.0,495.5428036938689,-273.36964498355155,1.432179269370269,1.9984014443252818e-15,8.0,31.88604427869697,118.81974279057377,8.845619683766788
219,219.0,495.6809772636495,-272.37923695419494,1.4321792693702449,-1.2101430968414206e-14,8.0,31.886053175683674,118.81974425243556,8.84358266333562
220,220.0,495.8191508334301,-271.38882892483826,1.4321792693702449,1.2101430968414206e-14,8.0,31.886062072670377,118.81974571429735,8.841545642904453
221,221.0,495.9573244032107,-270.39842089548165,1.432179269370269,0.0,8.0,31.886070969657077,118.81974717615914,8.839508622473288
222,222.0,496.09549797299127,-269.40801286612503,1.4321792693702449,-1.2101430968414206e-14,8.0,31.88607986664378,118.81974863802093,8.83747160204212
223,223.0,496.2336715427719,-268.41760483676836,1.4321792693702449,-1.9984014443252818e-15,8.0,31.886088763630482,118.81975009988271,8.835434581610953
224,224.0,496.3718451125525,-267.42719680741175,1.4321792693702409,-1.9984014443252818e-15,8.0,31.886097660617185,118.8197515617445,8.833397561179787
225,225.0,496.5100186823331,-266.43678877805513,1.4321792693702409,1.5987211554602254e-14,8.0,31.88610655760389,118.8197530236063,8.83136054074862
226,226.0,496.6481922521137,-265.4463807486985,1.4321792693702728,1.9984014443252818e-15,8.0,31.88611545459059,118.81975448546808,8.829323520317452
227,227.0,496.78636582189426,-264.45597271934184,1.4321792693702449,-1.5987211554602254e-14,8.0,31.886124351577294,118.81975594732987,8.827286499886284
228,228.0,496.9245393916749,-263.46556468998523,1.4321792693702409,1.3988810110276972e-14,8.0,31.886133248563997,118.81975740919165,8.825249479455119
229,229.0,497.0627129614555,-262.4751566606286,1.4321792693702728,1.9984014443252818e-15,8.0,31.8861421455507,118.81975887105344,8.823212459023951
230,230.0,497.20088653123605,-261.48474863127194,1.4321792693702449,-1.5987211554602254e-14,8.0,31.886151042537403,118.81976033291524,8.821175438592784
231,231.0,497.3390601010167,-260.4943406019153,1.4321792693702409,1.3988810110276972e-14,8.0,31.886159939524106,118.81976179477702,8.819138418161618
232,232.0,497.47723367079726,-259.5039325725587,1.4321792693702728,1.9984014443252818e-15,8.0,31.88616883651081,118.81976325663881,8.81710139773045
233,233.0,497.61540724057784,-258.51352454320204,1.4321792693702449,-1.5987211554602254e-14,8.0,31.88617773349751,118.8197647185006,8.815064377299283
234,234.0,497.75358081035847,-257.5231165138454,1.4321792693702409,1.3100631690576847e-14,8.0,31.886186630484215,118.81976618036238,8.813027356868117
235,235.0,497.89175438013905,-256.5327084844888,1.432179269370271,1.9984014443252818e-15,8.0,31.886195527470917,118.81976764222418,8.81099033643695
236,236.0,498.0299279499196,-255.54230045513216,1.4321792693702449,-1.4099832412739488e-14,8.0,31.88620442445762,118.81976910408596,8.808953316005782
237,237.0,498.16810151970026,-254.55189242577552,1.4321792693702429,1.3100631690576847e-14,8.0,31.886213321444323,118.81977056594775,8.806916295574615
238,238.0,498.30627508948083,-253.5614843964189,1.432179269370271,0.0,8.0,31.886222218431026,118.81977202780953,8.804879275143449
239,239.0,498.4444486592614,-252.57107636706226,1.4321792693702429,-1.4099832412739488e-14,8.0,31.88623111541773,118.81977348967132,8.802842254712282
240,240.0,498.58262222904204,-251.58066833770565,1.4321792693702429,1.4099832412739488e-14,8.0,31.886240012404432,118.81977495153312,8.800805234281114
241,241.0,498.7207957988226,-250.590260308349,1.432179269370271,0.0,8.0,31.886248909391135,118.8197764133949,8.798768213849948
242,242.0,498.8589693686032,-249.5998522789924,1.4321792693702429,-1.3100631690576847e-14,8.0,31.886257806377838,118.81977787525669,8.79673119341878
243,243.0,498.99714293838383,-248.60944424963574,1.4321792693702449,1.4099832412739488e-14,8.0,31.88626670336454,118.81977933711848,8.794694172987613
244,244.0,499.1353165081644,-247.6190362202791,1.432179269370271,-9.992007221626409e-16,8.0,31.886275600351244,118.81978079898026,8.792657152556448
245,245.0,499.273490077945,-246.62862819092248,1.4321792693702429,-1.4099832412739488e-14,8.0,31.886284497337947,118.81978226084206,8.79062013212528
246,246.0,499.4116636477256,-245.63822016156584,1.4321792693702429,1.4099832412739488e-14,8.0,31.88629339432465,118.81978372270385,8.788583111694113
247,247.0,499.5498372175062,-244.64781213220922,1.432179269370271,0.0,8.0,31.886302291311353,118.81978518456563,8.786546091262945
248,248.0,499.68801078728677,-243.65740410285258,1.4321792693702429,-1.4099832412739488e-14,8.0,31.886311188298055,118.81978664642742,8.78450907083178
249,249.0,499.8261843570674,-242.66699607349597,1.4321792693702429,1.4988010832439613e-14,8.0,31.88632008528476,118.8197881082892,8.782472050400612
250,250.0,499.964357926848,-241.67658804413932,1.4321792693702728,0.0,8.0,31.88632898227146,118.819789570151,8.780435029969444
251,251.0,500.10253149662856,-240.68618001478268,1.4321792693702429,-1.4988010832439613e-14,8.0,31.886337879258164,118.81979103201279,8.778398009538279
252,252.0,500.2407050664092,-239.69577198542606,1.4321792693702429,1.4988010832439613e-14,8.0,31.886346776244867,118.81979249387457,8.776360989107111
253,253.0,500.37887863618977,-238.70536395606942,1.4321792693702728,0.0,8.0,31.88635567323157,118.81979395573636,8.774323968675944
254,254.0,500.51705220597034,-237.71495592671278,1.4321792693702429,-1.5987211554602254e-14,8.0,31.886364570218273,118.81979541759814,8.772286948244778
255,255.0,500.655225775751,-236.72454789735616,1.4321792693702409,1.4099832412739488e-14,8.0,31.886373467204976,118.81979687945994,8.77024992781361
256,256.0,500.79339934553155,-235.73413986799955,1.432179269370271,1.9984014443252818e-15,8.0,31.88638236419168,118.81979834132173,8.768212907382443
257,257.0,500.93157291531213,-234.7437318386429,1.4321792693702449,-1.4099832412739488e-14,8.0,31.88639126117838,118.81979980318351,8.766175886951276
258,258.0,501.06974648509276,-233.75332380928626,1.4321792693702429,1.3100631690576847e-14,8.0,31.886400158165085,118.8198012650453,8.76413886652011
259,259.0,501.20792005487334,-232.76291577992964,1.432179269370271,9.992007221626409e-16,8.0,31.886409055151784,118.81980272690708,8.762101846088942
260,260.0,501.3460936246539,-231.772507750573,1.4321792693702449,-1.4099832412739488e-14,8.0,31.886417952138487,118.81980418876887,8.760064825657775
261,261.0,501.48426719443455,-230.78209972121635,1.4321792693702429,-1.9984014443252818e-15,8.0,31.88642684912519,118.81980565063067,8.75802780522661
262,262.0,501.6224407642151,-229.79169169185974,1.4321792693702409,9.992007221626409e-16,8.0,31.886435746111893,118.81980711249246,8.755990784795442
263,263.0,501.76061433399576,-228.80128366250312,1.4321792693702449,1.5987211554602254e-14,8.0,31.886444643098596,118.81980857435424,8.753953764364274
264,264.0,501.89878790377634,-227.81087563314645,1.4321792693702728,-1.9984014443252818e-15,8.0,31.8864535400853,118.81981003621603,8.751916743933108
265,265.0,502.0369614735569,-226.82046760378984,1.4321792693702409,-1.4988010832439613e-14,8.0,31.886462437072,118.81981149807781,8.749879723501941
266,266.0,502.17513504333755,-225.83005957443322,1.4321792693702429,1.5987211554602254e-14,8.0,31.886471334058704,118.81981295993961,8.747842703070773
267,267.0,502.3133086131181,-224.83965154507658,1.4321792693702728,0.0,8.0,31.886480231045407,118.8198144218014,8.745805682639606
268,268.0,502.4514821828987,-223.84924351571993,1.4321792693702429,-1.4988010832439613e-14,8.0,31.88648912803211,118.81981588366318,8.74376866220844
269,269.0,502.58965575267933,-222.85883548636332,1.4321792693702429,1.4988010832439613e-14,8.0,31.886498025018813,118.81981734552497,8.741731641777273
270,270.0,502.7278293224599,-221.86842745700667,1.4321792693702728,0.0,8.0,31.886506922005516,118.81981880738675,8.739694621346105
271,271.0,502.8660028922405,-220.87801942765003,1.4321792693702429,-1.5987211554602254e-14,8.0,31.88651581899222,118.81982026924855,8.73765760091494
272,272.0,503.0041764620211,-219.88761139829342,1.4321792693702409,1.4099832412739488e-14,8.0,31.886524715978922,118.81982173111034,8.735620580483772
273,273.0,503.1423500318017,-218.8972033689368,1.432179269370271,1.9984014443252818e-15,8.0,31.886533612965625,118.81982319297212,8.733583560052605
274,274.0,503.2805236015823,-217.90679533958016,1.4321792693702449,-1.4099832412739488e-14,8.0,31.886542509952328,118.81982465483391,8.731546539621437
275,275.0,503.4186971713629,-216.9163873102235,1.4321792693702429,1.3100631690576847e-14,8.0,31.88655140693903,118.8198261166957,8.729509519190271
276,276.0,503.5568707411435,-215.9259792808669,1.432179269370271,9.992007221626409e-16,8.0,31.886560303925734,118.8198275785575,8.727472498759104
277,277.0,503.69504431092406,-214.93557125151025,1.4321792693702449,-1.4099832412739488e-14,8.0,31.886569200912437,118.81982904041928,8.725435478327936
278,278.0,503.8332178807047,-213.9451632221536,1.4321792693702429,1.2101430968414206e-14,8.0,31.88657809789914,118.81983050228106,8.72339845789677
279,279.0,503.97139145048527,-212.954755192797,1.432179269370269,0.0,8.0,31.886586994885842,118.81983196414285,8.721361437465603
280,280.0,504.10956502026585,-211.96434716344038,1.4321792693702429,-1.2101430968414206e-14,8.0,31.886595891872545,118.81983342600464,8.719324417034436
281,281.0,504.2477385900465,-210.97393913408374,1.4321792693702449,1.4099832412739488e-14,8.0,31.88660478885925,118.81983488786643,8.71728739660327
282,282.0,504.38591215982706,-209.9835311047271,1.432179269370271,-9.992007221626409e-16,8.0,31.88661368584595,118.81983634972822,8.715250376172103
283,283.0,504.52408572960763,-208.99312307537048,1.4321792693702429,-1.3100631690576847e-14,8.0,31.886622582832654,118.81983781159,8.713213355740935
284,284.0,504.66225929938827,-208.00271504601383,1.4321792693702449,1.4099832412739488e-14,8.0,31.886631479819357,118.81983927345179,8.711176335309768
285,285.0,504.80043286916884,-207.0123070166572,1.432179269370271,-9.992007221626409e-16,8.0,31.88664037680606,118.81984073531358,8.709139314878602
286,286.0,504.9386064389494,-206.02189898730057,1.4321792693702429,-1.3100631690576847e-14,8.0,31.886649273792763,118.81984219717538,8.707102294447434
287,287.0,505.07678000873005,-205.03149095794393,1.4321792693702449,1.4099832412739488e-14,8.0,31.886658170779466,118.81984365903716,8.705065274016267
288,288.0,505.21495357851063,-204.0410829285873,1.432179269370271,-1.9984014443252818e-15,8.0,31.88666706776617,118.81984512089895,8.703028253585101
289,289.0,505.3531271482912,-203.05067489923067,1.4321792693702409,-1.4099832412739488e-14,8.0,31.88667596475287,118.81984658276073,8.700991233153934
290,290.0,505.49130071807184,-202.06026686987406,1.4321792693702429,1.5987211554602254e-14,8.0,31.886684861739575,118.81984804462252,8.698954212722766
291,291.0,505.6294742878524,-201.0698588405174,1.4321792693702728,0.0,8.0,31.886693758726278,118.81984950648432,8.6969171922916
292,292.0,505.767647857633,-200.07945081116077,1.4321792693702429,-1.4988010832439613e-14,8.0,31.88670265571298,118.8198509683461,8.694880171860433
293,293.0,505.9058214274136,-199.08904278180415,1.4321792693702429,1.4988010832439613e-14,8.0,31.886711552699683,118.81985243020789,8.692843151429265
294,294.0,506.0439949971942,-198.0986347524475,1.4321792693702728,0.0,8.0,31.886720449686386,118.81985389206967,8.690806130998098
295,295.0,506.1821685669748,-197.10822672309087,1.4321792693702429,-1.5987211554602254e-14,8.0,31.88672934667309,118.81985535393146,8.688769110566932
296,296.0,506.3203421367554,-196.11781869373425,1.4321792693702409,0.0,8.0,31.88673824365979,118.81985681579326,8.686732090135765
297,297.0,506.458515706536,-195.12741066437763,1.4321792693702429,1.9984014443252818e-15,8.0,31.88674714064649,118.81985827765504,8.684695069704597
298,298.0,506.5966892763166,-194.137002635021,1.4321792693702449,1.4099832412739488e-14,8.0,31.886756037633194,118.81985973951683,8.682658049273432
299,299.0,506.7348628460972,-193.14659460566435,1.432179269370271,-9.992007221626409e-16,8.0,31.886764934619897,118.81986120137861,8.680621028842264
300,300.0,506.8730364158778,-192.15618657630773,1.4321792693702429,-1.3100631690576847e-14,8.0,31.8867738316066,118.8198626632404,8.678584008411097
301,301.0,507.0112099856584,-191.1657785469511,1.4321792693702449,1.4099832412739488e-14,8.0,31.886782728593303,118.8198641251022,8.67654698797993
302,302.0,507.149383555439,-190.17537051759444,1.432179269370271,-1.9984014443252818e-15,8.0,31.886791625580006,118.81986558696399,8.674509967548763
303,303.0,507.28755712521956,-189.18496248823783,1.4321792693702409,-1.3100631690576847e-14,8.0,31.88680052256671,118.81986704882577,8.672472947117596
304,304.0,507.4257306950002,-188.1945544588812,1.4321792693702449,1.5987211554602254e-14,8.0,31.886809419553412,118.81986851068756,8.670435926686428
305,305.0,507.5639042647808,-187.20414642952454,1.4321792693702728,-1.9984014443252818e-15,8.0,31.886818316540115,118.81986997254934,8.668398906255263
306,306.0,507.70207783456135,-186.21373840016793,1.4321792693702409,-1.4988010832439613e-14,8.0,31.886827213526818,118.81987143441114,8.666361885824095
307,307.0,507.840251404342,-185.2233303708113,1.4321792693702429,1.5987211554602254e-14,8.0,31.88683611051352,118.81987289627293,8.664324865392928
308,308.0,507.97842497412256,-184.23292234145467,1.4321792693702728,0.0002642918732798094,8.0,31.886845007500224,118.81987435813471,8.662287844961762
309,309.0,508.11659854390314,-183.24251431209802,1.4327078531168025,0.00086754920553056,8.0,31.886853904486927,118.8198758199965,8.660250824530594
310,310.0,508.19332980664757,-182.68654325889224,1.433914367781334,0.0006775382008215036,8.0,31.886858898859874,118.81987663180516,8.657839422740578
311,311.0,508.3296375402641,-181.69587671471285,1.4340629295184455,7.428086855576499e-05,8.0,31.886867798168854,118.8198780739266,8.652907815748557
312,312.0,508.4659452738806,-180.70521017053346,1.4340629295184455,-1.3988810110276972e-14,8.0,31.886876697477835,118.81987951604803,8.647976208756537
313,313.0,508.60225300749715,-179.71454362635407,1.4340629295184175,-8.881784197001252e-16,8.0,31.886885596786815,118.81988095816948,8.643044601764517
314,314.0,508.7385607411137,-178.72387708217468,1.4340629295184437,1.3100631690576847e-14,8.0,31.8868944960958,118.81988240029092,8.638112994772497
315,315.0,508.8748684747302,-177.73321053799532,1.4340629295184437,-1.3100631690576847e-14,8.0,31.88690339540478,118.81988384241235,8.633181387780477
316,316.0,509.01117620834674,-176.74254399381593,1.4340629295184175,-1.3100631690576847e-14,8.0,31.88691229471376,118.8198852845338,8.628249780788456
317,317.0,509.1474839419633,-175.75187744963654,1.4340629295184175,1.3988810110276972e-14,8.0,31.88692119402274,118.81988672665523,8.623318173796436
318,318.0,509.28379167557983,-174.76121090545715,1.4340629295184455,1.3100631690576847e-14,8.0,31.88693009333172,118.81988816877667,8.618386566804416
319,319.0,509.4200994091963,-173.77054436127776,1.4340629295184437,-1.4988010832439613e-14,8.0,31.8869389926407,118.81988961089812,8.613454959812396
320,320.0,509.5564071428129,-172.7798778170984,1.4340629295184155,8.881784197001252e-16,8.0,31.886947891949685,118.81989105301955,8.608523352820376
321,321.0,509.6927148764294,-171.789211272919,1.4340629295184455,1.4988010832439613e-14,8.0,31.886956791258665,118.81989249514099,8.603591745828355
322,322.0,509.8290226100459,-170.7985447287396,1.4340629295184455,-1.3988810110276972e-14,8.0,31.886965690567646,118.81989393726242,8.598660138836335
323,323.0,509.96533034366246,-169.80787818456022,1.4340629295184175,-1.4988010832439613e-14,8.0,31.886974589876626,118.81989537938387,8.593728531844315
324,324.0,510.101638077279,-168.81721164038083,1.4340629295184155,1.3100631690576847e-14,8.0,31.886983489185607,118.81989682150531,8.588796924852295
325,325.0,510.23794581089555,-167.82654509620147,1.4340629295184437,1.4988010832439613e-14,8.0,31.88699238849459,118.81989826362674,8.583865317860274
326,326.0,510.37425354451204,-166.83587855202208,1.4340629295184455,-1.3100631690576847e-14,8.0,31.88700128780357,118.81989970574818,8.578933710868254
327,327.0,510.5105612781286,-165.8452120078427,1.4340629295184175,0.0,8.0,31.88701018711255,118.81990114786961,8.574002103876234
328,328.0,510.64686901174514,-164.8545454636633,1.4340629295184455,1.3100631690576847e-14,8.0,31.88701908642153,118.81990258999106,8.569070496884214
329,329.0,510.78317674536163,-163.8638789194839,1.4340629295184437,-1.4988010832439613e-14,8.0,31.887027985730512,118.81990403211249,8.564138889892194
330,330.0,510.9194844789782,-162.87321237530455,1.4340629295184155,-1.3100631690576847e-14,8.0,31.887036885039493,118.81990547423393,8.559207282900173
331,331.0,511.0557922125947,-161.88254583112516,1.4340629295184175,1.4988010832439613e-14,8.0,31.887045784348476,118.81990691635538,8.554275675908153
332,332.0,511.1920999462113,-160.89187928694577,1.4340629295184455,1.3100631690576847e-14,8.0,31.887054683657457,118.81990835847681,8.549344068916133
333,333.0,511.32840767982776,-159.90121274276638,1.4340629295184437,-1.4988010832439613e-14,8.0,31.887063582966437,118.81990980059825,8.544412461924113
334,334.0,511.4647154134443,-158.910546198587,1.4340629295184155,8.881784197001252e-16,8.0,31.887072482275418,118.81991124271968,8.539480854932092
335,335.0,511.60102314706086,-157.91987965440762,1.4340629295184455,1.4988010832439613e-14,8.0,31.887081381584398,118.81991268484113,8.534549247940072
336,336.0,511.73733088067735,-156.92921311022823,1.4340629295184455,0.0,8.0,31.887090280893382,118.81991412696257,8.529617640948052
337,337.0,511.8736386142939,-155.93854656604884,1.4340629295184455,-1.4988010832439613e-14,8.0,31.887099180202362,118.819915569084,8.524686033956032
338,338.0,512.0099463479104,-154.94788002186945,1.4340629295184155,-1.4988010832439613e-14,8.0,31.887108079511343,118.81991701120545,8.519754426964012
339,339.0,512.146254081527,-153.9572134776901,1.4340629295184155,2.90878432451791e-14,8.0,31.887116978820323,118.81991845332688,8.514822819971991
340,340.0,512.2825618151435,-152.9665469335107,1.4340629295184737,9.992007221626409e-16,8.0,31.887125878129304,118.81991989544832,8.509891212979971
341,341.0,512.41886954876,-151.9758803893313,1.4340629295184175,-2.90878432451791e-14,8.0,31.887134777438284,118.81992133756977,8.50495960598795
342,342.0,512.5551772823766,-150.98521384515192,1.4340629295184155,-9.992007221626409e-16,8.0,31.887143676747268,118.8199227796912,8.50002799899593
343,343.0,512.6914850159931,-149.99454730097256,1.4340629295184155,9.992007221626409e-16,8.0,31.88715257605625,118.81992422181264,8.49509639200391
344,344.0,512.8277927496097,-149.00388075679317,1.4340629295184175,2.90878432451791e-14,8.0,31.88716147536523,118.81992566393407,8.49016478501189
345,345.0,512.9641004832262,-148.01321421261378,1.4340629295184737,0.0,8.0,31.88717037467421,118.81992710605552,8.48523317801987
346,346.0,513.1004082168427,-147.02254766843438,1.4340629295184175,-2.90878432451791e-14,8.0,31.88717927398319,118.81992854817695,8.48030157102785
347,347.0,513.2367159504593,-146.031881124255,1.4340629295184155,2.708944180085382e-14,8.0,31.887188173292174,118.81992999029839,8.47536996403583
348,348.0,513.3730236840757,-145.04121458007563,1.4340629295184717,9.992007221626409e-16,8.0,31.887197072601154,118.81993143241984,8.47043835704381
349,349.0,513.5093314176922,-144.05054803589624,1.4340629295184175,-2.708944180085382e-14,8.0,31.887205971910134,118.81993287454127,8.465506750051789
350,350.0,513.6456391513088,-143.05988149171685,1.4340629295184175,2.808864252301646e-14,8.0,31.887214871219115,118.81993431666271,8.460575143059769
351,351.0,513.7819468849253,-142.06921494753746,1.4340629295184737,-9.992007221626409e-16,8.0,31.887223770528095,118.81993575878414,8.455643536067749
352,352.0,513.9182546185418,-141.07854840335807,1.4340629295184155,-2.90878432451791e-14,8.0,31.887232669837076,118.81993720090558,8.450711929075728
353,353.0,514.0545623521584,-140.0878818591787,1.4340629295184155,2.90878432451791e-14,8.0,31.88724156914606,118.81993864302703,8.445780322083708
354,354.0,514.1908700857749,-139.09721531499932,1.4340629295184737,9.992007221626409e-16,8.0,31.88725046845504,118.81994008514846,8.440848715091688
355,355.0,514.3271778193914,-138.10654877081993,1.4340629295184175,-2.808864252301646e-14,8.0,31.88725936776402,118.8199415272699,8.435917108099668
356,356.0,514.463485553008,-137.11588222664054,1.4340629295184175,-9.992007221626409e-16,8.0,31.887268267073,118.81994296939133,8.430985501107648
357,357.0,514.5997932866245,-136.12521568246115,1.4340629295184155,-9.992007221626409e-16,8.0,31.88727716638198,118.81994441151278,8.426053894115627
358,358.0,514.7361010202411,-135.13454913828178,1.4340629295184155,2.90878432451791e-14,8.0,31.887286065690965,118.81994585363422,8.421122287123607
359,359.0,514.8724087538576,-134.1438825941024,1.4340629295184737,9.992007221626409e-16,8.0,31.887294964999946,118.81994729575565,8.416190680131587
360,360.0,515.0087164874741,-133.153216049923,1.4340629295184175,-2.808864252301646e-14,8.0,31.887303864308926,118.8199487378771,8.411259073139567
361,361.0,515.1450242210907,-132.1625495057436,1.4340629295184175,2.708944180085382e-14,8.0,31.887312763617906,118.81995017999853,8.406327466147546
362,362.0,515.2813319547072,-131.17188296156422,1.4340629295184717,-9.992007221626409e-16,8.0,31.887321662926887,118.81995162211997,8.401395859155526
363,363.0,515.4176396883237,-130.18121641738486,1.4340629295184155,-2.708944180085382e-14,8.0,31.887330562235867,118.81995306424142,8.396464252163506
364,364.0,515.5539474219403,-129.19054987320547,1.4340629295184175,2.90878432451791e-14,8.0,31.88733946154485,118.81995450636285,8.391532645171486
365,365.0,515.6902551555568,-128.19988332902608,1.4340629295184737,-5.551115123125783e-16,8.0,31.88734836085383,118.81995594848429,8.386601038179466
366,366.0,515.8265628891733,-127.20921678484669,1.4340629295184164,-2.864375403532904e-14,8.0,31.887357260162812,118.81995739060572,8.381669431187445
367,367.0,515.9628706227899,-126.21855024066731,1.4340629295184164,2.8199664825478976e-14,8.0,31.887366159471792,118.81995883272717,8.376737824195425
368,368.0,516.0991783564064,-125.22788369648792,1.4340629295184728,0.0,8.0,31.887375058780773,118.8199602748486,8.371806217203405
369,369.0,516.2354860900228,-124.23721715230855,1.4340629295184164,-2.7644553313166398e-14,8.0,31.887383958089757,118.81996171697004,8.366874610211385
370,370.0,516.3717938236395,-123.24655060812916,1.4340629295184175,0.0,8.0,31.887392857398737,118.81996315909149,8.361943003219364
371,371.0,516.5081015572559,-122.25588406394976,1.4340629295184164,-9.992007221626409e-16,8.0,31.887401756707717,118.81996460121292,8.357011396227344
372,372.0,516.6444092908725,-121.26521751977039,1.4340629295184155,2.8199664825478976e-14,8.0,31.887410656016698,118.81996604333436,8.352079789235324
373,373.0,516.780717024489,-120.27455097559101,1.4340629295184728,9.992007221626409e-16,8.0,31.88741955532568,118.81996748545579,8.347148182243304
374,374.0,516.9170247581055,-119.28388443141162,1.4340629295184175,-2.8199664825478976e-14,8.0,31.88742845463466,118.81996892757724,8.342216575251284
375,375.0,517.0533324917221,-118.29321788723223,1.4340629295184164,2.7644553313166398e-14,8.0,31.887437353943643,118.81997036969868,8.337284968259263
376,376.0,517.1896402253386,-117.30255134305285,1.4340629295184728,5.551115123125783e-16,8.0,31.887446253252623,118.81997181182011,8.332353361267243
377,377.0,517.3259479589551,-116.31188479887346,1.4340629295184175,-2.8199664825478976e-14,8.0,31.887455152561603,118.81997325394155,8.327421754275223
378,378.0,517.4622556925717,-115.32121825469407,1.4340629295184164,2.7644553313166398e-14,8.0,31.887464051870584,118.81997469606299,8.322490147283203
379,379.0,517.5985634261882,-114.3305517105147,1.4340629295184728,0.0,8.0,31.887472951179564,118.81997613818443,8.317558540291182
380,380.0,517.7348711598047,-113.3398851663353,1.4340629295184164,-2.8199664825478976e-14,8.0,31.887481850488545,118.81997758030587,8.312626933299162
381,381.0,517.8711788934213,-112.34921862215593,1.4340629295184164,2.864375403532904e-14,8.0,31.88749074979753,118.8199790224273,8.307695326307142
382,382.0,518.0074866270378,-111.35855207797654,1.4340629295184737,0.0,8.0,31.88749964910651,118.81998046454875,8.302763719315122
383,383.0,518.1437943606543,-110.36788553379715,1.4340629295184164,-2.864375403532904e-14,8.0,31.88750854841549,118.81998190667018,8.297832112323102
384,384.0,518.2801020942709,-109.37721898961777,1.4340629295184164,0.0,8.0,31.88751744772447,118.81998334879162,8.292900505331081
385,385.0,518.4164098278874,-108.38655244543838,1.4340629295184164,0.0,8.0,31.88752634703345,118.81998479091305,8.287968898339061
386,386.0,518.552717561504,-107.395885901259,1.4340629295184164,2.8199664825478976e-14,8.0,31.887535246342434,118.8199862330345,8.283037291347041
387,387.0,518.6890252951205,-106.40521935707962,1.4340629295184728,0.0,8.0,31.887544145651415,118.81998767515594,8.27810568435502
388,388.0,518.825333028737,-105.41455281290024,1.4340629295184164,-2.7644553313166398e-14,8.0,31.887553044960395,118.81998911727737,8.273174077363
389,389.0,518.9616407623536,-104.42388626872085,1.4340629295184175,2.8199664825478976e-14,8.0,31.887561944269375,118.81999055939882,8.26824247037098
390,390.0,519.0979484959701,-103.43321972454146,1.4340629295184728,-5.551115123125783e-16,8.0,31.887570843578356,118.81999200152025,8.26331086337896
391,391.0,519.2342562295865,-102.44255318036208,1.4340629295184164,-2.8199664825478976e-14,8.0,31.887579742887336,118.81999344364169,8.25837925638694
392,392.0,519.3705639632032,-101.45188663618269,1.4340629295184164,2.8199664825478976e-14,8.0,31.88758864219632,118.81999488576314,8.253447649394918
393,393.0,519.5068716968196,-100.46122009200332,1.4340629295184728,5.551115123125783e-16,8.0,31.8875975415053,118.81999632788457,8.248516042402898
394,394.0,519.6431794304361,-99.47055354782393,1.4340629295184175,-2.8199664825478976e-14,8.0,31.88760644081428,118.81999777000601,8.243584435410877
395,395.0,519.7794871640527,-98.47988700364454,1.4340629295184164,-5.551115123125783e-16,8.0,31.88761534012326,118.81999921212744,8.238652828418857
396,396.0,519.9157948976692,-97.48922045946516,1.4340629295184164,0.0,8.0,31.887624239432242,118.82000065424889,8.233721221426837
397,397.0,520.0521026312858,-96.49855391528577,1.4340629295184164,2.8199664825478976e-14,8.0,31.887633138741226,118.82000209637033,8.228789614434817
398,398.0,520.1884103649023,-95.50788737110639,1.4340629295184728,5.551115123125783e-16,8.0,31.887642038050206,118.82000353849176,8.223858007442796
399,399.0,520.3247180985188,-94.517220826927,1.4340629295184175,-2.8199664825478976e-14,8.0,31.887650937359187,118.8200049806132,8.218926400450776
400,400.0,520.4610258321354,-93.52655428274761,1.4340629295184164,2.7644553313166398e-14,8.0,31.887659836668167,118.82000642273464,8.213994793458756
401,401.0,520.5973335657519,-92.53588773856823,1.4340629295184728,0.0,8.0,31.887668735977147,118.82000786485608,8.209063186466736
402,402.0,520.7336412993684,-91.54522119438884,1.4340629295184164,-2.8199664825478976e-14,8.0,31.887677635286128,118.82000930697751,8.204131579474716
403,403.0,520.869949032985,-90.55455465020947,1.4340629295184164,2.8199664825478976e-14,8.0,31.88768653459511,118.82001074909896,8.199199972482695
404,404.0,521.0062567666015,-89.56388810603008,1.4340629295184728,0.0,8.0,31.887695433904092,118.8200121912204,8.194268365490675
405,405.0,521.142564500218,-88.5732215618507,1.4340629295184164,-2.7644553313166398e-14,8.0,31.887704333213073,118.82001363334183,8.189336758498655
406,406.0,521.2788722338346,-87.58255501767131,1.4340629295184175,2.8199664825478976e-14,8.0,31.887713232522053,118.82001507546327,8.184405151506635
407,407.0,521.4151799674511,-86.59188847349192,1.4340629295184728,-5.551115123125783e-16,8.0,31.887722131831033,118.8200165175847,8.179473544514615
408,408.0,521.5514877010676,-85.60122192931254,1.4340629295184164,-2.8199664825478976e-14,8.0,31.887731031140017,118.82001795970615,8.174541937522594
409,409.0,521.6877954346842,-84.61055538513315,1.4340629295184164,2.8199664825478976e-14,8.0,31.887739930448998,118.8200194018276,8.169610330530574
410,410.0,521.8241031683007,-83.61988884095378,1.4340629295184728,5.551115123125783e-16,8.0,31.887748829757978,118.82002084394902,8.164678723538554
411,411.0,521.9604109019172,-82.62922229677439,1.4340629295184175,-2.8199664825478976e-14,8.0,31.88775772906696,118.82002228607047,8.159747116546534
412,412.0,522.0967186355338,-81.638555752595,1.4340629295184164,-5.551115123125783e-16,8.0,31.88776662837594,118.8200237281919,8.154815509554513
413,413.0,522.2330263691503,-80.64788920841562,1.4340629295184164,0.0,8.0,31.88777552768492,118.82002517031334,8.149883902562493
414,414.0,522.3693341027669,-79.65722266423623,1.4340629295184164,2.8199664825478976e-14,8.0,31.887784426993903,118.82002661243479,8.144952295570473
415,415.0,522.5056418363833,-78.66655612005685,1.4340629295184728,0.0,8.0,31.887793326302884,118.82002805455622,8.140020688578453
416,416.0,522.6419495699998,-77.67588957587746,1.4340629295184164,-2.8199664825478976e-14,8.0,31.887802225611864,118.82002949667766,8.135089081586433
417,417.0,522.7782573036164,-76.68522303169809,1.4340629295184164,2.864375403532904e-14,8.0,31.887811124920844,118.82003093879909,8.130157474594412
418,418.0,522.9145650372329,-75.6945564875187,1.4340629295184737,0.0,8.0,31.887820024229825,118.82003238092054,8.125225867602392
419,419.0,523.0508727708494,-74.7038899433393,1.4340629295184164,-2.864375403532904e-14,8.0,31.88782892353881,118.82003382304198,8.120294260610372
420,420.0,523.187180504466,-73.71322339915993,1.4340629295184164,2.8199664825478976e-14,8.0,31.88783782284779,118.82003526516341,8.115362653618352
421,421.0,523.3234882380825,-72.72255685498054,1.4340629295184728,0.0,8.0,31.88784672215677,118.82003670728486,8.110431046626331
422,422.0,523.459795971699,-71.73189031080116,1.4340629295184164,-2.7644553313166398e-14,8.0,31.88785562146575,118.82003814940629,8.105499439634311
423,423.0,523.5961037053156,-70.74122376662177,1.4340629295184175,0.0,8.0,31.88786452077473,118.82003959152773,8.100567832642291
424,424.0,523.7324114389321,-69.75055722244238,1.4340629295184164,-5.551115123125783e-16,8.0,31.88787342008371,118.82004103364916,8.09563622565027
425,425.0,523.8687191725487,-68.759890678263,1.4340629295184164,2.8199664825478976e-14,8.0,31.887882319392695,118.8200424757706,8.09070461865825
426,426.0,524.0050269061652,-67.76922413408361,1.4340629295184728,0.0,8.0,31.887891218701675,118.82004391789205,8.08577301166623
427,427.0,524.1413346397817,-66.77855758990424,1.4340629295184164,-2.8199664825478976e-14,8.0,31.887900118010656,118.82004536001348,8.08084140467421
428,428.0,524.2776423733983,-65.78789104572485,1.4340629295184164,2.8199664825478976e-14,8.0,31.887909017319636,118.82004680213493,8.07590979768219
429,429.0,524.4139501070148,-64.79722450154547,1.4340629295184728,5.551115123125783e-16,8.0,31.887917916628616,118.82004824425636,8.07097819069017
430,430.0,524.5502578406313,-63.80655795736608,1.4340629295184175,-2.8199664825478976e-14,8.0,31.8879268159376,118.8200496863778,8.06604658369815
431,431.0,524.6865655742479,-62.81589141318669,1.4340629295184164,2.7644553313166398e-14,8.0,31.88793571524658,118.82005112849924,8.06111497670613
432,432.0,524.8228733078644,-61.825224869007315,1.4340629295184728,0.0,8.0,31.88794461455556,118.82005257062067,8.056183369714109
433,433.0,524.9591810414809,-60.834558324827924,1.4340629295184164,-2.8199664825478976e-14,8.0,31.88795351386454,118.82005401274212,8.051251762722089
434,434.0,525.0954887750975,-59.84389178064855,1.4340629295184164,2.864375403532904e-14,8.0,31.887962413173522,118.82005545486355,8.046320155730069
435,435.0,525.231796508714,-58.85322523646916,1.4340629295184737,0.0,8.0,31.887971312482502,118.820056896985,8.041388548738048
436,436.0,525.3681042423304,-57.86255869228977,1.4340629295184164,-2.864375403532904e-14,8.0,31.887980211791486,118.82005833910644,8.036456941746028
437,437.0,525.504411975947,-56.87189214811039,1.4340629295184164,2.864375403532904e-14,8.0,31.887989111100467,118.82005978122787,8.031525334754008
438,438.0,525.6407197095635,-55.881225603931,1.4340629295184737,-4.440892098500626e-16,8.0,31.887998010409447,118.82006122334931,8.026593727761988
439,439.0,525.77702744318,-54.89055905975161,1.4340629295184155,-2.90878432451791e-14,8.0,31.888006909718428,118.82006266547074,8.021662120769967
440,440.0,525.9133351767966,-53.89989251557225,1.4340629295184155,9.992007221626409e-16,8.0,31.888015809027408,118.82006410759219,8.016730513777947
441,441.0,526.0496429104131,-52.90922597139286,1.4340629295184175,9.992007221626409e-16,8.0,31.88802470833639,118.82006554971362,8.011798906785927
442,442.0,526.1859506440297,-51.91855942721347,1.4340629295184175,0.015461561111972055,8.0,31.888033607645372,118.82006699183506,8.006867299793907
443,443.0,526.3222583776462,-50.927892883034076,1.4649860517423616,0.04094080384351195,8.0,31.888042506954353,118.82006843395651,8.001935692801887
444,444.0,526.3969448974733,-49.931925827599535,1.5159445372054414,0.03546541053012098,8.0,31.888051453878635,118.820069224132,7.995517360024748
445,445.0,526.4318172796428,-48.93253405408836,1.5359168728026036,0.009986167798552659,8.0,31.888060431567684,118.82006959307813,7.9881384375184
446,446.0,526.4666896618124,-47.93314228057719,1.5359168728025467,-2.842170943040401e-14,8.0,31.888069409256733,118.82006996202425,7.9807595150120525
447,447.0,526.5015620439821,-46.93375050706601,1.5359168728025467,0.0,8.0,31.888078386945786,118.82007033097038,7.973380592505705
448,448.0,526.5364344261517,-45.93435873355484,1.5359168728025467,0.0,8.0,31.888087364634835,118.8200706999165,7.966001669999357
449,449.0,526.5713068083213,-44.93496696004366,1.5359168728025467,2.842170943040401e-14,8.0,31.888096342323884,118.82007106886262,7.95862274749301
450,450.0,526.6061791904909,-43.93557518653249,1.5359168728026036,0.011615487426604565,8.0,31.888105320012933,118.82007143780875,7.951243824986662
451,451.0,526.6410515726604,-42.93618341302131,1.5591478476557559,0.03603628683608817,8.0,31.888114297701982,118.82007180675487,7.943864902480314
452,452.0,526.6294554894132,-41.93743913198957,1.60798944647478,0.037197083862917424,8.0,31.888123269574507,118.82007168406953,7.931605276337517
453,453.0,526.566750964576,-40.93940699695335,1.6335420153815907,0.012776284453377085,8.0,31.888132235049717,118.82007102066228,7.913977597807302
454,454.0,526.5040464397389,-39.94137486191713,1.633542015381534,-2.8310687127941492e-14,8.0,31.888141200524927,118.82007035725502,7.896349919277088
455,455.0,526.4413419149018,-38.94334272688092,1.633542015381534,2.8310687127941492e-14,8.0,31.888150166000138,118.82006969384777,7.878722240746873
456,456.0,526.3786373900647,-37.9453105918447,1.6335420153815907,2.8310687127941492e-14,8.0,31.888159131475344,118.82006903044051,7.861094562216659
457,457.0,526.3159328652275,-36.94727845680848,1.6335420153815907,-2.8310687127941492e-14,8.0,31.888168096950555,118.82006836703326,7.843466883686443
458,458.0,526.2532283403904,-35.949246321772264,1.633542015381534,-2.8310687127941492e-14,8.0,31.888177062425765,118.820067703626,7.825839205156229
459,459.0,526.1905238155533,-34.95121418673605,1.633542015381534,2.8310687127941492e-14,8.0,31.888186027900975,118.82006704021875,7.808211526626015
460,460.0,526.1278192907162,-33.953182051699834,1.6335420153815907,2.8310687127941492e-14,8.0,31.88819499337618,118.82006637681148,7.7905838480958
461,461.0,526.065114765879,-32.955149916663615,1.6335420153815907,-2.8310687127941492e-14,8.0,31.888203958851392,118.82006571340423,7.772956169565585
462,462.0,526.0024102410418,-31.9571177816274,1.633542015381534,-2.8310687127941492e-14,8.0,31.888212924326602,118.82006504999697,7.75532849103537
463,463.0,525.9397057162048,-30.959085646591184,1.633542015381534,2.8310687127941492e-14,8.0,31.888221889801812,118.82006438658972,7.737700812505156
464,464.0,525.8770011913676,-29.961053511554965,1.6335420153815907,2.8310687127941492e-14,8.0,31.888230855277023,118.82006372318246,7.7200731339749415
465,465.0,525.8142966665305,-28.963021376518746,1.6335420153815907,-2.8310687127941492e-14,8.0,31.88823982075223,118.82006305977521,7.702445455444726
466,466.0,525.7515921416933,-27.96498924148253,1.633542015381534,-2.8310687127941492e-14,8.0,31.88824878622744,118.82006239636794,7.684817776914512
467,467.0,525.6888876168563,-26.966957106446316,1.633542015381534,2.8310687127941492e-14,8.0,31.88825775170265,118.8200617329607,7.667190098384297
468,468.0,525.6261830920191,-25.968924971410097,1.6335420153815907,2.8310687127941492e-14,8.0,31.88826671717786,118.82006106955343,7.649562419854083
469,469.0,525.563478567182,-24.970892836373878,1.6335420153815907,-2.8310687127941492e-14,8.0,31.888275682653067,118.82006040614617,7.631934741323868
470,470.0,525.5007740423448,-23.972860701337662,1.633542015381534,-2.8310687127941492e-14,8.0,31.888284648128277,118.82005974273892,7.614307062793653
471,471.0,525.4380695175078,-22.974828566301444,1.633542015381534,2.8310687127941492e-14,8.0,31.888293613603487,118.82005907933166,7.596679384263439
472,472.0,525.3753649926706,-21.976796431265228,1.6335420153815907,2.8310687127941492e-14,8.0,31.888302579078697,118.82005841592441,7.579051705733224
473,473.0,525.3126604678334,-20.97876429622901,1.6335420153815907,0.0,8.0,31.888311544553908,118.82005775251714,7.561424027203009
474,474.0,525.2499559429963,-19.980732161192794,1.6335420153815907,-2.8310687127941492e-14,8.0,31.888320510029114,118.8200570891099,7.543796348672795
475,475.0,525.1872514181591,-18.982700026156575,1.633542015381534,-2.8310687127941492e-14,8.0,31.888329475504325,118.82005642570263,7.52616867014258
476,476.0,525.1245468933221,-17.98466789112036,1.633542015381534,2.8310687127941492e-14,8.0,31.888338440979535,118.82005576229538,7.5085409916123655
477,477.0,525.0618423684849,-16.98663575608414,1.6335420153815907,2.8310687127941492e-14,8.0,31.888347406454745,118.82005509888812,7.49091331308215
478,478.0,524.9991378436478,-15.988603621047925,1.6335420153815907,-2.8310687127941492e-14,8.0,31.88835637192995,118.82005443548087,7.473285634551936
479,479.0,524.9364333188106,-14.990571486011707,1.633542015381534,-2.8310687127941492e-14,8.0,31.888365337405162,118.8200537720736,7.455657956021722
480,480.0,524.8737287939736,-13.992539350975491,1.633542015381534,2.8310687127941492e-14,8.0,31.888374302880372,118.82005310866636,7.438030277491507
481,481.0,524.8110242691364,-12.994507215939272,1.6335420153815907,2.8310687127941492e-14,8.0,31.888383268355582,118.8200524452591,7.420402598961292
482,482.0,524.7483197442992,-11.996475080903057,1.6335420153815907,-2.8310687127941492e-14,8.0,31.888392233830793,118.82005178185184,7.402774920431077
483,483.0,524.6856152194621,-10.998442945866838,1.633542015381534,-2.8310687127941492e-14,8.0,31.888401199306,118.82005111844458,7.385147241900863
484,484.0,524.622910694625,-10.000410810830623,1.633542015381534,2.8310687127941492e-14,8.0,31.88841016478121,118.82005045503733,7.3675195633706485
485,485.0,524.5602061697879,-9.002378675794404,1.6335420153815907,2.842170943040401e-14,8.0,31.88841913025642,118.82004979163007,7.349891884840433
486,486.0,524.4975016449507,-8.004346540758185,1.633542015381591,-2.8310687127941492e-14,8.0,31.88842809573163,118.82004912822282,7.332264206310219
487,487.0,524.4347971201136,-7.006314405721973,1.633542015381534,-2.853273173286652e-14,8.0,31.888437061206837,118.82004846481556,7.314636527780004
488,488.0,524.3720925952765,-6.008282270685754,1.6335420153815339,2.8310687127941492e-14,8.0,31.888446026682047,118.82004780140831,7.2970088492497895
489,489.0,524.3093880704394,-5.010250135649535,1.6335420153815907,2.853273173286652e-14,8.0,31.888454992157257,118.82004713800104,7.279381170719575
490,490.0,524.2466835456022,-4.012218000613316,1.633542015381591,-2.8310687127941492e-14,8.0,31.888463957632467,118.8200464745938,7.26175349218936
491,491.0,524.183979020765,-3.0141858655771046,1.633542015381534,-2.853273173286652e-14,8.0,31.888472923107678,118.82004581118653,7.244125813659146
492,492.0,524.121274495928,-2.0161537305408856,1.6335420153815339,2.8310687127941492e-14,8.0,31.888481888582884,118.82004514777928,7.226498135128931
493,493.0,524.0585699710908,-1.0181215955046667,1.6335420153815907,2.853273173286652e-14,8.0,31.888490854058094,118.82004448437202,7.208870456598716
494,494.0,523.9958654462537,-0.02008946046844784,1.633542015381591,-2.8310687127941492e-14,8.0,31.888499819533305,118.82004382096477,7.191242778068502
495,495.0,523.9331609214165,0.977942674567764,1.633542015381534,-2.853273173286652e-14,8.0,31.888508785008515,118.8200431575575,7.173615099538287
496,496.0,523.8704563965795,1.9759748096039829,1.6335420153815339,2.8310687127941492e-14,8.0,31.88851775048372,118.82004249415026,7.1559874210080725
497,497.0,523.8077518717423,2.9740069446402018,1.6335420153815907,2.853273173286652e-14,8.0,31.888526715958932,118.820041830743,7.138359742477857
498,498.0,523.7450473469052,3.9720390796764207,1.633542015381591,1.1102230246251565e-16,8.0,31.888535681434142,118.82004116733575,7.120732063947643
499,499.0,523.682342822068,4.9700712147126325,1.633542015381591,-2.853273173286652e-14,8.0,31.888544646909352,118.82004050392848,7.103104385417429
500,500.0,523.6196382972308,5.968103349748851,1.6335420153815339,-2.853273173286652e-14,8.0,31.888553612384563,118.82003984052123,7.0854767068872135
501,501.0,523.5569337723938,6.96613548478507,1.6335420153815339,2.853273173286652e-14,8.0,31.88856257785977,118.82003917711397,7.067849028356999
502,502.0,523.4942292475566,7.964167619821289,1.633542015381591,2.853273173286652e-14,8.0,31.88857154333498,118.82003851370672,7.050221349826784
503,503.0,523.4315247227195,8.962199754857501,1.633542015381591,0.0015504345421387677,8.0,31.88858050881019,118.82003785029946,7.03259367129657
504,504.0,523.3688201978823,9.96023188989372,1.6366428844658685,0.0037089722422878335,8.0,31.8885894742854,118.8200371868922,7.014965992766355
505,505.0,523.299927880877,10.95784843136618,1.6409599598661666,0.0027666245774905507,8.0,31.888598436027266,118.82003645801876,7.010338738277285
506,506.0,523.2286086728778,11.955301974429899,1.6421761336208496,0.0006080868773414849,8.0,31.8886073963049,118.82003570346906,7.010810331836721
507,507.0,523.1572894648785,12.952755517493618,1.6421761336208496,-2.842170943040401e-14,8.0,31.888616356582528,118.82003494891937,7.011281925396158
508,508.0,523.0859702568794,13.950209060557338,1.6421761336207927,-1.1102230246251565e-16,8.0,31.888625316860157,118.82003419436967,7.0117535189555955
509,509.0,523.0146510488802,14.947662603621058,1.6421761336208494,2.842170943040401e-14,8.0,31.888634277137786,118.82003343981998,7.012225112515032
510,510.0,522.9433318408809,15.945116146684779,1.6421761336208496,-2.8199664825478976e-14,8.0,31.888643237415415,118.82003268527028,7.012696706074469
511,511.0,522.8720126328817,16.942569689748495,1.642176133620793,-2.842170943040401e-14,8.0,31.888652197693045,118.82003193072059,7.013168299633906
512,512.0,522.8006934248825,17.940023232812216,1.6421761336207927,2.8199664825478976e-14,8.0,31.888661157970674,118.82003117617089,7.013639893193343
513,513.0,522.7293742168833,18.937476775875936,1.6421761336208494,2.8310687127941492e-14,8.0,31.888670118248303,118.8200304216212,7.01411148675278
514,514.0,522.658055008884,19.934930318939657,1.6421761336208494,-2.8310687127941492e-14,8.0,31.888679078525932,118.8200296670715,7.014583080312217
515,515.0,522.5867358008849,20.932383862003377,1.6421761336207927,-2.8199664825478976e-14,8.0,31.88868803880356,118.8200289125218,7.015054673871655
516,516.0,522.5154165928857,21.929837405067097,1.642176133620793,2.842170943040401e-14,8.0,31.88869699908119,118.8200281579721,7.015526267431091
517,517.0,522.4440973848865,22.927290948130814,1.6421761336208496,2.8310687127941492e-14,8.0,31.88870595935882,118.82002740342242,7.015997860990528
518,518.0,522.3727781768872,23.924744491194534,1.6421761336208496,-2.8310687127941492e-14,8.0,31.88871491963645,118.82002664887271,7.0164694545499655
519,519.0,522.301458968888,24.92219803425825,1.642176133620793,-2.842170943040401e-14,8.0,31.888723879914078,118.82002589432302,7.016941048109402
520,520.0,522.2301397608888,25.91965157732197,1.6421761336207927,2.8199664825478976e-14,8.0,31.888732840191707,118.82002513977332,7.017412641668839
521,521.0,522.1588205528897,26.917105120385692,1.6421761336208494,2.8310687127941492e-14,8.0,31.888741800469337,118.82002438522363,7.017884235228276
522,522.0,522.0875013448904,27.914558663449412,1.6421761336208494,-2.8310687127941492e-14,8.0,31.888750760746966,118.82002363067394,7.018355828787713
523,523.0,522.0161821368912,28.912012206513133,1.6421761336207927,-2.8199664825478976e-14,8.0,31.888759721024595,118.82002287612424,7.01882742234715
524,524.0,521.944862928892,29.909465749576853,1.642176133620793,2.842170943040401e-14,8.0,31.888768681302224,118.82002212157455,7.019299015906587
525,525.0,521.8735437208928,30.90691929264057,1.6421761336208496,2.8310687127941492e-14,8.0,31.888777641579853,118.82002136702485,7.019770609466024
526,526.0,521.8022245128935,31.90437283570429,1.6421761336208496,-2.842170943040401e-14,8.0,31.888786601857483,118.82002061247516,7.020242203025461
527,527.0,521.7309053048943,32.90182637876801,1.6421761336207927,-2.842170943040401e-14,8.0,31.888795562135112,118.82001985792546,7.020713796584898
528,528.0,521.6595860968952,33.899279921831734,1.6421761336207927,2.853273173286652e-14,8.0,31.88880452241274,118.82001910337577,7.021185390144335
529,529.0,521.588266888896,34.89673346489545,1.6421761336208498,2.8310687127941492e-14,8.0,31.88881348269037,118.82001834882607,7.021656983703772
530,530.0,521.5169476808967,35.89418700795917,1.6421761336208494,-2.853273173286652e-14,8.0,31.888822442968,118.82001759427638,7.022128577263209
531,531.0,521.4456284728975,36.89164055102289,1.6421761336207927,0.0,8.0,31.88883140324563,118.82001683972668,7.0226001708226455
532,532.0,521.3743092648983,37.88909409408661,1.6421761336208494,2.853273173286652e-14,8.0,31.888840363523258,118.82001608517699,7.023071764382083
533,533.0,521.302990056899,38.88654763715033,1.6421761336208498,-2.8310687127941492e-14,8.0,31.888849323800887,118.82001533062729,7.02354335794152
534,534.0,521.2316708488999,39.88400118021404,1.6421761336207927,-2.853273173286652e-14,8.0,31.888858284078516,118.8200145760776,7.0240149515009564
535,535.0,521.1603516409007,40.88145472327777,1.6421761336207927,2.8310687127941492e-14,8.0,31.888867244356145,118.8200138215279,7.024486545060394
536,536.0,521.0890324329015,41.87890826634148,1.6421761336208494,2.8310687127941492e-14,8.0,31.888876204633775,118.8200130669782,7.024958138619831
537,537.0,521.0177132249022,42.87636180940521,1.6421761336208494,-2.8310687127941492e-14,8.0,31.888885164911404,118.8200123124285,7.025429732179267
538,538.0,520.946394016903,43.873815352468924,1.6421761336207927,-2.8310687127941492e-14,8.0,31.888894125189033,118.82001155787881,7.025901325738705
539,539.0,520.8750748089038,44.87126889553265,1.6421761336207927,2.864375403532904e-14,8.0,31.888903085466662,118.82001080332911,7.026372919298142
540,540.0,520.8037556009047,45.868722438596365,1.64217613362085,2.8310687127941492e-14,8.0,31.88891204574429,118.82001004877942,7.026844512857578
541,541.0,520.7324363929054,46.86617598166008,1.6421761336208494,-2.864375403532904e-14,8.0,31.88892100602192,118.82000929422973,7.0273161064170155
542,542.0,520.6611171849062,47.863629524723805,1.6421761336207927,-2.8310687127941492e-14,8.0,31.888929966299553,118.82000853968003,7.027787699976453
543,543.0,520.589797976907,48.86108306778752,1.6421761336207927,2.8310687127941492e-14,8.0,31.888938926577183,118.82000778513034,7.02825929353589
544,544.0,520.5184787689078,49.858536610851246,1.6421761336208494,2.8310687127941492e-14,8.0,31.88894788685481,118.82000703058064,7.0287308870953265
545,545.0,520.4471595609085,50.85599015391496,1.6421761336208494,0.09028297652903017,8.0,31.88895684713244,118.82000627603095,7.029202480654764
546,546.0,520.3758403529093,51.85344369697869,1.8227420866789097,0.5413670038367081,8.0,31.88896580741007,118.82000552148125,7.029674074214201
547,547.0,520.018390756161,52.52165782832064,2.7249101412942656,0.693674967726676,8.0,31.88897181007974,118.82000173970223,7.031899202577775
548,548.0,519.0207359206998,52.4532120155847,-3.073093285047325,0.2425909404189981,8.0,31.888971195220545,118.81999118461935,7.038047794551007
549,549.0,518.0230810852388,52.38476620284876,-3.073093285047325,1.7763568394002505e-15,8.0,31.888970580361345,118.81998062953646,7.044196386524238
550,550.0,517.0254262497776,52.316320390112814,-3.0730932850473214,1.7763568394002505e-15,8.0,31.88896996550215,118.81997007445358,7.050344978497469
551,551.0,516.0277714143166,52.24787457737687,-3.0730932850473214,0.0,8.0,31.888969350642952,118.81995951937068,7.0564935704707
552,552.0,515.0301165788554,52.179428764640924,-3.0730932850473214,0.0,8.0,31.888968735783756,118.8199489642878,7.062642162443931
553,553.0,514.0324617433944,52.11098295190498,-3.0730932850473214,0.0,8.0,31.88896812092456,118.81993840920491,7.068790754417162
554,554.0,513.0348069079332,52.042537139169035,-3.0730932850473214,1.1102230246251565e-15,8.0,31.88896750606536,118.81992785412203,7.074939346390393
555,555.0,512.0371520724722,51.97409132643309,-3.073093285047319,1.7278661623709723e-06,8.0,31.888966891206163,118.81991729903915,7.081087938363624
556,556.0,511.03949723701106,51.905645513697145,-3.0730898293149966,1.814082976636655e-05,8.0,31.888966276346967,118.81990674395625,7.087236530336855
557,557.0,510.48607648144036,51.86767175287668,-3.0730570033877864,2.3789730057455216e-05,8.0,31.88896593522287,118.81990088882306,7.090647771311675
558,558.0,509.4884251404237,51.799175024723375,-3.0730422498548817,7.376766453237593e-06,8.0,31.88896531990629,118.81989033377714,7.096800937092661
559,559.0,508.49077379940707,51.730678296570076,-3.07304224985488,8.881784197001252e-16,8.0,31.888964704589714,118.81987977873122,7.102954102873647
560,560.0,507.4931224583905,51.66218156841677,-3.07304224985488,-2.6645352591003757e-15,8.0,31.888964089273134,118.8198692236853,7.1091072686546335
561,561.0,506.4954711173738,51.59368484026347,-3.0730422498548853,-8.881784197001252e-16,8.0,31.888963473956558,118.81985866863938,7.115260434435619
562,562.0,505.4978197763572,51.52518811211017,-3.0730422498548817,2.6645352591003757e-15,8.0,31.888962858639978,118.81984811359348,7.121413600216606
563,563.0,504.5001684353405,51.456691383956866,-3.07304224985488,8.881784197001252e-16,8.0,31.8889622433234,118.81983755854756,7.127566765997592
564,564.0,503.50251709432393,51.38819465580357,-3.07304224985488,-8.881784197001252e-16,8.0,31.88896162800682,118.81982700350164,7.133719931778578
565,565.0,502.5048657533073,51.31969792765026,-3.0730422498548817,-2.6645352591003757e-15,8.0,31.888961012690245,118.81981644845573,7.139873097559565
566,566.0,501.50721441229064,51.25120119949696,-3.0730422498548853,0.0,8.0,31.888960397373666,118.81980589340981,7.14602626334055
567,567.0,500.509563071274,51.18270447134366,-3.0730422498548817,2.6645352591003757e-15,8.0,31.88895978205709,118.81979533836389,7.152179429121537
568,568.0,499.51191173025734,51.114207743190356,-3.07304224985488,8.881784197001252e-16,8.0,31.88895916674051,118.81978478331797,7.158332594902523
569,569.0,498.51426038924075,51.04571101503706,-3.07304224985488,-8.881784197001252e-16,8.0,31.888958551423933,118.81977422827205,7.164485760683509
570,570.0,497.5166090482241,50.97721428688375,-3.0730422498548817,-2.6645352591003757e-15,8.0,31.888957936107353,118.81976367322613,7.170638926464496
571,571.0,496.51895770720745,50.90871755873045,-3.0730422498548853,8.881784197001252e-16,8.0,31.888957320790777,118.81975311818023,7.176792092245481
572,572.0,495.5213063661908,50.84022083057715,-3.07304224985488,2.6645352591003757e-15,8.0,31.888956705474197,118.81974256313431,7.182945258026468
573,573.0,494.5236550251742,50.771724102423846,-3.07304224985488,-8.881784197001252e-16,8.0,31.88895609015762,118.8197320080884,7.1890984238074545
574,574.0,493.52600368415756,50.70322737427055,-3.0730422498548817,-8.881784197001252e-16,8.0,31.88895547484104,118.81972145304248,7.19525158958844
575,575.0,492.5283523431409,50.63473064611724,-3.0730422498548817,-1.7763568394002505e-15,8.0,31.888954859524464,118.81971089799656,7.201404755369427
576,576.0,491.53070100212426,50.56623391796394,-3.0730422498548853,8.881784197001252e-16,8.0,31.888954244207884,118.81970034295064,7.207557921150412
577,577.0,490.5330496611076,50.49773718981064,-3.07304224985488,2.6645352591003757e-15,8.0,31.888953628891308,118.81968978790472,7.213711086931399
578,578.0,489.535398320091,50.429240461657336,-3.07304224985488,-8.881784197001252e-16,8.0,31.888953013574728,118.8196792328588,7.2198642527123855
579,579.0,488.53774697907437,50.36074373350404,-3.0730422498548817,-8.881784197001252e-16,8.0,31.88895239825815,118.81966867781288,7.226017418493371
580,580.0,487.5400956380577,50.29224700535073,-3.0730422498548817,-8.881784197001252e-16,8.0,31.88895178294157,118.81965812276698,7.232170584274358
581,581.0,486.5424442970411,50.22375027719743,-3.0730422498548835,8.881784197001252e-16,8.0,31.888951167624995,118.81964756772106,7.2383237500553435
582,582.0,485.5447929560245,50.15525354904413,-3.07304224985488,8.881784197001252e-16,8.0,31.888950552308415,118.81963701267514,7.24447691583633
583,583.0,484.54714161500783,50.08675682089083,-3.0730422498548817,-8.881784197001252e-16,8.0,31.88894993699184,118.81962645762923,7.250630081617317
584,584.0,483.5494902739912,50.01826009273753,-3.0730422498548817,8.881784197001252e-16,8.0,31.88894932167526,118.81961590258331,7.256783247398302
585,585.0,482.55183893297453,49.94976336458422,-3.07304224985488,-8.881784197001252e-16,8.0,31.888948706358683,118.81960534753739,7.262936413179289
586,586.0,481.55418759195794,49.88126663643092,-3.0730422498548835,-8.881784197001252e-16,8.0,31.888948091042103,118.81959479249147,7.2690895789602745
587,587.0,480.5565362509413,49.81276990827762,-3.0730422498548817,8.881784197001252e-16,8.0,31.888947475725526,118.81958423744555,7.275242744741261
588,588.0,479.55888490992464,49.74427318012432,-3.0730422498548817,8.881784197001252e-16,8.0,31.888946860408947,118.81957368239964,7.281395910522247
589,589.0,478.561233568908,49.67577645197102,-3.07304224985488,8.881784197001252e-16,8.0,31.88894624509237,118.81956312735373,7.287549076303233
590,590.0,477.5635822278914,49.60727972381771,-3.07304224985488,-2.6645352591003757e-15,8.0,31.88894562977579,118.81955257230781,7.29370224208422
591,591.0,476.56593088687475,49.53878299566441,-3.0730422498548853,-8.881784197001252e-16,8.0,31.888945014459214,118.8195420172619,7.299855407865206
592,592.0,475.5682795458581,49.47028626751111,-3.0730422498548817,1.7763568394002505e-15,8.0,31.888944399142634,118.81953146221598,7.306008573646192
593,593.0,474.57062820484146,49.40178953935781,-3.0730422498548817,-8.881784197001252e-16,8.0,31.888943783826058,118.81952090717006,7.312161739427178
594,594.0,473.5729768638248,49.33329281120451,-3.0730422498548835,8.881784197001252e-16,8.0,31.888943168509478,118.81951035212414,7.318314905208164
595,595.0,472.5753255228082,49.26479608305121,-3.07304224985488,8.881784197001252e-16,8.0,31.8889425531929,118.81949979707822,7.324468070989151
596,596.0,471.57767418179156,49.1962993548979,-3.0730422498548817,-8.881784197001252e-16,8.0,31.88894193787632,118.8194892420323,7.330621236770137
597,597.0,470.5800228407749,49.127802626744604,-3.0730422498548817,8.881784197001252e-16,8.0,31.888941322559745,118.8194786869864,7.336774402551123
598,598.0,469.58237149975827,49.0593058985913,-3.07304224985488,-8.881784197001252e-16,8.0,31.888940707243165,118.81946813194048,7.342927568332109
599,599.0,468.5847201587417,48.990809170438,-3.0730422498548835,-8.881784197001252e-16,8.0,31.88894009192659,118.81945757689456,7.3490807341130955
600,600.0,467.587068817725,48.9223124422847,-3.0730422498548817,8.881784197001252e-16,8.0,31.88893947661001,118.81944702184865,7.355233899894082
601,601.0,466.5894174767084,48.85381571413139,-3.0730422498548817,0.0,8.0,31.888938861293433,118.81943646680273,7.361387065675068
602,602.0,465.5917661356917,48.785318985978094,-3.0730422498548817,8.881784197001252e-16,8.0,31.888938245976853,118.81942591175681,7.367540231456054
603,603.0,464.5941147946751,48.71682225782479,-3.07304224985488,-8.881784197001252e-16,8.0,31.888937630660276,118.81941535671089,7.37369339723704
604,604.0,463.5964634536585,48.64832552967149,-3.0730422498548835,-8.881784197001252e-16,8.0,31.888937015343696,118.81940480166497,7.3798465630180266
605,605.0,462.59881211264184,48.57982880151819,-3.0730422498548817,1.7763568394002505e-15,8.0,31.88893640002712,118.81939424661905,7.385999728799013
606,606.0,461.6011607716252,48.51133207336488,-3.07304224985488,8.881784197001252e-16,8.0,31.88893578471054,118.81938369157315,7.392152894579999
607,607.0,460.6035094306086,48.442835345211584,-3.07304224985488,-8.881784197001252e-16,8.0,31.888935169393964,118.81937313652723,7.398306060360985
608,608.0,459.60585808959195,48.37433861705828,-3.0730422498548817,-2.6645352591003757e-15,8.0,31.888934554077384,118.81936258148131,7.404459226141971
609,609.0,458.6082067485753,48.30584188890498,-3.0730422498548853,0.0,8.0,31.888933938760808,118.8193520264354,7.410612391922958
610,610.0,457.61055540755865,48.23734516075168,-3.0730422498548817,2.6645352591003757e-15,8.0,31.888933323444228,118.81934147138948,7.416765557703944
611,611.0,456.612904066542,48.168848432598374,-3.07304224985488,8.881784197001252e-16,8.0,31.88893270812765,118.81933091634356,7.42291872348493
612,612.0,455.6152527255254,48.100351704445075,-3.07304224985488,-8.881784197001252e-16,8.0,31.88893209281107,118.81932036129764,7.429071889265916
613,613.0,454.61760138450876,48.03185497629177,-3.0730422498548817,-2.6645352591003757e-15,8.0,31.888931477494495,118.81930980625172,7.435225055046902
614,614.0,453.6199500434921,47.96335824813847,-3.0730422498548853,8.881784197001252e-16,8.0,31.888930862177915,118.8192992512058,7.441378220827889
615,615.0,452.62229870247546,47.89486151998517,-3.07304224985488,2.6645352591003757e-15,8.0,31.88893024686134,118.8192886961599,7.447531386608875
616,616.0,451.62464736145887,47.826364791831864,-3.07304224985488,-2.6645352591003757e-15,8.0,31.88892963154476,118.81927814111398,7.453684552389861
617,617.0,450.6269960204422,47.757868063678565,-3.0730422498548853,-8.881784197001252e-16,8.0,31.888929016228182,118.81926758606807,7.4598377181708475
618,618.0,449.62934467942557,47.689371335525266,-3.0730422498548817,1.7763568394002505e-15,8.0,31.888928400911603,118.81925703102215,7.465990883951833
619,619.0,448.6316933384089,47.62087460737196,-3.0730422498548817,8.881784197001252e-16,8.0,31.888927785595026,118.81924647597623,7.47214404973282
620,620.0,447.6340419973923,47.55237787921866,-3.07304224985488,8.881784197001252e-16,8.0,31.88892717027845,118.81923592093031,7.478297215513805
621,621.0,446.6363906563757,47.483881151065354,-3.07304224985488,-8.881784197001252e-16,8.0,31.88892655496187,118.81922536588439,7.484450381294792
622,622.0,445.63873931535903,47.415384422912055,-3.0730422498548817,-8.881784197001252e-16,8.0,31.888925939645294,118.81921481083847,7.490603547075779
623,623.0,444.6410879743424,47.34688769475875,-3.0730422498548817,-8.881784197001252e-16,8.0,31.888925324328714,118.81920425579256,7.496756712856764
624,624.0,443.64343663332573,47.27839096660545,-3.0730422498548835,8.881784197001252e-16,8.0,31.888924709012137,118.81919370074665,7.502909878637751
625,625.0,442.64578529230914,47.20989423845215,-3.07304224985488,8.881784197001252e-16,8.0,31.888924093695557,118.81918314570073,7.5090630444187365
626,626.0,441.6481339512925,47.141397510298845,-3.0730422498548817,-2.6645352591003757e-15,8.0,31.88892347837898,118.81917259065482,7.515216210199723
627,627.0,440.65048261027584,47.072900782145545,-3.0730422498548853,0.0,8.0,31.8889228630624,118.8191620356089,7.52136937598071
628,628.0,439.6528312692592,47.004404053992246,-3.0730422498548817,2.6645352591003757e-15,8.0,31.888922247745825,118.81915148056298,7.527522541761695
629,629.0,438.65517992824255,46.93590732583894,-3.07304224985488,8.881784197001252e-16,8.0,31.888921632429245,118.81914092551706,7.533675707542682
630,630.0,437.65752858722595,46.86741059768564,-3.07304224985488,-8.881784197001252e-16,8.0,31.88892101711267,118.81913037047114,7.539828873323668
631,631.0,436.6598772462093,46.798913869532335,-3.0730422498548817,0.0,8.0,31.88892040179609,118.81911981542522,7.545982039104654
632,632.0,435.66222590519266,46.730417141379036,-3.07304224985488,8.881784197001252e-16,8.0,31.888919786479512,118.8191092603793,7.552135204885641
633,633.0,434.66457456417606,46.66192041322573,-3.07304224985488,-2.6645352591003757e-15,8.0,31.888919171162932,118.8190987053334,7.558288370666626
634,634.0,433.6669232231594,46.59342368507243,-3.0730422498548853,-8.881784197001252e-16,8.0,31.888918555846356,118.81908815028748,7.564441536447613
635,635.0,432.66927188214277,46.52492695691913,-3.0730422498548817,1.7763568394002505e-15,8.0,31.888917940529776,118.81907759524157,7.570594702228599
636,636.0,431.6716205411261,46.456430228765825,-3.0730422498548817,-1.7763568394002505e-15,8.0,31.8889173252132,118.81906704019565,7.576747868009585
637,637.0,430.67396920010947,46.387933500612526,-3.0730422498548853,8.881784197001252e-16,8.0,31.88891670989662,118.81905648514973,7.582901033790572
638,638.0,429.6763178590928,46.31943677245923,-3.07304224985488,2.6645352591003757e-15,8.0,31.888916094580043,118.81904593010381,7.5890541995715575
639,639.0,428.6786665180762,46.25094004430592,-3.07304224985488,-8.881784197001252e-16,8.0,31.888915479263463,118.8190353750579,7.595207365352544
640,640.0,427.6810151770596,46.18244331615262,-3.0730422498548817,0.0,8.0,31.888914863946887,118.81902482001198,7.60136053113353
641,641.0,426.68336383604293,46.113946587999315,-3.07304224985488,-8.881784197001252e-16,8.0,31.888914248630307,118.81901426496606,7.607513696914516
642,642.0,425.68571249502634,46.045449859846016,-3.0730422498548835,-8.881784197001252e-16,8.0,31.88891363331373,118.81900370992015,7.613666862695503
643,643.0,424.6880611540097,45.97695313169272,-3.0730422498548817,8.881784197001252e-16,8.0,31.88891301799715,118.81899315487424,7.6198200284764885
644,644.0,423.69040981299304,45.90845640353941,-3.0730422498548817,0.0,8.0,31.888912402680575,118.81898259982832,7.625973194257475
645,645.0,422.6927584719764,45.83995967538611,-3.0730422498548817,8.881784197001252e-16,8.0,31.888911787363995,118.8189720447824,7.632126360038461
646,646.0,421.69510713095974,45.771462947232806,-3.07304224985488,-8.881784197001252e-16,8.0,31.88891117204742,118.81896148973648,7.638279525819447
647,647.0,420.69745578994315,45.70296621907951,-3.0730422498548835,-8.881784197001252e-16,8.0,31.88891055673084,118.81895093469056,7.644432691600434
648,648.0,419.6998044489265,45.63446949092621,-3.0730422498548817,8.881784197001252e-16,8.0,31.888909941414262,118.81894037964464,7.65058585738142
649,649.0,418.70215310790985,45.5659727627729,-3.0730422498548817,8.881784197001252e-16,8.0,31.888909326097682,118.81892982459873,7.656739023162406
650,650.0,417.7045017668932,45.4974760346196,-3.07304224985488,8.881784197001252e-16,8.0,31.888908710781106,118.81891926955281,7.662892188943392
651,651.0,416.7068504258766,45.428979306466296,-3.07304224985488,-2.6645352591003757e-15,8.0,31.888908095464526,118.8189087145069,7.669045354724378
652,652.0,415.70919908485996,45.360482578313,-3.0730422498548853,-8.881784197001252e-16,8.0,31.88890748014795,118.81889815946099,7.675198520505365
653,653.0,414.7115477438433,45.2919858501597,-3.0730422498548817,1.7763568394002505e-15,8.0,31.88890686483137,118.81888760441507,7.681351686286351
654,654.0,413.71389640282666,45.22348912200639,-3.0730422498548817,8.881784197001252e-16,8.0,31.888906249514793,118.81887704936915,7.687504852067337
655,655.0,412.71624506181,45.15499239385309,-3.07304224985488,8.881784197001252e-16,8.0,31.888905634198213,118.81886649432323,7.693658017848323
656,656.0,411.7185937207934,45.086495665699786,-3.07304224985488,-2.6645352591003757e-15,8.0,31.888905018881637,118.81885593927731,7.6998111836293095
657,657.0,410.7209423797768,45.01799893754649,-3.0730422498548853,0.0,8.0,31.888904403565057,118.8188453842314,7.705964349410296
658,658.0,409.7232910387601,44.94950220939319,-3.07304224985488,2.6645352591003757e-15,8.0,31.88890378824848,118.81883482918548,7.712117515191282
659,659.0,408.72563969774353,44.88100548123988,-3.07304224985488,-2.6645352591003757e-15,8.0,31.8889031729319,118.81882427413956,7.718270680972268
660,660.0,407.7279883567269,44.81250875308658,-3.0730422498548853,-8.881784197001252e-16,8.0,31.888902557615324,118.81881371909365,7.724423846753254
661,661.0,406.73033701571023,44.744012024933284,-3.0730422498548817,1.7763568394002505e-15,8.0,31.888901942298745,118.81880316404774,7.730577012534241
662,662.0,405.7326856746936,44.67551529677998,-3.0730422498548817,0.0,8.0,31.888901326982168,118.81879260900182,7.736730178315227
663,663.0,404.73503433367694,44.60701856862668,-3.0730422498548817,8.881784197001252e-16,8.0,31.88890071166559,118.8187820539559,7.742883344096213
664,664.0,403.7373829926603,44.53852184047337,-3.07304224985488,8.881784197001252e-16,8.0,31.888900096349012,118.81877149890998,7.749036509877199
665,665.0,402.7397316516437,44.47002511232007,-3.07304224985488,-8.881784197001252e-16,8.0,31.888899481032432,118.81876094386406,7.755189675658185
666,666.0,401.74208031062705,44.40152838416677,-3.0730422498548817,-1.7763568394002505e-15,8.0,31.888898865715856,118.81875038881815,7.761342841439172
667,667.0,400.7444289696104,44.33303165601347,-3.0730422498548835,8.881784197001252e-16,8.0,31.888898250399276,118.81873983377223,7.767496007220158
668,668.0,399.7467776285938,44.26453492786017,-3.07304224985488,8.881784197001252e-16,8.0,31.8888976350827,118.81872927872631,7.773649173001144
669,669.0,398.74912628757716,44.19603819970686,-3.0730422498548817,-2.6645352591003757e-15,8.0,31.88889701976612,118.8187187236804,7.7798023387821305
670,670.0,397.7514749465605,44.12754147155356,-3.0730422498548853,0.0,8.0,31.888896404449543,118.81870816863449,7.785955504563116
671,671.0,396.75382360554386,44.059044743400264,-3.0730422498548817,2.6645352591003757e-15,8.0,31.888895789132963,118.81869761358857,7.792108670344103
672,672.0,395.7561722645272,43.99054801524696,-3.07304224985488,8.881784197001252e-16,8.0,31.888895173816387,118.81868705854265,7.798261836125088
673,673.0,394.7585209235106,43.92205128709366,-3.07304224985488,-8.881784197001252e-16,8.0,31.888894558499807,118.81867650349673,7.804415001906075
674,674.0,393.76086958249397,43.85355455894035,-3.0730422498548817,-8.881784197001252e-16,8.0,31.88889394318323,118.81866594845081,7.8105681676870615
675,675.0,392.7632182414773,43.78505783078705,-3.0730422498548817,8.881784197001252e-16,8.0,31.88889332786665,118.8186553934049,7.816721333468047
676,676.0,391.76556690046067,43.71656110263375,-3.07304224985488,-8.881784197001252e-16,8.0,31.888892712550074,118.81864483835898,7.822874499249034
677,677.0,390.7679155594441,43.64806437448045,-3.0730422498548835,-8.881784197001252e-16,8.0,31.888892097233494,118.81863428331307,7.8290276650300195
678,678.0,389.7702642184274,43.57956764632715,-3.0730422498548817,8.881784197001252e-16,8.0,31.888891481916918,118.81862372826716,7.835180830811006
679,679.0,388.7726128774108,43.51107091817384,-3.0730422498548817,-1.7763568394002505e-15,8.0,31.888890866600338,118.81861317322124,7.841333996591993
680,680.0,387.77496153639413,43.442574190020544,-3.0730422498548853,8.881784197001252e-16,8.0,31.88889025128376,118.81860261817532,7.847487162372978
681,681.0,386.7773101953775,43.374077461867245,-3.07304224985488,2.6645352591003757e-15,8.0,31.888889635967182,118.8185920631294,7.853640328153965
682,682.0,385.7796588543609,43.30558073371394,-3.07304224985488,-2.6645352591003757e-15,8.0,31.888889020650605,118.81858150808348,7.8597934939349505
683,683.0,384.78200751334424,43.23708400556064,-3.0730422498548853,0.0,8.0,31.888888405334026,118.81857095303756,7.865946659715937
684,684.0,383.7843561723276,43.16858727740734,-3.07304224985488,4.440892098500626e-15,8.0,31.88888779001745,118.81856039799165,7.872099825496924
685,685.0,382.786704831311,43.100090549254034,-3.0730422498548764,-8.881784197001252e-16,8.0,31.888887174700873,118.81854984294573,7.878252991277909
686,686.0,381.78905349029435,43.03159382110073,-3.0730422498548817,-4.440892098500626e-15,8.0,31.888886559384293,118.81853928789982,7.884406157058896
687,687.0,380.7914021492777,42.96309709294743,-3.0730422498548853,0.0,8.0,31.888885944067717,118.8185287328539,7.890559322839882
688,688.0,379.79375080826105,42.89460036479413,-3.0730422498548817,1.7763568394002505e-15,8.0,31.888885328751137,118.81851817780799,7.896712488620868
689,689.0,378.7960994672444,42.82610363664082,-3.0730422498548817,-8.881784197001252e-16,8.0,31.88888471343456,118.81850762276207,7.902865654401854
690,690.0,377.79844812622775,42.757606908487524,-3.0730422498548835,8.881784197001252e-16,8.0,31.88888409811798,118.81849706771615,7.90901882018284
691,691.0,376.80079678521116,42.689110180334225,-3.07304224985488,1.7763568394002505e-15,8.0,31.888883482801404,118.81848651267023,7.915171985963827
692,692.0,375.8031454441945,42.62061345218092,-3.07304224985488,-1.7763568394002505e-15,8.0,31.888882867484824,118.81847595762432,7.921325151744813
693,693.0,374.8054941031779,42.55211672402762,-3.0730422498548835,-8.881784197001252e-16,8.0,31.888882252168248,118.8184654025784,7.927478317525799
694,694.0,373.8078427621613,42.48361999587432,-3.0730422498548817,8.881784197001252e-16,8.0,31.888881636851668,118.81845484753248,7.933631483306785
695,695.0,372.8101914211446,42.415123267721015,-3.0730422498548817,0.0,8.0,31.88888102153509,118.81844429248657,7.9397846490877715
696,696.0,371.812540080128,42.346626539567715,-3.0730422498548817,0.0,8.0,31.88888040621851,118.81843373744066,7.945937814868758
697,697.0,370.8148887391113,42.27812981141441,-3.0730422498548817,0.0,8.0,31.888879790901935,118.81842318239474,7.952090980649744
698,698.0,369.8172373980947,42.20963308326111,-3.0730422498548817,8.881784197001252e-16,8.0,31.888879175585355,118.81841262734882,7.95824414643073
699,699.0,368.819586057078,42.141136355107804,-3.07304224985488,-8.881784197001252e-16,8.0,31.88887856026878,118.8184020723029,7.964397312211716
700,700.0,367.82193471606143,42.072639626954505,-3.0730422498548835,0.0,8.0,31.8888779449522,118.81839151725698,7.9705504779927026
701,701.0,366.8242833750448,42.004142898801206,-3.07304224985488,1.7763568394002505e-15,8.0,31.888877329635623,118.81838096221107,7.976703643773689
702,702.0,365.8266320340282,41.9356461706479,-3.07304224985488,-2.6645352591003757e-15,8.0,31.888876714319043,118.81837040716515,7.982856809554675
703,703.0,364.82898069301154,41.8671494424946,-3.0730422498548853,0.05944062085567614,8.0,31.888876099002466,118.81835985211923,7.989009975335661
704,704.0,363.8313293519949,41.7986527143413,-2.9541610081435277,-0.02433092107870305,8.0,31.888875483685887,118.81834929707333,7.995163141116647
705,705.0,363.1158946798475,41.542249323975945,-3.1217040920122914,-0.8239785488744403,8.0,31.888873180375043,118.81834172784998,8.0
706,706.0,363.04457964435545,41.783003330883744,1.6810672012871783,-0.7624080544703288,8.0,31.888875343105084,118.81834097334443,7.998680890800251
707,707.0,362.9787584853614,42.78083476706357,1.6366651062266377,-0.022201047530284512,8.0,31.888884306777385,118.81834027696351,7.964218963196647
708,708.0,362.91293732636746,43.77866620324339,1.6366651062266093,-1.432187701766452e-14,8.0,31.888893270449685,118.8183395805826,7.929757035593043
709,709.0,362.8471161673735,44.77649763942321,1.636665106226609,1.4099832412739488e-14,8.0,31.888902234121986,118.81833888420168,7.895295107989438
710,710.0,362.7812950083795,45.77432907560304,1.6366651062266375,1.432187701766452e-14,8.0,31.888911197794286,118.81833818782077,7.860833180385834
711,711.0,362.7154738493855,46.772160511782864,1.6366651062266377,-1.4210854715202004e-14,8.0,31.88892016146659,118.81833749143985,7.82637125278223
712,712.0,362.6496526903915,47.76999194796269,1.636665106226609,-1.432187701766452e-14,8.0,31.88892912513889,118.81833679505893,7.791909325178626
713,713.0,362.58383153139755,48.76782338414252,1.636665106226609,1.432187701766452e-14,8.0,31.88893808881119,118.81833609867802,7.757447397575021
714,714.0,362.5180103724036,49.76565482032234,1.6366651062266377,1.432187701766452e-14,8.0,31.88894705248349,118.8183354022971,7.722985469971417
715,715.0,362.45218921340955,50.76348625650216,1.6366651062266377,-1.432187701766452e-14,8.0,31.88895601615579,118.81833470591619,7.688523542367813
716,716.0,362.3863680544156,51.761317692681985,1.636665106226609,-1.432187701766452e-14,8.0,31.888964979828096,118.81833400953526,7.654061614764209
717,717.0,362.3205468954216,52.759149128861814,1.636665106226609,1.4210854715202004e-14,8.0,31.888973943500396,118.81833331315435,7.619599687160604
718,718.0,362.25472573642764,53.75698056504164,1.6366651062266375,1.4210854715202004e-14,8.0,31.888982907172696,118.81833261677343,7.585137759557
719,719.0,362.1889045774336,54.75481200122147,1.6366651062266375,-1.4099832412739488e-14,8.0,31.888991870844997,118.81833192039252,7.550675831953396
720,720.0,362.12308341843965,55.75264343740129,1.6366651062266093,-1.4099832412739488e-14,8.0,31.889000834517297,118.8183312240116,7.516213904349792
721,721.0,362.0572622594457,56.75047487358111,1.6366651062266093,1.4210854715202004e-14,8.0,31.889009798189598,118.81833052763068,7.481751976746187
722,722.0,361.9914411004517,57.748306309760935,1.6366651062266377,1.4099832412739488e-14,8.0,31.8890187618619,118.81832983124977,7.447290049142583
723,723.0,361.9256199414577,58.74613774594076,1.6366651062266375,-1.432187701766452e-14,8.0,31.889027725534202,118.81832913486885,7.412828121538979
724,724.0,361.8597987824637,59.74396918212059,1.636665106226609,-1.4210854715202004e-14,8.0,31.889036689206502,118.81832843848794,7.378366193935375
725,725.0,361.79397762346974,60.74180061830041,1.636665106226609,1.4210854715202004e-14,8.0,31.889045652878803,118.81832774210702,7.34390426633177
726,726.0,361.7281564644758,61.73963205448024,1.6366651062266375,1.432187701766452e-14,8.0,31.889054616551103,118.81832704572611,7.309442338728166
727,727.0,361.66233530548175,62.73746349066006,1.6366651062266377,-1.4099832412739488e-14,8.0,31.889063580223404,118.81832634934518,7.274980411124562
728,728.0,361.5965141464878,63.735294926839885,1.6366651062266093,-1.4210854715202004e-14,8.0,31.889072543895708,118.81832565296428,7.240518483520958
729,729.0,361.5306929874938,64.73312636301971,1.6366651062266093,-3.321187769245171e-11,8.0,31.889081507568008,118.81832495658335,7.206056555917353
730,730.0,361.46487182849984,65.73095779919953,1.6366651061601856,-7.133693635807958e-11,8.0,31.88909047124031,118.81832426020244,7.171594628313749
731,731.0,361.3990506696384,66.7287892353881,1.6366651060839355,-4.303846168340897e-11,8.0,31.88909943491261,118.81832356382152,7.137132701064478
732,732.0,361.3332295107966,67.72662067157796,1.6366651060741086,-4.913403017781093e-12,8.0,31.88910839858491,118.81832286744061,7.102670773867639
733,733.0,361.2674083519548,68.72445210776783,1.6366651060741086,1.4432899320127035e-14,8.0,31.88911736225721,118.81832217105969,7.0682088466708
734,734.0,361.201587193113,69.72228354395769,1.6366651060741375,1.4210854715202004e-14,8.0,31.889126325929514,118.81832147467878,7.033746919473963
735,735.0,361.13576603427117,70.72011498014754,1.636665106074137,-1.4432899320127035e-14,8.0,31.889135289601814,118.81832077829786,6.999284992277124
736,736.0,361.06994487542937,71.71794641633741,1.6366651060741086,-1.4210854715202004e-14,8.0,31.889144253274115,118.81832008191695,6.964823065080285
737,737.0,361.00412371658757,72.71577785252727,1.6366651060741086,0.0,8.0,31.889153216946415,118.81831938553603,6.930361137883446
738,738.0,360.93830255774577,73.71360928871714,1.6366651060741086,0.0,8.0,31.889162180618715,118.81831868915512,6.895899210686609
739,739.0,360.872481398904,74.71144072490699,1.6366651060741086,0.0,7.945982035210589,31.889171144291016,118.8183179927742,6.86143728348977
740,740.0,360.8066602400622,75.70927216109686,1.6366651060741086,2.220446049250313e-16,7.831898269505894,31.88918010796332,118.81831729639329,6.826975356292931
741,741.0,360.7408390812204,76.70710359728672,1.636665106074109,0.0,7.716127947610084,31.88918907163562,118.81831660001237,6.792513429096093
742,742.0,360.6750179223786,77.70493503347657,1.6366651060741086,-2.220446049250313e-16,7.598593982039665,31.88919803530792,118.81831590363146,6.758051501899255
743,743.0,360.6091967635368,78.70276646966644,1.6366651060741086,0.0,7.479213227598836,31.88920699898022,118.81831520725054,6.723589574702416
744,744.0,360.543375604695,79.7005979058563,1.6366651060741086,0.0,7.357895793220329,31.88921596265252,118.81831451086963,6.689127647505578
745,745.0,360.4775544458532,80.69842934204617,1.6366651060741086,0.0,7.234544249908864,31.88922492632482,118.8183138144887,6.654665720308739
746,746.0,360.4117332870114,81.69626077823602,1.6366651060741086,0.0,7.109052714946585,31.889233889997126,118.8183131181078,6.620203793111901
747,747.0,360.3459121281696,82.6940922144259,1.6366651060741086,2.220446049250313e-16,6.981305787880188,31.889242853669426,118.81831242172687,6.585741865915063
748,748.0,360.2800909693278,83.69192365061575,1.636665106074109,0.0,6.85117730787121,31.889251817341727,118.81831172534596,6.551279938718224
749,749.0,360.214269810486,84.6897550868056,1.6366651060741086,-2.220446049250313e-16,6.718528894325707,31.889260781014027,118.81831102896504,6.516818011521385
750,750.0,360.1484486516442,85.68758652299547,1.6366651060741086,2.220446049250313e-16,6.583208222735281,31.889269744686327,118.81831033258413,6.482356084324547
751,751.0,360.0826274928024,86.68541795918533,1.636665106074109,0.0,6.445046974529309,31.889278708358628,118.81830963620321,6.447894157127709
752,752.0,360.0168063339606,87.68324939537519,1.6366651060741086,-4.440892098500626e-16,6.303858382283775,31.88928767203093,118.8183089398223,6.41343222993087
753,753.0,359.9509851751188,88.68108083156505,1.6366651060741082,0.0,6.15943426816858,31.889296635703232,118.81830824344138,6.378970302734032
754,754.0,359.885164016277,89.67891226775492,1.6366651060741086,4.440892098500626e-16,6.0115414415846296,31.889305599375533,118.81830754706047,6.344508375537194
755,755.0,359.8193428574352,90.67674370394478,1.636665106074109,0.0,5.859917277904989,31.889314563047833,118.81830685067955,6.310046448340355
756,756.0,359.7535216985934,91.67457514013464,1.6366651060741086,-2.220446049250313e-16,5.704264238610393,31.889323526720133,118.81830615429864,6.275584521143516
757,757.0,359.6877005397516,92.6724065763245,1.6366651060741086,2.220446049250313e-16,5.544243005486809,31.889332490392434,118.81830545791772,6.241122593946678
758,758.0,359.6218793809098,93.67023801251436,1.636665106074109,0.0,5.379463774753893,31.889341454064738,118.81830476153681,6.20666066674984
759,759.0,359.556058222068,94.66806944870422,1.6366651060741086,-4.440892098500626e-16,5.209475069898061,31.889350417737038,118.81830406515589,6.172198739553001
760,760.0,359.4902370632262,95.66590088489409,1.6366651060741082,0.00875407665720962,5.033749149877197,31.88935938140934,118.81830336877498,6.137736812356163
761,761.0,359.4244159043844,96.66373232108396,1.6541732593885279,0.4028050035246912,4.851662653553873,31.88936834508164,118.81830267239405,6.103274885159324
762,762.0,359.32644344237997,97.62584221403235,2.4422751131234905,0.7633287632424174,4.662470429277746,31.88937698786186,118.81830163585575,6.070121381418252
763,763.0,358.32721315912823,97.58661414968134,-3.102354521306224,0.3692778363749365,4.465269365210727,31.88937663547016,118.81829106410478,6.073645298404028
764,764.0,357.32798287587656,97.54738608533033,-3.102354521306223,0.0,4.258947112126354,31.889376283078462,118.81828049235384,6.077169215389803
765,765.0,356.3287525926249,97.50815802097932,-3.102354521306224,-4.440892098500626e-16,4.04210718609606,31.889375930686764,118.81826992060287,6.080693132375579
766,766.0,355.32952230937315,97.46892995662832,-3.102354521306224,0.0010699614723412854,3.8129556126303656,31.889375578295066,118.81825934885191,6.084217049361356
767,767.0,354.33029202612147,97.42970189227731,-3.1002145983615415,0.0040508950824791334,3.5691218112988814,31.889375225903365,118.81824877710096,6.087740966347131
768,768.0,353.3312551270942,97.38619832526854,-3.0942527311412658,0.0048918569881646334,3.3073600505371967,31.889374835104174,118.81823820739598,6.090824479133531
769,769.0,352.33256360495625,97.3350588726919,-3.090430884385212,0.0019109233780267854,3.0230167885556654,31.889374375710656,118.81822764134506,6.093121446725309
770,770.0,351.33387208281835,97.28391942011528,-3.090430884385212,3.1199416348215436e-06,2.7089906799192587,31.889373916317137,118.81821707529414,6.095418414317087
771,771.0,350.3351805606804,97.23277996753865,-3.0904246445019425,0.0005834196196883301,2.353429519634996,31.889373456923618,118.81820650924323,6.097715381908865
772,772.0,349.33648969121595,97.18162805226578,-3.0892640451458355,0.0011574794061182114,1.933553853371922,31.889372997418146,118.8181959431992,6.1000258185444185
773,773.0,348.3379195642575,97.12817057808114,-3.088109685689706,0.0005771797280542668,1.3923471204729831,31.889372517201483,118.81818537843263,6.104827985167028
774,774.0,347.339349437299,97.07471310389649,-3.088109685689727,-3.410605131648481e-13,0.3723311750168228,31.889372036984824,118.81817481366606,6.109630151789637
775,774.0770169466052,347.2624426151495,97.07059597246156,-3.0881096856897545,-3.5749964422551343e-13,0.0,31.889372,118.818174,6.11
