time,x,y,yaw,speed,acceleration,steer,beta,yaw_rate,target_index,lateral_error,heading_error,curvature,normal_accel,target_speed
0.0,621.7453313895926,-342.3074341888842,2.905776985419091,0.0,2.0,0.41425224487221485,0.21640536903939173,0.0,0,0.0,0.0,0.1570062903200875,0.0,8.0
0.1,621.7453313895926,-342.3074341888842,2.905776985419091,0.2,2.0,0.38990299665220923,0.2026503321046693,0.03220258110687553,0,0.0,0.0,0.1570062903200875,0.006280251612803501,8.0
0.2,621.7253423879796,-342.3067710037557,2.908997243529779,0.4,2.0,0.3777104227204338,0.1958375313840289,0.062268200038150326,0,0.004025322638342944,0.0032202581106877126,0.1570062903200875,0.025121006451214005,8.0
0.30000000000000004,621.6853694077699,-342.30530101968696,2.9152240635335938,0.6000000000000001,2.0,0.35157138137794114,0.18138924500767908,0.08659017607730418,0,0.011935155187158862,0.009447078114502627,0.1570062903200875,0.05652226451523152,8.0
0.4,621.6254300917823,-342.3026031688878,2.9238830811413243,0.8,2.0,0.3160951099442382,0.16209585697117607,0.10328764311788859,0,0.02331596128804861,0.018106095722233206,0.1570062903200875,0.10048402580485602,8.0
0.5,621.545553775313,-342.2981563647196,2.934211845453113,1.0,2.0,0.27466653951710096,0.13997296318135755,0.11161307384234481,0,0.037654222060658105,0.02843486003402207,0.1570062903200875,0.1570062903200875,8.0
0.6,621.445780880178,-342.29142068388023,2.9453731528373477,1.2,2.0,0.23048103196583639,0.11679147659185858,0.11186510093857395,0,0.05441551307103615,0.039596167418256556,0.1570062903200875,0.226089058060926,8.0
0.7,621.3261592098756,-342.281899339748,2.956559662931205,1.4,2.0,0.5540701999056068,0.30002141791728654,0.3310055480608366,1,0.13241991236308748,-0.10622361280797366,0.14110406301239475,0.2765639635042937,8.0
0.7999999999999999,621.1870837541702,-342.2979622666399,2.989660217737289,1.5999999999999999,2.0,0.366029654563603,0.18935519172482576,0.2409288336661264,1,0.15938209022497665,-0.07312305800188978,0.14110406301239475,0.3612264013117305,8.0
0.8999999999999999,621.0271957781081,-342.3039485100994,3.0137531011039016,1.7999999999999998,2.0,0.31834463078829456,0.16330915657388778,0.2341212739185751,1,0.17793738561640549,-0.049030174635277035,0.14110406301239475,0.4571771641601589,8.0
0.9999999999999999,620.8473089945909,-342.3103317001978,3.037165228495759,1.9999999999999998,2.0,0.2408138995162898,0.12217816738473465,0.19499907997900476,1,0.1984628581649544,-0.02561804724341954,0.14110406301239475,0.5644162520495789,8.0
1.0999999999999999,620.6473405026487,-342.31388166222354,3.0566651364936597,2.1999999999999997,2.0,0.1858764011681717,0.09374793292475575,0.1647547848975497,1,0.21774488575633252,-0.006118139245518961,0.14110406301239475,0.6829436649799905,8.0
1.2,620.4273490605641,-342.3158221285443,3.073140614983415,2.4,2.0,0.3486341231406177,0.17977849201974164,0.3433183484279301,2,0.16965584139227266,-0.11484449646046535,0.06260091785235233,0.36058128682954943,8.0
1.3,620.188834754698,-342.34248532222426,3.107472449826208,2.6,2.0,0.181137106615885,0.091317587108347,0.1896767085900672,2,0.18522905106536663,-0.08051266161767234,0.06260091785235233,0.4231822046819018,8.0
1.4000000000000001,619.9292599390477,-342.3573485345324,3.1264401206852144,2.8000000000000003,2.0,0.17291185412593962,0.08710700970598866,0.19487304594918062,2,0.1880382770310393,-0.06154499075866582,0.06260091785235233,0.4907911959624424,8.0
1.5000000000000002,619.649984468908,-342.3774784073148,-3.137257881899454,3.0000000000000004,2.0,0.11094651143438979,0.055644489073296624,0.1334778674279623,2,0.19519486290462576,-0.04205768616374783,0.06260091785235233,0.5634082606711712,8.0
1.6000000000000003,619.3505239339095,-342.3954613986797,-3.1239100951566576,3.2000000000000006,2.0,-0.11960594905761236,-0.06001762055722619,-0.1535528840188721,3,0.1992707783716196,-0.028709899420954255,1.3322676295501878e-15,1.364242052659393e-14,8.0
1.7000000000000004,619.0308106522805,-342.38191822512175,-3.139265383558545,3.400000000000001,2.0,0.03916616426522119,0.019590595068825847,0.053283010174279964,3,0.17091521138966365,-0.04406518782284152,1.3322676295501878e-15,1.540101379760018e-14,8.0
1.8000000000000005,618.690892315789,-342.3893697026163,-3.133937082541117,3.600000000000001,2.0,-0.025356806883176514,-0.01268044172004447,-0.0365186934733235,3,0.16259468058557702,-0.03873688680541365,1.3322676295501878e-15,1.7266188478970442e-14,8.0
1.9000000000000006,618.330896860658,-342.3875607567871,-3.1375889518884494,3.800000000000001,2.0,0.029775497672704536,0.01489104936391937,0.04526711707599504,4,0.14409259728640134,-0.042388756152746065,0.0,0.0,8.0
2.0000000000000004,617.9509646908473,-342.39474033497527,-3.13306224018085,4.000000000000001,2.0,0.003903131603440196,0.0019515732344996361,0.00624503038622031,4,0.13364478546278682,-0.037862044445146736,0.0,0.0,8.0
2.1000000000000005,617.5509866650549,-342.3989330528546,-3.132437737142228,4.200000000000001,2.0,0.026316287615042032,0.013160422360238603,0.04421774270996718,4,0.1192836840312971,-0.03723754140652469,0.0,0.0,8.0
2.2000000000000006,617.131091235328,-342.4083047173006,-3.128015962871231,4.400000000000001,2.0,0.011684019613029286,0.005842209195731299,0.020564459386181767,5,0.10917227104186066,-0.03281576713552781,-1.3322676295501878e-15,-2.579270130809165e-14,8.0
2.3000000000000007,616.6911741933293,-342.41684849627177,-3.125959516932613,4.600000000000001,2.0,0.02216096644786567,0.011081843820668248,0.04078035056089755,5,0.09730534467936547,-0.030759321196909717,-1.3322676295501878e-15,-2.8190783041281996e-14,8.0
2.400000000000001,616.2313383323087,-342.42913592560024,-3.1218814818765233,4.800000000000002,2.0,0.011854921017102893,0.0059276687759376315,0.022762114799340694,6,0.08825428921213242,-0.026681286140817218,-1.3322676295501878e-15,-3.069544618483635e-14,8.0
2.500000000000001,615.7514960877007,-342.44144122078376,-3.119605270396589,5.000000000000002,2.0,0.017766202376000562,0.008883802204271145,0.03553474140098321,6,0.07829326796922954,-0.02440507466088304,-1.3322676295501878e-15,-3.330669073875472e-14,8.0
2.600000000000001,615.2517343263011,-342.4568743618353,-3.1160517962564906,5.200000000000002,2.0,0.009574761224906993,0.0047874903370073675,0.01991588372285987,7,0.07053294333951551,-0.020851600520784608,1.3322676295501878e-15,3.6024516703037107e-14,8.0
2.700000000000001,614.7319734582254,-342.4726426850577,-3.114060207884205,5.400000000000002,2.0,0.013908548354457591,0.006954610515610873,0.03004367524096473,7,0.06217996531028945,-0.01886001214849875,1.3322676295501878e-15,3.8848924077683505e-14,8.0
2.800000000000001,614.1922945528015,-342.4912620040686,-3.1110558403601085,5.600000000000002,2.0,0.006792748225593084,0.003396413291636766,0.015215902292340648,8,0.055751200298410936,-0.01585564462440514,1.3322676295501878e-15,4.177991286269392e-14,8.0
2.9000000000000012,613.6326169317472,-342.5102609643279,-3.1095342501308743,5.8000000000000025,2.0,0.010939166814234994,0.00546974704194416,0.025379499722972414,8,0.04877421126448224,-0.014334054395170881,1.3322676295501878e-15,4.481748305806836e-14,8.0
3.0000000000000013,613.0530253088184,-342.5320221828332,-3.106996300158577,6.000000000000003,2.0,0.004140449024481934,0.0020702333849083442,0.009937113149366834,9,0.043632980329745885,-0.011796104422873821,0.0,0.0,8.0
3.1000000000000014,612.4534285952092,-342.5540172056568,-3.1060025888436407,6.200000000000003,1.979999999999997,0.008948808851704432,0.004474494006542041,0.022193416216187176,10,0.03779754970602742,-0.010802393107937291,0.0,0.0,8.0
3.2000000000000015,611.8339261310006,-342.57885058721064,-3.103783247222022,6.398000000000002,1.7621999999999975,0.0016752641728635521,0.0008376326741379054,0.004287338577954262,10,0.033874278446108914,-0.00858305148631855,0.0,0.0,8.0
3.3000000000000016,611.1946038721347,-342.6035708080565,-3.1033545133642266,6.574220000000002,1.5683579999999977,0.007945692087862062,0.0039729087503588886,0.020894965964022134,11,0.028918809038107632,-0.008154317628523255,-1.3322676295501878e-15,-5.758109803419846e-14,8.0
3.4000000000000017,610.5377674734477,-342.6313130401917,-3.1012650167678246,6.731055800000002,1.3958386199999981,-0.0008161732576257019,-0.0004080866967734452,-0.0021974834007828987,11,0.026169866861120373,-0.006064821032121248,-1.3322676295501878e-15,-6.036119894942837e-14,8.0
3.5000000000000018,609.8651981428213,-342.65817597614176,-3.101484765107903,6.870639662000001,1.2422963717999989,0.008052925485234239,0.004026528022308953,0.02213179870052831,12,0.021812946974912366,-0.006284569372196902,-1.3322676295501878e-15,-6.289061187165434e-14,8.0
3.600000000000002,609.1788032156585,-342.6884893002028,-3.09927158523785,6.994869299180001,1.1056437709019988,-0.0036444143559550457,-0.0018222132285253922,-0.01019690905194214,13,0.020261529447591516,-0.004071389502144029,1.3322676295501878e-15,6.518545238602192e-14,8.0
3.700000000000002,608.479889841626,-342.7168099768293,-3.1002912761430443,7.105433676270201,0.9840229561027787,0.009518683717387599,0.0047594496665822545,0.027054261012405538,14,0.016139055232823083,-0.005091080407340964,1.3322676295501878e-15,6.726244591687092e-14,8.0
3.800000000000002,607.7701000850777,-342.74952662057393,-3.0975858500418036,7.203835971880479,0.8757804309314732,-0.007412487537305848,-0.003706294679216793,-0.021359582244534894,14,0.01590341721381671,-0.002385654306100271,1.3322676295501878e-15,6.91383653125388e-14,8.0
3.900000000000002,607.0503014073893,-342.77855058817806,-3.099721808266257,7.291414014973626,0.779444583529011,0.012889587302039866,0.006445061348996704,0.037594628243967275,15,0.011514904234283056,-0.004521612530553831,0.0,0.0,8.0
4.000000000000002,606.3220109039706,-342.8137660110467,-3.0959623454418606,7.369358473326527,0.69370567934082,-0.013100589588467843,-0.0065505758556120425,-0.038618557160664146,16,0.01291736953668834,-0.000762149706157178,-1.3322676295501878e-15,-7.23520500956669e-14,8.0
4.100000000000001,605.5856377186233,-342.842557936744,-3.099824201157927,7.4387290412606095,0.6173980546133295,0.019259390479726905,0.00963058829423741,0.05731058354422259,16,0.0075284079587902356,-0.0046240054222237426,-1.3322676295501878e-15,-7.372061594418697e-14,8.0
4.200000000000001,604.8427472027422,-342.88077545768476,-3.094093142803505,7.500468846721942,0.5494842686058639,-0.0223541395953777,-0.01117846628870321,-0.0670735936034431,17,0.011252653740921145,0.0011070529322010358,-1.3322676295501878e-15,-7.494942389471643e-14,8.0
4.300000000000001,604.0931950014616,-342.90801195455566,-3.100800502163849,7.5554172735825285,0.4890409990592187,0.03067452563283416,0.015340871474577135,0.0927217112740916,18,0.003698749233122696,-0.005600306428143131,1.3322676295501878e-15,7.60516052506367e-14,8.0
4.4,603.3388432859421,-342.9504005269803,-3.09152833103644,7.6043213734884505,0.4352464891627045,-0.03803991831696511,-0.019026842286758345,-0.1157419949817852,19,0.011058036199329635,0.003671864699263505,1.3322676295501878e-15,7.703931299735337e-14,8.0
4.5,602.5787773909042,-342.97399863523617,-3.1031025305346183,7.647846022404721,0.3873693753548068,0.050877890257049335,0.02545541834430991,0.1557264767781852,19,-0.0006179233966140778,-0.00790233479891489,1.3322676295501878e-15,7.792373250980374e-14,8.0
4.6,601.8155558703876,-343.02286987876954,-3.0875298828567996,7.686582959940202,0.3447587440657783,-0.06528217660709223,-0.03267590252767936,-0.2008970738788181,20,0.012805715268083466,0.00767031287890374,0.0,0.0,8.0
4.699999999999999,601.0470733591274,-343.03930781926016,-3.1076195902446813,7.721058834346779,0.30683528221854267,0.0867316933821271,0.04344755393861178,0.26828447122585874,21,-0.00641303566698978,-0.012419394508977888,-1.3322676295501878e-15,-7.942280103382751e-14,8.0
4.799999999999999,600.277280302893,-343.09902503459966,-3.0807911431220956,7.751742362568634,0.2730834011745027,-0.113494669041311,-0.056930665555275796,-0.3528588009488074,22,0.017540144874859855,0.014409052613610474,-1.3322676295501878e-15,-8.005530858975416e-14,8.0
4.899999999999999,599.5021118740174,-343.10202560635514,-3.116077023216976,7.779050702686084,0.24304422704530737,0.15118528081366528,0.07602707409845315,0.4726791074170924,22,-0.015411581931973006,-0.020876827481270066,-1.3322676295501878e-15,-8.062035017570083e-14,8.0
4.999999999999998,598.7282138177695,-343.1808805166999,-3.0688091124752668,7.803355125390615,0.21630936207032347,-0.20097984687053613,-0.10151501665307106,-0.6326382848549058,23,0.02746832992516128,0.026391083260439263,1.3322676295501878e-15,8.11249084082277e-14,8.0
5.099999999999998,597.9482003656548,-343.15846341051815,-3.1320729409607573,7.824986061597647,0.19251533224258835,0.2709409536170089,0.13800290790688755,0.8611571510685726,24,-0.031098418913739174,-0.036872745225053905,1.3322676295501878e-15,8.15752890093579e-14,8.0
5.1999999999999975,597.1742010572567,-343.2734814058115,-3.0459572258539,7.844237594821906,0.17133864569590332,-0.36914575549928325,-0.19108033673486777,-1.1918200738767621,25,0.04790097303670499,0.04924296988180332,0.0,0.0,8.0
5.299999999999997,596.3933475308014,-343.1987257728293,3.11804607393801,7.8613714593914965,0.15249139466935385,0.5166300306119687,0.27675831212883806,1.718425112933823,26,-0.06298694877597018,-0.06993903750587283,0.0,0.0,8.0
5.399999999999997,595.6322780733046,-343.39566457827647,-2.993296721948194,7.876620598858432,0.13571734125572466,-0.6108652381980153,-0.33676726103229854,-2.082185758892924,26,0.09844474410609808,0.1019034737875093,0.0,0.0,8.0
5.4999999999999964,594.858564098067,-343.24809017295644,3.0816700093421,7.890192332984005,0.12078843371759486,0.6108652381980153,0.33676726103229854,2.0857734487105395,27,-0.08485249909797922,-0.10631510210178341,-1.3322676295501878e-15,-8.29405012023615e-14,8.0
5.599999999999996,594.0995886179902,-343.46374631397066,-2.9929379529664324,7.9022711763557645,0.10750170600865908,-0.6108652381980153,-0.33676726103229854,-2.0889664926482174,28,0.0953735005919512,0.10226224276927365,-1.3322676295501878e-15,-8.319463750527471e-14,8.0
5.699999999999996,593.3233019400028,-343.31596982387214,3.081350704948332,7.91302134695663,0.09567651834770681,0.6108652381980153,0.33676726103229854,2.091808301752751,29,-0.08824492115512562,-0.106634406495548,1.3322676295501878e-15,8.342114577438674e-14,8.0
5.799999999999995,592.5620614649556,-343.5320068751478,-2.992653772055979,7.922588998791401,0.08515210132945904,-0.6108652381980153,-0.33676726103229854,-2.094337511855786,29,0.09225653796576128,0.1025464236797271,1.3322676295501878e-15,8.362299711853165e-14,8.0
5.899999999999995,591.7837367756999,-343.3840716104784,3.081097783938029,7.931104208924347,0.0757853701832187,0.6108652381980153,0.33676726103229854,2.0965885088474874,30,-0.09161500196082843,-0.10688732750585395,1.3322676295501878e-15,8.380284995655016e-14,8.0
5.999999999999995,591.0207019706885,-343.6004093697099,-2.9924286723568088,7.9386827459426685,0.0674489794630646,-0.6108652381980153,-0.33676726103229854,-2.098591896170101,31,0.08910362805288202,0.10277152337889461,0.0,0.0,8.0
6.099999999999994,590.2407628642516,-343.45234915338665,3.0808974452057676,7.945427643888975,0.06002959172212794,0.6108652381980153,0.33676726103229854,2.1003749108872274,32,-0.09496759900513964,-0.10708766623811528,-1.3322676295501878e-15,-8.410581623722338e-14,8.0
6.199999999999994,589.476306628013,-343.6689244689673,-2.992250370885096,7.951430603061187,0.05342633663269432,-0.6108652381980153,-0.33676726103229854,-2.1019617939854696,33,0.08592241172584185,0.10294982485061022,-1.3322676295501878e-15,-8.423295212706971e-14,8.0
6.299999999999994,588.6950886738542,-343.520765788989,3.0807387568959435,7.956773236724456,0.04754943960309826,0.6108652381980153,0.33676726103229854,2.1033741199429055,33,-0.09830648065597819,-0.10724635454793674,-1.3322676295501878e-15,-8.434618382489655e-14,8.0
6.399999999999993,587.929506432678,-343.73752887487336,-2.992109138289352,7.961528180684766,0.042319001246757186,-0.6108652381980153,-0.33676726103229854,-2.1046310900450234,34,0.08271887894936837,0.10309105744635394,1.3322676295501878e-15,8.444702400268202e-14,8.0
6.499999999999993,587.1472754607407,-343.5892925221777,3.080613059885732,7.965760080809442,0.03766391110961358,0.6108652381980153,0.33676726103229854,2.1057497934359084,35,-0.10163458210722344,-0.10737205155815133,1.3322676295501878e-15,8.453682242894967e-14,8.0
6.5999999999999925,586.3808012551079,-343.8062040911402,-2.9919972679502633,7.969526471920403,0.033520880887556365,-0.6108652381980153,-0.33676726103229854,-2.1067454394537957,36,0.07949773523638044,0.10320292778544005,0.0,0.0,8.0
6.699999999999992,585.5977678451675,-343.6579064148824,3.0805134952839435,7.972878560009159,0.029833583989925395,0.6108652381980153,0.33676726103229854,2.107631564409716,36,-0.10495419712101117,-0.10747161615993939,0.0,0.0,8.0
6.799999999999992,584.8305870794173,-343.87493544056673,-2.991908655454671,7.975861918408151,0.026551889751033467,-0.6108652381980153,-0.33676726103229854,-2.1084202156204848,37,0.07626268326479334,0.10329154028103238,0.0,0.0,8.0
6.8999999999999915,584.0469180416535,-343.7265893160288,3.0804346301628667,7.978517107383254,0.023631181878420195,0.6108652381980153,0.33676726103229854,2.1091221151980686,38,-0.10826712300577843,-0.10755048128101663,-1.3322676295501878e-15,-8.480780775351604e-14,8.0
6.999999999999991,583.2791775876445,-343.94371128084646,-2.9918384654969126,7.980880225571096,0.021031751871794402,-0.6108652381980153,-0.33676726103229854,-2.1097468058221187,39,0.07301664051573362,0.10336173023879347,-1.3322676295501878e-15,-8.485805281776459e-14,8.0
7.099999999999991,582.4950050586264,-343.79532685955394,3.080372161100462,7.982983400758275,0.018718259165897068,0.6108652381980153,0.33676726103229854,2.110302780477523,40,-0.11157477112342434,-0.10761295034341778,1.3322676295501878e-15,8.49027834394651e-14,8.0
7.19999999999999,581.7268212617582,-344.01252237975905,-2.991782868031372,7.984855226674865,0.016659250657648353,-0.6108652381980153,-0.33676726103229854,-2.110797597920833,40,0.0697619082567562,0.1034173277043342,1.3322676295501878e-15,8.494260360552928e-14,8.0
7.29999999999999,580.9422499107628,-343.86410767325475,3.080322679356131,7.98652115174063,0.014826733085307443,0.6108652381980153,0.33676726103229854,2.111237985445379,41,-0.11487825170471552,-0.10766243208775172,1.3322676295501878e-15,8.497805140521626e-14,8.0
7.39999999999999,580.1737149333678,-344.0813614179694,-2.9917388292789173,7.9880038250491605,0.013195792445923438,-0.6108652381980153,-0.33676726103229854,-2.111629930342225,42,0.0665003032548124,0.10346136645678605,0.0,0.0,8.0
7.499999999999989,579.3888276713743,-343.9329227536992,3.080283484866446,7.989323404293753,0.011744255276871842,0.6108652381980153,0.33676726103229854,2.1119787613004175,43,-0.11817843932653115,-0.10770162657743665,-1.3322676295501878e-15,-8.50376948303423e-14,8.0
7.599999999999989,578.6200145184598,-344.15022259375803,-2.9917039461830983,7.99049782982144,0.010452387196415548,-0.6108652381980153,-0.33676726103229854,-2.112289220853209,43,0.06323326076418898,0.10349624955260506,-1.3322676295501878e-15,-8.506269764347583e-14,8.0
7.699999999999989,577.8348770207874,-344.00176497208605,3.080252438911167,7.991543068541082,0.009302624604809573,0.6108652381980153,0.33676726103229854,2.112565529855194,44,-0.12147602370631347,-0.10773267253271257,-1.3322676295501878e-15,-8.508495323813083e-14,8.0
7.799999999999988,577.0658435216415,-344.2191013090269,-2.9916763152829,7.992473331001563,0.008279335898280227,-0.6108652381980153,-0.33676726103229854,-2.1128114448669604,45,0.059961915261279475,0.10352388045280625,1.3322676295501878e-15,8.51047631657281e-14,8.0
7.899999999999988,576.2805078106713,-344.07062868345986,3.0802278474099904,7.993301264591391,0.007368608949469647,0.6108652381980153,0.33676726103229854,2.113030309227432,46,-0.12477154926488104,-0.10775726403389285,1.3322676295501878e-15,8.512239594063109e-14,8.0
7.999999999999988,575.5112997731413,-344.28799392001883,-2.9916544288468527,7.994038125486338,0.006558061965027751,-0.6108652381980153,-0.33676726103229854,-2.1132250985082517,47,0.056687163866312174,0.10354576688885064,0.0,0.0,8.0
8.099999999999987,574.7258070564043,-344.13950941756053,3.0802083684819084,7.994693931682841,0.005836675148874982,0.6108652381980153,0.33676726103229854,2.113398460968182,47,-0.12806544604324338,-0.10777674296197404,0.0,0.0,8.0
8.199999999999987,573.9564607656813,-344.35689753950743,-2.9916370926008597,7.9952775991977285,0.005194640882498636,-0.6108652381980153,-0.33676726103229854,-2.113552753557519,48,0.05340971624768961,0.10356310313484363,-1.3322676295501878e-15,-8.516449397464275e-14,8.0
8.299999999999986,573.1708436840403,-344.208403634191,3.0801929392229748,7.995797063285979,0.004623230385423405,0.6108652381980153,0.33676726103229854,2.1136900739620295,49,-0.13135805392731498,-0.10779217222090587,-1.3322676295501878e-15,-8.51755608407592e-14,8.0
8.399999999999986,572.4013878821232,-344.4258098798894,-2.9916233605604083,7.996259386324521,0.00411467504302685,-0.6108652381980153,-0.33676726103229854,-2.113812289122044,50,0.05013013394392375,0.1035768351752977,1.3322676295501878e-15,8.518541095632282e-14,8.0
8.499999999999986,571.6156722906428,-344.27730852959786,3.0801807177069733,7.996670853828824,0.003662060788294053,0.6108652381980153,0.33676726103229854,2.1139210606144565,50,-0.13464964167025356,-0.10780439373690687,1.3322676295501878e-15,8.519417803817319e-14,8.0
8.599999999999985,570.846129744382,-344.4947291287581,-2.991612483411167,7.997037059907653,0.003259234101581932,-0.6108652381980153,-0.33676726103229854,-2.1140178672427035,51,0.04684886137941956,0.10358771232453634,1.3322676295501878e-15,8.520198112043489e-14,8.0
8.699999999999985,570.0603361230076,-344.34622188320213,3.080171037044149,7.997362983317811,0.0029007183504078608,0.6108652381980153,0.33676726103229854,2.114104025141844,52,-0.13794042185639874,-0.10781407439973378,0.0,0.0,8.0
8.799999999999985,569.2907248662215,-344.56365385025754,-2.9916038676212526,7.997653055152852,0.002581639331863084,-0.6108652381980153,-0.33676726103229854,-2.1141807056720783,53,0.04356625035048959,0.10359632811445074,0.0,0.0,8.0
8.899999999999984,568.504869437211,-344.415141936255,3.080163368991126,7.997911219086038,0.0022976590053577443,0.6108652381980153,0.33676726103229854,2.114248951343987,54,-0.141230562688659,-0.10782174245275655,-1.3322676295501878e-15,-8.5220609060753e-14,8.0
8.999999999999984,567.7352037546106,-344.63258290689043,-2.9915970430540617,7.998140984986574,0.0020449165147682358,-0.6108652381980153,-0.33676726103229854,-2.1143096899919867,54,0.040282579369304045,0.10360315268164166,-1.3322676295501878e-15,-8.522550560704101e-14,8.0
9.099999999999984,566.949299367673,-344.4840672957595,3.080157295126326,7.998345476638051,0.0018199756981435835,0.6108652381980153,0.33676726103229854,2.114363747388705,55,-0.1445201972843143,-0.10782781631755434,-1.3322676295501878e-15,-8.522986365154544e-14,8.0
9.199999999999983,566.1795905742547,-344.7015153975473,-2.99159163731439,7.998527474207866,0.0016197783713473692,-0.6108652381980153,-0.33676726103229854,-2.1144118584717857,56,0.036998068953945994,0.10360855842131622,1.3322676295501878e-15,8.523374240486623e-14,8.0
9.299999999999983,565.3936474076814,-344.5529968583903,3.0801524840180177,7.998689452045001,0.0014416027504987384,0.6108652381980153,0.33676726103229854,2.114454677335727,57,-0.14780943101268487,-0.10783262742586519,1.3322676295501878e-15,8.523719456955087e-14,8.0
9.399999999999983,564.6239044661028,-344.770450608398,-2.991587355427996,7.998833612320051,0.001283026447943936,-0.6108652381980153,-0.33676726103229854,-2.114492786124634,57,0.03371289371939158,0.10361284030770745,1.3322676295501878e-15,8.52402670549171e-14,8.0
9.499999999999982,563.8379305821412,-344.621929750246,3.080148673139127,7.998961914964846,0.0011418935386697804,0.6108652381980153,0.33676726103229854,2.1145267029467623,58,-0.15109834729113608,-0.10783643830475587,0.0,0.0,8.0
9.599999999999982,563.0681605917536,-344.83938797397894,-2.991583963745783,7.999076104318712,0.001016285249416349,-0.6108652381980153,-0.33676726103229854,-2.114556888918455,59,0.030427191942099852,0.10361623198992032,-1.3322676295501878e-15,-8.524543540746516e-14,8.0
9.699999999999982,562.2821623765244,-344.69086527913583,3.0801456545419574,7.999177732843654,0.0009044938719808827,0.6108652381980153,0.33676726103229854,2.114583754433263,60,-0.1543870121658328,-0.10783945690192276,-1.3322676295501878e-15,-8.52476015133453e-14,8.0
9.799999999999981,561.5123709607429,-344.90832704636244,-2.9915812771943027,7.999268182230852,0.0008049995460632787,-0.6108652381980153,-0.33676726103229854,-2.1146076647414414,61,0.027141073128339483,0.10361891854140337,1.3322676295501878e-15,8.524952937072456e-14,8.0
9.89999999999998,560.7263534727015,-344.7598028967922,3.0801432635111397,7.999348682185458,0.0007164495959964157,0.6108652381980153,0.33676726103229854,2.1146289449157205,61,-0.15767547793394784,-0.10784184793274054,1.3322676295501878e-15,8.525124518212597e-14,8.0
9.99999999999998,559.9565450858454,-344.9772674707298,-2.9915791491768746,7.9994203271450575,0.0006376401404367904,-0.6108652381980153,-0.33676726103229854,-2.1146478842708283,62,0.02385462400389864,0.10362104655882876,1.3322676295501878e-15,8.525277226879551e-14,8.0
10.09999999999998,559.1705123317997,-344.82874216894305,3.080141369575629,7.999484091159101,0.0005674997249884407,0.6108652381980153,0.33676726103229854,2.114664740296875,63,-0.16096378600866917,-0.10784374186825385,0.0,0.0,8.0
10.19999999999998,558.4006905021428,-345.04620896601966,-2.9915774635742696,7.9995408411316005,0.0005050747552394875,-0.6108652381980153,-0.33676726103229854,-2.1146797421600563,64,0.020567913255336957,0.1036227321614338,-1.4210854715202004e-14,-9.093903041294379e-13,8.0
10.29999999999998,557.6146456558891,-344.8976827516077,3.080139869389311,7.999591348607124,0.00044951653216340764,0.6108652381980153,0.33676726103229854,2.1146930938182877,64,-0.16425196918652338,-0.10784524205457124,-1.4210854715202004e-14,-9.094017875769104e-13,8.0
10.399999999999979,556.8448131781818,-345.1151513095972,-2.9915761284084463,7.999636300260341,0.0004000697136251397,-0.6108652381980153,-0.33676726103229854,-2.1147049767941137,65,0.017280995283686693,0.10362406732728546,-1.554312234475219e-14,-9.946693836473412e-13,8.0
10.499999999999979,556.0587587536866,-344.9666243723235,3.0801386810917286,7.999676307231703,0.0003560620451264818,0.6108652381980153,0.33676726103229854,2.1147155526425987,66,-0.1675400534408884,-0.10784643035212316,1.2878587085651816e-14,8.24162875543008e-13,8.0
10.599999999999978,555.2889178416534,-345.1840943251097,-2.9915750708235977,7.999711913436216,0.00031689522016238315,-0.6108652381980153,-0.33676726103229854,-2.11472496514775,67,0.013993913176547516,0.10362512491210829,1.554312234475219e-14,9.946881871188158e-13,8.0
10.699999999999978,554.5028558302306,-345.0355668152752,3.0801377398412133,7.999743602958232,0.0002820367459444917,0.6108652381980153,0.33676726103229854,2.114733342277335,68,-0.17082805934280693,-0.10784737160267,1.3322676295501878e-15,8.525966294712961e-14,8.0
10.799999999999978,553.7330082373649,-345.2530378728659,-2.991574233110639,7.999771806632827,0.0002510127038901189,-0.6108652381980153,-0.33676726103229854,-2.114740797922666,68,0.010706701061328448,0.10362596262506418,1.3322676295501878e-15,8.526026412640434e-14,8.0
10.899999999999977,552.9469402163352,-345.1045099095173,3.0801369942766805,7.9997969079032165,0.00022340130646183456,0.6108652381980153,0.33676726103229854,2.11474743344701,69,-0.17411600318464227,-0.10784811716720277,0.0,0.0,8.0
10.999999999999977,552.1770873315801,-345.3219818422148,-2.991573569558205,7.999819248033862,0.00019882716275141377,-0.6108652381980153,-0.33676726103229854,-2.114753339063677,70,0.007419385969111753,0.10362662617749852,-1.3322676295501878e-15,-8.52612753748435e-14,8.0
11.099999999999977,551.39101455034,-345.17345351964474,3.080136403715014,7.9998391307501375,0.0001769561748487192,0.6108652381980153,0.33676726103229854,2.1147585950625096,71,-0.17740389787048896,-0.10784870772886634,-1.3322676295501878e-15,-8.526169919138277e-14,8.0
11.199999999999976,550.6211574738779,-345.3909261455089,-2.9915730439583212,7.999856826367623,0.00015749099561510605,-0.6108652381980153,-0.33676726103229854,-2.114763272901471,71,0.004131989310237932,0.1036271517773848,-1.3322676295501878e-15,-8.526207638898861e-14,8.0
11.299999999999976,549.8350809220744,-345.2423975384039,3.080135935931118,7.999872575467184,0.0001401669860976007,0.6108652381980153,0.33676726103229854,2.1147674361781466,72,-0.18069175362108197,-0.10784917551276241,1.3322676295501878e-15,8.526241209555956e-14,8.0
11.399999999999975,549.0652205253607,-345.45987071332183,-2.991572627630654,7.999886592165794,0.00012474861762683533,-0.6108652381980153,-0.33676726103229854,-2.114771141494388,73,0.0008445280432703133,0.10362756810504958,1.3322676295501878e-15,8.526271087496356e-14,8.0
11.499999999999975,548.2791409868936,-345.3113418808395,3.0801355653994937,7.999899067027556,0.0001110262696883524,0.6108652381980153,0.33676726103229854,2.114774439225843,74,-0.18397957853186594,-0.10784954604438912,0.0,0.0,8.0
11.599999999999975,547.509277960208,-345.5288154906608,-2.991572297857508,7.999910169654525,9.881338002255547e-05,-0.6108652381980153,-0.33676726103229854,-2.1147773742068376,75,-0.002442984399167781,0.10362789787819526,-1.3322676295501878e-15,-8.52632134529799e-14,8.0
11.699999999999974,546.7231960560046,-345.3802864796589,3.080135271901394,7.999920050992527,8.794390822028931e-05,0.6108652381980153,0.33676726103229854,2.114779986339923,75,-0.18726737901478568,-0.10784983954248872,-1.3322676295501878e-15,-8.526342408413293e-14,8.0
11.799999999999974,545.9533309461178,-345.5977604339658,-2.9915720366442,7.999928845383349,7.82700783163115e-05,-0.6108652381980153,-0.33676726103229854,-2.114782311138369,76,-0.005730537377276038,0.10362815909150624,-1.3322676295501878e-15,-8.526361154607795e-14,8.0
11.899999999999974,545.1672471680143,-345.44923128155955,3.0801350394215494,7.99993667239118,6.966036970199597e-05,0.6108652381980153,0.33676726103229854,2.1147843802089854,77,-0.19055516014870888,-0.10785007202233032,1.3322676295501878e-15,8.526377838738232e-14,8.0
11.999999999999973,544.3973804080239,-345.6667055087326,-2.991571829737138,7.99994363842815,6.199772903459078e-05,-0.6108652381980153,-0.33676726103229854,-2.114786221681835,78,-0.009018122463551378,0.10362836599856529,1.3322676295501878e-15,8.526392687628052e-14,8.0
12.099999999999973,543.6112951456041,-345.5181762443207,3.0801348552742644,7.999949838201053,5.5177978841225444e-05,0.6108652381980153,0.33676726103229854,2.1147878605926707,78,-0.19384292595649572,-0.10785025616961796,1.3322676295501878e-15,8.526405903150866e-14,8.0
12.199999999999973,542.8414270785664,-345.73565068763054,-2.9915716658460547,7.999955355998938,4.9108401168407316e-05,-0.6108652381980153,-0.33676726103229854,-2.114789319223314,79,-0.012305732982518022,0.10362852988964866,0.0,0.0,8.0
12.299999999999972,542.0553406404197,-345.5871213344994,3.0801347094112,7.999960266839055,4.37064770399509e-05,0.6108652381980153,0.33676726103229854,2.114790617404587,80,-0.19713067962458328,-0.1078504020326827,0.0,0.0,8.0
12.399999999999972,541.2854715380697,-345.80459594901083,-2.9915715360279274,7.999964637486759,3.889876456533159e-05,-0.6108652381980153,-0.33676726103229854,-2.11479177278592,81,-0.01559336364662699,0.10362865970777602,-1.3322676295501878e-15,-8.526437449557098e-14,8.0
12.499999999999972,540.4993841686296,-345.65606652560547,3.080134593873067,7.999968527363215,3.4619900463184196e-05,0.6108652381980153,0.33676726103229854,2.114792801075306,82,-0.20041842367678558,-0.10785051757081376,-1.3322676295501878e-15,-8.526445741292839e-14,8.0
12.599999999999971,539.7295142462087,-345.8735412757255,-2.9915714331989887,7.999971989353262,3.081171141188222e-05,-0.6108652381980153,-0.33676726103229854,-2.1147937162528603,82,-0.018881010267633357,0.10362876253671738,-1.3322676295501878e-15,-8.52645312094104e-14,8.0
12.69999999999997,538.9434261390911,-345.725011796656,3.0801345023553117,7.999975070524403,2.7422423156409082e-05,0.6108652381980153,0.33676726103229854,2.114794530760883,83,-0.20370616011238157,-0.10785060908856892,1.3322676295501878e-15,8.526459688830625e-14,8.0
12.79999999999997,538.1735555670921,-345.94248665419144,-2.991571351748186,7.999977812766719,2.4405956608930525e-05,-0.6108652381980153,-0.33676726103229854,-2.114795255673023,84,-0.02216866952810647,0.10362884398751726,1.3322676295501878e-15,8.526465534254483e-14,8.0
12.89999999999997,537.3874668756602,-345.7939571310306,3.080134429864098,7.99998025336238,2.1721301382182646e-05,0.6108652381980153,0.33676726103229854,2.1147959008448285,85,-0.20699389051486752,-0.1078506815797855,0.0,0.0,8.0
12.99999999999997,536.6175957891303,-346.0114320736497,-2.9915712872310056,7.999982425492518,1.9331958230406344e-05,-0.6108652381980153,-0.33676726103229854,-2.1147964750477346,85,-0.025456338800240265,0.10362890850469775,0.0,0.0,8.0
13.09999999999997,535.8315066348629,-345.86290251556414,3.080134372443807,7.999984358688341,1.7205442825130035e-05,0.6108652381980153,0.33676726103229854,2.114796986088322,86,-0.21028161613850918,-0.10785073900007625,0.0,0.0,8.0
13.199999999999969,535.0616351407731,-346.08037752557794,-2.991571236126947,7.999986079232623,1.5312844114756532e-05,-0.6108652381980153,-0.33676726103229854,-2.1147974409144434,87,-0.028744016002625515,0.10362895960875651,-1.3322676295501878e-15,-8.526483155246612e-14,8.0
13.299999999999969,534.2755456198938,-345.9318479398285,3.080134326961195,7.999987610517034,1.3628431262358021e-05,0.6108652381980153,0.33676726103229854,2.1147978457096923,88,-0.21356933797692826,-0.10785078448268504,-1.3322676295501878e-15,-8.526486419370289e-14,8.0
13.399999999999968,533.5056738029758,-346.1493230032257,-2.991571195647422,7.999988973360161,1.212930382337163e-05,-0.6108652381980153,-0.33676726103229854,-2.1147982059774635,89,-0.03203169948653964,0.10362900008828424,1.3322676295501878e-15,8.526489324440888e-14,8.0
13.499999999999968,532.7195839917032,-346.0007933955638,3.080134290934418,7.9999901862905425,1.079508040326971e-05,0.6108652381980153,0.33676726103229854,2.11479852661578,89,-0.21685705681694828,-0.10785082050946215,1.3322676295501878e-15,8.526491909954136e-14,8.0
13.599999999999968,531.9497119190729,-346.21826850124586,-2.99157116358359,7.999991265798583,9.60762155894912e-06,-0.6108652381980153,-0.33676726103229854,-2.1147988119838814,90,-0.035319387946017564,0.10362903215211317,1.3322676295501878e-15,8.526494211061256e-14,8.0
13.699999999999967,531.1636218777797,-346.06973887622706,3.080134262397608,7.999992226560739,8.550783187288857e-06,0.6108652381980153,0.33676726103229854,2.1147990659614924,91,-0.22014477328205478,-0.10785084904627507,0.0,0.0,8.0
13.799999999999967,530.3937496025998,-346.287214015403,-2.9915711381858294,7.999993081639057,7.610197037077882e-06,-0.6108652381980153,-0.33676726103229854,-2.1147992920015652,92,-0.03860708034672081,0.10362905754987395,-1.3322676295501878e-15,-8.526498081754244e-14,8.0
13.899999999999967,529.6076593791073,-346.13868437663587,3.0801342397936002,7.999993842658761,6.773075362520587e-06,0.6108652381980153,0.33676726103229854,2.1147994931772307,92,-0.22343248786592668,-0.10785087165028262,-1.3322676295501878e-15,-8.526499703963988e-14,8.0
13.999999999999966,528.8377869434878,-346.35615954234225,-2.991571118068263,7.999994519966298,6.028037072614013e-06,-0.6108652381980153,-0.33676726103229854,-2.1147996722235733,93,-0.04189477586917949,0.10362907766744289,-1.3322676295501878e-15,-8.526501147730786e-14,8.0
14.099999999999966,528.0516965756752,-346.207629892685,3.0801342218889656,7.999995122770005,5.364952994479922e-06,0.6108652381980153,0.33676726103229854,2.1147998315748175,94,-0.2267202009597457,-0.10785088955491418,1.3322676295501878e-15,8.526502432683341e-14,8.0
14.199999999999966,527.2818240129715,-346.4251050794062,-2.991571102133139,7.999995659265305,4.774808164764722e-06,-0.6108652381980153,-0.33676726103229854,-2.114799973397425,95,-0.04518247386446183,0.10362909360256456,1.3322676295501878e-15,8.526503576291197e-14,8.0
14.299999999999965,526.495733530843,-346.27657542112297,3.080134207706705,7.999996136746121,4.249579266435433e-06,0.6108652381980153,0.33676726103229854,2.114800099619546,96,-0.2300079128732324,-0.10785090373717843,5.833111771380572e-13,3.733187928117769e-11,8.0
14.399999999999965,525.725860867476,-346.49405062449,-2.9915710895109267,7.999996561704048,3.782125547147075e-06,-0.6108652381980153,-0.33676726103229854,-2.1148002119572333,96,-0.04847017381834587,0.10362910622477672,5.833111771380572e-13,3.733188324729922e-11,8.0
14.499999999999964,524.9397702947979,-346.3455209593741,3.0801341964729363,7.999996939916603,3.3660917370781365e-06,0.6108652381980153,0.33676726103229854,2.1148003119377754,97,-0.23329562385191277,-0.10785091497211319,2.104982854689297e-12,1.3471879963736534e-10,8.0
14.599999999999964,524.1698975516953,-346.56299617592623,-2.9915710795128723,7.999997276525776,2.9958216463121805e-06,-0.6108652381980153,-0.33676726103229854,-2.114800400920457,98,-0.05175787532567125,0.10362911621862114,2.459810133359497e-12,1.5742774134735413e-10,8.0
14.699999999999964,523.3838069072929,-346.41446650539814,3.0801341875746684,7.9999975761079405,2.6662812654620894e-06,0.6108652381980153,0.33676726103229854,2.1148004801150444,99,-0.23658333409627488,-0.10785092387530071,9.394707234378075e-13,6.012608986521517e-11,8.0
14.799999999999963,522.6139341010318,-346.63194173239424,-2.9915710715934134,7.999997842736067,2.3729903261049404e-06,-0.6108652381980153,-0.33676726103229854,-2.1148005505982272,99,-0.05504557806931008,0.10362912413620373,9.394707234378075e-13,6.012609387304313e-11,8.0
14.899999999999963,521.8278433998165,-346.4834120575792,3.08013418052635,7.9999980800351,2.111961389950068e-06,0.6108652381980153,0.33676726103229854,2.1148006133282595,100,-0.23987104375718998,-0.10785093092362175,1.554312234475219e-14,9.947593525882083e-13,8.0
14.999999999999963,521.0579705435276,-346.70088729284794,-2.9915710653204104,7.999998291231239,1.8796456372704996e-06,-0.6108652381980153,-0.33676726103229854,-2.1148006691579884,101,-0.05833328178656071,0.10362913040917565,1.2878587085651816e-14,8.24229221377317e-13,8.0
15.099999999999962,520.2718797973108,-346.5523576146372,3.080134174943377,7.999998479195803,1.6728846169655754e-06,0.6108652381980153,0.33676726103229854,2.114800718846447,102,-0.24315875295353365,-0.1078509365066207,-1.554312234475219e-14,-9.94759451855445e-13,8.0
15.199999999999962,519.5020069013949,-346.7698328564587,-2.9915710603515646,7.999998646484264,1.4888673095292405e-06,-0.6108652381980153,-0.33676726103229854,-2.1148007630691756,103,-0.06162098627489558,0.10362913537805252,-1.2878587085651816e-14,-8.242292945798154e-13,8.0
15.299999999999962,518.7159161195325,-346.62130317555824,3.080134170521104,7.9999987953709955,1.3250919050022959e-06,0.6108652381980153,0.33676726103229854,2.1148008024274034,103,-0.24644646178173432,-0.1078509409288646,-1.2878587085651816e-14,-8.242293252590223e-13,8.0
15.399999999999961,517.946043192228,-346.8387784225702,-2.991571056415742,7.999998927880186,1.1793317956865224e-06,-0.6108652381980153,-0.33676726103229854,-2.114800837456227,104,-0.06490869137391767,0.10362913931387263,1.3322676295501878e-15,8.526510543760518e-14,8.0
15.499999999999961,517.1599523821307,-346.6902487395392,3.0801341670182216,7.999999045813365,1.0496052980535355e-06,0.6108652381980153,0.33676726103229854,2.1148008686318795,105,-0.249734170318435,-0.1078509444317497,-1.3322676295501878e-15,-8.526510795150179e-14,8.0
15.59999999999996,516.3900794299632,-346.90772399066253,-2.9915710532981765,7.9999991507738955,9.341487150038575e-07,-0.6108652381980153,-0.33676726103229854,-2.11480089637821,106,-0.06819639695671163,0.10362914243144061,0.0,0.0,8.0
15.69999999999996,515.6039885975009,-346.7591943059439,3.0801341642435887,7.999999244188767,8.313923564706727e-07,0.6108652381980153,0.33676726103229854,2.1148009210724448,106,-0.2530218786242242,-0.10785094720638,0.0,0.0,8.0
15.79999999999996,514.8341156256396,-346.9766695603238,-2.991571050828753,7.999999327328003,7.3993919693649e-07,-0.6108652381980153,-0.33676726103229854,-2.114800943050313,107,-0.07148410292276436,0.10362914490086128,1.3322676295501878e-15,8.52651139523466e-14,8.0
15.89999999999996,514.0480247754621,-346.8281398742684,3.080134162045802,7.999999401321922,6.58545885556805e-07,0.6108652381980153,0.33676726103229854,2.1148009626106163,108,-0.256309586747133,-0.1078509494041704,1.2878587085651816e-14,8.242294501196766e-13,8.0
15.99999999999996,513.2781517880012,-347.04561513122786,-2.9915710488727227,7.999999467176511,5.86105838262796e-07,-0.6108652381980153,-0.33676726103229854,-2.114800980019286,109,-0.07477180919232933,0.10362914685686597,1.354472090042691e-14,8.668620221561989e-13,8.0
16.09999999999996,512.4920609237914,-346.89708544411366,3.080134160304935,7.999999525787095,5.216341959268789e-07,0.6108652381980153,0.33676726103229854,2.114800995513002,110,-0.25959729472518356,-0.10785095114506404,-1.2878587085651816e-14,-8.24229475766644e-13,8.0
16.19999999999996,511.72218792397416,-347.1145607031164,-2.991571047323351,7.999999577950514,4.6425443462894127e-07,-0.6108652381980153,-0.33676726103229854,-2.114801009302409,110,-0.07805951570235108,0.10362914840623638,-1.2878587085651816e-14,-8.242294865153016e-13,8.0
16.29999999999996,510.9360970486495,-346.9660310151635,3.0801341589259943,7.999999624375957,4.13186447278946e-07,0.6108652381980153,0.33676726103229854,2.1148010215749817,111,-0.2628850025884314,-0.10785095252397703,-1.4210854715202004e-14,-9.09494616365911e-13,8.0
16.399999999999963,510.1662240390448,-347.1835062757847,-2.9915710460960936,7.9999996656946015,3.67735938322511e-07,-0.6108652381980153,-0.33676726103229854,-2.1148010324975712,112,-0.08134722240277588,0.10362914963352221,-6.661338147750939e-16,-4.2632560582532e-14,8.0
16.499999999999964,509.380133154916,-347.0349765871674,3.0801341578337356,7.9999997024681955,3.2728498498002525e-07,0.6108652381980153,0.33676726103229854,2.114801042218676,113,-0.26617271036077694,-0.10785095361623487,6.661338147750939e-16,4.263256097447013e-14,8.0
16.599999999999966,508.61026013755856,-347.2524518490706,-2.991571045123983,7.999999735196694,2.9128363703279093e-07,-0.6108652381980153,-0.33676726103229854,-2.114801050870459,113,-0.08463492925404748,0.1036291506056326,6.661338147750939e-16,4.263256132329507e-14,8.0
16.699999999999967,507.824169246456,-347.1039221599271,3.080134156968557,7.999999764325057,2.59242436939644e-07,0.6108652381980153,0.33676726103229854,2.1148010585705457,114,-0.2694604180611563,-0.1078509544814148,0.0,0.0,8.0
16.79999999999997,507.05429622295765,-347.3213974228458,-2.9915710443539747,7.999999790249301,2.3072576844640482e-07,-0.6108652381980153,-0.33676726103229854,-2.114801065423624,115,-0.0879226362248029,0.1036291513756411,-6.661338147750939e-16,-4.263256191005351e-14,8.0
16.89999999999997,506.26820532633116,-347.1728677332855,3.080134156283249,7.999999813321878,2.0534593403453985e-07,0.6108652381980153,0.33676726103229854,2.1148010715228627,116,-0.27274812570441304,-0.10785095516672172,1.4210854715202004e-14,9.094946593272381e-13,8.0
16.99999999999997,505.4983322979686,-347.39034299700853,-2.9915710437440506,7.999999833856472,1.827578810953412e-07,-0.6108652381980153,-0.33676726103229854,-2.114801076951185,117,-0.09121034329016087,0.1036291519855368,1.4210854715202004e-14,9.09494663996264e-13,8.0
17.099999999999973,504.71224139696665,-347.24181330711804,3.080134155740417,7.99999985213226,1.6265451430186317e-07,0.6108652381980153,0.33676726103229854,2.114801081782392,117,-0.27603583330255793,-0.1078509557095817,1.4210854715202004e-14,9.09494668151697e-13,8.0
17.199999999999974,503.9423683647512,-347.45928857147817,-2.99157104326093,7.999999868397711,1.447625179729073e-07,-0.6108652381980153,-0.33676726103229854,-2.1148010860821667,118,-0.09449805043063124,0.10362915246865745,-1.354472090042691e-14,-8.668621091070621e-13,8.0
17.299999999999976,503.1562774602834,-347.3107588813262,3.0801341553104398,7.999999882873963,1.2883864055623918e-07,0.6108652381980153,0.33676726103229854,2.1148010899089655,119,-0.279323540864934,-0.107850956139532,-1.4210854715202004e-14,-9.094946751415509e-13,8.0
17.399999999999977,502.386404425016,-347.52823414619104,-2.99157104287825,7.999999895757827,1.146663904272316e-07,-0.6108652381980153,-0.33676726103229854,-2.1148010933148167,120,-0.09778575763032528,0.10362915285136598,-6.661338147750939e-16,-4.263256303457824e-14,8.0
17.49999999999998,501.60031351780293,-347.37970445583187,3.080134154969855,7.999999907224466,1.0205308731414676e-07,0.6108652381980153,0.33676726103229854,2.114801096346025,120,-0.2826112483989152,-0.10785095648011556,-6.661338147750939e-16,-4.263256315679129e-14,8.0
17.59999999999998,500.8304404801181,-347.59717972109644,-2.9915710425751287,7.999999917429775,9.082724785614005e-08,-0.6108652381980153,-0.33676726103229854,-2.1148010990437993,121,-0.10107346487712157,0.10362915315448706,0.0,0.0,8.0
17.69999999999998,500.0443495707305,-347.4486500305732,3.080134154700078,7.9999999265124995,8.083625058219468e-08,0.6108652381980153,0.33676726103229854,2.114801101444819,122,-0.2858989559104332,-0.10785095674989265,0.0,0.0,8.0
17.799999999999983,499.27447653113086,-347.6661252961544,-2.9915710423350266,7.999999934596125,7.194426272505439e-08,-0.6108652381980153,-0.33676726103229854,-2.1148011035817267,123,-0.10436117216116406,0.10362915339458922,6.661338147750939e-16,4.263256344852229e-14,8.0
17.899999999999984,498.4883856200208,-347.5175956055012,3.080134154486387,7.999999941790551,6.40303936982889e-08,0.6108652381980153,0.33676726103229854,2.1148011054835743,124,-0.28918666340421717,-0.10785095696358482,1.4210854715202004e-14,9.094946885376319e-13,8.0
17.999999999999986,497.7185125789044,-347.7350708713332,-2.991571042144842,7.99999994819359,5.698705081158551e-08,-0.6108652381980153,-0.33676726103229854,-2.114801107176218,124,-0.10764887947471041,0.10362915358477265,1.4210854715202004e-14,9.094946899935144e-13,8.0
18.099999999999987,496.93242166642995,-347.58654118057706,3.080134154317123,7.999999953892296,5.07184747533529e-08,0.6108652381980153,0.33676726103229854,2.114801108682672,125,-0.29247437088387374,-0.10785095713287607,1.354472090042691e-14,8.668621276350665e-13,8.0
18.19999999999999,496.16254862411216,-347.80401644660776,-2.991571041994196,7.9999999589641435,4.513944213968557e-08,-0.6108652381980153,-0.33676726103229854,-2.1148011100234156,126,-0.11093658681167687,0.10362915373539128,-1.354472090042691e-14,-8.668621287342147e-13,8.0
18.29999999999999,495.376457710557,-347.65548675577,3.0801341541830487,7.999999963478087,4.017410386580878e-08,0.6108652381980153,0.33676726103229854,2.114801111216677,127,-0.29576207835243895,-0.10785095726692262,-1.4210854715202004e-14,-9.094946934688067e-13,8.0
18.39999999999999,494.60658466728756,-347.8729620219581,-2.9915710418748698,7.999999967495498,3.5754952421029885e-08,-0.6108652381980153,-0.33676726103229854,-2.1148011122786805,127,-0.11422429416715474,0.1036291538547447,-1.4210854715202004e-14,-9.094946943822601e-13,8.0
18.499999999999993,493.8204937528764,-347.72443233105577,3.0801341540768483,7.999999971070993,3.1821907420237495e-08,0.6108652381980153,0.33676726103229854,2.114801113223863,128,-0.2990497858121173,-0.10785095737312211,-6.661338147750939e-16,-4.263256383727658e-14,8.0
18.599999999999994,493.0506207088532,-347.94190759736847,-2.9915710417803516,7.999999974253184,2.83214978580304e-08,-0.6108652381980153,-0.33676726103229854,-2.1148011140650755,129,-0.1175120015372632,0.1036291539492642,0.0,0.0,8.0
18.699999999999996,492.26452979376404,-347.793377906415,3.080134153992727,7.999999977085333,2.5206133269506382e-08,0.6108652381980153,0.33676726103229854,2.1148011148137544,130,-0.3023374932647745,-0.10785095745724327,0.0,0.0,8.0
18.799999999999997,491.49465674914376,-348.01085317282644,-2.9915710417054835,7.999999979605946,2.243345891272952e-08,-0.6108652381980153,-0.33676726103229854,-2.114801115480079,131,-0.12079970891897987,0.10362915402413231,6.661338147750939e-16,4.2632563928243315e-14,8.0
18.9,490.70856583351747,-347.86232348183245,3.0801341539260947,7.999999981849292,1.9965778363939535e-08,0.6108652381980153,0.33676726103229854,2.114801116073108,131,-0.3056252007118842,-0.10785095752387619,6.661338147750939e-16,4.263256395215321e-14,8.0
19.0,489.93869278842425,-348.0797987483221,-2.9915710416461807,7.99999998384587,1.7769542548506934e-08,-0.6108652381980153,-0.33676726103229854,-2.1148011166009035,132,-0.12408741630989295,0.10362915408343376,1.4210854715202004e-14,9.094946980999044e-13,8.0
19.1,489.15260187237254,-347.931269057296,3.080134153873315,7.999999985622825,1.5814892506682554e-08,0.6108652381980153,0.33676726103229854,2.114801117070642,133,-0.3089129081546083,-0.10785095757668373,1.354472090042691e-14,8.668621345115651e-13,8.0
19.200000000000003,488.38272882690467,-348.14874432384755,-2.9915710415992067,7.999999987204315,1.407525394014897e-08,-0.6108652381980153,-0.33676726103229854,-2.114801117488709,134,-0.1273751237082037,0.10362915413038065,-1.4210854715202004e-14,-9.094946988635262e-13,8.0
19.300000000000004,487.59663791051594,-348.00021463279603,3.0801341538315086,7.99999998861184,1.2526975723403667e-08,0.6108652381980153,0.33676726103229854,2.114801117860788,135,-0.31220061559394013,-0.10785095761846186,-1.4210854715202004e-14,-9.094946991835605e-13,8.0
19.400000000000006,486.82676486475134,-348.2176898993967,-2.9915710415619987,7.999999989864538,1.1149008471988965e-08,-0.6108652381980153,-0.33676726103229854,-2.1148011181919393,135,-0.13066283111218677,0.10362915416761709,-1.4210854715202004e-14,-9.094946994683909e-13,8.0
19.500000000000007,486.04067394809573,-348.06916020832506,3.0801341537983937,7.999999990979439,9.922617305591075e-09,-0.24920841663427368,-0.12656921962448114,-0.8078819529730946,136,-0.3154883230303904,-0.1078509576515767,-0.28563974659047386,-18.280943740564233,8.0
19.60000000000001,485.25477410285106,-347.9196228156732,2.999345958501084,7.9999999919717,8.8311297830046e-09,-0.6108652381980153,-0.33676726103229854,-2.114801118748968,138,-0.10603785057283625,2.9354326845171324,-1.4986504398887153,-95.91362796037194,8.0
19.70000000000001,484.5448142427394,-347.55089934782006,2.7878658466261874,7.999999992854813,7.859705331014766e-09,-0.6108652381980153,-0.33676726103229854,-2.114801118982419,143,0.6368084932350778,1.2368035863506828,-0.570140005054821,-36.48896025832843,8.0
19.80000000000001,483.9280691007077,-347.0413648262839,2.5763857347279453,7.999999993640784,6.995137891152581e-09,-0.6108652381980153,-0.33676726103229854,-2.1148011191901905,143,1.2634880841078928,1.0253234744524407,-0.570140005054821,-36.48896026549824,8.0
19.900000000000013,483.43201923733164,-346.41372278496806,2.3649056228089265,7.999999994340298,6.225672244397629e-09,-0.6108652381980153,-0.33676726103229854,-2.114801119375107,144,1.90185718803042,0.9327263534048498,-0.059441495435713976,-3.804255702502956,8.0
20.000000000000014,483.07876734527724,-345.6959393218997,2.1534255108714158,7.999999994962865,5.54084866877247e-09,-0.6108652381980153,-0.33676726103229854,-2.114801119539683,145,2.350899401705759,0.7212462414673391,0.0,0.0,8.0
20.100000000000016,482.88405341075776,-344.9199970025885,1.9419453989174476,7.99999999551695,4.931355412907124e-09,-0.6108652381980153,-0.33676726103229854,-2.114801119686155,145,2.6509603660594547,0.5097661295133709,0.0,0.0,8.0
20.200000000000017,482.8565533806535,-344.12046980003254,1.730465286948832,7.999999996010085,4.388906571506368e-09,-0.6108652381980153,-0.33676726103229854,-2.1148011198165158,146,2.788670144369452,0.29828601754475526,0.0,0.0,8.0
20.30000000000002,482.99749258486446,-343.3329825683405,1.5189851749671803,7.999999996448976,3.906126799790855e-09,-0.6108652381980153,-0.33676726103229854,-2.1148011199325363,147,2.7578927468002727,0.08680590556310364,0.0,0.0,8.0
20.40000000000002,483.3005911387921,-342.5926236918226,1.3075050629739267,7.9999999968395885,3.476452636874683e-09,-0.3433041825442825,-0.1768619784832385,-1.1260247953837546,148,2.5599995341649993,-0.12467420643015004,0.0,0.0,8.0
20.50000000000002,483.6414536236925,-341.868874587587,1.1949025834355511,7.999999997187234,3.094042622109328e-09,-0.13817479764316853,-0.06941873719655146,-0.4439231759304702,149,2.322409589545075,-0.23727668596852558,0.0,0.0,8.0
20.600000000000023,483.9860455496217,-341.14689369855023,1.1505102658425042,7.999999997496638,2.753698158386442e-09,-0.04687295696142055,-0.02344935847418127,-0.1500621408002596,149,2.0808816559791197,-0.28166900356157254,0.0,0.0,8.0
20.700000000000024,484.329498439519,-340.4243702650059,1.1355040517624782,7.999999997772008,2.450791214414494e-09,0.04647749551754221,0.023251304378198966,0.1487949401350288,150,1.84055679815622,-0.29667521764159854,0.0,0.0,8.0
20.800000000000026,484.64988268995387,-339.6913259745863,1.150383545775981,7.9999999980170875,2.1812037509505445e-09,0.03789582208678473,0.01895471622855305,0.12130291988373164,151,1.6245330104346245,-0.2817957236280957,0.0,0.0,8.0
20.900000000000027,484.96249140547275,-338.95493220039725,1.1625138377643542,7.999999998235208,1.941271055017069e-09,0.10691623545630571,0.05361132625193467,0.34294815070587975,152,1.416672985055643,-0.26966543163972245,0.0,0.0,8.0
21.00000000000003,485.24031701611716,-338.20472360954557,1.1968086528349422,7.9999999984293355,1.72773093609635e-09,0.03611461271193131,0.01806319615556703,0.11559816892340743,152,1.245171268564124,-0.2353706165691345,0.0,0.0,8.0
21.10000000000003,485.5190826560176,-337.4548638108101,1.208368469727283,7.999999998602108,1.5376807382949665e-09,0.13488450332704705,0.06775040980037261,0.43327098423286764,153,1.0726903456978152,-0.22381079967679374,0.0,0.0,8.0
21.20000000000003,485.75142762866415,-336.68934711376016,1.2516955681505697,7.999999998755876,1.3685363065008006e-09,-0.0073357468983576285,-0.0036679227948285525,-0.02347465324651148,154,0.9483481939393281,-0.180483701253507,0.0,0.0,8.0
21.300000000000033,486.0051824142826,-335.9306584367808,1.2493481028259186,7.999999998892729,1.2179977915138807e-09,0.1723575941552304,0.08682360777799253,0.5549732133001063,155,0.8018581395988776,-0.18283116657815812,0.0,0.0,8.0
21.400000000000034,486.1911647366392,-335.15257709425055,1.3048454241559293,7.999999999014529,1.0840183861660082e-09,-0.08808402380905303,-0.0441276060835624,-0.28232503204997395,156,0.7251700308686507,-0.1273338452481474,0.0,0.0,8.0
21.500000000000036,486.43527145820536,-334.3907294005948,1.2766129209509318,7.999999999122931,9.647759924291678e-10,0.25036127586387497,0.1271733354412692,0.8117172197459279,156,0.5886719892444859,-0.15556634845314488,0.0,0.0,8.0
21.600000000000037,486.56825927273076,-333.6018604374283,1.3577846429255247,7.999999999219408,8.586507505015107e-10,-0.22993415271690468,-0.1165069253903179,-0.7439585878662667,157,0.5659606306347295,-0.074394626478552,0.0,0.0,8.0
21.70000000000004,486.82712933257903,-332.8449018573268,1.283388784138898,7.999999999305273,7.641996369045501e-10,0.41797110748714017,0.21852447194599367,1.3874523005271018,158,0.41416531396307066,-0.14879048526517868,0.0,0.0,8.0
21.80000000000004,486.8821922205829,-332.04679905802493,1.4221340141916081,7.999999999381693,6.801379015541898e-10,-0.5130218766308907,-0.27455329188767186,-1.735148714962081,159,0.4699073003688991,-0.010045255212468573,0.0,0.0,8.0
21.90000000000004,487.2107477987608,-331.3173806376726,1.2486191426954,7.999999999449707,6.053224588242756e-10,0.6108652381980153,0.33676726103229854,2.11480112072578,159,0.24528956462944407,-0.1835601267086766,0.0,0.0,8.0
22.000000000000043,487.1990761513169,-330.5174657843551,1.460099254767978,7.999999999510239,5.387372326026708e-10,-0.6108652381980153,-0.33676726103229854,-2.114801120741782,160,0.3673763487503674,0.02791998536390139,0.0,0.0,8.0
22.100000000000044,487.5452208747202,-329.79622807708955,1.2486191426937998,7.999999999564112,4.794765473548069e-10,0.6108652381980153,0.33676726103229854,2.114801120756023,161,0.12420782401976921,-0.18356012671027688,0.0,0.0,8.0
22.200000000000045,487.53354922727743,-328.99631322376064,1.460099254769402,7.99999999961206,4.267343811648061e-10,-0.6108652381980153,-0.33676726103229854,-2.114801120768698,162,0.24629460814114526,0.02791998536532536,0.0,0.0,8.0
22.300000000000047,487.87969395068416,-328.2750755164854,1.2486191426925322,7.999999999654733,3.797936187766027e-10,0.6108652381980153,0.33676726103229854,2.114801120779979,163,0.0031260834085044473,-0.18356012671154454,0.0,0.0,8.0
22.40000000000005,487.86802230324224,-327.4751606631474,1.46009925477053,7.9999999996927125,3.3801628163132596e-10,-0.6108652381980153,-0.33676726103229854,-2.1148011207900184,163,0.1252128675302887,0.027919985366453348,0.0,0.0,8.0
22.50000000000005,488.21416702665164,-326.7539229558645,1.248619142691528,7.999999999726514,3.008347349009455e-10,0.6108652381980153,0.33676726103229854,2.114801120798954,164,-0.11795565720392993,-0.18356012671254862,0.0,0.0,8.0
22.60000000000005,488.20249537921046,-325.9540081025193,1.4600992547714235,7.999999999756597,2.6774289452191625e-10,-0.5889861715332355,-0.32239015679799865,-2.0277406809496683,165,0.004131126918108243,0.027919985367346856,0.0,0.0,8.0
22.700000000000053,488.5382353765117,-325.22786854694255,1.2573251866764568,7.9999999997833715,2.3829134221386995e-10,0.6108652381980153,0.33676726103229854,2.114801120813984,166,-0.2280551676581597,-0.17485408272761993,0.0,0.0,8.0
22.800000000000054,488.5196001654714,-324.42808562084645,1.4688052987578553,7.9999999998072004,2.1207950950952183e-10,-0.5659324979919145,-0.30754473004459293,-1.937404693017777,166,-0.0990898430935234,0.036626029353778566,0.0,0.0,8.0
22.900000000000055,488.83814698075594,-323.69424100075224,1.2750648294560776,7.999999999828408,1.887507927733623e-10,0.6108652381980153,0.33676726103229854,2.11480112082589,167,-0.3131832358806996,-0.15711443994799912,0.0,0.0,8.0
23.000000000000057,488.8053275825613,-322.89491447981436,1.4865449415386667,7.999999999847283,1.6798864521661019e-10,-0.5853519696321381,-0.3200296926406977,-2.0134063729769314,168,-0.17023284159839738,0.05436567213458998,0.0,0.0,8.0
23.10000000000006,489.12001389901553,-322.15940613709347,1.2852043042409735,7.999999999864082,1.4950973792338118e-10,0.6108652381980153,0.33676726103229854,2.1148011208353203,169,-0.3802728828522997,-0.14697496516310316,0.0,0.0,8.0
23.20000000000006,489.079091575639,-321.3604534705182,1.4966844163245057,7.999999999879033,1.3306395985068776e-10,-0.5876457940861602,-0.3215186654741164,-2.0224497175299434,170,-0.22934894320037894,0.06450514692042897,0.0,0.0,8.0
23.30000000000006,489.3874036809904,-320.6222504864587,1.2944394445715113,7.9999999998923395,1.1842660185834575e-10,0.6108652381980153,0.33676726103229854,2.11480112084279,170,-0.4327035863842658,-0.13773982483256542,0.0,0.0,8.0
23.400000000000063,489.3391047675772,-319.8237098081299,1.5059195566557904,7.999999999904182,1.0539933370523614e-10,-0.5938649858903389,-0.32557120730463573,-2.0470402479950423,171,-0.27453073861745625,0.07374028725171367,0.0,0.0,8.0
23.500000000000064,489.643586939859,-319.08391888716153,1.3012155318562861,7.999999999914722,9.380531906799661e-11,0.6108652381980153,0.33676726103229854,2.114801120848707,172,-0.47387277442601156,-0.13096373754779056,0.0,0.0,8.0
23.600000000000065,489.5898781953434,-318.28572381654976,1.5126956439411567,7.999999999924103,8.348628455223662e-11,-0.5971348961065789,-0.3277111351587664,-2.0600116378212787,173,-0.3103897403498555,0.08051637453708005,0.0,0.0,8.0
23.700000000000067,489.890927318997,-317.54452922325106,1.3066944801590288,7.999999999932452,7.430251969253733e-11,0.6108652381980153,0.33676726103229854,2.114801120853394,173,-0.5061377068152636,-0.1254847892450479,0.0,0.0,8.0
23.800000000000068,489.8328461329699,-316.74664039902876,1.5181745922443681,7.999999999939883,6.612896896740495e-11,-0.6002633755232722,-0.3297645028821632,-2.0724494666477313,174,-0.3383664867150885,0.08599532284029143,0.0,0.0,8.0
23.90000000000007,490.13135447344104,-316.0044188885216,1.310929645579595,7.999999999946495,5.885523179927077e-11,0.6108652381980153,0.33676726103229854,2.114801120857106,175,-0.5314561482991657,-0.12124962382448179,0.0,0.0,8.0
24.00000000000007,490.06989462724744,-315.2067832026993,1.5224097576653055,7.999999999952381,5.238067757318277e-11,-0.6024990083146271,-0.33123547309140344,-2.081354180132796,176,-0.36037365307796354,0.09023048826122881,0.0,0.0,8.0
24.100000000000072,490.36635018476954,-314.46373939348837,1.3142743396520258,7.99999999995762,4.66183536218523e-11,0.6108652381980153,0.33676726103229854,2.114801120860047,177,-0.5513166019994935,-0.11790492975205091,0.0,0.0,8.0
24.200000000000074,490.3022228399744,-313.66631373322735,1.5257544517380306,7.999999999962282,4.1490100244345744e-11,-0.6043273377273636,-0.3324407083137464,-2.088646875794693,177,-0.37762121472653964,0.0935751823339539,0.0,0.0,8.0
24.300000000000075,490.5970880085754,-312.9226373705938,1.3168897641585613,7.99999999996643,3.692655070608453e-11,0.6108652381980153,0.33676726103229854,2.114801120862376,178,-0.5669016275263342,-0.1152895052455154,0.0,0.0,8.0
24.400000000000077,490.53087527887357,-312.12538215774157,1.528369876244799,7.9999999999701235,3.2864200250060096e-11,-0.6057299094198147,-0.333366666850638,-2.0942476502519662,179,-0.39116440962445437,0.09619060684072234,0.0,0.0,8.0
24.500000000000078,490.82448361134925,-311.3812086920119,1.3189451112196025,7.99999999997341,2.9249314081880587e-11,0.6108652381980153,0.33676726103229854,2.114801120864221,180,-0.5791313553248175,-0.11323415818447424,0.0,0.0,8.0
24.60000000000008,490.7566323864986,-310.58409125318497,1.5304252233060245,7.9999999999763345,2.6032065392200824e-11,-0.6068400704461568,-0.3341004343986271,-2.0986846587928625,180,-0.4017903954003609,0.09824595390194779,0.0,0.0,8.0
24.70000000000008,491.04925697845016,-309.8395304106869,1.3205567574267383,7.999999999978938,2.3168489349245648e-11,0.6108652381980153,0.33676726103229854,2.1148011208656823,181,-0.5887295113558942,-0.11162251197733841,0.0,0.0,8.0
24.800000000000082,490.9801211709772,-309.04252335919887,1.5320368695133064,7.999999999981255,2.061950610254826e-11,-0.607706140840997,-0.3346733946249773,-2.102148498305183,182,-0.41013154310059713,0.09985760010922973,0.0,0.0,8.0
24.900000000000084,491.2719722403072,-308.2976589733353,1.3218220196827881,7.999999999983317,1.83509207829502e-11,0.6108652381980153,0.33676726103229854,2.11480112086684,183,-0.5962626143704588,-0.11035724972128858,0.0,0.0,8.0
25.000000000000085,491.2018280655026,-307.5007400347108,1.5333021317694722,7.999999999985152,1.6332446506339694e-11,-0.6083868787843751,-0.3351240699861145,-2.104872578026005,184,-0.4166781258822231,0.10112286236539547,1.887379141862766e-15,1.2079226507876866e-13,8.0
25.100000000000087,491.4930722813034,-306.7556381579448,1.3228148739668717,7.999999999986786,1.453575038112831e-11,0.6108652381980153,0.33676726103229854,2.1148011208677566,184,-0.6021753495783693,-0.109364395437205,1.887379141862766e-15,1.2079226507881798e-13,8.0
25.200000000000088,491.42213691681906,-305.95878925503825,1.5342949860536474,7.99999999998824,1.2936407500774294e-11,-0.6089202048002275,-0.335477352585159,-2.107007674249464,185,-0.4218169375637543,0.10211571664956698,0.0,0.0,8.0
25.30000000000009,491.71290452702254,-305.21350125912346,1.323594218628701,7.999999999989534,1.1512923947520905e-11,0.6108652381980153,0.33676726103229854,2.114801120868483,186,-0.6068164105022847,-0.10858505077537561,-3.885780586188048e-15,-2.4868995751538434e-13,8.0
25.40000000000009,491.6413481642046,-304.41670788130295,1.5350743307155494,7.999999999990685,1.0246736792396406e-11,-0.6093388323429991,-0.3357547804271991,-2.108684150873405,187,-0.42585062885119374,0.10289506131147674,0.0,0.0,8.0
25.500000000000092,491.93174166521794,-303.6712740381165,1.3242059156282089,7.99999999999171,9.119283106429067e-12,0.6108652381980153,0.33676726103229854,2.1148011208690587,187,-0.6104594288057756,-0.10797335377586381,0.0,0.0,8.0
25.600000000000094,491.85969791969916,-302.87452458017486,1.5356860277151148,7.999999999992622,8.115907945693835e-12,-0.609667204753152,-0.3359724713293392,-2.1099995278049435,188,-0.4290170079808473,0.10350675831103806,3.885780586188048e-15,2.4868995751557634e-13,8.0
25.700000000000095,492.14979769270025,-302.128976378042,1.3246860749346203,7.999999999993434,7.222933362527329e-12,0.6108652381980153,0.33676726103229854,2.114801120869514,189,-0.6133190959697961,-0.10749319446946015,0.0,0.0,8.0
25.800000000000097,492.07737138883397,-301.33226160442024,1.5361661870215717,7.999999999994156,6.428635401789507e-12,-0.6099249156905804,-0.33614336473342105,-2.1110320651722954,190,-0.43150257874210474,0.10398691761749501,-6.048495038157853e-13,-3.87103682441537e-11,8.0
25.900000000000098,492.3672405753279,-300.58662371997474,1.3250629805043421,7.999999999994799,5.721290108340327e-12,0.6108652381980153,0.33676726103229854,2.114801120869875,191,-0.6155639002781023,-0.10711628889852864,-9.067968598230891e-12,-5.803499902860224e-10,8.0
26.0000000000001,492.2945139903775,-299.78993630081925,1.5365430925913297,7.999999999995371,5.092104515824759e-12,-0.6101271490082056,-0.3362774986029973,-2.1118424583725663,191,-0.4334537619169146,0.10436382318845894,-9.067968598230891e-12,-5.803499902861054e-10,8.0
26.1000000000001,492.5842021485542,-299.0442280663123,1.3253588467540731,7.99999999999588,4.5322856578877695e-12,0.6108652381980153,0.33676726103229854,2.114801120870161,192,-0.6173260710294961,-0.10682042263186764,-1.63149493914716e-11,-1.0441567610531069e-09,8.0
26.200000000000102,492.5112398538714,-298.24756219936813,1.5368389588410891,7.999999999996333,4.034017564435999e-12,-0.6102858743224477,-0.3363827929816747,-2.112478586132081,193,-0.4349854617747593,0.10465968947084825,-7.835843085501892e-12,-5.014939574716613e-10,8.0
26.300000000000104,492.80078589577505,-297.50179877198826,1.325591100227881,7.999999999996736,3.5904612616377567e-12,0.6108652381980153,0.33676726103229854,2.114801120870387,194,-0.6187093915716727,-0.106588169142388,1.9984014443252818e-15,1.2789769243671368e-13,8.0
26.400000000000105,492.7276385746467,-296.705149872277,1.5370712123149197,7.999999999997095,3.195754771923021e-12,-0.610410452748745,-0.33646544611709256,-2.1129779121822247,194,-0.4361878750653257,0.10489194294465065,1.9984014443252818e-15,1.2789769243672514e-13,8.0
26.500000000000107,493.0170730468496,-295.9593431370566,1.3257734210966972,7.9999999999974145,2.8440361177217713e-12,0.6108652381980153,0.33676726103229854,2.1148011208705664,195,-0.61979532133588,-0.10640584827354771,-1.2101430968414206e-14,-7.744915819780086e-13,8.0
26.600000000000108,492.94378048121825,-295.1627075868689,1.5372535331837538,7.999999999997699,2.5313973139873272e-12,-0.6105082373924446,-0.33653032932183224,-2.1133698759993425,196,-0.4371317980588709,0.10507426381350893,1.2101430968414206e-14,7.744915819780636e-13,8.0
26.70000000000011,493.2331273656247,-294.41686686628316,1.3259165455838196,7.999999999997952,2.252953379411338e-12,0.6108652381980153,0.33676726103229854,2.1148011208707085,197,-0.6206478007932695,-0.10626272378644952,0.0,0.0,8.0
26.80000000000011,493.1597207826899,-293.62024181421566,1.5373966576708904,7.9999999999981775,2.004796328947123e-12,-0.6105849924437334,-0.33658126288282875,-2.113677562844249,198,-0.4378728044262052,0.10521738830064553,-1.2101430968414206e-14,-7.744915819781563e-13,8.0
26.900000000000112,493.44899890612004,-292.87437442164213,1.3260289013864655,7.999999999998378,1.7839951738096717e-12,0.6108652381980153,0.33676726103229854,2.1148011208708213,198,-0.6213170203738241,-0.10615036798377941,-1.2101430968414206e-14,-7.744915819781952e-13,8.0
27.000000000000114,493.3755028182016,-292.0777576222584,1.5375090134735476,7.999999999998557,1.587618925213974e-12,-0.6106452426657372,-0.33662124663509707,-2.113919098654155,199,-0.4384545178550231,0.10532974410330276,1.2101430968414206e-14,7.744915819782297e-13,8.0
27.100000000000115,493.6647269609217,-291.33186929598725,1.326117103608132,7.999999999998716,1.4127365943750193e-12,0.6108652381980153,0.33676726103229854,2.1148011208709105,200,-0.6218423783902737,-0.106062165762137,-1.9984014443252818e-15,-1.2789769243677696e-13,8.0
27.200000000000117,493.5911606099177,-290.5352589822204,1.5375972156952231,7.999999999998857,1.2573941887694673e-12,-0.6106925379659733,-0.336652634713231,-2.114108706926755,201,-0.4389111828882685,0.10541794632498225,-1.2101430968414206e-14,-7.744915819782879e-13,8.0
27.300000000000118,493.8803423751647,-289.7893542251311,1.3261863450025477,7.999999999998983,1.1186607196123077e-12,0.6108652381980153,0.33676726103229854,2.114801120870981,202,-0.622254802128977,-0.10599292436769714,1.5987211554602254e-14,1.0231815394942842e-12,8.0
27.40000000000012,493.8067208659281,-288.99274900711055,1.5376664570896459,7.999999999999095,9.955591906418705e-13,-0.6107296645923241,-0.33667727520507174,-2.1142575530991277,202,-0.4392696815679946,0.10548718771940102,1.5987211554602254e-14,1.0231815394943128e-12,8.0
27.50000000000012,494.09586936286206,-288.24683135299534,1.326240701779733,7.999999999999194,8.86135609334815e-13,0.6108652381980153,0.33676726103229854,2.114801120871037,203,-0.6225785695763261,-0.10593856759053977,-1.9984014443252818e-15,-1.2789769243679229e-13,8.0
27.600000000000122,494.02220455284197,-287.4502301379796,1.5377208138668368,7.999999999999283,7.884359831678012e-13,-0.610758809209441,-0.33669661873369894,-2.1143744009304597,204,-0.43955111668112745,0.10554154449659592,-1.3988810110276972e-14,-8.952838470575658e-13,8.0
27.700000000000124,494.31132693259843,-286.7043023602934,1.3262833737737907,7.999999999999362,7.01483315879159e-13,0.6108652381980153,0.33676726103229854,2.114801120871081,205,-0.622832739217182,-0.10589589559645418,1.5987211554602254e-14,1.023181539494381e-12,8.0
27.800000000000125,494.2376281300831,-285.9077042894272,1.5377634858608988,7.9999999999994325,6.243006112072181e-13,-0.6107816881506579,-0.336711804049791,-2.1144661298267353,205,-0.4397720543201265,0.10558421649065397,1.5987211554602254e-14,1.023181539494399e-12,8.0
27.900000000000126,494.52673000665374,-285.161768565009,1.3263168728782253,7.999999999999495,5.559108728903085e-13,0.6108652381980153,0.33676726103229854,2.1148011208711166,206,-0.623032272308026,-0.10586239649204754,-1.9984014443252818e-15,-1.2789769243680188e-13,8.0
28.000000000000128,494.4530045188578,-284.3651729634337,1.537796984965337,7.999999999999551,4.943601084050897e-13,-0.610799648590767,-0.3367237250634254,-2.114538139933659,207,-0.4399454992855472,0.10561771559509614,-1.5987211554602254e-14,-1.0231815394944294e-12,8.0
28.10000000000013,494.74209029949236,-283.61923100092264,1.326343170971971,7.9999999999996,4.3964831775156204e-13,0.6108652381980153,0.33676726103229854,2.1148011208711446,208,-0.6231889137894914,-0.1058360983982698,1.5987211554602254e-14,1.023181539494442e-12,8.0
28.20000000000013,494.6683438627761,-282.8226373384625,1.5378232830590854,7.999999999999645,3.9079850466805515e-13,-0.6108137479968176,-0.33673308350516445,-2.1145946703513734,209,-0.4400816607225691,0.1056440136888126,1.9984014443252818e-15,1.2789769243680667e-13,8.0
28.300000000000132,494.95741700737193,-282.07669047904596,1.3263638160239482,7.999999999999684,3.4781066915456906e-13,0.6108652381980153,0.33676726103229854,2.1148011208711663,209,-0.6233118837694432,-0.1058154533463247,1.9984014443252818e-15,1.2789769243680794e-13,8.0
28.400000000000134,494.8836541249538,-281.28009833925466,1.5378439281110647,7.9999999999997184,3.097078149494337e-13,-0.6108248164488561,-0.3367404302460591,-2.1146390487990727,210,-0.4401885531399358,0.10566465874081987,-1.5987211554602254e-14,-1.0231815394944722e-12,8.0
28.500000000000135,495.1727173496907,-280.5341476357194,1.3263800232311573,7.9999999999997495,2.755129457909789e-13,0.6108652381980153,0.33676726103229854,2.114801120871184,211,-0.623408420323212,-0.10579924613908354,1.3988810110276972e-14,8.952838470576702e-13,8.0
28.600000000000136,495.0989415567484,-279.737556691523,1.5378601353182757,7.999999999999777,2.452260616792046e-13,-0.6108335055450035,-0.3367461977307784,-2.114673887571137,212,-0.4402724682065163,0.10568086594800286,1.9984014443252818e-15,1.2789769243681091e-13,8.0
28.700000000000138,495.38799699395116,-278.9916029702886,1.326392746561162,7.999999999999802,2.1787016635244073e-13,0.6108652381980153,0.33676726103229854,2.114801120871198,212,-0.6234842055872631,-0.10578652280911083,1.9984014443252818e-15,1.278976924368117e-13,8.0
28.80000000000014,495.3142110657254,-278.1950129648305,1.537872858648282,7.999999999999824,1.9344525981068729e-13,-0.6108403267919326,-0.336750725442546,-2.1147012373850784,213,-0.44033834511322884,0.10569358927803707,-1.5987211554602254e-14,-1.0231815394944992e-12,8.0
28.90000000000014,495.60326038936654,-277.4490568746331,1.326402734909774,7.999999999999844,1.7195134205394427e-13,0.6108652381980153,0.33676726103229854,2.1148011208712085,214,-0.6235437002453531,-0.10577653446046686,1.3988810110276972e-14,8.952838470576913e-13,8.0
29.000000000000142,495.5294665045258,-276.6524676062142,1.5378828469968948,7.999999999999861,1.5338841308221164e-13,-0.6108456817226655,-0.33675427988372775,-2.114722708090912,215,-0.44039006131530045,0.10570357762662197,1.9984014443252818e-15,1.2789769243681357e-13,8.0
29.100000000000144,495.8185110287485,-275.9065096563157,1.3264105761878036,7.999999999999876,1.3677947663381929e-13,0.6108652381980153,0.33676726103229854,2.114801120871217,216,-0.6235904061034006,-0.10576869318244131,-1.5987211554602254e-14,-1.0231815394945124e-12,8.0
29.200000000000145,495.74471089763205,-275.1099209665597,1.5378906882749253,7.999999999999889,1.2212453270876722e-13,-0.6108498855508697,-0.3367570702703174,-2.114739563483933,216,-0.4404306607676508,0.10571141890468039,-1.5987211554602254e-14,-1.0231815394945158e-12,8.0
29.300000000000146,496.03375165409847,-274.36396155673816,1.3264167319265319,7.999999999999901,1.084465850453853e-13,0.6108652381980153,0.33676726103229854,2.114801120871224,217,-0.6236270722168035,-0.105762537443709,1.2101430968414206e-14,7.744915819784901e-13,8.0
29.400000000000148,495.9599466193916,-273.5673733212916,1.5378968440136542,7.999999999999912,9.672262990534364e-14,-0.6108531857221248,-0.33675926084174257,-2.11475279566841,218,-0.44046253309930333,0.10571757464338516,1.9984014443252818e-15,1.2789769243681523e-13,8.0
29.50000000000015,496.2489844180019,-272.82141276538096,1.3264215644468131,7.999999999999922,8.597567102697213e-14,0.6108652381980153,0.33676726103229854,2.1148011208712294,219,-0.6236558567048491,-0.10575770492343173,-1.2101430968414206e-14,-7.744915819784941e-13,8.0
29.60000000000015,496.17517553376706,-272.024824886608,1.5379016765339362,7.999999999999931,7.620570841027076e-14,-0.6108557764917684,-0.3367609805347983,-2.1147631834968657,219,-0.4404875542667921,0.1057224071636913,-1.2101430968414206e-14,-7.744915819784958e-13,8.0
29.700000000000152,496.4642110103296,-271.27886343097623,1.3264253581842496,7.999999999999939,6.741274205523951e-14,0.6108652381980153,0.33676726103229854,2.114801120871234,220,-0.6236784537798746,-0.10575391118599531,1.2101430968414206e-14,7.744915819784973e-13,8.0
29.800000000000153,496.39039910405006,-270.4822758322205,1.537905470271373,7.999999999999946,5.959677196187841e-14,-0.6108578103523415,-0.33676233056739563,-2.114771338382092,221,-0.44050719697546914,0.10572620090110396,0.0,0.0,8.0
29.900000000000155,496.67943275770216,-269.7363136702736,1.326428336433164,7.999999999999952,5.2757798130187444e-14,0.6108652381980153,0.33676726103229854,2.1148011208712374,222,-0.6236961934693526,-0.10575093293708093,-1.2101430968414206e-14,-7.744915819784999e-13,8.0
30.000000000000156,496.6056184789868,-268.9397262913517,1.5379084485202876,7.999999999999957,4.6895820560166616e-14,-0.6108594070190293,-0.33676339040196096,-2.1147777403205414,223,-0.440522617360652,0.10572917915004276,-1.9984014443252818e-15,-1.2789769243681667e-13,8.0
30.100000000000158,496.8946507015738,-268.19376357491984,1.3264306744882335,7.999999999999962,4.201083925181593e-14,0.6108652381980153,0.33676726103229854,2.1148011208712396,223,-0.6237101199010104,-0.10574859488201138,-1.9984014443252818e-15,-1.2789769243681682e-13,8.0
30.20000000000016,496.8208345603935,-267.39717636858194,1.5379107865753574,7.999999999999966,3.712585794346524e-14,-0.6108606604695715,-0.33676422241780496,-2.1147827661166736,224,-0.4405347230386603,0.10573151720511653,-1.9984014443252818e-15,-1.2789769243681695e-13,8.0
30.30000000000016,497.10986565953107,-266.65121321685706,1.32643250996369,7.99999999999997,3.321787289678469e-14,0.6108652381980153,0.33676726103229854,2.114801120871242,225,-0.6237210527596245,-0.10574675940655087,1.5987211554602254e-14,1.0231815394945366e-12,8.0
30.400000000000162,497.0360480562346,-265.85462614600823,1.5379126220508141,7.999999999999973,2.930988785010413e-14,-0.6108616444820486,-0.3367648755866385,-2.1147867115854613,226,-0.44054422652671726,0.10573335268054129,1.9984014443252818e-15,1.2789769243681718e-13,8.0
30.500000000000163,497.3250782734148,-265.1086626525605,1.326433950892268,7.999999999999976,2.6378899065093722e-14,0.6108652381980153,0.33676726103229854,2.1148011208712436,226,-0.6237296355330149,-0.10574531847800483,1.9984014443252818e-15,1.2789769243681728e-13,8.0
30.600000000000165,497.25125952229337,-264.3120756880784,1.5379140629793924,7.999999999999979,2.3447910280083308e-14,-0.6108624169744789,-0.336765388352895,-2.1147898089513237,227,-0.44055168718208293,0.1057347936091475,-1.5987211554602254e-14,-1.0231815394945388e-12,8.0
30.700000000000166,497.54028904709827,-263.566111926364,1.3264350820842599,7.999999999999981,2.0516921495072894e-14,0.6108652381980153,0.33676726103229854,2.114801120871245,228,-0.6237363733869132,-0.105744187285981,1.3988810110276972e-14,8.952838470577221e-13,8.0
30.800000000000168,497.46646939488403,-262.76952504538554,1.5379151941713844,7.999999999999983,1.856292897173262e-14,-0.6108630234138256,-0.3367657908964307,-2.1147922405161745,229,-0.44055754412444403,0.1057359248011116,1.9984014443252818e-15,1.278976924368175e-13,8.0
30.90000000000017,497.75549837614346,-262.0235610730704,1.326435970119767,7.999999999999985,1.6608936448392344e-14,0.6108652381980153,0.33676726103229854,2.114801120871246,230,-0.6237416628980962,-0.10574329925047787,-1.5987211554602254e-14,-1.0231815394945404e-12,8.0
31.00000000000017,497.68167801653186,-261.22697425764676,1.5379160822068916,7.999999999999987,1.4654943925052066e-14,-0.6108634994958936,-0.3367661069113084,-2.1147941494042928,230,-0.44056214208152095,0.10573681283664671,-1.5987211554602254e-14,-1.0231815394945408e-12,8.0
31.100000000000172,497.97070657108446,-260.48101012000126,1.3264366672664623,7.9999999999999885,1.2700951401711791e-14,0.6108652381980153,0.33676726103229854,2.1148011208712467,231,-0.6237458153969375,-0.10574260210377862,1.3988810110276972e-14,8.952838470577236e-13,8.0
31.200000000000173,497.896885656135,-259.6844233560414,1.537916779353587,7.999999999999989,1.1723955140041654e-14,-0.6108638732401473,-0.3367663549962492,-2.114795647961425,232,-0.44056575168024426,0.10573750998331422,1.9984014443252818e-15,1.2789769243681768e-13,8.0
31.300000000000175,498.18591387570365,-258.9384590886043,1.3264372145574446,7.99999999999999,1.0746958878371517e-14,0.6108652381980153,0.33676726103229854,2.1148011208712476,233,-0.6237490752911644,-0.1057420548128003,-1.5987211554602254e-14,-1.0231815394945418e-12,8.0
31.400000000000176,498.11209252478943,-258.1418723650461,1.5379173266445694,7.999999999999991,9.769962616701378e-15,-0.6108641666466416,-0.336766549754442,-2.1147968243982347,233,-0.440568585373898,0.1057380572743245,-1.5987211554602254e-14,-1.023181539494542e-12,8.0
31.500000000000178,498.4011204813812,-257.3959079957171,1.3264376442047459,7.999999999999992,8.79296635503124e-15,0.6108652381980153,0.33676726103229854,2.1148011208712476,234,-0.623751634451582,-0.10574162516549501,1.3100631690576847e-14,8.384404281969165e-13,8.0
31.60000000000018,498.32729878821567,-256.5993213038761,1.5379177562918707,7.999999999999993,7.815970093361103e-15,-0.6108643969826316,-0.33676670264755454,-2.1147977479489826,235,-0.44057080994835873,0.1057384869215996,1.9984014443252818e-15,1.278976924368178e-13,8.0
31.70000000000018,498.61632653835863,-255.85335685455743,1.3264379814969725,7.999999999999994,6.838973831690965e-15,0.6108652381980153,0.33676726103229854,2.1148011208712485,236,-0.6237536435050808,-0.10574128787327242,-1.4099832412739488e-14,-9.023892744153258e-13,8.0
31.800000000000182,498.5425045765106,-255.05677018761597,1.5379180935840973,7.999999999999995,5.861977570020827e-15,-0.6108645778073418,-0.33676682267594477,-2.1147984729803624,237,-0.4405725563369893,0.10573882421385439,1.3100631690576847e-14,8.384404281969171e-13,8.0
31.900000000000183,498.8315321645825,-254.31080567550205,1.3264382462860609,7.999999999999996,4.884981308350689e-15,0.6108652381980153,0.33676726103229854,2.114801120871249,237,-0.6237552207005135,-0.10574102308418198,1.3100631690576847e-14,8.384404281969173e-13,8.0
32.000000000000185,498.757709991807,-253.51421902810787,1.5379183583731857,7.9999999999999964,3.907985046680551e-15,-0.6108647197620662,-0.3367669169031088,-2.1147990421594374,238,-0.440573927329152,0.10573908900291462,0.0,0.0,8.0
32.100000000000186,499.04673745264574,-252.76825446669687,1.326438454157242,7.9999999999999964,3.907985046680551e-15,0.6108652381980153,0.33676726103229854,2.114801120871249,239,-0.6237564588684296,-0.10574081521300083,-1.4099832412739488e-14,-9.023892744153264e-13,8.0
32.20000000000019,498.97291511428284,-251.9716678346482,1.5379185662443668,7.9999999999999964,3.907985046680551e-15,-0.6108648312031506,-0.33676699087583933,-2.114799488991617,240,-0.4405750036182247,0.10573929687412398,1.4099832412739488e-14,9.023892744153264e-13,8.0
32.30000000000019,499.2619424752381,-251.22570323453687,1.3264386173452052,7.9999999999999964,3.907985046680551e-15,0.6108652381980153,0.33676726103229854,2.114801120871249,240,-0.6237574308846978,-0.10574065202503768,1.4099832412739488e-14,9.023892744153264e-13,8.0
32.40000000000019,499.18812000688183,-250.42911661453513,1.53791872943233,7.9999999999999964,3.907985046680551e-15,-0.6108649186889945,-0.33676704894748677,-2.114799839773317,241,-0.44057584855268167,0.10573946006205892,0.0,0.0,8.0
32.50000000000019,499.477147289424,-249.68315198404233,1.3264387454549982,7.9999999999999964,3.907985046680551e-15,0.6108652381980153,0.33676726103229854,2.114801120871249,242,-0.6237581939603418,-0.10574052391524469,-1.3100631690576847e-14,-8.384404281969175e-13,8.0
32.60000000000019,499.40332471901723,-248.88656537349797,1.537918857542123,7.9999999999999964,3.907985046680551e-15,-0.6108649873694787,-0.33676709453645265,-2.1148001151533937,243,-0.44057651186335334,0.10573958817187812,1.4099832412739488e-14,9.023892744153264e-13,8.0
32.700000000000195,499.6923519400018,-248.14060071915438,1.3264388460267835,7.9999999999999964,3.907985046680551e-15,0.6108652381980153,0.33676726103229854,2.114801120871249,244,-0.6237587930083079,-0.10574042334348754,-9.992007221626409e-16,-6.394884621840897e-14,8.0
32.800000000000196,499.6185292894809,-247.34401411603451,1.5379189581139086,7.9999999999999964,3.907985046680551e-15,-0.6108650412864765,-0.3367671303256633,-2.114800331338061,244,-0.44057703259154063,0.10573968874363748,-9.992007221626409e-16,-6.394884621840897e-14,8.0
32.9000000000002,499.9075564621399,-246.598049442967,1.3264389249801025,7.9999999999999964,3.907985046680551e-15,0.6108652381980153,0.33676726103229854,2.114801120871249,245,-0.6237592632873352,-0.10574034439014035,-1.4099832412739488e-14,-9.023892744153264e-13,8.0
33.0000000000002,499.8337337487258,-245.80146284567567,1.5379190370672275,7.9999999999999964,3.907985046680551e-15,-0.6108650836138934,-0.33676715842190325,-2.114800501053349,246,-0.440577441385987,0.10573976769698468,1.4099832412739488e-14,9.023892744153264e-13,8.0
33.1000000000002,500.12276088344726,-245.05549815790908,1.3264389869618927,7.9999999999999964,3.907985046680551e-15,0.6108652381980153,0.33676726103229854,2.114801120871249,247,-0.6237596324770714,-0.1057402824083784,0.0,0.0,8.0
33.2000000000002,500.04893812065933,-244.25891156519342,1.5379190990490175,7.9999999999999964,3.907985046680551e-15,-0.610865116842556,-0.3367671804785412,-2.1148006342864307,247,-0.4405777623077477,0.1057398296787464,0.0,0.0,8.0
33.3000000000002,500.33796522559805,-243.5129468658874,1.3264390356203744,7.9999999999999964,3.907985046680551e-15,0.6108652381980153,0.33676726103229854,2.114801120871249,248,-0.6237599223073501,-0.10574023374986852,-1.4099832412739488e-14,-9.023892744153264e-13,8.0
33.400000000000205,500.2641424240494,-242.71636027676382,1.5379191477074992,7.9999999999999964,3.907985046680551e-15,-0.610865142928745,-0.3367671977941236,-2.1148007388811743,249,-0.44057801424536863,0.10573987833725629,1.4988010832439613e-14,9.592326932761344e-13,8.0
33.500000000000206,500.5531695056074,-241.97039556839883,1.3264390738193816,7.9999999999999964,3.907985046680551e-15,0.6108652381980153,0.33676726103229854,2.114801120871249,250,-0.6237601498368138,-0.1057401955508912,0.0,0.0,8.0
33.60000000000021,500.47934667362995,-241.17380898209524,1.5379191859065067,7.9999999999999964,3.907985046680551e-15,-0.6108651634074735,-0.33676721138756627,-2.1148008209923397,251,-0.4405782120276231,0.1057399165362638,-1.4988010832439613e-14,-9.592326932761344e-13,8.0
33.70000000000021,500.7683737368331,-240.42784426661856,1.3264391038072727,7.9999999999999964,3.907985046680551e-15,0.6108652381980153,0.33676726103229854,2.114801120871249,251,-0.6237603284576039,-0.10574016556297017,-1.4988010832439613e-14,-9.592326932761344e-13,8.0
33.80000000000021,500.6945508809677,-239.63125768252874,1.5379192158943975,7.9999999999999964,3.907985046680551e-15,-0.6108651794838986,-0.33676722205883275,-2.1148008854521043,252,-0.4405783672954279,0.10573994652415464,1.4988010832439613e-14,9.592326932761344e-13,8.0
33.90000000000021,500.98357792976134,-238.88529296146905,1.3264391273491871,7.9999999999999964,3.907985046680551e-15,0.6108652381980153,0.33676726103229854,2.114801120871249,253,-0.6237604686827035,-0.10574014202108573,0.0,0.0,8.0
34.00000000000021,500.90975505514274,-238.08870637911716,1.5379192394363121,7.9999999999999964,3.907985046680551e-15,-0.6108651921051809,-0.3367672304366323,-2.1148009360581868,254,-0.4405784891873947,0.10573997006606928,-1.5987211554602254e-14,-1.0231815394945435e-12,8.0
34.100000000000215,501.19878209262447,-237.34274165367464,1.3264391458304934,7.9999999999999964,3.907985046680551e-15,0.6108652381980153,0.33676726103229854,2.114801120871249,254,-0.6237605787656586,-0.10574012353974949,-1.5987211554602254e-14,-1.0231815394945435e-12,8.0
34.200000000000216,501.12495920328394,-236.5461550726871,1.5379192579176184,7.9999999999999964,3.907985046680551e-15,-0.6108652020127541,-0.3367672370131165,-2.1148009757834267,255,-0.44057858487808244,0.10573998854737754,1.4099832412739488e-14,9.023892744153264e-13,8.0
34.30000000000022,501.4139862318851,-235.80019034380376,1.3264391603392758,7.9999999999999964,3.907985046680551e-15,0.6108652381980153,0.33676726103229854,2.114801120871249,256,-0.6237606651855353,-0.10574010903099529,1.9984014443252818e-15,1.2789769243681793e-13,8.0
34.40000000000022,501.340163330987,-235.0036037638873,1.5379192724264006,7.9999999999999964,3.907985046680551e-15,-0.6108652097913334,-0.3367672421764097,-2.114801006972289,257,-0.44057865999935464,0.10574000305615572,-1.4099832412739488e-14,-9.023892744153264e-13,8.0
34.50000000000022,501.6291903526168,-234.25763903230285,1.3264391717291717,7.9999999999999964,3.907985046680551e-15,0.6108652381980153,0.33676726103229854,2.114801120871249,258,-0.6237607330290107,-0.10574009764107117,1.3100631690576847e-14,8.384404281969175e-13,8.0
34.60000000000022,501.55536744264566,-233.46105245322724,1.5379192838162967,7.9999999999999964,3.907985046680551e-15,-0.6108652158972103,-0.33676724622939047,-2.114801031454311,258,-0.44057871897295126,0.10574001444605385,1.3100631690576847e-14,8.384404281969175e-13,8.0
34.70000000000022,501.8443944588023,-232.71508771952222,1.3264391806708655,7.9999999999999964,3.907985046680551e-15,0.6108652381980153,0.33676726103229854,2.114801120871249,259,-0.6237607862890424,-0.10574008869940554,9.992007221626409e-16,6.394884621840897e-14,8.0
34.800000000000225,501.77057154170836,-231.9185011411067,1.5379192927579903,7.9999999999999964,3.907985046680551e-15,-0.6108652206912117,-0.3367672494115698,-2.1148010506762596,260,-0.44057876526971695,0.10574002338774546,-1.4099832412739488e-14,-9.023892744153264e-13,8.0
34.900000000000226,502.0595985535686,-231.17253640573705,1.3264391876903643,7.9999999999999964,3.907985046680551e-15,0.6108652381980153,0.33676726103229854,2.114801120871249,261,-0.6237608281005588,-0.10574008167987858,-1.9984014443252818e-15,-1.2789769243681793e-13,8.0
35.00000000000023,501.98577563088304,-230.37594982783972,1.537919299777489,7.9999999999999964,3.907985046680551e-15,-0.6108652244541618,-0.33676725190935425,-2.114801065764121,261,-0.4405788016148113,0.10574003040724622,-1.9984014443252818e-15,-1.2789769243681793e-13,8.0
35.10000000000023,502.27480263937025,-229.62998509116315,1.326439193201077,7.9999999999999964,3.907985046680551e-15,0.6108652381980153,0.33676726103229854,2.114801120871249,262,-0.6237608609244459,-0.10574007616916381,9.992007221626409e-16,6.394884621840897e-14,8.0
35.20000000000023,502.20097971229495,-228.83339851367265,1.5379193052882019,7.9999999999999964,3.907985046680551e-15,-0.6108652274085148,-0.3367672538704053,-2.1148010776098465,263,-0.44057883014725485,0.105740035917957,1.5987211554602254e-14,1.0231815394945435e-12,8.0
35.30000000000023,502.4900067181342,-228.08743377597014,1.3264391975272172,7.9999999999999964,3.907985046680551e-15,0.6108652381980153,0.33676726103229854,2.114801120871249,264,-0.6237608866925966,-0.10574007184305567,-1.9984014443252818e-15,-1.2789769243681793e-13,8.0
35.40000000000023,502.41618378761274,-227.290847198799,1.5379193096143422,7.9999999999999964,3.907985046680551e-15,-0.6108652297279944,-0.3367672554100377,-2.114801086909993,265,-0.44057885254646356,0.10574004024410133,-1.4988010832439613e-14,-9.592326932761344e-13,8.0
35.500000000000234,502.7052107913734,-226.54488246029112,1.326439200923343,7.9999999999999964,3.907985046680551e-15,0.6108652381980153,0.33676726103229854,2.114801120871249,265,-0.6237609069218368,-0.10574006844689787,-1.4988010832439613e-14,-9.592326932761344e-13,8.0
35.600000000000236,502.63138785814664,-225.7482958833707,1.5379193130104678,7.9999999999999964,3.907985046680551e-15,-0.6108652315483262,-0.33676725661834406,-2.114801094208765,266,-0.4405788701309401,0.10574004364022493,1.5987211554602254e-14,1.0231815394945435e-12,8.0
35.70000000000024,502.92041486027523,-225.00233114423048,1.3264392035895913,7.9999999999999964,3.907985046680551e-15,0.6108652381980153,0.33676726103229854,2.114801120871249,267,-0.6237609228025388,-0.10574006578068151,0.0,0.0,8.0
35.80000000000024,502.84659192492455,-224.20574456750688,1.5379193156767164,7.9999999999999964,3.907985046680551e-15,-0.610865232978105,-0.33676725756740783,-2.1148010999415834,268,-0.440578883935374,0.10574004630647349,-1.4988010832439613e-14,-9.592326932761344e-13,8.0
35.90000000000024,503.13561892577223,-223.45977982787034,1.326439205682558,7.9999999999999964,3.907985046680551e-15,0.6108652381980153,0.33676726103229854,2.114801120871249,268,-0.6237609352697423,-0.10574006368768485,-1.4988010832439613e-14,-9.592326932761344e-13,8.0
36.00000000000024,503.06179598875434,-222.66319325130127,1.537919317769683,7.9999999999999964,3.907985046680551e-15,-0.6108652340997573,-0.33676725831194226,-2.114801104438942,269,-0.4405788947726411,0.10574004839944018,1.4988010832439613e-14,9.592326932761344e-13,8.0
36.10000000000024,503.3508229885961,-221.917228511275,1.326439207325789,7.9999999999999964,3.907985046680551e-15,0.6108652381980153,0.33676726103229854,2.114801120871249,270,-0.6237609450569392,-0.10574006204448394,0.0,0.0,8.0
36.200000000000244,503.27700005026924,-221.12064193482723,1.537919319412914,7.9999999999999964,3.907985046680551e-15,-0.6108652349810897,-0.3367672588969562,-2.114801107972717,271,-0.4405789032802237,0.10574005004267106,-1.5987211554602254e-14,-1.0231815394945435e-12,8.0
36.300000000000246,503.56602704932163,-220.37467719449512,1.3264392086156422,7.9999999999999964,3.907985046680551e-15,0.6108652381980153,0.33676726103229854,2.114801120871249,272,-0.6237609527403887,-0.10574006075459863,1.4099832412739488e-14,9.023892744153264e-13,8.0
36.40000000000025,503.4922041099673,-219.57809061814257,1.537919320702767,7.9999999999999964,3.907985046680551e-15,-0.6108652356722037,-0.33676725935570634,-2.1148011107437967,272,-0.440578909959209,0.10574005133252617,1.4099832412739488e-14,9.023892744153264e-13,8.0
36.50000000000025,503.7812311083997,-218.83212587757023,1.3264392096283872,7.9999999999999964,3.907985046680551e-15,0.6108652381980153,0.33676726103229854,2.114801120871249,273,-0.6237609587721981,-0.10574005974188383,1.9984014443252818e-15,1.2789769243681793e-13,8.0
36.60000000000025,503.7074081682386,-218.03553930129243,1.537919321715512,7.9999999999999964,3.907985046680551e-15,-0.6108652362155085,-0.336767259716343,-2.114801112922222,274,-0.44057891520233394,0.10574005234526718,-1.4099832412739488e-14,-9.023892744153264e-13,8.0
36.70000000000025,503.99643516618454,-217.2895745605316,1.3264392104232898,7.9999999999999964,3.907985046680551e-15,0.6108652381980153,0.33676726103229854,2.114801120871249,275,-0.6237609635074212,-0.10574005894695304,1.3100631690576847e-14,8.384404281969175e-13,8.0
36.80000000000025,503.92261222539025,-216.4929879843125,1.5379193225104149,7.9999999999999964,3.907985046680551e-15,-0.6108652366413332,-0.33676725999899854,-2.114801114629602,275,-0.44057891931853554,0.10574005314017199,1.3100631690576847e-14,8.384404281969175e-13,8.0
36.900000000000254,504.2116392229541,-215.74702324340362,1.3264392110474545,7.9999999999999964,3.907985046680551e-15,0.6108652381980153,0.33676726103229854,2.114801120871249,276,-0.6237609672247898,-0.10574005832281652,9.992007221626409e-16,6.394884621840897e-14,8.0
37.000000000000256,504.1378162816626,-214.95043666723058,1.5379193231345796,7.9999999999999964,3.907985046680551e-15,-0.6108652369762555,-0.3367672602213145,-2.114801115972501,277,-0.4405789225498525,0.10574005376433471,-1.4099832412739488e-14,-9.023892744153264e-13,8.0
37.10000000000026,504.4268432789267,-214.20447192620557,1.3264392115373296,7.9999999999999964,3.907985046680551e-15,0.6108652381980153,0.33676726103229854,2.114801120871249,278,-0.6237609701431402,-0.10574005783291329,1.2101430968414206e-14,7.744915819785085e-13,8.0
37.20000000000026,504.35302033724497,-213.4078853500687,1.5379193236244544,7.9999999999999964,3.907985046680551e-15,-0.6108652372385351,-0.3367672603954114,-2.114801117024133,279,-0.44057892508670826,0.10574005425418531,0.0,0.0,8.0
37.30000000000026,504.6420473342735,-212.66192060895244,1.326439211922041,7.9999999999999964,3.907985046680551e-15,0.6108652381980153,0.33676726103229854,2.114801120871249,279,-0.6237609724341331,-0.10574005744822812,0.0,0.0,8.0
37.40000000000026,504.56822439228534,-211.86533403284398,1.5379193240091658,7.9999999999999964,3.907985046680551e-15,-0.6108652374451493,-0.33676726053255845,-2.11480111785257,280,-0.4405789270781212,0.10574005463892289,-1.2101430968414206e-14,-7.744915819785085e-13,8.0
37.50000000000026,504.8572513891292,-211.11936929165614,1.3264392122239088,7.9999999999999964,3.907985046680551e-15,0.6108652381980153,0.33676726103229854,2.114801120871249,281,-0.6237609742326979,-0.10574005714633605,1.4099832412739488e-14,9.023892744153264e-13,8.0
37.600000000000264,504.78342844690053,-210.32278271556996,1.5379193243110336,7.9999999999999964,3.907985046680551e-15,-0.6108652376066215,-0.33676726063974105,-2.114801118500006,282,-0.4405789286415735,0.10574005494076255,-9.992007221626409e-16,-6.394884621840897e-14,8.0
37.700000000000266,505.07245544359915,-209.57681797432585,1.326439212461033,7.9999999999999964,3.907985046680551e-15,0.6108652381980153,0.33676726103229854,2.114801120871249,282,-0.623760975644581,-0.10574005690923816,-9.992007221626409e-16,-6.394884621840897e-14,8.0
37.80000000000027,504.9986325011816,-208.78023139825717,1.5379193245481577,7.9999999999999964,3.907985046680551e-15,-0.6108652377341386,-0.3367672607243848,-2.1148011190112963,283,-0.44057892986878666,0.10574005517791485,-1.3100631690576847e-14,-8.384404281969175e-13,8.0
37.90000000000027,505.28765949776647,-208.034266656969,1.3264392126470281,7.9999999999999964,3.907985046680551e-15,0.6108652381980153,0.33676726103229854,2.114801120871249,284,-0.6237609767530063,-0.10574005672321674,1.4099832412739488e-14,9.023892744153264e-13,8.0
38.00000000000027,505.21383655520077,-207.23768008091406,1.537919324734153,7.9999999999999964,3.907985046680551e-15,-0.6108652378334289,-0.3367672607902921,-2.11480111940941,285,-0.44057893083240895,0.10574005536388187,-9.992007221626409e-16,-6.394884621840897e-14,8.0
38.10000000000027,505.50286355169607,-206.49171533959117,1.3264392127932119,7.9999999999999964,3.907985046680551e-15,0.6108652381980153,0.33676726103229854,2.114801120871249,286,-0.6237609776231607,-0.105740056577031,-1.3100631690576847e-14,-8.384404281969175e-13,8.0
38.20000000000027,505.4290406090139,-205.69512876354702,1.537919324880337,7.9999999999999964,3.907985046680551e-15,-0.6108652379122347,-0.3367672608426021,-2.1148011197253873,286,-0.4405789315886754,0.10574005551009402,-1.3100631690576847e-14,-8.384404281969175e-13,8.0
38.300000000000274,505.71806760543916,-204.949164022197,1.3264392129077982,7.9999999999999964,3.907985046680551e-15,0.6108652381980153,0.33676726103229854,2.114801120871249,287,-0.6237609783062646,-0.10574005646244666,1.4099832412739488e-14,9.023892744153264e-13,8.0
38.400000000000276,505.64424466266576,-204.1525774461613,1.537919324994923,7.9999999999999964,3.907985046680551e-15,-0.6108652379732221,-0.33676726088308456,-2.114801119969922,288,-0.4405789321826153,0.10574005562465194,-1.9984014443252818e-15,-1.2789769243681793e-13,8.0
38.50000000000028,505.9332716590357,-203.40661270478986,1.3264392129979308,7.9999999999999964,3.907985046680551e-15,0.6108652381980153,0.33676726103229854,2.114801120871249,289,-0.6237609788425194,-0.1057400563723101,-1.4099832412739488e-14,-9.023892744153264e-13,8.0
38.60000000000028,505.8594487161905,-202.61002612876084,1.5379193250850558,7.9999999999999964,3.907985046680551e-15,-0.6108652380218673,-0.33676726091537446,-2.114801120164969,290,-0.44057893264862935,0.10574005571481293,1.5987211554602254e-14,1.0231815394945435e-12,8.0
38.70000000000028,506.1484757125173,-201.8640613873727,1.326439213068559,7.9999999999999964,3.907985046680551e-15,0.6108652381980153,0.33676726103229854,2.114801120871249,290,-0.6237609792634659,-0.10574005630168393,1.5987211554602254e-14,1.0231815394945435e-12,8.0
38.80000000000028,506.07465276961585,-201.06747481134886,1.5379193251556837,7.9999999999999964,3.907985046680551e-15,-0.6108652380595648,-0.33676726094039744,-2.11480112031612,291,-0.440578933014622,0.1057400557854109,0.0,0.0,8.0
38.90000000000028,506.36367976590867,-200.32151006994752,1.3264392131240716,7.9999999999999964,3.907985046680551e-15,0.6108652381980153,0.33676726103229854,2.114801120871249,292,-0.623760979593998,-0.10574005624617122,-1.4988010832439613e-14,-9.592326932761344e-13,8.0
39.000000000000284,506.289856822963,-199.5249234939278,1.5379193252111967,7.9999999999999964,3.907985046680551e-15,-0.610865238089443,-0.3367672609602301,-2.1148011204359194,293,-0.4405789333018576,0.1057400558409538,1.4988010832439613e-14,9.592326932761344e-13,8.0
39.100000000000286,506.5788838192292,-198.77895875251613,1.3264392131676046,7.9999999999999964,3.907985046680551e-15,0.6108652381980153,0.33676726103229854,2.114801120871249,293,-0.6237609798534325,-0.10574005620263827,1.4988010832439613e-14,9.592326932761344e-13,8.0
39.20000000000029,506.5050608762488,-197.9823721764996,1.5379193252547294,7.9999999999999964,3.907985046680551e-15,-0.6108652381126584,-0.33676726097563997,-2.114801120529003,294,-0.44057893352745947,0.10574005588445656,0.0,0.0,8.0
39.30000000000029,506.79408787249406,-197.23640743507983,1.326439213201829,7.9999999999999964,3.907985046680551e-15,0.6108652381980153,0.33676726103229854,2.114801120871249,295,-0.623760980057162,-0.10574005616841387,-1.5987211554602254e-14,-1.0231815394945435e-12,8.0
39.40000000000029,506.7202649294864,-196.43982085906583,1.537919325288954,7.9999999999999964,3.907985046680551e-15,-0.6108652381312043,-0.33676726098795057,-2.114801120603364,296,-0.44057893370445017,0.10574005591871316,0.0,0.0,8.0
39.50000000000029,507.0092919257153,-195.69385611763974,1.3264392132286176,7.9999999999999964,3.907985046680551e-15,0.6108652381980153,0.33676726103229854,2.114801120871249,297,-0.6237609802170678,-0.1057400561416253,1.9984014443252818e-15,1.2789769243681793e-13,8.0
39.60000000000029,506.9354689826863,-194.89726954162774,1.5379193253157424,7.9999999999999964,3.907985046680551e-15,-0.6108652381453615,-0.33676726099734783,-2.114801120660129,297,-0.44057893384354885,0.10574005594549951,1.9984014443252818e-15,1.2789769243681793e-13,8.0
39.700000000000294,507.2244959789022,-194.1513048001966,1.3264392132497296,7.9999999999999964,3.907985046680551e-15,0.6108652381980153,0.33676726103229854,2.114801120871249,298,-0.6237609803425836,-0.10574005612051529,1.4099832412739488e-14,9.023892744153264e-13,8.0
39.800000000000296,507.1506730358564,-193.35471822418617,1.5379193253368544,7.9999999999999964,3.907985046680551e-15,-0.6108652381567117,-0.33676726100488186,-2.1148011207056383,299,-0.44057893395264214,0.10574005596658331,-9.992007221626409e-16,-6.394884621840897e-14,8.0
39.9000000000003,507.4397000320622,-192.60875348275113,1.3264392132662906,7.9999999999999964,3.907985046680551e-15,0.6108652381980153,0.33676726103229854,2.114801120871249,300,-0.6237609804411703,-0.10574005610395232,-1.3100631690576847e-14,-8.384404281969175e-13,8.0
40.0000000000003,507.3658770890032,-191.8121669067419,1.5379193253534154,7.9999999999999964,3.907985046680551e-15,-0.6108652381657644,-0.33676726101089094,-2.114801120741936,300,-0.44057893403831083,0.10574005598317249,-1.3100631690576847e-14,-8.384404281969175e-13,8.0
40.1000000000003,507.6549040852011,-191.0662021653038,1.3264392132792218,7.9999999999999964,3.907985046680551e-15,0.6108652381980153,0.33676726103229854,2.114801120871249,301,-0.6237609805185332,-0.1057400560910231,1.4099832412739488e-14,9.023892744153264e-13,8.0
40.2000000000003,507.58108114213184,-190.2696155892955,1.5379193253663468,7.9999999999999964,3.907985046680551e-15,-0.610865238172385,-0.33676726101528565,-2.1148011207684823,302,-0.4405789341056421,0.10574005599607572,-1.9984014443252818e-15,-1.2789769243681793e-13,8.0
40.3000000000003,507.87010813832336,-189.52365084785495,1.3264392132894987,7.9999999999999964,3.907985046680551e-15,0.6108652381980153,0.33676726103229854,2.114801120871249,303,-0.6237609805792749,-0.10574005608074222,-1.3100631690576847e-14,-8.384404281969175e-13,8.0
40.400000000000304,507.7962851952459,-188.72706427184744,1.5379193253766235,7.9999999999999964,3.907985046680551e-15,-0.6108652381781482,-0.33676726101911114,-2.11480112079159,304,-0.4405789341583224,0.10574005600637859,1.5987211554602254e-14,1.0231815394945435e-12,8.0
40.500000000000306,508.0853121914326,-187.981099530405,1.3264392132974645,7.9999999999999964,3.907985046680551e-15,0.6108652381980153,0.33676726103229854,2.114801120871249,304,-0.6237609806268846,-0.10574005607278036,1.5987211554602254e-14,1.0231815394945435e-12,8.0
40.60000000000031,508.01148924834877,-187.1845129543981,1.5379193253845895,7.9999999999999964,3.907985046680551e-15,-0.6108652381823125,-0.3367672610218753,-2.1148011208082873,305,-0.4405789341997767,0.10574005601431669,-1.9984014443252818e-15,-1.2789769243681793e-13,8.0
40.70000000000031,508.3005162445316,-186.43854821295415,1.3264392133037608,7.9999999999999964,3.907985046680551e-15,0.6108652381980153,0.33676726103229854,2.114801120871249,306,-0.6237609806643248,-0.10574005606648007,-1.4988010832439613e-14,-9.592326932761344e-13,8.0
40.80000000000031,508.22669330144277,-185.64196163694768,1.5379193253908858,7.9999999999999964,3.907985046680551e-15,-0.6108652381857569,-0.3367672610241616,-2.114801120822098,307,-0.4405789342322593,0.10574005602064296,1.5987211554602254e-14,1.0231815394945435e-12,8.0
40.90000000000031,508.51572029762264,-184.89599689550258,1.326439213308676,7.9999999999999964,3.907985046680551e-15,0.6108652381980153,0.33676726103229854,2.114801120871249,307,-0.623760980693695,-0.10574005606156689,1.5987211554602254e-14,1.0231815394945435e-12,8.0
41.00000000000031,508.4418973545299,-184.09941031949649,1.537919325395801,7.9999999999999964,3.907985046680551e-15,-0.6097298433873677,-0.33601400450778535,-2.110250476799364,308,-0.44057893425786226,0.10574005602552816,0.0002642918732798094,0.016914679889907788,8.0
41.100000000000314,508.73036236596045,-183.35322807823073,1.3268942777158645,7.9999999999999964,3.907985046680551e-15,0.6108652381980153,0.33676726103229854,2.114801120871249,309,-0.6231611136072808,-0.10581357540093794,0.00086754920553056,0.05552314915395579,8.0
41.200000000000315,508.656176932326,-182.5566751788973,1.5383743898029896,7.9999999999999964,3.907985046680551e-15,-0.6040026836541325,-0.3322265475106042,-2.0873512425970553,310,-0.4407966479013152,0.10446002202165561,0.0006775382008215036,0.04336244485257619,8.0
41.30000000000032,508.9414736630877,-181.80927583756988,1.329639265543284,7.9999999999999964,3.907985046680551e-15,0.6108652381980153,0.33676726103229854,2.114801120871249,311,-0.6215827548325177,-0.10442366397516145,7.428086855576499e-05,0.004753975587568955,8.0
41.40000000000032,508.86510198367847,-181.01292957708753,1.5411193776304088,7.9999999999999964,3.907985046680551e-15,-0.6108652381980153,-0.33676726103229854,-2.114801120871249,312,-0.4373757331786702,0.10705644811196335,-1.3988810110276972e-14,-8.952838470577254e-13,8.0
41.50000000000032,509.1517403779318,-180.2660437551978,1.329639265543284,7.9999999999999964,3.907985046680551e-15,0.6108652381980153,0.33676726103229854,2.114801120871249,313,-0.6195324869906181,-0.10442366397513347,-8.881784197001252e-16,-5.6843418860807964e-14,8.0
41.60000000000032,509.07536869852254,-179.46969749471546,1.5411193776304088,7.9999999999999964,3.907985046680551e-15,-0.6108652381980153,-0.33676726103229854,-2.114801120871249,313,-0.4353254653367206,0.10705644811199133,-8.881784197001252e-16,-5.6843418860807964e-14,8.0
41.70000000000032,509.36200709277585,-178.72281167282574,1.329639265543284,7.9999999999999964,3.907985046680551e-15,0.6108652381980153,0.33676726103229854,2.114801120871249,314,-0.6174822191486637,-0.10442366397515968,1.3100631690576847e-14,8.384404281969175e-13,8.0
41.800000000000324,509.2856354133666,-177.9264654123434,1.5411193776304088,7.9999999999999964,3.907985046680551e-15,-0.6108652381980153,-0.33676726103229854,-2.114801120871249,315,-0.43327519749481286,0.10705644811196513,-1.3100631690576847e-14,-8.384404281969175e-13,8.0
41.900000000000325,509.5722738076199,-177.17957959045367,1.329639265543284,7.9999999999999964,3.907985046680551e-15,0.6108652381980153,0.33676726103229854,2.114801120871249,316,-0.6154319513067573,-0.10442366397513347,-1.3100631690576847e-14,-8.384404281969175e-13,8.0
42.00000000000033,509.4959021282107,-176.38323332997132,1.5411193776304088,7.9999999999999964,3.907985046680551e-15,-0.6108652381980153,-0.33676726103229854,-2.114801120871249,316,-0.43122492965285986,0.10705644811199133,-1.3100631690576847e-14,-8.384404281969175e-13,8.0
42.10000000000033,509.782540522464,-175.6363475080816,1.329639265543284,7.9999999999999964,3.907985046680551e-15,0.6108652381980153,0.33676726103229854,2.114801120871249,317,-0.6133816834648007,-0.10442366397513347,1.3988810110276972e-14,8.952838470577254e-13,8.0
42.20000000000033,509.70616884305474,-174.84000124759925,1.5411193776304088,7.9999999999999964,3.907985046680551e-15,-0.6108652381980153,-0.33676726103229854,-2.114801120871249,318,-0.4291746618109027,0.10705644811196335,1.3100631690576847e-14,8.384404281969175e-13,8.0
42.30000000000033,509.99280723730806,-174.09311542570953,1.329639265543284,7.9999999999999964,3.907985046680551e-15,0.6108652381980153,0.33676726103229854,2.114801120871249,319,-0.6113314156228941,-0.10442366397515968,-1.4988010832439613e-14,-9.592326932761344e-13,8.0
42.40000000000033,509.9164355578988,-173.29676916522718,1.5411193776304088,7.9999999999999964,3.907985046680551e-15,-0.6108652381980153,-0.33676726103229854,-2.114801120871249,320,-0.4271243939689999,0.10705644811199333,8.881784197001252e-16,5.6843418860807964e-14,8.0
42.500000000000334,510.2030739521521,-172.54988334333746,1.329639265543284,7.9999999999999964,3.907985046680551e-15,0.6108652381980153,0.33676726103229854,2.114801120871249,320,-0.6092811477809394,-0.10442366397513148,8.881784197001252e-16,5.6843418860807964e-14,8.0
42.600000000000335,510.1267022727429,-171.7535370828551,1.5411193776304088,7.9999999999999964,3.907985046680551e-15,-0.6108652381980153,-0.33676726103229854,-2.114801120871249,321,-0.4250741261270451,0.10705644811196335,1.4988010832439613e-14,9.592326932761344e-13,8.0
42.70000000000034,510.4133406669962,-171.00665126096538,1.329639265543284,7.9999999999999964,3.907985046680551e-15,0.6108652381980153,0.33676726103229854,2.114801120871249,322,-0.6072308799390361,-0.10442366397516145,-1.3988810110276972e-14,-8.952838470577254e-13,8.0
42.80000000000034,510.33696898758694,-170.21030500048303,1.5411193776304088,7.9999999999999964,3.907985046680551e-15,-0.6108652381980153,-0.33676726103229854,-2.114801120871249,323,-0.42302385828514205,0.10705644811199133,-1.4988010832439613e-14,-9.592326932761344e-13,8.0
42.90000000000034,510.62360738184026,-169.4634191785933,1.329639265543284,7.9999999999999964,3.907985046680551e-15,0.6108652381980153,0.33676726103229854,2.114801120871249,323,-0.6051806120970831,-0.10442366397513347,-1.4988010832439613e-14,-9.592326932761344e-13,8.0
43.00000000000034,510.547235702431,-168.66707291811096,1.5411193776304088,7.9999999999999964,3.907985046680551e-15,-0.6108652381980153,-0.33676726103229854,-2.114801120871249,324,-0.4209735904431851,0.10705644811199333,1.3100631690576847e-14,8.384404281969175e-13,8.0
43.10000000000034,510.8338740966843,-167.92018709622124,1.329639265543284,7.9999999999999964,3.907985046680551e-15,0.6108652381980153,0.33676726103229854,2.114801120871249,325,-0.6031303442551222,-0.10442366397515968,1.4988010832439613e-14,9.592326932761344e-13,8.0
43.200000000000344,510.7575024172751,-167.1238408357389,1.5411193776304088,7.9999999999999964,3.907985046680551e-15,-0.6108652381980153,-0.33676726103229854,-2.114801120871249,326,-0.4189233226012748,0.10705644811196335,-1.3100631690576847e-14,-8.384404281969175e-13,8.0
43.300000000000345,511.0441408115284,-166.37695501384917,1.329639265543284,7.9999999999999964,3.907985046680551e-15,0.6108652381980153,0.33676726103229854,2.114801120871249,327,-0.6010800764132223,-0.10442366397513347,0.0,0.0,8.0
43.40000000000035,510.96776913211914,-165.58060875336682,1.5411193776304088,7.9999999999999964,3.907985046680551e-15,-0.6108652381980153,-0.33676726103229854,-2.114801120871249,327,-0.41687305475932473,0.10705644811199133,0.0,0.0,8.0
43.50000000000035,511.25440752637246,-164.8337229314771,1.329639265543284,7.9999999999999964,3.907985046680551e-15,0.6108652381980153,0.33676726103229854,2.114801120871249,328,-0.5990298085712685,-0.10442366397516145,1.3100631690576847e-14,8.384404281969175e-13,8.0
43.60000000000035,511.1780358469632,-164.03737667099475,1.5411193776304088,7.9999999999999964,3.907985046680551e-15,-0.6108652381980153,-0.33676726103229854,-2.114801120871249,329,-0.4148227869174213,0.10705644811196513,-1.4988010832439613e-14,-9.592326932761344e-13,8.0
43.70000000000035,511.4646742412165,-163.29049084910503,1.329639265543284,7.9999999999999964,3.907985046680551e-15,0.6108652381980153,0.33676726103229854,2.114801120871249,330,-0.5969795407293621,-0.10442366397513148,-1.3100631690576847e-14,-8.384404281969175e-13,8.0
43.80000000000035,511.3883025618073,-162.49414458862267,1.5411193776304088,7.9999999999999964,3.907985046680551e-15,-0.6108652381980153,-0.33676726103229854,-2.114801120871249,330,-0.4127725190754631,0.10705644811199333,-1.3100631690576847e-14,-8.384404281969175e-13,8.0
43.900000000000354,511.6749409560606,-161.74725876673295,1.329639265543284,7.9999999999999964,3.907985046680551e-15,0.6108652381980153,0.33676726103229854,2.114801120871249,331,-0.5949292728874048,-0.10442366397513347,1.4988010832439613e-14,9.592326932761344e-13,8.0
44.000000000000355,511.59856927665135,-160.9509125062506,1.5411193776304088,7.9999999999999964,3.907985046680551e-15,-0.6108652381980153,-0.33676726103229854,-2.114801120871249,332,-0.41072225123350725,0.10705644811196335,1.3100631690576847e-14,8.384404281969175e-13,8.0
44.10000000000036,511.88520767090466,-160.20402668436088,1.329639265543284,7.9999999999999964,3.907985046680551e-15,0.6108652381980153,0.33676726103229854,2.114801120871249,333,-0.5928790050454986,-0.10442366397515968,-1.4988010832439613e-14,-9.592326932761344e-13,8.0
44.20000000000036,511.8088359914954,-159.40768042387853,1.5411193776304088,7.9999999999999964,3.907985046680551e-15,-0.6108652381980153,-0.33676726103229854,-2.114801120871249,334,-0.408671983391604,0.10705644811199333,8.881784197001252e-16,5.6843418860807964e-14,8.0
44.30000000000036,512.0954743857487,-158.6607946019888,1.329639265543284,7.9999999999999964,3.907985046680551e-15,0.6108652381980153,0.33676726103229854,2.114801120871249,334,-0.5908287372035435,-0.10442366397513148,8.881784197001252e-16,5.6843418860807964e-14,8.0
44.40000000000036,512.0191027063395,-157.86444834150646,1.5411193776304088,7.9999999999999964,3.907985046680551e-15,-0.6108652381980153,-0.33676726103229854,-2.114801120871249,335,-0.4066217155496497,0.10705644811196335,1.4988010832439613e-14,9.592326932761344e-13,8.0
44.50000000000036,512.3057411005929,-157.11756251961674,1.329639265543284,7.9999999999999964,3.907985046680551e-15,0.6108652381980153,0.33676726103229854,2.114801120871249,336,-0.588778469361697,-0.10442366397516145,0.0,0.0,8.0
44.600000000000364,512.2293694211836,-156.3212162591344,1.5411193776304088,7.9999999999999964,3.907985046680551e-15,-0.6108652381980153,-0.33676726103229854,-2.114801120871249,337,-0.4045714477077933,0.10705644811196335,-1.4988010832439613e-14,-9.592326932761344e-13,8.0
44.700000000000365,512.516007815437,-155.57433043724467,1.329639265543284,7.9999999999999964,3.907985046680551e-15,0.6108652381980153,0.33676726103229854,2.114801120871249,337,-0.5867282015198124,-0.10442366397516145,-1.4988010832439613e-14,-9.592326932761344e-13,8.0
44.80000000000037,512.4396361360277,-154.77798417676232,1.5411193776304088,7.9999999999999964,3.907985046680551e-15,-0.6108652381980153,-0.33676726103229854,-2.114801120871249,338,-0.40252117986595815,0.10705644811199333,-1.4988010832439613e-14,-9.592326932761344e-13,8.0
44.90000000000037,512.7262745302811,-154.0310983548726,1.329639265543284,7.9999999999999964,3.907985046680551e-15,0.6108652381980153,0.33676726103229854,2.114801120871249,339,-0.5846779336778957,-0.10442366397513148,2.90878432451791e-14,1.861621967691461e-12,8.0
45.00000000000037,512.6499028508719,-153.23475209439025,1.5411193776304088,7.9999999999999964,3.907985046680551e-15,-0.6108652381980153,-0.33676726103229854,-2.114801120871249,340,-0.4004709120240422,0.10705644811193515,9.992007221626409e-16,6.394884621840897e-14,8.0
45.10000000000037,512.9365412451252,-152.48786627250053,1.329639265543284,7.9999999999999964,3.907985046680551e-15,0.6108652381980153,0.33676726103229854,2.114801120871249,341,-0.5826276658361078,-0.10442366397513347,-2.90878432451791e-14,-1.861621967691461e-12,8.0
45.20000000000037,512.860169565716,-151.69152001201817,1.5411193776304088,7.9999999999999964,3.907985046680551e-15,-0.6108652381980153,-0.33676726103229854,-2.114801120871249,341,-0.3984206441822104,0.10705644811199133,-2.90878432451791e-14,-1.861621967691461e-12,8.0
45.300000000000374,513.1468079599694,-150.94463419012845,1.329639265543284,7.9999999999999964,3.907985046680551e-15,0.6108652381980153,0.33676726103229854,2.114801120871249,342,-0.5805773979941511,-0.10442366397513148,-9.992007221626409e-16,-6.394884621840897e-14,8.0
45.400000000000375,513.0704362805601,-150.1482879296461,1.5411193776304088,7.9999999999999964,3.907985046680551e-15,-0.6108652381980153,-0.33676726103229854,-2.114801120871249,343,-0.3963703763403064,0.10705644811199333,9.992007221626409e-16,6.394884621840897e-14,8.0
45.50000000000038,513.3570746748135,-149.40140210775638,1.329639265543284,7.9999999999999964,3.907985046680551e-15,0.6108652381980153,0.33676726103229854,2.114801120871249,344,-0.5785271301522471,-0.10442366397513347,2.90878432451791e-14,1.861621967691461e-12,8.0
45.60000000000038,513.2807029954042,-148.60505584727403,1.5411193776304088,7.9999999999999964,3.907985046680551e-15,-0.6108652381980153,-0.33676726103229854,-2.114801120871249,344,-0.3943201084983497,0.10705644811199133,2.90878432451791e-14,1.861621967691461e-12,8.0
45.70000000000038,513.5673413896576,-147.8581700253843,1.329639265543284,7.9999999999999964,3.907985046680551e-15,0.6108652381980153,0.33676726103229854,2.114801120871249,345,-0.5764768623104164,-0.10442366397518965,0.0,0.0,8.0
45.80000000000038,513.4909697102484,-147.06182376490196,1.5411193776304088,7.9999999999999964,3.907985046680551e-15,-0.6108652381980153,-0.33676726103229854,-2.114801120871249,346,-0.3922698406565619,0.10705644811199133,-2.90878432451791e-14,-1.861621967691461e-12,8.0
45.90000000000038,513.7776081045017,-146.31493794301224,1.329639265543284,7.9999999999999964,3.907985046680551e-15,0.6108652381980153,0.33676726103229854,2.114801120871249,347,-0.5744265944685033,-0.10442366397513148,2.708944180085382e-14,1.7337242752546428e-12,8.0
46.000000000000384,513.7012364250925,-145.5185916825299,1.5411193776304088,7.9999999999999964,3.907985046680551e-15,-0.6108652381980153,-0.33676726103229854,-2.114801120871249,348,-0.3902195728146345,0.10705644811193715,9.992007221626409e-16,6.394884621840897e-14,8.0
46.100000000000385,513.9878748193458,-144.77170586064017,1.329639265543284,7.9999999999999964,3.907985046680551e-15,0.6108652381980153,0.33676726103229854,2.114801120871249,348,-0.5723763266266741,-0.10442366397518765,9.992007221626409e-16,6.394884621840897e-14,8.0
46.20000000000039,513.9115031399366,-143.97535960015782,1.5411193776304088,7.9999999999999964,3.907985046680551e-15,-0.6108652381980153,-0.33676726103229854,-2.114801120871249,349,-0.3881693049728138,0.10705644811199133,-2.708944180085382e-14,-1.7337242752546428e-12,8.0
46.30000000000039,514.19814153419,-143.2284737782681,1.329639265543284,7.9999999999999964,3.907985046680551e-15,0.6108652381980153,0.33676726103229854,2.114801120871249,350,-0.5703260587847546,-0.10442366397513347,2.808864252301646e-14,1.7976731214730519e-12,8.0
46.40000000000039,514.1217698547807,-142.43212751778574,1.5411193776304088,7.9999999999999964,3.907985046680551e-15,-0.6108652381980153,-0.33676726103229854,-2.114801120871249,351,-0.3861190371308958,0.10705644811193515,-9.992007221626409e-16,-6.394884621840897e-14,8.0
46.50000000000039,514.4084082490341,-141.68524169589602,1.329639265543284,7.9999999999999964,3.907985046680551e-15,0.6108652381980153,0.33676726103229854,2.114801120871249,351,-0.5682757909429369,-0.10442366397518965,-9.992007221626409e-16,-6.394884621840897e-14,8.0
46.60000000000039,514.3320365696248,-140.88889543541367,1.5411193776304088,7.9999999999999964,3.907985046680551e-15,-0.6108652381980153,-0.33676726103229854,-2.114801120871249,352,-0.384068769289069,0.10705644811199333,-2.90878432451791e-14,-1.861621967691461e-12,8.0
46.700000000000394,514.6186749638782,-140.14200961352395,1.329639265543284,7.9999999999999964,3.907985046680551e-15,0.6108652381980153,0.33676726103229854,2.114801120871249,353,-0.5662255231010065,-0.10442366397513148,2.90878432451791e-14,1.861621967691461e-12,8.0
46.800000000000395,514.542303284469,-139.3456633530416,1.5411193776304088,7.9999999999999964,3.907985046680551e-15,-0.6108652381980153,-0.33676726103229854,-2.114801120871249,354,-0.38201850144715416,0.10705644811193515,9.992007221626409e-16,6.394884621840897e-14,8.0
46.9000000000004,514.8289416787223,-138.59877753115188,1.329639265543284,7.9999999999999964,3.907985046680551e-15,0.6108652381980153,0.33676726103229854,2.114801120871249,355,-0.5641752552592189,-0.10442366397513347,-2.808864252301646e-14,-1.7976731214730519e-12,8.0
47.0000000000004,514.7525699993131,-137.80243127066953,1.5411193776304088,7.9999999999999964,3.907985046680551e-15,-0.6108652381980153,-0.33676726103229854,-2.114801120871249,355,-0.3799682336053214,0.10705644811199133,-2.808864252301646e-14,-1.7976731214730519e-12,8.0
47.1000000000004,515.0392083935665,-137.0555454487798,1.329639265543284,7.9999999999999964,3.907985046680551e-15,0.6108652381980153,0.33676726103229854,2.114801120871249,356,-0.5621249874172622,-0.10442366397513347,-9.992007221626409e-16,-6.394884621840897e-14,8.0
47.2000000000004,514.9628367141572,-136.25919918829746,1.5411193776304088,7.9999999999999964,3.907985046680551e-15,-0.6108652381980153,-0.33676726103229854,-2.114801120871249,357,-0.3779179657634212,0.10705644811199333,-9.992007221626409e-16,-6.394884621840897e-14,8.0
47.3000000000004,515.2494751084106,-135.51231336640774,1.329639265543284,7.9999999999999964,3.907985046680551e-15,0.6108652381980153,0.33676726103229854,2.114801120871249,358,-0.5600747195753586,-0.10442366397513148,2.90878432451791e-14,1.861621967691461e-12,8.0
47.400000000000404,515.1731034290013,-134.7159671059254,1.5411193776304088,7.9999999999999964,3.907985046680551e-15,-0.6108652381980153,-0.33676726103229854,-2.114801120871249,358,-0.37586769792145963,0.10705644811199333,2.90878432451791e-14,1.861621967691461e-12,8.0
47.500000000000405,515.4597418232547,-133.96908128403567,1.329639265543284,7.9999999999999964,3.907985046680551e-15,0.6108652381980153,0.33676726103229854,2.114801120871249,359,-0.5580244517335283,-0.10442366397518965,9.992007221626409e-16,6.394884621840897e-14,8.0
47.600000000000406,515.3833701438455,-133.17273502355332,1.5411193776304088,7.9999999999999964,3.907985046680551e-15,-0.6108652381980153,-0.33676726103229854,-2.114801120871249,360,-0.3738174300796729,0.10705644811199133,-2.808864252301646e-14,-1.7976731214730519e-12,8.0
47.70000000000041,515.6700085380988,-132.4258492016636,1.329639265543284,7.9999999999999964,3.907985046680551e-15,0.6108652381980153,0.33676726103229854,2.114801120871249,361,-0.5559741838916138,-0.10442366397513347,2.708944180085382e-14,1.7337242752546428e-12,8.0
47.80000000000041,515.5936368586896,-131.62950294118124,1.5411193776304088,7.9999999999999964,3.907985046680551e-15,-0.6108652381980153,-0.33676726103229854,-2.114801120871249,362,-0.3717671622377503,0.10705644811193715,-9.992007221626409e-16,-6.394884621840897e-14,8.0
47.90000000000041,515.880275252943,-130.88261711929152,1.329639265543284,7.9999999999999964,3.907985046680551e-15,0.6108652381980153,0.33676726103229854,2.114801120871249,362,-0.5539239160497899,-0.10442366397518765,-9.992007221626409e-16,-6.394884621840897e-14,8.0
48.00000000000041,515.8039035735337,-130.08627085880917,1.5411193776304088,7.9999999999999964,3.907985046680551e-15,-0.6108652381980153,-0.33676726103229854,-2.114801120871249,363,-0.3697168943959244,0.10705644811199333,-2.708944180085382e-14,-1.7337242752546428e-12,8.0
48.10000000000041,516.0905419677871,-129.33938503691945,1.329639265543284,7.9999999999999964,3.907985046680551e-15,0.6108652381980153,0.33676726103229854,2.114801120871249,364,-0.5518736482078657,-0.10442366397513347,2.90878432451791e-14,1.861621967691461e-12,8.0
48.200000000000415,516.0141702883778,-128.5430387764371,1.5411193776304088,7.9999999999999964,3.907985046680551e-15,-0.6108652381980153,-0.33676726103229854,-2.114801120871249,365,-0.3676666265540078,0.10705644811193515,-5.551115123125783e-16,-3.552713678800498e-14,8.0
48.300000000000416,516.3008086826312,-127.7961529545474,1.329639265543284,7.9999999999999964,3.907985046680551e-15,0.6108652381980153,0.33676726103229854,2.114801120871249,365,-0.5498233803660507,-0.10442366397518965,-5.551115123125783e-16,-3.552713678800498e-14,8.0
48.40000000000042,516.224437003222,-126.99980669406506,1.5411193776304088,7.9999999999999964,3.907985046680551e-15,-0.6108652381980153,-0.33676726103229854,-2.114801120871249,366,-0.365616358712184,0.10705644811199244,-2.864375403532904e-14,-1.833200258261057e-12,8.0
48.50000000000042,516.5110753974753,-126.25292087217535,1.329639265543284,7.9999999999999964,3.907985046680551e-15,0.6108652381980153,0.33676726103229854,2.114801120871249,367,-0.5477731125241252,-0.10442366397513236,2.8199664825478976e-14,1.8047785488306529e-12,8.0
48.60000000000042,516.4347037180661,-125.45657461169301,1.5411193776304088,7.9999999999999964,3.907985046680551e-15,-0.6108652381980153,-0.33676726103229854,-2.114801120871249,368,-0.3635660908702759,0.10705644811193604,0.0,0.0,8.0
48.70000000000042,516.7213421123195,-124.70968878980331,1.329639265543284,7.9999999999999964,3.907985046680551e-15,0.6108652381980153,0.33676726103229854,2.114801120871249,369,-0.5457228446823399,-0.10442366397513236,-2.7644553313166398e-14,-1.7692514120426478e-12,8.0
48.80000000000042,516.6449704329102,-123.91334252932097,1.5411193776304088,7.9999999999999964,3.907985046680551e-15,-0.6108652381980153,-0.33676726103229854,-2.114801120871249,369,-0.3615158230284435,0.10705644811199244,-2.7644553313166398e-14,-1.7692514120426478e-12,8.0
48.900000000000425,516.9316088271636,-123.16645670743127,1.329639265543284,7.9999999999999964,3.907985046680551e-15,0.6108652381980153,0.33676726103229854,2.114801120871249,370,-0.5436725768403867,-0.10442366397513347,0.0,0.0,8.0
49.000000000000426,516.8552371477543,-122.37011044694893,1.5411193776304088,7.9999999999999964,3.907985046680551e-15,-0.6108652381980153,-0.33676726103229854,-2.114801120871249,371,-0.3594655551865475,0.10705644811199244,-9.992007221626409e-16,-6.394884621840897e-14,8.0
49.10000000000043,517.1418755420077,-121.62322462505922,1.329639265543284,7.9999999999999964,3.907985046680551e-15,0.6108652381980153,0.33676726103229854,2.114801120871249,372,-0.541622308998489,-0.10442366397513148,2.8199664825478976e-14,1.8047785488306529e-12,8.0
49.20000000000043,517.0655038625985,-120.82687836457688,1.5411193776304088,7.9999999999999964,3.907985046680551e-15,-0.6108652381980153,-0.33676726103229854,-2.114801120871249,372,-0.3574152873445919,0.10705644811199333,2.8199664825478976e-14,1.8047785488306529e-12,8.0
49.30000000000043,517.3521422568518,-120.07999254268718,1.329639265543284,7.9999999999999964,3.907985046680551e-15,0.6108652381980153,0.33676726103229854,2.114801120871249,373,-0.5395720411566614,-0.10442366397518876,9.992007221626409e-16,6.394884621840897e-14,8.0
49.40000000000043,517.2757705774426,-119.28364628220484,1.5411193776304088,7.9999999999999964,3.907985046680551e-15,-0.6108652381980153,-0.33676726103229854,-2.114801120871249,374,-0.355365019502807,0.10705644811199133,-2.8199664825478976e-14,-1.8047785488306529e-12,8.0
49.50000000000043,517.562408971696,-118.53676046031514,1.329639265543284,7.9999999999999964,3.907985046680551e-15,0.6108652381980153,0.33676726103229854,2.114801120871249,375,-0.5375217733147502,-0.10442366397513236,2.7644553313166398e-14,1.7692514120426478e-12,8.0
49.600000000000435,517.4860372922867,-117.7404141998328,1.5411193776304088,7.9999999999999964,3.907985046680551e-15,-0.6108652381980153,-0.33676726103229854,-2.114801120871249,376,-0.3533147516608869,0.10705644811193604,5.551115123125783e-16,3.552713678800498e-14,8.0
49.700000000000436,517.7726756865401,-116.9935283779431,1.329639265543284,7.9999999999999964,3.907985046680551e-15,0.6108652381980153,0.33676726103229854,2.114801120871249,376,-0.5354715054729291,-0.10442366397518876,5.551115123125783e-16,3.552713678800498e-14,8.0
49.80000000000044,517.6963040071308,-116.19718211746076,1.5411193776304088,7.9999999999999964,3.907985046680551e-15,-0.6108652381980153,-0.33676726103229854,-2.114801120871249,377,-0.35126448381906855,0.10705644811199133,-2.8199664825478976e-14,-1.8047785488306529e-12,8.0
49.90000000000044,517.9829424013842,-115.45029629557105,1.329639265543284,7.9999999999999964,3.907985046680551e-15,0.6108652381980153,0.33676726103229854,2.114801120871249,378,-0.5334212376310115,-0.10442366397513236,2.7644553313166398e-14,1.7692514120426478e-12,8.0
50.00000000000044,517.906570721975,-114.65395003508871,1.5411193776304088,7.9999999999999964,3.907985046680551e-15,-0.6108652381980153,-0.33676726103229854,-2.114801120871249,379,-0.34921421597715474,0.10705644811193604,0.0,0.0,8.0
50.10000000000044,518.1932091162283,-113.907064213199,1.329639265543284,7.9999999999999964,3.907985046680551e-15,0.6108652381980153,0.33676726103229854,2.114801120871249,380,-0.5313709697892262,-0.10442366397513236,-2.8199664825478976e-14,-1.8047785488306529e-12,8.0
50.20000000000044,518.1168374368191,-113.11071795271667,1.5411193776304088,7.9999999999999964,3.907985046680551e-15,-0.6108652381980153,-0.33676726103229854,-2.114801120871249,380,-0.34716394813532986,0.10705644811199244,-2.8199664825478976e-14,-1.8047785488306529e-12,8.0
50.300000000000445,518.4034758310725,-112.36383213082696,1.329639265543284,7.9999999999999964,3.907985046680551e-15,0.6108652381980153,0.33676726103229854,2.114801120871249,381,-0.529320701947271,-0.10442366397513236,2.864375403532904e-14,1.833200258261057e-12,8.0
50.400000000000446,518.3271041516632,-111.56748587034463,1.5411193776304088,7.9999999999999964,3.907985046680551e-15,-0.6108652381980153,-0.33676726103229854,-2.114801120871249,382,-0.34511368029342254,0.10705644811193515,0.0,0.0,8.0
50.50000000000045,518.6137425459166,-110.82060004845492,1.329639265543284,7.9999999999999964,3.907985046680551e-15,0.6108652381980153,0.33676726103229854,2.114801120871249,383,-0.5272704341054877,-0.10442366397513236,-2.864375403532904e-14,-1.833200258261057e-12,8.0
50.60000000000045,518.5373708665073,-110.02425378797258,1.5411193776304088,7.9999999999999964,3.907985046680551e-15,-0.6108652381980153,-0.33676726103229854,-2.114801120871249,383,-0.3430634124515912,0.10705644811199244,-2.864375403532904e-14,-1.833200258261057e-12,8.0
50.70000000000045,518.8240092607607,-109.27736796608288,1.329639265543284,7.9999999999999964,3.907985046680551e-15,0.6108652381980153,0.33676726103229854,2.114801120871249,384,-0.5252201662635323,-0.10442366397513236,0.0,0.0,8.0
50.80000000000045,518.7476375813515,-108.48102170560054,1.5411193776304088,7.9999999999999964,3.907985046680551e-15,-0.6108652381980153,-0.33676726103229854,-2.114801120871249,385,-0.3410131446096933,0.10705644811199244,0.0,0.0,8.0
50.90000000000045,519.0342759756048,-107.73413588371083,1.329639265543284,7.9999999999999964,3.907985046680551e-15,0.6108652381980153,0.33676726103229854,2.114801120871249,386,-0.5231698984216344,-0.10442366397513236,2.8199664825478976e-14,1.8047785488306529e-12,8.0
51.000000000000455,518.9579042961956,-106.9377896232285,1.5411193776304088,7.9999999999999964,3.907985046680551e-15,-0.6108652381980153,-0.33676726103229854,-2.114801120871249,387,-0.3389628767677677,0.10705644811193604,0.0,0.0,8.0
51.100000000000456,519.244542690449,-106.19090380133879,1.329639265543284,7.9999999999999964,3.907985046680551e-15,0.6108652381980153,0.33676726103229854,2.114801120871249,387,-0.52111963057981,-0.10442366397518876,0.0,0.0,8.0
51.20000000000046,519.1681710110397,-105.39455754085645,1.5411193776304088,7.9999999999999964,3.907985046680551e-15,-0.6108652381980153,-0.33676726103229854,-2.114801120871249,388,-0.33691260892595276,0.10705644811199244,-2.7644553313166398e-14,-1.7692514120426478e-12,8.0
51.30000000000046,519.4548094052931,-104.64767171896675,1.329639265543284,7.9999999999999964,3.907985046680551e-15,0.6108652381980153,0.33676726103229854,2.114801120871249,389,-0.5190693627378957,-0.10442366397513347,2.8199664825478976e-14,1.8047785488306529e-12,8.0
51.40000000000046,519.3784377258838,-103.85132545848441,1.5411193776304088,7.9999999999999964,3.907985046680551e-15,-0.6108652381980153,-0.33676726103229854,-2.114801120871249,390,-0.3348623410840356,0.10705644811193604,-5.551115123125783e-16,-3.552713678800498e-14,8.0
51.50000000000046,519.6650761201372,-103.1044396365947,1.329639265543284,7.9999999999999964,3.907985046680551e-15,0.6108652381980153,0.33676726103229854,2.114801120871249,390,-0.5170190948960779,-0.10442366397518876,-5.551115123125783e-16,-3.552713678800498e-14,8.0
51.60000000000046,519.588704440728,-102.30809337611237,1.5411193776304088,7.9999999999999964,3.907985046680551e-15,-0.6108652381980153,-0.33676726103229854,-2.114801120871249,391,-0.3328120732422142,0.10705644811199244,-2.8199664825478976e-14,-1.8047785488306529e-12,8.0
51.700000000000465,519.8753428349813,-101.56120755422266,1.329639265543284,7.9999999999999964,3.907985046680551e-15,0.6108652381980153,0.33676726103229854,2.114801120871249,392,-0.5149688270541573,-0.10442366397513236,2.8199664825478976e-14,1.8047785488306529e-12,8.0
51.800000000000466,519.7989711555721,-100.76486129374032,1.5411193776304088,7.9999999999999964,3.907985046680551e-15,-0.6108652381980153,-0.33676726103229854,-2.114801120871249,393,-0.33076180540030153,0.10705644811193604,5.551115123125783e-16,3.552713678800498e-14,8.0
51.90000000000047,520.0856095498254,-100.01797547185062,1.329639265543284,7.9999999999999964,3.907985046680551e-15,0.6108652381980153,0.33676726103229854,2.114801120871249,394,-0.5129185592123714,-0.10442366397513347,-2.8199664825478976e-14,-1.8047785488306529e-12,8.0
52.00000000000047,520.0092378704162,-99.22162921136828,1.5411193776304088,7.9999999999999964,3.907985046680551e-15,-0.6108652381980153,-0.33676726103229854,-2.114801120871249,394,-0.32871153755847593,0.10705644811199133,-2.8199664825478976e-14,-1.8047785488306529e-12,8.0
52.10000000000047,520.2958762646696,-98.47474338947858,1.329639265543284,7.9999999999999964,3.907985046680551e-15,0.6108652381980153,0.33676726103229854,2.114801120871249,395,-0.5108682913704187,-0.10442366397513236,-5.551115123125783e-16,-3.552713678800498e-14,8.0
52.20000000000047,520.2195045852603,-97.67839712899624,1.5411193776304088,7.9999999999999964,3.907985046680551e-15,-0.6108652381980153,-0.33676726103229854,-2.114801120871249,396,-0.32666126971657766,0.10705644811199244,0.0,0.0,8.0
52.30000000000047,520.5061429795137,-96.93151130710653,1.329639265543284,7.9999999999999964,3.907985046680551e-15,0.6108652381980153,0.33676726103229854,2.114801120871249,397,-0.5088180235285208,-0.10442366397513236,2.8199664825478976e-14,1.8047785488306529e-12,8.0
52.400000000000475,520.4297713001044,-96.1351650466242,1.5411193776304088,7.9999999999999964,3.907985046680551e-15,-0.6108652381980153,-0.33676726103229854,-2.114801120871249,397,-0.3246110018746244,0.10705644811199244,2.8199664825478976e-14,1.8047785488306529e-12,8.0
52.500000000000476,520.7164096943578,-95.38827922473449,1.329639265543284,7.9999999999999964,3.907985046680551e-15,0.6108652381980153,0.33676726103229854,2.114801120871249,398,-0.5067677556866889,-0.10442366397518876,5.551115123125783e-16,3.552713678800498e-14,8.0
52.60000000000048,520.6400380149486,-94.59193296425215,1.5411193776304088,7.9999999999999964,3.907985046680551e-15,-0.6108652381980153,-0.33676726103229854,-2.114801120871249,399,-0.322560734032839,0.10705644811199133,-2.8199664825478976e-14,-1.8047785488306529e-12,8.0
52.70000000000048,520.926676409202,-93.84504714236245,1.329639265543284,7.9999999999999964,3.907985046680551e-15,0.6108652381980153,0.33676726103229854,2.114801120871249,400,-0.5047174878447822,-0.10442366397513236,2.7644553313166398e-14,1.7692514120426478e-12,8.0
52.80000000000048,520.8503047297927,-93.04870088188011,1.5411193776304088,7.9999999999999964,3.907985046680551e-15,-0.6108652381980153,-0.33676726103229854,-2.114801120871249,401,-0.32051046619091444,0.10705644811193604,0.0,0.0,8.0
52.90000000000048,521.1369431240461,-92.3018150599904,1.329639265543284,7.9999999999999964,3.907985046680551e-15,0.6108652381980153,0.33676726103229854,2.114801120871249,401,-0.5026672200029567,-0.10442366397518876,0.0,0.0,8.0
53.00000000000048,521.0605714446368,-91.50546879950807,1.5411193776304088,7.9999999999999964,3.907985046680551e-15,-0.6108652381980153,-0.33676726103229854,-2.114801120871249,402,-0.3184601983491005,0.10705644811199244,-2.8199664825478976e-14,-1.8047785488306529e-12,8.0
53.100000000000485,521.3472098388902,-90.75858297761836,1.329639265543284,7.9999999999999964,3.907985046680551e-15,0.6108652381980153,0.33676726103229854,2.114801120871249,403,-0.5006169521610416,-0.10442366397513236,2.8199664825478976e-14,1.8047785488306529e-12,8.0
53.200000000000486,521.270838159481,-89.96223671713602,1.5411193776304088,7.9999999999999964,3.907985046680551e-15,-0.6108652381980153,-0.33676726103229854,-2.114801120871249,404,-0.31640993050718236,0.10705644811193604,0.0,0.0,8.0
53.30000000000049,521.5574765537343,-89.21535089524632,1.329639265543284,7.9999999999999964,3.907985046680551e-15,0.6108652381980153,0.33676726103229854,2.114801120871249,404,-0.4985666843192247,-0.10442366397518876,0.0,0.0,8.0
53.40000000000049,521.4811048743251,-88.41900463476398,1.5411193776304088,7.9999999999999964,3.907985046680551e-15,-0.6108652381980153,-0.33676726103229854,-2.114801120871249,405,-0.3143596626653599,0.10705644811199244,-2.7644553313166398e-14,-1.7692514120426478e-12,8.0
53.50000000000049,521.7677432685784,-87.67211881287427,1.329639265543284,7.9999999999999964,3.907985046680551e-15,0.6108652381980153,0.33676726103229854,2.114801120871249,406,-0.496516416477303,-0.10442366397513347,2.8199664825478976e-14,1.8047785488306529e-12,8.0
53.60000000000049,521.6913715891692,-86.87577255239194,1.5411193776304088,7.9999999999999964,3.907985046680551e-15,-0.6108652381980153,-0.33676726103229854,-2.114801120871249,407,-0.31230939482345027,0.10705644811193604,-5.551115123125783e-16,-3.552713678800498e-14,8.0
53.70000000000049,521.9780099834226,-86.12888673050223,1.329639265543284,7.9999999999999964,3.907985046680551e-15,0.6108652381980153,0.33676726103229854,2.114801120871249,408,-0.49446614863551774,-0.10442366397513236,-2.8199664825478976e-14,-1.8047785488306529e-12,8.0
53.800000000000495,521.9016383040133,-85.3325404700199,1.5411193776304088,7.9999999999999964,3.907985046680551e-15,-0.6108652381980153,-0.33676726103229854,-2.114801120871249,408,-0.31025912698162134,0.10705644811199244,-2.8199664825478976e-14,-1.8047785488306529e-12,8.0
53.900000000000496,522.1882766982667,-84.58565464813019,1.329639265543284,7.9999999999999964,3.907985046680551e-15,0.6108652381980153,0.33676726103229854,2.114801120871249,409,-0.4924158807935644,-0.10442366397513236,2.8199664825478976e-14,1.8047785488306529e-12,8.0
54.0000000000005,522.1119050188574,-83.78930838764785,1.5411193776304088,7.9999999999999964,3.907985046680551e-15,-0.6108652381980153,-0.33676726103229854,-2.114801120871249,410,-0.3082088591397162,0.10705644811193604,5.551115123125783e-16,3.552713678800498e-14,8.0
54.1000000000005,522.3985434131108,-83.04242256575814,1.329639265543284,7.9999999999999964,3.907985046680551e-15,0.6108652381980153,0.33676726103229854,2.114801120871249,411,-0.4903656129517787,-0.10442366397513347,-2.8199664825478976e-14,-1.8047785488306529e-12,8.0
54.2000000000005,522.3221717337016,-82.2460763052758,1.5411193776304088,7.9999999999999964,3.907985046680551e-15,-0.6108652381980153,-0.33676726103229854,-2.114801120871249,411,-0.30615859129788325,0.10705644811199133,-2.8199664825478976e-14,-1.8047785488306529e-12,8.0
54.3000000000005,522.6088101279549,-81.4991904833861,1.329639265543284,7.9999999999999964,3.907985046680551e-15,0.6108652381980153,0.33676726103229854,2.114801120871249,412,-0.4883153451098259,-0.10442366397513236,-5.551115123125783e-16,-3.552713678800498e-14,8.0
54.4000000000005,522.5324384485457,-80.70284422290376,1.5411193776304088,7.9999999999999964,3.907985046680551e-15,-0.6108652381980153,-0.33676726103229854,-2.114801120871249,413,-0.3041083234559849,0.10705644811199244,0.0,0.0,8.0
54.500000000000504,522.8190768427991,-79.95595840101406,1.329639265543284,7.9999999999999964,3.907985046680551e-15,0.6108652381980153,0.33676726103229854,2.114801120871249,414,-0.48626507726792795,-0.10442366397513236,2.8199664825478976e-14,1.8047785488306529e-12,8.0
54.600000000000506,522.7427051633898,-79.15961214053172,1.5411193776304088,7.9999999999999964,3.907985046680551e-15,-0.6108652381980153,-0.33676726103229854,-2.114801120871249,415,-0.3020580556140612,0.10705644811193604,0.0,0.0,8.0
54.70000000000051,523.0293435576432,-78.41272631864202,1.329639265543284,7.9999999999999964,3.907985046680551e-15,0.6108652381980153,0.33676726103229854,2.114801120871249,415,-0.4842148094261035,-0.10442366397518876,0.0,0.0,8.0
54.80000000000051,522.9529718782339,-77.61638005815968,1.5411193776304088,7.9999999999999964,3.907985046680551e-15,-0.6108652381980153,-0.33676726103229854,-2.114801120871249,416,-0.3000077877722463,0.10705644811199244,-2.8199664825478976e-14,-1.8047785488306529e-12,8.0
54.90000000000051,523.2396102724873,-76.86949423626997,1.329639265543284,7.9999999999999964,3.907985046680551e-15,0.6108652381980153,0.33676726103229854,2.114801120871249,417,-0.4821645415841874,-0.10442366397513236,2.864375403532904e-14,1.833200258261057e-12,8.0
55.00000000000051,523.1632385930781,-76.07314797578763,1.5411193776304088,7.9999999999999964,3.907985046680551e-15,-0.6108652381980153,-0.33676726103229854,-2.114801120871249,418,-0.29795751993032876,0.10705644811193515,0.0,0.0,8.0
55.10000000000051,523.4498769873314,-75.32626215389793,1.329639265543284,7.9999999999999964,3.907985046680551e-15,0.6108652381980153,0.33676726103229854,2.114801120871249,418,-0.48011427374237176,-0.10442366397518965,0.0,0.0,8.0
55.200000000000514,523.3735053079222,-74.52991589341559,1.5411193776304088,7.9999999999999964,3.907985046680551e-15,-0.6108652381980153,-0.33676726103229854,-2.114801120871249,419,-0.2959072520885077,0.10705644811199244,-2.864375403532904e-14,-1.833200258261057e-12,8.0
55.300000000000516,523.6601437021756,-73.78303007152589,1.329639265543284,7.9999999999999964,3.907985046680551e-15,0.6108652381980153,0.33676726103229854,2.114801120871249,420,-0.47806400590044884,-0.10442366397513236,2.8199664825478976e-14,1.8047785488306529e-12,8.0
55.40000000000052,523.5837720227663,-72.98668381104355,1.5411193776304088,7.9999999999999964,3.907985046680551e-15,-0.6108652381980153,-0.33676726103229854,-2.114801120871249,421,-0.293856984246597,0.10705644811193604,0.0,0.0,8.0
55.50000000000052,523.8704104170197,-72.23979798915384,1.329639265543284,7.9999999999999964,3.907985046680551e-15,0.6108652381980153,0.33676726103229854,2.114801120871249,422,-0.47601373805866354,-0.10442366397513236,-2.7644553313166398e-14,-1.7692514120426478e-12,8.0
55.60000000000052,523.7940387376104,-71.4434517286715,1.5411193776304088,7.9999999999999964,3.907985046680551e-15,-0.6108652381980153,-0.33676726103229854,-2.114801120871249,422,-0.29180671640476713,0.10705644811199244,-2.7644553313166398e-14,-1.7692514120426478e-12,8.0
55.70000000000052,524.0806771318638,-70.6965659067818,1.329639265543284,7.9999999999999964,3.907985046680551e-15,0.6108652381980153,0.33676726103229854,2.114801120871249,423,-0.47396347021671037,-0.10442366397513347,0.0,0.0,8.0
55.80000000000052,524.0043054524546,-69.90021964629946,1.5411193776304088,7.9999999999999964,3.907985046680551e-15,-0.6108652381980153,-0.33676726103229854,-2.114801120871249,424,-0.2897564485628712,0.10705644811199244,-5.551115123125783e-16,-3.552713678800498e-14,8.0
55.900000000000524,524.2909438467079,-69.15333382440976,1.329639265543284,7.9999999999999964,3.907985046680551e-15,0.6108652381980153,0.33676726103229854,2.114801120871249,425,-0.4719132023748123,-0.10442366397513236,2.8199664825478976e-14,1.8047785488306529e-12,8.0
56.000000000000526,524.2145721672987,-68.35698756392742,1.5411193776304088,7.9999999999999964,3.907985046680551e-15,-0.6108652381980153,-0.33676726103229854,-2.114801120871249,425,-0.2877061807209159,0.10705644811199244,2.8199664825478976e-14,1.8047785488306529e-12,8.0
56.10000000000053,524.501210561552,-67.61010174203771,1.329639265543284,7.9999999999999964,3.907985046680551e-15,0.6108652381980153,0.33676726103229854,2.114801120871249,426,-0.46986293453298433,-0.10442366397518876,0.0,0.0,8.0
56.20000000000053,524.4248388821428,-66.81375548155538,1.5411193776304088,7.9999999999999964,3.907985046680551e-15,-0.6108652381980153,-0.33676726103229854,-2.114801120871249,427,-0.2856559128791306,0.10705644811199244,-2.8199664825478976e-14,-1.8047785488306529e-12,8.0
56.30000000000053,524.7114772763962,-66.06686965966567,1.329639265543284,7.9999999999999964,3.907985046680551e-15,0.6108652381980153,0.33676726103229854,2.114801120871249,428,-0.46781266669107374,-0.10442366397513236,2.8199664825478976e-14,1.8047785488306529e-12,8.0
56.40000000000053,524.6351055969869,-65.27052339918333,1.5411193776304088,7.9999999999999964,3.907985046680551e-15,-0.6108652381980153,-0.33676726103229854,-2.114801120871249,429,-0.283605645037208,0.10705644811193604,5.551115123125783e-16,3.552713678800498e-14,8.0
56.50000000000053,524.9217439912403,-64.52363757729363,1.329639265543284,7.9999999999999964,3.907985046680551e-15,0.6108652381980153,0.33676726103229854,2.114801120871249,429,-0.46576239884925025,-0.10442366397518876,5.551115123125783e-16,3.552713678800498e-14,8.0
56.600000000000534,524.845372311831,-63.72729131681128,1.5411193776304088,7.9999999999999964,3.907985046680551e-15,-0.6108652381980153,-0.33676726103229854,-2.114801120871249,430,-0.2815553771953912,0.10705644811199133,-2.8199664825478976e-14,-1.8047785488306529e-12,8.0
56.700000000000536,525.1320107060844,-62.98040549492158,1.329639265543284,7.9999999999999964,3.907985046680551e-15,0.6108652381980153,0.33676726103229854,2.114801120871249,431,-0.46371213100733416,-0.10442366397513236,2.7644553313166398e-14,1.7692514120426478e-12,8.0
56.80000000000054,525.0556390266752,-62.18405923443923,1.5411193776304088,7.9999999999999964,3.907985046680551e-15,-0.6108652381980153,-0.33676726103229854,-2.114801120871249,432,-0.27950510935347395,0.10705644811193604,0.0,0.0,8.0
56.90000000000054,525.3422774209286,-61.43717341254953,1.329639265543284,7.9999999999999964,3.907985046680551e-15,0.6108652381980153,0.33676726103229854,2.114801120871249,432,-0.4616618631655163,-0.10442366397518876,0.0,0.0,8.0
57.00000000000054,525.2659057415193,-60.64082715206718,1.5411193776304088,7.9999999999999964,3.907985046680551e-15,-0.6108652381980153,-0.33676726103229854,-2.114801120871249,433,-0.27745484151165056,0.10705644811199244,-2.8199664825478976e-14,-1.8047785488306529e-12,8.0
57.10000000000054,525.5525441357727,-59.893941330177476,1.329639265543284,7.9999999999999964,3.907985046680551e-15,0.6108652381980153,0.33676726103229854,2.114801120871249,434,-0.4596115953235917,-0.10442366397513236,2.864375403532904e-14,1.833200258261057e-12,8.0
57.20000000000054,525.4761724563634,-59.09759506969513,1.5411193776304088,7.9999999999999964,3.907985046680551e-15,-0.6108652381980153,-0.33676726103229854,-2.114801120871249,435,-0.2754045736697397,0.10705644811193515,0.0,0.0,8.0
57.300000000000544,525.7628108506168,-58.350709247805426,1.329639265543284,7.9999999999999964,3.907985046680551e-15,0.6108652381980153,0.33676726103229854,2.114801120871249,436,-0.45756132748180733,-0.10442366397513236,-2.864375403532904e-14,-1.833200258261057e-12,8.0
57.400000000000546,525.6864391712076,-57.55436298732308,1.5411193776304088,7.9999999999999964,3.907985046680551e-15,-0.6108652381980153,-0.33676726103229854,-2.114801120871249,436,-0.27335430582791,0.10705644811199244,-2.864375403532904e-14,-1.833200258261057e-12,8.0
57.50000000000055,525.9730775654609,-56.807477165433376,1.329639265543284,7.9999999999999964,3.907985046680551e-15,0.6108652381980153,0.33676726103229854,2.114801120871249,437,-0.45551105963985117,-0.10442366397513236,2.864375403532904e-14,1.833200258261057e-12,8.0
57.60000000000055,525.8967058860517,-56.01113090495103,1.5411193776304088,7.9999999999999964,3.907985046680551e-15,-0.6108652381980153,-0.33676726103229854,-2.114801120871249,438,-0.2713040379860057,0.10705644811193515,-4.440892098500626e-16,-2.8421709430403982e-14,8.0
57.70000000000055,526.183344280305,-55.264245083061326,1.329639265543284,7.9999999999999964,3.907985046680551e-15,0.6108652381980153,0.33676726103229854,2.114801120871249,439,-0.4534607917980671,-0.10442366397513148,-2.90878432451791e-14,-1.861621967691461e-12,8.0
57.80000000000055,526.1069726008958,-54.46789882257898,1.5411193776304088,7.9999999999999964,3.907985046680551e-15,-0.6108652381980153,-0.33676726103229854,-2.114801120871249,439,-0.26925377014416907,0.10705644811199333,-2.90878432451791e-14,-1.861621967691461e-12,8.0
57.90000000000055,526.3936109951492,-53.721013000689275,1.329639265543284,7.9999999999999964,3.907985046680551e-15,0.6108652381980153,0.33676726103229854,2.114801120871249,440,-0.4514105239561085,-0.10442366397513148,9.992007221626409e-16,6.394884621840897e-14,8.0
58.000000000000554,526.3172393157399,-52.92466674020693,1.5411193776304088,7.9999999999999964,3.907985046680551e-15,-0.6108652381980153,-0.33676726103229854,-2.114801120871249,441,-0.2672035023022687,0.10705644811199133,9.992007221626409e-16,6.394884621840897e-14,8.0
58.100000000000556,526.6038777099933,-52.177780918317225,1.329639265543284,7.9999999999999964,3.907985046680551e-15,0.6108652381980153,0.33676726103229854,2.114801120871249,442,-0.4493602561142115,-0.10442366397513347,0.015461561111972055,0.9895399111662107,8.0
58.20000000000056,526.527506030584,-51.38143465783488,1.5411193776304088,7.9999999999999964,3.907985046680551e-15,-0.4359286941230843,-0.22882869774348022,-1.4517562224873526,443,-0.2519996505484455,0.07613332588804722,0.04094080384351195,2.6202114459847627,8.0
58.30000000000056,526.7320149406125,-50.60801620336216,1.3959437553816736,7.9999999999999964,3.907985046680551e-15,0.6108652381980153,0.33676726103229854,2.114801120871249,443,-0.37368180426496944,-0.06904229636068804,0.04094080384351195,2.6202114459847627,8.0
58.40000000000056,526.6030484228066,-49.818479860129614,1.6074238674687984,7.9999999999999964,3.907985046680551e-15,-0.5306052360398508,-0.2853587222557622,-1.801610785221231,444,-0.19957395487917257,0.09147933026335697,0.03546541053012098,2.2697862739277403,8.0
58.50000000000056,526.7999879320149,-49.04309941820913,1.4272627889466754,7.9999999999999964,3.907985046680551e-15,0.6108652381980153,0.33676726103229854,2.114801120871249,445,-0.3718023988612582,-0.10865408385592823,0.009986167798552659,0.6391147391073696,8.0
58.60000000000056,526.6463611865273,-48.25798871068381,1.6387429010338002,7.9999999999999964,3.907985046680551e-15,-0.6108652381980153,-0.33676726103229854,-2.114801120871249,446,-0.1908904125913743,0.10282602823125342,-2.842170943040401e-14,-1.8189894035458549e-12,8.0
58.700000000000564,526.8588369175063,-47.48672088188182,1.4272627889466754,7.9999999999999964,3.907985046680551e-15,0.6108652381980153,0.33676726103229854,2.114801120871249,446,-0.3763409637214501,-0.10865408385587139,-2.842170943040401e-14,-1.8189894035458549e-12,8.0
58.800000000000566,526.7052101720187,-46.7016101743565,1.6387429010338002,7.9999999999999964,3.907985046680551e-15,-0.6108652381980153,-0.33676726103229854,-2.114801120871249,447,-0.1954289774515609,0.10282602823125342,0.0,0.0,8.0
58.90000000000057,526.9176859029977,-45.930342345554514,1.4272627889466754,7.9999999999999964,3.907985046680551e-15,0.6108652381980153,0.33676726103229854,2.114801120871249,448,-0.3808795285816366,-0.10865408385587139,0.0,0.0,8.0
59.00000000000057,526.7640591575101,-45.145231638029195,1.6387429010338002,7.9999999999999964,3.907985046680551e-15,-0.6108652381980153,-0.33676726103229854,-2.114801120871249,449,-0.19996754231174735,0.10282602823125342,2.842170943040401e-14,1.8189894035458549e-12,8.0
59.10000000000057,526.9765348884891,-44.373963809227206,1.4272627889466754,7.9999999999999964,3.907985046680551e-15,0.6108652381980153,0.33676726103229854,2.114801120871249,450,-0.38541809344179884,-0.10865408385592823,0.011615487426604565,0.7433911953026915,8.0
59.20000000000057,526.8229081430015,-43.588853101701886,1.6387429010338002,7.9999999999999964,3.907985046680551e-15,-0.6108652381980153,-0.33676726103229854,-2.114801120871249,450,-0.20450610717195383,0.10282602823119658,0.011615487426604565,0.7433911953026915,8.0
59.30000000000057,527.0353838739805,-42.8175852728999,1.4272627889466754,7.9999999999999964,3.907985046680551e-15,0.6108652381980153,0.33676726103229854,2.114801120871249,451,-0.39292409200637546,-0.13188505870908052,0.03603628683608817,2.3063223575096408,8.0
59.400000000000574,526.881757128493,-42.03247456537458,1.6387429010338002,7.9999999999999964,3.907985046680551e-15,-0.3171478279129852,-0.16266348710016448,-1.0364614753606298,452,-0.24859330184497305,0.030753454559020232,0.037197083862917424,2.380613367226713,8.0
59.500000000000576,526.9574174118281,-41.23606040080589,1.535096753497737,7.9999999999999964,3.907985046680551e-15,0.6108652381980153,0.33676726103229854,2.114801120871249,453,-0.37129615770812874,-0.09844526188385361,0.012776284453377085,0.8176822050161326,8.0
59.60000000000058,526.7201853805643,-40.47204406371456,1.7465768655848621,7.9999999999999964,3.907985046680551e-15,-0.6108652381980153,-0.33676726103229854,-2.114801120871249,453,-0.18243824843204895,0.11303485020327142,0.012776284453377085,0.8176822050161326,8.0
59.70000000000058,526.848419178978,-39.682388383722085,1.5350967534977373,7.9999999999999964,3.907985046680551e-15,0.6108652381980153,0.33676726103229854,2.114801120871249,454,-0.35993468424555874,-0.09844526188379676,-2.8310687127941492e-14,-1.8118839761882539e-12,8.0
59.80000000000058,526.6111871477142,-38.91837204663076,1.7465768655848621,7.9999999999999964,3.907985046680551e-15,-0.6108652381980153,-0.33676726103229854,-2.114801120871249,455,-0.17107677496937843,0.11303485020332804,2.8310687127941492e-14,1.8118839761882539e-12,8.0
59.90000000000058,526.7394209461279,-38.12871636663828,1.5350967534977373,7.9999999999999964,3.907985046680551e-15,0.6108652381980153,0.33676726103229854,2.114801120871249,456,-0.3485732107829025,-0.09844526188385339,2.8310687127941492e-14,1.8118839761882539e-12,8.0
60.00000000000058,526.5021889148641,-37.36470002954695,1.7465768655848621,7.9999999999999964,3.907985046680551e-15,-0.6108652381980153,-0.33676726103229854,-2.114801120871249,457,-0.1597153015068226,0.11303485020327142,-2.8310687127941492e-14,-1.8118839761882539e-12,8.0
60.100000000000584,526.6304227132778,-36.575044349554474,1.5350967534977373,7.9999999999999964,3.907985046680551e-15,0.6108652381980153,0.33676726103229854,2.114801120871249,457,-0.3372117373203458,-0.09844526188385339,-2.8310687127941492e-14,-1.8118839761882539e-12,8.0
60.200000000000585,526.3931906820139,-35.81102801246315,1.7465768655848621,7.9999999999999964,3.907985046680551e-15,-0.6108652381980153,-0.33676726103229854,-2.114801120871249,458,-0.14835382804425867,0.11303485020332804,-2.8310687127941492e-14,-1.8118839761882539e-12,8.0
60.30000000000059,526.5214244804276,-35.02137233247067,1.5350967534977373,7.9999999999999964,3.907985046680551e-15,0.6108652381980153,0.33676726103229854,2.114801120871249,459,-0.3258502638576813,-0.09844526188379676,2.8310687127941492e-14,1.8118839761882539e-12,8.0
60.40000000000059,526.2841924491638,-34.25735599537934,1.7465768655848621,7.9999999999999964,3.907985046680551e-15,-0.6108652381980153,-0.33676726103229854,-2.114801120871249,460,-0.1369923545815963,0.11303485020327142,2.8310687127941492e-14,1.8118839761882539e-12,8.0
60.50000000000059,526.4124262475775,-33.467700315386864,1.5350967534977373,7.9999999999999964,3.907985046680551e-15,0.6108652381980153,0.33676726103229854,2.114801120871249,460,-0.31448879039511957,-0.09844526188385339,2.8310687127941492e-14,1.8118839761882539e-12,8.0
60.60000000000059,526.1751942163137,-32.70368397829554,1.7465768655848621,7.9999999999999964,3.907985046680551e-15,-0.6108652381980153,-0.33676726103229854,-2.114801120871249,461,-0.1256308811190397,0.11303485020327142,-2.8310687127941492e-14,-1.8118839761882539e-12,8.0
60.70000000000059,526.3034280147274,-31.91402829830306,1.5350967534977373,7.9999999999999964,3.907985046680551e-15,0.6108652381980153,0.33676726103229854,2.114801120871249,462,-0.3031273169325618,-0.09844526188379676,-2.8310687127941492e-14,-1.8118839761882539e-12,8.0
60.800000000000594,526.0661959834636,-31.15001196121173,1.7465768655848621,7.9999999999999964,3.907985046680551e-15,-0.6108652381980153,-0.33676726103229854,-2.114801120871249,463,-0.11426940765638124,0.11303485020332804,2.8310687127941492e-14,1.8118839761882539e-12,8.0
60.900000000000595,526.1944297818773,-30.360356281219254,1.5350967534977373,7.9999999999999964,3.907985046680551e-15,0.6108652381980153,0.33676726103229854,2.114801120871249,464,-0.2917658434698932,-0.09844526188385339,2.8310687127941492e-14,1.8118839761882539e-12,8.0
61.0000000000006,525.9571977506134,-29.596339944127926,1.7465768655848621,7.9999999999999964,3.907985046680551e-15,-0.6108652381980153,-0.33676726103229854,-2.114801120871249,464,-0.10290793419381339,0.11303485020327142,2.8310687127941492e-14,1.8118839761882539e-12,8.0
61.1000000000006,526.0854315490271,-28.80668426413545,1.5350967534977373,7.9999999999999964,3.907985046680551e-15,0.6108652381980153,0.33676726103229854,2.114801120871249,465,-0.28040437000733665,-0.09844526188385339,-2.8310687127941492e-14,-1.8118839761882539e-12,8.0
61.2000000000006,525.8481995177633,-28.04266792704412,1.7465768655848621,7.9999999999999964,3.907985046680551e-15,-0.6108652381980153,-0.33676726103229854,-2.114801120871249,466,-0.09154646073126169,0.11303485020332804,-2.8310687127941492e-14,-1.8118839761882539e-12,8.0
61.3000000000006,525.976433316177,-27.253012247051643,1.5350967534977373,7.9999999999999964,3.907985046680551e-15,0.6108652381980153,0.33676726103229854,2.114801120871249,467,-0.2690428965446841,-0.09844526188379676,2.8310687127941492e-14,1.8118839761882539e-12,8.0
61.4000000000006,525.7392012849132,-26.488995909960316,1.7465768655848621,7.9999999999999964,3.907985046680551e-15,-0.6108652381980153,-0.33676726103229854,-2.114801120871249,467,-0.08018498726856027,0.11303485020332804,2.8310687127941492e-14,1.8118839761882539e-12,8.0
61.500000000000604,525.8674350833269,-25.699340229967838,1.5350967534977373,7.9999999999999964,3.907985046680551e-15,0.6108652381980153,0.33676726103229854,2.114801120871249,468,-0.2576814230821103,-0.09844526188385339,2.8310687127941492e-14,1.8118839761882539e-12,8.0
61.600000000000605,525.630203052063,-24.93532389287651,1.7465768655848621,7.9999999999999964,3.907985046680551e-15,-0.6108652381980153,-0.33676726103229854,-2.114801120871249,469,-0.06882351380603044,0.11303485020327142,-2.8310687127941492e-14,-1.8118839761882539e-12,8.0
61.70000000000061,525.7584368504768,-24.145668212884033,1.5350967534977373,7.9999999999999964,3.907985046680551e-15,0.6108652381980153,0.33676726103229854,2.114801120871249,470,-0.24631994961956455,-0.09844526188379676,-2.8310687127941492e-14,-1.8118839761882539e-12,8.0
61.80000000000061,525.5212048192129,-23.381651875792706,1.7465768655848621,7.9999999999999964,3.907985046680551e-15,-0.6108652381980153,-0.33676726103229854,-2.114801120871249,471,-0.05746204034338382,0.11303485020332804,2.8310687127941492e-14,1.8118839761882539e-12,8.0
61.90000000000061,525.6494386176266,-22.591996195800228,1.5350967534977373,7.9999999999999964,3.907985046680551e-15,0.6108652381980153,0.33676726103229854,2.114801120871249,471,-0.23495847615686294,-0.09844526188379676,2.8310687127941492e-14,1.8118839761882539e-12,8.0
62.00000000000061,525.4122065863628,-21.8279798587089,1.7465768655848621,7.9999999999999964,3.907985046680551e-15,-0.6108652381980153,-0.33676726103229854,-2.114801120871249,472,-0.04610056688080415,0.11303485020327142,2.8310687127941492e-14,1.8118839761882539e-12,8.0
62.10000000000061,525.5404403847765,-21.038324178716422,1.5350967534977373,7.9999999999999964,3.907985046680551e-15,0.6108652381980153,0.33676726103229854,2.114801120871249,473,-0.22359700269432736,-0.09844526188385339,0.0,0.0,8.0
62.200000000000614,525.3032083535127,-20.274307841625095,1.7465768655848621,7.9999999999999964,3.907985046680551e-15,-0.6108652381980153,-0.33676726103229854,-2.114801120871249,474,-0.034739093418247706,0.11303485020327142,-2.8310687127941492e-14,-1.8118839761882539e-12,8.0
62.300000000000615,525.4314421519264,-19.484652161632617,1.5350967534977373,7.9999999999999964,3.907985046680551e-15,0.6108652381980153,0.33676726103229854,2.114801120871249,474,-0.21223552923177097,-0.09844526188385339,-2.8310687127941492e-14,-1.8118839761882539e-12,8.0
62.40000000000062,525.1942101206625,-18.72063582454129,1.7465768655848621,7.9999999999999964,3.907985046680551e-15,-0.6108652381980153,-0.33676726103229854,-2.114801120871249,475,-0.023377619955676318,0.11303485020332804,-2.8310687127941492e-14,-1.8118839761882539e-12,8.0
62.50000000000062,525.3224439190762,-17.930980144548812,1.5350967534977373,7.9999999999999964,3.907985046680551e-15,0.6108652381980153,0.33676726103229854,2.114801120871249,476,-0.20087405576909872,-0.09844526188379676,2.8310687127941492e-14,1.8118839761882539e-12,8.0
62.60000000000062,525.0852118878124,-17.166963807457485,1.7465768655848621,7.9999999999999964,3.907985046680551e-15,-0.6108652381980153,-0.33676726103229854,-2.114801120871249,477,-0.012016146493021192,0.11303485020327142,2.8310687127941492e-14,1.8118839761882539e-12,8.0
62.70000000000062,525.2134456862261,-16.377308127465007,1.5350967534977373,7.9999999999999964,3.907985046680551e-15,0.6108652381980153,0.33676726103229854,2.114801120871249,478,-0.1895125823065446,-0.09844526188385339,-2.8310687127941492e-14,-1.8118839761882539e-12,8.0
62.80000000000062,524.9762136549623,-15.61329179037368,1.7465768655848621,7.9999999999999964,3.907985046680551e-15,-0.6108652381980153,-0.33676726103229854,-2.114801120871249,478,-0.0006546730304648092,0.11303485020327142,-2.8310687127941492e-14,-1.8118839761882539e-12,8.0
62.900000000000624,525.104447453376,-14.8236361103812,1.5350967534977373,7.9999999999999964,3.907985046680551e-15,0.6108652381980153,0.33676726103229854,2.114801120871249,479,-0.17815110884397928,-0.09844526188379676,-2.8310687127941492e-14,-1.8118839761882539e-12,8.0
63.000000000000625,524.8672154221122,-14.059619773289873,1.7465768655848621,7.9999999999999964,3.907985046680551e-15,-0.6108652381980153,-0.33676726103229854,-2.114801120871249,480,0.01070680043220122,0.11303485020332804,2.8310687127941492e-14,1.8118839761882539e-12,8.0
63.10000000000063,524.9954492205259,-13.269964093297393,1.5350967534977373,7.9999999999999964,3.907985046680551e-15,0.6108652381980153,0.33676726103229854,2.114801120871249,481,-0.16678963538131836,-0.09844526188385339,2.8310687127941492e-14,1.8118839761882539e-12,8.0
63.20000000000063,524.758217189262,-12.505947756206066,1.7465768655848621,7.9999999999999964,3.907985046680551e-15,-0.6108652381980153,-0.33676726103229854,-2.114801120871249,481,0.022068273894761483,0.11303485020327142,2.8310687127941492e-14,1.8118839761882539e-12,8.0
63.30000000000063,524.8864509876757,-11.716292076213586,1.5350967534977373,7.9999999999999964,3.907985046680551e-15,0.6108652381980153,0.33676726103229854,2.114801120871249,482,-0.15542816191876205,-0.09844526188385339,-2.8310687127941492e-14,-1.8118839761882539e-12,8.0
63.40000000000063,524.6492189564119,-10.952275739122259,1.7465768655848621,7.9999999999999964,3.907985046680551e-15,-0.6108652381980153,-0.33676726103229854,-2.114801120871249,483,0.03342974735732055,0.11303485020332804,-2.8310687127941492e-14,-1.8118839761882539e-12,8.0
63.50000000000063,524.7774527548256,-10.162620059129779,1.5350967534977373,7.9999999999999964,3.907985046680551e-15,0.6108652381980153,0.33676726103229854,2.114801120871249,484,-0.144066688456102,-0.09844526188379676,2.8310687127941492e-14,1.8118839761882539e-12,8.0
63.600000000000634,524.5402207235618,-9.398603722038452,1.7465768655848621,7.9999999999999964,3.907985046680551e-15,-0.6108652381980153,-0.33676726103229854,-2.114801120871249,485,0.04479122081998761,0.11303485020327142,2.842170943040401e-14,1.8189894035458549e-12,8.0
63.700000000000635,524.6684545219755,-8.608948042045972,1.5350967534977373,7.9999999999999964,3.907985046680551e-15,0.6108652381980153,0.33676726103229854,2.114801120871249,485,-0.13270521499353577,-0.09844526188385339,2.842170943040401e-14,1.8189894035458549e-12,8.0
63.80000000000064,524.4312224907117,-7.844931704954644,1.7465768655848621,7.9999999999999964,3.907985046680551e-15,-0.6108652381980153,-0.33676726103229854,-2.114801120871249,486,0.05615269428254401,0.1130348502032712,-2.8310687127941492e-14,-1.8118839761882539e-12,8.0
63.90000000000064,524.5594562891254,-7.055276024962164,1.5350967534977373,7.9999999999999964,3.907985046680551e-15,0.6108652381980153,0.33676726103229854,2.114801120871249,487,-0.12134374153098292,-0.09844526188379676,-2.853273173286652e-14,-1.826094830903456e-12,8.0
64.00000000000064,524.3222242578615,-6.291259687870836,1.7465768655848621,7.9999999999999964,3.907985046680551e-15,-0.6108652381980153,-0.33676726103229854,-2.114801120871249,488,0.0675141677451977,0.11303485020332826,2.8310687127941492e-14,1.8118839761882539e-12,8.0
64.10000000000063,524.4504580562752,-5.501604007878356,1.5350967534977373,7.9999999999999964,3.907985046680551e-15,0.6108652381980153,0.33676726103229854,2.114801120871249,489,-0.10998226806830975,-0.09844526188385339,2.853273173286652e-14,1.826094830903456e-12,8.0
64.20000000000063,524.2132260250114,-4.737587670787028,1.7465768655848621,7.9999999999999964,3.907985046680551e-15,-0.6108652381980153,-0.33676726103229854,-2.114801120871249,489,0.07887564120776999,0.11303485020327142,2.853273173286652e-14,1.826094830903456e-12,8.0
64.30000000000062,524.3414598234251,-3.9479319907945487,1.5350967534977373,7.9999999999999964,3.907985046680551e-15,0.6108652381980153,0.33676726103229854,2.114801120871249,490,-0.09862079460575329,-0.09844526188385361,-2.8310687127941492e-14,-1.8118839761882539e-12,8.0
64.40000000000062,524.1042277921613,-3.183915653703221,1.7465768655848621,7.9999999999999964,3.907985046680551e-15,-0.6108652381980153,-0.33676726103229854,-2.114801120871249,491,0.09023711467031681,0.11303485020332804,-2.853273173286652e-14,-1.826094830903456e-12,8.0
64.50000000000061,524.232461590575,-2.3942599737107417,1.5350967534977373,7.9999999999999964,3.907985046680551e-15,0.6108652381980153,0.33676726103229854,2.114801120871249,492,-0.08725932114310556,-0.09844526188379654,2.8310687127941492e-14,1.8118839761882539e-12,8.0
64.6000000000006,523.9952295593112,-1.630243636619414,1.7465768655848621,7.9999999999999964,3.907985046680551e-15,-0.6108652381980153,-0.33676726103229854,-2.114801120871249,492,0.10159858813301839,0.11303485020332826,2.8310687127941492e-14,1.8118839761882539e-12,8.0
64.7000000000006,524.1234633577249,-0.8405879566269344,1.5350967534977373,7.9999999999999964,3.907985046680551e-15,0.6108652381980153,0.33676726103229854,2.114801120871249,493,-0.07589784768052724,-0.09844526188385339,2.853273173286652e-14,1.826094830903456e-12,8.0
64.8000000000006,523.886231326461,-0.07657161953560665,1.7465768655848621,7.9999999999999964,3.907985046680551e-15,-0.6108652381980153,-0.33676726103229854,-2.114801120871249,494,0.11296006159555261,0.1130348502032712,-2.8310687127941492e-14,-1.8118839761882539e-12,8.0
64.90000000000059,524.0144651248747,0.7130840604568729,1.5350967534977373,7.9999999999999964,3.907985046680551e-15,0.6108652381980153,0.33676726103229854,2.114801120871249,495,-0.06453637421798641,-0.09844526188379676,-2.853273173286652e-14,-1.826094830903456e-12,8.0
65.00000000000058,523.7772330936109,1.4771003975482007,1.7465768655848621,7.9999999999999964,3.907985046680551e-15,-0.6108652381980153,-0.33676726103229854,-2.114801120871249,496,0.12432153505819418,0.11303485020332826,2.8310687127941492e-14,1.8118839761882539e-12,8.0
65.10000000000058,523.9054668920246,2.26675607754068,1.5350967534977373,7.9999999999999964,3.907985046680551e-15,0.6108652381980153,0.33676726103229854,2.114801120871249,496,-0.05317490075528483,-0.09844526188379654,2.8310687127941492e-14,1.8118839761882539e-12,8.0
65.20000000000057,523.6682348607608,3.0307724146320076,1.7465768655848621,7.9999999999999964,3.907985046680551e-15,-0.6108652381980153,-0.33676726103229854,-2.114801120871249,497,0.13568300852077864,0.11303485020327142,2.853273173286652e-14,1.826094830903456e-12,8.0
65.30000000000057,523.7964686591745,3.820428094624487,1.5350967534977373,7.9999999999999964,3.907985046680551e-15,0.6108652381980153,0.33676726103229854,2.114801120871249,498,-0.041813427292744614,-0.09844526188385361,1.1102230246251565e-16,7.1054273576009955e-15,8.0
65.40000000000056,523.5592366279106,4.584444431715815,1.7465768655848621,7.9999999999999964,3.907985046680551e-15,-0.6108652381980153,-0.33676726103229854,-2.114801120871249,499,0.14704448198333483,0.1130348502032712,-2.853273173286652e-14,-1.826094830903456e-12,8.0
65.50000000000055,523.6874704263244,5.3741001117082945,1.5350967534977373,7.9999999999999964,3.907985046680551e-15,0.6108652381980153,0.33676726103229854,2.114801120871249,499,-0.03045195383018872,-0.09844526188385361,-2.853273173286652e-14,-1.826094830903456e-12,8.0
65.60000000000055,523.4502383950605,6.1381164487996225,1.7465768655848621,7.9999999999999964,3.907985046680551e-15,-0.6108652381980153,-0.33676726103229854,-2.114801120871249,500,0.15840595544590144,0.11303485020332826,-2.853273173286652e-14,-1.826094830903456e-12,8.0
65.70000000000054,523.5784721934742,6.927772128792102,1.5350967534977373,7.9999999999999964,3.907985046680551e-15,0.6108652381980153,0.33676726103229854,2.114801120871249,501,-0.01909048036752092,-0.09844526188379654,2.853273173286652e-14,1.826094830903456e-12,8.0
65.80000000000054,523.3412401622104,7.69178846588343,1.7465768655848621,7.9999999999999964,3.907985046680551e-15,-0.6108652381980153,-0.33676726103229854,-2.114801120871249,502,0.16976742890856122,0.1130348502032712,2.853273173286652e-14,1.826094830903456e-12,8.0
65.90000000000053,523.4694739606241,8.48144414587591,1.5350967534977373,7.9999999999999964,3.907985046680551e-15,0.6108652381980153,0.33676726103229854,2.114801120871249,503,-0.007729006904962501,-0.09844526188385361,0.0015504345421387677,0.09922781069688105,8.0
66.00000000000053,523.2322419293603,9.245460482967237,1.7465768655848621,7.9999999999999964,3.907985046680551e-15,-0.6108652381980153,-0.33676726103229854,-2.114801120871249,503,0.18112890237111715,0.1130348502032712,0.0015504345421387677,0.09922781069688105,8.0
66.10000000000052,523.360475727774,10.035116162959717,1.5350967534977373,7.9999999999999964,3.907985046680551e-15,0.6108652381980153,0.33676726103229854,2.114801120871249,504,0.0033990776048193963,-0.10154613096813114,0.0037089722422878335,0.23737422350642112,8.0
66.20000000000051,523.1232436965101,10.799132500051044,1.7465768655848621,7.9999999999999964,3.907985046680551e-15,-0.6108652381980153,-0.33676726103229854,-2.114801120871249,505,0.1873764119177199,0.10561690571869553,0.0027666245774905507,0.17706397295939508,8.0
66.30000000000051,523.2514774949238,11.588788180043524,1.5350967534977373,7.9999999999999964,3.907985046680551e-15,0.6108652381980153,0.33676726103229854,2.114801120871249,506,0.003328885960948356,-0.10707938012311224,0.0006080868773414849,0.038917560149855,8.0
66.4000000000005,523.01424546366,12.352804517134851,1.7465768655848621,7.9999999999999964,3.907985046680551e-15,-0.6108652381980153,-0.33676726103229854,-2.114801120871249,506,0.18546777601342507,0.10440073196401256,0.0006080868773414849,0.038917560149855,8.0
66.5000000000005,523.1424792620737,13.142460197127331,1.5350967534977373,7.9999999999999964,3.907985046680551e-15,0.6108652381980153,0.33676726103229854,2.114801120871249,507,0.0012429017559385108,-0.10707938012311224,-2.842170943040401e-14,-1.8189894035458549e-12,8.0
66.60000000000049,522.9052472308099,13.906476534218658,1.7465768655848621,7.9999999999999964,3.907985046680551e-15,-0.6108652381980153,-0.33676726103229854,-2.114801120871249,508,0.18338179180847028,0.1044007319640694,-1.1102230246251565e-16,-7.1054273576009955e-15,8.0
66.70000000000049,523.0334810292236,14.696132214211138,1.5350967534977373,7.9999999999999964,3.907985046680551e-15,0.6108652381980153,0.33676726103229854,2.114801120871249,509,-0.0008430824489010502,-0.10707938012311202,2.842170943040401e-14,1.8189894035458549e-12,8.0
66.80000000000048,522.7962489979598,15.460148551302465,1.7465768655848621,7.9999999999999964,3.907985046680551e-15,-0.6108652381980153,-0.33676726103229854,-2.114801120871249,510,0.18129580760351913,0.10440073196401256,-2.8199664825478976e-14,-1.8047785488306529e-12,8.0
66.90000000000047,522.9244827963735,16.249804231294945,1.5350967534977373,7.9999999999999964,3.907985046680551e-15,0.6108652381980153,0.33676726103229854,2.114801120871249,510,-0.0029290666539107148,-0.10707938012311224,-2.8199664825478976e-14,-1.8047785488306529e-12,8.0
67.00000000000047,522.6872507651096,17.013820568386272,1.7465768655848621,7.9999999999999964,3.907985046680551e-15,-0.6108652381980153,-0.33676726103229854,-2.114801120871249,511,0.17920982339862732,0.10440073196406918,-2.842170943040401e-14,-1.8189894035458549e-12,8.0
67.10000000000046,522.8154845635233,17.80347624837875,1.5350967534977373,7.9999999999999964,3.907985046680551e-15,0.6108652381980153,0.33676726103229854,2.114801120871249,512,-0.005015050858758146,-0.1070793801230554,2.8199664825478976e-14,1.8047785488306529e-12,8.0
67.20000000000046,522.5782525322595,18.567492585470077,1.7465768655848621,7.9999999999999964,3.907985046680551e-15,-0.6108652381980153,-0.33676726103229854,-2.114801120871249,513,0.17712383919378308,0.10440073196401278,2.8310687127941492e-14,1.8118839761882539e-12,8.0
67.30000000000045,522.7064863306732,19.357148265462556,1.5350967534977373,7.9999999999999964,3.907985046680551e-15,0.6108652381980153,0.33676726103229854,2.114801120871249,513,-0.007101035063646448,-0.10707938012311202,2.8310687127941492e-14,1.8118839761882539e-12,8.0
67.40000000000045,522.4692542994094,20.121164602553883,1.7465768655848621,7.9999999999999964,3.907985046680551e-15,-0.6108652381980153,-0.33676726103229854,-2.114801120871249,514,0.17503785498877364,0.10440073196401278,-2.8310687127941492e-14,-1.8118839761882539e-12,8.0
67.50000000000044,522.5974880978231,20.91082028254636,1.5350967534977373,7.9999999999999964,3.907985046680551e-15,0.6108652381980153,0.33676726103229854,2.114801120871249,515,-0.009187019268600582,-0.1070793801230554,-2.8199664825478976e-14,-1.8047785488306529e-12,8.0
67.60000000000043,522.3602560665593,21.674836619637688,1.7465768655848621,7.9999999999999964,3.907985046680551e-15,-0.6108652381980153,-0.33676726103229854,-2.114801120871249,516,0.17295187078392044,0.10440073196406918,2.842170943040401e-14,1.8189894035458549e-12,8.0
67.70000000000043,522.488489864973,22.464492299630166,1.5350967534977373,7.9999999999999964,3.907985046680551e-15,0.6108652381980153,0.33676726103229854,2.114801120871249,517,-0.011273003473438951,-0.10707938012311224,2.8310687127941492e-14,1.8118839761882539e-12,8.0
67.80000000000042,522.2512578337091,23.228508636721493,1.7465768655848621,7.9999999999999964,3.907985046680551e-15,-0.6108652381980153,-0.33676726103229854,-2.114801120871249,517,0.17086588657903776,0.10440073196401256,2.8310687127941492e-14,1.8118839761882539e-12,8.0
67.90000000000042,522.3794916321228,24.01816431671397,1.5350967534977373,7.9999999999999964,3.907985046680551e-15,0.6108652381980153,0.33676726103229854,2.114801120871249,518,-0.013358987678448541,-0.10707938012311224,-2.8310687127941492e-14,-1.8118839761882539e-12,8.0
68.00000000000041,522.142259600859,24.782180653805298,1.7465768655848621,7.9999999999999964,3.907985046680551e-15,-0.6108652381980153,-0.33676726103229854,-2.114801120871249,519,0.16877990237407745,0.10440073196406918,-2.842170943040401e-14,-1.8189894035458549e-12,8.0
68.1000000000004,522.2704933992727,25.571836333797776,1.5350967534977373,7.9999999999999964,3.907985046680551e-15,0.6108652381980153,0.33676726103229854,2.114801120871249,520,-0.015444971883308057,-0.1070793801230554,2.8199664825478976e-14,1.8047785488306529e-12,8.0
68.2000000000004,522.0332613680089,26.335852670889103,1.7465768655848621,7.9999999999999964,3.907985046680551e-15,-0.6108652381980153,-0.33676726103229854,-2.114801120871249,520,0.16669391816921292,0.1044007319640694,2.8199664825478976e-14,1.8047785488306529e-12,8.0
68.3000000000004,522.1614951664226,27.12550835088158,1.5350967534977373,7.9999999999999964,3.907985046680551e-15,0.6108652381980153,0.33676726103229854,2.114801120871249,521,-0.01753095608818432,-0.10707938012311202,2.8310687127941492e-14,1.8118839761882539e-12,8.0
68.40000000000039,521.9242631351588,27.88952468797291,1.7465768655848621,7.9999999999999964,3.907985046680551e-15,-0.6108652381980153,-0.33676726103229854,-2.114801120871249,522,0.16460793396423576,0.10440073196401278,-2.8310687127941492e-14,-1.8118839761882539e-12,8.0
68.50000000000038,522.0524969335725,28.679180367965387,1.5350967534977373,7.9999999999999964,3.907985046680551e-15,0.6108652381980153,0.33676726103229854,2.114801120871249,523,-0.019616940293150493,-0.1070793801230554,-2.8199664825478976e-14,-1.8047785488306529e-12,8.0
68.60000000000038,521.8152649023086,29.443196705056714,1.7465768655848621,7.9999999999999964,3.907985046680551e-15,-0.6108652381980153,-0.33676726103229854,-2.114801120871249,524,0.16252194975937057,0.10440073196406918,2.842170943040401e-14,1.8189894035458549e-12,8.0
68.70000000000037,521.9434987007223,30.232852385049192,1.5350967534977373,7.9999999999999964,3.907985046680551e-15,0.6108652381980153,0.33676726103229854,2.114801120871249,524,-0.021702924498015072,-0.10707938012305562,2.842170943040401e-14,1.8189894035458549e-12,8.0
68.80000000000037,521.7062666694585,30.99686872214052,1.7465768655848621,7.9999999999999964,3.907985046680551e-15,-0.6108652381980153,-0.33676726103229854,-2.114801120871249,525,0.16043596555449993,0.10440073196401256,2.8310687127941492e-14,1.8118839761882539e-12,8.0
68.90000000000036,521.8345004678722,31.786524402132997,1.5350967534977373,7.9999999999999964,3.907985046680551e-15,0.6108652381980153,0.33676726103229854,2.114801120871249,526,-0.023788908702986368,-0.10707938012311224,-2.842170943040401e-14,-1.8189894035458549e-12,8.0
69.00000000000036,521.5972684366084,32.550540739224324,1.7465768655848621,7.9999999999999964,3.907985046680551e-15,-0.6108652381980153,-0.33676726103229854,-2.114801120871249,527,0.15834998134952752,0.1044007319640694,-2.842170943040401e-14,-1.8189894035458549e-12,8.0
69.10000000000035,521.7255022350221,33.3401964192168,1.5350967534977373,7.9999999999999964,3.907985046680551e-15,0.6108652381980153,0.33676726103229854,2.114801120871249,527,-0.025874892907857945,-0.1070793801230554,-2.842170943040401e-14,-1.8189894035458549e-12,8.0
69.20000000000034,521.4882702037582,34.10421275630813,1.7465768655848621,7.9999999999999964,3.907985046680551e-15,-0.6108652381980153,-0.33676726103229854,-2.114801120871249,528,0.15626399714466352,0.1044007319640694,2.853273173286652e-14,1.826094830903456e-12,8.0
69.30000000000034,521.616504002172,34.89386843630061,1.5350967534977373,7.9999999999999964,3.907985046680551e-15,0.6108652381980153,0.33676726103229854,2.114801120871249,529,-0.027960877112722195,-0.10707938012311247,2.8310687127941492e-14,1.8118839761882539e-12,8.0
69.40000000000033,521.3792719709081,35.657884773391935,1.7465768655848621,7.9999999999999964,3.907985046680551e-15,-0.6108652381980153,-0.33676726103229854,-2.114801120871249,530,0.1541780129396979,0.10440073196401278,-2.853273173286652e-14,-1.826094830903456e-12,8.0
69.50000000000033,521.5075057693218,36.44754045338441,1.5350967534977373,7.9999999999999964,3.907985046680551e-15,0.6108652381980153,0.33676726103229854,2.114801120871249,531,-0.030046861317700402,-0.1070793801230554,0.0,0.0,8.0
69.60000000000032,521.270273738058,37.21155679047574,1.7465768655848621,7.9999999999999964,3.907985046680551e-15,-0.6108652381980153,-0.33676726103229854,-2.114801120871249,531,0.15209202873482058,0.1044007319640694,0.0,0.0,8.0
69.70000000000032,521.3985075364717,38.00121247046822,1.5350967534977373,7.9999999999999964,3.907985046680551e-15,0.6108652381980153,0.33676726103229854,2.114801120871249,532,-0.032132845522571146,-0.10707938012311202,2.853273173286652e-14,1.826094830903456e-12,8.0
69.80000000000031,521.1612755052079,38.765228807559545,1.7465768655848621,7.9999999999999964,3.907985046680551e-15,-0.6108652381980153,-0.33676726103229854,-2.114801120871249,533,0.15000604452984898,0.10440073196401234,-2.8310687127941492e-14,-1.8118839761882539e-12,8.0
69.9000000000003,521.2895093036216,39.55488448755202,1.5350967534977373,7.9999999999999964,3.907985046680551e-15,0.6108652381980153,0.33676726103229854,2.114801120871249,534,-0.03421882972754334,-0.1070793801230554,-2.853273173286652e-14,-1.826094830903456e-12,8.0
70.0000000000003,521.0522772723577,40.31890082464335,1.7465768655848621,7.9999999999999964,3.907985046680551e-15,-0.6108652381980153,-0.33676726103229854,-2.114801120871249,534,0.14792006032497765,0.1044007319640694,-2.853273173286652e-14,-1.826094830903456e-12,8.0
70.10000000000029,521.1805110707714,41.10855650463583,1.5350967534977373,7.9999999999999964,3.907985046680551e-15,0.6108652381980153,0.33676726103229854,2.114801120871249,535,-0.03630481393240735,-0.1070793801230554,2.8310687127941492e-14,1.8118839761882539e-12,8.0
70.20000000000029,520.9432790395076,41.872572841727155,1.7465768655848621,7.9999999999999964,3.907985046680551e-15,-0.6108652381980153,-0.33676726103229854,-2.114801120871249,536,0.14583407612011287,0.10440073196401278,2.8310687127941492e-14,1.8118839761882539e-12,8.0
70.30000000000028,521.0715128379213,42.66222852171963,1.5350967534977373,7.9999999999999964,3.907985046680551e-15,0.6108652381980153,0.33676726103229854,2.114801120871249,537,-0.038390798137372964,-0.10707938012311202,-2.8310687127941492e-14,-1.8118839761882539e-12,8.0
70.40000000000028,520.8342808066575,43.42624485881096,1.7465768655848621,7.9999999999999964,3.907985046680551e-15,-0.6108652381980153,-0.33676726103229854,-2.114801120871249,538,0.14374809191513518,0.1044007319640694,-2.8310687127941492e-14,-1.8118839761882539e-12,8.0
70.50000000000027,520.9625146050712,44.21590053880344,1.5350967534977373,7.9999999999999964,3.907985046680551e-15,0.6108652381980153,0.33676726103229854,2.114801120871249,538,-0.040476782342250286,-0.1070793801230554,-2.8310687127941492e-14,-1.8118839761882539e-12,8.0
70.60000000000026,520.7252825738074,44.979916875894766,1.7465768655848621,7.9999999999999964,3.907985046680551e-15,-0.6108652381980153,-0.33676726103229854,-2.114801120871249,539,0.14166210771027118,0.1044007319640694,2.864375403532904e-14,1.833200258261057e-12,8.0
70.70000000000026,520.8535163722211,45.769572555887244,1.5350967534977373,7.9999999999999964,3.907985046680551e-15,0.6108652381980153,0.33676726103229854,2.114801120871249,540,-0.04256276654710894,-0.10707938012311269,2.8310687127941492e-14,1.8118839761882539e-12,8.0
70.80000000000025,520.6162843409572,46.53358889297857,1.7465768655848621,7.9999999999999964,3.907985046680551e-15,-0.6108652381980153,-0.33676726103229854,-2.114801120871249,541,0.13957612350531057,0.10440073196401278,-2.864375403532904e-14,-1.833200258261057e-12,8.0
70.90000000000025,520.7445181393709,47.32324457297105,1.5350967534977373,7.9999999999999964,3.907985046680551e-15,0.6108652381980153,0.33676726103229854,2.114801120871249,541,-0.04464875075211899,-0.10707938012311202,-2.864375403532904e-14,-1.833200258261057e-12,8.0
71.00000000000024,520.5072861081071,48.087260910062376,1.7465768655848621,7.9999999999999964,3.907985046680551e-15,-0.6108652381980153,-0.33676726103229854,-2.114801120871249,542,0.13749013930042825,0.1044007319640694,-2.8310687127941492e-14,-1.8118839761882539e-12,8.0
71.10000000000024,520.6355199065208,48.876916590054854,1.5350967534977373,7.9999999999999964,3.907985046680551e-15,0.6108652381980153,0.33676726103229854,2.114801120871249,543,-0.046734734956957756,-0.1070793801230554,2.8310687127941492e-14,1.8118839761882539e-12,8.0
71.20000000000023,520.398287875257,49.64093292714618,1.7465768655848621,7.9999999999999964,3.907985046680551e-15,-0.6108652381980153,-0.33676726103229854,-2.114801120871249,544,0.13540415509557552,0.10440073196401278,2.8310687127941492e-14,1.8118839761882539e-12,8.0
71.30000000000022,520.5265216736707,50.43058860713866,1.5350967534977373,7.9999999999999964,3.907985046680551e-15,0.6108652381980153,0.33676726103229854,2.114801120871249,545,-0.048820719161911344,-0.10707938012311202,0.09028297652903017,5.778110497857925,8.0
71.40000000000022,520.2892896424069,51.19460494422999,1.7465768655848621,7.9999999999999964,3.907985046680551e-15,-0.49276496186617674,-0.2622875778638245,-1.6594596456530293,545,0.13331817089056552,0.10440073196401278,0.09028297652903017,5.778110497857925,8.0
71.50000000000021,520.3584089896052,51.991613423383676,1.5806309010195592,7.9999999999999964,3.907985046680551e-15,0.6108652381980153,0.33676726103229854,2.114801120871249,546,-0.017563118650136364,-0.24211118565935053,0.5413670038367081,34.64748824554929,8.0
71.60000000000021,520.0866460371594,52.74403943149207,1.792111013106684,7.9999999999999964,3.907985046680551e-15,0.6108652381980153,0.33676726103229854,2.114801120871249,547,-0.2309787842794762,-0.9327991281875816,0.693674967726676,44.39519793450722,8.0
71.7000000000002,519.662997923636,53.422657347486044,2.0035911251938088,7.9999999999999964,3.907985046680551e-15,0.6108652381980153,0.33676726103229854,2.114801120871249,547,-0.6800691804250739,-0.7213190161004568,0.693674967726676,44.39519793450722,8.0
71.8000000000002,519.106341307897,53.9972297207811,2.2150712372809336,7.9999999999999964,3.907985046680551e-15,0.6108652381980153,0.33676726103229854,2.114801120871249,548,-1.5345373993254623,-0.9950207848513273,0.2425909404189981,15.525820186815864,8.0
71.90000000000019,518.4414793619692,54.442155099757315,2.4265513493680584,7.9999999999999964,3.907985046680551e-15,0.6108652381980153,0.33676726103229854,2.114801120871249,548,-2.0239263713266724,-0.7835406727642029,0.2425909404189981,15.525820186815864,8.0
72.00000000000018,517.6980366061633,54.737608765904454,2.638031461455183,7.9999999999999964,3.907985046680551e-15,0.6108652381980153,0.33676726103229854,2.114801120871249,549,-2.369572693656856,-0.5720605606770786,1.7763568394002505e-15,1.1368683772161593e-13,8.0
72.10000000000018,516.9091389174438,54.87042607175362,2.849511573542308,7.9999999999999964,3.907985046680551e-15,0.6108652381980153,0.33676726103229854,2.114801120871249,550,-2.5560752645401066,-0.36058044858995686,1.7763568394002505e-15,1.1368683772161593e-13,8.0
72.20000000000017,516.1099375264467,54.8346890233531,3.060991685629433,7.9999999999999964,3.907985046680551e-15,0.6108652381980153,0.33676726103229854,2.114801120871249,551,-2.575124014144714,-0.1491003365028316,0.0,0.0,8.0
72.30000000000017,515.336042770002,54.63198997069775,-3.0107135094630286,7.9999999999999964,3.907985046680551e-15,0.46660804507905695,0.24672192090273223,1.5630493703064687,552,-2.425870179696665,0.06237977558429275,0.0,0.0,8.0
72.40000000000016,514.592401348699,54.3370366921561,-2.8544085724323818,7.9999999999999964,3.907985046680551e-15,0.022116672207266486,0.011059688557521579,0.0707805638065855,552,-2.182507756589673,0.2186847126149396,0.0,0.0,8.0
72.50000000000016,513.8277181350171,54.10196312343114,-2.847330516051723,7.9999999999999964,3.907985046680551e-15,0.259948035067685,0.13220725347403545,0.8436637023398482,553,-2.0003248381081185,0.22576276899559833,0.0,0.0,8.0
72.60000000000015,513.099372623653,53.77103591681937,-2.762964145817738,7.9999999999999964,3.907985046680551e-15,-0.3015865610680546,-0.1543013822204232,-0.9836148432100215,554,-1.7200259107241396,0.3101291392295833,1.1102230246251565e-15,7.105427357600996e-14,8.0
72.70000000000014,512.3194174164898,53.59307559871749,-2.86132563013874,7.9999999999999964,3.907985046680551e-15,0.34834712036429494,0.17962123776971825,1.1434042736738548,555,-1.5958676069015223,0.21176765490857896,1.7278661623709723e-06,0.00011058343439174214,8.0
72.80000000000014,511.602535737969,53.23799721441184,-2.746985202771355,7.9999999999999964,3.907985046680551e-15,-0.6108652381980153,-0.33676726103229854,-2.114801120871249,555,-1.290689488953145,0.32610808227596433,1.7278661623709723e-06,0.00011058343439174214,8.0
72.90000000000013,510.8038735599562,53.191750858752194,-2.9584653148584796,7.9999999999999964,3.907985046680551e-15,0.6108652381980153,0.33676726103229854,2.114801120871249,556,-1.2992171786144127,0.114624514456517,1.814082976636655e-05,0.0011610131050474582,8.0
73.00000000000013,510.10957632304326,52.794319925362394,-2.746985202771355,7.9999999999999964,3.907985046680551e-15,-0.6108652381980153,-0.33676726103229854,-2.114801120871249,557,-0.9502562156072758,0.3260718006164316,2.3789730057455216e-05,0.0015225427236771325,8.0
73.10000000000012,509.31091414503044,52.74807356970275,-2.9584653148584796,7.9999999999999964,3.907985046680551e-15,0.6108652381980153,0.33676726103229854,2.114801120871249,558,-0.9588288282830804,0.11457693499640209,7.376766453237593e-06,0.00047211305300720553,8.0
73.20000000000012,508.6166169081175,52.35064263631295,-2.746985202771355,7.9999999999999964,3.907985046680551e-15,-0.6108652381980153,-0.33676726103229854,-2.114801120871249,559,-0.6098884137196626,0.3260570470835251,8.881784197001252e-16,5.6843418860807964e-14,8.0
73.30000000000011,507.8179547301047,52.3043962806533,-2.9584653148584796,7.9999999999999964,3.907985046680551e-15,0.45348048486831766,0.23901925206049335,1.5151991970775178,560,-0.6184564210723581,0.11457693499640031,-2.6645352591003757e-15,-1.705302565824239e-13,8.0
73.4000000000001,507.088185496135,51.97662064832039,-2.806945395150728,7.9999999999999964,3.907985046680551e-15,-0.6108652381980153,-0.33676726103229854,-2.114801120871249,560,-0.34143742675672306,0.266096854704152,-2.6645352591003757e-15,-1.705302565824239e-13,8.0
73.5000000000001,506.2881872938987,51.97831664912456,-3.0184255072378527,7.9999999999999964,3.907985046680551e-15,0.5285670625349561,0.28409840813748555,1.7938695296242277,561,-0.39792670361506893,0.05461674261703253,-8.881784197001252e-16,-5.6843418860807964e-14,8.0
73.6000000000001,505.55362139933595,51.661436629960804,-2.83903855427543,7.9999999999999964,3.907985046680551e-15,-0.6108652381980153,-0.33676726103229854,-2.114801120871249,562,-0.1321062879455217,0.23400369557945178,2.6645352591003757e-15,1.705302565824239e-13,8.0
73.70000000000009,504.7540895698395,51.688801819929104,-3.0505186663625548,7.9999999999999964,3.907985046680551e-15,0.5374415530155782,0.2896012704005181,1.8276487819978975,563,-0.2141725207895056,0.022523583492325194,8.881784197001252e-16,5.6843418860807964e-14,8.0
73.80000000000008,504.0113584042424,51.39156384178567,-2.867753788162765,7.9999999999999964,3.907985046680551e-15,-0.6108652381980153,-0.33676726103229854,-2.114801120871249,563,0.031492691965476445,0.20528846169211512,8.881784197001252e-16,5.6843418860807964e-14,8.0
73.90000000000008,503.21294187478526,51.441873338797976,-3.0792339002498896,7.9999999999999964,3.907985046680551e-15,0.5566619040083314,0.3016586250034068,1.9014678043452338,564,-0.07338756516605296,-0.006191650395009685,-8.881784197001252e-16,-5.6843418860807964e-14,8.0
74.00000000000007,502.4653626297885,51.15704835314875,-2.8890871198153665,7.9999999999999964,3.907985046680551e-15,-0.6108652381980153,-0.33676726103229854,-2.114801120871249,565,0.15956173140434204,0.18395513003951525,-2.6645352591003757e-15,-1.705302565824239e-13,8.0
74.10000000000007,501.6682009653067,51.22437799506509,-3.1005672319024913,7.9999999999999964,3.907985046680551e-15,0.5678005698845792,0.30873651291315374,1.9446728454269253,566,0.037787258030097734,-0.027524982047606006,0.0,0.0,8.0
74.20000000000006,500.9166375106422,50.95023866258472,-2.906099947359799,7.9999999999999964,3.907985046680551e-15,-0.6108652381980153,-0.33676726103229854,-2.114801120871249,567,0.2598030930604412,0.1669423024950829,2.6645352591003757e-15,1.705302565824239e-13,8.0
74.30000000000005,500.12073661947034,51.03111988062588,-3.1175800594469236,7.9999999999999964,3.907985046680551e-15,0.5775633276225827,0.31499661070158885,1.9828047916362674,567,0.12459523043904563,-0.0445378095920419,2.6645352591003757e-15,1.705302565824239e-13,8.0
74.40000000000005,499.3662689233661,50.76507759914571,-2.919299580283297,7.9999999999999964,3.907985046680551e-15,-0.6108652381980153,-0.33676726103229854,-2.114801120871249,568,0.33833410064435526,0.1537426695715829,8.881784197001252e-16,5.6843418860807964e-14,8.0
74.50000000000004,498.5715049376041,50.85645706585333,-3.130779692370422,7.9999999999999964,3.907985046680551e-15,0.5847605224742058,0.3196462674576251,2.011076899104192,569,0.19273052046334677,-0.057737442515541915,-8.881784197001252e-16,-5.6843418860807964e-14,8.0
74.60000000000004,497.81479019046293,50.59687511066571,-2.9296720024600025,7.9999999999999964,3.907985046680551e-15,-0.6108652381980153,-0.33676726103229854,-2.114801120871249,570,0.3998703218354684,0.14337024739487925,-2.6645352591003757e-15,-1.705302565824239e-13,8.0
74.70000000000003,497.0210167669219,50.69649314156347,-3.1411521145471273,7.9999999999999964,3.907985046680551e-15,0.5904882338471896,0.32336802520903996,2.0336756430927414,571,0.2461153773132712,-0.068109864692242,8.881784197001252e-16,5.6843418860807964e-14,8.0
74.80000000000003,496.26259237522356,50.441949545932005,-2.9377845502378532,7.9999999999999964,3.907985046680551e-15,-0.6108652381980153,-0.33676726103229854,-2.114801120871249,571,0.44811154745921083,0.13525769961703205,8.881784197001252e-16,5.6843418860807964e-14,8.0
74.90000000000002,495.4696532191863,50.548003752934484,3.133920644854608,7.9999999999999964,3.907985046680551e-15,0.5949071436334974,0.32625253451882286,2.0511712020522443,572,0.28799268780953957,-0.07622241247009853,2.6645352591003757e-15,1.705302565824239e-13,8.0
75.00000000000001,494.70990843459094,50.29742868976949,-2.9441475421197536,7.9999999999999964,3.907985046680551e-15,-0.6108652381980153,-0.33676726103229854,-2.114801120871249,573,0.48593920362510173,0.12889470773512635,-8.881784197001252e-16,-5.6843418860807964e-14,8.0
75.10000000000001,493.9176601481318,50.408526181201836,3.127557652972708,7.9999999999999964,3.907985046680551e-15,0.5983729293553317,0.32852301055408106,2.064930437738243,574,0.3208362268065293,-0.08258540435199713,-8.881784197001252e-16,-5.6843418860807964e-14,8.0
75.2,493.15689624633677,50.161062475326446,-2.9491346104330542,7.9999999999999964,3.907985046680551e-15,-0.6108652381980153,-0.33676726103229854,-2.114801120871249,574,0.5156088866559595,0.12390763942182748,-8.881784197001252e-16,-5.6843418860807964e-14,8.0
75.3,492.3652118602841,50.276109565165356,3.122570584659407,7.9999999999999964,3.907985046680551e-15,0.6010757587357042,0.3302986731769111,2.075683657021851,575,0.3466042130234416,-0.08757247266529689,-1.7763568394002505e-15,-1.1368683772161593e-13,8.0
75.39999999999999,491.6036571764256,50.031090252675085,-2.953046356817994,7.9999999999999964,3.907985046680551e-15,-0.6108652381980153,-0.33676726103229854,-2.114801120871249,576,0.5388840545502094,0.1199958930368914,8.881784197001252e-16,5.6843418860807964e-14,8.0
75.49999999999999,490.8124288813374,50.149233322940894,3.1186588382744675,7.9999999999999964,3.907985046680551e-15,0.6031924245558052,0.3316923336254912,2.084118930376665,577,0.3668219126318482,-0.09148421905023874,2.6645352591003757e-15,1.705302565824239e-13,8.0
75.59999999999998,490.05025963286124,49.906132445366765,-2.9561145758674523,7.9999999999999964,3.907985046680551e-15,-0.6108652381980153,-0.33676726103229854,-2.114801120871249,578,0.5571457293263155,0.11692767398742765,-8.881784197001252e-16,-5.6843418860807964e-14,8.0
75.69999999999997,489.25939755031914,50.02670261745393,3.115590619225009,7.9999999999999964,3.907985046680551e-15,0.6048487537510606,0.3327847995016969,2.09072836315489,578,0.3826872703823089,-0.09455243809969716,-8.881784197001252e-16,-5.6843418860807964e-14,8.0
75.79999999999997,488.4967494824269,49.78510807169553,-2.9585218516390883,7.9999999999999964,3.907985046680551e-15,-0.6108652381980153,-0.33676726103229854,-2.114801120871249,579,0.5714754955574248,0.1145203982157934,-8.881784197001252e-16,-5.6843418860807964e-14,8.0
75.89999999999996,487.70617993677104,49.907581715723445,3.113183343453373,7.9999999999999964,3.907985046680551e-15,0.6061465694350309,0.3336419721170288,2.095912522048879,580,0.3951380730987121,-0.09695971387133184,-8.881784197001252e-16,-5.6843418860807964e-14,8.0
75.99999999999996,486.9431582888136,49.66716964292283,-2.9604107115213254,7.9999999999999964,3.907985046680551e-15,-0.6108652381980153,-0.33676726103229854,-2.114801120871249,581,0.5827210135296145,0.1126315383335581,8.881784197001252e-16,5.6843418860807964e-14,8.0
76.09999999999995,486.1528214888663,49.79113634268154,3.111294483571136,7.9999999999999964,3.907985046680551e-15,0.6071635840261204,0.3343144050566007,2.099978302236487,581,0.4049099843383921,-0.0988485737535667,8.881784197001252e-16,5.6843418860807964e-14,8.0
76.19999999999995,485.38950796177767,49.55165260761063,-2.9618929933848017,7.9999999999999964,3.907985046680551e-15,-0.6108652381980153,-0.33676726103229854,-2.114801120871249,582,0.5915467746228297,0.11114925647007823,8.881784197001252e-16,5.6843418860807964e-14,8.0
76.29999999999994,484.59935578360165,49.67679067265766,3.1098122017076597,7.9999999999999964,3.907985046680551e-15,0.6079609761650027,0.33484207220362383,2.103168109667205,583,0.41257977726816564,-0.10033085561704524,-8.881784197001252e-16,-5.6843418860807964e-14,8.0
76.39999999999993,483.8358139896496,49.438035716921775,-2.963056294505206,7.9999999999999964,3.907985046680551e-15,-0.6108652381980153,-0.33676726103229854,-2.114801120871249,584,0.5984738643384232,0.10998595534967581,8.881784197001252e-16,5.6843418860807964e-14,8.0
76.49999999999993,483.04580791933637,49.564092882002896,3.1086489005872555,7.9999999999999964,3.907985046680551e-15,0.6085862990736742,0.33525614821251476,2.105670835829532,585,0.4185999335127818,-0.10149415673745033,-8.881784197001252e-16,-5.6843418860807964e-14,8.0
76.59999999999992,482.2820874584953,49.32591005791035,-2.9639693230093775,7.9999999999999964,3.907985046680551e-15,-0.6108652381980153,-0.33676726103229854,-2.114801120871249,585,0.6039109945844958,0.1090729268455024,-8.881784197001252e-16,-5.6843418860807964e-14,8.0
76.69999999999992,481.49219681123384,49.452688468409974,3.107735872083084,7.9999999999999964,3.907985046680551e-15,0.6090768124088848,0.3355811250235975,2.1076347826737707,586,0.4233254184012826,-0.10240718524161885,-8.881784197001252e-16,-5.6843418860807964e-14,8.0
76.79999999999991,480.72833641863696,49.21495479258397,-2.9646859568291255,7.9999999999999964,3.907985046680551e-15,-0.6108652381980153,-0.33676726103229854,-2.114801120871249,587,0.6081788012351332,0.10835629302575622,8.881784197001252e-16,5.6843418860807964e-14,8.0
76.8999999999999,479.938536827894,49.34229923283245,3.107019238263336,7.9999999999999964,3.907985046680551e-15,0.6094616387554795,0.3358361857855896,2.1091760468464846,588,0.4270347617875046,-0.10312381906136814,8.881784197001252e-16,5.6843418860807964e-14,8.0
76.9999999999999,479.1745667852114,49.10491815969558,-2.965248464231602,7.9999999999999964,3.907985046680551e-15,-0.6108652381980153,-0.33676726103229854,-2.114801120871249,588,0.6115288594035815,0.10779378562327979,8.881784197001252e-16,5.6843418860807964e-14,8.0
77.0999999999999,478.384838951607,49.232706847890086,3.1064567308608595,7.9999999999999964,3.907985046680551e-15,0.6097635939581808,0.33603638417151155,2.110385696197291,589,0.4299465305260787,-0.10368632646384679,8.881784197001252e-16,5.6843418860807964e-14,8.0
77.19999999999989,477.6207829537655,48.995602583562246,-2.9656900066989977,7.9999999999999964,3.907985046680551e-15,-0.6108652381980153,-0.33676726103229854,-2.114801120871249,590,0.6141585818154576,0.10735224315588221,-2.6645352591003757e-15,-1.705302565824239e-13,8.0
77.29999999999988,476.83111162127454,49.12373995766482,3.1060151883934637,7.9999999999999964,3.907985046680551e-15,0.6100005484878415,0.33619352619987136,2.1113351288810596,591,0.4322322561155895,-0.10412786893123727,-8.881784197001252e-16,-5.6843418860807964e-14,8.0
77.39999999999988,476.0669882217769,48.88685300078421,-2.9660366058980165,7.9999999999999964,3.907985046680551e-15,-0.6108652381980153,-0.33676726103229854,-2.114801120871249,592,0.6162228935459186,0.10700564395686518,1.7763568394002505e-15,1.1368683772161593e-13,8.0
77.49999999999987,475.27736134902824,49.01526406663599,3.105668589194445,7.9999999999999964,3.907985046680551e-15,0.6101865109276776,0.33631687597790666,2.1120803564478434,592,0.4340265642523015,-0.10447446813025962,1.7763568394002505e-15,1.1368683772161593e-13,8.0
77.59999999999987,474.5131850836971,48.77854770576373,-2.966308682340357,7.9999999999999964,3.907985046680551e-15,-0.6108652381980153,-0.33676726103229854,-2.114801120871249,593,0.6178433852095001,0.1067335675145249,-8.881784197001252e-16,-5.6843418860807964e-14,8.0
77.69999999999986,473.7235931778003,48.90717360573033,3.1053965127521046,7.9999999999999964,3.907985046680551e-15,0.6103324641903991,0.3364137024931279,2.1126653190842433,594,0.43543512148809027,-0.10474654457259813,8.881784197001252e-16,5.6843418860807964e-14,8.0
77.79999999999986,472.9593754396793,48.670591170327256,-2.9665222625190575,7.9999999999999964,3.907985046680551e-15,-0.6108652381980153,-0.33676726103229854,-2.114801120871249,595,0.6191154907709436,0.10651998733582246,8.881784197001252e-16,5.6843418860807964e-14,8.0
77.89999999999985,472.1698110237342,48.799385708539205,3.105182932573404,7.9999999999999964,3.907985046680551e-15,0.6104470221460867,0.33648971037477904,2.1131244952419324,595,0.4365408678496608,-0.10496012475130279,8.881784197001252e-16,5.6843418860807964e-14,8.0
77.99999999999984,471.4055607456561,48.56290841056428,-2.966689925081989,7.9999999999999964,3.907985046680551e-15,-0.6108652381980153,-0.33676726103229854,-2.114801120871249,596,0.6201141177557271,0.1063523247728928,-8.881784197001252e-16,-5.6843418860807964e-14,8.0
78.09999999999984,470.61601793483084,48.69183532735893,3.1050152700104725,7.9999999999999964,3.907985046680551e-15,0.610536941743786,0.3365493766934215,2.1134849407674836,597,0.43740890704391927,-0.105127787314232,8.881784197001252e-16,5.6843418860807964e-14,8.0
78.19999999999983,469.8517421225495,48.45544056692261,-2.9668215430923652,7.9999999999999964,3.907985046680551e-15,-0.6108652381980153,-0.33676726103229854,-2.114801120871249,598,0.6208980642545393,0.10622070676251472,-8.881784197001252e-16,-5.6843418860807964e-14,8.0
78.29999999999983,469.06221628766724,48.58447140065411,3.104883652000096,7.9999999999999964,3.907985046680551e-15,0.6106075243130722,0.33659621540519025,2.1137678891700213,599,0.43809034346787334,-0.10525940532460609,-8.881784197001252e-16,-5.6843418860807964e-14,8.0
78.39999999999982,468.2979204367506,48.34814143583457,-2.966924866262488,7.9999999999999964,3.907985046680551e-15,-0.6108652381980153,-0.33676726103229854,-2.114801120871249,599,0.6215134846635685,0.10611738359239542,-8.881784197001252e-16,-5.6843418860807964e-14,8.0
78.49999999999982,467.50840793795743,48.47725384518933,3.1047803288299733,7.9999999999999964,3.907985046680551e-15,0.6106629296364523,0.3366329846371587,2.1139900055108476,600,0.4386252933254363,-0.10536272849473072,8.881784197001252e-16,5.6843418860807964e-14,8.0
78.59999999999981,466.7440963600436,48.24097474779195,-2.9670059777985283,7.9999999999999964,3.907985046680551e-15,-0.6108652381980153,-0.33676726103229854,-2.114801120871249,601,0.6219966093213443,0.10603627205635346,0.0,0.0,8.0
78.6999999999998,465.9545943363534,48.37015119529342,3.104699217293933,7.9999999999999964,3.907985046680551e-15,0.6107064221127159,0.33666184935294585,2.1141643700835413,602,0.439045247750557,-0.10544384003077134,8.881784197001252e-16,5.6843418860807964e-14,8.0
78.7999999999998,465.19027041465125,48.133912031068135,-2.967069652877299,7.9999999999999964,3.907985046680551e-15,-0.6108652381980153,-0.33676726103229854,-2.114801120871249,602,0.6223758788546607,0.10597259697758288,8.881784197001252e-16,5.6843418860807964e-14,8.0
78.89999999999979,464.40077661788206,48.26313874991124,3.1046355422151626,7.9999999999999964,3.907985046680551e-15,0.610740563685136,0.336684508963327,2.114301249922824,603,0.43937492752963386,-0.1055075151095437,-8.881784197001252e-16,-5.6843418860807964e-14,8.0
78.99999999999979,463.63644300736286,48.026930934988314,-2.9671196399721413,7.9999999999999964,3.907985046680551e-15,-0.6108652381980153,-0.33676726103229854,-2.114801120871249,604,0.6226736193079366,0.10592260988274216,-8.881784197001252e-16,-5.6843418860807964e-14,8.0
79.09999999999978,462.8469556712483,48.15619711817125,3.10458555512032,7.9999999999999964,3.907985046680551e-15,0.6107673651297935,0.33670229747046204,2.1144087041429636,605,0.43963373886506835,-0.10555750220438398,1.7763568394002505e-15,1.1368683772161593e-13,8.0
79.19999999999978,462.08261445556724,47.92001391383356,-2.96715888164497,7.9999999999999964,3.907985046680551e-15,-0.6108652381980153,-0.33676726103229854,-2.114801120871249,606,0.6229073569313016,0.10588336820991007,8.881784197001252e-16,5.6843418860807964e-14,8.0
79.29999999999977,461.2931321926818,48.0493110777207,3.1045463134474915,7.9999999999999964,3.907985046680551e-15,0.6107884047088578,0.3367162620564034,2.1144930589087436,606,0.43983691604692593,-0.1055967438772143,8.881784197001252e-16,5.6843418860807964e-14,8.0
79.39999999999976,460.5287850072216,47.81314719377778,-2.9671896878412203,7.9999999999999964,3.907985046680551e-15,-0.6108652381980153,-0.33676726103229854,-2.114801120871249,607,0.6230908501850688,0.10585256201365967,-8.881784197001252e-16,-5.6843418860807964e-14,8.0
79.49999999999976,459.7393067278646,47.9424686785491,3.104515507251241,7.9999999999999964,3.907985046680551e-15,0.6108049212519507,0.3367272247632416,2.114559280172802,608,0.4399964183966444,-0.10562755007346336,-2.6645352591003757e-15,-1.705302565824239e-13,8.0
79.59999999999975,458.97495485623926,47.70631996196795,-2.967213871911065,7.9999999999999964,3.907985046680551e-15,-0.6108652381980153,-0.33676726103229854,-2.114801120871249,609,0.6232348998090006,0.1058283779438205,0.0,0.0,8.0
79.69999999999975,458.18547970463294,47.835660539499294,3.1044913231813966,7.9999999999999964,3.907985046680551e-15,0.6108178871865813,0.3367358309043521,2.1146112662013823,609,0.44012163434362644,-0.10565173414330431,0.0,0.0,8.0
79.79999999999974,457.42112415439254,47.59952372996578,-2.9672328573780513,7.9999999999999964,3.907985046680551e-15,-0.6108652381980153,-0.33676726103229854,-2.114801120871249,610,0.6233479847008431,0.10580939247683041,2.6645352591003757e-15,1.705302565824239e-13,8.0
79.89999999999974,456.63165145851974,47.728879296028246,3.10447233771441,7.9999999999999964,3.907985046680551e-15,0.610828065844323,0.336742587063143,2.114652077165909,611,0.4402199341170017,-0.10567071961029662,8.881784197001252e-16,5.6843418860807964e-14,8.0
79.99999999999973,455.86729302054664,47.49275183405199,-2.967247761748585,7.9999999999999964,3.907985046680551e-15,-0.6108652381980153,-0.33676726103229854,-2.114801120871249,612,0.623436761070946,0.10579448810629488,-8.881784197001252e-16,-5.6843418860807964e-14,8.0
80.09999999999972,455.07782225272484,47.622119166693665,3.1044574333438764,7.9999999999999964,3.907985046680551e-15,0.6108360564329239,0.33674789092005936,2.1146841153500673,613,0.4402971036087587,-0.10568562398082815,-2.6645352591003757e-15,-1.705302565824239e-13,8.0
80.19999999999972,454.31346154784205,47.385999042961885,-2.967259462300703,7.9999999999999964,3.907985046680551e-15,-0.6108652381980153,-0.33676726103229854,-2.114801120871249,613,0.6235064542773608,0.1057827875541788,-2.6645352591003757e-15,-1.705302565824239e-13,8.0
80.29999999999971,453.5239922937435,47.515375612838575,3.1044457327917585,7.9999999999999964,3.907985046680551e-15,0.6108423293317324,0.3367520546658591,2.114709266600516,614,0.4403576849603737,-0.105697324532942,8.881784197001252e-16,5.6843418860807964e-14,8.0
80.39999999999971,452.7596298092908,47.279261249952086,-2.967268647727776,7.9999999999999964,3.907985046680551e-15,-0.6108652381980153,-0.33676726103229854,-2.114801120871249,615,0.6235611664192326,0.10577360212710385,2.6645352591003757e-15,1.705302565824239e-13,8.0
80.4999999999997,451.9701617436046,47.40864507143558,3.1044365473646853,7.9999999999999964,3.907985046680551e-15,0.6108472537933128,0.3367553233800932,2.1147290113561614,616,0.44040524392933994,-0.10570650996002051,-2.6645352591003757e-15,-1.705302565824239e-13,8.0
80.5999999999997,451.2057978621444,47.17253523106655,-2.967275858679285,7.9999999999999964,3.907985046680551e-15,-0.6108652381980153,-0.33676726103229854,-2.114801120871249,616,0.6236041178021449,0.10576639117559505,-2.6645352591003757e-15,-1.705302565824239e-13,8.0
80.69999999999969,450.41633072945916,47.30192474536261,3.1044293364131765,7.9999999999999964,3.907985046680551e-15,0.6108511196877981,0.33675788945885893,2.114744511807661,617,0.4404425797776834,-0.10571372091152398,-8.881784197001252e-16,-5.6843418860807964e-14,8.0
80.79999999999968,449.65196575130705,47.06581845536909,-2.9672815195856437,7.9999999999999964,3.907985046680551e-15,-0.6108652381980153,-0.33676726103229854,-2.114801120871249,618,0.6236378364937961,0.10576073026923805,1.7763568394002505e-15,1.1368683772161593e-13,8.0
80.89999999999968,448.8624993510964,47.195212438762596,3.1044236755068177,7.9999999999999964,3.907985046680551e-15,0.6108541545700366,0.3367599039401229,2.114756680313363,619,0.4404718900403831,-0.10571938181788632,8.881784197001252e-16,5.6843418860807964e-14,8.0
80.99999999999967,448.09813351200546,46.95910893597028,-2.9672859636414324,7.9999999999999964,3.907985046680551e-15,-0.6108652381980153,-0.33676726103229854,-2.114801120871249,620,0.6236643071299858,0.10575628621344757,8.881784197001252e-16,5.6843418860807964e-14,8.0
81.09999999999967,447.3086676868367,47.08850642779523,3.104419231451029,7.9999999999999964,3.907985046680551e-15,0.6108565370768156,0.3367614853943785,2.114766233106609,620,0.4404948998737252,-0.10572382587367724,8.881784197001252e-16,5.6843418860807964e-14,8.0
81.19999999999966,446.54430117187866,46.8524051130787,-2.967289452417896,7.9999999999999964,3.907985046680551e-15,-0.6108652381980153,-0.33676726103229854,-2.114801120871249,621,0.6236850877318845,0.10575279743698385,-8.881784197001252e-16,-5.6843418860807964e-14,8.0
81.29999999999966,445.75483579815364,46.98180535917266,3.1044157426745653,7.9999999999999964,3.907985046680551e-15,0.610858407443821,0.33676272690427517,2.1147737324582043,622,0.44051296359788056,-0.10572731465013874,-8.881784197001252e-16,-5.6843418860807964e-14,8.0
81.39999999999965,444.9904687526149,46.745705762192046,-2.9672921912592005,7.9999999999999964,3.907985046680551e-15,-0.6108652381980153,-0.33676726103229854,-2.114801120871249,623,0.6237014014114662,0.1057500585956812,-8.881784197001252e-16,-5.6843418860807964e-14,8.0
81.49999999999964,444.20100373329956,46.87510817050589,3.104413003833261,7.9999999999999964,3.907985046680551e-15,0.6108598757607739,0.3367637015434077,2.114779619772287,623,0.44052714441179364,-0.1057300534914436,-8.881784197001252e-16,-5.6843418860807964e-14,8.0
81.59999999999964,443.4366362712346,46.63900992202365,-2.9672943413690964,7.9999999999999964,3.907985046680551e-15,-0.6108652381980153,-0.33676726103229854,-2.114801120871249,624,0.6237142083634929,0.10574790848578708,8.881784197001252e-16,5.6843418860807964e-14,8.0
81.69999999999963,442.64717153015044,46.768414027773744,3.104410853723365,7.9999999999999964,3.907985046680551e-15,0.610861028452055,0.33676446667753324,2.1147842415685902,625,0.44053827697219095,-0.10573220360134172,8.881784197001252e-16,5.6843418860807964e-14,8.0
81.79999999999963,441.88280374109587,46.53231683792214,-2.967296029299362,7.9999999999999964,3.907985046680551e-15,-0.6108652381980153,-0.33676726103229854,-2.114801120871249,626,0.6237242623818894,0.10574622055551952,-2.6645352591003757e-15,-1.705302565824239e-13,8.0
81.89999999999962,441.09333921843796,46.661722276233476,3.1044091657930992,7.9999999999999964,3.907985046680551e-15,0.6108619333640932,0.3367650673411791,2.1147878698793163,627,0.4405470165205649,-0.10573389153160129,0.0,0.0,8.0
81.99999999999962,440.3289711726832,46.425625917453594,-2.9672973543985552,7.9999999999999964,3.907985046680551e-15,-0.6108652381980153,-0.33676726103229854,-2.114801120871249,627,0.6237321552273296,0.10574489545633003,0.0,0.0,8.0
82.09999999999961,439.53950682150105,46.55503240188362,3.104407840693906,7.9999999999999964,3.907985046680551e-15,0.610862643759176,0.33676553888847305,2.11479071826176,628,0.44055387744981755,-0.10573521663079788,2.6645352591003757e-15,1.705302565824239e-13,8.0
82.1999999999996,438.7751385742261,46.31893669553162,-2.967298394659504,7.9999999999999964,3.907985046680551e-15,-0.6108652381980153,-0.33676726103229854,-2.114801120871249,629,0.6237383514575525,0.10574385519537577,8.881784197001252e-16,5.6843418860807964e-14,8.0
82.2999999999996,437.9856743576609,46.448344001210515,3.1044068004329572,7.9999999999999964,3.907985046680551e-15,0.6108632014499906,0.33676590907367976,2.114792954365968,630,0.44055926358082664,-0.10573625689174904,-8.881784197001252e-16,-5.6843418860807964e-14,8.0
82.3999999999996,437.22130595218414,46.21224880704319,-2.9672992113100323,7.9999999999999964,3.907985046680551e-15,-0.6108652381980153,-0.33676726103229854,-2.114801120871249,630,0.6237432157705266,0.10574303854484768,-8.881784197001252e-16,-5.6843418860807964e-14,8.0
82.49999999999959,436.43184184129973,46.34165675743841,3.104405983782429,7.9999999999999964,3.907985046680551e-15,0.6108636392616131,0.3367661996853541,2.1147947098059503,631,0.44056349193048167,-0.1057370735422758,0.0,0.0,8.0
82.59999999999958,435.6674733116278,46.105561965358596,-2.967299852416562,7.9999999999999964,3.907985046680551e-15,-0.6108652381980153,-0.33676726103229854,-2.114801120871249,632,0.6237470344700765,0.10574239743831804,8.881784197001252e-16,5.6843418860807964e-14,8.0
82.69999999999958,434.87800928370785,46.234970421884384,3.1044053426758995,7.9999999999999964,3.907985046680551e-15,0.6108639829627864,0.3367664278282467,2.114796087903097,633,0.44056681137098,-0.10573771464880721,-2.6645352591003757e-15,-1.705302565824239e-13,8.0
82.79999999999957,434.1136406565374,45.998875945461,-2.967300355713377,7.9999999999999964,3.907985046680551e-15,-0.6108652381980153,-0.33676726103229854,-2.114801120871249,634,0.6237500323171843,0.10574189414150847,-8.881784197001252e-16,-5.6843418860807964e-14,8.0
82.89999999999957,433.3241766937484,46.128284799321506,3.1044048393790846,7.9999999999999964,3.907985046680551e-15,0.6108642527832456,0.33676660693045085,2.1147971697698864,634,0.4405694172778434,-0.10573821794561589,-8.881784197001252e-16,-5.6843418860807964e-14,8.0
82.99999999999956,432.5598079900375,45.892190570702326,-2.967300750823513,7.9999999999999964,3.907985046680551e-15,-0.6108652381980153,-0.33676726103229854,-2.114801120871249,635,0.6237523857590787,0.10574149903136876,1.7763568394002505e-15,1.1368683772161593e-13,8.0
83.09999999999955,431.7703440783793,46.021599736488035,3.1044044442689485,7.9999999999999964,3.907985046680551e-15,0.6108644646041456,0.33676674753357166,2.1147980190829316,636,0.4405714630294255,-0.10573861305575605,-1.7763568394002505e-15,-1.1368683772161593e-13,8.0
83.19999999999955,431.0059753145808,45.785505702406056,-2.9673010610023445,7.9999999999999964,3.907985046680551e-15,-0.6108652381980153,-0.33676726103229854,-2.114801120871249,637,0.6237542333145589,0.1057411888525408,8.881784197001252e-16,5.6843418860807964e-14,8.0
83.29999999999954,430.2165114430626,45.914915113066755,3.104404134090117,7.9999999999999964,3.907985046680551e-15,0.6108646308927956,0.3367668579131768,2.1147986858308236,637,0.4405730690345081,-0.10573892323458445,8.881784197001252e-16,5.6843418860807964e-14,8.0
83.39999999999954,429.45214263209266,45.67882123170507,-2.9673013045063867,7.9999999999999964,3.907985046680551e-15,-0.6108652381980153,-0.33676726103229854,-2.114801120871249,638,0.623755683726945,0.10574094534849321,2.6645352591003757e-15,1.705302565824239e-13,8.0
83.49999999999953,428.66267879208624,45.80823083460341,3.1044038905860747,7.9999999999999964,3.907985046680551e-15,0.6108647614367213,0.3367669445660479,2.114799209257385,639,0.4405743298192025,-0.1057391667386316,-8.881784197001252e-16,-5.6843418860807964e-14,8.0
83.59999999999953,427.8983099440847,45.57213707313387,-2.967301495667773,7.9999999999999964,3.907985046680551e-15,-0.6108652381980153,-0.33676726103229854,-2.114801120871249,640,0.6237568223645408,0.10574075418710871,0.0,0.0,8.0
83.69999999999952,427.1088461288164,45.7015468269472,3.1044036994246884,7.9999999999999964,3.907985046680551e-15,0.6108648639194028,0.3367670125923426,2.1147996201701234,641,0.4405753195907325,-0.10573935790001787,-8.881784197001252e-16,-5.6843418860807964e-14,8.0
83.79999999999951,426.3444772517435,45.46545315959829,-2.9673016457378854,7.9999999999999964,3.907985046680551e-15,-0.6108652381980153,-0.33676726103229854,-2.114801120871249,641,0.6237577162452,0.1057406041169946,-8.881784197001252e-16,-5.6843418860807964e-14,8.0
83.89999999999951,425.5550134558958,45.59486303188655,3.104403549354576,7.9999999999999964,3.907985046680551e-15,0.6108649443728235,0.33676706599598594,2.1147999427547504,642,0.4405760966049745,-0.10573950797012621,-8.881784197001252e-16,-5.6843418860807964e-14,8.0
83.9999999999995,424.79064455600053,45.35876943842648,-2.967301763549535,7.9999999999999964,3.907985046680551e-15,-0.6108652381980153,-0.33676726103229854,-2.114801120871249,643,0.6237584179808882,0.1057404863053466,8.881784197001252e-16,5.6843418860807964e-14,8.0
84.0999999999995,424.0011807753988,45.48817940372277,3.1044034315429263,7.9999999999999964,3.907985046680551e-15,0.6108650075323313,0.3367671079202203,2.11480019599802,644,0.4405767065953685,-0.1057396257817782,0.0,0.0,8.0
84.19999999999949,423.236811857587,45.25208586826868,-2.967301856036858,7.9999999999999964,3.907985046680551e-15,-0.6108652381980153,-0.33676726103229854,-2.114801120871249,644,0.623758968874311,0.10574039381802391,0.0,0.0,8.0
84.29999999999949,422.447348088954,45.38149590658036,3.1044033390556036,7.9999999999999964,3.907985046680551e-15,0.6108650571152776,0.3367671408325598,2.1148003948049507,645,0.44057718546471625,-0.10573971826910089,8.881784197001252e-16,5.6843418860807964e-14,8.0
84.39999999999948,421.68297915707694,45.14540241666354,-2.9673019286434874,7.9999999999999964,3.907985046680551e-15,-0.6108652381980153,-0.33676726103229854,-2.114801120871249,646,0.6237594013499107,0.10574032121139254,-8.881784197001252e-16,-5.6843418860807964e-14,8.0
84.49999999999947,420.89351539784,45.274812512295526,3.104403266448974,7.9999999999999964,3.907985046680551e-15,0.6108650960400872,0.3367671666702056,2.1148005508772045,647,0.4405775613982365,-0.10573979087572916,-8.881784197001252e-16,-5.6843418860807964e-14,8.0
84.59999999999947,420.1291464549211,45.03871905812746,-2.9673019856428917,7.9999999999999964,3.907985046680551e-15,-0.6108652381980153,-0.33676726103229854,-2.114801120871249,648,0.6237597408623156,0.10574026421199001,8.881784197001252e-16,5.6843418860807964e-14,8.0
84.69999999999946,419.3396827030605,45.16812919875841,3.1044032094495697,7.9999999999999964,3.907985046680551e-15,0.6108651265978005,0.3367671869539116,2.114800673400894,648,0.4405778565226182,-0.10573984787513524,8.881784197001252e-16,5.6843418860807964e-14,8.0
84.79999999999946,418.57531375147323,44.932035772654686,-2.967302030389927,7.9999999999999964,3.907985046680551e-15,-0.6108652381980153,-0.33676726103229854,-2.114801120871249,649,0.6237600073945088,0.1057402194649546,8.881784197001252e-16,5.6843418860807964e-14,8.0
84.89999999999945,417.7858500054033,45.0614459486118,3.1044031647025343,7.9999999999999964,3.907985046680551e-15,0.6108651505869191,0.33676720287749334,2.1148007695872604,650,0.4405780882082606,-0.10573989262217154,8.881784197001252e-16,5.6843418860807964e-14,8.0
84.99999999999945,417.021481047011,44.825352544539825,-2.967302065518326,7.9999999999999964,3.907985046680551e-15,-0.6108652381980153,-0.33676726103229854,-2.114801120871249,651,0.623760216634019,0.10574018433655397,-2.6645352591003757e-15,-1.705302565824239e-13,8.0
85.09999999999944,416.23201730548703,44.954762748229534,3.1044031295741354,7.9999999999999964,3.907985046680551e-15,0.6108651694194276,0.3367672153782024,2.1148008450977698,652,0.44057827009169204,-0.10573992775056595,-8.881784197001252e-16,-5.6843418860807964e-14,8.0
85.19999999999943,415.4676483417525,44.718669361453465,-2.967302093095674,7.9999999999999964,3.907985046680551e-15,-0.6108652381980153,-0.33676726103229854,-2.114801120871249,652,0.6237603808962562,0.10574015675921133,-8.881784197001252e-16,-5.6843418860807964e-14,8.0
85.29999999999943,414.6781846037974,44.84807958691449,3.1044031019967875,7.9999999999999964,3.907985046680551e-15,0.6108651842038341,0.33676722519184826,2.114800904377079,653,0.44057841287820143,-0.10573995532791702,1.7763568394002505e-15,1.1368683772161593e-13,8.0
85.39999999999942,413.91381563586896,44.61198621371644,-2.967302114745091,7.9999999999999964,3.907985046680551e-15,-0.6108652381980153,-0.33676726103229854,-2.114801120871249,654,0.623760509849356,0.10574013510979086,8.881784197001252e-16,5.6843418860807964e-14,8.0
85.49999999999942,413.12435190071545,44.741396456268895,3.1044030803473706,7.9999999999999964,3.907985046680551e-15,0.610865195810175,0.33676723289594646,2.114800950913669,655,0.44057852497191763,-0.10573997697733617,8.881784197001252e-16,5.6843418860807964e-14,8.0
85.59999999999941,412.3599829294946,44.50530309373022,-2.9673021317408486,7.9999999999999964,3.907985046680551e-15,-0.6108652381980153,-0.33676726103229854,-2.114801120871249,655,0.6237606110832192,0.10574011811403139,8.881784197001252e-16,5.6843418860807964e-14,8.0
85.6999999999994,411.57051919654054,44.634713349700206,3.104403063351613,7.9999999999999964,3.907985046680551e-15,0.6108652049216906,0.3367672389440208,2.11480098744705,656,0.4405786129704036,-0.10573999397309386,-2.6645352591003757e-15,-1.705302565824239e-13,8.0
85.7999999999994,410.806150222735,44.3986199955296,-2.967302145083268,7.9999999999999964,3.907985046680551e-15,-0.6108652381980153,-0.33676726103229854,-2.114801120871249,657,0.6237606905562533,0.1057401047716171,0.0,0.0,8.0
85.8999999999994,410.0166864915076,44.52803026203294,3.1044030500091933,7.9999999999999964,3.907985046680551e-15,0.6108652120746632,0.3367672436920464,2.11480101612749,658,0.4405786820531004,-0.10574000731551259,2.6645352591003757e-15,1.705302565824239e-13,8.0
85.99999999999939,409.252317515673,44.29193691443162,-2.967302155557644,7.9999999999999964,3.907985046680551e-15,-0.6108652381980153,-0.33676726103229854,-2.114801120871249,659,0.6237607529460955,0.10574009429723574,-2.6645352591003757e-15,-1.705302565824239e-13,8.0
86.09999999999938,408.46285378580103,44.421347189204106,3.104403039534817,7.9999999999999964,3.907985046680551e-15,0.61086521768999,0.33676724741940817,2.114801038642611,659,0.4405787362860653,-0.1057400177898895,-2.6645352591003757e-15,-1.705302565824239e-13,8.0
86.19999999999938,407.6984848083735,44.18525384676,-2.967302163780508,7.9999999999999964,3.907985046680551e-15,-0.6108652381980153,-0.33676726103229854,-2.114801120871249,660,0.6237608019248627,0.10574008607437735,-8.881784197001252e-16,-5.6843418860807964e-14,8.0
86.29999999999937,406.9090210795657,44.314664128024134,3.1044030313119535,7.9999999999999964,3.907985046680551e-15,0.6108652220983534,0.3367672503456073,2.1148010563183113,661,0.4405787788613219,-0.10574002601275101,1.7763568394002505e-15,1.1368683772161593e-13,8.0
86.39999999999937,406.1446521008877,44.07857078962863,-2.9673021702358016,7.9999999999999964,3.907985046680551e-15,-0.6108652381980153,-0.33676726103229854,-2.114801120871249,662,0.6237608403753636,0.10574007961908016,0.0,0.0,8.0
86.49999999999936,405.3551883729153,44.20798107598898,3.10440302485666,7.9999999999999964,3.907985046680551e-15,0.6108652255590387,0.3367672526427534,2.114801070194218,662,0.44057881228479084,-0.10574003246804509,0.0,0.0,8.0
86.59999999999935,404.5908193932556,43.97188774077184,-2.9673021753035047,7.9999999999999964,3.907985046680551e-15,-0.6108652381980153,-0.33676726103229854,-2.114801120871249,663,0.6237608705606982,0.10574007455137702,8.881784197001252e-16,5.6843418860807964e-14,8.0
86.69999999999935,403.80135566593896,44.10129803113296,3.1044030197889567,7.9999999999999964,3.907985046680551e-15,0.6108652282758893,0.33676725444615424,2.114801081087657,664,0.4405788385236705,-0.10574003753574956,8.881784197001252e-16,5.6843418860807964e-14,8.0
86.79999999999934,403.03698668550857,43.86520469841095,-2.9673021792818637,7.9999999999999964,3.907985046680551e-15,-0.6108652381980153,-0.33676726103229854,-2.114801120871249,665,0.6237608942575176,0.10574007057301626,-8.881784197001252e-16,-5.6843418860807964e-14,8.0
86.89999999999934,402.2475229587068,43.99461499191284,3.1044030158105977,7.9999999999999964,3.907985046680551e-15,0.6108652304086735,0.33676725586186135,2.114801089639233,666,0.4405788591223608,-0.10574004151410676,-1.7763568394002505e-15,-1.1368683772161593e-13,8.0
86.99999999999933,401.48315397767135,43.758521661149636,-2.9673021824050654,7.9999999999999964,3.907985046680551e-15,-0.6108652381980153,-0.33676726103229854,-2.114801120871249,666,0.6237609128605555,0.10574006744981634,-1.7763568394002505e-15,-1.1368683772161593e-13,8.0
87.09999999999933,400.6936902512737,43.88793195711718,3.104403012687396,7.9999999999999964,3.907985046680551e-15,0.6108652320830714,0.3367672569732992,2.114801096352871,667,0.4405788752932264,-0.10574004463730624,8.881784197001252e-16,5.6843418860807964e-14,8.0
87.19999999999932,399.9293212697633,43.65183862789171,-2.9673021848569032,7.9999999999999964,3.907985046680551e-15,-0.6108652381980153,-0.33676726103229854,-2.114801120871249,668,0.623760927464762,0.10574006499797672,8.881784197001252e-16,5.6843418860807964e-14,8.0
87.29999999999932,399.139857543683,43.7812489257949,3.104403010235558,7.9999999999999964,3.907985046680551e-15,0.6108652333974957,0.3367672578457925,2.114801101623165,669,0.4405788879880664,-0.10574004708914586,-2.6645352591003757e-15,-1.705302565824239e-13,8.0
87.39999999999931,398.3754885617997,43.54515559777663,-2.9673021867817115,7.9999999999999964,3.907985046680551e-15,-0.6108652381980153,-0.33676726103229854,-2.114801120871249,669,0.6237609389297019,0.10574006307317019,-2.6645352591003757e-15,-1.705302565824239e-13,8.0
87.4999999999993,397.5860248359685,43.67456589719938,3.10440300831075,7.9999999999999964,3.907985046680551e-15,0.6108652344294075,0.33676725853075856,2.1148011057607015,670,0.4405788979540784,-0.10574004901395107,0.0,0.0,8.0
87.5999999999993,396.8216558537925,43.43847257012881,-2.9673021882927664,7.9999999999999964,3.907985046680551e-15,-0.6108652381980153,-0.33676726103229854,-2.114801120871249,671,0.6237609479301897,0.10574006156211535,2.6645352591003757e-15,1.705302565824239e-13,8.0
87.69999999999929,396.0321921281568,43.567882870744484,3.104403006799695,7.9999999999999964,3.907985046680551e-15,0.6108652352395099,0.33676725906849125,2.1148011090088743,672,0.4405789057778313,-0.10574005052501079,8.881784197001252e-16,5.6843418860807964e-14,8.0
87.79999999999929,395.26782314575104,43.33178954441789,-2.9673021894790037,7.9999999999999964,3.907985046680551e-15,-0.6108652381980153,-0.33676726103229854,-2.114801120871249,673,0.6237609549959754,0.10574006037587624,-8.881784197001252e-16,-5.6843418860807964e-14,8.0
87.89999999999928,394.4783594202689,43.46119984597005,3.1044030056134577,7.9999999999999964,3.907985046680551e-15,0.6108652358754213,0.3367672594905988,2.1148011115586143,673,0.4405789119198471,-0.10574005171124856,-8.881784197001252e-16,-5.6843418860807964e-14,8.0
87.99999999999928,393.7139904376827,43.225106520227534,-2.967302190410267,7.9999999999999964,3.907985046680551e-15,-0.6108652381980153,-0.33676726103229854,-2.114801120871249,674,0.6237609605429213,0.10574005944461451,-8.881784197001252e-16,-5.6843418860807964e-14,8.0
88.09999999999927,392.92452671232104,43.354516822514896,3.104403004682194,7.9999999999999964,3.907985046680551e-15,0.6108652363747,0.3367672598220118,2.1148011135605143,675,0.4405789167415802,-0.10574005264250985,8.881784197001252e-16,5.6843418860807964e-14,8.0
88.19999999999926,392.1601577295932,43.118423497230886,-2.9673021911413406,7.9999999999999964,3.907985046680551e-15,-0.6108652381980153,-0.33676726103229854,-2.114801120871249,676,0.6237609648975224,0.10574005871353931,-8.881784197001252e-16,-5.6843418860807964e-14,8.0
88.29999999999926,391.3706940043262,43.24783380009541,3.104403003951121,7.9999999999999964,3.907985046680551e-15,0.6108652367666245,0.3367672600821649,2.114801115131968,676,0.4405789205268555,-0.1057400533735855,-8.881784197001252e-16,-5.6843418860807964e-14,8.0
88.39999999999925,390.60632502148724,43.01174047517135,-2.9673021917152687,7.9999999999999964,3.907985046680551e-15,-0.6108652381980153,-0.33676726103229854,-2.114801120871249,677,0.6237609683160811,0.10574005813961485,-8.881784197001252e-16,-5.6843418860807964e-14,8.0
88.49999999999925,389.81686129629446,43.141150778488964,3.1044030033771928,7.9999999999999964,3.907985046680551e-15,0.6108652370743106,0.33676726028640186,2.114801116365661,678,0.4405789234984756,-0.10574005394751218,8.881784197001252e-16,5.6843418860807964e-14,8.0
88.59999999999924,389.0524923133682,42.90505745384749,-2.9673021921658274,7.9999999999999964,3.907985046680551e-15,-0.6108652381980153,-0.33676726103229854,-2.114801120871249,679,0.6237609709997971,0.10574005768905437,-1.7763568394002505e-15,-1.1368683772161593e-13,8.0
88.69999999999924,388.26302858823374,43.03446775752081,3.104403002926634,7.9999999999999964,3.907985046680551e-15,0.6108652373158499,0.3367672604467316,2.1148011173341326,680,0.44057892583131586,-0.10574005439806733,8.881784197001252e-16,5.6843418860807964e-14,8.0
88.79999999999923,387.49865960523897,42.79837443310117,-2.967302192519539,7.9999999999999964,3.907985046680551e-15,-0.6108652381980153,-0.33676726103229854,-2.114801120871249,680,0.6237609731066348,0.1057400573353462,8.881784197001252e-16,5.6843418860807964e-14,8.0
88.89999999999922,386.7091958801503,42.927784737053734,3.1044030025729223,7.9999999999999964,3.907985046680551e-15,0.6108652375055097,0.33676726057262474,2.1148011180945896,681,0.4405789276627008,-0.10574005475178438,2.6645352591003757e-15,1.705302565824239e-13,8.0
88.99999999999922,385.9448268971017,42.69169141280824,-2.967302192797205,7.9999999999999964,3.907985046680551e-15,-0.6108652381980153,-0.33676726103229854,-2.114801120871249,682,0.6237609747605914,0.10574005705767497,-2.6645352591003757e-15,-1.705302565824239e-13,8.0
89.09999999999921,385.1553631720489,42.82110171698,3.1044030022952565,7.9999999999999964,3.907985046680551e-15,0.6108652376543089,0.3367672606713952,2.1148011186912123,683,0.4405789291004304,-0.10574005502944495,0.0,0.0,8.0
89.1999999999992,384.3909941889581,42.58500839287125,-2.9673021930152084,7.9999999999999964,3.907985046680551e-15,-0.6108652381980153,-0.33676726103229854,-2.114801120871249,683,0.6237609760590156,0.10574005683967691,0.0,0.0,8.0
89.2999999999992,383.60153046393356,42.71441869721512,3.104403002077253,7.9999999999999964,3.907985046680551e-15,0.6108652377712624,0.336767260749027,2.1148011191601475,684,0.4405789302290858,-0.10574005524745367,4.440892098500626e-15,2.842170943040398e-13,8.0
89.3999999999992,382.8371614808096,42.478325373213664,-2.9673021931863186,7.9999999999999964,3.907985046680551e-15,-0.6108652381980153,-0.33676726103229854,-2.114801120871249,685,0.6237609770783509,0.10574005666855779,-8.881784197001252e-16,-5.6843418860807964e-14,8.0
89.49999999999919,382.0476977558072,42.607735677692624,3.104403001906143,7.9999999999999964,3.907985046680551e-15,0.6108652378628919,0.3367672608098492,2.114801119527544,686,0.44057893111515933,-0.10574005541856124,-4.440892098500626e-15,-2.842170943040398e-13,8.0
89.59999999999918,381.28332877265717,42.37164235377547,-2.967302193320689,7.9999999999999964,3.907985046680551e-15,-0.6108652381980153,-0.33676726103229854,-2.114801120871249,687,0.6237609778785421,0.10574005653419638,0.0,0.0,8.0
89.69999999999918,380.49386504767216,42.50105265836051,3.1044030017717725,7.9999999999999964,3.907985046680551e-15,0.6108652379350166,0.3367672608577243,2.1148011198167334,687,0.44057893181072105,-0.10574005555292842,0.0,0.0,8.0
89.79999999999917,379.72949606450175,42.26495933450946,-2.9673021934261405,7.9999999999999964,3.907985046680551e-15,-0.6108652381980153,-0.33676726103229854,-2.114801120871249,688,0.6237609785067529,0.10574005642874118,1.7763568394002505e-15,1.1368683772161593e-13,8.0
89.89999999999917,378.9400323395304,42.39436963917775,3.104403001666321,7.9999999999999964,3.907985046680551e-15,0.6108652379915126,0.33676726089522546,2.114801120043259,689,0.4405789323568079,-0.10574005565838362,-8.881784197001252e-16,-5.6843418860807964e-14,8.0
89.99999999999916,378.17566335634393,42.15827631537864,-2.9673021935089396,7.9999999999999964,3.907985046680551e-15,-0.6108652381980153,-0.33676726103229854,-2.114801120871249,690,0.6237609789999237,0.10574005634594386,8.881784197001252e-16,5.6843418860807964e-14,8.0
90.09999999999916,377.3861996313833,42.2876866201123,3.104403001583522,7.9999999999999964,3.907985046680551e-15,0.6108652380359105,0.3367672609246961,2.1148011202212764,690,0.4405789327855034,-0.1057400557411814,8.881784197001252e-16,5.6843418860807964e-14,8.0
90.19999999999915,376.62183064818424,42.05159329635396,-2.967302193573937,7.9999999999999964,3.907985046680551e-15,-0.6108652381980153,-0.33676726103229854,-2.114801120871249,691,0.6237609793870823,0.10574005628094296,1.7763568394002505e-15,1.1368683772161593e-13,8.0
90.29999999999914,375.83236692323203,42.181003601138926,3.1044030015185244,7.9999999999999964,3.907985046680551e-15,0.6108652380707539,0.3367672609478245,2.1148011203609833,692,0.4405789331220385,-0.10574005580618184,-1.7763568394002505e-15,-1.1368683772161593e-13,8.0
90.39999999999914,375.0679979400231,41.94491027741259,-2.9673021936249633,7.9999999999999964,3.907985046680551e-15,-0.6108652381980153,-0.33676726103229854,-2.114801120871249,693,0.623760979691013,0.10574005622992022,-8.881784197001252e-16,-5.6843418860807964e-14,8.0
90.49999999999913,374.27853421507746,42.07432058223784,3.104403001467498,7.9999999999999964,3.907985046680551e-15,0.6108652380981114,0.336767260965984,2.114801120470676,694,0.44057893338624177,-0.10574005585720592,8.881784197001252e-16,5.6843418860807964e-14,8.0
90.59999999999913,373.5141652318608,41.83822725853663,-2.9673021936650206,7.9999999999999964,3.907985046680551e-15,-0.6108652381980153,-0.33676726103229854,-2.114801120871249,694,0.6237609799296221,0.10574005618986115,8.881784197001252e-16,5.6843418860807964e-14,8.0
90.69999999999912,372.7247015069203,41.9676375633935,3.104403001427441,7.9999999999999964,3.907985046680551e-15,0.6108652381195837,0.33676726098023696,2.1148011205567707,695,0.44057893359364586,-0.10574005589726365,0.0,0.0,8.0
90.79999999999912,371.96033252369756,41.731544239712015,-2.9673021936964683,7.9999999999999964,3.907985046680551e-15,-0.6108652381980153,-0.33676726103229854,-2.114801120871249,696,0.6237609801169344,0.10574005615841342,0.0,0.0,8.0
90.89999999999911,371.1708687987612,41.86095454459372,3.104403001395993,7.9999999999999964,3.907985046680551e-15,0.6108652381364438,0.3367672609914284,2.1148011206243726,697,0.44057893375647034,-0.10574005592871139,0.0,0.0,8.0
90.9999999999991,370.40649981553366,41.62486122092771,-2.9673021937211557,7.9999999999999964,3.907985046680551e-15,-0.6108652381980153,-0.33676726103229854,-2.114801120871249,697,0.6237609802639823,0.10574005613372606,0.0,0.0,8.0
91.0999999999991,369.6170360906005,41.754271525828905,3.1044030013713058,7.9999999999999964,3.907985046680551e-15,0.6108652381496813,0.33676726100021526,2.1148011206774497,698,0.44057893388429903,-0.10574005595339919,8.881784197001252e-16,5.6843418860807964e-14,8.0
91.1999999999991,368.8526671073692,41.51817820217505,-2.9673021937405357,7.9999999999999964,3.907985046680551e-15,-0.6108652381980153,-0.33676726103229854,-2.114801120871249,699,0.6237609803794283,0.10574005611434423,-8.881784197001252e-16,-5.6843418860807964e-14,8.0
91.29999999999909,368.06320338243853,41.64758850709154,3.1044030013519257,7.9999999999999964,3.907985046680551e-15,0.6108652381600584,0.33676726100710347,2.114801120719058,700,0.44057893398465,-0.10574005597277747,0.0,0.0,8.0
91.39999999999908,367.2988343992043,41.41149518344724,-2.9673021937557547,7.9999999999999964,3.907985046680551e-15,-0.6108652381980153,-0.33676726103229854,-2.114801120871249,701,0.6237609804700578,0.10574005609912529,1.7763568394002505e-15,1.1368683772161593e-13,8.0
91.49999999999908,366.5093706742756,41.54090548837574,3.1044030013367068,7.9999999999999964,3.907985046680551e-15,0.6108652381682427,0.33676726101253596,2.1148011207518733,701,0.44057893406342846,-0.10574005598799907,1.7763568394002505e-15,1.1368683772161593e-13,8.0
91.59999999999907,365.745001691039,41.30481216473892,-2.967302193767692,7.9999999999999964,3.907985046680551e-15,-0.6108652381980153,-0.33676726103229854,-2.114801120871249,702,0.6237609805412004,0.10574005608718773,-2.6645352591003757e-15,-1.705302565824239e-13,8.0
91.69999999999906,364.9555379661119,41.43422246967685,3.104403001324769,7.9999999999999964,3.907985046680551e-15,0.6108652381980153,0.33676726103229854,2.114801120871249,703,0.44057893412528093,-0.10574005599993175,0.05944062085567614,3.8041997347632694,8.0
91.79999999999906,364.1911689828772,41.19812914603404,-2.967302193767692,7.9999999999999964,3.907985046680551e-15,-0.6108652381980153,-0.33676726103229854,-2.114801120871249,704,0.6570571577178019,-0.013141185624164553,-0.02433092107870305,-1.5571789490369938,8.0
91.89999999999905,363.40170525795,41.32753945097197,3.104403001324769,7.9999999999999964,3.907985046680551e-15,-0.6108652381980153,-0.33676726103229854,-2.114801120871249,705,0.22035139617788302,-0.05707821384252565,-0.8239785488744403,-52.73462712796413,8.0
91.99999999999905,362.6569939222399,41.61978083487372,2.8929228892376444,7.9999999999999964,3.907985046680551e-15,-0.6108652381980153,-0.33676726103229854,-2.114801120871249,706,0.4031938857460622,1.211855687950466,-0.7624080544703288,-48.794115486101,8.0
92.09999999999904,361.99021737733466,42.06183178121842,2.6814427771505196,7.9999999999999964,3.907985046680551e-15,-0.6108652381980153,-0.33676726103229854,-2.114801120871249,706,1.0172740302355534,1.0003755758633412,-0.7624080544703288,-48.794115486101,8.0
92.19999999999904,361.4310854530993,42.633995648743145,2.469962665063395,7.9999999999999964,3.907985046680551e-15,-0.6108652381980153,-0.33676726103229854,-2.114801120871249,707,1.5539819254724179,0.833297558836757,-0.022201047530284512,-1.4208670419382075,8.0
92.29999999999903,361.0045116148739,43.3107783025853,2.25848255297627,7.9999999999999964,3.907985046680551e-15,-0.6108652381980153,-0.33676726103229854,-2.114801120871249,708,1.9350840924427108,0.6218174467496607,-1.432187701766452e-14,-9.166001291305284e-13,8.0
92.39999999999903,360.72950288420907,44.06202406667195,2.047002440889145,7.9999999999999964,3.907985046680551e-15,-0.6108652381980153,-0.33676726103229854,-2.114801120871249,708,2.1600485822424726,0.41033733466253586,-1.432187701766452e-14,-9.166001291305284e-13,8.0
92.49999999999902,360.61831293538586,44.854259382269966,1.8355223288020204,7.9999999999999964,3.907985046680551e-15,-0.6108652381980153,-0.33676726103229854,-2.114801120871249,709,2.2188515618968827,0.19885722257541127,1.4099832412739488e-14,9.023892744153264e-13,8.0
92.59999999999901,360.6758961035371,45.65218430276416,1.6240422167148956,7.9999999999999964,3.907985046680551e-15,-0.4650498910351711,-0.2458039437158607,-1.5573515656020842,710,2.108872923463619,-0.012622889511741953,1.432187701766452e-14,9.166001291305284e-13,8.0
92.69999999999901,360.82899233872604,46.43739863195778,1.4683070601546873,7.9999999999999964,3.907985046680551e-15,-0.04189398653303772,-0.020956188349587776,-0.1341097889510185,711,1.904424970025097,-0.16835804607195048,-1.4210854715202004e-14,-9.094947017729274e-13,8.0
92.799999999999,360.927498072669,47.23131085656473,1.4548960812595855,7.9999999999999964,3.907985046680551e-15,-0.26015222348796785,-0.13231467430655916,-0.8443451912806818,712,1.7538766292897456,-0.18176902496702363,-1.432187701766452e-14,-9.166001291305284e-13,8.0
92.899999999999,361.12403725639416,48.006792867484805,1.3704615621315173,7.9999999999999964,3.907985046680551e-15,0.27205438188603304,0.1385913622524928,0.8841479745930876,712,1.5067205285899072,-0.26620354409509184,-1.432187701766452e-14,-9.166001291305284e-13,8.0
92.99999999999899,361.1734006001517,48.805268452767834,1.458876359590826,7.9999999999999964,3.907985046680551e-15,-0.33614967831258336,-0.17295972730830853,-1.1014314620187358,713,1.4049076439419717,-0.17778874663578303,1.432187701766452e-14,9.166001291305284e-13,8.0
93.09999999999899,361.39823419750996,49.57302482916528,1.3487332133889525,7.9999999999999964,3.907985046680551e-15,0.5765956077766314,0.3143736882269373,1.9790138594261495,714,1.130026998069006,-0.2879318928376853,1.432187701766452e-14,9.166001291305284e-13,8.0
93.19999999999898,361.3244905730792,50.369618751974016,1.5466345993315675,7.9999999999999964,3.907985046680551e-15,-0.6108652381980153,-0.33676726103229854,-2.114801120871249,715,1.151177969497012,-0.0900305068950702,-1.432187701766452e-14,-9.166001291305284e-13,8.0
93.29999999999897,361.60700538789723,51.1180740809071,1.3351544872444427,7.9999999999999964,3.907985046680551e-15,0.6108652381980153,0.33676726103229854,2.114801120871249,715,0.8200116088794234,-0.301510618982195,-1.432187701766452e-14,-9.166001291305284e-13,8.0
93.39999999999897,361.52624286609773,51.91398702531282,1.5466345993315675,7.9999999999999964,3.907985046680551e-15,-0.6108652381980153,-0.33676726103229854,-2.114801120871249,716,0.8482110795370466,-0.09003050689504155,-1.432187701766452e-14,-9.166001291305284e-13,8.0
93.49999999999896,361.8087576809158,52.662442354245904,1.3351544872444427,7.9999999999999964,3.907985046680551e-15,0.6108652381980153,0.33676726103229854,2.114801120871249,717,0.5170447189194791,-0.30151061898216636,1.4210854715202004e-14,9.094947017729274e-13,8.0
93.59999999999896,361.7279951591163,53.458355298651625,1.5466345993315675,7.9999999999999964,3.907985046680551e-15,-0.492347371163282,-0.2620367089183403,-1.6579089434240306,718,0.5452441895770981,-0.09003050689506997,1.4210854715202004e-14,9.094947017729274e-13,8.0
93.69999999999895,361.95384103315826,54.225814510061724,1.3808437049891644,7.9999999999999964,3.907985046680551e-15,0.6108652381980153,0.33676726103229854,2.114801120871249,718,0.26937302195088403,-0.2558214012374731,1.4210854715202004e-14,9.094947017729274e-13,8.0
93.79999999999895,361.83681080351334,55.01720817022666,1.5923238170762892,7.9999999999999964,3.907985046680551e-15,-0.5290052124334172,-0.28436916497103754,-1.7955328461139062,719,0.3340590161413336,-0.044341289150348295,-1.4099832412739488e-14,-9.023892744153264e-13,8.0
93.89999999999894,362.04467134444184,55.78973260060082,1.4127705324648985,7.9999999999999964,3.907985046680551e-15,0.6108652381980153,0.33676726103229854,2.114801120871249,720,0.0758007807031644,-0.22389457376171085,-1.4099832412739488e-14,-9.023892744153264e-13,8.0
93.99999999999893,361.9024383589038,56.57698718320096,1.6242506445520233,7.9999999999999964,3.907985046680551e-15,-0.5448267879913653,-0.2942113178724404,-1.855904940990021,721,0.16590731588467975,-0.012414461674586041,1.4210854715202004e-14,9.094947017729274e-13,8.0
94.09999999999893,362.09318864787036,57.35391338771408,1.4386601504530212,7.9999999999999964,3.907985046680551e-15,0.6108652381980153,0.33676726103229854,2.114801120871249,722,-0.07556750214037657,-0.19800495577361654,1.4099832412739488e-14,9.023892744153264e-13,8.0
94.19999999999892,361.930623883491,58.13722220126228,1.650140262540146,7.9999999999999964,3.907985046680551e-15,-0.5603007914689899,-0.3039634560913702,-1.9155475828280712,722,0.0350864362145384,0.013475156313508263,1.4099832412739488e-14,9.023892744153264e-13,8.0
94.29999999999892,362.10881224882485,58.917125340414614,1.4585855042573388,7.9999999999999964,3.907985046680551e-15,0.6108652381980153,0.33676726103229854,2.114801120871249,723,-0.1940496447991383,-0.17807960196929873,-1.432187701766452e-14,-9.166001291305284e-13,8.0
94.39999999999891,361.93067308157947,59.69703971846718,1.6700656163444636,7.9999999999999964,3.907985046680551e-15,-0.5712373006525925,-0.3109341224126192,-1.9580678358480106,724,-0.06763165198628253,0.0334005101178545,-1.4210854715202004e-14,-9.094947017729274e-13,8.0
94.4999999999989,362.0987433761483,60.47918572535051,1.4742588327596624,7.9999999999999964,3.907985046680551e-15,0.6108652381980153,0.33676726103229854,2.114801120871249,725,-0.28681923207065,-0.1624062734669467,1.4210854715202004e-14,9.094947017729274e-13,8.0
94.5999999999989,361.9084027349001,61.2562123917457,1.6857389448467872,7.9999999999999964,3.907985046680551e-15,-0.5800244341821907,-0.3165832324256178,-1.9924570493389715,726,-0.14803615240189474,0.04907383862014969,1.432187701766452e-14,9.166001291305284e-13,8.0
94.6999999999989,362.0686243141144,62.04000384714316,1.48649323991289,7.9999999999999964,3.907985046680551e-15,0.6108652381980153,0.33676726103229854,2.114801120871249,726,-0.3595003429001465,-0.15017186631374746,1.432187701766452e-14,9.166001291305284e-13,8.0
94.79999999999889,361.86879169439874,62.81464371449932,1.697973352000015,7.9999999999999964,3.907985046680551e-15,-0.5867421656374057,-0.32093173393707397,-2.0188854963162908,727,-0.2110887668460565,0.061308245773377346,-1.4099832412739488e-14,-9.023892744153264e-13,8.0
94.89999999999888,362.02282745035075,63.599674278164386,1.496084802368386,7.9999999999999964,3.907985046680551e-15,0.6108652381980153,0.33676726103229854,2.114801120871249,728,-0.4164621079768168,-0.1405803038582234,-1.4210854715202004e-14,-9.094947017729274e-13,8.0
94.99999999999888,361.8155741299279,64.37236183544333,1.707564914455511,7.9999999999999964,3.907985046680551e-15,-0.5920080076478299,-0.3243587762483347,-2.039686810238867,729,-0.2605174201665517,0.07089980822890163,-3.321187769245171e-11,-2.1255601723169072e-09,8.0
95.09999999999887,361.9647676530356,65.15832703356772,1.5035962334316242,7.9999999999999964,3.907985046680551e-15,0.6108652381980153,0.33676726103229854,2.114801120871249,729,-0.4611205478673343,-0.13306887279498514,-3.321187769245171e-11,-2.1255601723169072e-09,8.0
95.19999999999887,361.7517162446252,65.92943603842652,1.715076345518749,7.9999999999999964,3.907985046680551e-15,-0.5961014941275529,-0.32703415589780177,-2.05590907664419,730,-0.29928644343162064,0.07841123935856342,-7.133693635807958e-11,-4.565563926917089e-09,8.0
95.29999999999886,361.8971070698207,66.71611355046622,1.5094854378543299,7.9999999999999964,3.907985046680551e-15,0.6108652381980153,0.33676726103229854,2.114801120871249,731,-0.4961420048263311,-0.12717966822960558,-4.303846168340897e-11,-2.7544615477381715e-09,8.0
95.39999999999885,361.6795181636902,67.48595448723752,1.7209655499414547,7.9999999999999964,3.907985046680551e-15,-0.599302989140181,-0.3291335295501392,-2.0686284103769643,732,-0.32969677670572844,0.08430044386734603,-4.913403017781093e-12,-3.144577931379897e-10,8.0
95.49999999999885,361.82192657727137,68.27317735513536,1.5141027089037582,7.9999999999999964,3.907985046680551e-15,0.6108652381980153,0.33676726103229854,2.114801120871249,733,-0.5236122899867429,-0.12256239717035045,1.4432899320127035e-14,9.237055564881294e-13,8.0
95.59999999999884,361.6007854389066,69.04200542234072,1.725582820990883,7.9999999999999964,3.907985046680551e-15,-0.6018042966042179,-0.3307780520316562,-2.0785856025975993,733,-0.3535558646251201,0.08891771491677436,1.4432899320127035e-14,9.237055564881294e-13,8.0
95.69999999999884,361.74085301103366,69.82964815558876,1.517724260731123,7.9999999999999964,3.907985046680551e-15,0.6108652381980153,0.33676726103229854,2.114801120871249,734,-0.5451632487400081,-0.11894084534301452,1.4210854715202004e-14,9.094947017729274e-13,8.0
95.79999999999883,361.5169289782655,70.59767030862137,1.729204372818248,7.9999999999999964,3.907985046680551e-15,-0.6037622551984049,-0.3320679882925095,-2.0863919270019053,735,-0.3722769176543826,0.09253926674411095,-1.4432899320127035e-14,-9.237055564881294e-13,8.0
95.89999999999883,361.65515969126517,71.38563748432325,1.5205651801180575,7.9999999999999964,3.907985046680551e-15,0.6108652381980153,0.33676726103229854,2.114801120871249,736,-0.5620727811663668,-0.11609992595605112,-1.4210854715202004e-14,-9.094947017729274e-13,8.0
95.99999999999882,361.4290546760328,72.15302038880236,1.7320452922051826,7.9999999999999964,3.907985046680551e-15,-0.6052952209810406,-0.33307956281594386,-2.0925112579197793,736,-0.38696812113554224,0.09538018613107391,-1.4210854715202004e-14,-9.094947017729274e-13,8.0
96.09999999999881,361.5658436948363,72.94123911754126,1.5227941664132045,7.9999999999999964,3.907985046680551e-15,0.6108652381980153,0.33676726103229854,2.114801120871249,737,-0.5753419743696291,-0.11387093966090411,0.0,0.0,8.0
96.19999999999881,361.3380287567307,73.70811613113337,1.7342742785003296,7.9999999999999964,3.907985046680551e-15,-0.6064963708846407,-0.3338731832760753,-2.0973106178960546,738,-0.3984978012179749,0.09760917242622091,0.0,0.0,8.0
96.2999999999988,361.47368625277744,74.49653039011548,1.524543216710724,7.9999999999999964,-0.059419761268348206,0.6108652381980153,0.33676726103229854,2.114801120871249,739,-0.5857554555018231,-0.11212188936338463,0.0,0.0,7.945982035210589
96.3999999999988,361.24453035734996,75.26300777111953,1.7360233287978488,7.994058023873162,-0.178375729803995,-0.6071030931260074,-0.33427439171244094,-2.0981768202554973,740,-0.4075469286997589,0.09935822272374017,2.220446049250313e-16,1.4189752415083774e-14,7.831898269505894
96.49999999999879,361.37902510293014,76.05101843113742,1.526205646772299,7.976220450892763,-0.1587543995255558,0.6108652381980153,0.33676726103229854,2.108514993733025,740,-0.5936177886640932,-0.11045945930180956,2.220446049250313e-16,1.41264983446998e-14,7.831898269505894
96.59999999999879,361.14928024927883,76.81483662222293,1.7370571461456017,7.960345010940207,-0.2686387696631356,-0.6049053672952274,-0.33282216972978446,-2.0805898126499955,741,-0.4146465498696712,0.1003920400714926,0.0,0.0,7.716127947610084
96.69999999999878,361.2812566200579,77.59985456118228,1.5289981648806021,7.933481133973894,-0.36837586712765186,0.6108652381980153,0.33676726103229854,2.0972168493173635,742,-0.5980075119211701,-0.1076669411935065,-2.220446049250313e-16,-1.3975514723956128e-14,7.598593982039665
96.79999999999878,361.05062216473715,78.35893886285774,1.7387198498123384,7.896643547261129,-0.4591733516285219,-0.6047254339199839,-0.3327034036753514,-2.0632310809425545,743,-0.41783701052850636,0.10205474373822976,0.0,0.0,7.479213227598836
96.89999999999877,361.1801549129288,79.13790680845688,1.5323967417180828,7.850726212098277,-0.40866428294938434,0.6108652381980153,0.33676726103229854,2.075340574124842,743,-0.5983614315701515,-0.10426836435602582,0.0,0.0,7.479213227598836
96.99999999999876,360.9493746551508,79.88829303780359,1.739930799130567,7.809859783803338,-0.4971603896413105,-0.603519927861949,-0.33190821245019414,-2.0358597977830803,744,-0.4174729267017851,0.10326569305645839,0.0,0.0,7.357895793220329
97.09999999999876,361.0759380424464,80.65895561469632,1.536344819352259,7.760143744839207,-0.578159444423378,0.6108652381980153,0.33676726103229854,2.051395086213497,745,-0.5944877571031129,-0.10032028672184956,0.0,0.0,7.234544249908864
97.19999999999875,360.8448939354205,81.39977740839187,1.7414843279736087,7.70232780039687,-0.6526025939953138,-0.6042507897750655,-0.33239020701411465,-2.010636215117699,746,-0.4127064329225339,0.1048192218995001,0.0,0.0,7.109052714946585
97.29999999999875,360.96890021069873,82.15996224061314,1.540420706461839,7.6370675409973385,-0.5808163086558292,0.6108652381980153,0.33676726103229854,2.0188598744838266,746,-0.5864800392707464,-0.09624439961226972,0.0,0.0,7.109052714946585
97.39999999999874,360.7385507532887,82.88810174217066,1.7423066939102216,7.578985910131756,-0.6574481344767253,-0.6034856015930828,-0.3318855826989997,-1.9755463031489877,747,-0.40455709514872007,0.105641587836113,2.220446049250313e-16,1.2754470241288659e-14,6.981305787880188
97.49999999999874,360.85957853221424,83.63627455040957,1.544752063595323,7.513241096684084,-0.728270167694161,0.6108652381980153,0.33676726103229854,1.9861263365804298,748,-0.5745680188650951,-0.09191304247878618,0.0,0.0,6.85117730787121
97.59999999999873,360.6298633707143,84.35161982532658,1.7433646972533658,7.440414079914667,-0.7940737041478566,-0.6045401330017591,-0.33258111542602775,-1.9433396748955547,749,-0.39243586431806876,0.1066995911792572,-2.220446049250313e-16,-1.2292336411111033e-14,6.718528894325707
97.69999999999872,360.7484120751353,85.08615629241724,1.5490307297638104,7.361006709499882,-0.7067255966915923,0.6108652381980153,0.33676726103229854,1.9458831549988929,749,-0.5590755297844079,-0.08763437631029825,-2.220446049250313e-16,-1.2031358082543136e-14,6.718528894325707
97.79999999999872,360.5203547981894,85.78603776538608,1.7436190452636997,7.290334149830723,-0.777838519804986,-0.6038926962596763,-0.3321540079809036,-1.90178606498934,750,-0.37757981919859906,0.10695393918959106,2.220446049250313e-16,1.180144249350602e-14,6.583208222735281
97.89999999999871,360.6360217830587,86.50583695180764,1.5534404387647656,7.212550297850224,-0.844253655653006,0.6108652381980153,0.33676726103229854,1.9066386817792402,751,-0.5403739894141708,-0.08322466730934353,0.0,0.0,6.445046974529309
97.9999999999987,360.40954210636454,87.19061120222503,1.7441043069426896,7.128124932284924,-0.7513857535311758,-0.605013821909736,-0.3328937653812256,-1.86345889726304,751,-0.3594580830581108,0.1074392008685805,0.0,0.0,6.445046974529309
98.0999999999987,360.5228146184833,87.89436612299001,1.5577584172163856,7.052986356931806,-0.8240407721128334,0.6108652381980153,0.33676726103229854,1.864457931641127,752,-0.5188069209317998,-0.078906688857723,-4.440892098500626e-16,-2.209104745845733e-14,6.303858382283775
98.1999999999987,360.2984560209936,88.56302850808665,1.7442042103804982,6.970582279720523,-0.892262812707137,-0.6066601014956069,-0.3339814314631199,-1.8280048271052984,753,-0.33894699243809423,0.10753910430639002,0.0,0.0,6.15943426816858
98.29999999999869,360.4099047592749,89.25111960083458,1.5614037276699684,6.881355998449809,-0.9567960125516977,0.6108652381980153,0.33676726103229854,1.8190874223294695,754,-0.49544500013225784,-0.07526137840414027,4.440892098500626e-16,2.1028983166982394e-14,6.0115414415846296
98.39999999999868,360.1886290913598,89.90270818465319,1.7433124699029152,6.785676397194639,-0.851548451171011,-0.6042003911601058,-0.33235695927865144,-1.771180476502226,754,-0.31753749829768213,0.10664736382880657,4.440892098500626e-16,2.0448267153947175e-14,6.0115414415846296
98.49999999999868,360.2966306320922,90.57262587278649,1.5661944222526927,6.7005215520775385,-0.9246647015898045,0.6108652381980153,0.33676726103229854,1.7712838110944433,755,-0.46939958935896675,-0.07047068382141641,0.0,0.0,5.859917277904989
98.59999999999867,360.0781327981118,91.20605194364592,1.743322803362137,6.608055081918558,-0.994169927638982,-0.606933931353132,-0.3341625070212278,-1.7338379737529452,756,-0.29306841989851296,0.10665769728802843,-2.220446049250313e-16,-9.695886752518686e-15,5.704264238610393
98.69999999999867,360.18447829460587,91.85824405877162,1.5699390059868426,6.50863808915466,-1.650639118320276,0.6108652381980153,0.33676726103229854,1.7205593907861982,756,-0.4421113402025462,-0.0667261000872661,-2.220446049250313e-16,-9.40633566051004e-15,5.704264238610393
98.79999999999866,359.9699351047894,92.47273158302195,1.7419949450654624,6.343574177322632,-1.5527228671462387,-0.6003336902883519,-0.3298107215192121,-1.6435640283513706,757,-0.2684796819231975,0.10532983899135373,2.220446049250313e-16,8.935282146004145e-15,5.544243005486809
98.89999999999866,360.0701305166648,93.09912619735948,1.5776385422303254,6.188301890608009,-1.4029240206774392,0.6108652381980153,0.33676726103229854,1.6358784718184365,757,-0.4096878330624252,-0.05902656384378324,2.220446049250313e-16,8.503215973410561e-15,5.544243005486809
98.99999999999865,359.8616541985049,93.68178255204852,1.7412263894121691,6.048009488540265,-1.32211026537023,-0.596029359825876,-0.32698692473023694,-1.5540532869428336,758,-0.24001472557351908,0.10456128333806003,0.0,0.0,5.379463774753893
99.09999999999864,359.9559536189497,94.27918677620374,1.5858210607178858,5.9157984620032416,-1.1869401720487267,0.6108652381980153,0.33676726103229854,1.5638421522866088,759,-0.3734314900387361,-0.05084404535622289,-4.440892098500626e-16,-1.5541644168521847e-14,5.209475069898061
99.19999999999864,359.75210667636674,94.8345363403793,1.7422052759465467,5.797104444798369,-1.1199139924543728,-0.6036988337348614,-0.33202616859585776,-1.5116956366191139,759,-0.20658035443458217,0.10554016987243808,-4.440892098500626e-16,-1.4924248478776382e-14,5.209475069898061
99.29999999999863,359.84481832549295,95.4067851932006,1.5910357122846353,5.6851130455529315,-0.9959662755459175,0.6108652381980153,0.33676726103229854,1.5028604301268882,760,-0.33675703507231275,-0.04562939378947295,0.00875407665720962,0.2829362251227652,5.033749149877197
99.39999999999863,359.6461400037993,95.9394502172975,1.7413217552973241,5.58551641799834,-0.9398413830381406,-0.574408487414658,-0.31296779233440164,-1.3757511985943298,760,-0.1735701891575007,0.10465664922321594,0.00875407665720962,0.2731096280133911,5.033749149877197
99.49999999999862,359.72543264489923,96.4923449754791,1.603746635437891,5.491532279694526,-0.8278557804045449,0.6108652381980153,0.33676726103229854,1.4516873275498292,761,-0.28569785498209566,-0.050426623950636795,0.4028050035246912,12.147360997479526,4.851662653553873
99.59999999999862,359.52699497273363,97.00439161208047,1.748915368192874,5.408746701654071,-0.7811995419999482,0.6108652381980153,0.33676726103229854,1.4298029483958379,761,-0.13059295452081876,0.09474210880434608,0.4028050035246912,11.783875443350581,4.851662653553873
99.69999999999861,359.2606488700772,97.47514118714803,1.8918956630324577,5.330626747454076,-0.7502812552632964,0.6108652381980153,0.33676726103229854,1.4091519275577682,762,0.15768040655281335,-0.5503794500910328,0.7633287632424174,21.690430698989275,4.662470429277746
99.7999999999986,358.9347183128028,97.89695285962935,2.0328108557882345,5.255598621927747,-0.7328075807366596,0.6108652381980153,0.33676726103229854,1.3893182320627742,762,0.04467572263559372,-0.40946425733525604,0.7633287632424174,21.084145649174737,4.662470429277746
99.8999999999986,358.5581510852494,98.26357295166038,2.171742678994512,5.182317863854081,-0.7887533485076897,0.6108652381980153,0.33676726103229854,1.3699464533987142,763,-0.6673784876242794,-1.0090881068788509,0.3692778363749365,9.917480095049505,4.465269365210727
99.9999999999986,358.1403487285629,98.57017591180171,2.308737324334383,5.103442529003312,-0.7233733027750743,0.6108652381980153,0.33676726103229854,1.3490957475797762,763,-0.9901350280662133,-0.872093461538979,0.3692778363749365,9.617887646978339,4.465269365210727
100.09999999999859,357.6915258005729,98.81309407863746,2.4436468990923608,5.031105198725804,-0.8493738952593956,0.6108652381980153,0.33676726103229854,1.329973364185813,764,-1.2504726714218848,-0.7371838867810023,0.0,0.0,4.258947112126354
100.19999999999858,357.2208754577749,98.99088173296306,2.5766442355109422,4.946167809199864,-0.755942766780862,0.6108652381980153,0.33676726103229854,1.307520153364146,764,-1.4465861815464105,-0.6041865503624209,0.0,0.0,4.258947112126354
100.29999999999858,356.73907942102295,99.10276711600186,2.707396250847357,4.870573532521778,-0.91131298106829,0.6108652381980153,0.33676726103229854,1.2875367957328625,765,-1.57728537046576,-0.47343453502600497,-4.440892098500626e-16,-1.0534900301318505e-14,4.04210718609606
100.39999999999857,356.2543319205054,99.15014565649226,2.836149930420643,4.779442234414949,-0.8110685531507782,0.6108652381980153,0.33676726103229854,1.2634462243100157,765,-1.6436431490443253,-0.34468085545271876,-4.440892098500626e-16,-1.014436005069424e-14,4.04210718609606
100.49999999999856,355.7766221637009,99.13517672283501,2.9624945528516444,4.698335379099872,-0.7999556418526963,0.6108652381980153,0.33676726103229854,1.242005615743682,765,-1.6474253663070537,-0.21833623302171823,-4.440892098500626e-16,-9.8029830184483e-15,4.04210718609606
100.59999999999856,355.3126164661164,99.06140500769845,3.0866951144260124,4.618339814914602,-0.8859226225126603,0.6108652381980153,0.33676726103229854,1.2208587771432151,766,-1.5919124798592634,-0.0941356714473498,0.0010699614723412854,0.022821275272400892,3.8129556126303656
100.69999999999855,354.86900781568846,98.93294492936377,-3.0744043150392524,4.529747552663336,-0.8527803043667381,0.6108652381980153,0.33676726103229854,1.197439400204528,766,-1.4809531880840137,0.027950206266971644,0.0010699614723412854,0.021954125259104892,3.8129556126303656
100.79999999999855,354.4524914541997,98.75489929049347,-2.9546603750187996,4.444469522226662,-0.9628824820205584,0.21680609241814708,0.10969201306071516,0.38923657897204583,767,-1.3190081641108076,0.14555422334274182,0.0040508950824791334,0.08001858364379662,3.5691218112988814
100.89999999999854,354.02745410747434,98.62499029454354,-2.915736717121595,4.348181274024606,-0.8947951853425936,0.23820917599550356,0.12081841263591386,0.4192505748389913,767,-1.2067925643090591,0.18447788123994657,0.0040508950824791334,0.07658897862505915,3.5691218112988814
100.99999999999854,353.6185042347025,98.47725131702676,-2.873811659637696,4.258701755490347,-1.0464758754484653,0.026551841304506107,0.013278260946643899,0.045237193223707256,768,-1.0762373860399987,0.22044107150356984,0.0048918569881646334,0.08872136308175899,3.3073600505371967
101.09999999999853,353.2093442815006,98.35912621758563,-2.869287940315325,4.1540541679455005,-0.9313635291491342,0.040984971096528655,0.02050109481788011,0.06812535434348276,768,-0.9776069915846528,0.22496479082594067,0.0048918569881646334,0.0844146963838872,3.3073600505371967
101.19999999999852,352.8116194424481,98.2392237042554,-2.8624754048809766,4.060917815030587,-0.9525807518875806,-0.057736893778361414,-0.02889252554642776,-0.09385107862858938,768,-0.8766600392772081,0.23177732626028913,0.0048918569881646334,0.08067187530828901,3.3073600505371967
101.29999999999852,352.4181746585774,98.1386665709964,-2.8718605127438357,3.9656597398418287,-1.0369072464147797,-0.03897495388270108,-0.019494880351090833,-0.06184413222526764,769,-0.7981780930047834,0.2185703716413765,0.0019109233780267854,0.0300520546638985,3.0230167885556654
101.39999999999851,352.03396024927076,98.04046341726301,-2.8780449259663623,3.861969015200351,-0.9916532296551359,-0.08221586902991648,-0.041177518797660864,-0.12718509201041542,769,-0.71975195048803,0.21238595841884989,0.0019109233780267854,0.02850104893095216,3.0230167885556654
101.49999999999851,351.65727249687154,97.95529074596473,-2.8907634351674036,3.7628036922348373,-1.1591943135471365,-0.07760125972134874,-0.03885913181599057,-0.11694599051974829,770,-0.6539543311946074,0.19966744921780855,3.1199416348215436e-06,4.417429149948043e-05,2.7089906799192587
101.5999999999985,351.2894139095907,97.8761265114476,-2.9024580342193786,3.6468842608801237,-1.0316829390569517,-0.08454222854019156,-0.04234678142918702,-0.1235101267430592,770,-0.5937057681049593,0.18797285016583354,3.1199416348215436e-06,4.1494489971089424e-05,2.7089906799192587
101.6999999999985,350.93176408730835,97.80482256524564,-2.9148090468936845,3.5437159669744287,-1.0432310993077236,-0.08072479256320755,-0.040428258842583054,-0.11458179422591022,770,-0.5407851376637385,0.1756218374915277,3.1199416348215436e-06,3.917998636091082e-05,2.7089906799192587
101.79999999999849,350.58352806755255,97.73916509734964,-2.9262672263162757,3.4393928570436563,-1.1945596711495263,-0.07846025813511309,-0.039290597377573705,-0.10808082665151296,771,-0.4930204712977534,0.16415741818566687,0.0005834196196883301,0.006901517599110179,2.353429519634996
101.89999999999849,350.2449040748155,97.67893201845077,-2.9370753089814268,3.319936889928704,-1.0771392321554876,-0.07573784914744985,-0.037923308671267024,-0.10069825211547988,771,-0.4501853810979365,0.15334933552051577,0.0005834196196883301,0.006430439935875148,2.353429519634996
101.99999999999848,349.91750674611296,97.62387932832983,-2.947145134192975,3.212222966713155,-1.1030225752456,-0.07295075099685623,-0.03652396890009574,-0.09383763890184357,771,-0.41194970418446136,0.14327951030896768,0.0005834196196883301,0.006019943228017682,2.353429519634996
102.09999999999847,349.6002817489963,97.57336136040632,-2.956528898083159,3.101920709188595,-1.2852035413983405,-0.06418292635096223,-0.03212454701663241,-0.07970452748096338,772,-0.37739951978981046,0.13273514706267653,0.0011574794061182114,0.011137165087132656,1.933553853371922
102.19999999999847,349.2937103709005,97.52610555660016,-2.964499350831255,2.9734003550487613,-1.1438311518445232,-0.06453707307216791,-0.032302171435312756,-0.07682446862233146,772,-0.3462435342525449,0.12476469431458037,0.0011574794061182114,0.010233402371882793,1.933553853371922
102.29999999999846,348.99948168242884,97.4832036266404,-2.972181797693488,2.859017239864309,-1.172981299057231,-0.06072189125697072,-0.030388957768937103,-0.06949534581605496,772,-0.3187898818041824,0.11708224745234741,0.0011574794061182114,0.009461213027382172,1.933553853371922
102.39999999999846,348.71633833544183,97.44358493363566,-2.9791313322750934,2.741719109958586,-1.4843091884341633,-0.05614186443218112,-0.028093068911198445,-0.06161053831653456,773,-0.29473404137902387,0.1089783534146127,0.0005771797280542668,0.004338673682194791,1.3923471204729831
102.49999999999845,348.44463776602856,97.40685568970612,-2.985292386106747,2.5932881911151697,-1.3210351777064053,-0.05389109977619249,-0.02696512825805862,-0.05593589970383159,773,-0.2725817417805762,0.10281729958295927,0.0005771797280542668,0.003881616578517826,1.3923471204729831
102.59999999999845,348.18747489668783,97.37340879068361,-2.99088597607713,2.4611846733445293,-2.7073031406789823,-0.05146836990407992,-0.025751238663431552,-0.050697239588856455,773,-0.25292994502633603,0.09722370961257631,0.0005771797280542668,0.003496225797975665,1.3923471204729831
102.69999999999844,347.943275360431,97.3427349181694,-2.9959557000360153,2.190454359276631,-2.4094997952042942,-0.04553861039779446,-0.02278111586844789,-0.03991734272948388,773,-0.2353542226608614,0.09215398565369082,0.0005771797280542668,0.002769360454576524,1.3923471204729831
102.79999999999843,347.72588093367216,97.31589155372073,-2.9999474343089636,1.9495043797562015,-2.144454817731822,-0.04467277564630026,-0.022347537326585846,-0.03485039656009231,774,-0.22017059777172657,0.08816225138076339,-3.410605131648481e-13,-1.2962234427579728e-12,0.3723311750168228
102.89999999999843,347.53231611236026,97.29268954481238,-3.0034324739649727,1.7350588979830193,-1.9085647877813214,-0.0413812239704996,-0.020699473458886997,-0.02872979275039115,774,-0.20734925122875045,0.08467721172475429,-3.410605131648481e-13,-1.0267385890085901e-12,0.3723311750168228
102.99999999999842,347.36000577891883,97.2723562523094,-3.006305453240012,1.544202419204887,-1.6986226611253759,-0.03973081053061368,-0.01987324793079063,-0.024549038027294374,774,-0.19625630795425317,0.08180423244971502,-3.410605131648481e-13,-8.132796363537043e-13,0.3723311750168228
103.09999999999842,347.2066128640558,97.25457354203813,-3.0087603570427413,1.3743401530923496,-1.5117741684015846,-0.03834157417967166,-0.019177835309926155,-0.021084202812932232,775,-0.18669902248740552,0.07934932864701327,-3.5749964422551343e-13,-6.752492091729676e-13,0.0
103.19999999999841,347.0700655343769,97.23898715946899,-3.0108687773240344,1.223162736252191,-1.3454790098774103,-0.037337960515159065,-0.018675489241019718,-0.018273467755393975,775,-0.17843440181780088,0.07724090836572017,-3.5749964422551343e-13,-5.348648985859076e-13,0.0
103.2999999999984,346.94851628844077,97.22531047836864,-3.0126961240995738,1.08861483526445,-1.1974763187908952,-0.036567072170786634,-0.018289650090123247,-0.015927419517631346,775,-0.1712749923118428,0.07541356159018076,-3.5749964422551343e-13,-4.2366648616989735e-13,0.0
103.3999999999984,346.8403200255728,97.2132941853886,-3.014288866051337,0.9688672033853605,-1.0657539237238967,-0.035971361072746934,-0.017991500511434867,-0.013944347515950875,775,-0.1650597800343333,0.07382081963841758,-3.5749964422551343e-13,-3.3558622369517567e-13,0.0
103.4999999999984,346.74401158729853,97.20272435591384,-3.015683300802932,0.8622918110129708,-0.948520992114268,-0.035502688971774034,-0.01775693987916698,-0.01224868736676647,775,-0.15965346992659726,0.07242638488682251,-3.5749964422551343e-13,-2.658178477889487e-13,0.0
103.59999999999839,346.6582862237853,97.19341663202864,-3.0169081695396085,0.767439711801544,-0.8441836829816985,-0.035128567675488415,-0.017569704162792105,-0.010786395989124457,775,-0.15494171631183243,0.07120151615014603,-3.5749964422551343e-13,-2.1055431723362624e-13,0.0
103.69999999999838,346.5819820957116,97.18521192902256,-3.017986809138521,0.6830213435033742,-0.7513234778537117,-0.03482575780448257,-0.017418160233765263,-0.00951709891058042,775,-0.150827770946065,0.07012287655123339,-3.5749964422551343e-13,-1.6678007468075535e-13,0.0
103.79999999999838,346.5140646810871,97.17797270616805,-3.018938519029579,0.607888995718003,-0.6686778952898034,-0.034577569481356936,-0.017293953939321274,-0.008409824216220512,775,-0.14722959270013203,0.06917116666017531,-3.5749964422551343e-13,-1.321064971546263e-13,0.0
103.89999999999837,346.45361287123785,97.17157981972309,-3.019779501451201,0.5410212061890227,-0.595123326807925,-0.03437166948410953,-0.017190912127958542,-0.007440151937797002,775,-0.14407744833559036,0.0683301842385533,-3.5749964422551343e-13,-1.0464155639617951e-13,0.0
103.99999999999837,346.39980657648374,97.1659298550951,-3.020523516644981,0.48150887350823024,-0.5296597608590533,-0.034548829897298294,-0.017279571266106367,-0.006655882281636584,775,-0.1413119110524926,0.06758616904477366,-3.5749964422551343e-13,-8.28865768214138e-14,0.0
